stationid	new_part	shahrestan	subbasin_i	Longitude	Latitude	new_elevation
1	1	0	512	57.36666667	33.71666667	1131
2	1	280	459	59.23333333	33.33333333	1665
3	1	74	469	57.51	33.28	1366
4	1	431	507	56.93	34.35	774
5	1	270	511	58.38333333	34.11666667	1821
6	1	224	571	58.730556	33.961944	1698
7	1	0	472	59.01666667	32.88333333	1376
8	1	80	460	56.83	32.98	904
17934	1	0	0	57.4046	36.6389	1134
17937	1	0	0	58.0291	36.4027	1215
17938	1	0	0	56.9237	36.3148	895
17944	1	0	0	51.55	30.69	1795
17945	2	0	0	50.41	30.96	713
18011	1	0	0	47.38	39.41	190
18018	2	28	9	44.77	39.21	997
18026	2	351	0	46.782904	39.051847	329
18035	2	350	4	45.688724	38.832269	1054
18036	2	24	5	45.2203972	38.7208139	965
18038	2	346	0	47.37	38.85	1059
18039	2	320	0	47.5333	38.6833	678
18041	2	24	8	44.845437	38.57237	1292
18042	1	0	0	61.0128746	28.57001877	2180
18052	2	0	0	48.62106323	38.40277481	798
18054	2	353	331	45.351183	38.340119	1443
18064	2	353	332	45.487985	38.174489	1298
18066	2	238	36	56.66	38.18	904
18082	2	417	37	55.72	37.9	151
18084	2	315	2	48.5583	38.0	2510
18087	2	21	314	45.22	37.03	1402
18097	2	345	326	46.114839	37.911986	1521
18102	2	238	38	56.92	37.94	986
18105	2	236	38	57.49	37.9	1472
18112	2	1	332	45.37	37.79	1262
18113	2	344	325	45.98	37.75	1403
18116	2	422	35	54.91	37.75	59
18118	1	20	17	46.9333	37.7167	1928
18120	2	239	42	57.95	37.71	1644
18123	2	241	40	56.9925	37.645556	646
18131	2	404	13	48.78944778	37.62443161	1702
18134	2	419	33	55.7	37.37	526
18143	2	408	38	49.19003677	37.57646179	-27
18152	2	361	17	47.045508	37.464135	1662
18153	2	241	40	56.86	37.51	874
18162	1	183	377	51.63492203	31.93537712	2069
18166	2	236	41	57.32	37.47	1071
18168	2	236	38	57.64	37.42	1339
18172	2	20	309	45.075556	37.425	1399
18181	2	416	33	55.4	37.42	78
18193	2	416	33	55.78	37.57	531
18205	1	0	0	49.1258049	37.35578156	69
18209	2	356	322	46.245629	37.390562	1473
18210	1	242	34	56.32	37.35	1282
18213	1	237	536	56.88	37.34	1329
18219	2	403	14	49.32884598	37.29544449	0
18221	2	394	15	49.92888641	37.28608322	-10
18224	1	242	34	56.0013	37.3056	1015
18226	2	356	317	46.45	37.28	1721
18231	2	397	14	49.52125168	37.27051544	6
18235	2	405	14	49.31713104	37.23251724	26
18245	2	407	26	50.15848923	37.18299103	-28
18253	2	401	26	49.91963196	37.13684082	59
18254	2	0	26	57.7687	37.1356	1748
18255	2	410	33	54.6	37.13	7
18260	1	237	535	56.85	37.11	974
18261	2	395	26	50.1692009	37.09685516	-28
18269	2	6	18	48.0365	37.0708	1319
18270	1	359	19	47.77	37.05	1167
18274	1	130	34	55.77	37.03	1449
18275	1	235	535	57.14	37.05	1004
18280	1	0	33	54.4331	37.0167	15
18285	2	8	16	48.7808	36.989	502
18286	2	413	33	55.13	36.99	282
18288	1	0	315	45.15	36.98	1437
18301	2	420	33	54.57	36.9	46
18314	2	9	19	47.4247	36.8737	1752
18317	2	100	27	50.73	36.85	26
18320	2	30	316	45.74	36.86	1292
18323	2	6	18	48.1857	36.8493	1409
18326	2	420	33	54.33	36.84	77
18332	2	98	19	50.9	36.81	-26
18333	2	8	16	49.1016	36.7979	342
18339	2	411	32	54.03	36.77	-8
18363	1	235	537	57.92	36.7	1228
18365	1	363	18	48.4	36.68	1589
18367	1	0	24	49.52593231	36.61977005	363
18378	2	127	542	55.07	36.63	1449
18389	1	0	0	53.816	36.5669	1458
18391	1	0	0	47.12	36.36	1920
18396	1	130	538	55.88	36.6	979
18409	2	9	19	47.6217	36.5513	1581
18410	2	0	0	51.3	36.231	1901
18417	2	7	18	48.7587	36.5313	1757
18420	2	95	29	52.716667	36.35	155
18424	1	130	526	56.68	36.52	1147
18430	2	111	28	52.015	36.48333	215
18435	2	127	542	54.64	36.48	2056
18437	2	127	542	55	36.48	1418
18439	1	268	530	58.7	36.483333	1748
18451	1	0	18	48.79	36.44	1786
18454	1	0	20	48.27	36.42	1716
18464	1	0	538	46.1038475	36.38465881	1526
18480	2	66	320	46.66523743	36.35828018	1637
18481	2	62	19	47.75157928	36.28406143	1670
18486	2	2	339	49.0609	36.319	1731
18488	1	0	0	52.553	36.333	221
18496	2	3	20	48.0707	36.2983	1467
18506	2	101	31	53.783333	36.26667	1438
18514	2	121	338	49.9499	36.2537	1282
18515	2	4	20	48.5551	36.2424	1777
18541	2	2	339	49.2	36.14	1575
18545	2	116	338	50.3	36.13	1237
18546	1	0	338	46.06253052	36.18226242	1630
18554	2	311	24	50.68	36.13	2209
18556	2	116	338	50.17	36.15	1220
18572	2	400	26	50.23836136	36.88938522	757
18577	1	124	539	54.12	36.05	1186
18581	2	116	338	50.38	36.07	1214
18589	2	4	21	48.0836	36.0448	1584
18590	2	313	365	51.19	36.04	1899
18592	2	313	368	51.43	36.03	3280
18593	2	313	365	51.42	36.05	2754
18607	1	260	365	51.35	35.967	2262
18610	1	0	0	51.50195694	35.95699692	2281
18611	2	66	321	46.34280777	35.95693588	1836
18622	2	310	365	50.85578	35.918762	1467
18640	2	64	23	47.07281113	35.87383652	1736
18668	1	121	539	51.62801361	35.73800659	1611
18694	1	127	525	56.6	35.77	968
18698	1	0	0	51.83409119	35.75335312	1919
18699	1	0	21	48.4794	35.7514	1748
18703	2	312	365	50.96	35.76	1269
18712	1	309	336	50.37	35.72	1182
18719	1	129	496	53.35	35.73	1726
18728	2	62	22	47.79846954	35.67378998	1659
18738	2	40	367	52.09083939	35.66130066	1982
18742	1	249	531	59.35	35.65	1737
18744	2	67	52	47.12376022	35.67248154	2091
18753	2	63	22	47.35755539	35.62540054	2008
18758	1	127	525	56.78	35.6	1154
18761	2	42	365	51.66	35.57	1360
18783	2	428	348	48.45	35.49	1800
18788	2	428	22	48.01	35.45	1999
18793	1	50	366	51.68154144	35.48368454	1024
18797	1	125	495	53.18	35.47	1159
18805	2	0	343	51.24482727	35.68830872	1201
18811	2	426	347	49.28	35.35	1967
18822	1	131	497	52.42	35.25	928
18828	2	65	50	46.37398911	35.29410934	1173
18833	2	63	22	47.31554794	35.32175827	1866
18839	2	0	605	59.87	35.48	1792
18840	2	67	50	46.67586517	35.25597382	1687
18847	2	65	50	46.32213211	35.22796249	929
18859	1	124	493	54.57	35.23	896
18867	2	68	22	47.49342346	35.17602539	1853
18883	2	233	49	46.33	35.03	1468
18885	2	69	53	47.14980698	35.05967331	1643
18889	1	267	514	58.7	34.93	870
18890	1	243	606	60.52	35.0	1128
18891	1	257	519	59.62	34.97	1144
18895	2	424	349	48.45	34.9	1722
18908	2	0	359	45.5	34.49	500
18910	2	227	53	47.18	34.81	2144
18916	2	423	349	48.18	34.83	2230
18920	2	431	349	48.48	34.8	1844
18934	1	122	344	50.49914551	34.75532532	1026
18946	1	122	358	50.9021759	34.67963409	921
18948	2	92	350	49.22503281	34.62152863	1663
18952	2	0	0	48.299	34.635	1795
18955	1	122	359	50.75078964	34.57733536	1017
18956	1	122	358	50.91280746	34.58060837	912
18958	1	122	344	50.20859146	34.56614304	1873
18968	2	230	91	46.6	34.33	1578
18969	1	122	358	50.98867416	34.50292206	940
18981	2	228	96	47.7	34.47	1348
18986	2	230	88	47.05	34.4	1304
18993	1	0	0	45.5331	34.3833	280
18994	2	230	88	47.11	34.35	1304
18999	1	0	0	50.51968765	34.33081436	1267
19000	2	224	47	46.42	34.33	1470
19003	1	278	507	56.93427277	34.36235046	770
19010	2	230	91	46.85	34.28	1368
19011	2	230	88	47.02	34.28	1576
19018	2	224	85	46.23	34.28	1534
19026	1	270	517	58.65	34.15	1607
19037	2	90	351	49.37465668	34.15137482	1843
19041	1	276	457	58.3877449	34.11984634	1830
19044	2	230	91	47.08	34.1	1488
19048	1	174	364	51.46553421	34.03980255	912
19053	2	234	81	46.33	34.02	1526
19060	2	0	0	49.92827988	34.00499725	1723
19065	1	278	460	56.84573746	32.99773407	857
19068	2	221	82	46.77	33.92	1285
19097	2	83	352	49.74064255	33.8171196	2218
19100	1	190	364	51.22307968	33.77971649	2090
19118	1	195	545	52.01530457	33.68447876	998
19120	1	271	512	57.36587143	33.71258926	1143
19123	2	173	81	46.80610657	33.66698074	921
19131	1	195	545	51.67984772	33.59477997	1871
19136	1	195	545	51.58716583	33.59105682	2284
19149	1	175	543	52.21859741	33.53159332	999
19156	1	175	543	52.47687149	33.43976593	1002
19163	2	171	63	46.5971756	33.41001129	1429
19173	2	173	547	53.69296265	33.30897522	1478
19176	1	182	505	55.09893036	33.33739471	920
19178	1	280	570	59.23479843	33.33189392	1659
19183	1	176	370	51.68	32.7	1565
19184	2	167	80	47.03250504	33.30578613	1064
19185	1	278	469	57.51823044	33.29837799	1343
19198	1	0	0	49.81866837	33.02104187	2457
19199	2	178	362	51.09595108	33.0602417	1861
19205	1	194	372	50.97	33.08	1961
19208	2	178	380	50.16722488	33.07707596	2412
19211	2	187	381	50.35080719	33.0574913	2387
19222	2	169	64	46.88879776	33.00798416	752
19229	2	0	0	50.83944	32.29222	2040
19243	1	193	548	52.73974609	32.86116791	2206
19245	2	337	378	50.74	32.54	2187
19251	1	273	472	59.01914597	32.87698746	1383
19253	2	286	136	48.50711823	32.78806305	438
19254	2	196	384	51.68730927	32.80556488	1574
19256	2	187	380	50.43589401	32.79026031	2126
19261	1	273	472	58.89677429	32.78532028	1316
19262	1	273	491	58.91952515	32.21130753	1238
19263	1	277	577	60.49433517	32.29317474	1166
19265	2	0	383	52.45166779	32.71728897	1805
19267	1	185	370	51.49472046	32.77770615	1726
19281	2	196	383	50.68466949	32.71089172	2079
19298	2	0	553	50.2526	32.555	2676
19299	1	176	385	52.33	32.33	1518
19300	2	339	129	50.69	32.32	2108
19305	2	295	136	48.83208847	32.49784088	483
19344	1	11	565	55.52	32.31	1403
19350	2	341	128	50.29	32.17	1990
19352	1	11	550	54.03	32.29	1049
19380	1	0	0	50.03306	32.21139	1492
19389	2	301	136	48.65608978	32.09209824	47
19391	2	342	132	50.95	32.083333	2027
19393	2	342	130	50.82	32.04	2024
19402	1	18	550	53.54	32.02	1992
19404	1	0	124	51.16	31.87	2236
19408	1	16	550	54.18631	32.010931	1167
19418	2	336	124	51.15	31.86	2233
19420	1	183	377	51.46556473	31.91013718	2251
19424	2	336	130	50.95	31.9	2389
19426	1	16	550	53.95	31.88	1640
19435	1	14	551	53.85	31.76	2283
19438	1	14	551	54.16	31.74	1649
19439	2	336	124	51.3	31.733056	2213
19449	2	0	551	53.8333	31.65	2369
19478	2	289	147	49.83821106	31.57793617	733
19483	1	12	562	55.909821	31.540781	1876
19504	1	218	562	56.27	31.42	2004
19511	1	14	421	54.09	31.48	2455
19516	1	281	581	60.72721863	31.38699722	723
19518	1	17	556	54.91	31.32	1462
19520	1	205	467	56.48	31.33	2415
19526	2	343	114	51.25	31.28	1730
19543	2	184	115	51.7	31.15	2291
19546	1	149	586	61.78884125	31.14803123	484
19551	2	302	103	48.51059341	31.08016014	9
19554	1	209	564	56.55	31.07	2270
19560	2	302	103	48.46868134	30.98296547	10
19563	2	184	115	51.68964005	30.93441963	2315
19564	1	205	466	56.8961	31.39861	1049
19567	1	10	417	53.43	30.93	1475
19568	2	148	490	58	30.93	247
19574	1	148	586	61.45182419	30.86478996	479
19577	2	367	406	52.52	30.84	2373
19579	1	206	555	55.8	30.82	1351
19581	2	294	103	48.25975037	30.90858841	20
19602	1	216	473	57.816667	30.566667	297
19607	2	0	144	49.09390259	30.52613449	12
19622	2	371	404	53.239167	30.271944	1906
19632	1	216	559	57.12	30.23	1774
19639	2	391	404	53.167985	30.19474	1850
19641	1	136	487	60.29727173	30.03524971	1337
19650	1	216	559	57.23	30.03	2065
19653	2	391	402	53.145	30.021111	1785
19660	2	388	169	50.96	29.99	601
19680	1	216	474	57.73	29.85	1880
19686	2	378	412	52.586389	29.728889	1789
19689	1	390	394	53.7244	29.8036	1591
19710	1	216	477	57.43	29.58	2240
19726	2	383	171	51.33	29.56	491
19739	2	370	400	53.29803	29.502412	1606
19744	1	136	484	60.38303375	28.92190361	1425
19749	2	325	170	51.03	29.22	18
19765	1	204	446	56.92	29.27	2237
19769	1	203	478	57.33	29.22	2703
19780	1	0	179	52.68	29.22	1565
19799	2	325	179	51.09	29.03	13
19805	1	214	476	58.88	28.95	673
19807	1	220	476	58.71	28.93	754
19809	1	145	591	60.97665405	28.95000076	1742
19816	2	0	438	57.88	28.9	1894
19830	2	0	242	56.33	28.82	2055
19854	1	208	479	59	28.65	638
19858	1	373	245	55.335833	28.5625	1547
19859	1	203	437	57.7	28.333333	577
19863	1	212	438	57.85	28.48	607
19865	1	0	179	51.27	28.88	48
19880	1	0	179	51.48	28.83	793
19888	2	203	284	57.22	28.08	646
19891	1	207	436	58	28.02	481
19893	2	0	241	56.26	28.01	1169
19894	2	379	191	52.309506	28.489478	402
19899	2	0	239	55.93	27.97	784
19905	1	385	234	55.421111	27.864722	705
19908	1	133	454	60.76774216	27.83396912	1204
19912	2	213	283	57.23	27.74	467
19915	2	0	237	54.13	27.7	992
19921	1	133	454	61.02931595	27.65956879	1279
19922	1	215	448	57.87	27.52	406
19923	2	0	279	57.5	27.43	346
19924	1	389	256	52.847222	27.5625	446
19926	1	155	272	56.17222222	27.39972222	1615
19942	1	140	595	62.00501251	27.28708649	1150
19947	1	132	452	60.49876022	27.19998741	524
19974	2	0	0	61.25666046	26.63982391	892
19975	1	139	306	61.266667	26.633333	890
19980	1	141	296	59.65509033	26.58208275	739
19992	1	142	304	60.73606491	26.22292137	486
19996	1	150	302	61.41649628	25.69983673	33
19998	1	143	294	59.40163422	25.59650612	26
21002	2	0	368	51.47	35.95	2497
21006	2	0	368	51.62	35.82	1712
21007	2	121	498	52.52	35.8	2175
21009	2	0	367	52.07	35.77	2796
21013	2	0	367	52.07	35.72	1981
21016	2	0	365	51.38	35.72	1278
21017	2	64	365	50.85	35.7	1176
21021	2	67	497	52.72	35.65	2146
21023	2	70	365	51.07	35.63	1126
21024	1	0	497	52.47	35.6	1866
21029	2	0	365	51.37	35.57	1041
21034	2	4	365	51.37	35.5	976
21036	2	0	365	51.1	35.47	1013
21042	1	0	366	51.67	35.25	859
21043	1	67	366	51.63	35.22	834
21584	2	20	309	45.23	37.4	1284
21643	1	248	605	59.84611111	35.695	1415
21756	2	428	53	47.00333333	35.03166667	1535
22178	2	172	63	46.53333333	33.03333333	299
22643	2	0	120	50.79777778	31.5175	1565
40700	2	323	0	47.882232	39.606328	71
40701	2	29	10	44.392309	39.379448	1412
40702	2	350	4	45.607162	38.932012	731
40703	2	24	8	44.996037	38.558066	1104
40704	2	346	3	47.051562	38.489398	1394
40705	2	320	1	47.678609	38.375278	1545
40706	2	349	326	46.233863	38.122457	1345
40707	2	345	326	46.156989	37.923825	1694
40708	2	315	2	48.328915	38.218656	1344
40709	2	393	13	48.854131	38.364774	-26
40710	2	352	329	47.507862	37.935131	1674
40711	2	355	4	47.032649	38.868694	1214
40712	2	20	309	45.055995	37.658142	1326
40713	2	348	322	46.146128	37.347714	1343
40714	2	324	0	48.0574	39.050881	750
40715	2	9	19	47.683211	36.740181	1279
40716	2	359	17	47.732029	37.421049	1108
40717	2	317	16	48.538371	37.608734	1800
40718	2	396	39	49.45788	37.479641	-21
40719	2	397	14	49.623682	37.322696	-9
40720	2	399	25	49.409994	36.728364	340
40721	2	417	37	55.943371	37.800884	461
40722	2	26	308	44.848903	38.215666	1342
40723	2	236	41	57.297865	37.487024	1068
40724	2	34	46	45.146096	36.697504	1432
40725	2	25	45	45.486103	36.149093	1552
40726	2	30	316	45.715296	36.752925	1351
40727	2	66	321	46.311024	36.220988	1527
40728	2	23	320	47.098605	36.395027	1813
40729	2	6	18	48.521816	36.659805	1669
40730	2	5	339	49.211048	36.1953	1585
40731	2	121	338	50.044794	36.244955	1285
40732	2	0	27	50.684051	36.904539	-20
40733	2	4	20	48.589254	36.143882	1898
40734	2	112	28	51.46634	36.661393	-18
40735	2	114	27	51.303208	36.231132	1852
40736	2	96	29	52.642456	36.698542	-18
40737	2	111	28	52.771839	36.487085	18
40738	2	420	33	54.413112	36.904918	-11
40739	1	127	541	54.929238	36.380083	1323
40740	2	263	42	58.45182	37.117594	1299
40741	1	260	599	61.148936	36.536811	269
40742	1	127	524	55.805409	36.085706	1100
40743	1	259	527	57.649462	36.207351	965
40744	2	266	602	59.247458	36.55865	1160
40745	2	266	602	59.631722	36.236659	986
40746	1	268	530	58.819766	36.207072	1210
40747	2	67	52	47.014521	35.254937	1367
40748	2	62	23	47.620666	35.886582	1885
40749	2	64	23	46.913643	36.059916	2128
40750	2	70	51	46.151774	35.496697	1291
40751	2	39	365	51.484809	35.798948	1552
40752	2	313	365	50.95374	35.806487	1297
40753	2	39	365	51.47583333	35.70222222	1212
40754	2	39	365	51.309061	35.693417	1191
40755	2	51	367	51.986999	35.770995	2464
40756	2	45	498	52.736007	35.751435	1977
40757	1	126	496	53.421577	35.587859	1127
40758	1	131	497	52.359515	35.242892	885
40759	2	101	30	52.998259	36.53562	13
40760	2	101	31	53.546048	36.247746	1277
40761	1	124	539	54.322498	36.149725	1156
40762	1	249	520	59.205875	35.331513	1450
40763	1	264	521	58.47325	35.270544	1103
40764	2	225	90	46.649779	34.721455	1371
40765	2	226	59	45.826474	34.473433	519
40766	2	230	88	47.153403	34.351533	1313
40767	2	428	348	48.69027778	35.19527778	1678
40768	2	431	349	48.534407	34.868805	1738
40769	2	83	356	49.783673	34.071626	1699
40770	1	122	344	50.85464	34.774548	877
40771	2	231	97	47.987339	34.501902	1464
40772	2	68	22	47.785911	35.179908	1901
40773	2	75	87	48.004113	34.042341	1858
40774	2	73	140	48.757704	33.914756	1636
40775	2	429	101	48.856602	34.248565	1777
40776	2	79	76	48.244984	33.824143	1562
40777	2	42	365	51.165591	35.409564	992
40778	1	270	517	58.683715	34.373253	1077
40779	2	221	84	46.467843	34.123883	1339
40780	2	165	61	46.397227	33.588413	1314
40781	2	172	63	46.176145	33.114537	147
40782	2	74	74	48.29542	33.433064	1153
40783	2	72	143	49.703207	33.407945	2026
40785	1	174	364	51.480146	33.96669	953
40786	2	81	72	47.718598	33.154693	702
40787	2	187	380	50.406502	32.987672	2330
40788	1	0	380	53.195381	36.639579	2
40789	1	182	504	55.081245	33.76959	848
40790	1	11	461	55.558343	33.01137	1243
40791	1	278	460	56.95085	33.603346	706
40792	1	279	511	58.183453	34.030579	1293
40793	1	280	570	59.176057	33.740165	1445
40794	2	295	136	48.433012	32.253213	76
40795	2	295	136	48.38333333	32.4	153
40796	2	169	64	47.281052	32.680519	201
40797	2	341	384	50.125213	32.456887	2333
40798	2	339	131	50.839605	32.292711	2027
40799	1	175	543	52.375632	33.354903	1258
40800	1	176	369	51.706614	32.517936	1550
40801	1	193	548	53.078859	32.851098	1582
40802	1	176	369	51.862932	32.744757	1536
40803	1	176	369	51.833731	32.514617	1544
40804	1	11	549	53.641829	32.444791	1145
40805	2	399	24	49.802297	36.707588	1573
40806	1	248	605	60.564692	35.294184	938
40807	2	256	596	59.068511	37.46623	511
40809	1	272	472	59.283897	32.890678	1512
40810	2	296	67	48.010051	31.707447	9
40811	2	287	104	48.744082	31.344305	14
40812	2	304	106	49.240978	31.999913	327
40813	2	298	145	49.596193	31.272999	149
40814	2	343	120	50.833454	31.503569	1602
40815	1	186	386	51.809885	31.981593	1857
40816	1	14	421	54.098821	31.310262	2017
40818	1	364	418	52.616067	31.198096	2040
40820	1	12	561	55.421255	31.628508	991
40821	1	19	550	54.289014	31.903664	1226
40825	1	261	605	59.839888	35.656164	1467
40827	1	281	583	60.03772	31.541597	1189
40828	1	367	418	52.675669	30.869393	2303
40829	1	135	586	61.544788	31.084347	480
40830	2	297	144	49.54722222	30.83472222	17
40831	2	282	167	48.214266	30.377183	6
40832	2	291	144	49.158985	30.545077	8
40833	2	284	144	49.687322	30.742842	14
40834	2	292	150	50.217244	30.605397	308
40835	2	60	154	50.819857	30.346535	727
40836	2	55	118	51.554581	30.697936	1813
40837	1	253	566	60.158209	34.584624	995
40838	2	57	158	50.586882	30.788952	791
40839	1	199	555	55.257208	30.877869	1411
40840	1	15	423	54.211358	30.463381	1547
40841	1	216	559	56.964691	30.251768	1747
40842	2	168	78	47.407456	33.137192	619
40843	1	216	473	57.681103	30.412072	497
40844	2	387	407	52.465491	30.183571	1644
40845	2	325	262	50.315532	29.265097	6
40846	2	331	168	50.167219	30.049774	7
40847	2	378	407	52.704151	29.777698	1600
40848	2	378	412	52.602861	29.544229	1485
40849	1	211	427	55.107422	30.145812	1866
40851	1	210	435	55.661154	29.470687	1734
40852	1	201	558	56.823556	29.510442	2891
40853	1	200	443	56.579954	29.238785	2287
40854	1	202	476	58.352304	29.080211	1082
40855	1	371	405	53.156488	30.591031	2252
40856	1	136	585	60.900559	29.472012	1371
40857	2	202	180	50.820819	28.90363	8
40858	2	325	180	50.819422	28.962481	6
40859	2	380	209	53.71948	28.898916	1309
40861	2	383	172	51.665062	29.607241	837
40862	2	373	250	54.296186	28.790229	1094
40863	1	157	240	55.910617	28.311344	921
40864	2	379	175	52.116489	28.813274	788
40866	1	203	438	57.811804	28.591291	627
40869	1	390	398	54.351903	29.186789	1628
40870	1	133	589	61.184792	28.226341	1428
40872	2	0	186	51.949601	27.838109	6
40873	1	385	236	54.37478	27.669942	800
40874	1	144	593	61.67293	27.142782	1269
40875	1	155	271	56.373263	27.21547	8
40876	1	162	277	57.088485	27.107857	23
40877	1	217	436	57.712852	27.993926	498
40878	1	138	594	62.318331	27.389768	1184
40879	1	132	452	60.718089	27.229797	597
40880	1	161	267	55.891128	26.751438	7
40881	1	154	261	53.348687	26.809269	24
40882	1	154	264	53.960322	26.531653	26
40883	1	154	261	54.823375	26.529374	15
40884	1	0	266	55.28333333	26.23333333	0
40885	1	134	455	59.449683	27.483431	385
40886	2	425	100	48.428458	34.55081	1776
40887	1	122	359	50.46879	34.484375	1396
40889	1	151	302	54.551173	25.8982	5
40890	1	151	295	55.013547	25.874163	1
40891	1	93	360	50.481037	33.90179	1653
40893	1	150	302	57.769624	25.637468	0
40895	1	146	299	60.253641	26.253165	505
40897	1	143	300	60.37472222	25.43638889	15
40898	1	150	302	60.650884	25.280683	15
51041	2	265	597	59.7	36.92	2000
51046	1	237	535	56.88	36.86	1119
51057	2	254	533	58.12	36.72	1650
51065	1	251	532	57.62	36.63	1086
51075	1	268	530	58.53	36.55	1511
51080	2	266	602	59.5	36.5	1008
51116	2	266	602	59.62	36.27	976
51120	1	259	527	57.67	36.22	990
51126	2	266	602	59.63	36.2	1033
51165	1	259	527	57.75	35.92	1687
51171	1	261	605	59.85	35.72	1384
51174	1	248	604	61.08	35.68	667
51175	1	259	529	58.1	35.67	1465
51179	1	261	605	59.95	35.6	1425
51182	1	249	531	59.18	35.55	1687
51191	1	248	605	60.32	35.42	1089
51196	1	249	520	59.22	35.27	1346
51199	1	248	605	60.58	35.25	953
51200	1	245	509	57.93	35.18	882
51202	1	248	605	60.9	35.13	780
51212	1	247	606	60.5	34.78	1133
51219	1	253	566	60.15	34.57	970
51221	1	270	517	58.4	34.35	1506
54001	1	149	580	61.5	31.37	473
54011	1	147	580	60.53	30.97	853
54016	1	137	586	61.7	30.92	492
54017	1	148	586	61.38	30.88	481
54019	1	137	586	61.8	30.85	500
54021	1	137	586	61.75	30.85	491
54026	1	148	586	61.4	30.75	478
54032	1	148	580	61.13	30.4	474
54038	1	136	487	60.1	30.1	1847
54044	1	136	585	60.8	29.7	1564
54053	1	136	480	59.7	29.43	510
54061	1	136	482	60.2	29.23	1408
54063	1	136	483	60.6	29.17	1709
54066	1	136	484	60.3	29.08	1397
54097	1	133	589	61.47	28.23	1321
54099	1	133	485	61.1	28.17	1459
54101	1	133	589	61.3	28.13	1370
54124	1	138	587	62.7	27.58	892
54132	1	132	452	60.8	27.38	746
54156	1	144	593	61.8	27.1	1254
54158	1	144	452	61.38	27.08	1516
54187	1	141	296	59.7	26.57	811
54197	1	146	295	59.58	26.35	482
54204	1	146	295	59.7	26.13	228
54216	1	143	300	60.5	25.57	26
54225	1	150	302	61.2	25.18	6
66075	2	230	91	46.78	34.22	1506
66137	2	286	136	48.75	32.82	1129
75201	1	0	365	51.32	36.13	2547
77446	1	277	577	60.49	32.29	1154
83091	2	230	91	46.67	34.38	1344
83112	2	230	91	46.82	34.27	1363
83121	2	234	58	46.12	34.18	1070
83129	2	232	87	47.45	34.12	1549
83152	2	172	61	46.21	33.59	780
86002	1	88	335	50.55	35.53	1443
86006	1	88	334	50.55	35.43	1380
86007	1	88	334	50.33	35.38	1367
86011	1	88	334	50.68	35.35	1190
86012	1	88	334	49.95	35.33	1895
86028	2	84	346	49.58	34.9	1650
86033	2	84	346	49.67	34.87	1437
86048	2	92	350	49.22	34.63	1666
86052	2	84	356	49.88	34.58	2074
86061	2	82	356	49.82	34.45	1810
86078	2	83	356	50.07	34.17	1699
86084	2	83	356	49.63	34.1	2196
86099	1	87	361	50.92	33.95	2057
86102	1	93	360	50.23	33.93	2202
86104	2	90	101	49.03	33.92	2186
88101	2	323	0	47.87722222	39.6075	71
88104	2	24	8	44.971667	38.423555	1191
88107	2	315	2	48.417193	38.329545	1322
88113	2	416	33	55.459931	37.384649	127
88116	2	110	31	53.19536	36.639605	4
88118	2	6	18	48.371343	36.771532	1631
88119	2	236	41	57.30333333	37.48722222	1069
88120	1	127	541	55.108003	36.428162	1288
88122	1	259	527	57.599821	36.171258	921
88125	2	313	365	50.839754	35.76476	1280
88132	2	83	356	49.839549	34.133477	1659
88150	1	278	460	56.897395	33.667927	693
88170	1	206	555	56.045683	30.3042	1595
88172	2	331	168	50.271893	29.838403	6
88175	1	210	435	55.663015	29.551103	1759
88179	1	202	476	58.451313	29.078673	965
88180	1	203	438	57.671767	28.729199	788
88184	2	369	207	53.592065	28.586278	1029
88187	2	327	186	52.356366	27.815565	659
88188	1	332	258	52.7427	27.38314	11
88190	1	386	255	53.203339	27.364309	407
90220	2	314	338	50.55	35.933	1179
90700	1	0	0	52.45	28.79	1280
99202	2	316	0	48.319175	39.364599	97
99203	2	33	9	45.078544	39.330534	770
99209	2	35	11	44.407523	39.059898	1880
99214	2	36	7	45.007544	38.909806	1163
99220	2	357	6	45.77035	38.381688	1540
99226	2	362	3	46.667476	38.504305	1681
99227	2	353	330	45.683523	38.171791	1398
99228	2	360	327	47.103313	38.267421	1969
99231	2	318	2	48.080179	38.146536	1670
99232	2	321	2	48.491377	38.41959	1481
99233	2	322	2	48.024952	38.036567	1592
99234	2	349	326	46.343922	38.053395	1518
99236	2	354	323	45.865073	37.509057	1303
99237	2	419	33	55.383976	37.224401	207
99239	2	348	322	46.052206	37.370008	1285
99240	2	422	33	55.212675	37.26674	39
99241	2	420	33	54.353024	36.876064	15
99242	2	412	33	54.059949	36.905009	-25
99244	2	349	326	46.046589	37.975862	1324
99245	2	238	38	57.101587	37.939831	1281
99246	2	20	309	45.000643	37.888422	1326
99248	2	347	328	46.843903	37.851649	1757
99249	2	404	13	48.897504	37.839411	9
99256	2	20	309	44.977509	37.659451	1375
99262	2	241	40	56.945274	37.565515	765
99263	2	319	16	48.236173	37.589225	1176
99266	2	240	42	58.22672	37.220976	1195
99268	2	397	15	49.893775	37.430856	-22
99270	2	239	42	57.837517	37.434802	1053
99271	2	422	35	54.718505	37.451992	12
99272	2	397	14	49.644329	37.201839	27
99276	2	406	26	50.016241	37.19221	-28
99277	1	130	34	55.797425	37.188015	1355
99278	2	32	314	45.413642	36.945876	1296
99280	2	61	44	45.895088	36.006822	1592
99281	2	405	14	48.986156	37.150622	1055
99282	2	400	26	50.324142	37.124949	-28
99283	2	363	17	46.986924	37.136242	1902
99284	2	358	317	46.09475	37.169192	1302
99287	1	235	535	57.494609	37.048817	1202
99288	2	21	315	45.13635	37.057616	1409
99289	2	265	597	59.772091	36.997231	921
99292	2	31	317	46.085357	37.007761	1295
99295	1	237	534	56.337859	36.961663	951
99298	2	8	16	48.940806	36.934274	621
99299	2	115	32	53.837006	36.737656	2
99300	2	414	33	54.897684	36.901185	172
99301	2	121	24	50.206256	36.538997	966
99302	2	401	26	49.909846	36.885465	1452
99303	2	121	24	50.487316	36.446839	1635
99304	2	411	32	53.957008	36.779229	-16
99306	2	97	31	53.386105	36.855743	-23
99308	2	111	28	52.160003	36.608741	-22
99309	2	94	29	52.467392	36.479873	24
99310	2	117	340	49.217611	35.56348	2035
99312	2	6	18	48.397296	36.688046	1574
99314	2	27	319	46.576112	36.666719	1392
99315	1	264	522	58.478138	35.487515	1719
99317	2	399	15	49.422082	36.81739	183
99319	2	121	25	49.18528	36.651327	1241
99320	2	39	365	51.171052	35.749531	1304
99321	2	311	24	50.769747	36.180282	1882
99324	1	250	532	57.073959	36.645084	1328
99327	2	119	338	50.067115	35.77376	1213
99331	2	39	365	51.386892	35.746014	1415
99332	2	22	318	46.23159	36.52711	1386
99334	2	7	18	48.75944444	36.53083333	1765
99335	2	4	21	48.210953	35.849257	1560
99336	1	130	538	55.633056	36.41387	1083
99340	2	94	29	52.154607	35.879093	2144
99348	2	112	28	51.72823	36.388895	1517
99355	2	121	338	49.8994	36.25	1280
99356	1	245	509	57.961977	35.273159	1006
99357	2	111	29	51.800983	36.197497	2104
99360	2	102	30	53.061783	36.103614	642
99361	2	102	30	52.842695	36.070574	1793
99365	2	121	338	49.647154	36.37864	1529
99366	2	43	368	51.642511	35.831604	1829
99367	2	120	338	49.67741	36.051986	1279
99368	2	116	338	50.538611	36.01951	1221
99369	2	40	367	52.052521	35.715638	2046
99370	2	45	498	52.586861	35.702527	2970
99372	1	89	344	50.374277	35.079667	1110
99373	2	313	365	50.937884	35.779619	1263
99375	2	44	365	51.019656	35.663743	1164
99380	2	428	21	48.198856	35.223433	2094
99382	2	64	23	46.811816	35.765306	1921
99384	2	430	99	48.412539	34.143017	1672
99385	2	426	347	49.024499	35.350833	1804
99386	1	128	496	53.353332	35.775352	1952
99387	2	427	347	48.986051	35.116093	1641
99388	2	431	347	48.988532	34.85439	1650
99396	2	310	337	50.746581	36.00631	1618
99398	1	88	334	50.477674	35.303163	1289
99401	1	276	457	58.47964	33.857737	1409
99402	1	275	573	60.009516	33.603914	1020
99405	1	131	500	52.07914	35.337761	1066
99406	1	49	366	51.63221	35.343752	924
99407	1	271	512	57.417204	33.853576	888
99409	2	84	345	50.037272	34.683978	1975
99410	2	82	356	50.012454	34.51858	2066
99412	2	89	343	49.817937	35.112173	1552
99413	1	122	333	50.8	34.96666667	948
99414	1	122	333	50.89919	35.091421	930
99417	2	197	362	50.261202	33.4769	1867
99421	1	195	545	51.930693	33.489751	1683
99422	2	423	98	48.099323	34.753124	1548
99424	1	0	0	49.692585	34.496736	1786
99425	2	69	89	46.894158	34.787547	1416
99426	1	122	342	51.182472	34.782317	818
99427	2	223	90	46.504016	34.799794	1367
99428	2	222	47	46.144983	34.749682	1231
99429	2	227	95	47.585561	34.760034	1678
99430	2	229	60	45.644855	33.881471	296
99431	2	232	92	47.547484	34.272409	1556
99432	2	92	350	49.314388	34.710261	1743
99433	2	166	60	46.360013	33.763163	1286
99434	1	247	606	60.778801	34.754555	812
99435	2	229	57	45.593207	34.509166	358
99436	1	244	513	58.180083	34.510857	1270
99437	1	273	469	58.45	32.91666667	1115
99438	2	80	73	47.647432	33.524381	1189
99439	2	86	350	49.184272	34.406711	1709
99440	1	122	359	50.86951	34.403832	1407
99441	2	90	352	49.428189	33.953027	1890
99442	1	274	576	60.020903	32.912264	1501
99443	2	85	363	50.069245	33.623429	1841
99444	2	77	140	49.003813	33.523151	1537
99445	2	71	143	49.413269	33.44757	1881
99446	2	301	105	48.875018	32.033598	62
99447	1	185	373	51.174946	33.451822	2006
99448	1	275	569	59.809785	33.423735	1704
99449	1	185	371	51.481164	33.078915	1666
99452	2	196	383	50.649924	32.756749	2151
99454	2	234	56	45.938702	34.136179	820
99455	2	288	111	49.854479	31.849576	827
99456	2	299	144	48.641158	30.657197	7
99459	2	336	134	51.29915	31.978914	2250
99461	1	87	360	50.685531	33.977392	1524
99463	2	170	80	46.828679	33.559967	850
99466	2	173	81	46.578559	33.791734	1013
99468	2	77	140	48.869425	33.734843	1496
99471	2	74	74	48.403342	33.63752	1724
99473	1	193	493	54.378783	33.611027	895
99474	2	78	79	47.505074	33.287225	1075
99475	2	74	74	48.27944444	33.43388889	1152
99482	2	181	362	50.321498	33.209332	2313
99484	2	0	372	50.975144	33.09704	1930
99485	2	74	74	48.36666667	33.4	1214
99488	2	164	65	47.422661	32.996013	925
99489	2	188	380	50.127176	32.939653	2550
99493	2	286	136	48.253274	32.669569	358
99496	1	180	370	51.53444444	32.71416667	1626
99497	1	194	374	51.388649	32.604319	1630
99499	1	277	579	59.790296	32.609124	1845
99501	2	74	139	48.886101	33.214102	995
99502	2	72	139	49.184002	33.185552	1683
99503	2	338	378	50.894591	32.499932	1872
99504	2	338	378	50.874475	32.436626	2056
99505	1	176	369	52.655106	32.433133	1486
99506	1	192	377	51.451156	32.359335	1683
99507	1	191	377	51.377459	32.39914	1717
99508	2	303	108	49.085722	32.334656	369
99509	2	339	131	50.93077	32.297695	2070
99511	1	18	550	53.983191	32.218472	1117
99512	2	340	129	50.550945	32.275101	2056
99513	2	308	107	48.809588	32.223314	62
99514	2	300	68	48.239232	32.194436	70
99515	2	184	116	51.548504	31.417279	2450
99516	1	364	388	52.128673	31.529858	2184
99518	2	335	127	50.662918	32.006892	1866
99522	1	13	463	56.046265	31.841109	1435
99523	2	336	124	51.06084	31.930777	2240
99527	2	288	112	50.280834	31.708349	1458
99528	1	17	550	54.43682	31.592745	1486
99532	1	218	562	56.26666667	31.41666667	2003
99534	1	205	466	56.808761	31.25196	1180
99535	2	287	103	48.544672	31.246305	15
99536	2	288	489	59.325159	31.20049	821
99537	2	306	152	49.705961	30.24929	8
99538	2	283	152	49.827896	30.697528	129
99539	1	10	417	53.2267	31.120091	1543
99547	1	149	586	61.722604	31.129475	486
99549	1	209	564	56.601292	30.780439	1676
99550	1	203	438	57.759517	28.701437	711
99552	2	54	149	50.097018	30.952703	758
99555	2	56	118	51.467427	30.839938	2128
99561	1	368	424	53.609175	30.476068	2244
99562	1	206	555	55.936507	30.386251	1516
99565	2	60	160	50.982645	30.302928	665
99566	2	377	167	52.006759	30.234018	2205
99574	1	15	425	54.384158	30.021775	1632
99575	2	387	400	52.889057	29.91994	1614
99576	1	201	558	56.574862	29.946255	1997
99579	2	365	391	53.279593	29.935669	1677
99580	2	388	163	51.544177	30.080072	954
99583	1	216	474	57.73333333	29.85	1812
99586	1	136	486	59.98747	29.863742	1122
99590	1	375	249	54.428987	28.365345	1019
99594	2	0	171	50.508237	29.559821	7
99597	2	376	415	53.220118	29.28374	1557
99600	2	328	170	51.243319	29.328603	95
99601	1	373	248	55.212603	28.290244	893
99607	2	366	397	54.04869	29.140574	1732
99608	1	145	590	61.444389	29.023824	844
99612	2	369	217	53.07992	29.005529	1370
99621	2	230	88	47.292787	34.331434	1359
99623	1	137	586	61.674449	30.897736	491
99625	1	198	242	56.37564	28.439557	1041
99630	2	381	192	52.55175	28.885807	1366
99634	2	382	203	53.058494	28.47763	759
99638	2	381	192	53.41909	27.872807	683
99646	2	369	207	53.517092	28.482889	1081
99649	1	132	451	60.11	27.85	1058
99650	1	139	306	61.402065	26.245424	407
99656	1	159	280	57.185492	27.45944	215
99660	1	140	595	62.3	27.17	1088
99665	1	163	258	53.043045	27.217228	55
99666	2	0	254	54.36037	27.2086	400
99674	2	0	253	55.571313	26.951536	25
99675	1	0	267	56.280799	26.947774	8
99680	1	153	290	57.897722	26.457126	741
99686	1	160	288	57.08333333	26.5	8
99688	1	154	261	54.89722222	26.56527778	9
100001	2	326	179	51.07	28.9492	22
100023	2	300	135	48.57	31.87	36
100027	2	380	213	54.0497	28.9497	1395
100028	1	268	530	59.0167	36.1333	1331
100032	1	122	359	50.7167	34.2833	1683
100036	1	157	240	55.8333	28.62	1486
100040	2	300	136	48.25	32.2197	87
100043	1	124	539	54.2197	35.8997	1168
100052	2	365	391	53.3167	29.9167	1630
100053	2	282	410	48.25	30.35	6
100056	2	7	18	48.77	36.37	1945
100081	2	352	327	47.28	37.92	1632
100083	2	286	136	48.3697	32.7197	487
100087	2	331	168	50.15	30.05	9
100088	1	163	258	53.0497	27.1997	61
100091	1	158	253	55.6	26.9497	6
100098	2	61	44	45.9	36.0	1530
100104	1	152	254	54.3697	27.1997	402
100109	1	244	511	58.166667	34.3	1633
100120	2	354	332	45.9	37.4167	1278
100125	2	328	189	51.6833	28.82	558
100129	1	271	512	57.4297	33.88	869
100135	1	155	274	56.92	27.4297	55
100146	2	165	61	46.17	33.78	1122
100157	1	193	493	54.32	33.5497	956
100174	1	255	526	56.8997	36.35	933
100177	2	40	367	51.9697	35.77	2192
100178	1	159	280	57.2	27.42	168
100188	2	353	331	45.38	38.3	1357
100195	2	330	257	51.7833	27.95	42
100207	1	235	535	57.5	37.0833	1287
100213	2	366	397	54.03	29.12	1779
100222	2	240	42	58.2667	37.2167	1198
100233	1	131	500	51.9167	35.4167	1145
100235	2	350	4	45.6497	38.8297	974
100248	2	36	7	45.02	38.88	1093
100257	2	27	319	46.75	36.7	2336
100260	2	4	21	48.5497	35.7997	1778
100264	2	68	22	47.7997	35.17	1901
100278	2	336	123	51.2	31.57	2048
100279	2	291	144	48.9697	30.7697	14
100294	2	357	4	45.68	38.65	1469
100303	2	306	152	49.7197	30.23	10
100316	2	286	136	48.2297	32.6797	416
100317	2	329	182	51.4833	28.4667	21
100319	2	30	316	45.75	36.85	1293
100322	2	66	321	46.7297	36.13	1906
100335	1	250	532	57.03	36.6	1699
100338	1	148	580	60.75	30.25	793
100346	1	217	436	57.72	27.92	551
100351	2	400	26	50.38	37.07	-28
100375	2	378	412	52.58	29.53	1496
100404	2	329	182	51.38	28.6497	49
100405	2	287	144	48.8297	31.07	12
100422	2	383	174	51.9797	29.42	959
100429	1	260	599	61.05	36.1667	463
100432	2	43	368	51.78	35.82	2128
100455	2	179	375	50.9797	32.7997	2017
100459	2	289	148	49.8297	31.37	480
100463	1	130	538	55.6497	36.3997	1128
100489	2	287	104	48.7	31.4697	12
100503	2	21	315	45.0797	37.03	1468
100515	2	400	26	50.25	36.87	1543
100522	2	33	9	45.07	39.35	796
100525	2	286	71	48.1	32.78	554
100537	2	387	400	52.6331	30.1831	1624
100541	1	205	466	56.88	31.25	1158
100543	1	369	224	53.9294	28.37	1308
100563	2	321	2	48.67	38.2197	1581
100570	2	116	338	50.6197	36.1197	1923
100575	2	27	319	46.7	36.52	1722
100577	2	361	17	46.7	37.2997	1838
100596	2	35	10	44.27	39.2997	2100
100601	1	216	473	57.7297	30.42	403
100605	2	121	24	50.5333	36.3833	1576
100610	2	41	365	51.0797	35.4797	1033
100625	2	170	80	46.82	33.5497	766
100629	1	138	594	62.3667	27.2333	1137
100638	1	254	532	58.07	36.5	1184
100649	2	263	42	58.7167	37.1833	1495
100664	1	146	295	59.8297	26.28	413
100671	1	179	374	51.13	32.7	1863
100677	2	246	602	59.3667	36.3167	1348
100682	2	362	3	46.6	38.48	1903
100703	2	116	338	50.53	36.1197	1573
100710	1	364	418	52.77	31.07	1938
100714	1	40	497	52.45	35.67	2384
100718	2	334	560	50.52	29.57	11
100736	2	187	380	50.4	32.85	2138
100740	2	9	19	47.87	36.42	1422
100756	1	138	588	62.75	28.0833	496
100790	2	43	368	51.62	35.82	1712
100794	2	291	144	49.03	30.67	12
100804	1	131	497	52.25	35.35	1400
100815	1	130	538	55.85	36.67	999
100826	1	130	34	55.83	37.17	1363
100827	1	125	495	53.22	35.45	1110
100828	1	48	335	50.5	35.5667	1436
100834	1	122	333	51.08	35.15	981
100839	2	39	365	51.45	35.63	1097
100845	2	40	367	52.05	35.6667	1891
100861	2	263	42	58.77	37.2	1620
100897	2	241	40	56.92	37.58	722
100909	2	417	37	56.0497	37.8331	455
100910	2	69	53	47.15	35.05	1615
100912	2	238	36	56.8667	38.2	1046
100927	1	242	34	56.02	37.3297	951
100934	1	132	480	60.3	28.12	1337
101003	1	259	527	57.13	36.02	853
101007	1	268	530	58.6667	36.0667	1112
101011	1	242	534	56.35	37.25	1591
101018	1	133	481	60.43	28.48	1389
101037	2	405	14	49.33	37.23	21
101039	2	66	318	46.2	36.45	1458
101041	1	201	558	56.82	29.53	2839
101056	2	65	50	46.42	35.33	2164
101066	2	431	349	48.83	34.83	2141
101086	2	428	348	48.7297	35.2197	1671
101091	1	148	580	61.2333	30.8333	470
101105	2	431	347	49.02	34.85	1624
101115	2	66	321	46.77	36.15	2051
101139	1	211	555	55.02	30.48	2390
101152	1	191	377	51.38	32.4	1710
101153	2	335	126	50.38	31.98	2197
101154	2	120	338	49.58	35.97	1312
101160	1	268	530	58.7	36.27	1183
101170	2	427	347	48.9667	35.1	1637
101180	2	240	42	58.17	37.1497	1377
101181	2	31	319	46.28	36.95	1348
101184	2	25	45	45.33	36.38	1716
101198	1	216	559	57.27	30.27	2215
101201	1	218	562	56.28	31.42	2012
101208	1	157	240	55.83	28.7	1598
101220	2	188	137	50.23	32.72	2587
101222	2	184	116	51.37	31.28	2299
101234	2	366	396	53.91	29.23	1614
101256	2	368	404	53.72	30.2	2516
101267	1	243	607	60.2167	34.9	1619
101277	2	119	338	50.17	35.78	1174
101282	2	121	24	50.43	36.45	1703
101284	2	116	338	50.1667	36.15	1217
101289	2	300	70	48.15	32.32	92
101303	1	279	511	58.15	34.02	1267
101309	2	7	18	48.8	36.5	1766
101310	2	266	602	59.7997	36.4797	1224
101314	1	280	570	59.17	33.7	1481
101317	2	66	321	46.07	36.15	1616
101335	2	299	144	48.67	30.65	9
101349	1	280	569	59.78	33.65	1198
101351	1	259	527	57.42	36.03	931
101352	1	245	521	58.17	35.42	1460
101356	2	239	38	57.781858	37.633136	1427
101362	1	50	366	51.7	35.53	1121
101370	1	122	333	51.15	35.15	919
101372	1	123	497	52.43	35.22	879
101374	1	129	496	53.33	35.67	1459
101379	2	40	501	52.17	35.63	1981
101381	1	122	358	51.23	34.53	816
101383	1	147	580	61.4	31.1	470
101390	2	240	42	58.22	37.02	1898
101410	2	117	341	49.12	35.77	1692
101422	2	3	20	48.3	36.43	1763
101429	2	324	0	48.0497	39.0167	1080
101441	2	62	19	47.75	36.28	1660
101462	2	65	50	46.37	35.32	1446
101481	2	285	109	49.43	32.2	756
101496	2	426	347	49.3	35.37	2028
101507	2	121	24	50.53	36.37	2074
101511	1	148	580	60.87	30.2	560
101513	1	146	304	60.7	26.58	977
101535	2	358	317	46.2667	37.2	1706
101541	2	2	339	49.2	36.15	1562
101560	2	35	0	48.3667	39.3667	77
101567	2	360	327	46.8333	38.27	1623
101575	2	20	313	45.33	37.23	1292
101587	2	383	174	51.83	29.4	736
101591	2	331	168	50.28	29.83	7
101594	1	332	229	52.6	27.47	0
101595	1	332	258	52.78	27.35	13
101608	1	49	366	51.62	35.38	945
101610	1	281	582	60.08	31.07	1183
101621	1	270	517	58.7	34.35	1088
101622	2	300	135	48.43	31.85	36
101650	1	162	277	56.9167	27.1667	7
101659	1	162	286	56.97	26.92	8
101661	1	155	274	56.87	27.47	34
101723	2	364	419	52.2997	31.2167	2608
101729	1	332	258	52.8	27.33	9
101730	1	389	255	52.94	27.51	434
101748	2	80	79	47.18	33.38	905
101756	2	429	141	48.7	34.1	2093
101812	2	308	107	48.82	32.23	54
101816	2	282	144	48.58	30.2	10
101821	2	303	107	49.08	32.33	359
101823	2	288	112	50.27	31.72	1459
101825	2	285	112	49.78	32.28	1668
101875	1	185	361	51.02	33.63	2141
101879	2	374	161	51.47	30.42	1446
101882	2	55	118	51.3	30.88	1678
101900	2	55	161	51.37	30.5	2034
101917	2	40	501	52.2	35.5667	1880
101943	1	216	474	57.7	29.87	2012
101976	2	401	26	49.93	36.9	1622
101977	2	120	338	49.8	36.2	1259
101978	2	346	3	47.02	38.38	1671
101993	2	20	309	44.7833	37.9833	1866
102003	2	328	169	50.97	29.63	232
102022	2	377	167	51.9697	30.35	2909
102049	1	162	274	56.9833	27.3833	118
102056	1	153	290	57.9	26.48	744
102066	1	45	497	52.47	35.45	2113
102075	1	125	495	53.17	35.38	1014
102120	2	328	170	51.3833	29.3167	990
102205	2	286	136	48.25	32.8	965
102235	2	20	311	44.79	37.58	1628
102260	2	8	16	48.8	36.98	413
102285	1	210	435	56.08	29.83	2663
102344	1	87	360	50.6331	34.0667	1440
102360	2	165	60	45.88	33.58	373
102373	2	184	116	51.57	31.42	2512
102376	2	66	318	46.05	36.43	1423
102387	2	26	308	44.63	38.3	2428
102403	2	56	113	51.03	31.18	2111
102406	2	56	118	51.33	30.98	2146
102409	2	60	160	50.78	30.23	691
102414	2	54	149	50.08	30.9	642
102424	1	148	586	61.3833	30.7667	487
102425	1	136	488	60.1	30.5833	1337
102427	1	149	586	61.75	31.13	484
102467	2	330	257	51.78	27.97	30
102469	2	328	170	51.52	29.27	748
102475	1	42	333	51.1	35.2	1001
102483	2	39	365	51.37	35.6	1058
102518	1	162	286	57.07	27.03	13
102539	1	154	253	55.3	26.9	29
102540	1	160	288	57.2833	25.9	0
102545	2	400	26	50.3	36.98	368
102564	2	383	172	51.5831	29.8667	912
102579	2	121	25	49.18	36.67	980
102584	2	121	338	50	36.47	2041
102585	2	121	338	50.1833	36.3833	1990
102586	2	121	338	49.72	36.38	1530
102588	2	119	338	49.77	35.78	1374
102637	1	257	518	59.23	34.72	905
102669	1	270	568	59.2667	34.2667	919
102684	1	276	457	58.3167	33.7833	1318
102717	2	66	320	46.68	36.37	1632
102724	2	45	498	52.5833	35.7	2961
102751	2	326	179	51.4333	28.7833	360
102778	2	55	151	51.1	30.75	2486
102859	1	210	435	55.98	28.98	1780
102879	2	55	408	51.8667	30.6	2408
102882	2	56	118	51.4	30.88	2346
102888	2	344	324	45.92	37.65	1637
102963	1	213	283	57.05	28.0667	968
102975	2	59	159	51.08	30.68	1945
102977	2	60	168	50.7	30.1	778
102978	2	57	156	50.5667	30.5667	470
102992	2	285	112	49.6	32.47	1321
102996	2	307	67	47.9333	31.5167	10
103061	2	6	19	47.98	36.8	1974
103086	1	140	595	61.4667	27.6667	1357
103126	1	371	405	52.8997	30.7697	2807
103130	1	390	429	54.4297	29.3997	2008
103140	2	368	404	53.4167	30.4667	2509
103164	2	369	207	53.55	28.55	1029
103167	2	370	400	53.27	29.6297	1565
103183	2	333	587	52.23	27.7	29
103187	2	327	185	52.25	28.0	678
103269	1	176	387	52.18	31.77	1867
103311	1	386	255	53.07	27.32	1231
103355	1	195	544	51.8	33.37	2148
103400	2	26	308	44.98	38.22	1283
103463	2	378	220	52.2197	29.73	2488
103483	1	155	229	55.9	27.1	63
103500	2	21	314	45.22	37.03	1402
103501	2	64	23	46.87	36.27	2033
103506	1	145	589	61.08	28.63	2915
103520	2	55	118	51.7	30.68	2902
103521	1	235	537	57.92	36.6797	1208
103570	2	300	68	48.05	32.07	98
103627	2	378	412	52.5497	29.6331	1550
103657	1	267	518	59	34.9	963
103672	2	344	332	45.8667	37.75	1271
103686	2	378	413	52.6667	29.3831	1483
103687	2	297	144	49.4	30.9	22
103688	2	411	32	53.8831	36.7331	15
103690	2	166	60	46.3167	33.8167	1183
103693	1	206	555	55.6167	30.5167	1489
103694	1	216	559	57.1	30.2667	1774
103696	2	184	115	51.6667	30.9333	2254
103712	1	203	478	57.5	29.1167	2742
103721	1	211	557	54.8667	30.6833	2225
103722	2	263	42	58.7	37.2167	1562
103723	2	55	408	51.7833	30.7	2830
103724	2	68	22	47.7833	35.2167	1875
103727	2	336	124	51.1333	31.8167	2219
103739	2	381	192	52.6	28.8667	1839
103740	2	388	169	50.95	29.9831	607
103745	2	184	115	51.6667	30.9333	2254
103749	1	216	559	57.2667	30.3	2232
111020	2	97	31	53.96	36.6	1395
111030	2	97	31	53.88	36.6	1030
111032	2	97	31	53.83	36.55	1687
111033	2	115	32	53.8	36.68	669
111036	2	101	31	53.78	36.27	1428
111038	2	115	32	53.73	36.75	-18
111040	2	113	31	53.717	36.4	1589
111042	2	128	539	53.65	36.01	2360
111045	2	113	31	53.58	36.4	1136
111048	2	101	31	53.55	36.23	1410
111050	2	101	31	53.51	36.1	1344
111051	2	113	31	53.47	36.47	720
111052	2	97	32	53.42	36.85	-19
111053	2	101	31	53.35	36.37	903
111054	2	113	31	53.32	36.62	113
111055	2	97	31	53.3	36.8	-21
111056	2	113	31	53.3	36.65	61
111057	2	101	31	53.27	36.15	862
111059	2	110	31	53.25	36.55	221
111060	2	101	31	53.15	36.28	670
111062	2	101	31	53.13	36.43	217
111063	2	102	31	53.1	36.27	680
111064	2	102	30	53.08	36.13	1084
111065	2	102	30	53.07	35.95	2250
111066	2	101	30	53.05	36.53	117
111067	2	101	31	53.03	36.7	-24
111070	2	102	30	53.01	36.28	760
111073	2	101	31	53.5	36.08	1936
111075	2	97	32	53.48	36.62	696
111080	2	101	31	53	36.58	7
111090	2	107	30	53	36.43	203
111094	2	102	30	53	36.1	969
111096	2	102	30	52.98	36.23	636
111100	2	102	30	52.97	35.85	2314
111110	2	102	30	52.96	36.0	2381
111112	2	103	30	52.95	36.37	246
111114	2	107	30	52.93	36.48	43
111115	2	99	30	52.9	36.68	-24
111116	2	99	30	52.88	36.6	-10
111117	2	107	30	52.88	36.48	36
111118	2	103	30	52.88	36.32	216
111119	2	103	30	52.88	36.32	216
111120	2	103	29	52.86	36.2	412
111122	2	107	30	52.85	36.52	12
111126	2	103	29	52.85	36.2	326
111130	2	103	30	52.8167	36.3667	129
111134	2	104	30	52.8	36.58	-9
111135	2	101	31	53.16	36.35	556
111136	2	102	30	52.77	36.01	2253
111140	2	103	29	52.73	36.21	528
111144	2	95	29	52.73	36.35	65
111145	2	95	29	52.7	36.1	1812
111150	2	95	29	52.65	36.467	10
111152	2	95	29	52.65	36.38	76
111154	2	95	29	52.65	36.2	651
111155	2	107	30	52.91	36.46	55
111156	2	95	29	52.62	36.3	287
111160	2	95	29	52.583	36.117	2006
111161	2	95	29	52.57	36.52	1
111162	2	95	29	52.57	36.01	3157
111164	2	95	29	52.55	36.47	15
111166	2	95	29	52.55	36.37	96
111168	2	94	29	52.47	36.43	53
111169	2	94	29	52.4697	36.03	2835
111170	2	94	29	52.47	36.07	2393
111180	2	94	29	52.46	36.18	1254
111190	2	94	29	52.45	36.0	3430
111192	2	94	29	52.43	36.35	256
111193	2	109	29	52.3833	36.6333	-14
111194	2	109	29	52.38	36.58	4
111196	2	94	29	52.38	36.52	26
111197	2	109	29	52.37	36.58	0
111198	2	94	29	52.37	36.55	10
111200	2	94	29	52.35	36.43	142
111210	2	94	28	52.3	36.4	183
111215	2	94	29	52.27	35.98	1616
111220	2	109	29	52.26	36.56	-7
111230	2	94	29	52.25	35.91	1716
111232	2	109	29	52.23	36.6	-17
111234	2	94	29	52.2	35.81666667	2761
111236	2	94	29	52.18	36.03	2267
111238	2	94	29	52.15	35.87	1858
111240	2	94	29	52.13	36.1	1925
111250	2	111	28	52.11	36.33	1242
111260	2	111	28	52.12	36.43	357
111263	2	94	29	52.46	36.43	56
111270	2	111	28	52.03	36.38	694
111273	2	95	29	52.53	36.37	107
111280	2	111	29	52.008333	36.233333	2604
111284	2	94	29	52	35.93	2678
111286	2	111	28	51.9667	36.5667	-19
111288	2	112	28	51.73	36.43	1471
111290	2	111	29	51.71	36.1	2476
111292	2	111	29	51.6	36.22	2378
111294	2	112	27	51.58	36.38	1457
111296	2	112	28	51.5797	36.4797	1851
111300	2	112	27	51.566667	36.316667	1723
111305	2	112	28	51.55	36.45	1669
111310	2	111	27	51.45	36.2	3289
111312	2	112	27	51.42	36.4	1363
111316	2	112	27	51.37	36.37	1566
111318	2	114	27	51.3297	36.53	753
111320	2	114	27	51.3	36.66	507
111324	2	114	27	51.3	36.27	2990
111330	2	114	27	51.28	36.45	602
111332	2	107	30	52.83	36.44	66
111333	2	114	27	51.28	36.52	1169
111335	2	114	27	51.27	36.38	835
111336	2	105	27	51.25	36.68	11
111339	2	114	27	51.25	36.32	900
111340	2	108	27	51.18	36.51	1135
111350	2	114	27	51.1	36.31	2638
111352	2	105	27	51.1	36.63	336
111354	2	105	27	51.08	36.7	1
111355	2	95	29	52.62	36.3	287
111360	2	98	27	51.03	36.65	842
111362	2	108	27	51	36.48	3138
111364	2	98	27	50.98	36.73	26
111366	2	98	27	50.9	36.77	-15
111367	2	98	27	50.88	36.82	-10
111368	2	98	27	50.88	36.68	459
111370	2	98	27	50.85	36.7	322
111372	2	98	27	50.85	36.52	2085
111374	2	98	27	50.8	36.8	43
111380	2	98	27	50.783333	36.65	629
111386	2	100	27	50.73	36.82	203
111390	2	100	27	50.7	36.85	167
111400	2	98	27	50.68	36.63	2455
111410	2	100	27	50.6	36.9	253
111412	2	100	27	50.57	36.73	2242
111414	2	100	27	50.52	36.77	1880
111416	2	100	27	50.47	36.85	1831
111420	2	100	26	50.41	36.65	1865
111422	2	121	24	50.01	36.57	1395
111425	2	110	31	53.18	36.7	-4
111428	2	102	30	53.02	36.07	1564
111430	2	114	27	51.18	36.41	1656
111432	2	34	27	51.18	36.73	-30
111434	2	108	27	51.1667	36.5	1212
111436	2	108	27	51.1497	36.52	1359
111440	2	100	27	50.68	36.85	394
111441	2	94	29	52.4797	36.02	2891
111442	2	95	29	52.58	36.2	1227
111444	2	100	27	50.73	36.83	92
113015	2	393	13	48.87252	38.40182	-36
113020	2	393	13	48.616667	38.383333	831
113030	2	404	13	48.89226	38.14843	-10
113040	2	404	13	48.9	37.983333	140
113050	2	404	13	48.96272	37.70913	49
113060	2	404	13	49.05538	37.66953	-19
113070	2	398	13	49.17379	37.58495	-21
113080	2	398	13	49.11849	37.52639	56
113090	2	408	14	49.02304	37.44875	377
113100	2	408	14	49.15532	37.40991	25
113110	2	394	15	50.14417	37.38916	-28
113120	2	408	14	49.133333	37.366667	51
113130	2	397	15	49.66	37.38306	-10
113140	2	397	15	49.73615	37.37209	-11
113150	2	397	15	49.86159	37.31932	-2
113160	2	394	15	50.03674	37.32217	-28
113170	2	403	14	49.21909	37.30981	20
113180	2	397	15	49.77909	37.27902	-3
113190	2	407	26	50.2251	37.26694	-28
113200	2	405	14	49.316944	37.2325	27
113210	2	405	14	49.18406	37.19795	163
113220	2	405	14	49.24397	37.18808	87
113230	2	402	14	49.39641	37.15824	57
113240	2	401	15	49.87045	37.14376	62
113260	2	402	14	49.4549	37.10721	72
113270	2	397	14	49.66377	37.09377	68
113280	2	402	14	49.29021	37.05188	222
113290	2	401	26	49.90146	37.04782	261
113300	2	399	15	49.63692	37.01228	88
113310	2	400	26	50.55	36.983333	-10
113320	2	399	15	49.55859	36.90226	411
113330	2	399	15	49.44691	36.88844	556
113340	2	399	15	49.48724	36.89326	195
113350	2	400	26	50.22325	36.87419	477
113360	2	395	26	50.0714	36.86219	1408
113370	2	399	15	49.54174	36.8396	594
113380	2	399	15	49.44145	36.83181	257
113390	2	399	15	49.75	36.766667	1276
113400	2	399	24	49.80416	36.76266	1733
113410	2	399	24	49.93168	36.74674	2002
117020	2	417	37	56.1	37.983	504
117025	2	417	37	56.27	37.966667	461
117027	2	422	37	55.52	37.96	113
117030	2	422	326	55.1	37.916667	60
117035	2	417	37	55.95	37.91	204
117040	2	417	37	56.083333	37.92	261
117045	2	417	37	56.22	37.91	341
117050	2	417	37	56.083333	37.883333	504
117055	2	417	37	55.816667	37.866667	183
117060	2	417	37	56.066667	37.816667	591
117065	2	422	37	55.466667	37.81	219
117070	2	422	35	54.95	37.766667	58
117075	2	417	33	55.85	37.7	581
117080	2	417	33	56.066667	37.713333	1046
117085	2	417	33	55.716667	37.666667	553
117090	2	422	13	54.816667	37.633333	51
117095	2	417	33	55.933333	37.633333	860
117100	2	416	33	55.466667	37.55	152
117105	2	416	33	55.683333	37.533333	275
117110	2	422	35	54.966667	37.516667	69
117115	2	416	33	55.583333	37.516667	214
117120	2	416	33	55.713333	37.45	632
117125	2	422	35	54.933333	37.35	24
117130	2	419	33	55.65	37.38	387
117135	2	419	33	55.77	37.316667	1267
117137	2	422	33	55.24	37.3	51
117138	2	130	33	55.767	37.2766	1572
117140	2	419	33	55.433333	37.266667	198
117145	2	419	33	55.48	37.25	304
117150	2	419	33	55.6	37.216667	767
117155	2	419	33	55.633333	37.216667	665
117160	2	418	33	55.516667	37.2	934
117165	2	409	33	55.1	37.15	63
117170	2	418	33	55.25	37.15	82
117174	2	410	33	54.81	37.14	7
117175	2	410	33	54.617	37.133	11
117180	2	418	33	55.583333	37.116667	1100
117183	2	421	33	54.32	37.11	-12
117185	2	409	33	55.17	37.08	125
117190	2	410	33	54.716667	37.066667	20
117195	2	414	33	54.816667	37.05	28
117200	2	418	33	55.383333	37.05	769
117205	2	418	33	55.483333	37.05	1354
117210	2	421	33	54.216667	37.016667	-12
117215	2	410	33	54.45	37.016667	-4
117220	2	410	33	54.633333	37.016667	11
117225	2	413	33	55.15	37.016667	230
117230	2	413	33	54.983333	37.01	44
117235	2	409	33	55.55	37.0	1330
117240	2	413	33	55.016667	36.966667	302
117245	2	413	33	55.266667	36.966667	1208
117250	2	414	33	54.85	36.95	85
117255	2	412	33	54.16	36.9533333	-16
117260	2	412	33	54.35	36.933333	-4
117265	2	410	33	54.533333	36.933333	6
117270	2	414	33	54.933333	36.933333	130
117275	2	414	33	54.75	36.9	194
117280	2	414	33	54.85	36.9	124
117285	2	413	33	55.1	36.9	1156
117290	2	414	33	54.95	36.883333	266
117293	2	420	33	54.65	36.88	108
117295	2	414	33	54.766667	36.866667	301
117300	2	420	33	54.55	36.85	165
117302	2	420	33	54.39	36.84	76
117305	2	420	33	54.316667	36.833333	73
117310	2	420	33	54.433333	36.833333	152
117315	2	420	33	54.683333	36.833333	379
117320	2	409	33	55.35	36.853333	1783
117325	2	415	33	54.216667	36.816667	12
117330	2	411	32	54.016667	36.783333	5
117335	2	415	33	54.15	36.813333	4
117340	2	414	33	54.966667	36.783333	1387
117345	2	411	32	53.933	36.767	-7
117350	2	415	33	54.116667	36.766667	63
117355	2	415	33	54.233333	36.766667	163
117360	2	415	33	54.166667	36.75	395
117365	2	420	33	54.3	36.77	244
117370	2	411	32	53.933333	36.733333	35
117375	2	411	32	53.883333	36.716667	50
117376	2	420	33	54.48	36.71	920
117380	2	415	31	54.166667	36.666667	2468
117385	2	415	31	54.333333	36.633333	2300
117386	2	410	33	54.619235	36.980685	15
121020	2	39	365	51.25521	35.82183	1760
121030	2	39	365	51.33889	35.73768	1338
121040	2	51	368	51.79258	35.73142	1731
121050	2	312	365	51	35.716667	1225
121060	2	40	501	52.22491	35.63773	2116
121070	2	42	365	51.433	35.6	1056
121080	1	48	335	50.62735	35.56896	1271
121090	1	45	497	52.483333	35.516667	1445
121100	1	50	366	51.783333	35.366667	978
121110	1	52	366	51.71281	35.3265	920
123020	1	130	34	55.916144	37.138653	1341
123025	2	130	33	55.738416	37.198862	1232
123030	1	127	541	55.06	36.44	1347
123040	1	130	538	55.4831	36.4201	1195
123050	1	127	541	55.17	36.4	1364
123060	1	124	539	54.04104	35.964495	1298
123070	1	127	541	55.07	36.36	1294
123080	1	124	539	54.4	36.35	1833
123090	1	124	539	54.55	36.35	1690
123100	1	130	538	55.31	36.34	1564
123120	1	124	539	54.49	36.28	1329
123130	2	127	542	54.95	36.55	1571
123140	1	124	539	54.39	36.28	1359
123150	1	124	539	54.482141	36.398172	1966
123160	1	124	539	54.13	36.25	1492
123170	1	124	539	54.466667	36.25	1201
123180	1	130	540	55.4117	36.215	1635
123190	1	127	540	55.01	36.2146	1558
123200	1	127	540	55.303	36.2305	1533
123210	1	127	526	56.23	36.2137	918
123220	1	124	539	54.147393	36.355612	1643
123230	1	124	539	54.096332	36.271228	1511
123240	1	124	539	54.45	36.15	1090
123250	1	127	524	56.23	36.16	858
123260	1	127	524	56.1	36.12	981
123270	1	127	540	55.53	36.06	1703
123280	1	124	539	54.12	36.05	1186
123290	1	127	540	55.3735	36.0431	1431
123295	2	128	31	53.43	36.05	1773
123300	2	128	31	53.440892	36.038184	1936
123310	1	127	524	55.98	36.0	1205
123320	1	128	539	53.518844	35.880146	2083
123330	1	126	494	53.88	35.63	1628
123340	1	127	493	56.0403	35.5759	709
123350	1	124	540	54.2026	35.5642	1308
123360	2	128	30	53.148744	35.889148	1576
123370	2	55	151	50.9	30.9333	1514
123380	2	128	30	53.259055	35.896285	2159
123390	1	125	496	53.2336	35.4901	1205
123400	1	126	496	53.4354	35.462	997
123410	1	125	495	53.08	35.4	1232
123420	1	125	495	53.2009	35.4136	1114
123430	1	131	500	51.93	35.41	1182
123440	1	127	493	56.4642	35.3527	705
123450	1	125	495	53.2159	35.3626	978
123460	1	127	523	55.16	35.35	766
123470	2	336	124	50.9833	31.8333	3293
123490	1	122	358	50.9833	34.3333	1652
123500	1	127	493	56.4104	35.2947	709
123510	1	127	523	55.01	35.2544	731
123520	1	131	497	52.43	35.17	830
123530	1	123	497	52.73	35.25	824
123540	1	124	493	54.3407	35.1302	843
124030	2	6	17	47.826	37.1368	1143
124050	2	6	19	47.7173	36.9836	1162
124080	2	9	19	47.4462	36.887	1649
124110	2	8	16	48.9439	36.8446	454
124120	2	6	19	47.99	36.81	1690
124150	2	6	16	48.81	36.76	2072
124170	2	6	18	48.1627	36.6845	1799
124200	2	6	18	48.7196	36.6459	1885
124210	2	6	20	48.1397	36.5758	1959
124230	2	6	18	48.6766	36.555	1763
124251	2	3	20	48.47	36.44	1964
124260	2	7	339	48.9838	36.4597	2004
124301	2	3	20	48.33	36.24	2054
124340	2	5	339	49.017	36.217	1924
124380	2	4	21	48.5084	36.043	1866
124390	2	4	341	48.72854722	36.0178	1763
124400	2	2	339	49.1295	35.9756	2014
124410	2	4	21	48.3872	35.9514	1676
124420	2	4	22	47.8895	35.9321	1635
124430	2	4	21	48.5659	35.9284	2005
124440	2	4	341	48.6761	35.8803	1803
124451	2	2	338	49.3843	36.063	1441
124461	2	4	21	48.4384	36.0771	1922
124471	2	3	20	48.1148	36.3911	1943
125020	1	122	333	50.89643	35.14042	1250
125030	1	122	333	50.98765	35.11982	1045
125040	1	122	333	50.7506	34.9821	1024
125060	1	89	344	50.69898	34.90497	904
125070	1	122	342	51.23317	34.8962	808
125090	1	122	344	50.1704	34.7901	1843
125100	1	122	357	51.17021	34.76937	822
125110	1	122	344	50.26059	34.72278	1559
125120	1	122	344	50.37497	34.71191	1262
125130	1	122	357	51.06833	34.72612	843
125140	1	122	344	50.16832	34.6693	2141
125150	1	122	344	50.5395	34.67427	1162
125160	1	122	344	50.6	34.633	1346
125180	1	122	344	50.37944	34.62087	1387
125190	1	122	358	50.85653	34.61045	939
125200	1	122	358	51.0228	34.60705	877
125210	1	122	358	51.0692	34.5132	880
125220	1	122	344	50.14246	34.56795	2053
125230	1	122	359	50.49007	34.57071	1351
125240	1	122	344	50.24426	34.54786	1749
125250	1	122	359	50.86665	35.07069	859
125260	1	122	359	50.63506	34.55357	1146
125270	1	122	359	50.95687	34.51237	986
125280	1	122	359	50.69663	34.48961	1095
125290	1	122	364	50.47819	34.22082	1374
125300	1	122	359	50.32384	34.50844	1765
125310	1	122	364	51.16747	34.45817	856
125320	1	122	359	50.76249	34.43476	1348
125330	1	122	359	50.60464	34.38865	1188
125340	1	122	358	50.90462	34.35647	1586
125350	1	122	358	50.9988	34.3401	1664
125370	1	122	359	50.53927	34.30352	1281
125380	1	122	359	50.83613	34.29548	2028
125400	1	122	359	50.71984	34.28378	1685
125410	1	122	358	50.91227	34.28144	1954
125420	1	122	358	50.9017	34.2571	2115
125440	1	122	358	50.94523	34.19187	2476
126020	2	311	24	50.57	36.25	1720
126030	2	311	24	50.77	36.22	2112
126040	2	311	24	50.98	36.2	2674
126050	2	311	24	50.608782	36.191548	1787
126060	2	313	365	51.12	36.07	2175
126070	2	313	365	51.32	36.07	2446
126080	2	313	365	51.183	36.033	1997
126090	2	310	337	50.82	35.97	1494
126100	2	313	365	50.99713	35.917646	1881
126110	2	313	365	51.13	35.92	2143
126120	2	310	337	50.772973	35.907191	1327
126130	2	314	337	50.615829	35.892025	1196
126140	2	310	337	50.650013	35.821289	1211
126150	2	310	337	50.714658	35.882013	1249
126160	2	313	365	51.03	35.87	2007
126170	2	314	337	50.5	35.85	1157
126180	2	310	365	50.87	35.83	1246
126190	2	313	365	51.11	35.85	1908
126200	2	314	337	50.55	35.82	1174
126210	1	309	336	50.62	35.73	1168
126220	1	309	336	50.18	35.62	1765
128020	2	121	25	49.13444447	36.72666669	569
128030	2	399	24	49.51055557	36.6205556	347
128040	2	121	24	50.02833334	36.56583342	1308
128050	2	121	24	50.2	36.533	917
128060	2	121	25	49.41972224	36.51888889	1172
128070	2	121	25	49.23	36.48	1696
128080	2	121	24	50.42944445	36.48277788	1798
128090	2	121	24	50.28361112	36.45666671	968
128100	2	121	24	50.57944445	36.44083327	1864
128110	2	121	338	49.69888891	36.42055546	1628
128120	2	121	338	50.2238889	36.40944453	1911
128130	2	120	338	49.56000002	36.29583345	1521
128140	2	120	338	49.78750001	36.24777782	1296
128150	2	116	338	50.43722223	36.22083345	1930
128160	2	118	338	50.15000001	36.21027783	1282
128170	2	120	338	49.69138891	36.15638885	1338
128180	2	116	338	50.36222223	36.1250001	1292
128190	2	119	338	50.03083335	36.08638878	1198
128200	2	121	24	49.51694446	36.51083335	653
128210	2	120	338	49.44166669	35.99305551	1406
128220	2	120	338	49.52833335	35.96083332	1342
128230	2	119	338	50.0888889	35.96500004	1168
128240	2	120	338	49.75166668	35.93472215	1283
128250	2	120	338	49.3827778	35.90249997	1694
128260	2	117	341	49.02833336	35.83499999	1681
128270	2	119	338	49.80083335	35.79944451	1281
128280	2	117	340	49.283	35.75	1575
128290	2	117	338	49.31416669	35.76361116	1545
128300	1	119	338	50.22055556	35.75249998	1184
128310	2	117	340	49.47000002	35.61972219	1860
128320	2	117	338	49.64888891	35.60666672	1814
128330	2	117	340	49.28666669	35.52416673	2069
131003	2	404	13	48.89	38.07	50
131009	2	398	13	49.08	37.58	20
131011	2	398	13	48.83	37.54	984
131012	2	317	16	48.52	37.49	2521
131014	2	403	14	49.25	37.43	-15
131016	2	396	14	49.39	37.43	-26
131019	2	403	14	49.44	37.38	-20
131028	2	394	26	49.94	37.23	2
131034	2	397	15	49.86161111	37.31944444	-2
131035	1	190	364	51.235888	34.401458	852
131037	2	405	14	49.18	37.18	177
131040	1	175	543	52.479843	33.178347	1783
131041	2	405	14	48.98	37.15	1197
131042	2	406	26	50.08	37.15	-28
131045	1	176	369	52.438368	32.563752	1543
131050	1	175	546	52.809656	33.328681	1272
131051	2	395	26	50.18	37.09	-28
131055	1	193	548	52.939427	32.737534	2009
131056	2	395	26	50.22	37.04	-28
131057	2	8	16	49.03	37.03	2047
131060	1	176	369	52.113757	32.837681	1657
131063	2	8	16	49.09	37.0	2077
131065	1	175	543	52.177991	33.392749	1431
131066	2	401	26	49.86	37.0	794
131067	2	400	26	50.29	36.99	115
131068	2	399	15	49.53	36.95	451
131070	1	182	493	55.110277	34.130714	1028
131071	2	400	26	50.38	36.85	3382
131075	1	175	543	52.468338	32.984106	2198
131080	1	193	546	53.020665	33.106218	1674
131083	2	121	25	49.25	36.48	1758
131085	1	174	364	51.488795	34.132241	865
131095	1	176	387	52.583579	32.079834	1504
131100	1	175	493	52.5	34.05	1210
131105	1	193	369	52.845791	32.703968	2303
131110	1	182	503	54.409829	34.036287	995
131115	1	174	364	51.880311	33.841692	971
131120	1	190	364	51.744242	33.747858	1217
131125	1	177	370	51.797774	33.051814	1746
131130	1	177	370	51.843053	33.08235	1834
131135	1	186	385	51.806023	32.272786	1666
131140	1	183	377	51.684664	32.034984	1919
131145	1	182	504	54.953246	33.845871	841
131150	1	182	505	54.960734	33.375281	1194
131155	1	176	369	52.355377	32.490541	1504
131160	1	193	548	53.027141	32.721066	1832
131165	1	182	502	54.757626	33.520789	1183
131170	1	177	370	51.808449	32.905431	1582
131175	1	182	504	54.703819	33.753205	873
131180	1	176	369	52.214673	32.538301	1509
131185	1	175	546	52.643621	33.461584	962
131190	1	182	505	54.895026	33.653782	858
131195	1	190	373	51.269818	33.622336	2462
131200	1	176	369	52.137432	32.502017	1512
131205	1	191	377	51.083606	32.354158	2040
131210	2	196	379	50.710021	32.827592	2364
131215	1	190	373	51.204356	33.577441	2233
131220	1	185	361	51.006042	33.596252	2132
131225	1	176	369	52.442255	32.712535	1787
131230	2	197	362	50.555684	33.339055	2031
131235	2	179	375	50.710618	32.923408	2300
131240	2	197	363	50.237603	33.585501	2060
131245	1	195	544	52.001277	33.428103	1506
131250	1	175	543	52.22	33.52	993
131255	1	182	505	55.039663	33.524895	909
131260	1	175	546	52.744699	33.243925	1685
131265	2	197	362	50.461181	33.507176	1789
131270	1	179	374	51.160013	32.631472	1803
131275	1	182	505	55.156135	33.503799	747
131280	1	183	377	51.467292	32.043996	2151
131285	1	182	505	54.933701	33.494051	1062
131290	1	183	377	51.644019	32.148226	1801
131295	1	185	373	51.438288	33.539877	2505
131300	2	178	380	50.16722	33.077076	2412
131305	1	185	361	50.812722	33.408036	2277
131310	1	189	374	51.508798	32.552593	1617
131315	1	175	543	52.258179	33.152059	2018
131320	1	185	373	51.203783	33.389458	1964
131325	1	195	371	51.556728	33.364801	2273
131330	1	176	369	52.357549	32.840254	2126
131335	2	181	362	50.122137	33.340827	2164
131340	1	182	502	54.694227	33.449121	1292
131350	1	182	505	54.869615	33.454153	1251
131355	2	181	362	50.310125	33.280035	2103
131360	1	175	543	52.232121	33.286316	1731
131365	1	193	547	53.698548	33.311571	1487
131370	1	192	377	51.554984	32.252564	1739
131375	1	189	374	51.517573	32.455208	1635
131380	1	186	386	51.872776	31.614488	2357
131385	2	178	380	50.085447	33.023139	2531
131390	2	178	362	50.116659	33.105349	2437
131395	2	181	362	50.591591	33.196377	2247
131400	1	175	543	52.609172	33.175133	2251
131405	2	184	123	51.325239	31.526389	2062
131410	1	186	385	51.917879	32.128901	1747
131415	2	188	380	50.188526	32.990212	2337
131420	2	184	125	51.518124	31.703189	2319
131425	1	176	369	52.263001	32.495436	1502
131430	2	181	382	50.445754	33.146133	2599
131435	2	187	380	50.368738	32.877941	2180
131440	2	188	137	50.059268	32.825492	2473
131445	2	196	379	50.567846	32.836035	2208
131450	2	188	137	49.818801	33.019521	2455
131455	2	188	137	49.681061	33.005771	2111
131460	1	189	374	51.550074	32.489121	1627
131465	2	184	125	51.527251	31.570081	2362
131470	2	196	384	50.314172	32.603415	2332
131475	2	188	137	49.852304	32.845971	2359
131480	1	193	548	52.662811	32.876212	2278
131490	2	184	116	51.730655	31.389643	2511
131495	1	177	370	51.646992	32.779747	1577
131500	1	193	548	52.977632	32.777396	1853
131505	1	180	370	51.533331	32.683331	1597
131510	1	176	385	52.301179	32.272501	1553
131515	1	194	372	51.039496	32.980361	1948
131520	2	188	137	50.019348	32.738381	2568
131525	1	176	369	52.734741	32.726982	2187
131530	1	193	548	53.130961	32.716735	1603
131535	1	179	374	50.943862	32.674314	2249
131540	1	193	548	52.975794	32.690912	1988
131545	1	186	386	51.811123	31.713242	2283
131547	2	196	384	50.436484	32.648139	2124
131550	1	186	386	52.065063	31.675503	2080
131555	1	185	370	51.369352	32.866805	1750
131560	2	184	115	51.591095	31.069835	2043
131565	1	176	369	52.675971	32.725232	2056
131570	1	176	385	52.180367	32.253541	1604
131575	1	177	370	51.927392	32.833106	1547
131580	2	184	123	51.432605	31.470527	2400
131585	2	184	125	51.538781	31.596565	2373
131590	1	176	369	51.943027	32.504176	1522
131595	2	184	115	51.653696	30.867542	2288
131600	1	176	369	51.948388	32.540487	1526
131605	2	184	116	51.601835	31.252515	2183
131610	1	176	369	51.748649	32.566376	1557
131615	1	176	369	51.813062	32.651461	1578
131620	1	176	387	52.493013	31.827801	1560
131625	1	183	377	51.633	31.967	2050
131630	1	176	387	52.613611	31.822921	1545
131635	1	186	386	51.923613	31.672241	2230
131640	2	184	115	51.65	30.93	2159
134020	1	205	467	56.49758	31.350232	2069
134025	1	209	563	56.207729	31.016252	1651
134030	1	209	564	56.35	30.85	1605
134035	1	206	555	55.883333	30.766667	1388
134040	1	216	490	57.95	30.75	261
134045	1	209	564	56.766667	30.716667	1904
134050	1	199	555	55.433333	30.7	1456
134055	1	211	557	54.866667	30.683333	2225
134060	1	216	564	56.866667	30.666667	1859
134065	1	209	564	56.383333	30.6	2216
134070	1	211	555	54.9	30.583333	2939
134075	1	206	555	56.183333	30.566667	1827
134080	1	211	431	54.683333	30.55	2426
134085	1	216	564	56.833333	30.55	1715
134090	1	206	555	55.633333	30.516667	1468
134095	1	211	431	54.766667	30.5	2395
134100	1	211	555	55.033333	30.5	2236
134105	1	211	555	55.416667	30.5	2522
134110	1	206	555	55.983333	30.5	1479
134115	1	206	555	56	30.5	1494
134120	1	201	558	56.456322	30.040207	1943
134125	1	216	559	57.183333	30.5	2359
134135	1	206	555	56.5	30.466667	2127
134140	1	216	564	56.6	30.466667	2237
134145	1	216	473	57.266667	30.466667	2395
134150	1	216	559	56.916667	30.4	1733
134155	1	206	555	55.416667	30.366667	2304
134160	1	206	555	55.8	30.366667	1525
134165	1	216	473	57.533333	30.366667	1006
134170	1	216	559	56.716667	30.333333	2377
134175	1	211	555	55.4	30.316667	2396
134180	1	206	555	56.166667	30.316667	1632
134185	1	206	555	56.35	30.283333	1674
134190	1	216	559	57.266667	30.266667	2114
134195	1	216	473	57.5	30.266667	2128
134200	1	211	555	55.483333	30.25	2140
134205	1	206	555	55.983333	30.216667	1898
134210	1	216	559	56.716667	30.2	1690
134215	1	216	473	57.55	30.183333	1950
134220	1	210	432	55.236834	29.14571	1812
134225	1	216	473	57.5	30.166667	2091
134230	1	206	430	55.716667	29.983333	2430
134235	1	216	559	57.416667	29.983333	2249
134240	1	201	558	56.25	29.933333	2402
134245	1	201	558	56.35	29.933333	2202
134250	1	216	559	57.5	29.916667	2473
134255	1	210	435	55.75	29.866667	2332
134260	1	210	558	56.2	29.866667	2429
134265	1	216	474	57.733333	29.866667	1715
134270	1	201	558	56.783333	29.85	2079
134275	1	210	435	55.816667	29.816667	2260
134280	1	210	435	55.95	29.766667	2416
134285	1	201	558	56.683333	29.75	2112
134290	1	216	477	57.333333	29.7	2218
134295	1	210	435	55.8	29.633333	1953
134300	1	210	435	56.005	29.633333	2165
134305	1	210	435	55.55	29.616667	1733
134310	1	216	477	57.416667	29.583333	2260
134315	1	201	558	56.666667	29.516667	2630
134320	1	202	476	57.910283	29.053757	2085
134325	1	216	477	57.6	29.483333	2077
134330	1	200	445	56.433333	29.466667	2639
134335	1	210	434	55.3	29.416667	1695
134340	1	200	435	56.333333	29.416667	2467
134345	1	200	443	56.633333	29.366667	2595
134350	1	216	478	57.45	29.366667	2381
134355	1	216	478	57.333333	29.35	2769
134360	1	204	446	56.916667	29.333333	2454
134365	1	200	445	56.4	29.316667	2308
134370	1	204	446	56.9	29.283	2329
134375	1	200	442	56.75	29.266667	2445
134380	1	200	435	56.316667	29.233333	2350
134385	1	200	445	56.483333	29.233333	2225
134390	1	203	478	57.316667	29.233333	2693
134395	1	203	478	57.5	29.216667	2604
134400	1	210	434	55.716667	29.183333	1817
134405	1	214	480	58.011	29.02425	2011
134410	1	214	476	59.166667	29.166667	494
134415	1	210	435	55.933333	28.983333	1707
134420	1	203	440	57.216667	28.833333	1536
134425	1	157	242	55.916667	28.816667	1963
134430	1	157	242	55.833333	28.8	2012
134435	1	214	476	58.833333	28.8	732
134440	1	202	476	58.3	28.783333	1899
134445	1	202	476	58.516667	28.766667	989
134450	1	200	242	56.8	28.75	2054
134455	1	200	242	56.766667	28.716667	1877
134460	1	198	242	56.55	28.666667	1792
134465	1	202	476	58.383333	28.633333	1657
134470	1	203	438	57.933333	28.616667	1130
134475	1	198	284	57	28.4667	2114
134480	1	198	242	56.35	28.45	1034
134485	1	212	438	57.933333	28.416667	632
134490	1	198	243	56.933333	28.333333	1516
134495	1	212	438	57.9	28.333333	607
134500	1	198	242	56.633333	28.316667	1092
134505	1	212	436	58.15	28.3	996
134510	1	207	436	57.85	28.2	504
134515	1	207	436	58.2	27.866667	419
134520	1	219	279	57.483333	27.4	365
135020	1	11	553	54.86	33.08	985
135025	1	11	553	55.19	32.59	1247
135030	1	11	553	54.56	32.57	1695
135035	1	11	549	53.48	32.39	1404
135040	1	19	550	54.61	32.0	1715
135045	1	11	549	53.37	32.32	1569
135050	1	11	550	53.67	32.31	1630
135055	1	18	549	53.41	32.15	2000
135060	1	18	550	53.82	32.08	1518
135065	1	16	550	54.11	32.09	1139
135070	1	19	550	54.38	31.92	1206
135075	1	16	550	54.07	31.81	1739
135080	1	18	550	53.58	31.92	2177
135085	1	16	550	53.79	31.9	1937
135090	1	19	550	54.38	31.9	1224
135095	1	16	550	53.86	31.86	2036
135100	1	19	550	54.34	31.85	1253
135105	1	19	550	54.39	31.85	1243
135110	1	13	463	55.82	31.86	1866
135115	1	16	550	53.88	31.84	2069
135120	1	14	550	53.76	31.81	2578
135125	1	19	550	54.5	31.79	1258
135130	1	14	551	54.233	31.767	1479
135135	1	19	550	54.42	31.77	1264
135140	1	13	562	55.97	31.76	2352
135145	1	14	551	54.183	31.733	1613
135150	1	12	561	55.78	31.74	1970
135155	1	14	551	54.09	31.72	1829
135160	1	14	422	53.63	31.67	2147
135165	1	13	463	56.09	31.67	1903
135170	1	13	463	56.21	31.67	1900
135175	1	14	551	54.01	31.65	2300
135180	1	14	550	54.12	31.62	2411
135185	1	14	550	54.16	31.6	2460
135190	1	17	550	54.52	31.6	1407
135195	1	17	550	54.9	31.58	1968
135200	1	14	550	54.1	31.6	2688
135205	1	14	421	53.77	31.55	2200
135210	1	14	421	53.84	31.56	2453
135215	1	17	550	54.19	31.56	2289
135220	1	14	421	53.9187	31.54	2490
135225	1	17	550	54.21	31.53	2345
135230	1	17	550	54.24	31.55	2214
135235	1	14	421	53.85	31.51	2200
135240	1	14	421	54.06	31.5	2478
135245	1	17	550	54.79	31.5	1470
135250	1	14	421	53.96	31.47	2345
135255	1	14	421	53.74	31.45	1822
135260	1	12	562	55.8827	31.45	2092
135265	1	14	557	54.23	31.44	2376
135270	1	12	561	55.8	31.42	1593
135275	1	14	421	53.91	31.39	2011
135280	1	17	557	54.16	31.31	1981
135285	1	17	557	54.26	31.28	1968
135295	1	10	417	53.02	31.05	1720
135300	1	10	417	53.35	31.02	1494
135305	1	15	423	53.99	30.28	1994
135310	1	15	425	53.96	30.14	2231
135315	1	15	428	54.31	29.78	1718
135320	1	15	428	54.32	29.78	1714
135325	1	15	428	54.19	29.75	1954
138020	2	337	378	50.73	32.68	2198
138030	2	338	378	50.82	32.65	2128
138040	2	341	137	50.03	32.62	2496
138050	2	339	384	50.496332	32.481707	2534
138060	2	335	128	50.547123	32.092153	1866
138070	2	341	137	49.87	32.65	2221
138080	2	341	384	50.266667	32.483333	2244
138090	2	341	122	49.858	32.451	1851
138100	2	339	129	50.52	32.43	2505
138110	2	341	384	50.28	32.42	2530
138120	2	341	384	50.4	32.37	2525
138130	2	338	378	50.983797	32.506141	1961
138140	2	338	378	50.81494	32.688761	1977
138150	2	340	129	50.6	32.17	2615
138160	2	340	129	50.68	32.15	2014
138170	2	340	129	50.66	32.17	2011
138180	2	337	383	50.72051	32.668705	2214
138190	2	339	131	50.783986	32.384938	2085
138200	2	335	126	50.4	31.97	1998
138210	2	342	126	50.48	31.93	1909
138220	2	342	126	50.56	31.91	1975
138230	2	336	124	51.183333	31.9	2351
138240	2	336	124	51.15	31.85	2240
138250	2	336	127	50.98	31.83	3297
138260	2	343	120	50.848684	31.379606	2041
138270	2	342	126	50.77	31.75	2604
138280	2	335	122	50.566667	31.73	1465
138290	2	343	122	50.79	31.63	1547
138300	2	335	122	50.63	31.67	1512
138310	2	336	123	51.05	31.67	3728
138320	2	336	123	51.183333	31.61	2073
138330	2	343	120	51.05	31.43	2420
138340	2	342	127	50.736396	31.940338	2099
141020	2	351	4	47.170617	39.291303	215
141150	2	350	4	45.822225	38.829419	1384
141170	2	357	6	45.801263	38.700986	2069
141190	2	362	4	46.168337	38.682558	1478
141200	2	357	4	45.682104	38.64557	1468
141210	2	357	6	45.757252	38.657924	1649
141250	2	346	0	47.50019	38.621127	777
141270	2	362	3	46.693878	38.577019	1820
141280	2	346	3	46.882369	38.532052	1603
141290	2	362	3	46.646961	38.506931	1682
141310	2	346	3	47.249506	38.419436	1275
141350	2	353	326	46.167	38.25	1489
141360	2	353	326	46.167	38.217	1436
141380	2	353	330	45.69929	38.1785	1429
141400	2	360	327	47.11496	38.256614	1922
141410	2	360	327	47.08502	38.09468	1605
141420	2	352	327	47.133258	38.082318	1601
141430	2	349	326	46.38	38.05	1536
141440	2	349	326	46.112199	37.991977	1383
141450	2	352	329	47.759328	37.970797	1875
141470	2	347	326	46.584737	37.952025	1862
141500	2	345	326	46.12	37.91	1548
141510	2	352	327	47.1	37.88	1765
141530	2	349	326	46.315617	37.859296	2149
141540	2	347	328	46.835625	37.841567	1743
141550	2	352	329	47.514172	37.825256	1714
141580	2	344	325	45.9	37.783	1299
141600	2	347	17	47.030593	37.745871	2041
141610	2	347	328	46.936685	37.724626	1895
141620	2	347	328	46.76	37.8	1887
141630	2	347	17	46.837494	37.668669	1938
141640	2	344	324	45.827202	37.591057	1354
141660	2	359	17	47.623659	37.602679	1584
141670	2	359	17	47.390707	37.582927	1617
141680	2	361	17	46.75	37.55	1866
141690	2	361	17	46.842535	37.549094	1710
141700	2	359	17	47.35	37.533	1477
141710	2	359	16	47.850476	37.5112	1102
141720	2	361	17	47.050467	37.475782	1637
141730	2	354	323	45.893112	37.477257	1299
141740	2	361	17	46.879064	37.478114	1619
141750	2	361	17	46.655395	37.43685	1803
141760	2	359	17	47.47938	37.45803	1603
141780	2	356	322	46.167	37.417	1524
141790	2	356	322	46.39409	37.345972	1668
141800	2	361	17	46.763263	37.347277	1686
141810	2	361	319	46.666244	37.306616	1807
141820	2	359	17	48.07004	37.313554	1767
141830	2	359	17	47.485377	37.306773	1567
141850	2	359	17	47.905715	37.285736	1372
141860	2	356	317	46.391616	37.263368	1711
141870	2	356	317	46.209028	37.248345	1389
141880	2	359	17	48.064925	37.257216	1710
141890	2	358	317	46.25435	37.17226	1611
141900	2	358	317	46.05479	37.15656	1299
141910	2	363	17	46.975768	37.127593	1917
141920	2	356	319	46.576399	37.11608	1993
144020	2	29	0	44.74426111	39.67508056	797
144025	2	29	12	44.461716	39.549066	1320
144030	2	33	12	44.903	39.535	776
144035	2	29	12	44.75	39.53	834
144045	2	29	9	44.663888	39.313148	1031
144055	2	29	9	44.541785	39.282792	1154
144060	2	28	9	44.9525	39.1456	1003
144070	2	35	11	44.52	39.06	1906
144075	2	35	11	44.33	39.04	2031
144080	2	33	9	45.244	39.037	1070
144085	2	35	9	44.7452	39.0125	1820
144090	2	33	9	45	39.01	1318
144095	2	36	7	44.8598	38.8587	1229
144100	2	24	8	44.37	38.71	2371
144105	2	24	8	44.7	38.68	2015
144110	2	24	8	45.046958	38.626265	1044
144115	2	24	8	44.34	38.49	2103
144120	2	24	5	45.1968556	38.4860278	1329
144125	2	24	8	44.92969	38.462441	1180
144130	2	24	8	44.722583	38.434657	1951
144135	2	24	8	44.4161111	38.3930556	2345
144140	2	24	8	45.038788	38.361233	1397
144145	2	26	308	44.624954	38.31359	2250
144150	2	26	308	44.764668	38.313118	1559
144155	2	26	308	44.994644	38.224865	1282
144160	2	26	308	44.88262	38.18048	1323
144165	2	26	308	44.690556	38.172111	1443
144170	2	26	308	44.466625	38.15833	2313
144175	2	26	308	44.591927	38.104633	1632
144180	2	20	308	44.897972	38.04269	1790
144185	2	20	308	44.71	38.01	1962
144190	2	26	308	44.454296	37.986158	2238
144195	2	20	309	45.04	37.9	1281
144200	2	20	310	44.645336	37.724167	1615
144215	2	20	309	45.064911	37.710586	1312
144220	2	20	310	44.669323	37.696068	1677
144225	2	20	309	45.143421	37.673975	1281
144230	2	20	309	45.007427	37.632454	1378
144235	2	20	309	45.206562	37.533264	1292
144240	2	20	309	45.216717	37.44384	1285
144245	2	20	311	44.87621	37.40109	1651
144250	2	20	309	45.165752	37.394173	1307
144255	2	20	312	44.901405	37.250717	1497
144260	2	21	309	45.1251134	37.241142	1581
144263	2	20	312	44.91	37.2	1581
144265	2	20	313	45.32849	37.241028	1298
144270	2	31	317	45.91	37.15	1281
144275	2	31	317	45.81	37.07	1273
144280	2	31	319	46.42	37.04	1441
144285	2	31	317	46	37.0	1286
144290	2	21	315	45.14	36.99	1412
144295	2	32	314	45.315575	36.98681	1322
144300	2	31	319	46.455055	36.97639	1614
144305	2	31	319	46.5	36.92	1496
144310	2	30	317	45.94	36.91	1335
144315	2	30	316	45.809948	36.87296	1301
144320	2	27	319	46.541214	36.856003	1679
144325	2	30	317	45.971278	36.838861	1452
144330	2	34	46	45.081367	36.833023	1750
144335	2	27	319	46.58345	36.82226	1660
144340	2	34	46	45.25618	36.815083	1468
144345	2	27	319	46.36032	36.81	1319
144350	2	34	46	45.15151	36.72996	1467
144355	2	30	316	45.649	36.66236	1576
144360	2	30	316	45.706577	36.658012	1415
144365	2	23	320	47.211015	36.609596	2116
144370	2	22	319	46.41815	36.59927	1645
144375	2	27	319	46.70119	36.577682	1793
144380	2	23	320	47.05	36.56	1824
144385	2	34	46	45.14604	36.530647	2340
144390	2	23	320	47.227389	36.526681	2172
144395	2	23	319	46.88	36.518017	2303
144400	2	30	318	45.793144	36.5072	1495
144405	2	22	319	46.331738	36.488594	1521
144410	2	23	320	47.3073	36.477647	2398
144415	2	30	316	45.5	36.45	1870
144420	2	22	318	46.072608	36.447167	1367
144425	2	27	320	46.659096	36.441635	1708
144430	2	27	321	46.524783	36.425136	1454
144435	2	23	320	46.99319	36.403717	1775
144440	2	25	45	45.399845	36.37823	1277
144445	2	30	318	45.57918	36.368378	1683
144450	2	23	320	47.056206	36.355816	2046
144455	2	23	320	47.223503	36.330177	2042
144460	2	22	318	45.778222	36.256389	1753
144465	2	25	45	45.342686	36.253532	1276
144470	2	25	45	45.500195	36.083714	1379
145020	2	323	0	47.9204	39.643333	50
145030	2	323	0	47.959033	39.582011	56
145040	2	323	0	47.988091	39.6236	37
145050	2	323	0	47.916577	39.618062	65
145060	2	316	0	48.237881	39.471111	108
145070	2	323	0	47.409561	39.440533	164
145080	2	316	0	48.089822	39.438744	174
145090	2	316	0	47.9001	39.254573	577
145100	2	316	0	48.076512	39.177092	372
145110	2	324	0	47.654022	39.090844	607
145120	2	324	0	47.744591	39.043764	769
145130	2	324	0	48.29289	39.04786	680
145140	2	324	0	47.915451	39.002982	934
145150	2	320	0	47.676833	38.8624	1504
145160	2	320	2	47.747941	38.750694	1381
145170	2	320	2	47.940142	38.729833	1272
145180	2	320	2	48.094512	38.631871	1431
145190	2	315	2	48.279681	38.607453	1618
145200	2	321	2	48.361612	38.56573	1727
145210	2	320	2	47.863277	38.522586	1165
145220	2	320	1	47.616682	38.495311	998
145230	2	315	2	48.272744	38.489062	1460
145240	2	320	2	48.026	38.496814	1163
145250	2	320	1	47.485333	38.370533	1213
145260	2	315	2	48.103343	38.324452	1754
145270	2	320	1	47.714631	38.29854	2184
145280	2	315	2	48.137513	38.290255	1527
145290	2	321	2	48.5568	38.282294	1338
145300	2	321	2	48.635344	38.267923	1435
145310	2	318	2	48.114421	38.212592	1568
145320	2	321	2	48.56499	38.186433	1491
145330	2	318	2	48.056087	38.177766	1790
145340	2	315	2	48.478571	38.107544	1470
145350	2	322	2	47.967871	37.949703	1831
145360	2	322	2	48.237039	37.96014	1534
145370	2	319	16	48.30792	37.767684	1362
145380	2	317	16	48.525113	37.743491	1947
145390	2	319	16	48.330141	37.701592	1496
145400	2	317	16	48.607683	37.57116	1947
145410	2	317	16	48.377822	37.538753	1649
145420	2	317	16	48.2857	37.452942	906
145430	2	317	16	48.179474	37.426542	1618
145440	2	317	16	48.608567	37.418108	2141
145450	2	317	16	48.730636	37.396406	1670
145460	2	317	16	48.32837	37.373011	1446
145470	2	317	16	48.750851	37.329391	1394
145480	2	317	16	48.417831	37.252762	732
145490	2	317	16	48.569341	37.248212	1002
145500	2	318	2	47.87362	38.205229	3070
145701	2	346	1	47.32	38.41	1390
145702	2	320	1	47.51	38.3	2014
145703	2	360	327	47.28	38.22	2352
145704	2	346	1	47.44	38.45	1168
145705	2	315	2	48.33	38.16	1429
145706	2	351	4	47.24	39.26	418
145708	2	322	2	48.33	38.0	1642
145770	2	324	0	48.17	39.03	958
145771	2	323	0	47.46	39.32	302
151020	2	256	596	58.58	37.67	890
151025	2	256	596	58.783333	37.566667	1002
151030	2	256	596	58.966667	37.55	697
151035	2	256	597	59.333333	37.516667	248
151040	2	263	596	58.44	37.51	1653
151045	2	256	596	58.966667	37.5	634
151050	2	256	596	59	37.416667	670
151055	2	263	596	58.43	37.4	1936
151060	2	263	42	58.42	37.38	2229
151065	2	256	596	59.216667	37.383333	641
151070	2	263	596	58.6	37.366667	1860
151075	2	263	42	58.5	37.333333	1891
151080	2	263	42	58.55	37.3	1828
151084	2	256	597	59.41	37.3	624
151085	2	256	597	59.416667	37.3	593
151090	2	256	597	58.833333	37.283333	1576
151095	2	265	34	59.45	37.266667	589
151100	2	256	597	59.216667	37.233333	774
151105	2	256	597	59.3	37.233333	747
151110	2	263	42	58.71	37.22	1572
151115	2	256	597	59.1	37.2	1410
151120	2	263	42	58.85	37.183333	1952
151125	2	256	597	59.033333	37.166667	1788
151130	2	263	42	58.416667	37.133333	1272
151135	2	256	597	59.35	37.116667	1497
151140	2	265	597	59.4	37.083333	1530
151145	2	265	597	59.55	37.083333	889
151150	2	265	597	59.633333	37.083333	865
151155	2	263	42	58.72	37.08	1547
151160	2	263	42	58.6	37.066667	1391
151165	2	263	42	58.46	37.04	1519
151170	2	265	597	59.9	37.0	765
151175	2	265	597	59.75	36.983	1062
151185	2	263	602	58.483333	36.916667	1854
151190	2	263	602	58.7	36.916667	1280
151195	2	263	602	58.6	36.87	1454
151200	2	269	602	59.25	36.85	1734
151205	1	250	532	56.92	36.8	993
151210	2	269	602	59.1	36.8	1234
151215	2	265	597	59.916667	36.8	1131
151220	1	250	532	56.983333	36.783333	1015
151225	2	263	602	58.533333	36.766667	1607
151230	1	250	532	56.7	36.733333	980
151235	2	268	533	58.433333	36.733333	1493
151240	2	265	597	59.966667	36.733333	1067
151245	1	251	532	57.433333	36.716667	1064
151250	2	266	602	59.633333	36.7	1682
151255	2	265	597	59.916667	36.7	1411
151260	2	265	597	59.933333	36.7	1528
151265	1	250	532	57.15	36.6833	1172
151270	2	266	602	59.65	36.666667	1528
151275	1	250	526	56.816667	36.616667	1607
151280	1	268	530	58.533333	36.616667	1653
151285	1	251	537	57.85	36.6	1214
151290	1	268	530	58.7	36.6	2245
151295	2	269	602	58.953611	36.597113	1423
151300	2	266	602	59.366667	36.583333	1081
151305	2	260	597	60.433333	36.566667	845
151310	1	268	530	58.416667	36.55	1648
151315	1	250	532	57.2	36.516667	1604
151320	1	251	532	57.566667	36.5	1314
151325	1	251	532	57.433333	36.466667	1623
151330	2	266	602	59.883333	36.466667	1160
151335	2	266	602	59.55	36.44	980
151340	1	251	527	57.3	36.416667	2624
151345	2	266	602	59.7	36.416667	1033
151350	2	260	597	60.416667	36.416667	753
151355	1	254	532	57.716667	36.4	1553
151360	1	255	526	56.79	36.38	892
151365	1	259	527	57.5	36.366667	1463
151370	1	262	530	58.433333	36.366667	1355
151375	1	262	530	58.266667	36.35	1332
151380	2	266	602	59.59	36.35	985
151385	2	246	602	59.217	36.333	1940
151390	2	266	602	59.533333	36.316667	1026
151395	2	266	602	59.683333	36.316667	927
151400	1	255	526	57.083333	36.3	990
151405	2	266	602	59.583333	36.3	990
151410	1	259	527	57.833333	36.283333	1191
151415	1	254	527	58.1	36.283333	1292
151420	2	246	602	59.2	36.283333	2457
151422	1	255	526	56.8179	36.268845	821
151425	2	266	602	59.92	36.27	960
151430	1	266	601	60.13	36.27	1152
151435	1	268	530	58.833333	36.266667	1309
151440	1	268	599	61.166667	36.266667	337
151445	1	268	530	58.966667	36.25	1709
151450	1	259	527	57.5	36.216667	935
151455	1	262	530	58.483333	36.216667	1164
151460	1	255	526	56.966667	36.2	833
151465	1	259	527	57.933333	36.183333	993
151470	1	262	530	58.35	36.183333	1375
151475	1	255	526	57.033333	36.166667	836
151480	1	259	527	58.083333	36.166667	1036
151485	2	246	602	59.32	36.16	2109
151490	2	246	602	59.37	36.16	1825
151492	1	255	527	57.3586	36.1597	873
151495	1	259	527	57.5	36.133333	883
151500	1	262	530	58.533333	36.133333	1100
151505	1	268	530	58.95	36.133333	1230
151510	1	268	530	59.1	36.133333	1500
151515	2	246	602	59.366667	36.133333	1852
151520	2	246	602	59.383333	36.133333	1798
151525	1	266	530	61.216667	36.116667	361
151530	1	268	530	59.016667	36.083333	1240
151535	1	266	530	59.333333	36.083333	1899
151540	1	259	527	57.3	36.067	866
151545	1	259	527	57.833333	36.066667	1040
151550	1	268	530	58.683333	36.066667	1113
151555	1	266	601	60.3	36.066667	762
151560	1	259	527	58.066667	36.05	1071
151565	1	260	600	60.916667	36.033333	528
151570	1	259	527	57.133333	36.016667	851
151575	1	259	527	57.666667	36.0	1193
151580	1	259	528	58.166667	36.0	1092
151585	1	268	530	58.94	35.99	1177
151590	1	261	601	59.783333	35.983333	1123
151595	1	266	603	59.433333	35.966667	1412
151600	1	259	527	57.566667	35.933333	1441
151605	1	268	530	58.666667	35.916667	1220
151610	1	268	530	59.083333	35.916667	1219
151615	1	259	527	57.7	35.867	2292
151618	1	259	527	57.7819	35.8131	1790
151620	1	266	530	59.366667	35.783333	1709
151625	1	261	601	60.2	35.783333	1485
151630	1	259	527	57.55	35.716667	1441
151635	1	259	527	57.32	35.71	1782
151640	1	259	525	57.05	35.62	1276
151645	1	259	529	58.133333	35.616667	1568
151650	1	249	531	58.879084	35.587896	1870
151655	1	248	605	60.233333	35.583333	1262
151660	1	249	531	59.433333	35.533333	1765
151665	1	248	605	60.8	35.466667	1502
151670	1	264	522	58.45	35.45	1713
151675	1	258	520	59.633333	35.433333	1708
151680	1	245	521	58.166667	35.416667	1490
151685	1	258	520	59.916667	35.416667	2299
151690	1	264	521	58.6	35.383333	1991
151695	1	245	508	57.583333	35.366667	1113
151700	1	249	515	58.916667	35.366667	1662
151705	1	264	521	58.6	35.2667	1224
151710	1	258	607	59.983333	35.266667	1694
151715	1	245	508	57.3	35.183333	1173
151719	1	243	607	60.15	35.1	1439
151720	1	249	519	59.26	35.07	1127
151725	1	245	509	57.866667	35.066667	850
151730	1	252	514	58.183333	35.05	878
151735	1	278	509	57.55	35.02	841
151740	1	267	514	58.783	35.017	930
151745	1	267	514	58.85	34.983333	946
151750	1	243	607	60.217	34.9	1624
151755	1	244	513	58.45	34.8	822
151756	1	247	606	60.5	34.78	1133
151760	1	253	566	59.97	34.74	1055
151765	1	244	513	58.05	34.733333	823
151770	1	257	518	59.233	34.717	903
151775	1	244	513	58.283333	34.6	1062
151778	1	253	568	59.5283	34.4605	857
151780	1	270	516	58.95	34.416667	916
151783	1	253	567	59.8558	34.3533	784
151785	1	244	511	58.166667	34.3	1633
151790	1	270	517	58.483333	34.266667	1504
151797	1	253	568	59.5366	34.2441	868
151800	1	270	517	58.8	34.216667	1231
151805	1	270	517	58.616667	34.183333	1487
151810	1	253	567	60.2113	34.0713	664
154020	1	147	586	61.5029	31.1677	482
154030	1	147	580	61.417	31.05	473
154035	1	147	586	61.503	31.141	474
154040	1	135	586	61.562	31.039	482
154045	1	149	586	61.81	30.968	493
154050	1	135	586	61.564	31.001	489
154055	1	148	580	61.292	30.938	471
154060	1	148	586	61.384	30.936	478
154065	1	137	586	61.742	30.917	492
154070	1	137	586	61.569	30.89	484
154075	1	148	586	61.568	31.128	486
154080	1	148	580	61.32868	30.63899	475
154085	1	135	586	61.521	30.948	482
154090	1	136	580	60.069	30.487	1534
154095	1	136	584	60.84293	29.98424	804
154100	1	136	584	60.506	29.184	1570
154105	1	136	486	60.265	29.3779	1611
154110	1	136	487	60.41803	29.63154	1609
154115	1	136	585	61.035	29.587	1381
154120	1	136	585	60.842	29.536	1384
154125	1	136	585	60.84528	29.44776	1421
154130	1	136	585	60.77919	29.4894	1486
154135	1	136	585	60.71906	29.33416	1782
154140	1	136	483	60.91599	29.4862	1351
154145	1	136	590	60.95	29.308	1625
154150	1	145	590	61.449	28.839	1096
154155	1	136	483	60.384	29.276	1494
154160	1	136	585	60.728	29.235	1698
154165	1	136	484	60.279	29.083	1410
154167	1	136	484	60.49007	29.04434	1514
154170	1	145	590	61.333333	28.916667	1151
154175	1	136	484	60.69062	28.86329	1865
154180	1	136	484	60.378	28.843	1443
154185	1	145	591	60.893	28.845	2089
154190	1	145	590	61.33	28.917	1163
154195	1	133	484	60.712	28.76	1890
154200	1	145	591	60.786	28.767	2045
154205	1	145	588	61.45	28.66702	1411
154210	1	133	481	60.79	28.65	1864
154215	1	136	481	60.372	28.657	1474
154220	1	133	588	61.4	28.6	1761
154225	1	133	588	61.3057	28.56962	1702
154230	1	133	589	61.01765	28.57918	2187
154235	1	133	589	61.00045	28.56221	2090
154240	1	133	481	60.75481	28.53511	1636
154245	1	133	481	60.46185	28.50668	1404
154250	1	133	589	61.033	28.483	1848
154255	1	133	589	61.13767	28.42947	1650
154260	1	133	485	60.92726	28.44987	1689
154265	1	133	589	61.3208	28.33755	1393
154270	1	133	481	60.46505	28.34999	1356
154275	1	208	479	59.94488	27.20493	432
154280	1	133	589	61.40062	28.27413	1341
154285	1	133	589	61.467	28.133	1341
154290	1	133	589	62.25419	27.12882	1089
154295	1	133	485	61.00122	28.08135	1397
154300	1	138	588	62.716	28.01797	533
154305	1	133	589	61.52119	28.07117	1377
154310	1	133	485	60.7087	28.09081	1392
154315	1	133	485	60.81948	28.05779	1391
154320	1	134	455	60.025	26.891	705
154325	1	138	594	61.951	27.78	1443
154330	1	133	454	61.04921	27.5664	1205
154335	1	140	595	61.48167	27.65902	1342
154340	1	138	587	62.34539	27.63965	1344
154345	1	133	454	61.03264	27.6643	1276
154348	1	138	587	62.757	27.81	659
154350	1	133	453	60.916	27.61841	1100
154355	1	138	587	62.733333	27.616667	828
154360	1	140	595	61.63558	27.55241	1256
154365	1	133	453	61.16768	27.54883	1301
154370	1	134	455	59.682	27.439	414
154375	1	134	455	59.28	27.53	373
154380	1	134	451	59.43226	27.45248	382
154385	1	132	452	60.82225	27.42095	764
154390	1	132	451	59.91319	27.39294	436
154393	1	138	594	62.329	27.346	1150
154395	1	138	594	62.389	27.332	1175
154400	1	132	452	60.878	27.23	681
154405	1	140	595	61.889	27.349	1157
154410	1	144	593	61.43142	27.23272	1365
154415	1	140	595	62.07	27.245	1152
154420	1	140	595	62.06996	27.2452	1150
154425	1	140	595	62.38	27.318	1146
154430	1	132	452	60.685	27.2	571
154435	1	140	595	62.34906	27.37124	1183
154440	1	132	452	60.361	27.185	494
154445	1	138	594	62.611	27.185	1146
154447	1	138	594	61.563	27.126	1298
154450	1	144	593	61.31423	27.30998	1429
154455	1	134	450	59.80527	27.19686	417
154460	1	138	592	62.83175	27.11449	1058
154465	1	144	593	61.58	27.148	1296
154470	1	138	592	63.242	27.134	897
154475	1	144	452	61.38905	27.05815	1419
154480	1	144	593	61.61694	26.94798	1353
154485	1	140	593	62.117	27.003	1227
154490	1	140	593	61.835	27.017	1253
154495	1	138	592	63.14115	26.8105	1098
154500	1	141	450	60.78325	27.58917	919
154505	1	146	450	60.172	26.833	788
154510	1	138	592	62.637	26.827	1260
154515	1	146	450	60.363	26.785	967
154520	1	146	304	60.548	26.427	962
154525	1	139	306	61.04092	26.75335	1203
154530	1	144	307	62.775	27.428	1029
154535	1	146	450	60.169	27.159	473
154540	1	139	306	61.25708	26.65961	922
154545	1	144	307	61.659	26.68	1040
154550	1	146	304	60.5	26.643	1170
154555	1	138	304	63.022	26.647	882
154560	1	146	450	60.122	26.628	1114
154570	1	141	292	61.003	26.918	1180
154575	1	139	306	61.257	26.466	700
154580	1	146	292	59.08	26.389	441
154585	1	142	304	60.759	26.255	531
154590	1	146	299	60.08111	26.3424	630
154595	1	146	295	59.395	26.295	372
154600	1	142	299	60.328	26.309	665
154605	1	142	304	60.602	26.197	388
154610	1	139	306	61.39963	26.21673	368
154615	1	146	299	60.107	26.143	369
154620	1	139	305	61.69259	26.08686	237
154625	1	142	303	61.083	26.017	239
154630	1	143	295	59.814	26.839	708
154635	1	150	303	60.93304	25.71721	40
154640	1	150	303	61.1	25.6	21
154645	1	143	300	60.43945	25.57194	33
154650	1	143	298	60.083	25.583	19
154655	1	143	294	59.32957	25.57667	12
154660	1	150	302	61.36266	25.40455	8
154665	1	150	302	61.13409	25.384	24
154670	1	150	300	60.63199	25.36337	20
154675	1	150	301	60.867	25.367	15
154680	1	150	300	60.40007	25.34632	10
156020	1	278	469	57.66314	32.98805	960
156030	1	278	508	57.24541	34.90464	1224
156040	1	278	507	57.22001	34.71321	1157
156050	1	271	510	57.35078	34.30069	869
156060	1	279	511	58.38564	34.18427	1916
156070	1	279	511	58.25961	34.24121	1662
156080	1	278	507	56.69758	34.12181	1051
156090	1	279	511	57.95149	34.11726	1091
156100	1	278	506	56.5032	34.1147	1069
156110	1	279	511	58.30311	34.11399	1563
156120	1	280	568	59.03923	34.10387	1544
156130	1	271	512	57.211	34.03268	1035
156140	1	276	457	58.50351	34.03106	1999
156150	1	280	571	58.8032	34.0303	1577
156160	1	280	568	59.22788	34.00922	1536
156170	1	276	511	58.37999	33.97893	1505
156180	1	278	507	56.98225	33.98851	1173
156190	1	280	571	58.73164	33.96207	1691
156200	1	278	506	56.26	33.93	783
156210	1	280	571	59.05848	33.86588	1484
156220	1	271	512	57.27217	33.82	1172
156240	1	280	571	58.85806	33.77842	1780
156250	1	278	460	56.75181	33.77756	696
156260	1	275	573	59.96305	33.69279	1132
156270	1	275	569	58.9666	33.674	1899
156280	1	278	460	57.1545	33.64088	1332
156290	1	275	569	59.7038	33.41945	1720
156300	1	276	457	58.24	33.4	1260
156310	1	278	460	57.25493	33.37843	1398
156320	1	280	571	58.8032	34.0303	1577
156330	1	278	506	56.0717	33.36469	1042
156340	1	275	569	59.90274	33.31349	2210
156350	1	276	469	58.62684	33.44971	1339
156360	1	280	458	59.3378	33.23983	1845
156380	1	274	576	59.71108	33.16261	2000
156390	1	274	576	59.8798	33.14452	1856
156400	1	272	458	59.23154	33.09922	1847
156410	1	276	458	58.67948	33.67955	1432
156420	1	274	573	60.4653	33.50728	674
156430	1	273	472	58.79655	32.99651	1720
156440	1	274	575	60.22795	32.99767	1395
156450	1	272	472	59.20906	32.84813	1511
156460	1	277	472	59.62887	32.86537	2047
156470	1	274	576	60.35145	32.86356	1230
156480	1	274	576	60.21376	32.71978	1287
156490	1	273	471	59.14254	32.70304	1851
156500	1	277	472	59.52047	32.70777	1859
156510	1	273	471	59.01691	32.58001	1424
156520	1	277	574	60.37378	32.54736	1491
156530	1	273	470	58.59758	32.86469	1238
156540	1	277	471	59.38196	32.47088	1502
156550	1	278	468	57.48	32.37	1118
156560	1	277	579	59.87446	32.36572	1634
156570	1	278	470	58.84492	32.33038	1379
156580	1	281	492	59.7416	32.28383	1628
156590	1	277	577	60.32856	32.40516	1330
156600	1	281	491	59.39941	32.22771	1935
156610	1	277	577	60.69743	32.19152	942
156620	1	274	576	59.90205	32.8373	1937
156630	1	281	492	59.87111	32.68331	2118
156640	1	281	492	59.85196	32.17616	1372
156650	1	281	488	59.51062	31.99092	1762
156660	1	281	488	59.46563	31.81527	1456
156680	1	273	489	59.09195	31.70722	1269
156690	1	281	488	59.44186	31.6372	1449
156700	1	281	488	59.98934	31.96684	1355
156710	1	281	582	60.3722	31.45564	962
156720	1	281	581	60.6868	31.43947	762
156730	1	281	581	60.717	31.383	736
156740	1	281	489	59.69294	31.48155	1080
156750	1	281	582	60.09139	31.02385	1101
156760	1	281	583	59.9194	31.67469	1566
158020	2	238	36	56.767409	38.266576	866
158025	2	238	36	56.737	38.255	929
158030	2	238	36	57.138497	38.221855	1391
158035	2	238	36	56.838575	38.211816	941
158040	2	238	36	56.601	38.194	834
158045	2	238	36	56.533948	38.189006	776
158050	2	238	36	56.473649	38.18302	696
158055	2	238	36	56.943749	38.182125	1104
158060	2	238	36	56.658315	38.173961	890
158065	2	238	36	57.018063	38.169268	1089
158070	2	238	36	56.662599	38.16649	926
158075	2	238	36	56.784178	38.142647	1032
158080	2	238	36	57.246144	38.139175	1494
158085	2	238	36	57.079079	38.135245	1151
158090	2	241	38	56.518043	38.075744	1019
158095	2	238	36	57.28936	38.064414	1349
158100	2	238	36	57.140244	38.056988	1229
158105	2	238	38	56.991778	37.980111	1152
158110	2	238	38	56.784662	37.955781	848
158115	2	236	38	57.310297	37.953973	1351
158120	2	238	38	57.112	37.935	1290
158125	2	239	37	57.699	37.9058	1689
158130	2	236	38	57.217416	37.879132	1181
158135	2	241	40	56.76	37.47	881
158140	2	239	38	57.765	37.8541	1787
158145	2	239	596	57.895716	37.829024	1809
158150	2	241	38	56.422921	37.822283	402
158155	2	241	38	57.008448	37.818181	1005
158160	2	236	38	57.31	37.81	981
158162	2	241	39	56.3666	37.8005	439
158165	2	239	38	57.557111	37.793171	1341
158170	2	241	38	56.580191	37.748558	462
158175	2	239	38	57.718464	37.745674	1392
158180	2	241	39	56.325621	37.737206	532
158185	2	239	42	58.014547	37.710552	1716
158190	2	241	38	56.911121	37.706903	567
158195	2	241	38	57.075242	37.698031	689
158200	2	236	38	57.408806	37.68104	1139
158205	2	239	42	58.097	37.675	1815
158210	2	241	38	57.205319	37.666903	708
158215	2	263	42	58.19	37.08	1564
158220	2	241	38	57.039292	37.634335	658
158225	2	239	38	57.77792	37.633173	1407
158227	2	417	37	56.09	37.78	1255
158230	2	239	38	57.90071	37.625119	1748
158235	2	241	39	56.406	37.624	785
158240	2	239	38	57.856743	37.605343	1507
158245	2	241	39	56.214761	37.568558	853
158250	2	239	38	57.698143	37.566662	1414
158255	2	241	40	56.927238	37.559182	757
158260	2	241	40	56.799491	37.541628	801
158265	2	236	38	57.092778	37.533266	931
158270	2	236	38	57.485322	37.513896	941
158275	2	241	40	56.549584	37.504909	1236
158280	2	241	40	56.750768	37.498497	856
158285	2	241	39	56.16074	37.480701	1082
158290	2	236	38	57.599455	37.465594	997
158295	2	241	40	56.74	37.44	1026
158300	2	239	42	58.125337	37.439879	1470
158305	2	241	536	56.549902	37.429567	1554
158310	2	236	41	57.167339	37.412996	1564
158315	2	239	42	58.092147	37.408497	1232
158320	2	239	42	57.945083	37.391797	1089
158325	2	239	42	57.8257	37.401	1062
158330	2	236	41	57.540106	37.400103	1287
158335	2	240	42	58.276033	37.39221	1432
158340	1	237	536	56.89	37.34	1347
158345	2	239	42	57.767138	37.327205	1303
158350	2	236	41	57.57419	37.325619	1533
158355	2	239	42	57.7373	37.3176	1300
158360	2	239	42	57.908827	37.31464	1191
158365	1	237	536	56.9762	37.3081	1586
158370	2	236	41	57.234399	37.301996	1425
158375	2	240	42	58.285906	37.299247	1236
158380	2	239	42	58.00218	37.288033	1197
158382	2	240	42	58.289347	37.280944	1222
158385	1	242	34	55.927703	37.261211	1270
158390	2	239	42	57.907278	37.24126	1310
158395	1	242	536	56.600376	37.227306	1509
158400	2	239	42	57.7891	37.2237	1778
158405	1	235	535	57.409882	37.219271	1568
158410	2	240	42	58.036273	37.216672	1362
158415	1	235	535	57.486429	37.20364	1575
158420	1	237	535	56.921	37.1916	1230
158425	1	237	535	56.8332	37.1891	1129
158430	2	240	42	58.155	37.17	1333
158433	1	235	535	57.53278	37.13556	1428
158435	2	239	42	57.9233	37.1628	1796
158440	1	235	535	57.341151	37.14776	1111
158445	1	235	535	57.7664	37.1331	1735
158450	1	235	535	57.609715	37.075936	1447
158455	1	235	535	57.095187	37.072731	1013
158460	1	237	535	57.001	37.0721	982
158465	2	263	42	58.224	37.072	1610
158467	1	235	535	57.291479	37.057131	1060
158468	1	237	536	56.9	37.31	1395
158470	1	242	534	56.28	36.98	1048
158475	2	240	533	58.128724	36.983905	1905
158480	1	242	534	56.214428	36.971718	1097
158485	1	235	535	57.049662	36.964046	993
158490	1	235	535	57.544761	36.961636	1240
158495	1	237	534	56.3783	36.9517	939
158500	1	235	537	57.942915	36.902938	1588
158505	1	235	537	57.362095	36.875449	1046
158510	1	235	537	57.523343	36.872136	1141
158515	1	235	533	58.084021	36.818584	1726
158517	1	235	537	58	36.81	1491
158520	1	235	537	57.740206	36.765001	1136
158525	1	237	532	56.5236	36.7147	920
158530	1	235	537	57.920526	36.697909	1227
158535	2	239	42	58.16	37.33	1168
161020	2	81	71	48.05	32.85528	481
161025	2	285	112	49.60594	32.47175	1376
161030	2	286	136	48.23513	32.75961	432
161040	2	295	108	48.58903	32.61416	527
161050	2	286	136	48.76173	32.74857	990
161055	2	285	112	49.76437	32.40451	2029
161060	2	300	70	48.14849	32.31682	90
161090	2	303	108	49.24088	32.38872	495
161100	2	295	136	48.64407	32.38116	194
161110	2	300	68	48.41486	32.36022	121
161120	2	304	106	49.35749	32.1593	735
161130	2	304	106	49.06637	32.13372	369
161140	2	288	112	49.56499	32.09193	643
161150	2	304	109	49.82543	32.00112	662
161160	2	296	67	48.1452	31.77755	65
161170	2	304	106	49.49817	31.76447	380
161180	2	289	147	50.02615	31.59509	1081
161190	2	296	67	48.18806	31.55195	7
161200	2	289	106	49.71149	31.5351	593
161210	2	290	144	49.07523	31.86336	57
161220	2	307	67	47.92593	31.52007	13
161230	2	296	67	48.4556	31.83213	34
161240	2	289	147	50.0864	31.36514	962
161250	2	293	68	48.89717	31.83545	23
161260	2	289	147	50.01604	31.82935	1217
161270	2	290	144	49.38652	31.67868	283
161280	2	289	148	50.1616	31.40144	1791
161290	2	289	148	50.20259	31.62111	1063
161300	2	293	67	48.59564	31.64778	27
161310	2	298	145	49.8928	31.62854	870
161320	2	287	144	49.24036	31.54885	77
161330	2	287	67	48.77382	31.46755	16
161340	2	287	144	49.04147	31.4851	18
161350	2	298	145	49.52234	31.44173	289
161360	2	287	67	48.45317	31.74715	32
161370	2	287	103	49.3802	31.37124	63
161380	2	287	144	49.17141	31.22373	32
161390	2	287	144	48.93172	31.20853	19
161400	2	287	103	48.25861	31.26574	14
161410	2	287	103	48.65149	31.22605	11
161420	2	284	144	49.9128	31.14785	524
161430	2	297	144	49.38351	31.04706	46
161440	2	287	144	49.69832	31.04669	86
161450	2	284	149	49.85643	30.8774	160
161460	2	292	150	50.1884	30.84544	486
161470	2	299	144	48.79421	30.80014	7
161480	2	292	149	50.05904	30.75699	389
161490	2	294	103	48.43322	30.74445	11
161500	2	291	144	48.87899	31.06307	13
161510	2	284	153	49.9003	30.55735	47
161520	2	291	144	49.40741	30.89104	24
161530	2	294	103	48.17038	30.45551	12
161540	2	291	144	49.16299	30.70901	17
161550	2	291	144	49.68404	30.46707	11
161560	2	292	160	50.45018	30.61608	706
161570	2	292	153	50.22448	30.32525	161
161580	2	306	152	49.81525	31.37138	478
161590	2	306	167	50.0569	30.35621	108
161595	2	282	102	48.58253	30.17352	6
161600	2	282	102	48.42196	30.12758	7
161610	2	282	400	48.52176	29.97904	6
166020	2	75	87	47.766667	34.216667	1755
166025	2	75	87	47.883333	34.166667	1831
166030	2	75	87	47.983333	34.116667	1895
166040	2	75	87	47.716667	34.083333	1638
166042	2	75	87	47.93	34.08	1938
166045	2	75	87	48.1625	34.0383	1900
166050	2	73	101	48.83	34.03	2303
166055	2	230	86	47.33	34.02	1617
166060	2	73	141	48.6667	34.0167	1825
166070	2	75	75	47.98333	33.983333	1671
166075	2	75	86	47.716667	33.966667	2138
166080	2	73	140	48.8333	33.95	2039
166085	2	75	86	47.7	33.93	1588
166090	2	75	75	48.016667	33.93333	1735
166095	2	73	140	48.6	33.9167	2142
166100	2	75	86	48.09	33.97	2081
166105	2	79	75	48.033333	33.883333	1704
166110	2	73	140	48.9167	33.8833	2146
166115	2	73	140	48.833333	33.866667	1631
166120	2	73	140	48.8	33.8333	1535
166125	2	79	76	48.37	33.82	1824
166130	2	76	75	47.7	33.8	1279
166135	2	73	140	48.6167	33.8	1974
166140	2	79	75	47.916667	33.783333	1323
166145	2	79	76	48.26666667	33.78333333	1642
166150	2	79	75	47.8167	33.7667	1691
166155	2	79	75	48.05	33.766667	1691
166160	2	74	77	48.58	33.77	2012
166165	2	74	77	48.4	33.733333	1811
166170	2	77	140	48.83	33.72	1486
166175	2	76	75	47.8	33.7	1061
166180	2	80	86	47.15	33.6833	1114
166185	2	80	86	47.47	33.68	1226
166190	2	79	74	48.15	33.683	1614
166195	2	76	75	47.85	33.666	1169
166200	2	77	140	48.9167	33.6667	1495
166205	2	74	77	48.55	33.65	1657
166215	2	71	142	49.4	33.633333	2006
166220	2	74	74	48.2833	33.6167	1293
166225	2	74	74	48.216	33.6	1723
166230	2	71	143	49.5203	33.5869	1919
166235	2	80	86	47.2833	33.55	1540
166240	2	76	74	48.033333	33.55	1127
166245	2	74	74	48.35	33.5333	1257
166250	2	74	74	48.4333	33.5333	1427
166251	2	74	77	48.7	33.5	1808
166253	2	74	74	48.348072	33.504606	1206
166255	2	80	72	47.8333	33.5	1177
166260	2	74	77	48.7	33.5	1808
166270	2	77	140	49.07	33.5	1442
166275	2	76	74	48.0167	33.4833	1015
166280	2	74	74	48.35	33.49	1195
166285	2	72	143	49.7333	33.4833	2161
166290	2	80	79	47.1667	33.4833	982
166295	2	80	79	47.2374	33.4741	1014
166300	2	80	79	47.45	33.45	1310
166305	2	80	73	47.666667	33.45	1170
166310	2	74	74	48.6333	33.45	2076
166315	2	77	140	49.18	33.45	1651
166320	2	80	73	47.616667	33.433333	1127
166325	2	71	143	49.483333	33.433333	1845
166327	2	80	79	47.4007	33.4133	1287
166330	2	78	79	47.3167	33.3333	1370
166340	2	72	143	49.6167	33.3833	1963
166345	2	81	72	47.95	33.366667	884
166350	2	74	139	48.55	33.28	2336
166355	2	74	74	48.2667	33.28	1825
166365	2	77	140	49.12	33.55	1499
166370	2	74	74	48.4833	33.3167	1688
166375	2	74	74	48.6	33.3167	1754
166380	2	81	72	47.883333	33.3	910
166395	2	81	72	48.016667	33.283333	1373
166400	2	71	143	49.483333	33.283333	2185
166405	2	72	143	49.8833	33.2833	2326
166415	2	74	139	48.55	33.2667	1975
166420	2	72	139	49.05	33.25	2078
166425	2	72	138	49.65	33.25	2109
166430	2	81	72	48.211078	33.238201	1467
166435	2	74	139	48.5333	33.2333	1405
166440	2	74	139	48.7667	33.2333	1141
166445	2	74	139	48.8833	33.2333	1271
166450	2	72	138	49.7016	33.2355	2106
166455	2	72	143	49.6138	33.406	1932
166460	2	81	72	47.733333	33.2	769
166465	2	74	139	48.5	33.1833	1451
166470	2	81	72	47.85	33.166667	962
166475	2	168	78	47.3	33.16	873
166480	2	72	138	49.37	33.16	2500
166485	2	81	71	47.96	33.15	1153
166490	2	74	139	48.57	33.15	917
166500	2	72	139	49.3667	33.1333	2576
166505	2	81	72	47.55	33.116667	530
166510	2	74	139	48.65	33.1167	727
166515	2	74	139	48.8833	33.0833	2276
166520	2	72	137	48.9333	33.05	2083
166525	2	81	71	48.15	32.966667	682
166530	2	81	71	48.183333	32.966667	905
166535	2	74	137	48.75	32.93333333	1101
166540	2	72	137	49.6333	32.95	2244
166545	2	81	71	47.99776	32.854486	344
171001	2	417	37	55.82	38.03	255
171004	2	422	37	55.52	37.95	74
171008	2	417	37	56.08	37.9	322
171017	2	416	33	55.57	37.75	571
171019	2	416	33	55.37	37.68	333
171020	1	364	418	52.493333	31.321944	2095
171023	1	364	417	52.683056	31.238333	2253
171026	1	364	418	52.496667	31.210833	2125
171029	1	364	418	52.52	31.19	2135
171032	2	364	419	52.4011	31.0846	2309
171033	2	422	35	55.28	37.4	83
171035	2	364	406	52.083889	31.121389	2453
171038	1	364	418	52.74	31.09	1952
171041	2	364	419	52.245495	31.077804	2393
171047	1	364	418	52.883333	30.933333	2036
171049	2	414	33	54.9	37.08	20
171050	2	367	406	52.448889	30.913056	2488
171052	2	410	33	54.57	37.07	1
171053	2	364	409	52.0025	30.898056	2319
171054	2	421	33	54.07	37.05	-23
171056	2	367	406	52.521389	30.842222	2370
171059	2	367	406	52.347778	30.839167	2333
171062	1	371	405	53.176667	30.764167	2563
171064	2	410	33	54.38	37.0	-14
171065	2	367	408	51.964167	30.718056	2118
171068	2	367	410	52.1888	30.7125	2205
171069	2	414	33	54.73	36.98	53
171071	2	367	406	52.598889	30.711667	2367
171074	2	367	406	52.674444	30.6555	2357
171077	2	367	410	52.4075	30.643333	2164
171080	2	367	406	52.568056	30.631667	2339
171083	1	371	405	52.950556	30.604722	2342
171086	2	367	406	52.655833	30.570833	2331
171087	2	414	33	55.02	36.87	1138
171089	2	374	161	51.206389	30.569444	1819
171092	2	377	408	51.950556	30.520278	2182
171095	2	367	410	52.458056	30.516389	2148
171098	2	387	408	52.084167	30.514444	1933
171101	1	371	405	53.126389	30.513333	2190
171104	2	368	404	53.3121	30.3012	1987
171107	2	367	411	52.233333	30.489444	2210
171110	2	377	408	51.868611	30.459167	2318
171113	2	391	404	53.1309	30.2517	2006
171116	2	371	404	53.2522	30.2511	1904
171119	2	374	161	51.368611	30.404722	889
171122	2	367	411	52.4	30.4	2185
171125	2	368	404	53.56	30.4	2587
171128	2	367	410	52.683333	30.388889	2216
171129	2	388	160	51.1914	30.1403	781
171131	2	387	408	52.084167	30.514444	1933
171134	1	368	423	53.9	30.35	1879
171137	2	374	164	51.514167	30.341667	1063
171140	2	388	164	51.625278	30.307778	1417
171143	2	374	164	51.398889	30.305	803
171146	1	368	424	53.802954	30.29529	2122
171149	2	387	408	52.14	30.24	2670
171152	2	387	408	52.14	30.27	1990
171155	2	387	400	52.447937	30.27182	1695
171158	2	368	404	53.52	30.25	2202
171161	2	374	164	51.526944	30.241389	879
171164	2	388	164	51.705278	30.1347	1245
171167	2	391	404	53.158889	30.217222	1860
171170	2	377	167	52.036667	30.2075	2104
171173	2	387	408	52.42	30.21	1643
171176	2	388	164	51.502222	30.197222	890
171179	2	388	164	51.733889	30.184444	1181
171182	2	387	408	52.084167	30.514444	1933
171185	2	377	167	52.0675	30.136389	2000
171188	2	388	163	51.521944	30.116389	951
171191	2	377	165	51.82	30.1	1822
171194	2	387	400	52.71	30.09	1627
171197	2	377	407	52.429167	30.091111	1626
171200	2	377	407	52.288333	30.083333	1791
171203	2	387	402	52.921389	30.083333	1719
171206	2	388	160	51.206944	30.074444	1030
171209	2	391	403	53.278333	30.062222	1916
171212	2	391	402	53.045278	30.058056	1766
171215	1	368	426	53.72	30.01	2143
171218	2	388	165	51.956667	30.018056	1544
171221	2	377	407	52.357778	30.008333	1670
171224	2	387	400	52.64	30.01	1600
171227	2	387	392	53	30.0	1658
171230	2	388	169	50.955278	29.986944	608
171233	2	387	400	52.848611	29.973056	1620
171236	1	368	426	53.88	29.97	2091
171239	2	365	391	53.249722	29.946389	1738
171242	2	388	165	51.913056	29.920556	1841
171245	2	387	400	52.9175	29.885278	1614
171248	2	387	400	52.801389	29.884444	1602
171251	2	383	173	51.605	29.839444	900
171254	1	390	394	53.5994	29.8267	1590
171257	2	378	412	52.334167	29.825556	1997
171260	1	390	394	53.6519	29.8194	1576
171263	1	365	394	53.494722	29.811389	1577
171266	2	378	412	52.500833	29.805	1865
171269	2	378	407	52.6503	29.7994	1604
171272	2	383	173	51.669167	29.797778	921
171275	1	365	390	53.245556	29.778333	1588
171278	2	378	400	52.846667	29.7775	1589
171281	2	378	221	51.975556	29.756389	2173
171284	2	378	412	52.414722	29.750556	1809
171287	2	383	172	51.551944	29.748056	768
171290	1	390	394	54.0036	29.7464	1702
171293	1	365	390	53.310278	29.740556	1578
171296	1	390	394	53.8564	29.7033	1573
171299	2	383	172	51.58	29.68	793
171302	2	378	219	52.140556	29.669444	1953
171305	2	378	177	51.979722	29.66148	2144
171308	2	378	400	53.0353	29.6353	1581
171311	1	390	399	53.7425	29.6122	1580
171314	2	383	173	51.875	29.592222	1432
171317	1	390	394	54.0467	29.5922	1585
171320	2	383	171	51.519167	29.566111	965
171323	2	378	401	52.916111	29.561111	1596
171326	2	383	171	51.334722	29.559167	487
171329	2	378	416	52.875556	29.503611	1475
171335	2	370	400	53.308056	29.501944	1594
171338	2	378	176	52.17222222	29.5	1693
171341	2	378	176	52.185	29.499	1658
171344	1	390	428	54.335	29.48	2250
171347	2	383	178	51.896111	29.448333	841
171350	2	378	219	52.423056	29.441389	1752
171353	2	378	413	52.6525	29.416389	1482
171356	2	378	219	52.344167	29.415556	1792
171359	2	383	174	51.993056	29.402778	970
171362	2	376	416	52.8025	29.380833	1493
171365	2	378	176	52.1625	29.37861111	1373
171368	1	390	429	54.4619	29.3642	1988
171371	2	383	174	51.871944	29.353333	722
171374	1	390	432	54.799	29.332	1709
171377	2	383	175	51.705278	29.289722	825
171380	2	383	174	51.936111	29.288056	751
171383	2	376	415	53.201	29.28	1535
171386	2	366	396	53.9222	29.2626	1573
171389	2	366	396	53.986944	29.248056	1583
171392	2	376	415	52.956111	29.233611	1508
171395	2	366	396	53.908333	29.228333	1610
171398	2	376	415	53.133056	29.214167	1505
171401	2	384	414	52.683398	29.220598	1553
171404	2	366	211	53.668611	29.201111	1578
171407	2	366	211	53.774444	29.193611	1593
171410	2	381	194	52.461389	29.169444	1756
171413	2	380	210	53.41	29.16	1725
171416	1	390	432	54.7003	29.1483	1594
171419	2	379	175	52.020289	29.117427	754
171422	2	381	174	52.23	29.1141	1333
171425	2	380	210	53.65	29.11	1537
171428	1	390	398	54.4672	29.1042	1884
171429	2	381	193	52.648703	29.101964	1928
171430	1	390	398	54.3557	29.1123	1851
171431	2	390	252	54.5603	29.0828	2022
171434	2	379	175	52.034444	29.067222	780
171437	2	381	193	52.572778	29.037222	1523
171440	2	381	193	52.445	29.022778	1701
171443	2	366	214	54.239722	29.015	1463
171446	1	390	433	54.813	29.006	1589
171449	2	369	217	53.083	29.004	1365
171452	2	369	217	52.9306	28.9727	1731
171455	2	366	252	54.4	28.98	1456
171458	2	379	175	51.956599	28.972584	771
171461	2	366	252	54.339444	28.965	1461
171464	2	369	217	53.219	28.962685	1277
171467	2	380	209	53.63	28.95	1400
171470	2	380	213	54	28.95	1388
171473	1	390	433	54.9439	28.9458	1598
171476	2	369	217	53.31	28.94	1386
171479	2	379	175	52.245278	28.928889	1277
171480	2	390	252	54.7039	28.9461	2063
171482	2	369	217	53.305278	28.908056	1219
171485	2	380	213	54.13	28.9	1403
171488	2	381	216	52.749167	28.868333	1545
171491	2	381	192	52.571	28.859	1344
171494	1	390	433	55.0122	28.8561	1605
171497	2	381	192	52.420833	28.830278	1316
171500	1	373	433	54.717222	28.820278	1969
171503	2	380	208	53.76	28.79	1226
171506	2	373	250	54.318889	28.788889	1094
171509	2	373	250	54.560833	28.754444	1184
171512	2	373	250	54.263056	28.752778	1081
171515	2	381	192	52.671111	28.750556	1355
171518	2	380	208	53.8	28.75	1207
171521	2	369	215	53.071	28.743	1128
171523	1	372	199	53.057314	27.780347	537
171524	2	381	192	52.621111	28.720278	1218
171527	2	369	215	52.951	28.702	1207
171530	1	373	248	54.984444	28.674167	1979
171533	2	373	250	54.394722	28.665833	1065
171536	2	373	250	54.526667	28.654444	1085
171539	2	373	250	54.680556	28.652778	1145
171542	2	369	215	53.093	28.646	959
171545	2	369	206	53.646	28.646	1050
171548	2	373	250	54.893333	28.627222	1613
171551	2	369	205	53.314	28.625	984
171554	2	379	191	52.236395	28.600816	721
171557	1	373	245	55.134444	28.591111	2099
171560	2	369	207	53.767	28.581	1123
171563	2	369	203	53.215	28.579	937
171566	1	373	245	55.335833	28.5625	1547
171569	1	375	249	54.385	28.545	1046
171572	2	373	250	54.873611	28.526667	1342
171575	2	379	191	52.304495	28.489728	406
171578	2	382	203	53.0372	28.4825	770
171581	1	373	248	55.066389	28.454444	1333
171584	2	382	203	53.1519	28.4464	708
171587	1	375	227	54.189	28.417	1127
171590	2	382	203	53.1092	28.4086	702
171593	2	369	224	53.85	28.39	1616
171596	2	382	200	52.5972	28.3639	599
171599	2	382	204	53.3339	28.3614	717
171602	1	375	249	54.54	28.359	1018
171605	2	382	202	52.9672	28.3469	653
171608	1	375	227	54.343	28.304	1080
171611	1	373	246	55.222778	28.284444	886
171614	2	382	187	52.888262	28.271099	784
171617	1	385	224	53.979	28.255	866
171620	1	373	247	55.1375	28.220833	762
171623	1	372	201	53.151667	28.163889	579
171626	2	385	225	53.603056	28.151389	818
171629	2	379	195	52.269444	28.144444	183
171632	1	385	224	54.046389	28.086389	831
171633	2	381	216	52.85116	28.858377	1618
171635	1	375	235	54.647	28.058	808
171636	2	327	195	52.3043	28.0247	347
171638	1	385	235	55.048611	28.032778	704
171641	1	385	224	54.115556	28.022778	855
171644	1	385	224	54.333	27.955	1035
171647	2	389	195	52.485833	27.940278	318
171650	1	386	196	53.2518	27.525	462
171653	1	372	199	53.116	27.871	543
171656	1	385	222	53.686	27.799	678
171657	1	386	255	53.2315	27.4621	716
171659	1	385	228	54.01	27.76	959
171662	1	392	199	53.631	27.726	605
171665	1	392	237	54.148056	27.665556	915
171668	1	389	256	52.649722	27.656667	500
171671	1	385	237	54.281	27.653	824
171674	1	386	196	53.0002	27.624167	455
171677	1	392	197	53.568611	27.585833	547
171680	1	386	196	53.0925	27.576944	459
171683	1	389	256	52.870556	27.549167	445
171686	1	385	197	53.728333	27.536111	612
171689	1	385	229	54.978333	27.531389	494
171692	1	386	196	53.251667	27.516944	477
171695	1	389	255	52.940833	27.509167	433
171698	1	385	197	54.026944	27.500833	659
171701	1	389	255	53.049444	27.468056	434
171704	1	385	197	53.861	27.451	642
171707	1	385	196	53.507	27.43	499
171710	1	386	196	53.439167	27.428333	495
171713	1	386	255	53.178333	27.330278	439
171716	1	386	255	53.603	27.233	391
171719	1	386	255	53.663	27.207	412
174020	2	55	113	50.683333	31.35	1829
174025	2	55	113	50.8	31.283333	1645
174030	2	55	113	50.73	31.28	2097
174035	2	57	151	50.333333	31.216667	1635
174040	2	57	151	50.466667	31.216667	1506
174045	2	57	148	50.24	31.2	2255
174050	2	56	114	51.233333	31.2	1644
174055	2	56	113	51.1	31.15	1452
174060	2	56	114	51.266667	31.133333	1884
174065	2	57	151	50.5	31.116667	1156
174070	2	56	113	51.1	31.116667	2039
174075	2	54	151	50.1	31.1	1281
174080	2	55	151	50.883333	31.1	1915
174085	2	56	113	51.066667	31.066667	2419
174090	2	56	118	51.216667	31.066667	1600
174095	2	54	151	50.216667	31.033333	1001
174100	2	56	118	51.233333	31.033333	1551
174105	2	54	149	50.016667	31.016667	572
174110	2	54	149	50.1	31.0	915
174115	2	55	151	50.8	31.0	1429
174120	2	57	151	50.566667	30.983333	732
174125	2	55	151	50.883333	30.983333	1444
174130	2	55	151	51.083333	30.983333	2205
174135	2	58	151	50.416667	30.966667	767
174140	2	56	118	51.25	30.95	1560
174145	2	55	151	50.9	30.933333	1514
174150	2	57	151	50.383333	30.916667	755
174155	2	55	151	51.016667	30.9	2072
174160	2	57	151	50.4	30.883333	866
174165	2	56	118	51.333333	30.883333	1651
174170	2	59	158	50.783333	30.866667	1563
174175	2	55	118	51.283333	30.866667	1782
174180	2	57	151	50.45	30.85	864
174185	2	57	158	50.75	30.85	1033
174190	2	57	158	50.633333	30.833333	870
174195	2	55	119	51.216667	30.833333	1983
174200	2	59	158	50.833333	30.8	1112
174205	2	59	151	51.016667	30.8	2111
174210	2	56	118	51.416667	30.8	1814
174215	2	56	118	51.433333	30.8	1767
174220	2	57	158	50.616667	30.783333	803
174225	2	55	119	51.316667	30.783333	1813
174230	2	55	118	51.5	30.766667	2010
174235	2	55	119	51.316667	30.75	1667
174240	2	55	118	51.533333	30.75	1953
174245	2	59	158	50.733333	30.716667	698
174250	2	55	118	51.616667	30.716667	2110
174255	2	59	158	50.733333	30.7	675
174260	2	55	118	51.45	30.7	2115
174265	2	55	159	51.2	30.683333	2027
174270	2	55	118	51.633333	30.683333	2450
174275	2	57	157	50.5	30.666667	800
174280	2	59	159	50.783333	30.65	938
174285	2	55	119	51.366667	30.65	2147
174290	2	60	159	50.75	30.633333	727
174295	2	59	159	51.08	30.633333	2615
174300	2	55	119	51.246811	30.676614	2027
174305	2	53	159	50.866667	30.583333	1077
174310	2	55	118	51.566667	30.583333	1840
174320	2	292	156	50.4	30.533333	365
174325	2	60	157	50.75	30.533333	1354
174330	2	55	118	51.65	30.533333	2225
174335	2	55	118	51.6	30.516667	2457
174340	2	55	118	51.7	30.466667	2168
174345	2	53	162	51.03	30.45	1021
174350	2	55	118	51.766667	30.45	2076
174355	2	55	118	51.767	30.45	2081
174360	2	60	154	50.566667	30.433333	541
174365	2	374	161	51.366667	30.433333	933
174370	2	53	160	51.066667	30.383333	1090
174375	2	53	162	51.15	30.35	797
174380	2	60	154	50.683333	30.316667	542
174385	2	53	162	51.2	30.316667	787
174390	2	60	160	51.033333	30.25	725
174400	2	60	160	50.816667	30.1	549
174405	2	60	168	50.6	30.033333	285
176019	1	157	240	55.8263	28.39389	1131
176020	1	157	241	56.038005	28.138061	920
176021	1	198	242	56.8351	28.28528	1581
176023	1	198	284	56.9483	28.24917	1813
176025	1	157	283	56.9625	28.11667	1413
176030	1	157	241	56.3588	28.0325	1108
176035	1	155	238	56	27.75	1039
176040	1	155	238	56.0794	27.76056	671
176045	1	163	258	53.005639	27.180585	49
176050	1	155	275	56.23	27.67	512
176055	1	155	238	55.8955	27.62861	311
176060	1	155	231	56.0777	27.55278	297
176065	1	155	273	56.44	27.55	218
176070	1	155	274	56.8616	27.50111	62
176075	1	155	274	56.6313	27.49972	53
176080	1	158	229	55.4169	27.46944	413
176085	1	158	229	55.73839	27.0104	9
176090	1	155	274	56.542	27.44722	50
176092	1	155	274	56.56	27.42	69
176095	1	155	274	56.5986	27.42528	53
176100	1	161	267	56.038931	26.870086	35
176105	1	155	273	56.3747	27.38278	101
176110	1	162	274	56.9413	27.37889	27
176115	1	155	274	56.72	27.36	12
176117	1	162	274	56.96	27.34	40
176119	1	158	229	55.3094	27.346	342
176120	1	155	273	56.5413	27.34472	27
176122	1	152	232	54.438	27.33333	423
176125	1	155	272	56.2783	27.32222	69
176130	1	155	230	56.13	27.3	59
176135	1	163	258	52.9377	27.2732	41
176140	1	163	258	52.865186	27.250685	17
176145	1	158	230	55.9475	27.26444	40
176150	1	163	258	53.004862	27.24253	48
176155	1	152	232	54.5622	27.24194	710
176160	1	158	229	55.5627	27.21667	37
176165	1	158	229	55.7497	27.23	26
176167	1	152	232	54.75	27.21	389
176170	1	152	229	55.0708	27.16444	395
176175	1	155	229	55.888	27.15639	30
176176	1	162	278	57.45	27.15	254
176177	1	162	278	57.443	27.15	250
176180	1	152	253	54.8	27.13	1010
176190	1	155	271	55.998657	27.081922	8
176195	1	163	258	53.3	27.12	204
176200	1	161	267	56.064089	26.781122	13
176205	1	163	258	53.3664	27.1058	178
176210	1	163	258	53.4132	27.0901	178
176215	1	163	258	53.53	27.08	200
176220	1	162	277	57.05	27.07	19
176225	1	162	287	57.1911	27.06972	59
176230	1	162	277	56.975	27.06528	21
176240	1	161	267	55.72736	26.759264	7
176245	1	152	254	54.2832	27.01994	314
176247	1	154	253	54.96	27.01	135
176250	1	154	287	53.4766	26.96889	11
176253	1	161	267	56.07047222	26.95986111	15
176255	1	160	286	57.1186	26.95111	14
176260	1	154	259	53.9047	26.89778	78
176265	1	154	253	55.2758	26.89778	31
176270	1	154	253	55.3302	26.89361	25
176275	1	154	260	54.06	26.87	61
176280	1	161	267	55.9999	26.865	21
176285	1	160	286	57.0686	26.86889	12
176290	1	154	259	53.8844	26.86306	60
176295	1	154	260	54.3316	26.86194	57
176300	1	154	253	55.3661	26.83667	19
176305	1	160	286	57.0516	26.79722	12
176310	1	154	261	54.4547	26.75611	21
176315	1	154	261	54.8377	26.76111	23
176320	1	154	261	54.5547	26.74361	28
176325	1	154	261	54.2755	26.72972	5
176330	1	154	261	54.9172	26.72194	19
176335	1	160	288	57.12	26.48	8
176340	1	154	261	55.085	26.69694	12
176345	1	161	267	55.7105	26.6925	7
176347	1	153	290	57.9541	26.67278	1101
176350	1	154	261	54.4461	26.67139	14
176355	1	154	304	54.3636	26.6547	7
176360	1	154	261	55.05	26.66	11
176361	1	153	290	57.8352	26.64583	1164
176362	1	161	307	55.2866	26.64034	8
176364	1	153	290	58.0394	26.61389	1097
176365	1	154	261	54.5055	26.60778	12
176370	1	160	288	57.0933	26.61417	14
176375	1	154	261	54.938	26.59583	9
176380	1	153	290	57.87	26.58	1015
176382	1	162	288	57.6035	26.5766	692
176385	1	154	261	54.5825	26.5825	19
176388	1	153	290	58.0369	26.55861	917
176390	1	153	291	58.58	26.55	863
176392	1	160	288	57.1071	26.5201	9
176395	1	154	261	54.6494	26.51972	26
176400	1	154	261	54.8	26.52611	19
176405	1	160	288	57.12	26.48	8
176410	1	160	288	57.1883	26.40889	16
176415	1	160	288	57.1994	26.35333	15
176417	1	153	290	57.6722	26.30194	454
176420	1	156	288	57.2827	26.0875	27
176425	1	156	289	57.4636	25.85972	25
176430	1	156	289	57.6158	25.83833	20
176435	1	156	288	57.348	25.8275	11
176440	1	156	289	57.6652	25.82667	20
176445	1	156	289	57.77	25.73	16
176447	1	156	293	58.9716	25.65806	56
176449	1	158	229	55.668297	27.379774	364
177020	2	331	168	50.18	30.17	9
177030	2	331	168	50.28	30.13	29
177040	2	331	168	50.33	30.05	37
177050	2	331	168	50.37	30.02	25
177060	2	331	168	50.27	29.98	8
177070	2	331	168	50.23	29.92	6
177080	2	334	169	50.52	29.83	56
177090	2	334	169	50.57	29.77	54
177100	2	334	169	50.62	29.7	33
177110	2	334	169	50.62	29.65	20
177120	2	334	169	50.48	29.62	7
177130	2	334	169	50.62	29.62	13
177140	2	334	169	50.72	29.62	28
177150	2	334	169	50.49	29.61	6
177160	2	334	169	50.7	29.58	16
177170	2	334	169	50.78	29.55	23
177180	2	328	169	50.87	29.5	28
177190	2	334	585	50.63	29.48	6
177200	2	328	169	50.8	29.48	11
177210	2	326	179	51.220367	28.998719	31
177220	2	328	170	51.23	29.48	90
177230	2	328	169	50.98	29.47	25
177240	2	328	170	51.236546	29.365973	53
177250	2	325	170	50.78	29.28	9
177260	2	328	170	50.92	29.27	13
177270	2	328	170	51.06	29.26	19
177273	2	328	170	51.478	29.2555	632
177280	2	328	170	51.13	29.23	26
177290	2	328	190	51.533	29.15	867
177300	2	325	179	51.05	29.12	12
177310	2	325	179	51.12	29.1	26
177320	2	326	179	51.23	29.1	81
177325	2	328	179	51.453	28.9397	379
177330	2	328	190	51.63	29.03	755
177340	2	326	180	51.03	28.93	9
177350	2	326	179	51.13	28.92	34
177360	2	326	179	51.15	28.9	39
177370	2	328	179	51.47	28.9	403
177374	2	326	179	51.1836	28.8672	32
177378	2	325	590	50.8825	28.8355	13
177380	2	328	179	51.53	28.9	477
177390	2	326	179	51.267	28.883	56
177400	2	326	179	51.2	28.83	37
177410	2	326	179	51.483	28.833	600
177420	2	328	179	51.52	28.81	447
177430	2	326	180	51.07	28.78	10
177440	2	326	180	51.07	28.77	8
177450	2	329	182	51.23	28.68	42
177455	2	329	182	51.3672	28.6652	50
177460	2	329	183	51.57	28.6	183
177470	2	329	182	51.23	28.57	91
177480	2	326	180	51.1	28.52	16
177490	2	329	182	51.3	28.48	35
177500	2	329	182	51.48	28.48	27
177510	2	329	182	51.27	28.47	106
177520	2	329	183	51.6	28.45	32
177530	2	329	188	51.92	28.43	431
177540	2	326	180	51.1389	28.4193	11
177550	2	329	183	51.77	28.4	62
177554	2	329	181	51.5005	28.3977	29
177570	2	329	181	51.52	28.33	17
177580	2	329	181	51.42	28.3	13
177590	2	329	183	51.8	28.25	91
177600	2	330	181	51.57	28.17	38
177610	2	330	257	51.77	28.08	38
177615	2	327	185	52.0625	28.0313	350
177618	2	330	257	51.8019	27.8522	6
177620	2	330	257	51.97	27.95	64
177630	2	327	185	52.2	27.93	504
177640	2	330	257	51.97	27.92	17
177650	2	330	257	51.95	27.87	17
177655	2	330	257	51.8019	27.8522	6
177660	2	0	257	52.07	27.83	17
177680	1	332	258	52.7905	27.3672	22
181020	2	428	21	48.1833	35.6	1775
181025	2	428	21	48.4333	35.6	1963
181030	2	426	348	48.9167	35.5833	2108
181035	2	428	348	48.45	35.483	1792
181040	2	426	348	48.63	35.48	1899
181045	2	426	348	48.91	35.58	2099
181050	2	426	347	49.03	35.48	1981
181055	2	428	21	48.27	35.45	1860
181060	2	426	348	48.82	35.43	1828
181065	2	426	347	49.18	35.43	2060
181070	2	426	348	48.81	35.43	1829
181075	2	428	348	48.6	35.37	1727
181080	2	426	347	49.2094	35.375	1957
181085	2	428	348	48.45	35.3333	1795
181090	2	428	21	48.15	35.32	2106
181095	2	428	348	48.82	35.28	1742
181100	2	426	347	49.07	35.27	1743
181105	2	428	348	48.63	35.25	1709
181110	2	428	21	48.217	35.217	2130
181115	2	428	348	48.41	35.2	1929
181120	2	428	349	48.25	35.15	2213
181125	2	428	349	48.2406	35.1638	2220
181130	2	424	349	48.3	35.12	2069
181135	2	427	346	49.28	35.12	1592
181140	2	424	349	48.38	35.07	1958
181145	2	428	349	48.65	35.0	1814
181150	2	427	347	49.17	35.05	1609
181155	2	431	348	48.86	35.03	1653
181160	2	424	349	48.33	35.0	1833
181165	2	424	349	48.53	34.98	1696
181170	2	424	349	48.1833	34.97	2015
181175	2	431	347	49	34.97	1614
181180	2	423	98	48.07	34.92	1926
181185	2	424	349	48.33	34.92	1787
181190	2	424	349	48.433	34.917	1729
181195	2	431	347	49.12	34.9	1689
181200	2	424	349	48.22	34.88	1943
181205	2	431	349	48.7	34.88	1982
181210	2	423	53	47.86	34.8	1983
181215	2	431	349	48.43	34.83	1939
181220	2	431	349	48.57	34.82	1810
181225	2	423	53	47.87	34.8	1987
181230	2	431	347	48.85	34.8	2035
181235	2	423	98	48.13	34.78	1623
181240	2	431	349	48.48	34.78	1967
181245	2	431	349	48.5	34.77	1954
181250	2	423	98	48.02	34.75	1510
181252	2	431	349	48.54	34.73	2284
181255	2	423	98	48.23	34.72	1921
181260	2	425	97	48.37	34.7	2097
181265	2	431	350	49.02	34.7	1642
181270	2	431	349	48.75	34.68	2027
181275	2	431	350	48.86	34.66	1890
181280	2	431	350	48.87	34.68	1859
181285	2	423	98	47.93	34.67	1546
181290	2	423	98	48.07	34.67	1493
181295	2	425	97	48.3	34.63	1821
181300	2	429	350	48.93	34.61	1718
181305	2	425	100	48.45	34.6	2000
181310	2	429	350	48.8	34.6	2037
181315	2	429	350	48.98	34.55	1679
181320	2	425	97	48.12	34.51	1657
181325	2	429	101	48.68	34.5	1810
181330	2	425	100	48.28	34.48	1602
181335	2	429	350	48.86	34.46	2012
181340	2	425	100	48.25	34.45	1590
181345	2	429	101	48.68	34.41	1691
181350	2	425	101	48.52	34.38	1900
181355	2	430	99	48.23	34.37	1952
181360	2	425	101	48.42	34.38	1686
181365	2	430	99	48.12	34.35	1492
181370	2	425	101	48.42	34.35	1639
181375	2	429	101	48.63	34.35	1675
181380	2	429	101	48.8	34.3	1736
181383	2	423	98	47.999935	34.692939	1521
181385	2	430	99	47.93	34.28	1930
181390	2	430	99	48.23	34.27	1507
181395	2	429	101	48.52	34.27	1705
181400	2	429	101	49.02	34.25	1944
181405	2	430	99	48.12	34.23	1679
181410	2	430	99	48.27	34.22	1568
181415	2	430	99	48.25	34.18	1566
181420	2	429	99	48.55	34.18	2126
181425	2	429	99	48.7	34.18	1918
181430	2	429	101	49.03	34.13	1978
181435	2	429	99	48.58	34.1	1908
181440	2	430	99	48.42	34.08	1723
181445	2	430	99	48.5	34.08	1794
181450	2	429	101	48.88	34.08	1862
181455	2	429	354	49.12	34.06	2135
183020	2	233	49	46.2	35.15	1160
183025	2	233	49	46.25	35.117	829
183030	2	233	48	46.26	35.06	1961
183035	2	233	48	46.233	35.017	1302
183040	2	227	53	47.5	35.0	1916
183045	2	227	53	47.68	35.0	2164
183050	2	233	48	46.27	34.98	1180
183055	2	222	47	45.92	34.97	765
183060	2	225	48	46.45	34.933	1633
183065	2	227	53	47.18	34.92	1681
183070	2	227	53	47.46	34.91	1755
183075	2	227	53	47.567	34.9	1757
183080	2	225	48	46.48	34.88	1586
183085	2	227	53	47.72	34.89	1837
183090	2	227	53	47.28	34.88	1778
183095	2	223	48	46.35	34.86	1120
183100	2	222	47	46.05	34.85	1020
183105	2	222	54	45.85	34.833	680
183110	2	227	95	47.46	34.81	1703
183115	2	223	48	46.49	34.81	1336
183120	2	223	48	46.33	34.8	1817
183125	2	223	48	46.367	34.8	1376
183130	2	69	90	46.75	34.8	1822
183135	2	222	54	45.95	34.78	1209
183140	2	223	48	46.35	34.78	1347
183145	2	222	47	46.13	34.76	1201
183150	2	230	88	47.120067	34.260082	1450
183155	2	225	90	46.53	34.75	1446
183160	2	227	94	47.78	34.73	1939
183165	2	228	94	47.23	34.71	2230
183170	2	222	54	45.83	34.7	578
183175	2	230	89	47.083	34.7	1571
183180	2	228	94	47.333	34.7	1546
183185	2	227	94	47.73	34.7	1823
183190	2	227	95	47.54	34.69	1932
183195	2	222	47	46.12	34.65	1462
183200	2	230	88	46.917	34.65	1326
183205	2	222	47	46.26	34.63	1339
183210	2	228	94	47.41	34.63	1508
183215	2	228	94	47.5	34.63	1635
183220	2	230	89	47.1	34.63	1454
183225	2	226	55	45.83	34.61	545
183230	2	226	55	45.78	34.6	512
183235	2	225	90	46.568325	34.669523	1356
183240	2	231	97	47.85	34.6	1650
183245	2	230	88	46.86	34.58	1307
183250	2	228	94	47.7	34.58	1948
183255	2	224	59	45.95	34.56	1460
183260	2	226	55	45.82	34.55	516
183265	2	230	88	46.97	34.55	1310
183270	2	224	47	46.25	34.53	1678
183275	2	230	88	47.02	34.54	1319
183280	2	232	93	47.36	34.53	1552
183285	2	228	96	47.583	34.533	1395
183290	2	231	96	47.8	34.53	1860
183295	2	225	90	46.52	34.6	1665
183300	2	226	59	45.85	34.5	555
183305	2	230	90	46.617	34.5	1335
183310	2	231	97	47.92	34.5	1487
183315	2	229	57	45.7	34.5	430
183320	2	228	96	47.68	34.48	1343
183325	2	226	59	45.91	34.45	611
183330	2	224	59	45.98	34.46	1161
183335	2	230	88	47	34.467	1305
183340	2	224	47	46.39	34.47	1392
183345	2	230	91	46.7	34.45	1334
183350	2	228	92	47.58	34.45	1295
183355	2	231	97	48.06	34.44	1456
183360	2	230	88	47.05	34.43	1469
183365	2	231	96	47.817	34.433	1663
183370	2	231	97	47.88	34.41	1438
183375	2	224	47	46.36	34.4	1537
183380	2	230	88	46.86	34.4	1321
183385	2	226	59	45.95	34.39	753
183390	2	226	59	46.033	34.383	1171
183395	2	230	88	46.95	34.38	1352
183400	2	232	92	47.43	34.38	1292
183405	2	224	47	46.25	34.38	1635
183410	2	229	57	45.733	34.367	543
183415	2	226	59	45.967	34.367	724
183420	2	232	96	47.617	34.367	1547
183425	2	230	91	46.65	34.35	1418
183430	2	230	88	47.12	34.35	1303
183435	2	224	47	46.417	34.333	1434
183440	2	224	85	46.233	34.283	1569
183445	2	230	91	47	34.28	1593
183450	2	230	88	47.18	34.28	1285
183455	2	230	87	47.390116	34.152144	1248
183460	2	230	92	47.4	34.28	1389
183465	2	234	58	46	34.26	1011
183470	2	226	58	46.05	34.26	1006
183475	2	221	84	46.46	34.26	1625
183480	2	230	88	47.2	34.26	1326
183485	2	232	92	47.56	34.26	1535
183490	2	234	56	45.8	34.25	656
183495	2	234	58	45.96	34.25	873
183500	2	234	56	45.833	34.233	652
183505	2	224	58	46.31	34.19	1635
183510	2	230	91	46.93	34.18	1409
183515	2	230	88	47.3	34.18	1319
183520	2	221	83	46.65	34.17	1502
183525	2	234	56	45.917	34.15	804
183530	2	234	58	46.18	34.13	1187
183535	2	230	91	47	34.13	1465
183540	2	233	49	46.254725	35.180966	1501
183545	2	230	86	47.33	34.11	1848
183550	2	221	83	46.71	34.1	1467
183555	2	234	60	46.1	34.05	1118
183560	2	230	91	47.16	34.09	1506
183565	2	230	86	46.9	34.067	1577
183570	2	221	84	46.6	34.05	1319
183575	2	230	91	47.15	34.05	1563
183580	2	234	58	46.317	34.033	1545
183585	2	234	81	46.43	34.03	1643
183590	2	229	60	45.48	34.02	167
183595	2	221	83	46.78	34.0	1445
183600	2	234	60	45.95	33.98	708
183605	2	230	86	47.24	33.97	1639
183610	2	221	83	46.783	33.933	1306
183615	2	230	86	47.12	33.93	1225
183620	2	229	60	45.73	33.9	415
183625	2	221	82	46.83	33.83	1459
183630	2	221	82	46.96	33.83	1527
184020	2	166	60	46.05986	33.99932	1182
184030	2	166	60	46.28965	33.94168	1325
184040	2	166	60	46.18914	33.92505	1067
184050	2	173	81	46.35588	33.92869	1283
184060	2	173	81	46.46095	33.85108	1193
184070	2	166	60	46.22539	33.83778	1189
184080	2	166	60	46.30379	33.83256	1168
184090	2	165	61	46.11486	33.81203	1223
184100	2	173	86	47.40772	33.81758	1253
184110	2	165	60	45.91071	33.79352	719
184120	2	165	61	46.1559	33.77304	1065
184130	2	173	81	46.5751	33.75984	1026
184140	2	165	60	45.97031	33.74788	750
184150	2	165	61	46.17277	33.74499	923
184160	2	165	61	46.24914	33.74561	1252
184180	2	165	61	46.12163	33.72929	939
184190	2	165	61	46.19841	33.73257	986
184200	2	165	61	47.22358	33.73354	936
184210	2	170	81	46.63562	33.75056	960
184230	2	165	60	46.01628	33.71063	844
184240	2	165	61	46.08906	33.71438	991
184250	2	165	61	46.29253	33.69825	1022
184260	2	173	81	46.69201	33.69365	879
184270	2	165	61	46.05	33.68	895
184280	2	173	81	46.8	33.667	886
184290	2	170	81	46.63836	33.64416	1051
184310	2	165	61	46.2	33.633	687
184320	2	173	86	47.02301	33.63689	873
184330	2	165	61	46.0958	33.61417	597
184340	2	172	61	46.25869	33.59968	850
184350	2	172	61	46.10555	33.57016	567
184360	2	165	63	46.49532	33.56916	1492
184370	2	170	80	46.71968	33.57399	974
184380	2	172	61	46.33	33.55	1249
184390	2	165	63	46.57132	33.54206	1478
184400	2	80	80	46.87693	33.509	746
184410	2	165	63	46.54136	33.5014	1252
184420	2	171	63	46.48174	33.46367	1087
184430	2	171	63	46.43512	33.46054	1115
184440	2	165	80	46.67795	33.46692	1345
184450	2	165	80	46.78983	33.44283	1099
184460	2	170	80	47	33.433	726
184470	2	172	63	46.26477	33.41731	540
184475	2	171	63	46.6	33.4	1377
184480	2	171	63	46.63287	33.35989	1409
184490	2	171	63	46.77	33.35	1325
184500	2	167	80	46.91397	33.35728	909
184510	2	167	80	46.99343	33.33776	989
184520	2	171	63	46.5	33.33	1241
184530	2	171	63	46.58267	33.31085	1318
184540	2	167	80	47.033	33.3	1061
184550	2	171	63	46.817	33.267	1364
184570	2	171	63	46.6	33.25	1021
184580	2	171	63	46.70074	33.25757	1064
184590	2	169	64	46.91646	33.2308	1243
184600	2	167	78	47.21727	33.22626	669
184610	2	169	64	46.96579	33.18277	1084
184620	2	172	63	46.355	33.15799	296
184630	2	169	64	47.05532	33.14346	1079
184640	2	169	63	46.79945	33.11079	694
184650	2	169	64	46.90985	33.09319	876
184660	2	172	63	46.53337	33.07301	323
184670	2	164	64	47.18844	33.08069	1323
184680	2	168	71	47.54523	33.07031	593
184690	2	169	64	46.883	33.0	756
184700	2	169	64	46.97441	32.98547	624
184710	2	168	71	47.78705	32.95577	460
184720	2	164	65	47.46467	32.94249	766
184730	2	164	71	47.57018	32.89683	805
184740	2	169	63	46.82	32.88	358
184750	2	169	63	46.9	32.867	434
184760	2	164	71	47.7088	32.86268	750
184770	2	169	63	46.97627	32.83059	389
184780	2	169	64	47.05	32.78	360
184800	2	169	64	47.18665	32.73299	227
184810	2	164	71	47.77074	32.75519	411
184820	2	164	66	47.67836	32.72779	499
184830	2	164	71	47.83382	32.73319	408
184840	2	164	71	47.7962	32.65832	328
184850	2	164	71	47.88221	32.62108	269
184860	2	169	65	47.38138	32.51788	131
184870	2	169	66	47.55564	32.48613	138
184880	2	169	65	47.63593	32.41153	141
184890	2	169	69	47.93697	32.36451	185
184900	2	169	65	47.63769	32.32713	80
184910	2	169	65	47.72	32.27	82
186020	1	88	335	50.58979	35.47998	1496
186025	1	88	334	49.5763	35.25858	1939
186030	1	88	334	50.49476	35.30786	1285
186035	1	88	334	50.51672	35.40582	1308
186040	1	88	334	50.11493	35.32515	1712
186045	1	88	334	50.25862	35.24341	1666
186050	2	89	343	49.70879	35.12883	1659
186055	2	89	343	50.26699	35.13058	1542
186060	2	89	343	50.01789	35.13224	1637
186065	2	89	343	50.13357	35.12465	1746
186070	1	89	344	50.27388	35.0528	1195
186075	2	89	343	50.01222	35.0361	1349
186080	1	89	344	50.48681	34.98079	962
186085	2	89	346	49.983333	34.95	1535
186090	1	89	344	50.22161	34.9283	1063
186095	1	89	344	50.57533	34.95601	932
186100	2	84	345	49.89999	34.86995	1310
186105	2	84	346	50.05561	34.85427	1368
186110	2	92	346	49.38002	34.84998	2124
186115	1	122	344	50.57253	34.85982	916
186120	2	84	346	49.81475	34.7834	1778
186125	2	91	346	49.53249	34.75589	1815
186130	2	91	346	49.5013	34.58718	1870
186135	2	84	346	50.10937	34.73896	2151
186140	2	92	350	49.14669	34.73452	1643
186145	2	85	363	50.20204	33.71495	1748
186150	2	91	356	49.5218834	35.9277023	1369
186155	2	84	345	49.58503	34.64454	1860
186160	2	91	356	49.77996	34.62994	2046
186165	2	92	350	49.32995	34.60575	1770
186170	2	86	350	49.04013	34.57854	1651
186175	2	82	356	50.03291	34.56046	2233
186180	2	82	356	49.96309	34.55078	2118
186185	2	91	356	49.68713	34.50395	1783
186190	2	83	350	49.31645	34.50206	1835
186195	2	83	350	49.31743	34.47648	1816
186200	2	83	350	49.29203	34.42653	2019
186205	2	91	356	49.75934	34.39721	1738
186210	1	82	359	50.14585	34.40431	1809
186215	1	82	359	50.29403	34.37294	1711
186220	2	86	351	49.33817	34.345	2036
186225	2	86	351	49.06993	34.32004	1989
186230	2	86	351	49.32768	34.25615	1780
186235	2	83	356	49.57699	34.29533	1757
186240	2	83	356	49.68649	34.25198	1674
186245	2	83	356	49.87212	34.24046	1664
186250	2	86	351	49.31025	34.23031	1777
186255	2	83	356	50.04924	34.19924	1696
186260	2	83	356	49.53437	34.17938	1940
186265	1	87	359	50.70679	34.17031	1926
186270	1	87	360	50.82891	34.13994	2195
186275	2	83	352	49.5511	34.10669	2044
186280	2	83	356	49.70467	34.1078	1727
186285	2	83	356	49.8757	34.08527	1674
186290	1	93	359	50.37736	34.82329	978
186295	2	83	356	49.25849	34.67111	1690
186300	2	90	353	49.28848	34.04488	1884
186305	1	93	359	50.49162	34.07381	1587
186310	1	93	359	50.30469	34.02276	1969
186315	1	87	364	51.01916	34.0403	1863
186320	2	90	354	49.2079	33.99953	1959
186325	2	83	356	49.8219	33.98839	1847
186330	2	83	356	50.03193	33.9775	1989
186335	2	83	356	49.6281	33.93788	2183
186340	2	90	356	49.35267	33.8856	2010
186345	2	83	356	49.88561	33.89988	1884
186350	2	83	356	49.63307	34.13834	1757
186355	2	90	352	49.47062	33.88693	1911
186360	1	93	360	50.57177	33.88401	1542
186365	1	87	361	50.99788	33.89095	2316
186370	1	87	360	50.77723	33.86078	1763
186375	2	90	142	49.14543	33.82852	2117
186380	2	90	352	49.64674	33.81635	2090
186385	2	90	355	49.28074	33.80447	2231
186390	2	85	363	50.15925	33.80199	1904
186395	2	90	142	49.22999	33.77997	2050
186400	2	85	363	49.92999	33.77974	2064
186405	1	87	361	50.85548	33.75558	1840
186410	2	71	143	49.5069	33.70356	1991
186415	2	85	363	50.32203	33.66764	1669
186420	2	85	363	50.16998	33.66998	1761
186425	2	85	363	50.26495	33.67155	1711
186430	2	85	143	49.68531	33.63826	2014
186435	2	85	143	49.3166	33.66833	1926
186440	2	77	140	49.89761	33.45911	2154
186445	2	85	363	49.98407	33.52766	1978
187020	2	66	321	46.25515	36.35704	1664
187025	2	66	318	46.01471	36.32137	1624
187030	2	66	321	46.47349	36.2798	1490
187035	2	62	19	47.33675	36.24683	1984
187040	2	64	23	46.86877	36.23196	2191
187045	2	62	19	47.25139	36.23448	1983
187050	2	66	321	46.12548	36.20449	1523
187055	2	62	19	47.89157	36.21062	1476
187060	2	64	23	47.05004	36.17294	2085
187065	2	66	321	46.55393	36.1714	1581
187070	2	62	19	47.35197	36.16402	1850
187075	2	66	321	46.74705	36.14	1941
187080	2	66	321	46.21389	36.10699	1767
187085	2	66	321	46.34001	36.09003	1492
187090	2	62	19	47.54593	36.10215	1886
187095	2	66	321	46.4856	36.06664	1567
187100	2	61	45	45.74895	36.05795	1523
187105	2	62	23	47.82335	36.05001	1650
187110	2	64	23	47.12252	36.0294	1794
187115	2	61	44	45.66224	35.99205	1565
187120	2	61	44	46.04019	35.94743	1708
187125	2	62	23	47.81406	35.96282	1627
187130	2	66	321	46.32487	35.95286	1631
187135	2	64	23	46.77474	35.93278	2033
187140	2	64	23	47.02231	35.91802	1866
187145	2	64	321	46.58772	35.88536	1793
187150	2	66	321	46.39828	35.86367	1711
187155	2	62	23	47.29638	35.84877	1734
187160	2	62	22	47.96773	35.8228	1876
187165	2	62	23	47.23868	35.79367	1863
187170	2	64	23	47.05209	35.78871	1808
187175	2	64	321	46.65866	35.76449	2163
187180	2	64	23	46.92725	35.77109	2084
187185	2	62	22	47.52837	35.76155	1886
187190	2	70	321	46.43217	35.73656	1903
187195	2	70	43	46.08519	35.66965	1317
187200	2	70	50	46.51852	35.6659	1818
187205	2	67	23	46.94025	35.65285	2134
187210	2	62	22	47.60334	35.63812	1785
187215	2	67	23	46.81287	35.60071	2074
187220	2	67	52	47.26077	35.5792	1971
187225	2	70	50	46.5597	35.52535	1585
187230	2	67	52	47.12759	35.54915	1664
187235	2	70	50	46.4658	35.51432	1574
187240	2	62	22	47.62383	35.51698	1819
187245	2	67	50	46.65638	35.4673	1682
187250	2	67	50	46.81967	35.45815	1827
187255	2	63	22	47.2902	35.43584	1885
187260	2	65	51	46.14906	35.37502	1410
187265	2	68	22	47.59488	35.29894	1781
187270	2	65	50	46.28241	35.36017	1193
187275	2	67	50	46.67822	35.35583	1520
187280	2	67	52	47.01168	35.30712	1461
187285	2	67	50	46.50209	35.32243	1768
187290	2	68	22	47.69547	35.30068	1805
187295	2	67	52	46.8368	35.28739	1768
187300	2	67	52	47.12469	35.2803	1719
187305	2	63	22	47.19948	35.28123	2047
187310	2	63	22	47.41581	35.27981	1821
187315	2	68	22	47.78157	35.2495	1839
187320	2	65	50	46.26517	35.25348	1510
187325	2	63	22	47.45036	35.26081	1805
187327	2	68	22	47.77702	35.2264	1873
187330	2	67	52	46.7863	35.21617	1845
187335	2	67	52	46.80119	35.18407	1659
187340	2	67	52	46.93317	35.1865	1455
187345	2	65	50	46.53603	35.1669	1695
187350	2	67	53	47.10556	35.14706	1851
187352	2	66	321	46.06358	36.14714	1607
187355	2	67	50	46.81914	35.13053	1775
187360	2	65	50	46.55606	35.11869	1530
187365	2	65	50	46.65643	35.11072	1836
187370	2	68	22	47.97116	35.10609	1816
187375	2	69	53	46.94844	35.02764	1426
187380	2	69	50	46.67268	35.01031	1454
187385	2	69	50	46.77296	35.01045	1423
187390	2	69	53	47.12645	34.92936	1577
187395	2	69	89	46.95588	34.86549	1716
187400	2	69	89	46.9543	34.79974	1479
233002	1	30	538	56	36.77	1030
233003	1	0	526	56.28	36.67	886
233004	1	31	538	55.17	36.53	1469
233006	1	0	526	56.62	36.5	1037
233008	1	0	541	55.18	36.44	1320
233012	1	0	538	55.7	36.43	1037
233014	1	0	538	55.47	36.42	1219
233017	1	0	541	55.07	36.38	1265
233019	1	0	541	55.04	36.38	1276
233029	1	0	526	56.41	36.31	795
233034	1	27	539	54.65	36.27	1119
233038	1	66	539	54.57	36.23	1110
233046	1	66	524	56.17	36.2	980
233058	1	0	539	54.17	35.98	1172
233059	1	0	539	54.3	35.93	1103
233062	1	0	539	53.92	35.78	1768
233063	1	0	525	56.57	35.65	1227
233064	1	0	496	53.45	35.6	1127
233068	1	0	496	53.33	35.57	1169
233073	1	0	496	53.45	35.5	1040
233076	1	0	495	53.17	35.47	1171
233077	1	0	493	56.43	35.47	794
233079	1	70	493	56.36	35.46	726
233084	1	62	493	56.83	35.4	1648
233086	1	117	495	53.07	35.37	1132
233091	1	65	493	56.7	35.33	979
233099	1	0	497	52.57	35.25	819
233101	1	0	495	53.16	35.24	879
233102	1	70	497	52.47	35.23	880
233104	1	0	497	52.47	35.22	867
233108	1	0	497	52.5	35.17	809
241014	2	6	18	48.57	36.78	2027
241038	2	6	25	49.23	36.37	2074
241039	2	66	20	48.7	36.32	2051
241041	2	0	18	48.37	36.97	1936
241047	2	9	338	49.38	36.05	1431
241051	2	31	16	48.93	36.93	611
241071	2	34	19	47.42	36.87	1746
241081	2	0	18	48.18	36.83	1421
241111	2	6	25	49.1	36.78	346
241201	2	0	19	47.62	36.55	1595
241221	2	21	18	48.75	36.52	1755
241261	2	0	18	48.78	36.43	1809
241271	2	0	20	48.27	36.42	1716
241291	2	0	20	48.07	36.28	1507
241311	2	66	20	48.55	36.23	1768
241341	2	3	21	48.08	36.03	1573
241421	2	0	21	48.2	35.83	1584
241431	2	0	21	48.47	35.75	1714
253012	1	0	344	50.52	34.75	1020
253013	1	68	344	50.7	34.73	936
253021	1	89	358	50.87	34.65	928
253023	1	222	358	50.83	34.63	937
253024	1	0	358	50.88	34.63	936
253031	1	0	359	50.68	34.58	1085
253032	1	0	359	50.87	34.58	1004
253042	1	0	358	50.98	34.52	925
253052	1	0	358	50.88	34.42	1318
253053	1	0	359	50.4	34.4	1683
253069	1	0	364	51.43	34.01	928
263002	2	399	24	50.68	36.22	2155
263003	2	66	24	50.7	36.2	2172
263008	2	66	365	51.32	36.07	2446
263011	2	9	337	50.65	36.05	1601
263012	2	9	337	50.72	36.05	1859
263013	2	0	365	51.4	36.05	2788
263019	2	64	337	50.62	35.93	1194
263021	2	0	337	50.67	35.92	1227
263028	2	0	337	50.78	35.9	1328
263041	1	0	336	50.7	35.73	1141
263042	1	0	336	50.37	35.72	1182
283029	2	0	338	50.3	36.01	1141
283035	2	0	340	49.52	35.54	2014
311001	2	7	365	51.05	36.02	2221
311042	1	92	364	51.47	34.17	842
311094	1	0	373	51.22	33.32	1915
311102	1	0	371	51.7	33.25	2000
311103	2	173	362	50.67	33.23	2190
311119	2	164	362	49.92	33.07	3279
311126	2	0	380	50.23	32.88	2502
311136	2	0	384	50.42	32.67	2237
311139	1	0	374	51.37	32.6	1640
311146	2	0	112	49.77	32.43	2550
311148	2	0	384	50.27	32.38	2895
311149	1	164	369	52.55	32.37	1478
311164	2	0	125	51.47	31.8	2398
311166	1	0	386	51.72	31.68	2564
311167	2	0	123	51.5	31.48	2847
341002	1	0	465	57.17	30.83	1861
341003	1	0	564	56.58	30.82	1678
341004	1	0	465	57.1	30.8	1889
341009	1	0	564	57.02	30.67	2583
341027	1	0	555	56.18	30.33	1630
341037	1	0	559	57.15	30.28	1796
341052	1	0	559	57.05	30.12	1810
341054	1	292	559	57.3	30.08	1878
341056	1	292	427	55.2	30.07	1842
341057	1	292	559	57.32	30.07	1970
341062	1	0	427	55.25	30.03	1841
341064	1	0	430	55.42	30.02	1852
341067	1	0	558	56.58	29.94	2040
341069	1	0	435	55.73	29.87	2261
341072	1	0	558	56.2	29.83	2574
341074	1	216	477	57.58	29.78	2496
341082	1	0	445	56.42	29.58	3282
341098	1	0	435	55.83	29.27	1721
341102	1	136	444	56.38	29.22	2348
341104	1	136	434	55.5	29.22	1729
341105	1	0	478	57.33	29.22	2703
341115	1	145	444	56.62	29.03	2050
341122	1	0	435	55.98	28.98	1780
341124	1	0	438	57.93	28.88	2612
341128	1	203	438	57.47	28.78	1211
341129	1	145	476	58.51	28.76	1015
341134	1	145	438	57.7	28.63	665
341138	1	202	438	58.13	28.58	1736
341139	1	326	242	56.48	28.48	1197
341155	1	0	242	56.87	28.3	1589
341157	1	0	243	56.98	28.3	1968
341162	1	203	284	57.37	28.18	644
341167	1	0	436	57.72	27.97	490
341172	1	0	448	57.88	27.52	406
351002	1	80	461	55.55	33.0	1251
351006	1	0	553	54.42	32.53	1347
351007	1	0	549	53.68	32.45	1118
351008	1	0	554	54.63	32.43	2460
351009	1	0	550	54.5	32.4	2008
351016	1	0	550	54	32.25	1081
351021	1	300	550	54.22	32.05	1138
351023	1	0	463	55.97	31.93	1386
351039	1	0	550	54.56	31.75	1284
351046	1	0	554	55.37	31.65	974
351048	1	339	551	53.82	31.63	2508
351063	1	0	550	54.43	31.53	1534
351068	1	0	550	54.6	31.5	1464
351071	1	0	561	55.8	31.48	2250
351084	1	0	417	53.17	31.17	1560
351087	1	135	417	53.03	31.02	1728
351089	1	0	417	53.28	31.0	1518
351093	1	0	425	54.38	30.02	1640
351094	1	216	425	54.12	29.92	1911
381001	2	0	382	50.57	32.95	3297
381007	2	0	384	50.6	32.58	2478
381010	2	0	378	50.97	32.52	2030
381020	2	0	129	50.55	32.32	2881
381021	2	0	129	50.65	32.32	2130
381022	2	164	131	50.75	32.3	2295
381023	2	164	131	50.75	32.3	2295
381025	2	286	131	50.87	32.2	2126
381028	2	0	131	50.82	32.13	2531
381033	2	300	128	50.6	32.05	1764
381035	2	0	126	50.45	32.0	2322
381041	2	169	122	50.45	31.73	1436
381042	2	169	124	51.28	31.73	2201
381046	2	0	120	50.45	31.58	1475
381051	2	0	114	51.15	31.15	2004
411035	2	357	327	47.13	38.35	2752
411036	2	26	326	46.08	38.33	1629
411045	2	353	326	46.52	38.21	1789
411056	2	362	327	47.17	38.06	1632
411068	2	20	322	46.36	37.56	2153
411072	2	0	17	47.42	37.53	1593
411083	2	354	17	47.59	37.47	1322
411105	2	0	317	46.25	37.27	1496
411116	2	361	17	47.09	37.19	1830
411127	2	0	17	47.47	37.11	1374
411130	2	356	319	46.55	37.08	1861
441001	2	29	0	44.38	39.46	1420
441009	2	35	11	44.27	39.25	2169
441031	2	24	8	45.15	38.78	1003
441036	2	24	8	44.9	38.72	1448
441037	2	24	8	45.2	38.72	1222
441038	2	24	8	44.37	38.67	2234
441039	2	24	8	44.82	38.63	1436
441043	2	24	8	44.47	38.48	1871
441061	2	20	308	45.05	38.07	1570
441066	2	20	309	45	37.87	1337
441076	2	0	16	44.42	37.54	2127
441084	2	239	309	45.03	37.23	1947
441101	2	0	314	45.5	36.98	1293
441109	2	239	46	45.33	36.82	1596
441113	2	34	46	45.13	36.78	1647
441114	2	32	314	45.57	36.78	1725
441117	2	34	46	45.13	36.7	1493
441118	2	34	46	45.2	36.7	1406
441119	2	34	318	46.03	36.7	1554
441122	2	363	320	47.03	36.68	2092
441123	2	0	318	45.97	36.67	1664
441124	2	0	319	46.55	36.67	1342
441131	2	0	316	45.55	36.53	1815
441132	2	31	318	46.2	36.53	1335
441133	2	0	46	45.43	36.53	1916
441157	2	25	45	45.55	36.17	1104
451006	2	29	0	48.23	39.45	101
451011	2	28	0	48.06	39.16	459
451013	2	35	0	48.08	39.05	890
451031	2	0	2	48.45	38.4	1397
451033	2	353	1	47.66	38.37	1520
451047	2	20	2	48.02	38.03	1593
451048	2	320	2	48.06	38.01	1804
561012	1	0	457	58.47	33.85	1388
561018	1	165	570	59	33.73	1763
561024	1	0	459	59.23	33.32	1646
561047	1	274	579	59.78	32.6	1883
561057	1	0	577	60.48	32.28	1124
561083	1	149	582	60.3	31.01	1172
585012	2	26	36	56.55	38.12	1152
585013	2	26	36	56.55	38.12	1152
585026	2	20	38	57.7	37.9	1701
611018	2	0	68	48.15	32.12	87
611020	2	0	136	48.52	32.11	49
611078	2	0	144	49.5	30.42	13
711029	1	54	405	53.193	30.613	2313
711041	1	0	420	53.632	30.468	2227
711083	2	292	402	53.146	30.082	1799
711086	2	136	412	52.401	29.627	1721
711109	2	216	412	52.414	29.794	1798
711127	2	136	412	52.45	29.65	1697
711128	2	0	412	52.433	29.633	1662
711131	1	0	390	53.269	29.744	1584
711147	2	136	413	52.692	29.438	1531
711163	1	136	432	54.834	29.362	1799
711167	2	145	415	53.01	29.298	1484
711186	2	0	397	54.041	29.13	1738
711209	2	0	209	53.778	28.877	1271
711221	2	0	175	52.09	28.854	797
711253	1	0	394	53.863	29.719	1581
711256	2	136	400	53.157	29.625	1576
711266	1	133	249	54.428	28.36	1041
711273	1	0	224	53.983	28.261	873
711312	1	134	196	53.512	27.434	503
761001	1	145	240	55.85	28.63	1488
761002	1	133	244	55.67	28.61	1482
761004	1	133	242	56.33	28.58	1765
761012	1	0	246	55.48	28.11	754
761013	1	138	239	55.67	28.1	661
761048	1	0	229	55.67	27.21	32
761049	1	155	278	57.33	27.2	188
761053	1	140	271	56	27.18	275
761056	1	144	274	56.67	27.16	7
761084	1	138	260	54.22	26.83	33
761088	1	138	287	57.42	26.83	212
761092	1	158	290	57.87	26.75	1211
761103	1	0	287	57.67	26.65	1304
761106	1	162	288	57.13	26.58	31
761111	1	0	288	57.15	26.5	19
761114	1	146	290	57.67	26.43	815
761119	1	146	290	57.68	26.38	841
761121	1	146	288	57.53	26.36	926
761127	1	162	291	58.67	26.33	778
761136	1	139	288	57.33	26.26	96
761137	1	139	299	55.67	26.25	0
761144	1	142	289	57.58	26.01	153
761146	1	142	288	57.33	25.98	84
761147	1	160	289	54.53	25.92	8
761148	1	160	288	57.32	25.88	10
771021	2	0	560	50.52	29.57	11
771031	2	0	170	51.33	29.43	593
771032	2	0	170	51.12	29.38	38
771034	2	0	170	51.07	29.28	23
771041	2	136	170	51.12	29.2	30
771048	2	0	179	51.03	28.98	10
771057	2	0	179	51.2	28.87	33
771059	2	0	434	50.87	28.83	0
771064	2	0	179	51.43	28.78	473
771099	2	140	257	52.35	27.67	151
771101	1	133	257	52.48	27.63	62
771102	1	138	258	52.75	27.42	21
771103	2	0	229	52.01	27.38	0
811074	2	222	97	48.3	34.63	1821
841012	2	234	60	45.98	33.8	858
841041	2	173	81	46.82	33.63	789
841044	2	166	61	46.22	33.57	902
841057	2	172	62	46.18	33.47	631
841077	2	165	63	46.55	33.25	875
841086	2	80	78	47.4	33.13	635
841094	2	80	65	47.42	32.98	852
841119	2	0	69	47.83	32.42	161
871031	2	70	50	46.3	35.63	1564
1310251	2	397	14	49.65	37.08333333	82
3410231	1	0	555	55.38	30.31	2671
4110011	2	351	0	47.03	39.18	228
4110301	2	357	330	45.8	38.35	1788
4110611	2	344	325	45.98	37.75	1403
4110801	2	348	322	46.13	37.32	1315
4410101	2	35	11	44.38	39.07	1814
4410161	2	35	7	44.46	38.96	2485
4410181	2	36	5	45.26	38.85	928
4410391	2	20	311	44.79	37.58	1628
4410451	2	31	317	46.15	37.0	1302
4410521	2	22	318	46.17	36.65	1333
4510041	2	316	0	48.23	39.45	101
4510081	2	324	0	48.06	39.16	459
4510321	2	322	2	48	38.08	1711
5110471	1	250	532	57.216667	36.7	1114
5110631	1	254	532	58.07	36.5	1184
5110921	1	260	599	60.933333	36.2	440
5610261	1	0	460	61	33.6	720
5610651	1	281	581	60.42	31.9	1181
5610681	1	281	581	60.4	31.73	1202
5840441	2	241	40	56.927238	37.559182	757
6110251	2	307	67	48.06666667	31.45	20
7110011	1	364	417	52.68	31.24	2264
7710021	2	388	160	51.01	30.12	678
7710571	2	329	284	51.28333333	28.25	14
7710611	2	327	185	52.06666667	28.03333333	340
7710661	2	330	257	51.8	27.85	8
7710671	2	215	257	51.68333333	27.83333333	11
119999001	2	263	42	58.716667	37.183333	1495
119999002	2	263	42	58.698333	37.208889	1510
119999003	2	263	42	58.528611	37.110556	1327
119999004	2	263	42	58.698333	37.208889	1510
119999005	2	240	42	58.2	37.216667	1223
119999006	2	239	42	57.933333	37.4	1105
119999007	2	240	42	58.2	37.3	1179
119999008	2	239	42	58.033333	37.7	1789
119999010	2	239	38	57.883333	37.6	1537
119999011	2	239	42	57.95	37.6	1498
119999013	2	239	42	57.733333	37.433333	1055
119999014	2	236	41	57.3	37.466667	1095
119999015	2	236	41	57.25	37.35	1369
119999016	2	241	40	56.733333	37.5	858
119999018	2	241	39	56.4	37.616667	770
119999019	2	236	41	57.433333	37.466667	1172
119999020	2	241	38	56.633333	37.983333	868
119999021	2	236	41	57.440833	37.494444	991
119999023	2	236	38	57.433333	37.666667	1056
119999024	2	422	35	55.266667	37.983333	73
119999026	2	422	35	54.716667	37.45	13
119999027	2	236	38	57.2825	37.809722	938
119999028	2	421	35	54.183333	37.15	-18
119999029	2	241	38	57.016667	37.65	609
119999031	2	241	40	56.745833	37.439167	1021
119999033	2	241	40	56.938611	37.500833	901
119999035	2	241	40	56.982222	37.604444	681
119999037	2	241	38	56.983333	37.666667	597
119999038	2	241	38	56.91	37.7	549
119999039	2	241	38	56.910278	37.698889	543
119999044	2	236	41	57.35	37.283333	1805
119999045	2	417	37	56.25	37.916667	305
119999047	2	417	37	55.95	37.916667	214
119999050	2	422	35	55.083333	37.433333	40
119999051	2	238	36	56.365556	38.173333	590
119999052	2	238	36	56.65	38.166667	934
119999053	2	238	36	56.73514	38.252769	943
119999054	2	236	41	57.3	37.45	1145
119999056	2	422	35	55.083333	37.433333	40
119999057	2	422	13	54.816667	37.683333	35
119999067	2	422	328	54.821944	37.683889	34
119999069	2	422	13	54.8	37.633333	39
119999073	2	422	37	55.516667	37.95	74
119999075	2	422	35	54.8	37.533333	9
119999086	2	236	41	57.333333	37.333333	1690
119999101	2	241	38	57.185556	37.750278	789
119999130	2	417	33	56	37.65	1217
119999160	2	422	35	55.166667	37.65	166
119999175	2	417	37	55.983333	37.8	473
119999204	2	256	596	58.516667	37.583333	1450
119999206	2	240	42	58.216667	37.216667	1211
119999207	2	239	42	58.083333	37.683333	1784
119999709	2	239	42	57.698333	37.375833	1188
119999851	2	241	40	56.916667	37.566667	738
119999902	2	422	35	55.266667	37.983333	73
119999903	2	422	35	55.291111	37.923611	91
129999001	2	419	33	55.8	37.4	502
129999002	1	242	34	56.316667	37.35	1284
129999004	1	242	34	56.116667	37.3	1203
129999005	2	416	33	55.5	37.483333	107
129999006	2	422	33	55.283333	37.316667	60
129999007	2	419	33	55.45	37.25	320
129999009	2	419	33	55.416667	37.233333	352
129999010	2	409	33	55.583333	37.0	1726
129999011	2	422	33	55.15	37.266667	37
129999013	2	418	33	55.4	37.233333	209
129999014	2	410	33	54.766667	37.05	15
129999015	2	418	33	55.35	37.166667	186
129999016	1	242	34	56.016667	37.330278	988
129999017	2	409	33	55.266667	37.066667	331
129999018	2	409	33	55.316667	36.916667	1102
129999019	2	422	33	55.15	37.233333	35
129999020	2	420	33	54.5	36.916667	7
129999021	2	413	33	55.133333	37.016667	215
129999022	2	420	33	54.45	36.8	337
129999023	2	422	33	55.016667	37.233333	23
129999024	2	420	33	54.466667	36.85	123
129999025	2	410	33	54.733333	37.2	26
129999028	2	97	32	53.611389	36.686667	106
129999029	2	414	33	54.95	36.883333	266
129999030	2	115	32	53.716667	36.716667	8
129999031	2	410	33	54.733333	37.133333	17
129999032	2	0	31	53.33333333	36.86666667	-30
129999033	2	420	33	54.633333	36.866667	90
129999034	1	130	34	55.766667	37.066667	1452
129999035	2	420	33	54.616667	36.783333	737
129999037	2	410	33	54.466667	37.016667	-7
129999038	2	101	31	53.383333	36.366667	1000
129999039	2	421	33	54.166667	37.016667	-16
129999040	2	113	32	53.383333	36.666667	62
129999043	2	420	33	54.483333	36.766667	845
129999045	2	420	33	54.35	36.733333	577
129999046	2	418	33	55.35	37.216667	119
129999049	2	415	33	54.1	36.783333	7
129999050	1	242	34	55.916667	37.233333	1267
129999052	2	411	32	54.033333	36.733333	90
129999053	2	411	32	53.983333	36.7	240
129999055	2	411	32	53.933333	36.733333	35
129999056	2	415	33	54.133333	36.8	4
129999060	1	242	34	55.916667	37.266667	1289
129999062	2	420	33	54.533333	36.783333	358
129999066	2	419	33	55.416667	37.266667	170
129999067	2	409	33	55.466667	36.916667	1056
129999070	2	419	33	55.583333	37.233333	1091
129999071	2	414	33	54.95	36.866667	614
129999073	2	414	33	54.9	36.883333	241
129999075	2	414	33	54.8	36.8	1124
129999083	2	414	33	54.8	36.833333	741
129999085	2	420	33	54.583333	36.783333	438
129999089	2	420	33	54.45	36.8	337
129999090	2	422	37	55.483333	37.816667	216
129999094	2	415	33	54.133333	36.666667	2290
129999095	2	415	33	54.266667	36.816667	31
129999097	2	412	33	54.05	36.833333	-18
129999099	2	412	33	54.083333	36.916667	-25
129999101	2	399	15	49.702778	36.99	194
129999111	2	420	33	54.55	36.816667	291
129999125	2	128	31	53.633333	35.983333	2320
129999130	2	417	33	56	37.65	1217
129999140	2	417	33	55.716667	37.716667	476
129999150	2	416	33	55.583333	37.766667	625
129999170	2	414	33	55.016667	36.8	780
129999173	1	130	34	55.983333	37.15	1287
129999200	2	420	33	54.45	36.833333	185
129999201	2	411	32	54.016667	36.75	15
129999202	2	415	33	54.183333	36.833333	22
129999203	2	0	32	54.01666667	36.9	-27
129999208	2	416	33	55.583333	37.6	350
129999210	2	413	33	55.066667	37.066667	75
129999212	2	420	33	54.466667	36.7	1256
129999213	2	420	33	54.483333	36.716667	893
129999215	2	416	33	55.516667	37.4	223
129999217	2	416	33	55.508611	37.396389	193
129999219	2	416	33	55.75	37.516667	446
129999221	2	419	33	55.783333	37.4	485
129999444	2	130	33	55.7	37.116667	1703
129999446	2	130	33	55.716667	37.133333	1481
129999531	2	414	33	54.75	36.9	194
129999539	2	421	33	54.133333	37.0	-17
129999650	2	414	33	55.05	36.833333	1186
129999652	2	420	33	54.416667	36.9	16
129999901	2	413	33	54.916667	37.033333	39
139999001	2	115	31	54.066667	36.633333	1331
139999002	2	420	31	54.5	36.566667	2299
139999004	2	97	31	53.666667	36.616667	1155
139999005	2	97	31	53.882778	36.598611	1024
139999006	2	113	31	53.241944	36.810556	-19
139999007	2	127	542	54.733333	36.6	3365
139999009	2	97	31	53.624722	36.588611	663
139999010	2	101	539	53.733333	36.15	2063
139999011	2	113	31	53.328056	36.621389	81
139999012	2	101	31	53.7	36.216667	1880
139999013	2	113	31	53.294722	36.648333	47
139999014	2	101	31	53.633333	36.133333	1675
139999015	2	97	32	53.55	36.683333	45
139999016	2	97	31	53.416667	36.85	-19
139999017	2	110	31	53.251944	36.558889	111
139999019	2	101	31	53.228056	36.253333	387
139999021	2	101	31	53.176667	36.338333	263
139999025	2	101	31	53.1875	36.365	522
139999027	2	101	31	53.165	36.438056	161
139999029	2	101	31	53.104722	36.71	-12
139999032	2	101	31	53.228333	36.161389	846
139999038	2	128	31	53.465	36.049722	1587
139999043	2	101	31	53.133333	36.416667	330
139999044	2	101	30	53.016667	36.533333	30
139999055	2	101	31	53.723333	36.223333	1637
139999130	2	97	31	54.065278	36.608889	1731
139999150	2	113	31	53.535278	36.540278	643
139999160	2	115	31	53.8475	36.62	1341
139999200	2	101	30	53.2	36.016667	1916
139999201	2	101	30	53.083333	36.466667	136
139999203	2	101	31	53.533333	36.216667	1626
139999205	2	101	31	53.516667	36.25	1168
139999206	2	101	31	53.319167	36.245833	504
139999210	2	113	31	53.9	36.45	1833
139999351	2	101	31	53.716667	36.233333	1777
139999902	2	415	33	54.133333	36.666667	2290
149999001	2	103	30	52.886111	36.299167	235
149999003	2	101	30	53.183333	36.1	1177
149999004	2	107	30	52.933333	36.416667	201
149999006	2	101	31	53.216667	36.083333	1414
149999007	2	104	30	52.811389	36.559444	-2
149999008	2	102	30	53.065278	36.106667	659
149999009	2	96	30	52.733333	36.683333	-15
149999010	2	101	30	53.233333	36.033333	1540
149999011	2	95	29	52.773056	36.305	112
149999013	2	95	29	52.625556	36.301111	220
149999014	2	101	30	53.2	36.083333	1386
149999015	2	95	29	52.568056	36.316944	158
149999016	2	95	29	52.666667	36.533333	-3
149999017	2	95	29	52.663611	36.545278	2
149999018	2	101	30	53.2	36.1	1355
149999019	2	96	29	52.65	36.683333	-32
149999021	2	102	30	52.839167	36.069444	1775
149999025	2	99	31	52.933333	36.716667	-21
149999026	2	95	29	52.681389	36.526944	1
149999028	2	102	30	52.903056	36.020278	1216
149999029	2	103	30	52.891667	36.305556	254
149999075	2	95	29	52.650278	36.1925	778
149999097	2	96	30	52.733333	36.666667	-15
149999152	2	95	29	52.7	36.233333	482
149999300	2	128	30	53.266667	35.9	2421
149999512	2	101	31	53.233333	36.066667	1502
159999001	2	94	29	51.883333	35.916667	2499
159999002	2	40	367	52.05	35.683333	1871
159999007	2	94	29	52.05	35.866667	2434
159999009	2	94	29	52.083333	36.1	2133
159999011	2	94	29	52.244722	36.096111	1003
159999013	2	111	29	51.797778	36.192222	2052
159999015	2	111	29	52.180278	36.196389	1236
159999017	2	94	29	52.368056	36.273611	385
159999019	2	109	29	52.433333	36.65	-21
159999021	2	109	29	52.25	36.616667	-14
159999027	2	94	29	52.368333	36.240556	435
159999028	2	95	29	52.498333	36.193611	1503
159999160	2	94	29	52.2	35.933333	2056
159999200	2	94	29	52.45	36.2	943
159999901	2	95	29	52.5	36.2	1606
169999002	2	111	28	52.1	36.483333	101
169999003	2	111	28	52.083333	36.483333	113
169999004	2	100	27	50.6	36.9	253
169999005	2	112	28	51.766667	36.45	1633
169999006	2	98	27	50.855833	36.483333	1553
169999007	2	112	28	51.9	36.566667	-15
169999009	2	112	27	51.581111	36.6275	-23
169999011	2	112	28	51.478056	36.6575	-18
169999013	2	114	27	51.3	36.216667	1975
169999014	2	0	28	51.466667	36.666667	-11
169999020	2	105	27	51.15	36.716667	-16
169999021	2	112	27	51.336944	36.510556	561
169999023	2	108	27	51.168611	36.507222	1173
169999025	2	114	27	51.365	36.645278	52
169999029	2	105	27	51.238889	36.669444	40
169999032	2	100	27	50.6	36.9	253
169999033	2	105	27	51.101389	36.671389	55
169999035	2	105	27	51.083333	36.716667	-3
169999038	2	406	26	50	37.183333	-28
169999039	2	0	27	51.01666667	36.76666667	-30
169999040	2	359	27	50.88333333	36.83333333	-26
169999041	2	98	27	50.836944	36.764722	72
169999042	2	98	27	50.75	36.65	1252
169999043	2	98	27	50.85	36.744167	162
169999047	2	98	27	50.8	36.85	-7
169999048	2	100	27	50.6	36.916667	622
169999049	2	100	27	50.718056	36.818611	117
169999051	2	100	27	50.628611	36.913611	70
169999053	2	400	317	50.566667	36.966667	9
169999054	2	100	27	50.45	36.85	2244
169999055	2	400	26	50.291111	36.992222	97
169999056	2	400	26	50.274167	36.808333	1258
169999057	2	400	26	50.366667	37.083333	-28
169999058	2	407	26	50.238056	37.255556	-28
169999059	2	400	26	50.303056	36.998056	80
169999061	2	407	26	50.2175	37.160833	-28
169999062	2	400	26	50.376111	36.685556	1927
169999063	2	401	15	49.866667	37.116667	104
169999065	2	0	15	50.43333333	37.11666667	-28
169999067	2	400	317	50.583333	36.966667	-18
169999069	2	111	28	52.1	36.583333	-19
169999071	2	112	28	51.866667	36.566667	-6
169999073	2	0	28	51.8	36.61666667	-30
169999074	2	400	33	50.564167	36.980833	-3
169999075	2	111	28	51.966667	36.566667	-19
169999085	2	108	27	51.2125	36.541944	995
169999089	2	98	27	50.976667	36.696389	116
169999091	2	400	26	50.434722	37.004167	-28
169999093	2	407	26	50.103056	37.053056	-28
169999100	2	395	26	50.063611	36.839444	1019
169999101	2	395	26	50.079932	36.835553	1095
169999155	2	100	27	50.571389	36.798056	1960
169999157	2	100	27	50.619444	36.908333	120
169999159	2	100	27	50.502222	36.854167	1385
169999204	2	401	26	49.916944	36.904444	1622
169999205	2	401	15	49.876111	37.065833	196
169999206	2	401	26	50.014722	36.823333	1371
169999209	2	114	27	51.230278	36.310833	951
169999211	2	111	28	51.904167	36.442222	522
169999222	2	100	27	50.675278	36.847222	166
169999601	2	98	27	50.85	36.45	2191
169999602	2	98	27	50.883333	36.816667	-11
169999603	2	108	27	51.133333	36.483333	1408
169999869	2	98	27	50.85	36.75	226
179999001	2	62	23	47.850172	36.00162	1519
179999002	2	64	23	46.97015	36.051621	2097
179999003	2	68	22	47.466667	35.183333	1834
179999004	2	64	23	47.020148	35.921615	1860
179999006	2	62	23	47.530162	35.87162	2169
179999007	2	62	22	47.850169	35.671622	1626
179999009	2	62	19	47.890166	36.171616	1435
179999010	2	63	22	47.500154	35.281621	1776
179999011	2	62	19	47.950171	36.241617	1407
179999012	2	428	21	48.14986	35.321619	2113
179999013	2	3	20	47.999863	36.25162	1423
179999014	2	4	21	48.409869	35.741622	1731
179999016	2	4	341	48.58987	36.121618	1983
179999018	2	6	20	48.069857	36.501615	1828
179999019	2	6	18	47.88017	37.121615	1144
179999021	2	311	24	50.679903	36.141622	2146
179999022	2	9	19	47.630169	36.531619	1635
179999023	2	359	17	47.700172	37.331611	1491
179999024	2	6	19	47.670172	36.941615	1203
179999025	2	359	17	47.620171	37.401609	1149
179999027	2	359	17	47.380164	37.521613	1485
179999028	2	6	18	48.419865	36.731615	1653
179999029	2	359	16	47.980176	37.521612	1212
179999032	2	6	18	48.209863	37.061618	1739
179999033	2	8	25	49.12988	36.781618	301
179999034	2	363	17	46.969722	37.126667	1935
179999035	2	311	24	50.749911	36.171621	1840
179999036	2	363	17	46.950152	37.301613	1826
179999037	2	311	24	50.633333	36.183333	1698
179999038	2	361	17	46.894167	37.376944	1601
179999039	2	121	24	50.479908	36.381623	1551
179999040	2	359	17	47.700166	37.451613	1135
179999041	2	399	24	49.529891	36.65162	481
179999042	2	347	17	46.730152	37.701615	2056
179999043	2	399	15	49.419884	36.801617	321
179999044	2	359	17	47.770165	37.421617	1057
179999045	2	399	15	49.575	36.846944	242
179999047	2	399	15	49.55	36.983333	294
179999049	2	399	15	49.633333	37.0	198
179999050	2	311	24	51.069917	36.131625	3072
179999051	2	399	15	49.63989	37.011619	97
179999052	2	311	24	50.899908	36.131621	2784
179999054	2	311	24	50.829911	36.271618	3402
179999056	2	64	23	47.1	35.716667	1913
179999057	2	394	15	49.929895	37.261612	-10
179999058	2	311	24	50.729907	36.281622	2734
179999059	2	401	26	49.883333	37.066667	352
179999060	2	311	24	50.679911	36.221617	2197
179999062	2	20	15	50.13333333	37.4	-28
179999066	2	399	24	49.729893	36.611616	524
179999070	2	399	15	49.399885	36.75162	371
179999082	2	397	14	49.599889	37.251616	13
179999083	2	63	22	47.420157	35.281617	1825
179999087	2	121	25	49.49989	36.481617	811
179999088	2	399	15	49.769895	36.871619	1929
179999090	2	428	349	48.233333	35.15	2173
179999091	2	347	17	46.916667	37.716667	1975
179999095	2	428	349	48.248194	35.164583	2237
179999097	2	4	341	48.583333	36.1	2023
179999100	2	361	17	47.050156	37.48161	1654
179999102	2	317	16	48.721111	37.384167	1574
179999104	2	359	16	47.880171	37.68161	1291
179999105	2	359	17	47.720175	37.571613	1420
179999106	2	317	16	48.516389	37.635556	1792
179999107	2	311	24	50.679911	36.221617	2197
179999113	2	9	19	47.600165	36.451616	1882
179999115	2	62	19	47.610166	36.24162	1813
179999120	2	62	23	47.390159	35.851621	1769
179999125	2	399	15	49.549889	36.891618	400
179999130	2	424	349	48.182122	34.971498	2034
179999135	2	4	20	48.499871	36.271615	1775
179999140	2	347	17	46.730147	37.631616	1989
179999143	2	121	25	49.049197	36.573184	1890
179999147	2	121	24	49.49013	36.40297	1040
179999150	2	62	23	47.75	35.866667	1848
179999152	2	347	17	46.740154	37.631613	1976
179999160	2	347	328	46.9075	37.729444	1947
179999161	2	121	25	49.381291	36.588722	520
179999170	2	319	16	48.049853	37.651613	2001
179999180	2	428	22	47.970167	35.521615	1851
179999200	2	361	17	47.035833	37.483889	1637
179999201	2	121	24	50.283333	36.45	1050
179999210	2	121	24	50.17	36.547222	834
179999211	2	361	17	46.877222	37.488611	1629
179999221	2	68	22	47.75	35.083333	2240
179999222	2	68	22	48.019863	35.08162	1793
179999228	2	63	22	47.320154	35.131618	1968
179999230	2	359	17	47.44016	37.201617	1398
179999240	2	361	17	47.230157	37.271612	1804
179999250	2	363	17	47.10016	37.181613	1735
179999260	2	6	19	47.930175	36.901616	1507
179999270	2	347	17	47.160157	37.621614	1630
179999280	2	317	16	48.516667	37.733333	1800
179999290	2	317	16	48.599869	37.571611	2003
179999300	2	6	19	47.860166	36.921617	1346
179999301	2	319	16	48.329861	37.781611	1492
179999302	2	68	22	47.80016	35.171623	1908
179999303	2	397	15	49.72989	37.141612	40
179999305	2	394	15	49.949897	37.421618	-23
179999307	2	121	25	49.399889	36.52162	1182
179999330	2	359	17	47.670172	37.69161	1859
179999340	2	6	18	48.189857	37.111618	1765
179999350	2	4	20	48.709873	36.351616	2070
179999380	2	9	19	47.48016	36.601619	2022
179999381	2	319	16	48.409861	37.72161	1934
179999400	2	121	24	50.169902	36.481615	1752
179999402	2	63	22	47.416667	35.283333	1814
179999403	2	4	21	48.65	35.68333	1869
179999420	2	6	18	48.179865	36.851618	1386
179999428	2	361	17	47.050151	37.38161	1524
179999430	2	359	16	47.850168	37.521616	1097
179999431	2	6	18	48.369867	36.721616	1559
179999432	2	359	17	47.38016	37.581613	1649
179999433	2	319	16	48.08333	37.58333	1881
179999435	2	359	16	48.042954	37.503332	1008
179999440	2	8	16	48.54	36.974167	2620
179999450	2	359	17	47.700168	37.441611	1124
179999460	2	359	16	47.770166	37.621613	1541
179999470	2	6	18	48.559873	36.781615	2021
179999480	2	7	18	48.799875	36.501613	1765
179999490	2	7	18	48.859878	36.55162	1933
179999500	2	311	24	50.449905	36.251623	2012
179999501	2	118	24	50.4	36.333333	1897
179999502	2	121	24	50.629904	36.401619	1660
179999503	2	121	24	50.299899	36.481619	1135
179999504	2	121	24	50.439899	36.461614	1978
179999505	2	121	24	50.199897	36.531618	911
179999506	2	5	25	49.209882	36.381619	1907
179999507	2	121	24	50.154444	36.6	1174
179999508	2	121	24	49.879893	36.591621	1107
179999509	2	121	24	50.0399	36.561619	1383
179999510	2	121	24	50.279899	36.43162	1229
179999511	2	121	25	49.25	36.716667	352
179999512	2	118	24	50.383333	36.35	2253
179999513	2	121	25	49.349708	36.683881	377
179999515	2	121	24	50.62991	36.381623	1636
179999517	2	399	15	49.549889	36.891618	400
179999519	2	4	21	48.679879	35.671617	1884
179999520	2	6	20	48.369868	36.521617	2048
179999521	2	121	25	49.349708	36.683881	377
179999523	2	121	25	49.169883	36.621618	1414
179999526	2	7	18	48.799875	36.44162	1781
179999530	2	63	22	47.450153	35.27162	1812
179999531	2	6	18	48.069855	36.791615	1760
179999536	2	121	24	50.269903	36.601617	1657
179999540	2	6	19	47.930167	36.761616	2191
179999550	2	6	19	47.810167	36.791611	1992
179999560	2	359	16	47.840167	37.481615	1089
179999562	2	121	24	50.729909	36.371623	2203
179999570	2	319	16	48.049862	37.621608	1903
179999609	2	401	26	50	36.88333	1472
179999619	2	62	22	47.920163	35.681615	1746
179999620	2	62	22	47.620161	35.52162	1838
179999630	2	311	24	50.669903	36.201621	1963
179999637	2	63	22	47.343715	35.492121	1920
179999683	2	62	19	47.630161	36.251619	1848
179999703	2	64	23	46.969528	35.891843	1970
179999706	2	68	22	47.750159	35.081623	2229
179999711	2	64	23	47.25	36.0	1799
179999713	2	62	22	47.416667	35.7	1948
179999721	2	6	18	48.719868	36.641614	1879
179999730	2	6	18	48.279863	37.121613	1976
179999741	2	9	19	47.57016	36.611616	1631
179999743	2	4	21	48.406664	35.740553	1705
179999747	2	63	52	47.133333	35.333333	2224
179999760	2	8	16	48.889879	36.801612	1366
179999843	2	68	22	47.680158	35.431618	1706
179999852	2	359	17	47.6	37.283333	1386
179999860	2	4	21	48.389865	35.801615	1695
179999872	2	43	368	51.661913	35.825831	1770
179999874	2	311	24	51.069913	36.201623	2627
179999877	2	319	16	48.519868	37.871615	2540
179999888	2	63	22	47.195432	35.167217	2038
179999917	2	319	16	48.22986	37.591608	1142
179999921	2	317	16	48.568056	37.619444	1939
179999926	2	68	22	47.689167	35.438056	1716
179999927	2	319	16	48.166944	37.698333	1595
179999934	2	311	24	50.9	36.2	2096
179999959	2	361	317	46.63333	37.38333	1892
179999963	2	361	17	46.83015	37.581612	1718
179999966	2	311	24	50.899912	36.181623	2073
179999977	2	361	17	46.980152	37.531615	1786
179999981	2	322	2	48.197772	37.831667	1909
179999982	2	322	2	48.126393	37.886107	1820
179999985	2	319	16	48.423611	37.708889	1748
179999997	2	121	25	49.269885	36.701614	444
189999002	2	396	14	49.466667	37.466667	-20
189999003	2	403	14	49.266944	37.428889	-22
189999007	2	403	14	49.3	37.316667	4
189999017	2	408	14	49.116667	37.416667	61
189999021	2	398	13	49.083333	37.533333	264
189999023	2	398	13	49.025833	37.578889	111
189999025	2	404	13	49	37.683333	7
189999027	2	404	13	48.895833	37.711111	134
189999028	2	404	13	48.735278	37.675278	772
189999029	2	404	13	48.836667	37.795556	150
189999031	2	404	13	48.833333	37.833333	645
189999032	2	404	13	48.716944	37.688611	1254
189999033	2	404	13	48.865278	37.972778	102
189999034	2	404	13	48.633333	37.666667	1716
189999035	2	404	13	48.886111	38.085833	50
189999036	2	404	13	48.865278	38.171389	35
189999037	2	404	13	48.85	38.15	336
189999039	2	404	13	48.865278	38.171389	35
189999041	2	404	2	48.866667	38.216667	26
189999043	2	404	13	48.85	38.233333	163
189999044	2	404	13	48.845278	38.228611	60
189999045	2	393	2	48.85	38.3	119
189999046	2	404	13	48.833333	37.833333	645
189999047	2	393	13	48.828333	38.300556	39
189999049	2	393	13	48.833333	38.366667	107
189999053	2	393	1	48.85	38.45	-16
189999055	2	404	13	48.883333	38.05	203
189999065	2	408	14	49.073611	37.332222	146
189999073	2	404	13	48.860278	38.14	59
189999079	2	393	13	48.810278	38.425833	-2
189999101	2	404	13	48.690833	37.650278	997
189999103	2	404	13	48.782222	37.628056	1778
189999105	2	401	15	49.816667	37.152778	33
189999107	2	396	14	49.466667	37.433333	-29
189999135	2	408	14	49.104722	37.452778	42
189999201	2	405	14	49.3	37.216667	35
189999215	2	393	13	48.866667	38.433333	-21
189999702	2	398	13	49.133333	37.55	22
189999950	2	393	13	48.694444	38.397778	351
199999001	2	29	0	44.61666667	39.78333333	805
199999003	2	29	12	44.8	39.65	793
199999004	2	399	15	49.55	36.883333	388
199999007	2	29	0	44.433333	39.416667	1397
199999010	2	357	6	45.766667	38.433333	1321
199999011	2	29	9	44.466667	39.283333	1301
199999013	2	29	9	44.533333	39.3	1555
199999015	2	33	9	45.083333	39.35	776
199999018	2	355	4	47.033333	38.75	1525
199999019	2	24	8	44.35	38.483333	2135
199999020	2	355	4	46.95	38.766667	1842
199999021	2	24	8	44.333333	38.4	2168
199999023	2	24	8	44.433333	38.483333	1904
199999024	2	315	2	48.283333	38.25	1354
199999025	2	24	8	44.7	38.466667	1958
199999026	2	318	2	48.193611	38.233056	1399
199999027	2	24	8	44.783333	38.483333	1499
199999029	2	24	8	44.783333	38.566667	1411
199999031	2	24	8	45.033333	38.533333	1091
199999033	2	24	8	45.05	38.583333	1067
199999034	2	346	3	47.05	38.466667	1342
199999035	2	24	8	45.1	38.683333	1005
199999037	2	357	6	45.716667	38.566667	1307
199999039	2	24	5	45.266667	38.766667	943
199999040	2	350	4	45.816667	38.833333	1322
199999041	2	36	7	44.9	38.866667	1211
199999042	2	323	0	47.4	39.416667	224
199999044	2	36	7	45.166667	38.85	1353
199999045	2	357	5	45.283333	38.866667	1113
199999046	2	324	0	48.083333	39.033333	799
199999047	2	362	4	46.216667	38.566667	1362
199999049	2	322	2	47.900833	38.116667	2052
199999050	2	35	11	44.55	39.083333	1866
199999051	2	315	2	48.316944	38.317222	1322
199999052	2	24	8	45.2	38.716667	1163
199999053	2	315	2	48.199444	38.319167	1386
199999054	2	36	7	45.033333	38.85	1115
199999055	2	315	2	48.361944	38.307222	1320
199999056	2	28	9	44.833333	38.966667	1654
199999057	2	321	2	48.5	38.333333	1320
199999058	2	24	8	44.783333	38.4	1683
199999059	2	315	2	48.367222	38.318611	1316
199999060	2	359	17	47.700172	37.331611	1491
199999062	2	357	5	45.283333	38.833333	1000
199999063	2	320	1	47.694167	38.398889	1360
199999064	2	35	10	44.233333	39.283333	1986
199999065	2	320	1	47.538333	38.550556	785
199999066	2	24	8	45.033333	38.583333	1076
199999067	2	346	3	47.216667	38.433333	1318
199999068	2	35	10	44.066667	39.366667	2443
199999069	2	320	0	47.533611	38.686111	668
199999070	2	33	9	44.983333	39.233333	869
199999071	2	323	0	47.518889	39.294722	241
199999072	2	318	2	48.083333	38.166667	1691
199999073	2	29	10	44.45	39.333333	1339
199999074	2	321	2	48.55	38.283333	1338
199999075	2	35	10	44.233333	39.35	1870
199999076	2	393	13	48.6	38.416667	1008
199999077	2	35	11	44.483333	39.183333	1672
199999078	2	355	4	47.033333	38.75	1525
199999080	2	322	2	48.3	38.1	1486
199999081	2	24	8	44.7	38.6	1603
199999082	2	322	2	48.133333	38.066667	1566
199999083	2	36	7	44.816667	38.85	1277
199999084	2	315	2	48.05	38.266667	1917
199999085	2	24	8	44.866667	38.483333	1226
199999086	2	355	4	47.166667	38.833333	1925
199999087	2	24	8	45.1	38.683333	1005
199999088	2	346	3	47.216667	38.383333	1709
199999089	2	362	4	46.2	38.566667	1301
199999090	2	346	3	46.916667	38.45	1400
199999091	2	351	4	46.966667	39.033333	676
199999092	2	346	0	47.333333	38.783333	1654
199999093	2	315	2	48.507778	38.081944	1578
199999094	2	321	13	48.583333	38.35	1419
199999095	2	315	2	48.561944	38.014722	2479
199999096	2	319	16	48.139444	37.685556	2010
199999097	2	321	2	48.484444	38.387222	1342
199999098	2	320	0	47.833333	38.833333	1610
199999099	2	321	2	48.485	38.429167	1443
199999100	2	321	2	48.479306	38.417222	1430
199999101	2	315	2	48.246667	38.381389	1299
199999102	2	320	0	47.6	38.666667	961
199999104	2	35	11	44.3	39.233333	2133
199999105	2	346	3	46.866667	38.466667	1463
199999111	2	35	10	44.116667	39.283333	2573
199999112	2	35	11	44.266667	39.1	2377
199999114	2	35	11	44.5	39.0	2324
199999115	2	35	7	44.2	38.966667	2449
199999121	2	324	0	47.966667	39.066667	808
199999123	2	322	2	48.253889	37.998056	1481
199999124	2	322	2	48.216667	37.883333	1733
199999125	2	315	2	48.233333	38.116667	1786
199999127	2	346	3	46.95	38.5	1442
199999128	2	320	2	47.95	38.633333	1126
199999131	2	350	4	46.25	38.816667	682
199999133	2	322	2	48.221389	37.878333	1642
199999135	2	355	4	47.033333	38.883333	1014
199999139	2	350	4	45.766667	38.816667	1370
199999141	2	346	3	46.983333	38.45	1351
199999142	2	350	4	45.783333	38.883333	822
199999143	2	33	11	45.4	39.083333	754
199999144	2	315	2	48.3175	38.216111	1350
199999146	2	24	8	44.783333	38.366667	1782
199999147	2	362	3	46.583333	38.516667	1728
199999149	2	321	2	48.589444	38.283333	1339
199999168	2	324	0	47.55	39.116667	351
199999169	2	35	11	44.383333	39.066667	1828
199999171	2	24	7	44.783333	38.716667	2075
199999173	2	24	8	44.95	38.55	1152
199999175	2	24	8	44.45	38.733333	2618
199999177	2	24	8	44.683333	38.616667	1813
199999181	2	24	8	44.383333	38.616667	2468
199999187	2	35	7	44.35	38.85	2198
199999195	2	320	2	47.866667	38.541667	1127
199999196	2	346	3	47.216667	38.433333	1318
199999215	2	320	1	47.516667	38.5	803
199999343	2	23	320	47.2	36.566667	2322
199999401	2	346	1	47.466944	38.506944	1064
199999681	2	346	1	47.466944	38.506944	1064
199999807	2	350	4	45.613889	38.935	720
199999854	2	35	7	46.03333333	38.96666667	1603
199999865	2	24	8	44.5	38.55	2366
199999867	2	351	9	46.671667	38.966667	351
199999869	2	351	9	46.671667	38.966667	351
199999872	2	324	0	48.083333	39.0	1092
199999873	2	320	2	48.032778	38.494722	1122
199999875	2	359	17	47.420162	37.671616	2020
199999883	2	350	4	46	38.866667	702
199999885	2	350	4	46	38.866667	702
199999888	2	35	0	48.366667	39.383333	76
199999891	2	321	2	48.6	38.283333	1335
199999910	2	322	2	48.133333	38.066667	1566
199999914	2	29	10	44.35	39.35	1480
199999921	2	29	10	44.416667	39.35	1380
199999922	2	351	4	46.533333	38.833333	1027
199999924	2	355	4	47.2	39.033333	971
199999925	2	322	2	48.126389	37.886111	1820
199999927	2	322	2	48.197778	37.831667	1909
199999929	2	316	0	48.1	39.433333	192
199999930	2	324	0	47.55	39.166667	322
199999931	2	324	0	47.75	39.033333	877
199999932	2	355	4	47.316667	39.033333	937
199999933	2	324	0	48.283333	39.0	914
199999934	2	316	0	48.075987	39.175808	362
199999935	2	324	0	47.833333	39.05	766
199999936	2	352	327	47.4	38.15	2337
199999937	2	315	2	48.05	38.266667	1917
199999938	2	315	2	48.55	38.133333	1688
199999939	2	319	2	48.433333	37.933333	1791
199999940	2	352	329	47.833333	38.0	2088
199999941	2	321	2	48.366667	38.566667	1738
199999942	2	323	0	47.921703	39.652124	46
199999943	2	320	0	47.733333	38.8	1426
199999944	2	320	2	47.946389	38.742778	1289
199999945	2	320	1	47.583333	38.466667	1045
199999946	2	320	1	47.616667	38.333333	1627
199999947	2	320	2	47.8	38.583333	959
199999948	2	315	2	48.1	38.383333	1550
199999949	2	321	2	48.468056	38.400556	1385
199999950	2	320	1	47.7	38.3	2012
199999951	2	318	2	48.016667	38.216667	2151
199999952	2	346	0	47.3	38.633333	1295
199999953	2	362	3	46.483333	38.566667	1899
199999954	2	346	0	47.366667	38.866667	1131
199999955	2	361	17	47.231111	37.424722	1787
199999956	2	359	17	47.511111	37.686111	2151
199999957	2	359	17	48.069863	37.251616	1719
199999958	2	359	17	47.416667	37.666667	1907
199999963	2	35	11	44.416667	39.166667	1846
199999965	2	320	1	47.416667	38.316667	1618
199999967	2	355	4	47.316667	39.05	787
199999968	2	351	4	46.683333	38.966667	420
199999969	2	352	329	47.616667	37.833333	1685
199999975	2	352	329	47.816667	37.866667	2247
199999985	2	317	16	48.5	37.633333	1889
219999001	2	34	46	45.166667	36.733333	1436
219999002	2	34	46	45.133333	36.716667	1577
219999003	2	34	46	45.266667	36.75	1416
219999005	2	25	45	45.45	36.316667	1228
219999006	2	113	31	53.342778	36.54625	317
219999007	2	25	45	45.55	36.15	1057
219999008	2	69	53	46.95	35.05	1525
219999009	2	61	44	45.922222	36.016667	1585
219999011	2	70	43	46.124444	35.649167	1341
219999012	2	67	52	47	35.283333	1475
219999016	2	67	52	47.002454	35.278519	1480
219999021	2	67	53	46.925556	35.100278	1419
219999023	2	63	52	47.236667	35.484167	2008
219999024	2	67	52	47.130148	35.331617	2239
219999025	2	67	52	47.016667	35.266667	1378
219999026	2	67	52	47.125556	35.550833	1653
219999027	2	67	52	46.883333	35.116667	1341
219999028	2	169	65	47.383333	32.566667	134
219999031	2	69	50	46.604444	35.066667	1028
219999032	2	425	101	48.566667	34.45	1703
219999033	2	70	50	46.298333	35.533056	1327
219999037	2	70	51	46.166667	35.516667	1297
219999038	2	67	50	46.6	35.35	1774
219999040	2	67	50	46.733333	35.366667	1812
219999041	2	65	50	46.293889	35.345	1117
219999042	2	70	50	46.505278	35.420278	1488
219999043	2	65	50	46.378611	35.283889	1083
219999047	2	233	49	46.233333	35.116667	822
219999049	2	57	158	50.593333	30.893056	1000
219999051	2	224	47	46.35	34.366667	1602
219999057	2	222	54	45.733333	34.816667	423
219999059	2	226	55	45.75	34.55	517
219999061	2	226	59	45.933333	34.5	637
219999065	2	226	59	45.866667	34.466667	567
219999066	2	227	53	47.383333	34.8	1949
219999067	2	234	58	45.916667	34.283333	713
219999069	2	226	57	45.8	34.45	517
219999071	2	229	57	45.583333	34.516667	368
219999077	2	229	57	45.55	34.366667	264
219999078	2	184	115	51.616667	30.866667	2700
219999079	2	229	60	45.5	34.0	153
219999080	2	55	119	51.383333	30.633333	2147
219999081	2	166	60	46.295556	33.824167	1149
219999082	2	166	60	46.294722	33.825	1151
219999083	2	229	60	45.7	33.9	354
219999084	2	184	116	51.716667	31.183333	2474
219999085	2	172	61	46.082222	33.600556	527
219999086	2	172	62	46.176667	33.506111	651
219999087	2	172	63	46.2375	33.248611	277
219999088	2	184	125	51.533333	31.733333	2476
219999091	2	172	63	46.155278	33.101667	133
219999092	2	336	134	51.283333	31.966667	2226
219999093	2	172	63	46.6	33.033333	331
219999095	2	169	64	47.171667	32.761944	249
219999096	2	169	64	46.9	33.05	801
219999097	2	169	64	47.233333	32.533333	99
219999099	2	169	64	47.383333	32.594444	174
219999101	2	169	65	47.583333	32.35	75
219999102	2	341	128	50.166667	32.333333	2506
219999104	2	184	123	51.316667	31.516667	2138
219999106	2	343	120	50.633333	31.533333	1404
219999107	2	430	99	48.233333	34.283333	1506
219999108	2	89	346	49.77278	32.33167	689
219999109	2	425	100	48.319722	34.423611	1839
219999111	2	423	98	48.05	34.833333	1766
219999112	2	423	98	48.045556	34.812778	1588
219999113	2	231	97	47.916667	34.416667	1428
219999114	2	67	52	47	35.416667	1516
219999116	2	288	110	49.816667	31.716667	900
219999117	2	228	96	47.7	34.483333	1418
219999118	2	305	145	49.516667	31.45	286
219999119	2	227	94	47.45	34.716667	1586
219999120	2	303	108	49.1	32.333333	369
219999121	2	303	108	49.092778	32.345	388
219999122	2	303	108	49.316667	32.3	411
219999124	2	73	140	48.77	33.891111	1564
219999125	2	232	93	47.45	34.433333	1284
219999126	2	303	108	49.316667	32.3	411
219999127	2	232	92	47.433333	34.35	1280
219999128	2	230	91	46.633333	34.283333	1538
219999129	2	230	91	46.816667	34.266667	1359
219999130	2	71	143	49.483333	33.416667	1870
219999132	2	230	91	46.641667	34.289167	1491
219999133	2	225	88	46.783333	34.55	1311
219999135	2	228	94	47.433333	34.566667	1342
219999138	2	75	75	47.933333	34.0	1919
219999139	2	230	88	47	34.483333	1305
219999140	2	75	87	47.583333	34.116667	1683
219999141	2	230	88	47.133333	34.316667	1295
219999142	2	72	138	49.783333	33.083333	2259
219999143	2	230	88	47.25	34.233333	1286
219999144	2	286	136	48.45	32.55	339
219999145	2	75	87	48.060278	34.098889	1811
219999146	2	75	87	47.966667	34.083333	1786
219999147	2	173	86	47.25	33.75	948
219999148	2	75	87	47.583333	34.133333	1658
219999149	2	173	86	47.1	33.766667	984
219999150	2	341	122	50.033333	32.2	1509
219999153	2	221	84	46.383333	34.166667	1379
219999154	2	341	122	50.026667	32.213889	1514
219999155	2	221	84	46.633333	34.033333	1329
219999157	2	170	80	46.6925	33.5775	1110
219999158	2	173	81	46.6675	33.736389	954
219999161	2	170	80	46.833333	33.55	744
219999162	2	74	77	48.568056	33.63	1694
219999163	2	80	79	47.206111	33.390278	858
219999165	2	78	78	47.466667	33.166667	745
219999166	2	295	136	48.516667	32.066667	48
219999167	2	74	74	48.46	33.503889	1387
219999168	2	74	77	48.766667	33.5	1838
219999169	2	79	77	48.257222	33.721667	1556
219999170	2	80	79	47.262778	33.414722	954
219999171	2	79	76	48.206944	33.786667	1541
219999172	2	76	75	47.883333	33.583333	1016
219999173	2	76	75	47.965278	33.494722	946
219999175	2	74	74	48.248889	33.445556	1125
219999176	2	282	403	48.483333	30.016667	7
219999177	2	81	72	47.894722	33.331389	799
219999178	2	230	92	47.4	34.333333	1281
219999179	2	81	72	47.889167	33.314167	793
219999181	2	81	72	47.815278	33.31	768
219999183	2	81	72	47.718333	33.162222	744
219999184	2	74	74	48.283333	33.433333	1150
219999185	2	168	71	47.8	32.966667	404
219999187	2	188	137	49.783333	32.95	2931
219999189	2	286	71	48.083333	32.816667	456
219999191	2	300	70	48.15	32.416667	105
219999192	2	300	68	47.932222	32.203611	128
219999193	2	300	135	48.383333	31.833333	32
219999194	2	300	136	48.256111	32.213333	80
219999195	2	300	136	48.25	32.2	73
219999199	2	296	67	48.433333	31.5	8
219999200	2	429	349	48.666667	34.6	2529
219999201	2	307	67	47.783333	31.533333	14
219999202	2	307	67	47.783333	31.533333	14
219999203	2	55	118	51.6	30.65	1821
219999204	2	67	52	47.033333	35.25	1440
219999205	2	55	118	51.516667	30.683889	1856
219999209	2	56	118	51.366667	30.833333	1628
219999210	2	55	119	51.533333	30.533333	2093
219999211	2	55	119	51.251944	30.861111	2089
219999212	2	377	408	51.85	30.516667	2591
219999214	2	67	52	46.766667	35.516667	2288
219999215	2	56	118	51.25	30.95	1560
219999216	2	67	52	46.933333	35.433333	1759
219999217	2	184	115	51.733333	30.833333	2389
219999218	2	67	52	46.95	35.4325	1640
219999219	2	184	115	51.516667	31.066667	2003
219999220	2	168	78	47.35	33.183333	624
219999223	2	56	114	51.266667	31.183333	1615
219999225	2	343	113	50.416667	31.516667	879
219999226	2	67	52	47.115	35.473056	2072
219999227	2	336	123	51.247778	31.639444	2057
219999228	2	67	52	47.133333	35.65	2031
219999230	2	221	84	46.383333	34.15	1591
219999231	2	343	122	50.770556	31.670833	1041
219999233	2	335	122	50.452778	31.663611	855
219999234	2	224	85	46.25	34.25	1489
219999235	2	343	120	50.825556	31.509444	1584
219999236	2	221	84	46.383333	34.166667	1379
219999237	2	288	112	50.133333	31.75	708
219999239	2	285	112	49.6	32.066667	915
219999241	2	285	109	49.383333	32.033333	285
219999242	2	308	107	48.832778	32.259722	39
219999243	2	308	107	48.816667	32.25	69
219999244	2	308	107	48.812778	32.236528	65
219999245	2	304	106	49.116667	32.0	95
219999249	2	301	105	48.85	32.05	50
219999250	2	301	105	48.85	32.033333	42
219999251	2	301	105	48.85	32.033333	42
219999253	2	301	105	48.983333	31.9	19
219999255	2	77	142	49.05	33.666667	1586
219999259	2	73	140	48.583333	33.9	2058
219999261	2	73	140	48.791667	33.783333	1488
219999267	2	77	139	49.066667	33.475	1433
219999268	2	172	62	46.166667	33.5	668
219999269	2	72	143	49.7	33.4	1998
219999271	2	71	140	49.4	33.4	1921
219999272	2	90	142	49.083333	33.883333	2259
219999273	2	71	143	49.433333	33.308333	2182
219999274	2	90	142	49.233333	33.766667	2072
219999275	2	71	143	49.375	33.35	2066
219999276	2	90	142	49.290833	33.633333	1827
219999279	2	77	140	49.083333	33.483333	1481
219999281	2	77	139	48.966667	33.383333	1351
219999282	2	90	143	49.5	33.733333	2024
219999284	2	72	139	49.166667	33.233333	2239
219999285	2	74	139	48.883333	33.216667	1018
219999289	2	72	138	49.705	33.149167	2094
219999291	2	74	137	48.75	32.933333	1101
219999293	2	295	137	48.766667	32.933333	609
219999295	2	295	136	48.766667	32.816667	629
219999297	2	295	136	48.5	32.466667	129
219999298	2	295	136	48.45	32.416667	145
219999299	2	295	136	48.4	32.4	118
219999301	2	300	136	48.333333	32.233333	81
219999302	2	67	52	47.1	35.633333	1904
219999303	2	300	136	48.55	31.95	32
219999307	2	290	104	48.883333	31.583333	23
219999309	2	287	103	48.683333	31.333333	11
219999311	2	294	103	48.416667	30.733333	9
219999317	2	294	102	48.166667	30.433333	13
219999321	2	282	102	48.45	30.266667	12
219999322	2	282	102	48.45	30.266667	12
219999325	2	0	31	45.33333333	36.05	1078
219999327	2	61	44	45.833333	35.833333	1454
219999329	2	61	44	45.943333	35.941667	1496
219999330	2	69	53	46.983333	34.966667	1471
219999337	2	69	53	46.967778	35.015	1397
219999342	2	71	140	49.4	33.4	1921
219999345	2	70	51	46.133333	35.533333	1281
219999346	2	81	72	48.112778	33.222222	1248
219999349	2	430	99	47.933333	34.266667	1979
219999351	2	226	59	45.95	34.433333	716
219999356	2	165	61	46.25	33.683333	1049
219999357	2	229	60	45.683333	33.9	346
219999367	2	171	63	46.495556	33.463889	1190
219999371	2	430	101	48.366667	34.333333	1860
219999372	2	165	63	46.566667	33.483333	1301
219999375	2	430	101	48.231667	34.317222	1526
219999378	2	171	63	46.534722	33.248333	851
219999387	2	227	95	47.483333	34.733333	1598
219999389	2	232	93	47.45	34.433333	1284
219999392	2	234	56	46	34.1	1111
219999393	2	225	90	46.65	34.716667	1345
219999395	2	225	90	46.65	34.716667	1345
219999398	2	72	137	49.65	33.033333	2011
219999400	2	72	138	49.683333	33.15	1994
219999401	2	230	88	47.133333	34.383333	1328
219999402	2	188	137	49.8	33.002778	2111
219999404	2	188	137	49.805556	33.0125	2401
219999406	2	288	112	50.183333	31.75	1188
219999407	2	230	89	47.083333	34.683333	1529
219999408	2	165	60	45.9	33.55	313
219999411	2	78	78	47.433333	33.183333	687
219999412	2	288	122	50.283333	31.75	2408
219999413	2	168	78	47.316667	33.116667	867
219999414	2	168	78	47.316667	33.15	750
219999415	2	55	118	51.566667	30.7	1849
219999417	2	341	128	50.183333	32.333333	2327
219999419	2	341	128	50.321667	32.248889	2166
219999421	2	340	129	50.466667	32.333333	2302
219999423	1	176	387	52.459722	31.636389	1768
219999425	2	335	129	50.629444	32.030556	1689
219999431	2	343	121	50.952778	31.526111	1757
219999432	2	65	50	46.348056	35.193889	1375
219999433	2	339	131	50.833333	32.316667	2036
219999435	2	341	122	49.94	32.365	1709
219999436	2	343	121	51.066667	31.55	1837
219999437	2	304	107	49.05	32.283333	211
219999439	2	287	144	49.166667	31.25	28
219999440	2	340	129	50.566667	32.25	2020
219999443	2	301	105	48.883333	31.85	17
219999455	2	286	136	48.283333	32.583333	240
219999457	2	188	137	50.016667	32.85	2558
219999458	2	188	137	50.054444	32.686667	2009
219999459	2	288	112	50.216667	31.733333	1148
219999463	2	77	142	49.05	33.666667	1586
219999465	2	299	103	48.366667	30.983333	6
219999470	2	343	114	51.233333	31.333333	1888
219999472	2	169	65	47.566667	32.316667	90
219999473	2	169	64	46.9	33.066667	851
219999474	2	169	69	47.9	32.3	147
219999478	2	67	50	46.530833	35.293056	1359
219999482	2	74	139	48.55	33.183333	1232
219999486	2	336	130	50.95	31.9	2389
219999488	2	307	67	47.926944	31.523333	14
219999490	2	307	67	48.066667	31.466667	10
219999500	2	342	130	50.783333	32.05	2032
219999502	2	55	118	51.633333	30.7	2146
219999504	2	55	119	51.416667	30.566667	2295
219999506	2	55	118	51.45	30.733333	1962
219999508	2	56	118	51.333333	30.883333	1651
219999509	2	90	142	49.288889	33.646389	1826
219999510	2	55	119	51.25	30.8	2145
219999512	2	56	114	51.266667	31.15	1753
219999516	2	226	55	45.783333	34.566667	502
219999518	2	226	59	45.95	34.416667	773
219999520	2	335	126	50.433333	32.066667	2681
219999521	2	222	47	46.283333	34.683333	1490
219999523	2	234	81	46.466667	33.933333	1471
219999526	2	171	63	46.483333	33.466667	1083
219999527	2	184	115	51.601944	30.965833	2064
219999534	2	430	99	48.377222	34.048056	1827
219999535	2	343	113	50.983333	31.233333	1754
219999537	2	339	132	50.933333	32.133333	2070
219999541	2	222	47	46	34.883333	783
219999542	2	230	89	47.15	34.6	1684
219999543	2	222	54	45.85	34.733333	627
219999544	2	222	54	45.853611	34.746111	602
219999545	2	230	89	47.083333	34.666667	1453
219999546	2	75	96	47.816667	34.316667	1953
219999547	2	225	48	46.416667	34.966667	1770
219999548	2	228	94	47.5	34.6	1402
219999549	2	222	47	46.15	34.716667	1252
219999550	2	230	88	47.133333	34.383333	1328
219999552	2	230	88	47.066667	34.316667	1388
219999553	2	234	56	45.933333	34.116667	845
219999560	2	341	137	49.85	32.65	2367
219999564	2	286	71	48.133333	32.516667	245
219999566	2	169	69	47.833333	32.35	161
219999570	2	341	137	49.583333	32.633333	1952
219999571	2	184	125	51.695	31.484722	3200
219999572	2	335	122	50.55	31.75	1529
219999575	2	188	137	49.909167	32.942222	2166
219999580	2	288	111	49.983333	31.866667	1210
219999581	2	289	106	49.65	31.666667	964
219999583	2	289	106	49.664444	31.676944	984
219999585	2	289	106	49.664444	31.676944	984
219999587	2	289	106	49.664444	31.676944	984
219999589	2	289	106	49.664444	31.676944	984
219999600	2	367	419	52.4	31.0	2682
219999630	2	430	99	48	34.266667	1901
219999632	2	184	115	51.424722	31.148611	1811
219999633	2	188	137	50.183333	32.783333	2648
219999634	2	184	117	51.8	31.183333	2456
219999635	2	340	129	50.616667	32.216667	1999
219999636	2	335	128	50.45	32.15	1837
219999637	2	335	126	50.4	31.966667	2015
219999638	2	335	126	50.516667	31.95	1804
219999639	2	335	126	50.566667	31.833333	2300
219999640	2	74	139	48.566667	33.233333	1646
219999642	2	69	89	46.883333	34.783333	1394
219999643	2	234	56	46.016667	34.1	1006
219999650	2	55	119	51.283333	30.716667	1758
219999651	2	335	122	50.566667	31.783333	2230
219999652	2	339	129	50.683333	32.316667	2098
219999653	2	343	114	51.266667	31.316667	2237
219999654	2	343	121	51.166667	31.45	1912
219999655	2	343	114	51.116667	31.3	2072
219999656	2	343	120	50.833333	31.383333	2038
219999657	2	343	122	50.65	31.616667	1785
219999658	2	71	140	49.4	33.4	1921
219999661	2	69	50	46.722222	34.9325	1848
219999662	2	56	118	51.433333	30.8	1767
219999663	2	171	63	46.702778	33.400278	1721
219999664	2	72	138	49.683333	33.25	2089
219999665	2	55	119	51.116667	30.866667	2266
219999668	2	336	133	51.195	32.131111	2161
219999671	2	336	134	51.216667	32.016667	2169
219999704	2	67	52	46.9	35.15	1604
219999706	2	336	134	51.203611	32.016111	2163
219999708	2	224	84	46.266667	34.3	1879
219999710	2	227	53	47.7	35.016667	2062
219999712	2	430	101	48.333333	34.366667	2164
219999714	2	65	50	46.278333	35.358056	1189
219999716	2	230	91	47.283333	34.066667	1663
219999718	2	228	94	47.333333	34.7	1548
219999720	2	225	48	46.583333	34.816667	1720
219999722	2	75	87	47.616667	34.083333	1631
219999724	2	223	48	46.483333	34.816667	1330
219999726	2	65	50	46.333333	35.333333	1463
219999728	2	61	44	45.916667	36.033333	1916
219999733	2	72	138	49.683333	33.133333	2070
219999735	2	90	142	49.260278	33.638056	1861
219999737	2	340	129	50.683333	32.133333	2051
219999751	2	72	139	49.166667	33.2	1792
219999753	2	288	112	50.25	31.733333	1727
219999755	2	288	112	50.116667	31.766667	982
219999756	2	304	106	49.503889	31.759722	384
219999757	2	288	112	50.25	31.733333	1727
219999758	2	285	112	49.683333	32.4	1002
219999759	2	289	147	50.05	31.583333	1674
219999765	2	184	115	51.650556	31.049444	2099
219999771	2	69	89	46.957222	34.791667	1461
219999773	2	61	44	45.703611	35.951389	1220
219999785	2	227	53	47.2	34.933333	1573
219999786	2	336	124	51.25	31.766667	2314
219999788	2	70	43	46.078056	35.452778	1424
219999789	2	61	44	45.699722	35.944722	1130
219999790	2	227	53	47.533333	34.966667	1831
219999791	2	67	52	47.233333	35.616667	1949
219999792	2	65	51	46.266667	35.35	1186
219999793	2	69	89	46.933333	34.833333	1583
219999795	2	230	89	47.083333	34.666667	1453
219999797	2	227	53	47.566667	34.966667	1788
219999799	2	70	50	46.55	35.516667	1781
219999817	2	343	120	50.542778	31.579444	1177
219999844	2	164	65	47.4	33.0	957
219999848	2	165	61	46.416667	33.616667	1391
219999851	2	296	67	47.9	31.683333	6
219999852	2	172	63	46.166667	33.133333	148
219999856	2	72	138	49.833333	33.233333	2415
219999858	2	164	71	47.716667	32.75	462
219999860	2	188	137	50.016667	32.966667	2678
219999862	2	70	43	46.121944	35.649167	1368
219999868	2	221	84	46.516667	34.1	1338
219999870	2	233	49	46.35	35.033333	1453
219999872	2	233	49	46.341389	35.046111	1442
219999874	2	69	53	47.2	35.066667	1693
219999876	2	425	100	48.2	34.566667	1990
219999882	2	425	100	48.466667	34.533333	1903
219999886	2	80	73	47.616667	33.533333	1189
219999887	2	429	101	48.8	34.266667	1743
219999888	2	342	130	50.837222	32.095556	1993
219999910	2	343	120	50.634722	31.533611	1440
219999923	2	67	50	46.54	35.300556	1319
219999924	2	67	50	46.541111	35.299444	1315
219999925	2	34	46	45.083333	36.783333	1752
219999927	2	0	541	45.23333333	36.38333333	2365
219999928	2	335	126	50.433333	32.033333	2130
219999936	2	425	100	48.4	34.65	2309
219999938	2	425	100	48.333333	34.616667	1905
219999941	2	425	100	48.348056	34.627778	1903
219999946	2	285	109	49.4	32.05	670
219999947	2	55	118	51.683333	30.55	2021
219999950	2	55	118	51.683333	30.566667	2017
219999951	2	169	64	47.266667	32.683333	199
219999952	2	227	53	47.7	35.0	1981
219999953	2	184	125	51.583333	31.466667	2597
219999954	2	79	76	48.271667	33.933611	1714
219999966	2	74	74	48.516944	33.354722	1421
219999967	2	74	74	48.568056	33.38	1581
219999968	2	72	138	49.631111	33.083333	1854
219999970	2	288	110	49.85	31.816667	920
219999971	2	166	60	46.095278	33.902778	971
219999972	2	423	98	48.047222	34.631111	1505
219999974	2	224	59	46.133333	34.333333	1514
219999976	2	221	82	46.733333	33.933333	1325
219999978	2	340	129	50.466667	32.333333	2302
219999979	2	342	127	50.766667	31.95	2492
219999980	2	168	78	47.366667	33.15	673
219999981	2	429	101	48.872222	34.132778	1820
219999984	2	227	53	47.783333	34.966667	2222
219999986	2	64	23	47.116667	35.866667	1806
219999987	2	227	53	47.786667	34.961389	2066
219999989	2	288	112	50.15	31.883333	2311
219999990	2	336	124	51.16	31.856944	2250
219999991	2	227	95	47.583333	34.766667	1661
219999993	2	227	95	47.589444	34.778056	1695
229999002	2	289	147	50.033333	31.583333	1188
229999004	2	289	147	49.866667	31.55	709
229999005	2	289	147	49.883333	31.533333	694
229999006	2	289	110	49.933333	31.666667	1350
229999008	2	289	147	49.783333	31.45	530
229999009	2	289	147	49.816667	31.55	708
229999010	2	289	110	49.85	31.633333	931
229999011	2	298	146	49.716667	31.383333	345
229999012	2	289	110	49.783333	31.633333	1242
229999013	2	298	146	49.716667	31.333333	345
229999014	2	298	146	49.75	31.333333	350
229999015	2	57	151	50.416667	30.95	602
229999016	2	298	145	49.6	31.283333	154
229999017	2	292	150	50.333333	30.683333	688
229999018	2	292	150	50.283333	30.666667	320
229999020	2	57	151	50.466667	31.133333	1176
229999021	2	283	149	49.916667	30.75	177
229999023	2	297	144	49.433333	31.0	29
229999024	2	291	144	49.183333	30.716667	21
229999025	2	297	144	49.4	30.9	22
229999026	2	378	412	52.274444	29.752778	2092
229999027	2	299	144	48.95	30.766667	15
229999028	2	378	412	52.274444	29.752778	2092
229999029	2	292	156	50.4	30.533333	365
229999031	2	377	167	52.066667	30.216667	2340
229999032	2	291	144	49.183333	30.55	11
229999033	2	377	167	52.033333	30.183333	2033
229999036	2	57	158	50.566667	30.783333	806
229999037	2	388	165	51.653333	30.148056	1048
229999040	2	377	167	52.016667	30.216667	2141
229999041	2	388	164	51.516667	30.183333	912
229999042	1	190	364	51.371833	33.656611	2851
229999043	2	388	163	51.383333	30.166667	1057
229999045	2	374	161	51.239167	30.321944	763
229999046	2	374	161	51.366667	30.433333	933
229999047	2	60	154	50.75	30.25	726
229999048	2	53	162	51.05	30.45	1014
229999049	2	306	152	49.666667	30.5	11
229999051	2	289	148	49.816667	31.383333	528
229999052	2	299	144	48.733333	30.65	9
229999053	2	57	151	50.4	30.916667	660
229999054	2	292	153	50.2	30.316667	137
229999056	2	291	144	49.168056	30.862222	12
229999057	2	299	144	48.666667	30.65	7
229999058	2	306	152	49.7	30.233333	8
229999063	2	377	167	52.05	30.05	1876
229999065	2	377	167	52.033333	30.05	1862
229999068	2	59	158	50.740278	30.758889	726
229999069	2	59	158	50.7	30.666667	743
229999071	2	388	163	51.303056	30.253333	727
229999073	2	388	164	51.502222	30.196667	893
229999081	2	388	164	51.502222	30.198333	895
229999085	2	377	167	52.016667	30.033333	1823
229999100	2	57	158	50.6	30.783333	780
229999101	2	377	167	52	30.216667	2141
229999102	2	53	159	50.966667	30.533333	1116
229999104	2	60	154	50.683333	30.4	728
229999110	2	59	159	51.083333	30.683333	2012
229999111	2	388	163	51.572778	30.009167	1044
229999112	2	60	160	50.85	30.316667	728
229999114	2	60	160	50.7	30.116667	723
229999116	2	57	157	50.516667	30.65	809
229999120	2	388	160	51.083333	30.066667	806
229999122	2	388	163	51.335833	30.121389	1120
229999126	2	53	162	51.15	30.433333	1167
229999127	2	54	151	50.251667	30.992778	1039
229999129	2	57	151	50.580556	31.033056	907
229999136	2	388	163	51.316667	30.216667	904
229999140	2	388	160	51.206944	30.077778	1002
229999150	2	377	167	52.166667	30.0	2104
229999172	2	388	163	51.3	30.25	769
229999200	2	377	167	52.083333	30.15	2325
229999212	2	307	67	47.783333	31.533333	14
229999213	2	53	160	51.198333	30.248611	736
229999215	2	55	151	50.866667	30.966667	1595
229999304	2	59	158	50.833333	30.783333	1471
229999400	2	60	157	50.766667	30.55	882
229999401	2	289	147	49.966667	31.633333	1229
229999403	2	60	155	50.783333	30.366667	729
229999404	2	57	151	50.416667	30.916667	812
229999405	2	284	149	49.816667	30.766667	375
229999523	2	60	159	50.766667	30.633333	856
229999529	2	388	167	51.974444	30.028056	1529
229999759	2	289	147	50.05	31.583333	1674
229999943	2	55	151	50.9	31.1	1906
229999945	2	55	118	51.783333	30.616667	2524
229999947	2	58	151	50.433333	30.983333	842
229999949	2	54	150	50.1	30.933333	673
229999961	2	289	147	49.766667	31.583333	1162
229999968	2	289	110	49.766667	31.616667	827
239999001	2	383	172	51.611111	29.794167	867
239999002	2	334	477	50.5	29.583333	7
239999003	2	383	172	51.566667	29.783333	797
239999004	2	334	169	50.619167	29.615833	12
239999005	2	383	172	51.501944	29.716944	699
239999006	2	383	172	51.65	29.616667	843
239999009	2	383	171	51.433333	29.583333	552
239999011	2	328	170	51.116667	29.566667	107
239999012	2	378	177	51.983333	29.666667	2132
239999013	2	328	170	51.1	29.383333	32
239999015	2	383	178	51.783333	29.55	840
239999016	2	328	170	51.2	29.266667	47
239999017	2	383	176	52.115278	29.243611	987
239999018	2	328	189	51.7	28.833333	576
239999019	2	383	174	51.978889	29.244722	785
239999021	2	383	175	51.85	29.266667	652
239999022	2	383	178	51.772778	29.527778	834
239999024	2	383	171	51.481944	29.632778	839
239999025	2	328	170	51.283333	29.466667	118
239999026	2	379	175	52.1	28.866667	894
239999027	2	328	170	51.1	29.316667	14
239999028	2	383	171	51.416667	29.583333	528
239999029	2	326	179	51.3	28.883333	79
239999031	2	383	174	51.766667	29.35	688
239999034	2	383	174	51.799167	29.383056	601
239999035	2	383	172	51.55	29.783333	800
239999043	2	383	171	51.3	29.603056	499
239999053	2	383	170	51.736389	29.391389	530
239999056	2	383	174	51.883333	29.266667	698
239999057	2	383	174	51.85	29.283333	667
239999058	2	328	190	51.650556	29.002778	749
239999061	2	334	169	50.783333	29.55	29
239999063	2	326	180	51.1	28.5	14
239999072	2	334	169	50.533333	29.633333	9
239999075	2	334	168	50.525	29.877778	57
239999077	2	328	170	51.423056	29.145833	932
239999085	2	379	189	52.05	28.766667	776
239999086	2	383	173	52	29.5	2226
239999087	2	378	412	52.264722	29.7325	2162
239999093	2	378	412	52.276111	29.786667	2359
239999100	2	382	202	52.868889	28.507222	900
239999101	2	133	589	50.08333333	28.21666667	0
239999108	2	368	404	53.6	30.2	2274
239999110	2	388	163	51.572778	30.006944	1033
239999111	2	382	187	52.779444	28.3675	936
239999124	2	331	168	50.233333	30.1	7
239999127	2	328	170	51.478611	29.255278	630
239999135	2	326	179	51.216667	29.133333	61
239999138	2	388	160	51.233333	30.033333	1552
239999140	2	388	160	51.206944	30.075556	1025
239999142	2	388	160	51.206944	30.076667	1010
239999143	2	328	190	51.533333	29.15	866
239999144	2	383	173	51.816667	29.783333	1985
239999145	2	383	175	51.7	29.283333	889
239999147	2	383	170	51.666667	29.35	915
239999151	2	383	174	51.694722	29.510833	813
239999153	2	383	170	51.541944	29.516944	881
239999155	2	383	170	51.374167	29.638611	647
239999157	2	388	169	51.015556	29.931389	648
239999159	2	379	175	51.961111	28.966667	765
239999441	2	328	179	51.466667	28.9	402
249999001	2	384	219	52.566667	29.2	1701
249999003	2	369	217	53.05	29.0	1366
249999005	2	380	212	53.9	28.883333	1322
249999006	2	385	225	53.533333	28.133333	834
249999007	2	380	208	53.85	28.566667	1131
249999009	2	369	207	53.616667	28.6	1027
249999010	2	380	209	53.65	28.95	1375
249999011	2	369	207	53.45	28.6	983
249999013	2	369	207	53.75	28.466667	1384
249999014	2	380	212	53.833333	28.85	1276
249999015	2	369	207	53.733333	28.483333	1418
249999017	2	369	215	53.133333	28.633333	905
249999018	2	382	203	53.1	28.433333	695
249999019	2	382	203	53.128889	28.499722	1043
249999020	2	382	204	53.316667	28.35	778
249999021	2	381	193	52.562778	29.094722	1601
249999023	2	381	192	52.538333	28.911667	1469
249999024	2	0	257	51.940278	27.838889	9
249999025	2	381	192	52.666667	28.683333	1217
249999026	2	366	211	53.766667	29.2	1599
249999027	2	379	191	52.308611	28.448333	422
249999028	2	329	183	51.764167	28.393889	50
249999029	2	329	183	51.85	28.25	144
249999030	2	382	203	53.066667	28.533333	944
249999031	2	329	181	51.366667	28.233333	359
249999032	2	369	207	53.55	28.533333	1035
249999033	2	378	219	52.15	29.666667	1941
249999035	2	366	214	54.266667	29.016667	1467
249999036	2	327	186	52.321944	27.829722	648
249999039	2	380	210	53.616667	29.15	1810
249999040	1	389	256	52.664444	27.655278	466
249999043	2	369	207	53.75	28.566667	1081
249999049	2	369	207	53.533333	28.5	1063
249999053	2	381	192	52.55	28.866667	1345
249999055	2	381	193	52.566667	29.0	1457
249999056	2	328	190	51.650556	29.002778	749
249999057	2	379	191	52.316667	28.6	598
249999058	2	379	191	52.333333	28.45	409
249999061	2	369	205	53.3	28.6	1039
249999064	1	372	199	53.1	27.866667	527
249999065	2	379	187	52.383333	28.193056	214
249999066	2	380	208	53.95	28.6	1156
249999070	2	381	192	52.383333	28.95	2552
249999072	2	381	191	52.633333	28.533333	1204
249999074	2	380	208	53.716667	28.716667	1671
249999075	2	329	182	51.361389	28.650833	36
249999077	2	369	207	53.85	28.516667	1294
249999082	2	380	213	53.983333	28.95	1398
249999090	2	378	176	52.216667	29.45	2339
249999100	2	378	221	51.866667	29.816667	2195
249999120	2	382	200	52.583333	28.366667	584
249999121	1	385	228	54	27.766667	958
249999132	1	385	228	54.02375	27.767222	962
249999143	1	372	199	53.117222	27.868611	543
249999151	2	329	188	51.783333	28.516667	573
249999153	2	330	181	51.566667	28.2	13
249999155	2	381	202	52.75	28.533333	1111
249999206	2	381	193	52.583333	29.05	1557
249999219	2	381	192	52.6	28.866667	1839
249999230	1	385	226	54.416667	27.85	1016
249999313	1	385	224	53.916667	28.066667	857
249999500	2	378	194	52.333333	29.266667	1800
249999511	2	384	414	52.651667	29.273333	1530
249999850	2	380	208	53.933333	28.6	1150
249999852	2	380	210	53.483333	29.166667	1619
249999901	2	381	191	52.5625	28.616389	870
249999907	2	328	189	51.7	28.833333	576
259999001	1	154	253	55.270833	26.882222	27
259999002	1	154	261	54.333333	26.85	74
259999003	1	386	255	53.05	27.383333	449
259999004	1	154	259	53.9	26.9	75
259999005	1	161	267	56.05	26.85	13
259999006	1	332	280	52.6	27.483333	9
259999007	1	386	196	53.040328	27.73884	628
259999008	1	161	267	56.016667	26.866667	27
259999010	1	161	267	56.266667	26.95	44
259999021	1	161	290	55.283333	26.65	6
259999025	1	389	255	52.883333	27.55	439
259999100	2	0	257	52.066667	27.833333	11
259999103	2	330	257	51.766667	28.066667	28
259999104	1	154	304	54.364167	26.657501	14
259999105	1	154	261	54.941389	26.721944	41
259999110	1	152	254	54.433333	27.1	295
259999126	1	154	261	54.871663	26.558051	16
259999127	1	152	254	54.166667	27.2	528
259999128	1	386	255	53.816667	27.25	392
259999129	1	154	261	54.75	26.783333	29
259999130	1	154	253	54.933333	27.016667	139
259999131	1	386	255	53.6	27.2	486
259999132	1	215	261	53.999998	26.566644	6
259999133	1	386	255	53.433333	27.233333	411
259999134	1	0	267	53.466667	26.966667	0
259999135	1	163	255	53.233333	27.233333	1074
259999136	1	151	302	55.030828	25.889722	12
259999137	1	138	306	55.3	26.6525	4
259999140	1	386	255	53.183333	27.33	433
259999143	1	372	199	53.117222	27.868611	543
259999351	1	154	261	54.883333	26.566667	17
259999353	1	152	254	54.366667	27.2	403
269999001	2	390	252	54.516667	28.983333	1709
269999002	2	385	225	53.544722	28.166667	798
269999003	2	366	252	54.4	28.966667	1493
269999004	1	158	229	55.683333	27.383333	397
269999005	2	373	250	54.45	28.816667	1230
269999006	1	157	241	56.15	28.166667	830
269999007	1	373	249	54.383333	28.583333	1102
269999009	1	157	246	55.416667	28.116667	662
269999010	1	372	222	53.5	27.9	668
269999011	1	157	240	55.816667	28.583333	1415
269999012	2	373	250	54.45	28.75	1108
269999013	1	157	239	55.805	28.220278	774
269999014	1	157	239	55.805	28.235556	808
269999015	1	155	230	56.0675	27.291667	51
269999017	2	366	252	54.4	28.966667	1493
269999018	1	157	239	56.116667	27.983333	1177
269999019	2	366	250	54.4	28.866667	1312
269999020	2	373	250	54.683333	28.65	1147
269999021	2	366	250	54.4	28.866667	1312
269999022	1	198	242	56.633333	28.316667	1092
269999023	2	366	252	54.366667	28.933333	1430
269999024	1	375	249	54.416667	28.35	1055
269999026	1	373	248	55.166667	28.333333	903
269999028	1	157	246	55.45	28.133333	665
269999030	1	157	244	55.566667	28.483333	1463
269999032	1	198	242	56.35	28.466667	1051
269999033	2	373	250	54.533333	28.7	1089
269999034	1	157	241	56.25	28.016667	1148
269999035	1	157	241	55.933333	28.216667	846
269999036	1	385	236	54.316667	27.633333	903
269999037	1	158	229	55.548333	27.196111	72
269999038	1	198	242	56.55	28.666667	1792
269999040	1	198	242	56.548889	28.670278	1803
269999041	1	389	256	52.666667	27.666667	454
269999043	1	373	247	55.147222	28.167778	731
269999046	1	158	229	55.466667	27.416667	294
269999047	1	198	242	56.35	28.45	1034
269999100	1	157	240	55.8	28.683333	1630
269999102	1	152	232	54.7	27.283333	377
269999110	1	157	239	55.883333	28.083333	679
269999112	1	373	245	55.25	28.616667	1938
269999117	1	155	233	55.55	27.666667	369
269999118	1	158	229	55.416667	27.466667	379
269999119	1	158	229	55.466667	27.416667	294
269999120	1	385	228	54.042222	27.764722	927
269999126	1	155	238	55.9	27.633333	324
269999140	1	163	258	53.166667	27.216667	605
269999141	2	373	250	54.336111	28.784444	1093
269999142	1	198	243	56.866667	28.316667	1511
269999143	1	375	227	54.446389	28.173056	1110
269999145	1	385	197	54.185278	27.488611	673
269999147	1	372	201	53.278889	28.054444	613
269999153	1	157	245	55.516667	28.433333	1455
269999200	1	198	242	56.1	28.466667	1079
269999201	1	157	240	55.890556	28.309722	924
269999202	1	186	386	51.774	31.575389	2803
269999203	1	157	241	56.083333	28.15	835
269999204	1	373	248	55.2	28.3	895
269999205	1	157	242	56.75	28.15	1895
269999206	1	157	241	56.316667	28.016667	1152
269999207	1	157	244	55.633333	28.7	1616
269999208	1	385	233	55.216667	27.566667	487
269999209	1	158	229	55.083333	27.333333	238
269999210	1	157	245	55.466667	28.383333	1728
269999211	1	157	240	55.883333	28.283333	933
269999212	1	385	229	54.95	27.55	512
269999213	1	373	249	54.383333	28.583333	1102
269999214	1	152	232	54.266667	27.25	1321
269999215	1	385	233	54.766667	27.783333	623
269999216	1	385	233	54.5	27.5	772
269999217	1	385	235	55.016667	27.9	672
269999218	1	385	234	55.5	27.9	703
269999219	1	152	232	54.033333	27.333333	939
269999220	1	155	238	56.05	27.733333	654
269999221	1	152	229	55.116667	27.216667	265
269999222	1	157	241	56.25	27.95	2115
269999223	1	200	242	56.316667	28.65	1674
269999224	1	200	242	56.316667	28.816667	2026
269999225	1	198	242	56.666667	28.516667	1447
269999226	1	152	254	54.366667	27.183333	421
269999228	1	389	255	52.885833	27.554722	440
269999230	1	385	226	54.420833	27.850833	1008
269999231	2	373	250	54.561944	28.7625	1208
269999232	1	373	248	54.966667	28.7	2264
269999235	1	155	231	56.066667	27.583333	346
269999300	1	155	238	55.8	27.85	899
269999311	1	157	240	55.833333	28.3	1015
269999313	1	385	224	53.916667	28.068611	850
269999315	1	375	235	54.65	28.05	787
269999322	1	200	242	56.748056	28.75	1968
269999407	1	198	242	56.65	28.333333	1115
269999409	1	200	242	56.334722	28.818056	2085
269999413	1	373	433	54.813611	28.796111	2229
269999415	1	373	245	55.335833	28.564167	1548
279999002	1	155	271	56.283333	27.183333	12
279999003	1	155	274	56.568056	27.504722	140
279999005	1	159	283	57.25	27.769722	465
279999006	1	155	274	56.55	27.433333	32
279999007	1	159	283	57.266667	27.733333	417
279999008	1	155	274	56.633333	27.483333	42
279999009	1	217	282	57.559167	27.718611	780
279999010	1	155	274	56.734167	27.426667	33
279999011	1	159	280	57.2525	27.475556	223
279999012	1	198	243	56.95	28.483333	1943
279999013	1	159	280	57.2	27.283333	144
279999014	1	213	284	57.15	28.3	1268
279999015	1	159	278	57.217222	27.278889	145
279999016	1	213	284	57.283333	28.066667	618
279999017	1	159	278	57.213056	27.278889	151
279999018	2	132	436	51.21666667	28.0	0
279999019	1	162	277	57.116667	27.166667	79
279999020	1	207	436	57.866667	28.066667	478
279999021	1	213	284	57.1	28.183333	1102
279999022	1	213	284	57.416667	28.183333	693
279999023	1	155	274	56.8725	27.500833	64
279999025	1	155	274	56.833333	27.35	16
279999026	1	159	280	57.0875	27.481111	299
279999027	1	155	274	56.840833	27.542222	95
279999028	1	159	283	57.233333	27.733333	473
279999030	1	217	279	57.65	27.633333	662
279999031	1	213	284	57.216667	28.0	589
279999032	1	219	279	57.5	27.416667	342
279999034	1	219	279	57.733333	27.4	522
279999036	1	159	278	57.416667	27.2	228
279999037	1	162	278	57.481667	27.205	257
279999038	1	162	277	57.066667	27.15	26
279999039	1	217	436	57.5	27.9	508
279999040	1	213	284	57.516667	28.133333	653
279999041	1	219	279	57.733333	27.4	522
279999042	1	213	284	57.483333	28.133333	640
279999043	1	219	279	57.85	27.15	997
279999044	1	159	283	57.1	27.616667	578
279999045	1	155	274	56.659444	27.2	9
279999049	1	162	274	56.983333	27.316667	21
279999050	1	162	274	56.983333	27.316667	21
279999051	1	213	284	57.333333	28.183333	643
279999053	1	157	283	56.95	27.983333	901
279999055	1	159	283	57.383333	27.783333	530
279999057	1	155	274	56.65	27.2	7
279999060	1	157	283	56.95	27.983333	901
279999065	1	159	283	57.392778	27.786111	530
279999106	1	155	274	56.516667	27.666667	449
279999108	1	157	276	56.766667	27.966667	972
279999114	1	155	274	56.466667	27.733333	556
279999120	1	157	276	56.666667	27.916667	1055
279999122	1	157	274	56.75	27.816667	847
279999124	1	155	274	56.733333	27.65	402
279999130	1	155	273	56.276667	27.395	310
279999132	1	155	274	56.716667	27.183333	16
279999134	1	198	242	56.916667	28.583333	2468
279999136	1	155	275	56.233333	27.683333	491
279999140	1	155	274	56.483333	27.616667	276
279999144	1	155	274	56.4	27.9	1755
279999146	1	155	273	56.2	27.416667	1872
279999147	1	155	273	56.166667	27.433333	2107
279999148	1	219	279	57.666667	27.233333	671
279999149	1	155	272	56.166667	27.383333	1102
279999150	1	155	273	56.209444	27.470833	619
279999151	1	155	273	56.407778	27.406667	76
279999152	1	155	272	56.219167	27.333333	98
279999153	1	155	229	55.872222	27.126944	14
279999154	1	219	281	57.466667	27.616667	480
279999155	1	155	231	56.078611	27.569167	313
279999160	1	162	277	56.866667	27.116667	8
279999172	1	155	274	56.883333	27.466667	45
279999202	1	219	279	57.516667	27.4	320
279999203	1	159	283	57.2	27.766667	468
279999302	1	155	272	56.383333	27.25	12
279999304	1	155	274	56.874444	27.619722	180
279999402	1	162	277	57.083333	27.133333	34
279999809	1	155	274	56.866667	27.5	67
279999904	1	155	274	56.476111	27.838056	992
289999003	1	156	289	57.5	25.816667	20
289999004	1	156	302	57.8	25.666667	13
289999005	1	156	291	58.464444	25.790556	16
289999006	1	156	290	58.266667	25.7	13
289999007	1	162	287	57.6	26.666667	636
289999008	1	160	288	57.233333	26.166667	12
289999009	1	153	290	57.7	26.209722	341
289999011	1	162	287	57.278333	26.827222	68
289999012	1	160	288	57.219444	26.446389	18
289999014	1	162	288	57.583333	26.516667	531
289999015	1	162	288	57.6	26.583333	699
289999016	1	162	286	57.015556	26.965556	13
289999017	1	156	290	58.2	25.766667	83
289999018	1	156	290	58.183333	25.716667	15
289999019	1	156	290	58.018056	25.722222	50
289999020	1	156	290	57.7	26.2	319
289999021	1	160	286	57.120833	26.701389	72
289999025	1	156	293	58.921389	25.557222	27
289999030	1	156	289	57.5025	25.816944	17
289999035	1	162	286	57.015556	26.965556	13
289999039	1	217	436	57.5	27.866667	532
289999040	1	156	290	58.018056	25.705556	19
289999045	1	162	287	57.215	26.961667	31
289999050	1	156	290	58.17	25.827778	26
289999055	1	160	288	57.241667	26.177222	10
289999060	1	153	291	58.4	26.466667	769
289999063	1	156	290	57.833333	26.166667	468
289999065	1	153	290	57.783333	26.666667	1578
289999067	1	160	286	57.120833	26.701389	72
289999081	1	162	287	57.216667	26.95	28
289999107	1	153	290	58.016667	26.733333	1112
289999108	1	153	290	57.883333	26.6	972
289999110	1	153	290	58.077778	26.176389	340
289999112	1	0	286	57.01666667	26.8	0
289999114	1	160	288	57.083333	26.5	8
289999115	1	153	291	58.366667	26.133333	678
289999116	1	156	292	58.9	25.933333	123
289999117	1	146	292	59.066667	26.408333	450
289999119	1	156	289	57.8	25.966667	231
289999120	1	162	287	57.516667	26.966667	433
289999123	1	156	292	58.9	25.75	62
289999125	1	156	293	58.916667	25.55	15
289999127	1	156	290	58.166667	25.816667	23
289999128	1	162	287	57.416667	26.833333	206
289999131	1	156	288	57.35	26.083333	33
289999133	1	153	292	58.7	26.233333	540
289999138	1	162	287	57.333333	27.066667	199
289999140	1	153	290	58.2	26.6	925
289999141	1	153	290	58.183333	26.4	756
289999142	1	153	291	58.383333	26.416667	702
289999150	1	153	290	57.966667	26.216667	331
289999152	1	156	302	57.3	25.916667	9
289999158	1	153	290	57.733333	26.433333	936
289999200	1	160	288	57.25	26.516667	51
289999813	1	156	292	58.713611	25.701389	16
299999003	1	146	299	59.933333	26.533333	1266
299999005	1	143	298	60.133333	25.616667	60
299999007	1	142	304	60.614444	26.196944	387
299999008	1	143	300	60.383333	25.366667	12
299999009	1	150	303	60.871111	25.751944	41
299999010	1	150	301	60.633333	25.3	14
299999011	1	139	306	61.221944	26.554167	787
299999013	1	139	305	61.732222	26.073889	234
299999015	1	150	302	61.421667	25.720278	23
299999016	1	139	306	61.25	26.633333	923
299999018	1	139	305	61.75	26.233333	437
299999019	1	143	297	59.583333	25.466667	19
299999023	1	146	299	60.2	26.216667	452
299999027	1	146	299	60.046389	26.445556	800
299999043	1	144	307	61.9	26.683333	978
299999045	1	139	306	61.333333	26.116667	530
299999047	1	146	295	59.516667	26.3	396
299999049	1	146	299	60.016667	26.583333	1207
299999055	1	144	307	62.327222	26.531111	520
299999057	1	146	299	60.179167	26.164167	374
299999102	1	143	294	59.333333	25.716667	16
299999103	1	146	304	60.666667	26.666667	1089
299999104	1	150	300	60.616667	25.366667	54
299999105	1	146	304	60.4	26.616667	1301
299999106	1	142	304	60.75	26.45	825
299999107	1	141	296	59.640833	26.575	718
299999124	1	150	303	61.216667	25.583333	12
319999001	2	352	329	47.666667	38.0	1868
319999003	2	352	329	47.516667	38.033333	1957
319999004	2	352	329	47.516667	37.866667	1650
319999005	2	352	329	47.483333	37.883333	1643
319999006	2	349	326	46.05	37.966667	1339
319999007	2	347	328	46.816667	37.85	1761
319999009	2	347	326	46.716667	37.933333	1900
319999011	2	360	326	46.483333	38.15	1513
319999013	2	347	326	46.583333	37.983333	1766
319999015	2	360	326	46.4	38.116667	1472
319999017	2	349	326	46.266667	38.15	1385
319999018	2	349	326	46.466667	37.983333	1823
319999019	2	349	326	46.433333	37.833333	2227
319999021	2	349	326	46.483333	37.916667	2013
319999022	2	353	326	46.116667	38.183333	1338
319999025	2	349	326	46.216667	38.116667	1337
319999027	2	360	327	47.233333	38.2	2039
319999031	2	349	326	46.333333	37.85	2278
319999032	2	352	329	47.5	38.033333	1901
319999033	2	349	326	46.15	38.016667	1426
319999034	2	353	326	46.1	38.183333	1333
319999035	2	345	326	46.166667	37.9	1644
319999036	2	360	326	46.55	38.333333	2052
319999037	2	344	325	46.1	37.733333	1809
319999039	2	344	325	45.983333	37.75	1404
319999041	2	349	326	46.316667	38.083333	1445
319999042	2	347	326	46.683333	37.933333	2043
319999043	2	344	332	45.916667	37.816667	1291
319999044	2	360	327	46.966667	38.333333	1834
319999045	2	349	326	46.05	38.016667	1304
319999046	2	1	332	45.433333	37.483333	1262
319999053	2	360	327	47.116667	38.25	1916
319999056	2	360	327	47.1	38.266667	1966
319999057	2	360	327	47.1	38.266667	1966
319999059	2	349	326	46.35	38.45	2427
319999098	2	344	325	45.916667	37.783333	1298
319999101	2	347	326	46.733333	37.916667	1925
319999107	2	360	326	46.466667	38.183333	1597
319999109	2	352	327	47.116667	38.066667	1584
319999113	2	347	328	46.733333	37.833333	1893
319999117	2	360	327	46.816667	38.166667	1517
319999119	2	360	326	46.566667	38.15	1516
319999527	2	353	326	46.2	38.2	1431
319999923	2	352	327	47.333333	37.966667	1683
319999925	2	353	326	46.25	38.4	2021
319999926	2	353	326	46.116667	38.366667	1770
319999964	2	347	328	46.966667	37.966667	1681
319999970	2	352	329	47.25	37.783333	2022
319999971	2	352	327	47.116667	38.066667	1584
319999972	2	360	327	47.1	38.266667	1966
319999973	2	360	327	46.966667	38.116667	1546
319999974	2	352	327	47.1	37.966667	1652
319999975	2	347	17	47.100159	37.751612	1959
319999976	2	345	326	46.116667	37.916667	1505
319999977	2	345	326	46.266667	37.783333	2477
319999978	2	345	326	46.233333	37.733333	2557
319999979	2	344	325	45.9	37.666667	1555
329999001	2	354	332	45.783333	37.516667	1262
329999003	2	354	323	45.9	37.466667	1296
329999005	2	356	322	46.166667	37.433333	1585
329999007	2	356	322	46.266667	37.466667	1640
329999009	2	356	322	46.25	37.383333	1459
329999011	2	356	322	46.316667	37.35	1570
329999013	2	348	322	46.05	37.316667	1298
329999015	2	354	323	46.133333	37.533333	1681
329999019	2	354	323	46.1	37.516667	1548
329999020	2	356	322	46.25	37.433333	1558
329999021	2	354	323	45.883333	37.45	1287
329999022	2	354	323	45.933333	37.483333	1328
329999023	2	356	322	46.25	37.45	1619
329999031	2	356	322	46.233333	37.416667	1501
329999047	2	354	323	46.133333	37.533333	1681
329999861	2	352	329	47.783333	38.066667	2329
329999962	2	354	323	46.25	37.65	2240
339999000	2	66	321	46.259167	36.246944	1541
339999001	2	356	322	46.416667	37.333333	1661
339999002	2	358	317	46.1	37.133333	1294
339999003	2	356	317	46.283333	37.3	1604
339999004	2	66	321	46.066667	36.25	1587
339999005	2	358	317	46.266667	37.016667	1372
339999006	2	31	319	46.833333	36.916667	2388
339999007	2	66	321	46.166667	36.183333	1600
339999008	2	66	321	46.416667	36.333333	1733
339999009	2	66	321	46.283333	36.233333	1500
339999010	2	66	321	46.466667	36.15	1796
339999011	2	66	321	46.366667	36.283333	1586
339999012	2	31	317	45.916667	37.033333	1283
339999013	2	66	321	46.3	36.05	1541
339999014	2	9	19	47.366667	36.616667	2667
339999015	2	66	321	46.433333	36.2	1451
339999016	2	23	320	47.083333	36.466667	1789
339999017	2	66	321	46.6	36.233333	1527
339999018	2	27	319	46.75	36.5	1837
339999020	2	66	320	46.716667	36.383333	1652
339999021	2	66	320	46.7	36.4	1521
339999022	2	23	320	47.283333	36.55	2284
339999023	2	22	319	46.483333	36.483333	1391
339999027	2	27	319	46.416667	36.883333	1375
339999029	2	31	317	46.116667	36.966667	1294
339999030	2	358	317	46.266667	37.016667	1372
339999033	2	66	321	46.259167	36.246944	1541
339999034	2	66	321	46.101389	36.18	1544
339999035	2	22	318	46.166667	36.65	1325
339999036	2	22	318	45.933333	36.433333	1432
339999037	2	31	317	46.05	36.95	1288
339999039	2	31	317	46.033333	36.983333	1284
339999040	2	27	319	46.55	36.566667	1356
339999041	2	31	317	46.033333	36.983333	1284
339999042	2	66	321	46.5	36.116667	1604
339999043	2	349	326	46.116667	38.15	1333
339999044	2	66	321	46.35	36.1	1510
339999045	2	358	317	46.15	37.033333	1304
339999046	2	66	318	46.05	36.383333	1449
339999047	2	31	317	46.2	36.916667	1366
339999048	2	22	317	46.233333	36.8	1335
339999049	2	23	320	47.033333	36.483333	1748
339999050	2	22	317	46	36.783333	1537
339999051	2	31	317	46.15	36.916667	1299
339999052	2	363	17	46.95	36.95	2017
339999055	2	30	318	45.683333	36.4	1567
339999058	2	27	319	46.55	36.683333	1355
339999060	2	66	318	46.083333	36.45	1348
339999071	2	66	321	46.057222	36.145556	1606
339999081	2	356	317	46.433333	37.516667	2022
339999201	2	66	321	45.983333	36.166667	1928
339999203	2	66	321	46.016667	36.1	1892
339999205	2	66	321	46.383333	35.85	1698
339999308	2	27	319	46.65	36.583333	1685
339999333	2	27	319	46.7	36.783333	1938
339999334	2	27	319	46.7	36.9	2114
339999335	2	66	321	46.05	36.216667	1759
339999336	2	9	19	47.366667	36.616667	2667
339999337	2	9	19	47.333333	36.716667	2618
339999345	2	31	319	46.833333	36.866667	2167
339999347	2	31	319	46.466667	37.016667	1729
339999508	2	66	321	46.4	35.966667	1952
339999526	2	27	319	46.566667	36.633333	1345
339999528	2	31	319	46.75	36.983333	1838
339999530	2	31	319	46.216667	36.883333	1347
339999572	2	101	31	53.264722	36.347333	401
339999917	2	31	317	45.933333	37.05	1287
339999919	2	66	321	46.55	36.166667	1584
339999921	2	22	319	46.433333	36.583333	1592
339999923	2	31	319	46.466667	36.95	1591
339999925	2	31	319	46.233333	36.9	1336
339999973	2	66	321	46.35	36.1	1510
339999975	2	356	317	46.55	37.316667	1721
339999979	2	356	319	46.55	37.216667	1633
339999987	2	66	321	46.166667	36.216667	1859
349999001	2	30	316	45.616667	36.716667	1535
349999002	2	30	316	45.633333	36.533333	1722
349999003	2	30	316	45.616667	36.7	1369
349999004	2	30	318	45.833333	36.65	1915
349999005	2	30	316	45.7	36.683333	1605
349999007	2	30	316	45.716667	36.766667	1312
349999009	2	30	316	45.7	37.0	1276
349999011	2	21	315	45.033333	37.0	1565
349999012	2	21	315	45.183333	37.116667	1862
349999013	2	21	315	45.083333	37.033333	1463
349999014	2	34	46	45.383333	36.8	1755
349999015	2	21	315	45.126787	36.966197	1454
349999017	2	32	314	45.366667	36.933333	1332
349999019	2	32	314	45.383333	36.966667	1311
349999020	2	21	315	45.15	37.083333	1484
349999021	2	30	316	45.65	36.9	1452
349999022	2	32	314	45.3	37.083333	1498
349999023	2	30	332	45.683333	37.016667	1272
349999025	2	30	316	45.733333	36.783333	1314
349999028	2	25	316	45.466667	36.433333	2098
349999029	2	32	315	45.266667	36.983333	1338
349999031	2	32	315	45.266667	36.983333	1338
349999033	2	356	319	46.55	37.216667	1633
349999037	2	21	315	45.016667	36.95	1854
349999039	2	21	315	45.15	36.916667	1490
349999042	2	21	315	45.016667	36.95	1854
349999045	2	20	313	45.266667	37.25	1489
349999049	2	356	319	46.55	37.216667	1633
349999053	2	30	316	45.666667	36.633333	1625
349999055	2	30	316	45.616667	36.633333	1606
349999057	2	30	316	45.583333	36.6	1556
349999059	2	30	316	45.716667	36.566667	1808
349999100	2	32	314	45.616667	36.966667	1276
349999112	2	32	314	45.6	36.95	1289
349999525	2	25	45	45.45	36.1	1600
349999912	2	32	314	45.566667	36.883333	1349
349999915	2	32	314	45.3	37.083333	1498
349999918	2	32	314	45.333333	36.883333	1728
359999001	2	20	309	45.15	37.35	1361
359999002	2	21	309	45.1	37.166667	1813
359999003	2	20	312	44.9	37.283333	1496
359999005	2	20	309	45.066667	37.383333	1535
359999006	2	20	312	44.966667	37.216667	1590
359999007	2	20	309	45.233333	37.4	1283
359999008	2	20	312	44.9	37.3	1521
359999009	2	20	311	44.866667	37.433333	1664
359999011	2	20	309	45.016667	37.5	1409
359999013	2	20	309	45.25	37.55	1280
359999015	2	20	309	45.016667	37.6	1369
359999016	2	20	310	44.633333	37.916667	1939
359999017	2	20	311	44.85	37.55	1737
359999018	2	20	310	44.716667	37.816667	1906
359999019	2	20	309	45	37.616667	1384
359999020	2	20	309	44.95	37.666667	1367
359999021	2	20	16	44.633333	37.583333	1844
359999023	2	20	310	44.566667	37.833333	1792
359999025	2	20	310	44.7	37.75	1570
359999026	2	20	309	45.2	37.7	1282
359999027	2	20	310	44.633333	37.716667	1698
359999029	2	20	310	44.766667	37.683333	1511
359999031	2	20	309	44.9	37.666667	1596
359999033	2	20	309	45.133333	37.716667	1289
359999035	2	20	309	44.966667	37.866667	1471
359999037	2	20	309	45.183333	37.65	1293
359999039	2	20	309	44.883333	37.6	1541
359999041	2	20	311	44.8	37.583333	1565
359999043	2	20	311	44.783333	37.483333	1828
359999045	2	20	311	44.8	37.616667	1512
359999082	2	20	309	45.25	37.6	1300
359999086	2	20	309	45.016667	37.483333	1772
359999100	2	20	309	45.033333	37.533333	1398
359999201	2	1	332	45.316667	37.316667	1262
359999207	2	20	313	45.3	37.166667	1591
359999333	2	356	319	46.55	37.216667	1633
359999334	2	27	319	46.7	36.9	2114
359999335	2	66	321	46.666667	36.216667	1819
359999337	2	23	320	47.066667	36.7	2628
359999339	2	356	319	46.55	37.216667	1633
359999340	2	356	319	46.55	37.216667	1633
359999961	2	356	322	46.3	37.5	1695
369999001	2	26	308	44.6	38.083333	1508
369999002	2	26	308	44.766667	38.183333	1373
369999003	2	26	308	44.6	38.183333	1756
369999005	2	26	308	44.733333	38.333333	1679
369999006	2	26	308	44.833333	38.2	1344
369999007	2	26	308	44.816667	38.15	1350
369999008	2	20	308	44.783333	38.016667	1806
369999009	2	26	308	44.866667	38.116667	1458
369999010	2	26	308	44.983333	38.216667	1284
369999011	2	26	308	44.933333	38.233333	1296
369999014	2	26	308	44.85	38.066667	1495
369999021	2	26	308	44.283333	37.883333	2490
369999050	2	20	309	45.033333	37.983333	1342
369999222	2	20	308	45.066667	38.066667	1487
369999251	2	26	308	44.483333	38.283333	2407
379999981	2	353	331	45.183333	38.333333	1489
379999983	2	432	332	45.366667	38.183333	1268
379999985	2	357	6	45.366667	38.45	1310
389999001	2	353	330	45.616667	38.233333	1741
389999002	2	353	330	45.466667	38.183333	1273
389999006	2	353	330	45.7	38.233333	1822
389999008	2	353	330	45.7	38.15	1340
389999010	2	357	330	45.783333	38.316667	2361
389999982	2	353	330	45.983333	38.283333	1390
389999984	2	353	330	45.683333	38.183333	1454
419999001	1	190	364	51.3	33.983333	1120
419999002	1	190	364	51.216667	33.783333	2106
419999003	1	190	364	51.366667	33.95	1034
419999004	1	190	364	51.366667	34.016667	965
419999005	1	190	364	51.419722	33.728333	1982
419999006	1	190	364	51.4	33.7	2350
419999007	1	190	364	51.492778	33.776389	1595
419999008	1	174	364	51.5	34.066667	903
419999009	2	197	362	50.032778	33.385278	2034
419999010	2	197	362	50.083333	33.4	2005
419999012	2	197	362	50.1	33.416667	1984
419999013	2	85	363	50.083333	33.65	1814
419999014	1	190	364	51.416667	33.733333	1963
419999015	1	85	362	50.35	33.7	1650
419999016	2	197	362	50.183333	33.433333	1889
419999018	1	190	373	51.340833	33.5925	2459
419999020	1	190	364	51.6	33.716667	1714
419999021	1	87	360	50.6	34.066667	1560
419999024	2	83	356	49.7	34.083333	1739
419999025	1	122	359	50.782222	34.570833	992
419999027	1	122	342	51.166667	34.808333	822
419999028	1	122	358	50.993889	34.257778	1966
419999030	1	122	359	50.75	34.566667	1022
419999033	2	86	350	49.145556	34.424167	1669
419999034	1	190	364	51.416667	33.983333	949
419999036	2	84	346	49.7	34.833333	1763
419999038	2	83	356	49.705556	34.086944	1744
419999040	2	83	356	49.4925	34.4125	1825
419999041	2	431	349	48.4175	34.825833	1960
419999042	2	82	356	50.001389	34.536944	2119
419999043	2	424	349	48.338889	34.924722	1777
419999044	2	83	356	49.85	34.3	1685
419999045	2	424	349	48.341111	34.954444	1767
419999046	2	90	354	49.2	33.966667	1990
419999047	2	424	349	48.560833	35.030556	1683
419999048	1	89	344	50.35	35.066667	1098
419999049	2	426	347	49.316944	35.371944	2045
419999050	1	14	551	53.838333	31.653611	2354
419999051	2	426	347	49.318889	35.278611	1906
419999052	2	426	347	49.133611	35.278611	1779
419999053	2	427	347	49.242778	35.095833	1582
419999054	2	90	355	49.4	33.85	2227
419999055	2	84	346	50.036667	34.886389	1197
419999057	1	89	346	50.145556	34.912222	1096
419999058	2	89	343	49.708333	35.133889	1673
419999059	2	89	343	50.012222	35.030278	1313
419999060	2	90	352	49.466667	33.966667	1872
419999062	2	423	349	48.133333	34.85	2289
419999063	2	117	340	49.219444	35.65	1758
419999065	2	117	340	49.2	35.633333	1790
419999066	2	117	340	49.20194	35.633611	1785
419999067	2	117	338	49.284167	35.762778	1574
419999069	2	117	340	49.429722	35.658611	1808
419999071	2	119	338	49.92	35.880278	1216
419999072	1	190	364	51.408333	33.670278	2369
419999073	2	2	338	49.379167	36.060278	1424
419999074	2	86	351	49.183333	34.366667	1724
419999075	2	119	338	49.834444	35.936667	1230
419999077	2	117	338	49.616667	35.55	1889
419999079	2	119	338	49.85	35.588611	1805
419999080	1	89	344	50.416667	34.983333	967
419999082	1	89	344	50.466667	34.883333	944
419999086	2	4	341	48.75	36.133333	1848
419999087	2	118	338	50.226667	36.2625	1449
419999088	2	4	339	48.933333	36.05	2139
419999089	2	116	338	50.371944	36.146944	1356
419999090	2	4	341	48.8	35.966667	1707
419999091	2	116	338	50.5	36.1	1422
419999092	2	4	341	48.683333	35.8	1882
419999093	2	310	337	50.75	36.05	1972
419999094	2	117	341	48.955278	35.904722	1681
419999095	2	310	337	50.833333	35.95	1429
419999096	2	117	341	48.933333	35.733333	2281
419999097	2	314	337	50.5	35.833333	1154
419999099	1	48	335	50.75	35.683333	1127
419999100	2	117	340	49.183333	35.533333	2253
419999101	2	313	365	51.15	36.033333	2147
419999103	2	313	365	51.033333	35.833333	1438
419999106	2	39	365	51.266667	35.8	2018
419999108	2	117	341	49.116667	35.633333	2093
419999110	2	117	347	49.383333	35.433333	2538
419999112	2	7	339	48.983333	36.466667	2070
419999114	2	2	339	48.916667	36.266667	2221
419999115	2	43	368	51.5425	35.865	1789
419999116	2	2	339	49.033333	36.433333	1976
419999117	2	43	368	51.55	35.85	1809
419999118	1	49	366	51.65	35.166667	834
419999119	2	43	368	51.683333	35.783333	1610
419999120	1	131	500	51.916667	35.333333	944
419999121	2	51	367	51.8	35.616667	1333
419999122	2	2	339	49.083333	36.016667	1961
419999124	2	2	339	49.055556	36.169722	1915
419999127	1	49	366	51.533333	35.233333	833
419999128	2	120	338	49.5	36.166667	1711
419999131	2	84	345	50.011667	34.692778	1908
419999132	2	120	338	49.45	35.933333	1467
419999133	1	88	334	50.7625	35.319722	1136
419999134	2	120	338	49.6	35.966667	1302
419999135	2	39	365	51.233333	35.866667	2112
419999136	2	116	338	50.483333	36.033333	1219
419999137	2	310	337	50.833333	36.033333	1983
419999138	2	120	338	49.716667	36.066667	1254
419999140	2	120	338	49.783333	36.066667	1233
419999142	2	119	338	49.733333	35.8	1370
419999143	2	43	365	51.366667	35.8	1793
419999144	2	119	338	49.866667	35.733333	1376
419999146	2	119	338	49.883333	35.816667	1230
419999148	2	119	338	49.916667	35.933333	1208
419999150	2	120	338	49.583333	36.233333	1580
419999152	2	43	368	50.773611	35.699444	1142
419999156	2	121	338	49.7	36.35	1444
419999158	2	120	338	49.766667	36.233333	1286
419999160	2	120	338	49.816667	36.166667	1245
419999161	2	313	365	51	35.833333	1386
419999162	2	121	24	50.016667	36.533333	2037
419999163	2	43	368	51.683333	35.8	1703
419999164	2	121	338	49.883333	36.2	1252
419999168	2	121	338	49.883333	36.466667	1842
419999170	2	88	338	49.65	35.45	2112
419999171	1	122	344	50.383333	34.633333	1368
419999172	2	119	338	49.933333	35.55	1905
419999173	2	424	349	48.302778	35.049444	1862
419999174	2	428	348	48.3	35.3	2039
419999176	2	121	338	50	36.266667	1298
419999178	2	119	338	50	36.1	1201
419999179	2	89	343	49.683333	35.116667	1646
419999180	2	118	338	50.083333	36.133333	1201
419999182	2	119	338	50.066667	36.016667	1169
419999183	2	428	348	48.446389	35.495	1807
419999184	2	121	338	50.1	36.416667	1805
419999186	2	121	338	50.116667	36.4	1824
419999188	2	121	338	50.116667	36.35	1648
419999190	2	118	338	50.116667	36.216667	1273
419999191	2	43	365	51.483333	35.816667	1716
419999192	2	116	338	50.366667	36.266667	1880
419999193	2	117	341	49.066667	35.833333	1643
419999194	2	118	338	50.266667	36.233333	1451
419999196	2	116	338	50.166667	36.15	1217
419999198	2	119	338	50.116667	35.916667	1162
419999200	2	119	338	50.016667	35.783333	1238
419999202	1	119	338	50.233333	35.75	1184
419999204	2	116	338	50.6	36.116667	1847
419999208	2	116	338	50.55	36.05	1342
419999211	2	43	368	51.65	35.85	2034
419999212	1	88	334	50.433333	35.283333	1302
419999215	2	121	338	49.8	36.416667	1634
419999216	2	121	338	49.666667	36.383333	1526
419999217	1	87	360	50.8	34.083333	1987
419999218	2	310	337	50.8	35.95	1415
419999219	2	121	338	50.045556	36.331944	1418
419999220	2	310	337	50.95	36.05	2265
419999222	2	310	337	51.033333	36.033333	2789
419999232	2	313	365	51.1	35.983333	1855
419999233	2	197	362	50.3525	33.351944	1978
419999235	2	310	337	50.783333	36.033333	1953
419999236	2	41	365	51.033333	35.516667	1065
419999240	2	121	338	50.033333	36.416667	1830
419999241	2	181	362	50.068611	33.373333	2055
419999242	2	43	368	51.5	36.0	2825
419999246	2	39	365	51.3	35.733333	1301
419999248	2	39	365	51.466667	35.716667	1252
419999254	2	43	365	51.45	35.85	2886
419999256	2	43	365	51.45	35.816667	1699
419999262	2	43	368	51.65	35.983333	2521
419999263	2	431	349	48.574722	34.703889	2125
419999264	2	43	368	51.583333	36.0	2509
419999265	2	431	349	48.600278	34.758611	1925
419999270	2	43	368	51.466667	35.933333	2112
419999279	1	87	359	50.561944	34.142778	1358
419999280	2	43	368	51.666667	35.833333	1829
419999282	2	43	368	51.783333	35.816667	2187
419999285	2	39	365	51.336111	35.876944	2575
419999291	2	43	368	51.583333	35.966667	2231
419999292	1	49	366	51.55	35.366667	913
419999296	1	49	366	51.683333	35.216667	830
419999298	1	185	361	50.760556	33.706389	2107
419999300	1	49	366	51.65	35.316667	910
419999301	2	426	348	48.753056	35.364722	1745
419999306	2	2	339	49.4	36.2	1994
419999307	2	121	25	49.411944	36.5175	1172
419999310	2	116	338	50.35	36.083333	1221
419999312	2	121	338	50.033333	36.35	1484
419999314	2	313	365	50.816667	35.716667	1161
419999316	2	310	337	50.683333	36.0	1383
419999318	2	310	337	50.683333	36.016667	1472
419999320	2	43	368	51.533333	35.866667	1974
419999322	2	43	368	51.716667	35.816667	1916
419999330	2	313	365	51.2	36.033333	1873
419999332	2	313	365	51.333333	36.083333	2679
419999334	2	313	365	51.4	36.066667	2714
419999336	2	313	365	51.35	35.966667	2277
419999337	2	119	338	49.885	35.5925	1676
419999343	2	426	347	49.083333	35.533333	2242
419999345	2	426	348	48.883333	35.6	2095
419999347	2	424	349	48.2	34.833333	2096
419999353	2	424	349	48.25	35.1	2060
419999421	1	122	358	50.866667	34.333333	1685
419999447	1	174	364	51.434167	34.078333	900
419999449	1	190	364	51.55	33.7	2124
419999498	2	42	365	51.266667	35.366667	931
419999500	2	89	343	49.5	35.233333	1840
419999501	2	85	143	49.688333	33.634722	2026
419999502	2	89	343	49.666667	35.1	1645
419999503	1	122	359	50.5225	34.316944	1271
419999504	2	90	351	49.283333	34.133333	2211
419999507	1	87	359	50.620556	34.0875	1428
419999508	2	116	338	50.516667	36.05	1279
419999509	1	190	364	51.133333	33.966667	1722
419999511	1	190	364	51.066667	34.033333	1762
419999512	1	174	364	51.766667	33.883333	953
419999519	2	181	362	50.316667	33.216667	2248
419999521	2	181	362	50.583333	33.2	2275
419999522	2	85	363	50.116667	33.683333	1779
419999541	2	89	343	49.75	35.216667	2374
419999543	1	82	359	50.283333	34.366667	1716
419999545	1	185	361	50.816667	33.683333	1866
419999547	2	83	356	50.05	34.2	1694
419999549	2	91	356	49.7	34.533333	1823
419999551	2	84	346	49.666667	34.866667	1423
419999553	1	93	360	50.583333	33.883333	1550
419999555	1	93	360	50.439167	33.781944	1606
419999559	2	117	340	49.489444	35.463889	2232
419999560	2	90	142	49.236944	33.78	2058
419999562	2	83	352	49.516667	34.166667	2486
419999563	2	90	142	49.288611	33.6325	1824
419999564	2	90	142	49.094722	33.888333	2247
419999565	2	84	346	49.589722	34.907778	1462
419999566	2	89	343	49.716667	35.25	2304
419999567	2	90	143	49.511944	33.739444	2048
419999568	2	85	363	49.883333	33.45	2215
419999569	2	85	363	49.883333	33.45	2215
419999571	2	39	365	51.285556	35.853611	1774
419999573	2	39	365	51.284722	35.853333	1772
419999574	2	51	368	51.7925	35.731667	1732
419999575	2	39	365	51.32	35.803889	2229
419999576	2	86	351	49.356111	34.169167	1794
419999601	2	197	362	50.366667	33.5	1784
419999618	2	2	339	49.066667	36.3	1689
419999630	2	120	338	49.466667	36.15	1629
419999633	2	121	25	49.35	36.683333	384
419999636	2	120	338	49.65	35.883333	1345
419999725	2	178	362	49.978333	33.244167	2290
419999733	2	72	138	49.716667	33.25	2151
419999772	2	43	368	51.583333	35.9	2126
419999774	2	43	368	51.7	35.85	2226
419999776	2	43	368	51.616667	35.9	2496
419999802	1	195	544	52.033333	33.4	1672
419999820	2	51	367	51.866667	35.7	1678
419999822	2	51	368	51.7	35.683333	1460
419999824	2	51	368	51.816667	35.766667	2016
419999826	2	40	367	51.883333	35.8	2183
419999828	2	40	367	52.066667	35.75	2162
419999830	2	40	367	52.016667	35.65	1745
419999832	2	42	365	51.533333	35.55	996
419999834	2	43	29	51.766667	35.866667	2808
419999836	2	313	365	51.15	36.016667	1840
419999838	2	119	336	50.183333	35.683333	1360
419999839	2	90	352	49.403889	33.933056	1917
419999840	2	39	365	51.4	35.75	1438
419999842	2	39	365	51.383333	35.7	1212
419999844	2	39	365	51.583333	35.75	1542
419999851	2	72	138	49.65	33.066667	1841
419999859	1	88	334	49.958056	35.335278	1877
419999861	2	85	363	50.033333	33.6	1856
419999862	2	85	363	49.957222	33.518889	2036
419999863	2	85	363	49.966667	33.816667	2005
419999864	2	85	363	49.966667	33.816667	2005
419999865	2	85	363	49.816667	33.566667	2092
419999866	2	85	143	49.7	33.65	2050
419999869	2	85	143	49.683333	33.633333	2017
419999870	2	40	367	51.883333	35.616667	1496
419999871	2	85	363	50.233333	33.7	1717
419999873	1	122	344	50.183333	34.683333	2050
419999876	2	39	365	51.466667	35.75	1341
419999877	1	309	336	50.35	35.733333	1148
419999881	2	92	350	49.316667	34.7	1741
419999883	2	90	353	49.2	34.116667	2067
419999887	2	428	348	48.816667	35.266667	1734
419999899	2	117	347	49.166667	35.566667	2103
419999902	2	429	350	48.983333	34.55	1676
419999904	2	426	348	48.633333	35.533333	2156
419999906	2	426	347	48.933333	35.266667	1758
419999918	2	310	337	50.633333	35.833333	1194
419999919	1	49	366	51.55	35.266667	861
419999921	2	43	368	51.75	35.85	2288
419999922	2	92	346	49.383333	34.85	2130
419999932	2	313	365	51.083333	35.933333	1928
419999946	2	117	340	49.15	35.6	2023
419999959	2	90	355	49.4	33.866667	2278
419999973	1	87	360	50.683333	33.983333	1513
419999974	2	185	361	50.7	33.466667	2186
419999975	1	87	361	50.879167	33.894444	1857
419999976	1	87	361	50.866667	33.933333	1929
419999977	1	122	344	50.3225	34.730556	1345
419999978	2	181	382	50.433333	33.166667	2741
419999982	1	122	358	50.866667	34.633333	944
419999984	1	122	358	50.88	34.64	933
419999985	2	181	362	50.333333	33.2	2325
419999986	2	117	340	49.19	35.620833	1836
419999991	2	178	362	50.1	33.083333	2428
419999992	2	178	362	50.05	33.166667	2302
419999998	2	119	338	50.116667	35.916667	1162
429999001	2	341	384	50.130833	32.456667	2293
429999003	2	337	384	50.458056	32.658056	2067
429999004	2	187	380	50.483333	33.016667	2341
429999005	2	187	380	50.431111	32.822222	2121
429999007	2	196	378	50.7875	32.715	2024
429999009	2	338	378	50.894722	32.498333	1836
429999011	1	191	377	51.229444	32.379444	1723
429999013	1	192	377	51.466667	32.366667	1699
429999014	1	179	374	51.15	32.7	1843
429999016	1	10	417	53.450833	30.889444	1466
429999017	1	189	374	51.516667	32.55	1617
429999018	1	190	373	51.340833	33.5925	2459
429999019	1	189	374	51.616667	32.466667	1633
429999020	1	176	370	51.65	32.65	1581
429999021	1	176	370	51.683333	32.633333	1576
429999022	1	185	373	51.183333	33.433333	1971
429999023	1	176	369	51.95	32.516667	1527
429999024	1	185	371	51.466667	33.1	1669
429999025	1	176	369	52.647222	32.4275	1473
429999027	1	368	423	53.9	30.35	1879
429999029	1	368	425	54.089167	29.928333	1944
429999031	1	210	435	55.933333	29.583333	2075
429999032	1	176	369	52.433333	32.716667	1785
429999033	1	186	386	51.900833	31.641389	2279
429999035	2	341	384	50.166667	32.45	2433
429999037	1	368	420	53.454167	30.716389	2680
429999038	1	186	386	51.983333	31.833333	1955
429999039	1	211	427	55.183333	30.333333	2405
429999042	1	186	376	51.8	32.266667	1653
429999045	1	364	388	52.082222	31.459722	2229
429999051	2	187	380	50.366667	32.883333	2190
429999052	1	10	417	53.166667	31.15	1560
429999053	1	189	374	51.516667	32.533333	1612
429999055	1	368	424	53.802222	30.3	2130
429999056	1	368	424	53.8	30.3	2134
429999057	1	364	388	52.133333	31.516667	2157
429999061	1	211	427	55.283333	30.25	2299
429999063	1	202	475	58.133333	29.366667	2025
429999064	1	390	429	54.483333	29.283333	2071
429999065	1	210	435	56.25	29.3	2136
429999068	1	210	435	56.033333	29.083333	1782
429999069	1	183	377	51.470556	31.889722	2254
429999070	1	210	435	56.266667	29.733333	2642
429999072	1	210	435	56.116667	29.65	2319
429999073	1	210	435	56.116667	29.616667	2335
429999074	1	210	435	55.666667	29.45	1724
429999075	1	201	558	56.476111	29.628611	2979
429999077	1	211	431	54.698889	30.546111	2333
429999078	1	201	558	56.433333	30.016667	2039
429999084	2	364	419	52.366667	31.15	2266
429999088	1	176	369	52.949444	32.461667	1699
429999091	1	364	418	52.838611	31.03	1909
429999101	1	15	425	53.966944	30.142222	2219
429999103	1	15	423	54.195556	30.491944	1544
429999110	1	390	398	54.383333	29.266667	1783
429999112	1	14	421	54.132778	31.484444	2480
429999130	2	341	384	50.116667	32.483333	2809
429999132	2	364	419	52.316667	31.15	2314
429999135	2	337	384	50.571111	32.551111	2453
429999140	2	364	419	52.487778	31.156111	2474
429999200	1	179	374	51.116667	32.733333	1907
429999201	1	211	427	55.116667	30.116667	1845
429999203	1	210	435	55.75	29.866667	2332
429999204	1	210	435	55.816667	29.65	1992
429999205	1	210	435	55.966667	29.616667	2120
429999206	1	211	427	55.083333	30.233333	1983
429999220	1	211	427	55.166667	30.333333	2332
429999233	1	390	429	54.466667	29.266667	2042
429999400	2	196	384	50.283333	32.65	2482
429999401	2	339	384	50.516667	32.466667	2550
429999404	2	337	384	50.533333	32.583333	2479
429999405	2	339	129	50.6	32.466667	2537
429999406	2	337	384	50.45	32.533333	2560
429999407	2	187	380	50.266667	33.083333	2671
429999409	2	179	375	50.9	32.9	2238
429999410	1	194	372	50.683333	33.083333	2242
429999414	2	187	380	50.416667	32.966667	2289
429999417	1	183	377	51.633333	32.133333	1818
429999431	1	183	377	51.640556	32.144722	1811
429999463	2	179	375	50.989444	32.751667	2040
429999470	2	178	380	50.183333	33.083333	2430
429999471	2	364	419	52.243333	31.103889	2387
429999502	1	375	235	54.7	28.133333	1061
429999526	1	176	385	52.612222	32.141389	1501
429999527	1	194	372	50.890556	33.138333	1986
429999528	1	177	370	51.6	32.95	1608
429999530	1	176	369	52.416667	32.816667	2138
429999531	2	341	384	50.283333	32.383333	2558
429999536	1	176	385	52.6	32.133333	1543
429999537	1	194	372	50.883333	33.133333	1988
429999538	1	195	544	51.783333	33.333333	2082
429999573	1	364	418	52.644722	31.159167	2024
429999603	1	18	550	54.016667	32.283333	1056
429999631	2	337	383	50.633333	32.6	2295
429999672	2	337	383	50.585278	32.658611	2163
429999712	1	210	435	55.983333	29.783333	2358
429999715	1	157	434	55.9325	28.828333	1928
429999716	1	211	431	54.716667	30.55	2375
429999850	1	390	432	54.713333	29.15	1579
429999852	1	10	417	53.283333	31.15	1511
429999928	1	14	421	53.846111	31.557222	2395
429999930	1	15	425	54.34	29.935278	1724
429999932	1	176	385	52.083333	32.316667	1603
429999938	1	15	428	54.316667	29.766667	1731
429999940	1	14	421	53.9	31.45	2232
429999944	1	368	424	53.65	30.45	2181
429999956	1	14	421	54.083333	31.05	1960
429999958	1	211	427	55.116667	30.116667	1845
429999960	1	14	421	53.783333	31.533333	2126
429999966	1	14	421	53.921667	31.543056	2464
429999968	1	211	431	54.716667	30.55	2375
429999970	1	390	429	54.466667	29.366667	1984
429999972	1	390	429	54.466667	29.516667	1922
429999974	2	337	378	50.733333	32.533333	2202
429999976	1	15	425	53.966944	30.142222	2219
429999980	2	339	384	50.366667	32.533333	2212
429999981	1	210	435	55.45	29.6	1705
429999982	1	14	422	53.416667	31.483333	1551
429999983	1	210	435	55.983333	29.816667	2424
429999984	1	14	422	53.633333	31.666667	2154
429999985	1	210	434	55.833333	28.85	1785
429999988	1	186	386	51.9	31.633333	2505
429999990	1	192	377	51.563611	32.392222	1649
429999991	1	15	425	54.133333	29.933333	1885
429999992	1	210	435	55.916667	29.783333	2377
429999993	1	210	434	55.840833	28.86	1764
429999994	1	210	434	55.316667	29.1	1744
429999996	1	17	550	54.8	31.533333	1463
429999998	1	12	561	55.803056	31.422778	1541
439999001	2	367	410	52.116667	30.65	2095
439999005	2	367	408	52.05	30.633333	1964
439999007	2	367	408	52.033333	30.633333	1923
439999008	2	387	400	52.7	29.966667	1602
439999009	2	377	408	51.916667	30.516667	2212
439999013	2	367	408	51.972778	30.6	1938
439999015	2	387	408	52.1	30.466667	1766
439999019	2	387	408	52.25	30.25	1832
439999021	2	387	400	52.516667	30.15	1619
439999022	2	370	400	53.316667	29.516667	1578
439999023	2	387	400	52.633333	30.166667	1631
439999024	2	378	412	52.274167	29.752778	2094
439999025	2	387	400	52.625278	30.165833	1613
439999026	2	366	211	53.766667	29.183333	1586
439999027	2	367	406	52.316667	30.95	2357
439999029	2	367	406	52.733333	30.516667	2440
439999030	1	390	394	53.85	29.716667	1579
439999031	2	371	404	53.216667	30.416667	2071
439999033	2	371	404	53.266667	30.3	1929
439999034	2	388	171	51.3	29.916667	1110
439999035	2	387	400	52.983333	30.016667	1674
439999036	2	378	412	52.316667	29.9	2056
439999037	2	387	400	52.783333	29.866667	1595
439999038	2	378	412	52.316667	29.8	2412
439999039	2	387	400	52.769444	29.850278	1596
439999041	2	370	400	53.383333	29.55	1575
439999042	1	15	420	53.916667	30.466667	1859
439999044	2	378	412	52.533333	29.6	1535
439999046	2	387	408	52.216667	30.35	1715
439999047	2	376	415	52.816667	29.35	1510
439999048	2	383	170	51.316667	29.633333	591
439999050	2	387	400	52.966667	29.783333	1580
439999052	2	366	397	53.866667	29.25	1658
439999053	2	366	397	53.866667	29.25	1658
439999054	2	367	408	51.983333	30.733333	2188
439999055	2	364	409	52.003889	30.891389	2288
439999056	2	366	211	53.866667	29.166667	1662
439999058	2	382	187	52.779444	28.3675	936
439999059	1	365	394	53.566667	29.783333	1917
439999060	2	377	407	52.35	30.0	1683
439999061	2	377	408	51.883333	30.55	2080
439999064	2	391	403	53.383333	30.016667	2069
439999065	1	390	394	53.75	29.833333	1712
439999066	2	378	400	52.816667	29.716667	2091
439999068	2	367	410	52.688611	30.361111	2198
439999069	2	371	404	53.383333	30.466667	2567
439999071	2	387	408	52.166667	30.35	1796
439999073	2	378	412	52.416667	29.616667	1652
439999074	1	368	426	53.916667	29.933333	2055
439999076	2	376	415	52.9	29.25	1736
439999077	2	387	400	52.433333	30.2	1639
439999080	2	387	400	52.466667	30.2	1638
439999082	2	387	408	52.256389	30.317778	1693
439999086	1	175	543	52.294931	33.035278	2348
439999089	2	378	412	52.483333	29.683333	1652
439999095	1	371	405	53.2	30.616667	2319
439999100	1	390	429	54.316667	29.466667	2473
439999102	2	367	406	52.483333	30.7	2328
439999103	2	368	404	53.316667	30.283333	2014
439999105	2	391	402	53.15	30.166667	1952
439999109	2	366	397	54.066667	29.1	2178
439999112	2	377	407	52.4	30.1	1640
439999113	2	377	407	52.283333	29.966667	2329
439999114	1	390	398	54.416667	29.083333	2246
439999116	1	390	398	54.466667	29.1	1866
439999120	2	376	415	53.233333	29.266667	1564
439999122	2	376	415	53.233333	29.266667	1564
439999124	2	376	415	53.233333	29.266667	1564
439999126	2	377	407	52.533333	29.883333	1606
439999128	2	387	400	52.6	30.216667	1981
439999130	2	376	415	52.85	29.316667	1485
439999132	1	364	418	52.651667	31.152778	2022
439999134	2	387	400	52.466667	30.283333	1965
439999135	2	196	379	50.614167	32.781667	2153
439999136	2	328	170	51.5	29.333333	751
439999143	2	378	412	52.416667	29.766667	1808
439999154	1	390	398	54.25	29.133333	2492
439999155	1	390	394	54.006667	29.756389	1814
439999160	2	367	408	51.883333	30.716667	2333
439999161	2	371	404	53.391667	30.447222	2357
439999163	2	391	403	53.347222	30.013889	1989
439999164	2	378	401	52.866667	29.516667	1568
439999165	2	378	413	52.585	29.413889	1483
439999167	2	370	400	53.134722	29.636111	1572
439999169	2	367	406	52.478333	30.705	2335
439999180	2	377	407	52.25	29.966667	2068
439999181	2	377	407	52.240833	29.965	2065
439999190	2	378	413	52.45	29.533333	1596
439999201	2	367	410	52.166667	30.7	2156
439999202	2	377	408	51.966667	30.416667	3040
439999473	1	368	405	53.277778	30.586111	2619
439999520	1	370	395	53.4	29.45	1618
439999522	1	370	395	53.430833	29.455278	1575
439999771	2	378	412	52.25	29.716667	2790
439999772	2	378	166	52.266667	29.783333	2309
439999773	2	378	412	52.261944	29.752778	2168
439999777	2	368	404	53.487778	30.390556	2376
439999964	2	370	400	53.1	29.633333	1574
439999967	2	368	404	53.487778	30.392222	2384
449999002	1	200	443	56.683333	29.383333	2827
449999003	1	200	444	56.533333	29.083333	2081
449999004	1	200	443	56.616667	29.233333	2276
449999005	1	203	439	57.416667	28.883333	1188
449999006	1	200	445	56.45	29.25	2226
449999007	1	203	438	57.55	28.783333	909
449999008	1	203	440	57.133333	28.716667	1729
449999009	1	203	438	57.733333	28.866667	1070
449999010	1	203	439	57.5	28.883333	1288
449999011	1	203	438	57.766667	28.3	525
449999012	1	217	436	57.716667	27.916667	561
449999014	1	203	438	57.6	29.0	1992
449999015	1	132	452	60.781389	27.359444	704
449999016	1	203	438	57.75	29.0	1871
449999017	1	132	452	60.588611	27.183889	534
449999018	1	203	438	57.9	28.733333	1512
449999020	1	203	438	57.816667	28.583333	617
449999022	1	212	438	57.95	28.466667	708
449999024	1	212	438	57.833333	28.483333	588
449999026	1	203	438	57.6	28.45	834
449999028	1	207	436	57.866667	28.166667	498
449999029	1	203	438	57.8	28.9	1493
449999035	1	212	436	58.266667	28.45	1849
449999036	1	132	452	60.333333	27.166667	497
449999038	1	134	455	59.45	27.483333	386
449999040	1	203	439	57.3	28.866667	1319
449999051	1	134	449	59.063056	26.886944	539
449999053	1	204	446	56.966667	29.266667	2160
449999055	1	146	450	60.183333	26.766667	876
449999057	1	132	451	60.129722	27.8625	1018
449999059	1	134	455	59.433333	27.916667	810
449999061	1	134	456	58.933333	27.6	368
449999063	1	133	453	61.033333	27.533333	1219
449999071	1	201	558	56.583333	29.466667	2996
449999099	1	203	438	57.6	28.766667	886
449999100	1	132	451	60.366667	27.933333	1278
449999101	1	132	452	60.683333	27.183333	556
449999103	1	204	447	57.083333	29.116667	2132
449999105	1	204	446	56.833333	29.333333	2807
449999106	1	204	446	56.876389	29.309167	2437
449999107	1	203	439	57.366667	28.95	2419
449999111	1	204	447	56.966667	29.2	2041
449999115	1	203	439	57.3	28.866667	1319
449999200	1	203	284	57.216667	28.483333	1660
449999202	1	213	284	57.383333	28.166667	637
449999204	1	203	437	57.5	28.5	1245
449999206	1	132	452	60.65	27.233333	596
449999220	1	207	436	57.866667	28.2	534
449999223	1	204	447	57.05	29.233333	2067
449999225	1	219	448	57.916667	27.1	943
449999300	1	207	436	58.6	27.8	398
449999302	1	155	274	56.633333	27.516667	88
449999305	1	202	438	57.866667	29.116667	2586
449999306	1	202	476	58.116667	28.983333	1731
449999308	1	202	476	58.016667	28.9	2381
449999312	1	215	436	57.95	27.833333	441
449999315	1	203	438	57.316667	28.7	1738
449999316	1	203	438	57.733333	28.666667	683
449999317	1	203	440	57.15	28.783333	1665
449999318	1	204	447	56.983333	29.25	2136
449999320	1	200	442	56.75	29.316667	2705
449999321	1	204	446	56.833333	29.333333	2807
449999324	1	203	437	57.5	28.25	664
449999326	1	200	445	56.4	29.3	2271
449999328	1	203	438	57.866667	28.85	1684
449999330	1	200	441	56.95	28.833333	2209
449999358	1	215	448	57.883333	27.533333	408
449999360	1	207	436	58.233333	27.883333	428
449999378	1	203	438	57.9	28.966667	2258
449999379	1	215	448	58.333333	27.2	415
449999401	1	203	438	57.733333	29.166667	2294
449999403	1	203	439	57.083333	28.9	1634
449999435	1	200	445	56.403611	29.499444	2682
449999444	1	201	443	56.623611	29.444167	2899
449999716	1	203	438	57.783333	29.066667	1814
449999992	1	207	436	58.783333	28.15	852
459999001	1	202	476	58.4875	28.661389	1275
459999004	1	208	479	58.95	28.633333	670
459999006	1	216	477	57.433333	29.583333	2224
459999009	1	202	476	57.913611	29.059167	2071
459999010	1	214	480	57.967178	29.061023	1973
459999013	1	202	476	58.125278	28.975	1634
459999014	1	216	474	57.733333	29.866667	1715
459999016	1	216	473	57.316667	30.5	1899
459999017	1	216	473	57.566667	30.2	1686
459999018	1	216	473	57.683333	30.4	501
459999020	1	272	576	59.47657	33.155971	2109
459999021	1	216	473	57.733333	30.2	956
459999022	1	278	469	57.5	33.3	1374
459999023	1	216	473	57.533333	30.4	973
459999024	1	278	468	57.483333	32.383333	1162
459999027	1	278	460	57.142778	33.648611	1283
459999028	1	278	460	57.244167	33.4375	1416
459999029	1	280	458	59.183333	33.3	1593
459999031	1	278	469	57.557222	33.317222	1264
459999032	1	272	472	59.2	32.866667	1456
459999033	1	209	466	56.833333	30.966667	1800
459999037	1	216	473	57.816667	30.483333	315
459999040	1	278	460	56.95	33.6	698
459999042	1	216	473	57.333333	30.5	1809
459999049	1	205	465	56.983333	30.8	2040
459999053	1	205	466	56.916667	31.283333	1171
459999055	1	216	473	57.466667	30.116667	3339
459999057	1	13	463	55.958611	32.045556	1300
459999064	1	280	458	58.9	33.3	1382
459999084	1	209	466	56.766667	30.883333	2344
459999091	1	205	467	56.466667	31.333333	2618
459999100	1	205	467	56.65	31.85	989
459999107	1	280	571	58.903333	33.901389	1519
459999121	1	13	467	56.328889	31.611944	1752
459999138	1	276	457	58.533333	33.866667	1483
459999200	1	13	463	56.033333	31.866667	1416
459999201	1	136	486	59.966667	29.85	1119
459999202	1	13	463	55.955278	32.046111	1335
459999205	1	202	476	58.366667	28.65	1672
459999209	1	209	466	56.816667	30.85	2204
459999210	1	136	483	60.533333	29.333333	1964
459999213	1	205	465	57.033333	30.8	1891
459999215	1	136	483	60.383333	29.266667	1482
459999217	1	136	585	60.65	29.383333	1933
459999219	1	216	559	57.183333	30.516667	2628
459999220	1	216	559	57.186111	30.502222	2413
459999221	1	201	478	57.266667	29.466667	3296
459999222	1	216	477	57.45	29.45	2533
459999223	1	13	463	56	31.75	2204
459999224	1	205	466	56.733333	31.083333	1980
459999231	1	278	460	56.875278	33.825	940
459999241	1	278	460	57.275	33.465	1559
459999302	1	202	476	58.366667	28.65	1672
459999304	1	202	477	57.85	29.433333	1728
459999321	1	133	485	60.816667	28.05	1398
459999410	1	205	466	56.8	31.266667	1183
459999501	1	281	492	60.109444	31.870278	1513
459999503	1	276	457	58.4	33.6675	1308
459999507	1	281	491	59.424167	32.073611	1828
459999509	1	273	471	59.208889	32.503333	1480
459999511	1	280	458	59.188889	33.298889	1606
459999513	1	272	472	59.506944	32.998333	2025
459999886	1	272	472	59.506944	32.998333	2025
459999934	1	13	463	56.216667	31.666667	1903
459999981	1	216	473	57.583333	30.216667	1751
459999983	1	281	488	59.7	31.483333	1071
459999984	1	281	490	58.866667	31.466667	1006
459999985	1	273	490	59	31.833333	1307
459999986	1	202	476	58.1	28.916667	1891
459999989	1	203	438	57.789167	29.076667	1824
469999002	1	195	545	51.666667	33.583333	1926
469999003	1	201	560	57.183333	29.566667	2677
469999005	1	201	560	57.033333	29.666667	2358
469999006	1	175	546	53.166667	33.583333	1013
469999009	1	201	558	56.616667	29.616667	2537
469999010	1	193	548	52.783333	32.966667	1912
469999011	1	201	558	56.566667	29.716667	2278
469999013	1	201	555	56.216667	30.066667	2374
469999014	1	14	551	54.098611	31.728056	1788
469999015	1	206	555	55.883333	30.2	1901
469999016	1	17	550	54.246667	31.607778	1819
469999017	1	216	559	57.166667	30.416667	1945
469999018	1	19	550	54.366667	31.816667	1274
469999022	1	201	558	56.85	29.516667	2903
469999023	1	201	555	56.15	30.116667	1996
469999024	1	201	558	56.4	29.916667	2194
469999026	1	206	555	56	30.4	1515
469999028	1	206	555	56.2	30.55	1805
469999030	1	206	555	55.4	30.366667	2362
469999031	1	206	555	55.4	30.35	2388
469999032	1	206	555	55.833333	30.816667	1386
469999036	1	216	559	57.066667	30.283333	1765
469999038	1	201	558	56.583333	29.466667	2996
469999040	1	209	564	56.35	30.666667	1994
469999042	1	209	564	56.533333	30.683333	1742
469999044	1	211	555	55.026944	30.500278	2226
469999045	1	211	555	55.116667	30.583333	2018
469999046	1	211	555	55.132222	30.576389	1983
469999048	1	209	563	55.983333	31.016667	1387
469999050	1	218	562	56.283333	31.4	1987
469999051	1	14	550	54.142222	31.638056	2269
469999053	1	19	550	54.199722	31.901667	1246
469999055	1	14	551	53.996667	31.704444	2027
469999058	1	19	550	54.416667	31.783333	1256
469999059	1	17	550	54.25	31.6	2080
469999060	1	201	560	57.133333	29.516667	2848
469999061	1	14	550	54.178333	31.604444	2161
469999067	1	11	552	54.166667	32.533333	1024
469999099	1	209	564	56.500556	30.8525	1640
469999100	1	201	558	56.733333	29.616667	2768
469999101	1	17	550	54.250278	31.610833	1809
469999104	1	19	550	54.416667	31.9	1226
469999106	1	17	556	54.9	31.333333	1459
469999110	1	11	554	54.722222	32.376389	1532
469999114	1	14	550	54.116667	31.6	2543
469999115	1	11	550	54.583333	32.383333	2275
469999116	1	11	553	55.2	32.6	1180
469999126	1	216	564	56.6	30.483333	2144
469999131	1	19	550	54.546111	32.11	2082
469999141	1	201	558	56.566667	29.716667	2278
469999143	1	216	559	57.116667	30.283333	1771
469999145	1	216	559	57.283333	29.966667	2350
469999147	1	209	564	56.55	31.066667	2270
469999201	1	216	559	57.3	30.3	2369
469999202	1	216	559	56.816667	30.2	1750
469999203	1	209	564	56.316667	30.65	2212
469999209	1	209	564	56.320833	30.653056	2169
469999212	1	201	560	57.2	29.483333	2965
469999213	1	206	559	56.533333	30.433333	2298
469999214	1	216	559	57.25	30.133333	1823
469999215	1	201	560	57.2	29.516667	3027
469999217	1	206	555	56.35	30.433333	1705
469999218	1	201	558	56.116667	29.883333	2530
469999220	1	206	555	56.033333	29.916667	2595
469999223	1	201	560	57.15	29.5	2845
469999224	1	201	560	57.083333	29.5	2953
469999225	1	201	560	57.183333	29.55	2712
469999226	1	201	560	57.2	29.616667	2545
469999227	1	216	559	57.433333	29.983333	2282
469999228	1	216	559	57.5	29.916667	2473
469999235	1	12	554	54.783333	31.733333	1435
469999237	1	206	555	55.973611	30.1975	1961
469999239	1	211	555	55.495278	30.255	2064
469999535	1	193	547	53.683333	33.3	1427
469999601	1	17	557	54.266667	31.283333	1967
469999602	1	14	551	53.883333	31.683333	2208
469999620	1	216	559	57.266667	29.966667	2370
469999712	1	203	478	57.333333	29.216667	2702
469999714	1	216	564	56.966667	30.533333	1821
469999716	1	203	478	57.283333	29.216667	2887
469999718	1	206	555	55.833333	30.766667	1367
469999920	1	14	550	54.15	31.633333	2546
469999922	1	14	550	54.1825	31.601944	2146
469999924	1	17	550	54.221944	31.528056	2270
469999926	1	14	551	54.033333	31.566667	2737
469999936	1	14	550	53.75	31.833333	2518
469999942	1	16	550	53.983333	31.833333	1865
469999948	1	12	561	55.4	31.6	992
469999950	1	17	550	54.45	31.516667	1535
469999952	1	17	550	54.233333	31.583333	2438
469999954	1	17	550	54.35	31.4	2245
469999958	1	18	550	53.583333	31.916667	2196
469999962	1	19	550	54.199722	31.901667	1246
469999970	1	175	543	52.25	33.5	988
469999976	1	14	550	54.142222	31.633333	2404
469999978	1	11	549	53.666667	32.433333	1146
469999979	1	11	549	53.633333	32.45	1140
469999980	1	11	549	53.583333	32.333333	1768
469999981	1	216	559	57.3	30.05	1923
469999982	1	18	550	53.543611	32.019722	2003
469999983	1	18	550	54.016667	32.283333	1056
469999984	1	11	550	54.016667	32.316667	1035
469999986	1	14	551	53.833333	31.65	2369
469999988	1	201	560	57.116667	29.516667	2928
469999990	1	12	562	55.916667	31.533333	1866
469999992	1	17	557	54.166667	31.316667	1985
469999994	1	17	550	54.45	31.583333	1472
469999996	1	17	550	54.8	31.533333	1463
469999998	1	11	550	54.516667	32.4	2101
479999000	1	11	550	54.503889	32.409167	2002
479999001	2	40	501	52.166667	35.516667	1762
479999004	1	131	500	52.066667	35.35	1091
479999005	2	45	498	52.769722	35.758056	1959
479999007	2	45	498	52.660833	35.721111	1817
479999009	1	124	539	54.100833	36.276389	1492
479999010	1	124	539	54.083333	36.268333	1513
479999013	1	45	497	52.495556	35.525278	1515
479999014	2	45	498	52.55	35.883333	2792
479999015	1	131	497	52.431667	35.305278	1015
479999016	2	45	498	52.333333	35.783333	2640
479999017	1	125	497	52.95	35.3	982
479999018	2	45	498	52.516667	35.783333	2199
479999019	1	125	495	52.974722	35.477222	1757
479999020	2	45	497	52.766667	35.666667	2399
479999021	1	125	495	53.15	35.55	1533
479999022	1	40	497	52.416667	35.7	2443
479999023	1	126	496	53.615833	35.615833	1359
479999024	1	131	497	52.4	35.316667	1154
479999025	1	124	539	54.1	36.268889	1487
479999026	1	123	497	52.433333	35.233333	888
479999027	1	124	539	54.1	36.268889	1487
479999028	1	123	497	52.733333	35.25	831
479999030	1	125	498	53.033333	35.716667	2526
479999032	1	129	496	53.333333	35.7	1631
479999033	2	127	542	54.647222	36.477222	2050
479999034	1	126	496	53.416667	35.683333	1502
479999035	2	127	542	54.703611	36.513056	2022
479999036	2	127	542	54.85	36.566667	2820
479999038	1	125	495	53.2	35.55	1612
479999039	1	268	530	58.856111	36.0675	1139
479999040	1	126	496	53.616667	35.7	1631
479999041	1	268	530	58.830278	36.303056	1402
479999042	1	268	530	58.433333	36.033333	1076
479999043	1	268	530	58.709167	36.458611	1600
479999044	2	127	542	55	36.483333	1425
479999045	1	268	530	58.383611	36.049167	1066
479999046	1	127	541	55	36.35	1254
479999047	1	126	496	53.65	35.633333	1503
479999048	1	268	530	58.683333	36.05	1124
479999049	2	268	533	58.263611	36.829167	1682
479999050	1	268	530	58.8	36.2	1194
479999051	2	254	533	58.167222	36.853889	1678
479999053	1	250	532	57.208889	36.562778	1409
479999055	1	250	532	56.616667	36.683333	967
479999056	1	250	532	57.209444	36.561389	1426
479999058	1	259	528	58.133333	35.783333	1315
479999059	1	235	535	57.511111	37.078889	1268
479999060	1	259	527	57.666667	36.2	955
479999061	1	235	535	57.412778	37.181944	1340
479999063	1	237	536	56.826667	37.251111	1141
479999066	1	235	535	57.333333	37.116667	1092
479999067	1	130	526	56.366667	36.366667	934
479999069	1	257	519	59.416667	35.183333	1241
479999071	1	249	520	59.133611	35.415278	1691
479999072	2	127	542	55.166667	36.766667	2232
479999073	1	252	521	58.167222	35.265833	1041
479999074	1	130	538	55.85	36.55	1006
479999075	1	279	511	58.333333	34.133333	1687
479999078	1	249	520	59.216667	35.283333	1371
479999079	1	268	530	59.280833	36.103056	2004
479999082	1	270	517	58.666667	34.333333	1125
479999083	1	268	530	59.033333	36.2	2016
479999085	1	268	530	59.064444	36.182778	1580
479999086	1	267	514	58.85	34.983333	946
479999088	1	264	515	58.783333	35.433333	1837
479999091	1	124	539	53.927778	35.911111	1477
479999093	1	268	530	58.830556	36.423889	2756
479999095	1	268	530	58.5	36.474444	1393
479999096	1	279	511	58.1625	34.019167	1272
479999097	2	127	542	54.647222	36.477222	2050
479999099	1	259	528	58.1	35.783333	1371
479999102	1	271	512	57.416667	33.866667	886
479999106	1	268	530	58.975278	36.207222	1480
479999108	1	182	503	54.416667	34.016667	1017
479999110	1	127	523	55.95	35.633333	714
479999112	1	249	520	59.219444	35.468889	1694
479999118	1	267	515	58.868889	35.225833	1264
479999120	1	257	518	59.283333	34.733333	919
479999121	1	249	515	58.85	35.366667	1610
479999122	1	268	530	58.7	36.116667	1109
479999124	1	257	519	59.383333	35.133333	1190
479999126	1	245	508	57.4	35.166667	848
479999127	2	127	542	54.922222	36.583056	1766
479999128	1	255	526	56.8	36.316667	831
479999130	1	249	520	59.133333	35.483333	1944
479999132	1	278	507	56.95	34.466667	746
479999134	1	278	506	56.266667	33.933333	779
479999136	1	235	535	57.6	37.066667	1452
479999140	1	251	532	57.416667	36.65	1124
479999142	1	264	521	58.466667	35.25	1065
479999144	1	268	530	58.55	36.533333	1520
479999150	1	245	521	58.233333	35.45	1578
479999152	1	249	519	59.2	35.233333	1308
479999154	1	249	531	58.866667	35.716667	1498
479999156	1	249	515	58.916667	35.383333	1600
479999158	1	264	515	58.766667	35.416667	1797
479999162	1	264	515	58.758889	35.415556	1812
479999164	1	259	529	58.083333	35.566667	1771
479999166	1	259	529	58.120833	35.733056	1382
479999170	1	268	530	59.05	36.166667	1511
479999172	1	11	461	55.566667	33.016667	1244
479999174	1	258	520	59.533333	35.266667	1347
479999176	1	270	517	58.466667	34.166667	2232
479999180	2	422	33	55.212778	37.267222	46
479999182	1	279	511	58.383333	34.116667	1821
479999191	1	235	535	57.433333	37.083333	1167
479999205	1	249	531	59.216667	35.516667	1822
479999206	2	127	542	54.922222	36.583056	1766
479999210	2	45	498	52.8	35.783333	1984
479999212	1	124	539	54.116667	36.283333	1514
479999214	1	40	497	52.366667	35.633333	2152
479999216	1	124	539	54.2	36.416667	1806
479999222	1	124	539	54.216667	36.216667	1423
479999223	1	245	508	57.6425	35.315278	1045
479999227	1	258	520	59.445556	35.235278	1290
479999245	1	48	335	56.77472	35.58917	1183
479999301	1	124	539	54.386667	36.166389	1131
479999313	1	247	608	60.568333	34.568333	1073
479999867	1	128	496	53.383333	35.833333	2569
479999926	1	127	524	55.8	36.083333	1099
519999004	1	138	594	62.316667	27.416667	1197
539999002	1	136	585	60.85	29.466667	1409
539999042	1	281	582	60.333333	31.533333	1044
539999051	1	135	586	61.5	31.016667	486
549999002	1	274	576	60.016667	32.916667	1499
559999009	1	280	570	59.344722	33.788611	1344
559999014	1	280	571	58.783333	33.883333	1861
559999016	1	253	566	59.75	34.75	1163
619999006	1	270	568	60.56666667	34.1	616
629999090	1	261	605	59.846111	35.695	1415
649999018	2	266	602	59.633333	36.333333	960
649999056	2	269	602	59.116667	36.633333	1190
659999013	1	0	599	61.183333	36.55	263
689999010	2	256	596	59.100066	37.436105	492
1009999002	2	335	127	50.65865641	32.00517316	1849
1009999004	2	336	130	50.95203787	31.90387458	2405
1009999010	2	336	124	51.06067107	31.93091689	2244
1009999016	2	342	132	50.96172361	32.08677722	2037
1009999020	2	336	124	51.30490887	31.74743717	2266
1009999022	2	336	124	51.15555662	31.86908997	2242
1009999026	2	343	114	51.25606881	31.2924341	1749
1009999029	2	342	127	50.73639552	31.94033833	2099
1009999037	2	337	384	50.6127647	32.58604935	2378
1009999040	2	339	129	50.68782602	32.31905299	2102
10099990400	1	0	0	59.22008	35.47049	1700
10099990401	1	0	0	58.336607	29.10022	1094
