tmin,tmean,tmax
-6.416554715155332600e-01,-3.472436180956013363e-01,1.184259275799327549e+00
3.990033476391560807e+00,4.088891847771900068e+00,5.894686045556573717e+00
3.209584387332675703e-01,4.829004427986428816e+00,4.966115616821840106e+00
-4.104490840768113102e+00,2.916057743712419104e-01,4.218960449025654924e+00
1.367691476526157413e+00,2.210484963899484789e+00,7.008044334895357608e+00
-2.304264835459288729e+00,1.108115551207322635e+00,4.365602233248687014e+00
4.131970159849986501e+00,5.948405973542830516e+00,8.362089694768812365e+00
2.965035743729088402e+00,5.842128100303686011e+00,7.495250281905724066e+00
-3.037963071707040719e+00,1.115897750617239836e+00,1.383487629510562034e+00
1.331895341765779506e+00,4.433620646549021771e+00,6.329891381025049668e+00
5.978955943821032903e+00,6.885526301139182515e+00,1.014310639961305682e+01
9.595997884774885023e-01,2.289629545455785564e+00,4.402102600508920105e+00
-9.407230151221682712e-01,-9.670989178308087020e-02,1.772505382427069343e+00
4.289818015254492245e+00,7.128920615023814022e+00,8.588196665220175774e+00
7.865107738891847333e+00,7.961364223987426492e+00,1.163910495172718207e+01
1.627894491829379842e+00,3.678439819971298874e+00,5.335032553109797959e+00
6.194143357242408499e+00,7.770835644125394737e+00,1.086258088179545389e+01
-2.339767794207284535e+00,6.187272823859246706e-01,2.277166934027516021e+00
1.560964162828303969e+00,3.860238497299958826e+00,7.472382126484608200e+00
-3.809102998134683560e+00,7.237659680584007660e-01,2.946108819524111855e+00
8.767966710340111547e-01,4.964160040803986540e+00,8.815750984984660477e+00
3.028866959628301103e+00,5.506366255200172866e+00,9.086850869450129764e+00
6.731982750820694861e+00,8.061102374033435325e+00,1.085157176692415604e+01
1.004058590329329537e+00,4.931196812672155261e+00,5.343646310562649049e+00
3.952792302578175487e+00,6.349140102739868396e+00,7.669463736748479477e+00
-4.759757623554715877e+00,-4.065425758341098650e+00,-1.110969849468878223e+00
-2.105385394393092469e+00,3.131067380986536364e-01,4.500635925805820392e+00
8.861753263817188753e+00,9.893598816745013735e+00,1.074111936725468119e+01
7.899881589238880508e+00,8.140977217337191263e+00,9.239470065550605682e+00
-1.472407511539759017e+00,-8.643780630280950561e-02,4.592345010028150654e+00
-4.700814779894171735e+00,-9.397585367937182355e-01,1.713038118817078903e+00
4.094724933518175014e+00,5.311126185921638765e+00,8.516133038263513200e+00
1.862221287420784632e+00,3.535722943230236393e+00,7.238714657781860851e+00
1.798298285065115465e+00,1.979722081527896194e+00,4.687622150886049610e+00
4.100976040882756912e+00,7.347282566711959895e+00,1.022406793988973561e+01
8.736567848249039869e+00,1.128299698060079947e+01,1.207746895665379583e+01
2.177831982892118212e+00,7.165517087488383119e+00,1.110702724758473536e+01
6.898997902609558253e-01,4.751931884272718065e+00,6.497030836262826625e+00
4.344758903110677473e+00,8.322804940171138810e+00,9.637022000250556886e+00
9.292766048494575770e+00,1.113108292511089203e+01,1.515066290496488577e+01
4.341206742364521531e+00,8.040206736346561911e+00,1.086318681155849042e+01
3.703983102809402794e+00,4.674661979816681523e+00,5.649855823820928435e+00
6.580592577983384928e+00,9.265211090795192561e+00,1.418283396640072880e+01
7.855714966315937353e+00,1.158922738350143966e+01,1.253244807393324400e+01
3.621734852998241383e+00,4.720772943155537860e+00,7.771200554496608959e+00
2.323059560038346127e+00,3.928074206329181806e+00,6.485614776702757212e+00
5.716931126833196153e+00,6.040010425755570012e+00,1.046510227040373486e+01
3.495355897849270477e-01,3.880771075910171675e+00,6.515943251469650477e+00
5.120863448983230093e+00,8.201766186617092558e+00,9.545504919455709114e+00
6.951892638742833697e-01,4.464868885834624379e+00,4.942634547729396921e+00
-6.283521013006634348e-01,4.333762787175669651e+00,8.220035324593112591e+00
2.137902728155712584e+00,5.682081656963587690e+00,6.011140999749851055e+00
9.148007430848100086e+00,9.963508827129002654e+00,1.370085767346759908e+01
8.176849079374477469e-01,5.204391502277053050e+00,6.643944682338059238e+00
6.848332372830808978e+00,8.771530949266288957e+00,1.324015037485579782e+01
1.090590231950856470e+00,6.088010534457591660e+00,7.643814744342340539e+00
7.455484804179530300e+00,1.020103051444662690e+01,1.296431468335100412e+01
4.859624379139107830e+00,8.859041798499385223e+00,1.235112056240354939e+01
8.510644350714322570e+00,9.560048172846956405e+00,1.441922339657044461e+01
1.074590008097758087e+01,1.118193929270226583e+01,1.496710708447477955e+01
7.261845107001727584e+00,1.168468637590286718e+01,1.314007461510707664e+01
6.861249233345977139e+00,1.021995412597836861e+01,1.027174404299296917e+01
1.274884091473367675e+00,1.804987871441515068e+00,5.212613095925246576e+00
2.665660119337046385e+00,2.948978025437179795e+00,3.637571788982708831e+00
5.138794987572145700e+00,6.444835171672607999e+00,9.798832903123511073e+00
7.328732288131437400e+00,9.198349262979835572e+00,1.325545467185897763e+01
4.856890085351671438e+00,8.690653022040285336e+00,1.021079626471429158e+01
9.993057180362338698e+00,1.114878197967563267e+01,1.325781525283482765e+01
1.297311499281925329e+01,1.297375120452587538e+01,1.778328591662570801e+01
3.151072477986618381e-01,4.564402543544971103e+00,6.931688922689550836e+00
4.126808034476029619e+00,8.469246389532184338e+00,1.120613612837081874e+01
4.267384933232447608e-01,3.974660449061952150e+00,4.359912276190184954e+00
9.315362740281532439e+00,9.328826876244097122e+00,9.447020238040863660e+00
6.715751900872339419e+00,7.987832872376200655e+00,1.148286525387180923e+01
8.808990672513836273e+00,1.002725519615443872e+01,1.443376216056561745e+01
4.768580012022065162e+00,9.240155452674855496e+00,1.210969299061787829e+01
9.376332438583142803e+00,1.152051715573895052e+01,1.480695873394242668e+01
-2.873413970573750476e+00,1.934446610423462332e+00,2.397270742835759805e+00
7.975827594151521538e+00,9.864776016063744990e+00,1.141548304518186008e+01
7.659485202574829010e+00,1.170276020705022724e+01,1.260222083933478210e+01
3.132916555999072816e+00,3.464448089198169711e+00,7.218033034600008335e+00
4.910079398164752362e+00,8.385705764387092032e+00,9.061993091965469205e+00
7.949322253649201642e+00,9.734796152526127955e+00,1.007958735164443986e+01
1.206759626807725994e+01,1.358012594156758723e+01,1.709859891127947051e+01
7.210640054116102426e+00,1.058871145367103495e+01,1.253815198497704131e+01
1.284394989029385492e+01,1.316981764382274278e+01,1.525679898515645405e+01
5.431512734598178405e+00,9.590200320042244542e+00,1.035899556203624172e+01
7.956332967713167115e+00,1.030342036572934106e+01,1.296650568649680402e+01
1.101404368213602503e+01,1.257694052955840469e+01,1.576842104193161376e+01
1.145770076594457088e+01,1.441458943097092771e+01,1.539614880149678022e+01
1.050876454052442455e+01,1.404299392608622199e+01,1.500597236107957855e+01
1.373800383407282766e+01,1.567430964092422485e+01,1.688356875208215868e+01
6.194185584244991105e+00,9.973013596371069767e+00,1.004285938013964063e+01
8.012620294659024367e+00,1.070458924220604757e+01,1.305497922141702993e+01
8.865410450002524811e+00,1.134575934394622188e+01,1.291228296236707607e+01
2.356433037745637726e+00,6.045059269783921607e+00,6.474231679503251513e+00
6.453038460632328110e+00,1.028446268446809064e+01,1.310447906565440768e+01
1.074095683813825453e+01,1.333722812947638126e+01,1.529537265747213226e+01
5.565422695609367310e+00,7.651667054037087468e+00,8.859115525511569444e+00
6.823186311907569745e+00,9.584942720608529143e+00,1.063711368823694059e+01
8.416099535008467747e-01,4.520015759421686319e+00,4.601420551003140957e+00
1.113419553883996116e+01,1.337418498612359308e+01,1.449958111153531704e+01
8.315732442083730191e+00,1.146418256205074826e+01,1.601806542927338484e+01
9.435606213134088094e+00,1.111104856625176396e+01,1.126096853081398130e+01
9.395616955561541417e+00,1.337396411660051854e+01,1.655499952024100097e+01
5.475035204861533167e+00,8.407935210780369317e+00,1.068428334761544818e+01
1.348471671510473868e+01,1.411461686760244305e+01,1.705287219994684733e+01
7.258074547583225566e+00,1.095198225174866913e+01,1.108539310895958607e+01
1.352142662442423759e+00,4.692746729255305560e+00,4.892928880046335749e+00
9.155963941982383503e+00,9.334657619444612919e+00,1.426059341527090041e+01
5.162272084834633290e+00,7.583078632592718193e+00,9.597276439215235655e+00
7.553738605723823163e+00,9.830867477137338994e+00,1.427036407721321254e+01
1.119203965408615353e+01,1.122000469309911708e+01,1.269830577544963290e+01
4.653111945586935860e+00,6.690356549917467532e+00,9.757757321884550805e+00
6.354779979764935582e+00,7.928742246413888140e+00,1.275279126137984242e+01
6.858582616071620564e+00,8.019641290635396658e+00,8.674268423088243196e+00
8.437936414598684820e+00,1.241724131623167082e+01,1.617332332671988127e+01
4.722564627937321902e+00,7.743329378392059148e+00,1.017779229227128646e+01
8.798019465062633770e+00,1.084623560294994959e+01,1.327245660864844190e+01
1.255955825661174607e+01,1.327172773322871180e+01,1.385281226588033832e+01
4.513905219632401433e+00,8.105825453178566065e+00,1.298818304100295506e+01
6.985717602143621363e+00,8.325126922266701257e+00,1.243169011643902344e+01
6.549717531265650372e+00,8.507112396753742090e+00,1.135250798491862234e+01
6.087890985667804955e+00,6.860717645047788693e+00,1.182575192098233607e+01
9.988572407955340182e+00,1.015804376870057979e+01,1.362833683529355966e+01
2.348051926226195185e+00,5.503422835523691603e+00,6.327191525187325638e+00
3.881861479227923795e+00,8.583396202098725780e+00,9.937605841813679675e+00
-1.467304784925831385e-01,1.699250895517849358e+00,3.015077841590370067e+00
2.204150040985015657e+00,6.434569169467472705e+00,7.634543540143265083e+00
4.357393864056355426e+00,7.011408979241396722e+00,9.710793400201264802e+00
7.876325574836874566e+00,1.047348693438383549e+01,1.420980872197857003e+01
2.016480367081010527e-01,4.230884774924251523e+00,7.640213551007184023e+00
5.414494617856176362e+00,5.622191644184296955e+00,9.957107987040487274e+00
4.011625683402670006e+00,6.371108345642319648e+00,9.556787678460846536e+00
2.749396631493580045e+00,7.633555149371623827e+00,1.096162439927365106e+01
8.107360504724837824e+00,1.303095212687010473e+01,1.760768730222011769e+01
4.650852956274436067e-01,5.385198702535164195e+00,6.315422031656305890e+00
-1.520162510199880579e-01,3.557637984848383006e+00,3.732267571586338040e+00
1.616450065092343458e+00,6.403459419427349530e+00,8.435021470208329930e+00
2.678332550626979280e+00,4.810247278626530232e+00,8.991935347055793670e+00
3.435149755471138988e+00,5.535121264711962752e+00,6.345968157036751656e+00
7.177670333080075515e+00,8.648800705715117942e+00,1.281120646476514047e+01
9.151854496319575816e+00,9.914561718491123443e+00,1.426088394557300987e+01
6.861059429914957875e+00,1.121679220431447987e+01,1.310584138675924670e+01
2.786735515586618028e+00,6.679597753793544257e+00,1.120941921366034677e+01
3.019724779707645190e+00,5.962590745006486337e+00,7.444444313471228369e+00
-7.688653058207224333e-01,4.050832549795277515e+00,8.174847923624948720e+00
1.375258716743482212e+00,2.354843133553216727e+00,3.159784102810388795e+00
-8.906398293261847954e-01,3.437826140910044792e+00,4.651995269935061295e+00
-1.107903847440121048e+00,2.356522779415149760e+00,4.096815157388979500e+00
6.567227884605569832e-01,1.038677161035579388e+00,4.818081537549963045e+00
6.029995912794227308e+00,8.288401249051702280e+00,1.259871728818738390e+01
-3.837511343748579051e+00,1.114754912650409935e+00,5.075195723262503122e+00
-8.209987407922278990e-01,2.893181650515144199e-01,4.110838949596103964e-01
4.814135514448468989e+00,5.157628304527954732e+00,9.708577306500288273e+00
7.029166279434690523e+00,9.406525727551269256e+00,1.319037896257772857e+01
5.534140515687029804e+00,6.196935136321769733e+00,9.858588021418981384e+00
-6.280842808168252134e+00,-1.980455724583050525e+00,1.402459066315530301e+00
3.180001386640955552e+00,7.076037196177766830e+00,9.776902414431310362e+00
5.710763331309562929e-01,4.378333217045885739e+00,8.947564363494505457e+00
-3.168924671153483530e-03,2.620431396919759237e+00,6.380645347111401300e+00
2.012924614941603352e+00,6.916859247232853392e+00,6.963509853901060254e+00
2.517125230141061820e-01,3.443853682899279178e+00,6.018807821194074315e+00
-6.696544208808417054e-01,1.146026365783220147e+00,5.573408981644874416e+00
2.623096904876104141e+00,6.432521103230151027e+00,8.342375494607585651e+00
-2.409164677648361064e-01,1.906406595005138538e+00,4.504270340366813841e+00
-3.746752423265066856e+00,-1.480540635672720651e+00,-1.444261968453439016e+00
-2.405676765847772014e+00,-1.882323085609591828e-01,6.844985821165052720e-01
-1.559321919793448252e-01,1.211451257020772498e+00,6.198828608704387122e+00
1.286400390942011196e+00,2.848970045200609924e+00,3.083157204458802703e+00
8.890190652056324083e+00,9.770338219842759742e+00,1.406126324682843887e+01
9.632693510391794334e+00,1.012952386927974757e+01,1.046149639904767348e+01
3.874469943886357459e+00,6.246832959548777708e+00,9.533770458084175559e+00
5.557662420029088501e+00,8.498183283878702809e+00,8.614806561773928451e+00
-3.936552790051029760e+00,-2.585711314348682066e-01,5.675115760062221515e-01
-1.662003690602153139e+00,-1.369312248994444481e+00,2.008934604809985203e+00
-4.500687028090614383e+00,-8.832550054966981090e-01,1.680770090338954192e+00
-8.400038671382028532e-01,5.353571216273786959e-01,3.666237392977134579e+00
3.972028539525488178e+00,5.008939392184451833e+00,9.418703179027726691e+00
-3.313592427510769767e-02,4.393565234508002959e+00,6.916323788704776376e+00
-1.063889464236172699e+00,2.563030914619543577e+00,2.896381459976431927e+00
-2.440723868667491470e+00,2.483953907870216415e+00,5.436354082719848435e+00
-1.750090430688718834e+00,-5.921759482915984751e-01,4.262519522770752189e+00
3.027477553326902715e+00,5.171149318326842881e+00,7.526934166604640097e+00
-1.188071257337031028e+01,-7.929419254072104906e+00,-3.098899175549104434e+00
-4.778811793970704436e+00,-1.167868580745618612e+00,2.780482129874637387e-01
-3.828817296096005851e+00,-1.115442378167749826e+00,1.168675078040060100e-02
-2.602905261555275906e+00,-1.971376588169619470e+00,2.894545423691777142e+00
-2.841056606318435485e+00,-3.055033937055277038e-01,2.780587026898114100e+00
2.308484584048371424e+00,4.282053158738390763e+00,4.566641855923522009e+00
-1.637179451028935917e+00,1.302591332144412251e+00,4.935354928778140859e+00
2.552625434801223392e-01,2.613960741814496558e+00,7.328725290439447981e+00
-5.220414115144177636e+00,-1.825521238692272119e+00,4.672444688636454568e-01
-3.028631354263239261e-01,-8.785748370657153750e-03,2.798503501264389737e+00
-2.030551338498651326e+00,-1.243095218929786361e+00,1.269517546751961268e+00
-1.046934913464649508e+00,1.746345078628639857e+00,5.092707740156823704e+00
-8.526909871064671798e-01,1.284967258061863848e+00,3.442406685026719870e+00
-5.345678006601481513e+00,-4.924123323506850447e+00,-1.119265516125000914e-02
-2.627528681056228166e-01,2.351145964543599476e+00,2.538120893562090696e+00
-8.224950519376934110e+00,-3.456639786242877932e+00,1.499360474985516056e+00
-3.278935262962700659e+00,2.853358974188009434e-01,1.327705505199527014e+00
-2.856776557808258676e+00,-4.702765620854254536e-03,3.797802802839328473e-01
-8.127295454934817087e+00,-4.346990383333276142e+00,-1.799567925313651173e+00
-8.715430593755968403e+00,-4.822745405688741549e+00,-3.042728676217247852e-01
-4.964370206193303048e+00,-4.362378049596735252e+00,-3.565273255770724070e+00
8.724093095247678065e-01,2.814786785856484119e+00,5.279461394489578296e+00
-7.005064703827261319e+00,-6.949786388088422306e+00,-5.145097533967250669e+00
-8.588059991669329207e+00,-4.166217097986102402e+00,4.194454247215002596e-01
-6.392203552467083938e+00,-4.530822332493418259e+00,-8.342994419746880830e-01
-6.571311836880740387e+00,-4.607841071717844628e+00,-1.992507915955394893e-01
-4.988230405961830982e-01,-3.196137727194088285e-01,1.100598055889128180e+00
-2.819050021500882242e+00,-1.567668690689273836e+00,-6.977445105945799808e-01
-1.083331823303962338e+01,-7.616435281628178622e+00,-3.914902800794076043e+00
-1.348834248473363573e+01,-8.980713182476295131e+00,-6.224978122023308913e+00
-7.767102221885783919e+00,-5.415678256577905358e+00,-1.495498684405810685e+00
-1.047520226394828136e+01,-7.218934206218030170e+00,-6.433871384354362455e+00
-3.301224941461645024e+00,8.438138552731979658e-01,2.799380431024695692e+00
-9.312660953191047142e+00,-8.033166012799039635e+00,-6.245598008111712396e+00
-1.007195055569206943e+01,-5.840846841705459980e+00,-2.810724209518943972e+00
-2.990542255784668146e+00,-2.364110824426740365e+00,-8.124483814616987321e-01
-8.567278706645154784e+00,-7.424437614385010598e+00,-6.274673477844639358e+00
-9.180188357168059810e+00,-7.595632776814277065e+00,-7.050546900329988098e+00
-6.606797203766530124e+00,-3.954249192660959977e+00,-3.598982329168638472e+00
-2.309838728136832220e+00,1.196406025253939909e+00,6.184861127567523376e+00
-1.040494616927453109e+01,-6.476387938206297434e+00,-2.924636315289390609e+00
-3.423483458259137802e+00,-1.516197595141195897e+00,2.657471754672825703e+00
-9.837189055926698344e+00,-7.417383538052130021e+00,-5.608093116837770786e+00
-5.167735232242190335e+00,-3.429552446653065800e-01,1.773522450153665275e+00
-4.454789840300197312e+00,-2.078460324615441834e+00,-4.370797742378043083e-01
-9.439934594921565392e+00,-9.205450223783133268e+00,-4.722991486632182934e+00
-4.565079345245717235e+00,-2.063575870870210771e+00,-1.173296525268724633e+00
-7.205423420438584969e+00,-4.267346545698357474e+00,-5.263820207807379248e-01
-8.936335789981509237e+00,-7.006287170358688421e+00,-6.124428641665020656e+00
-8.582405755766577826e+00,-7.741773180144315702e+00,-5.289692901280246495e+00
-1.145118775539054212e+01,-7.303948599780189177e+00,-4.507645880183654086e+00
-7.388206733897607847e+00,-3.479665111609375749e+00,-3.239223933671273148e+00
-7.571606481099464325e+00,-2.940617564036193343e+00,1.485981863797856128e-01
-8.030242551826935582e+00,-4.196426391781278298e+00,4.581670513440467829e-01
-7.809414182367216739e+00,-4.997498170205965984e+00,-3.525766570769780728e+00
-2.461792362271890244e+00,-7.366029040279205020e-01,4.664144391938722656e-01
-6.175332948385410248e+00,-4.171871245416965301e+00,-2.628793386759005202e+00
-1.080530875052747497e+01,-7.011945717878440121e+00,-6.763874515169386648e+00
-1.230700960507039099e+01,-1.080363510350332490e+01,-1.056318469292754791e+01
-8.955099516248029801e+00,-7.300169003936829881e+00,-7.107490402961513354e+00
-1.521873630495295515e+01,-1.075131652925422898e+01,-6.641339075978225814e+00
-5.419840737265948505e+00,-5.027184505463754505e+00,-1.805739976579294748e-01
-7.742043079416162321e+00,-4.654804716993168334e+00,-3.585025089004755472e+00
-6.065209685127157968e+00,-3.742134261527691130e+00,-2.391318406868688129e+00
-1.267660124865953186e+01,-1.083033587488153238e+01,-8.828652942774830592e+00
-1.560829522344743836e+01,-1.458952488214757892e+01,-1.256171299102160255e+01
-1.226237220193464061e+01,-1.038306072962914506e+01,-1.000654323844226390e+01
-7.690885154889611997e+00,-4.509931827067462429e+00,3.076933728793447287e-01
-9.763344561205983041e+00,-5.873578769566814017e+00,-1.444412289225876833e+00
-6.591628251734094945e+00,-6.584706147136125232e+00,-1.639350940062033857e+00
-1.550646898926748563e+01,-1.222489409111438619e+01,-8.562113597403028464e+00
-8.709682427230292845e+00,-8.384031003483638500e+00,-4.719485740267170826e+00
-7.312444335966784337e+00,-6.542657747867874463e+00,-4.097745937017942097e+00
-1.073744729912803919e+01,-6.542134764143960446e+00,-1.924867695043798399e+00
-6.841338668717955152e+00,-6.178378911426767317e+00,-3.230128663804847644e+00
-1.270028126485763309e+01,-8.331975294620157513e+00,-3.889644646757509427e+00
-1.217921556234056801e+01,-9.886196354452849278e+00,-7.283397256585328883e+00
-1.117231908695493559e+01,-7.067942695140913223e+00,-6.849922032780646930e+00
-1.559759200381654054e+01,-1.253346761241397544e+01,-7.882022676279716755e+00
-1.236103966611268490e+01,-9.607530741394409546e+00,-8.531699960502793445e+00
-1.153689053698204070e+01,-7.286645436183642133e+00,-5.140385468473300357e+00
-1.075892472881610473e+01,-9.141147628314657325e+00,-8.100070312192229949e+00
-7.431073940882449769e+00,-7.169794408920082240e+00,-4.612988105742861222e+00
-1.181279168288299886e+01,-9.366972565847010657e+00,-8.255668187486136844e+00
-1.057138173966209749e+01,-8.664038253329408690e+00,-7.199318375293586314e+00
-7.666098670314760000e+00,-5.651513698750732395e+00,-1.601442595308205874e+00
-4.776913693234562608e+00,-4.598922080116012445e+00,-1.283980020941161371e+00
-8.154947477516259369e+00,-4.812289550822233863e+00,-3.648730092555908744e+00
-1.449528163505318545e+01,-1.409631887278095874e+01,-1.063567351437854924e+01
-9.295364544825257980e+00,-7.064198931956031657e+00,-3.103351389645515823e+00
-1.310095196823649388e+01,-1.027566774929727522e+01,-8.194201562116727899e+00
-1.031198794799998986e+01,-8.650211049925317752e+00,-6.004241010616315322e+00
-1.184695927770420987e+01,-1.035104350764230574e+01,-6.455987571509623990e+00
-8.421198767431452126e+00,-5.641240373688830800e+00,-4.257400539551412955e+00
-1.073207296415181311e+01,-8.845380291419319363e+00,-5.739802415121916468e+00
-9.618137316595209541e+00,-6.895602492936843575e+00,-6.764175179511905611e+00
-9.906985405551907320e+00,-9.866381262981665401e+00,-9.627105712996918641e+00
-1.049207405946873095e+01,-8.238685584691518571e+00,-6.993374873820457083e+00
-1.031846752735630091e+01,-5.929822977329097355e+00,-3.872894445327379920e+00
-5.079065867418847802e+00,-4.772854028406501747e+00,-4.634643632481934894e+00
-9.206375501102838754e+00,-5.880748776155146018e+00,-2.554514239769465789e+00
-2.733164598312231242e+00,-1.889139629274733778e+00,-2.594271916294583757e-01
-1.427619261073032142e+01,-1.207650833532192536e+01,-1.071334797013530959e+01
-1.524594508729208009e+01,-1.370247904125729299e+01,-1.256982213227801282e+01
-1.050574583941939721e+01,-6.663333975288068700e+00,-2.731113170181729277e+00
-1.276635002650978912e+01,-8.177496525023180141e+00,-3.277937021543332108e+00
-9.098885627206513504e+00,-4.915595780883201371e+00,-2.785950414752304205e+00
-6.744077527661067606e+00,-5.960142416800090714e+00,-5.785495920182714968e+00
-5.524362098442243685e+00,-4.095974082963909524e+00,-3.718016251236870851e+00
-6.427432634721494509e+00,-5.920005083582998040e+00,-4.427873350669806030e+00
-9.003512365130386996e+00,-7.215560693109861923e+00,-6.166811041786033343e+00
-1.200955289562978834e+01,-9.322603944572978918e+00,-9.009422835622920900e+00
-7.512814748320932878e+00,-7.188663561705414651e+00,-3.298026695786004936e+00
-1.407849525608398089e+01,-1.256207261322516544e+01,-8.023023842176627340e+00
-1.733730105868997029e+01,-1.283914102605129770e+01,-1.074194715599587724e+01
-1.329637398372000234e+01,-1.120164956947787616e+01,-8.241183090563165337e+00
-1.036434711211101778e+01,-9.067597583813649109e+00,-9.023327019437742180e+00
-2.628659465594872735e+00,-2.188289064613613277e+00,-2.915479082809784295e-01
-1.095772630909599954e+01,-8.414827969662074025e+00,-3.601538553333226922e+00
-1.378364646142408390e+01,-9.961451456772291380e+00,-9.195425598471487660e+00
-1.275628955233981543e+01,-8.789244405676845062e+00,-6.459488148509450411e+00
-1.114164503615669588e+01,-8.216627483205243720e+00,-5.640099191085042207e+00
-1.020410184908368123e+01,-6.671488399880644238e+00,-4.375830582913080136e+00
-4.198815042336018877e+00,-3.262283889221257116e+00,-2.130390339711580872e-01
-8.936555926636895464e+00,-7.177219235353605953e+00,-4.616949824419988246e+00
-1.243692576192865573e+01,-9.809399885644420891e+00,-6.539911945057054865e+00
-1.019412145222691457e+01,-8.118961237014969967e+00,-5.079061049326505817e+00
-7.265973542048580924e+00,-5.912432628455468020e+00,-4.303553324246349732e+00
-1.210757582863955228e+01,-1.060477480402144224e+01,-8.993199554828464670e+00
-9.579607639085544690e+00,-8.371808174389460788e+00,-5.231818809928507008e+00
-8.668076701658298688e+00,-4.264053252426086793e+00,6.705723103840597332e-01
-3.522877051089068345e+00,-1.889931720491047074e-01,1.996309988428619064e+00
-1.031003338738628017e+01,-6.115719033432227114e+00,-4.151134954953575651e+00
-5.649174989155693716e+00,-5.063769598255276172e+00,-2.197079987599577677e+00
-1.107216487189660370e+01,-9.481646949209881825e+00,-8.454593314217509814e+00
-1.064197459882981889e+01,-7.377663116952907885e+00,-5.039405086739497719e+00
-1.137149304428914931e+01,-8.665757338443391689e+00,-4.293250121528863872e+00
-6.650972563975422247e+00,-4.392600591574389313e+00,-3.856652970541185610e+00
-1.469047376810142680e+01,-1.006460753356208038e+01,-7.501122692356657851e+00
-1.219122121042018847e+01,-8.117971053064660936e+00,-6.801499234935135974e+00
-8.650599925809004276e+00,-5.970401056919188321e+00,-2.067278190941254756e+00
-6.726870537042247911e+00,-6.054027352868143197e+00,-2.750003669471785983e+00
-8.485059044082699842e+00,-5.339687651385944811e+00,-2.483946115465376803e+00
-6.011881410196981079e+00,-6.008517124111724783e+00,-1.912300866320132187e+00
-1.131960574986070256e+01,-7.079182291750305112e+00,-4.574878308887861067e+00
-5.779061215055502743e+00,-2.107418464956470672e+00,5.990552383616360999e-01
-8.018796044343940110e+00,-6.905285282992138285e+00,-6.231564527470771608e+00
-8.541815477989516125e+00,-6.681716537876148720e+00,-3.727777849560741430e+00
-9.649556637216367250e+00,-6.439540535519076236e+00,-4.001239350239361059e+00
-3.135358749834302294e+00,4.814158559091508138e-02,3.822095436019129489e-01
-6.110281710664439814e+00,-4.296795787622772700e+00,-3.646738877745112184e+00
-1.411593011004006826e+01,-1.027083162917550041e+01,-8.057425562682233533e+00
-1.041502456586846037e+01,-6.666599532740579370e+00,-4.846982108982028414e+00
-3.143376645689760274e+00,-1.099526880391126893e+00,-5.358370903467664093e-01
2.810105495541377785e+00,2.916446628815977604e+00,5.341660450152739159e+00
-1.833581654180138409e+00,-1.723316772235997441e+00,-1.443360615582887085e-01
-6.589728413857858236e+00,-3.184996046096055800e+00,-2.423573369408185130e-01
-6.094614652363884666e+00,-4.037945309444898712e+00,-2.635147749437215747e+00
-6.253040526818818279e+00,-1.816455396289772040e+00,-1.033103181837844886e+00
-5.953325543729758529e+00,-5.004332674189525321e+00,-6.901677632399989548e-01
6.238537300473976366e+00,6.529899143748443713e+00,7.022598947854758578e+00
-7.655243321088102348e+00,-5.653765107820024838e+00,-4.106303756797641036e+00
-6.988741123770571662e+00,-5.034239196151602869e+00,-3.667248572500358961e+00
-4.183691568928604276e+00,-4.099794083312953141e+00,-2.601762745044315928e+00
-7.684059526445316202e+00,-5.487897189210178439e+00,-2.756576816692336340e+00
-4.503822269676158285e+00,-1.089671778430519211e+00,2.556861050550506498e+00
-7.433595017306029895e+00,-2.610378481728910849e+00,-3.366873573839708200e-01
-2.926603250507505471e+00,-1.876488246357466583e+00,1.512213088947955253e+00
1.409568330750193610e+00,1.835480045993659104e+00,4.056442287571623950e+00
-5.146538946594971797e+00,-4.830088807701902187e-01,4.146723537211239652e+00
-4.029685661867505431e+00,-3.316589487730579044e+00,7.581815609782482923e-02
-7.526157574676325623e+00,-3.524306202891065443e+00,1.085770773875605943e+00
-9.888731286215881600e-01,1.989940456632630861e+00,5.177759008560698817e+00
2.042674647273409860e+00,2.123654564088627961e+00,2.762091299861538118e+00
-2.797841080083942611e+00,-2.134768333185235178e+00,2.817770230465868053e-01
-7.848398387527130815e+00,-3.439655252794842077e+00,-2.164276117585352210e+00
-3.212490478290286333e+00,-8.923393743223082542e-01,2.428591834442705988e+00
-4.227670762468392240e+00,-2.561830997354670458e-01,3.691015792783672200e+00
-2.997167437304260051e-01,2.766815486490725728e-01,5.042006588173914672e+00
-2.053963907914195808e+00,1.691713498278168304e+00,6.379100634606112763e+00
3.302443395760050748e+00,3.673350588659508809e+00,4.303927110253541244e+00
-5.790074220483931278e+00,-1.205558684944779246e+00,8.774486915308703505e-01
-6.083490678333379975e+00,-2.849166511644352973e+00,8.852707217184847543e-01
-7.972028218732588600e-01,6.552802524996911293e-01,6.595054892495524346e-01
-1.153655924501838292e+00,3.722740409732954170e+00,8.484610104276640641e+00
-4.856719997005411571e+00,-5.930178924353626257e-01,8.818985353444444009e-01
3.382209680192973522e+00,3.918801350048591647e+00,6.782991116454455849e+00
1.159754129787389676e+00,2.026677928629203596e+00,4.166992385520496001e+00
-2.781510954751483133e+00,-6.006108593712857768e-01,9.223634502828219617e-01
1.655606765519254786e+00,5.679385476478874040e+00,9.033203894809920698e+00
4.118989331276354804e-01,1.327562106196385816e+00,1.474540502899884142e+00
4.962140264453773320e+00,5.523496855539596240e+00,6.327256410273003340e+00
-3.045157653739463122e+00,-1.853856283002531580e+00,2.341360399653218405e+00
-1.856808820672477101e+00,2.663552734373856534e+00,2.813109413610822340e+00
7.201935391886972404e+00,1.032267902443378205e+01,1.289465589815973878e+01
7.013229102108528679e+00,7.058680999611643081e+00,1.152335069571817527e+01
-7.018949285365807533e-01,1.843972243803679856e+00,5.751460653721330196e+00
3.447583028443614417e+00,3.895204810895754655e+00,6.614043003585919678e+00
-1.080570162460064765e+00,2.307888385035307799e+00,7.266415095497510634e+00
-1.659435991005521416e+00,5.780970880067917150e-01,1.124849194863704938e+00
-1.466080672975125232e+00,3.024588617023384884e+00,5.722892794959040685e+00
4.933381583631701872e-01,5.032749784323710784e+00,8.692886129928721672e+00
1.766612724017477376e+00,5.084864833057619826e+00,9.423056264031522744e+00
-3.854514190490948344e+00,3.098171018914035457e-01,1.603109538737107265e+00
2.656992408873165790e+00,3.634831439927002972e+00,8.211968676609060935e+00
-5.872427423929790002e+00,-1.761550386229018272e+00,1.300380404840249415e+00
1.249540587396183344e+00,4.713962275314501404e+00,6.735797809753294452e+00
6.046700348995660335e+00,6.669164068510381682e+00,8.227987637399380105e+00
4.853709695896781362e+00,5.782543678397030540e+00,5.816804776249457021e+00
5.811842220258127689e+00,9.839922327342829789e+00,1.297613691050544915e+01
-6.047464972168919317e+00,-2.488614762760670729e+00,-1.651055267624283340e+00
2.131474011722091166e+00,5.401560007289169185e+00,5.756340214018975665e+00
5.623941498523158167e+00,7.554382593585326156e+00,1.092658644176572480e+01
8.889695574275043199e+00,1.266721156795344605e+01,1.339607960794637442e+01
5.165839485842871781e+00,6.858593573280853839e+00,1.185198354770162688e+01
1.586290550617643458e+00,4.901961298980143766e+00,7.553178345471822652e+00
5.847989816723647927e+00,9.908278729494782056e+00,1.141984359659470805e+01
-2.204148956980267471e-01,2.356664434376234851e+00,5.773996427877433391e+00
8.227632692589516239e+00,8.474916857772383239e+00,1.015171257104345770e+01
1.398588886744579973e+01,1.509037270180171042e+01,1.593452620690051091e+01
5.001751888433970450e+00,7.719730383449734390e+00,1.069603585994818573e+01
2.536235500485376271e+00,7.050341238519720832e+00,1.159357833893436052e+01
1.807570568036613423e+00,5.013090626275283235e+00,5.354724587254950485e+00
1.076909648322371105e+01,1.078078625824963410e+01,1.327947836380009683e+01
6.716034053023447470e-01,3.169487760777570884e+00,7.603809549048057725e+00
6.719303667385334577e-01,4.255513530758705087e+00,6.313237906859798798e+00
2.944980533117270927e+00,4.595610072625534670e+00,4.825344382408960797e+00
4.677201596517228666e+00,9.300742742209655134e+00,1.305528045724102348e+01
6.511644536995710997e-01,2.613291646820012026e+00,2.952478813260020374e+00
-1.063396381111398448e+00,3.663595192675039414e+00,8.431559207942090239e+00
8.659453304006376584e+00,9.231350382845704416e+00,1.376675802185782516e+01
7.142696760933160860e+00,1.057554860290911236e+01,1.428001445107389777e+01
6.169447341576864474e+00,8.344358914973941665e+00,1.044750659425626083e+01
1.045952767649136739e+01,1.220429394829512404e+01,1.431131545572304375e+01
7.602613411364516516e+00,1.049090246931794113e+01,1.143815564587245248e+01
1.795280598103986769e+00,4.861476443417283910e+00,5.741692980531307278e+00
5.594626510935388986e+00,6.545237952275837934e+00,9.308046458035914128e+00
5.341388956389692133e+00,6.351668855043496542e+00,9.704875306810526681e+00
7.164596131704117354e+00,1.013570321910094307e+01,1.462048432930880537e+01
-1.909862800754282830e-01,4.542221835817107589e+00,4.603498223475619433e+00
5.394170766928303884e+00,7.343781171938940311e+00,1.214516739911728038e+01
1.045209394746568066e+01,1.130710062629389867e+01,1.501024760754429721e+01
6.799998011116123564e+00,1.070353307092430839e+01,1.360864532938000337e+01
5.934473855206322312e+00,8.485506696350469724e+00,8.507421531319167229e+00
2.233151866154561738e+00,6.154730689907329300e+00,1.097996080949186748e+01
4.832352519214586195e+00,8.612163408963942501e+00,1.058342971169504487e+01
3.400861852059782198e+00,5.510169984833527934e+00,6.862651625921882825e+00
1.069888397386757006e+00,4.059933090322981997e+00,7.260179745229850212e+00
9.559254309271278061e+00,1.036403039693174222e+01,1.290378031571606954e+01
9.161999365622765623e+00,1.138797030719469205e+01,1.565952751785811969e+01
5.670964635718995339e+00,9.403441041654074795e+00,1.238487088908241418e+01
9.946133411277404690e+00,1.277059540720740571e+01,1.658252640229594377e+01
2.362295800461849282e+00,6.817762790693297603e+00,8.889129876893044013e+00
7.891637733768589236e+00,9.447902121990200186e+00,1.141033267174190513e+01
4.531295277934546561e+00,7.617529842524773720e+00,1.164864196653823214e+01
1.070289722037941438e+01,1.251767371589619238e+01,1.374254295109714441e+01
4.895197566301579428e+00,8.561225745301060286e+00,9.962660201544437655e+00
3.006860986520573320e+00,6.590368067321269230e+00,9.270013852894351203e+00
8.215896449059762574e+00,1.098831141079692664e+01,1.375167548819942276e+01
8.899280907369959692e+00,1.218882631020738749e+01,1.584196871243921834e+01
1.746461919177885846e+01,2.085867322166075866e+01,2.091187981623578196e+01
3.083943311585152447e+00,6.440140707261977404e+00,1.079270290668459253e+01
2.124832420705023761e+00,5.433746034103247524e+00,9.269919537800394238e+00
8.687105762254958563e+00,1.052536655005128274e+01,1.533947621779271842e+01
4.310462625404808179e+00,7.726651564625170110e+00,8.849113069529881415e+00
7.078527699270340534e+00,8.352265530387306569e+00,9.429284247794027962e+00
8.625179733416960204e+00,1.094063316862091106e+01,1.190575030968796177e+01
5.463132471677739410e+00,9.185405654186682867e+00,9.234588660512182301e+00
1.076358500965429776e+01,1.209490494759294421e+01,1.243434492107445877e+01
7.792997524766226647e+00,9.474922816443291040e+00,9.518073440183497880e+00
8.219785717318451645e+00,1.129821076208671826e+01,1.307096989969000056e+01
7.823686647241556713e+00,9.651343405094415573e+00,1.187133747163046493e+01
2.491660013485133440e+00,6.748074914509427202e+00,7.678791479217283111e+00
4.434500021438841699e+00,8.933373971909404077e+00,1.344028150283055467e+01
6.559107244880539866e+00,1.002396072274534866e+01,1.473948478076033908e+01
1.085881776417896383e+01,1.117988921254619328e+01,1.324385255839290032e+01
5.820689504413602222e+00,6.228633048680114470e+00,6.269606579343567354e+00
6.459700913209113438e+00,1.133189060129634029e+01,1.241286875821430513e+01
7.210523473419344853e+00,7.906387328224040445e+00,8.459507830852905030e+00
9.407482130394685171e+00,1.241276454230604998e+01,1.507134198917617240e+01
1.131652415682057367e+01,1.170054178205453610e+01,1.450196963321450383e+01
7.463107247993175264e+00,9.120081153685134723e+00,1.264840528976348999e+01
8.644693761066353233e+00,8.770026972256166786e+00,1.011621776939539963e+01
5.888734999712254670e+00,8.626438850386934476e+00,1.086693756229294472e+01
8.322850417084056929e+00,1.017843734933996735e+01,1.513508542976119031e+01
1.129395820993013899e+01,1.508081335367289100e+01,1.782040694883350085e+01
3.630578635041669777e+00,5.952163554070606821e+00,5.986780281310475793e+00
1.073134031739475347e+01,1.467551017441831362e+01,1.499175506970605376e+01
6.631530187751410566e+00,1.017963477644168435e+01,1.445626556315782452e+01
1.330470253604804043e+01,1.476351613127496698e+01,1.607443572185895775e+01
1.462495382086673601e+01,1.904070155795596264e+01,2.238279957701298883e+01
4.645173455504396642e+00,6.683876381809568556e+00,7.435391522702119005e+00
9.963627908710588343e+00,1.120531438305902228e+01,1.296208970912745606e+01
2.729337034478497515e+00,3.071976396852537761e+00,5.718697378260571895e+00
4.600037743878195862e+00,8.439054573321609354e+00,1.184246110439994126e+01
3.404280100961234012e+00,7.969184295559984754e+00,8.784723358885765165e+00
1.002675416447244849e+01,1.360022274904845574e+01,1.754471170160238813e+01
1.073758232060428242e+01,1.373184490536479530e+01,1.527920523633258654e+01
4.235152458157958044e+00,7.593384471318675111e+00,1.087727651900903680e+01
1.073526823737379488e+01,1.338625136565328866e+01,1.401998098085246980e+01
7.650756896638283955e+00,1.150699540867520732e+01,1.412570719025447197e+01
2.183650512196186888e+00,4.055975394948934998e+00,7.431778481306864137e+00
-9.970459639433491006e-01,3.654170881106148627e+00,7.838524941506985755e+00
1.280042020766851962e+01,1.346417866739371760e+01,1.588340334508882634e+01
5.283798271457525786e+00,6.224151587998416169e+00,8.010765171816096597e+00
7.408607628427376746e+00,7.925366885999719280e+00,1.090014269140754699e+01
7.197104875354738418e-01,2.485156771776774853e+00,5.437880701302596265e+00
4.137241591244664285e+00,8.351960977675073394e+00,1.216132565529722243e+01
6.186593832523512582e+00,8.317599157202792526e+00,9.224735020212754932e+00
7.289761726651943441e+00,9.945456692621149841e+00,1.218243439355753921e+01
2.244551128057636014e+00,6.912835342668716798e+00,1.176919941087172106e+01
1.057685687985649992e-01,4.734800954995716182e+00,5.256255296252469122e+00
6.931111444305660285e+00,1.077997334757879422e+01,1.219902204780666644e+01
-1.477066238557092515e+00,2.454985632171757359e+00,5.324791985162111274e+00
3.474030057404566829e+00,4.131717808480492415e+00,8.118134279478663728e+00
7.709446894823358321e+00,1.027838137863080625e+01,1.212898925177519160e+01
4.225583150865970694e+00,5.140321650969847056e+00,6.245399025335863108e+00
4.703404059388153868e+00,7.945291025025191800e+00,1.181882036509101042e+01
8.748116735419582568e+00,1.117780015608008881e+01,1.168055897545049504e+01
5.084301760212612820e-01,4.977007438342805123e+00,7.513588412203219491e+00
3.662572071886919911e+00,3.801670411654280102e+00,4.786617579118932930e+00
4.911079734568816413e+00,7.009428204378592930e+00,1.110477956145123812e+01
2.996548095951697466e+00,6.108265280412262577e+00,6.398445034666311315e+00
3.649948173232483217e+00,7.095132059671843905e+00,8.111964104648077267e+00
4.541640288504238399e+00,6.566538057556002173e+00,6.802942531875627807e+00
3.426899812966458292e+00,8.383198752475912841e+00,1.187912027674502546e+01
2.938038991415700352e+00,4.522201273110501241e+00,6.188751011165440019e+00
2.493554707120614111e+00,6.605788361040412227e+00,9.480741204710167125e+00
1.031753711012795449e+00,4.198670069413676487e+00,6.339935050650415072e+00
-2.654518946406263069e+00,6.690570297248257248e-01,5.194513270135133531e+00
-2.620053409657864485e+00,2.144633733486791094e+00,2.699395730274353422e+00
6.621640350377161255e+00,6.871825556545140934e+00,9.214612991922434659e+00
8.491858764392499204e-01,3.560464573683419065e+00,8.117911006198733403e+00
3.509078719789003209e+00,4.633255410199769386e+00,6.442891551742262024e+00
7.349018921501778934e+00,9.948910239675159417e+00,1.260035140344754723e+01
-8.628480102355373660e-01,-7.971860479205306049e-01,2.029923202243918645e+00
9.338235910501907711e+00,1.278805251223168149e+01,1.520888387569717892e+01
9.127809402099941849e+00,9.977027013638959829e+00,1.255645679247380286e+01
6.943377147055500132e+00,8.941529027461518453e+00,1.035295611153611084e+01
5.033055826484860162e+00,5.386494068727268214e+00,9.027593903581236034e+00
2.310848698511216437e+00,3.823575055508475096e+00,6.541506277410138459e+00
-6.201714521175722972e-01,2.388200718820061130e+00,3.635037347892976722e+00
1.953143294914265304e+00,3.902866951107287985e+00,6.775962047467650962e+00
6.287296078497934815e+00,6.591822479049914918e+00,1.135873906177043935e+01
-3.017751771790830428e+00,8.893716622623308865e-01,1.902311988033640766e+00
8.574038260911435172e-01,1.400407245572333537e+00,2.505744512202288554e+00
5.987414905721556657e+00,9.831963124607836946e+00,1.026885888001536529e+01
4.931281031984928731e+00,6.500896765799780042e+00,1.089672373538669703e+01
-1.254460066972890253e+00,2.126143110800696068e+00,6.685524946524763479e+00
-3.131517446909719560e+00,1.745529927079997767e+00,2.591886929320968758e+00
-3.675768944808866845e+00,3.990780371544091487e-01,4.402910913510966751e+00
2.092906817588371826e+00,2.333628923237130781e+00,3.792701882941921454e+00
4.341193681601345666e+00,5.602018718243124695e+00,1.027441815313110851e+01
-1.394510496981791636e+00,1.954375898451961913e+00,3.184045730660943097e+00
8.806898827444122890e-01,1.656992546099686159e+00,3.507348271414236329e+00
-5.307472731090330242e-01,4.253829666324580927e+00,6.035963163611767435e+00
-3.006209469928506905e-01,4.420114351411432274e+00,8.102495013227970944e+00
-3.576829666528644758e-01,2.150808678282889019e+00,3.141576583670408152e+00
1.721061044675186169e-01,8.520721149933856431e-01,3.946693488852688780e+00
-3.730512867111509312e+00,-2.676748435024179695e+00,-1.927244052774574001e+00
4.300235217085902839e+00,5.227440437556280628e+00,9.788617449291679762e+00
3.073556540831918760e+00,3.961301148830922436e+00,7.583665866158726843e+00
-2.304931023314603866e+00,-3.435455402669913560e-01,-1.327473398238983027e-01
-4.395620940855570424e+00,-7.118996272830646621e-01,4.046238281091263822e+00
7.120260222637160297e-01,4.760548332115342340e+00,5.138417934099633655e+00
-4.272815459032139884e+00,1.626695675753748738e-01,2.636387964409415918e+00
-2.797570297719042642e+00,1.071158633081657374e+00,5.521209148347033135e+00
-7.380861131645913176e+00,-4.496540097263795666e+00,-3.143913974663434807e+00
-2.978353732560190981e+00,-4.904887301219006401e-01,1.881273033138141315e+00
4.612622906220568808e+00,5.100655291007063497e+00,9.365379805253859047e+00
-7.405453133426694201e+00,-4.590169000500936569e+00,-3.441776853830129212e+00
-2.358748652015646208e+00,-7.056837894009917456e-01,-2.219678864216148018e-01
-2.852096509929034962e+00,1.421674337059977145e+00,4.805544672605098100e+00
-1.481769848827402702e+00,1.033542569415238921e+00,2.842635914127065178e+00
2.764195986247846015e+00,3.748350653861920456e+00,7.859663810247575100e+00
-6.927028477953075303e+00,-5.000257072411211645e+00,-2.478467849024733383e+00
1.295559626044179513e+00,1.944537788990531535e+00,4.932865511318879292e+00
9.114639394012518103e-01,9.465400420401897108e-01,3.626901211612615139e+00
-3.980657618846496604e+00,2.068296333431149936e-01,9.198654095175271550e-01
-7.247717258822166997e+00,-6.316502944687496068e+00,-3.522098222180630067e+00
-9.273990080336553810e-01,2.786876070844866771e+00,3.171025144479912239e+00
-6.559086971784086728e+00,-3.821434757774549329e+00,-3.600682308292155298e+00
-9.951125154418852148e+00,-7.853729094842195835e+00,-5.628286140031674378e+00
-5.366057697644522229e+00,-3.051435122353530094e+00,-2.959099593295040798e+00
-5.079962246487060185e+00,-4.710714330954051121e+00,-5.577146166661881566e-01
-7.413494829634336369e+00,-2.539284109436983794e+00,-1.220645774332120181e+00
-5.663319345941281391e+00,-2.357297676590513813e+00,-2.056790277443420134e+00
-1.585134051270739697e+00,5.610262907611680561e-01,2.176967762846804266e+00
-4.117710005675260021e+00,-9.747361937683947097e-01,2.855723026807574616e+00
-3.481908122220089830e+00,-2.563927469057054598e+00,8.537951261962768434e-01
-8.912224937335617270e+00,-4.252291824746797566e+00,-3.347368446374785478e-01
-7.733103064713038322e+00,-3.763892775438943961e+00,-2.902935109599501295e+00
-9.989893545403495168e+00,-5.726095433268397095e+00,-5.207119801474087595e+00
-8.795491771660586267e+00,-5.997551846956467259e+00,-4.535927132518349225e+00
-5.339332484890055852e+00,-2.617024631280677749e+00,2.330526068291629560e+00
-8.058430969374335007e+00,-3.905677171057195807e+00,-3.748266075945829723e+00
-8.071232008642168054e+00,-3.794156056507837604e+00,3.344409153570673254e-01
-6.991185002300612794e+00,-3.664781131266756198e+00,-2.915427225694996682e+00
-4.674961081084655135e+00,-1.722202816108126644e+00,1.320603939065776000e+00
-2.690052735286546426e+00,-2.584250889329581025e+00,-1.377895927039530122e+00
-4.737256197687500503e+00,-2.823327543206212376e+00,1.352909377273181057e+00
-6.707826654821255730e+00,-5.176461648844777663e+00,-2.748086504119383378e+00
-1.001698660063191326e+01,-7.441388281925069847e+00,-5.155053353485428147e+00
-1.064192457924187529e+01,-9.720355323706669992e+00,-9.359962579251977388e+00
-1.988838642489869191e+00,-1.486904712445400456e+00,1.138853278518900947e+00
-3.856603866632331012e+00,-3.400857230649270146e+00,-4.793938800816941459e-01
-9.658075023531921488e+00,-6.053147543391188101e+00,-3.883505606150212230e+00
-7.788956733936228005e+00,-7.498560620583010206e+00,-6.733967476253618578e+00
-1.749911090258602364e+00,-6.812403432405318426e-01,-2.176967093854699220e-01
-4.174898707641458095e+00,-3.677818389413863187e+00,-3.318255878549889459e-01
-5.369082190332285620e+00,-5.362387990681271255e+00,-1.673013387598999202e+00
-4.247720948128073104e+00,-3.917910974003331326e+00,-2.914508455482903493e+00
-5.659940008753673979e+00,-5.585668606855998419e+00,-2.168875836548712410e+00
-1.598415968375052820e+01,-1.109282222325407474e+01,-8.021815348605114693e+00
-1.086375698506749643e+01,-6.187705695871272837e+00,-5.209971071114275709e+00
-6.611143888504556365e+00,-5.775495903145102083e+00,-3.673322079223658498e+00
-3.500526565595873052e+00,-1.868304213854467655e+00,2.440067418408964350e+00
-1.037077412690724820e+01,-5.462759361500113542e+00,-5.270734406533089889e+00
-7.984618734328722489e+00,-7.374041836063705446e+00,-4.707895431583146717e+00
-1.088454183687103871e+01,-9.089550950830094678e+00,-7.727836229756261943e+00
-6.490776862991070040e+00,-4.028188468422648327e+00,8.615305729582418692e-01
-7.654298529820917629e+00,-3.106423933237622670e+00,-6.601501017258288861e-01
-1.268984220905151972e+01,-9.069029537018668208e+00,-7.827991983748143312e+00
-1.252708780604836392e+01,-7.697832952116982597e+00,-7.603538935914453845e+00
-9.528355690664916722e+00,-6.471333228929290193e+00,-3.384366773046103116e+00
-1.345302996476056023e+01,-1.236913530402972405e+01,-1.157261121325842446e+01
-2.471704737791999840e+00,-1.847332812779320932e+00,-1.218179114829587739e+00
-9.451495166853794316e+00,-6.594402057355855717e+00,-2.622278379871691101e+00
-7.215527342503487596e+00,-2.894804025976863926e+00,1.311767113238303750e+00
-1.041045573363471810e+01,-5.939259511601295394e+00,-1.928827025153775132e+00
-1.776608021116228286e+01,-1.302844274048040063e+01,-8.873817563185859569e+00
-1.140881423740716372e+01,-9.210902879509660579e+00,-8.540033056956584545e+00
-9.559702091364433940e+00,-8.758601728751235882e+00,-6.104495199399032401e+00
-1.218523887818519924e+01,-9.283459587552302494e+00,-5.774859807635889020e+00
-1.035453483570877964e+01,-7.435016495878016940e+00,-5.092492697198782281e+00
-1.237138142472243629e+01,-7.944797883002315153e+00,-6.945559566707641075e+00
-8.087624924238417279e+00,-8.020767258732732330e+00,-3.995284166113751034e+00
-1.427924106417840378e+01,-1.078612185956860436e+01,-8.437219409346472077e+00
-7.866103114496006299e+00,-7.282798143358495402e+00,-3.726288568842592852e+00
-7.044070910144968778e+00,-4.454551976120177947e+00,-2.319902323433342239e+00
-1.294593360920514513e+01,-1.124959198441165320e+01,-7.294481069393603079e+00
-1.157702480496252306e+01,-6.592219160736666694e+00,-2.960992518923596162e+00
-1.385588048139598527e+01,-9.685475645095209529e+00,-9.314011800524987450e+00
-1.093325776784382519e+01,-8.090346864230719248e+00,-4.449593916034106478e+00
-6.617361743282639708e+00,-5.298628788460295169e+00,-4.215530746146296082e+00
-9.210153026850758096e+00,-7.887221001314117075e+00,-6.007321018088562781e+00
-7.766259602594542955e+00,-6.349841019095167738e+00,-3.133508263408439021e+00
-1.689973639913907277e+01,-1.230993683568671671e+01,-8.137650682264121471e+00
-1.030567271787170824e+01,-7.528441166893463432e+00,-7.505472601142049172e+00
-1.003987168421913090e+01,-9.278711582095738208e+00,-7.075143751094158162e+00
-8.032770746154719532e+00,-6.030352497326819439e+00,-2.152328847504266562e+00
-8.650989244080705021e+00,-7.702428324629705614e+00,-5.268684979821987469e+00
-5.750060893061233358e+00,-5.426395859228113849e+00,-3.746701667047571682e+00
-1.224605794359303346e+01,-9.371583659515406950e+00,-5.925067595123870490e+00
-7.332649570687559404e+00,-4.361283944515539801e+00,-1.076995637383378224e+00
-1.504513317584831533e+01,-1.076131780311055763e+01,-8.521137434967485547e+00
-8.534406884232550894e+00,-7.733216064989338001e+00,-6.776884834886975462e+00
-8.533876609943568781e+00,-4.802937089400529658e+00,1.278382953324577187e-01
-1.019261316741899037e+01,-8.662578441807815111e+00,-4.793386346068162496e+00
-7.078476325283409309e+00,-5.894942105982771352e+00,-3.503016859869667154e+00
-9.488762668015503721e+00,-4.758877655323269451e+00,-1.889515027368049438e+00
-8.627302159949881144e+00,-6.505587859482784729e+00,-4.939468401638025696e+00
-1.041787696226312931e+01,-5.965825577928253409e+00,-3.985438379663546193e+00
-1.520564749892280076e+01,-1.037461923599362912e+01,-7.053596892019516673e+00
-1.142442721886670398e+01,-7.750834728073797919e+00,-5.960604349004145597e+00
-1.275033748838852432e+01,-8.134536447998948816e+00,-7.699138645505705369e+00
-1.214025345407774381e+01,-9.662050511579785450e+00,-7.602290315090899142e+00
-9.114789592077290337e+00,-8.171910329134448148e+00,-5.275757145684536020e+00
-1.117909635110873801e+01,-6.999181316894571125e+00,-3.412338588880947654e+00
-5.707935313603613281e+00,-4.428397464018807739e+00,1.505591811952022852e-01
-8.769948571284999161e+00,-5.096026813078494477e+00,-1.602511953083998186e+00
-6.307908289356488396e+00,-3.007089903239300810e+00,4.615125102787551725e-01
-1.112447785712720005e+01,-8.306275242845265083e+00,-5.378633915464664739e+00
-2.014315024050137737e+01,-1.683913196094199449e+01,-1.362887588109519932e+01
-1.285064074461531902e+01,-8.322567260347241813e+00,-7.410263644596724930e+00
-1.611825708836626347e+01,-1.378144713357127671e+01,-1.126717644048344624e+01
-1.207969501824219449e+01,-8.036268753759570060e+00,-3.724429142241707069e+00
-1.171444757697551253e+01,-7.745584789709054618e+00,-5.041463163263637526e+00
-1.346994084671366565e+01,-8.723387806862239913e+00,-6.687485195645296088e+00
-4.538215544502361531e+00,-4.388174566834318391e+00,-2.946914145336460678e+00
-7.428917277718722900e+00,-4.615991518579715347e+00,-9.975277593091247397e-01
-8.552563473838622699e+00,-5.345551106395411978e+00,-2.863147129321628181e+00
-1.161827800477978556e+01,-7.575962007389227537e+00,-4.032712673651370316e+00
-1.039920109607691856e+01,-6.560068434988564512e+00,-3.826165055744767951e+00
-5.880952991905043170e+00,-4.773382112408722122e+00,-8.783855977045296193e-01
-1.056271433522254100e+01,-8.647437464601313906e+00,-5.505903628380896642e+00
-1.051958917190647114e+01,-8.674709323055747490e+00,-4.204827882243655779e+00
-1.212995214651039078e+01,-7.461818221292905839e+00,-2.859538534753728101e+00
-5.141532982434362076e+00,-4.198930824496693859e+00,2.984175735362528670e-01
-1.048588693235524083e+01,-9.033107182950157465e+00,-8.131870837906170379e+00
-6.072133407335390309e+00,-4.699937801921052483e+00,-7.773884584302148681e-02
-9.904184042725731274e+00,-6.583779258649672173e+00,-5.531522487497306351e+00
-6.543448983844188049e+00,-2.858861768607094955e+00,1.612020018461753690e+00
-1.033315079474981246e+01,-6.668136136306890727e+00,-5.078195192849952022e+00
-1.197670807486981559e+01,-1.150234981587911065e+01,-1.133276985084548016e+01
-6.267724856524859334e+00,-4.731377617133921909e+00,-3.004004723000145205e+00
-6.531410480473101465e+00,-5.335160007138782134e+00,-8.544454298430750327e-01
-1.134388943148033668e+01,-7.939392166521505700e+00,-7.853195979574889130e+00
-9.980516499109130635e+00,-5.485600345567425151e+00,-3.061318624805440702e+00
-9.529663421336454832e+00,-7.388279791864167834e+00,-5.628974009140039314e+00
-5.908329316674916676e+00,-5.197901777567081716e+00,-2.977348523483053899e+00
-1.034127479315625209e+01,-7.383578716328974778e+00,-6.700612451378096246e+00
-7.513515409825400226e+00,-6.683078984085138785e+00,-1.712032962240719769e+00
-9.447516549660658569e+00,-8.263004693402509204e+00,-3.914187549040805791e+00
-6.154847858670149385e+00,-2.535186867395116117e+00,-1.916498794936039030e+00
-1.140700624269963903e+01,-8.551796298231185034e+00,-7.435687370563051957e+00
-3.691898289482067330e+00,-2.372788271753270450e+00,-1.502985655360212558e+00
-3.574632700811055663e+00,-8.164886721215403043e-02,4.823804413417708048e+00
-3.074223564609568804e+00,1.049505893229927267e-01,4.458259360008648642e+00
-8.850667197792105867e+00,-6.679177285107964046e+00,-3.277581749018500634e+00
-2.142193137833213967e+00,2.414070436407220299e+00,2.756993726389946886e+00
-6.120563575772154152e+00,-2.656854956452892491e+00,-1.300513257906006803e+00
-7.996717730345691777e+00,-6.465399586299191093e+00,-3.434981828660180536e+00
-9.166338481579861863e+00,-6.986858727917681477e+00,-4.546271711585990971e+00
-1.106027907484185668e+01,-6.081093922140936137e+00,-2.081750673562531961e+00
-4.508849416843187186e+00,1.316608881007441667e-01,3.294008449191192511e+00
-8.151335605601451206e+00,-4.208422102877701576e+00,-2.197066404992783273e+00
-7.515632349366946130e+00,-3.537543284086811290e+00,4.518581211702334954e-01
-7.272215146959259968e+00,-2.343138411371231911e+00,1.498442609103361800e+00
-3.683942752785725361e+00,1.105511273714644638e+00,1.166026321888002037e+00
-5.196973891985710026e+00,-3.250379168414853304e+00,-3.719341832632983014e-01
-5.610026034508058146e+00,-5.185921062715818763e+00,-3.542030695357061276e-01
-7.041223185031015852e+00,-5.857841141063103940e+00,-3.605226154803683247e+00
1.780617959491102464e+00,2.637242447760388853e+00,4.819121531856142227e+00
-1.485151987905369619e+00,-1.222270274720920646e+00,3.216718547572392950e+00
-2.130312032924890797e+00,1.199300745819109615e+00,3.065976645764248332e+00
-7.364214760011367211e-01,1.097926594677600232e+00,1.633954644268949652e+00
-8.917581064360682319e+00,-4.301675910671056258e+00,-2.157607725743009297e-01
-2.826938900288912038e+00,7.715890182341769155e-01,2.815910279318238896e+00
-7.938893721053345232e+00,-7.249256615613546728e+00,-3.234386404718526009e+00
-5.382575680519090078e+00,-4.548733742797743673e+00,-2.476671206865779240e-01
-1.090545617362087549e+00,2.106599138210329958e-01,1.134730258067773612e+00
-1.619911473431692173e+00,2.855067748510808912e+00,3.300574289715284770e+00
2.667205267151328218e+00,4.700771730216454891e+00,7.802015533399905500e+00
-3.614022693286483179e+00,-1.418413007175665985e+00,1.169985302269786587e+00
-7.263956807695354456e+00,-3.659327497825924702e+00,1.160786353152899686e+00
-5.266539279973963872e+00,-4.807156366517249424e+00,-3.462663165586678637e+00
-1.716461679697073750e+00,-1.608683746360141553e+00,2.368792726359552958e+00
2.774970745424946372e+00,3.584239710444887539e+00,7.905136476730360684e+00
-1.224257187452013618e-01,3.661395729532021193e+00,3.906022843166446101e+00
3.634834150467970204e+00,4.558151418429040369e+00,6.711656330151217986e+00
-4.410058137887430618e+00,-1.559174067530863406e+00,2.453293833803895652e+00
-5.016223951599984687e+00,-1.845654698028739826e+00,1.915662267517175277e+00
9.073827517649879493e-01,1.934945481174947801e+00,5.690950457209380531e+00
1.252711214102904869e+00,4.364860027456110458e+00,5.429403465876975865e+00
-3.741433096847285533e+00,-2.508854753381158709e+00,1.269318170834186077e+00
-2.754333710079211350e+00,2.027432193339804734e+00,5.067038814404854818e+00
-3.301735988566230517e+00,-2.469084897586257821e-01,3.155408355235698181e+00
-2.243917210203384638e+00,-1.899144477073954951e+00,2.937141033267282708e+00
1.605285427871697923e+00,4.860986008750570520e+00,6.681148479194716217e+00
-8.549984425096117668e-01,1.124490988518979773e+00,6.030978037406725889e+00
2.579255101818934470e+00,2.580904261024198121e+00,4.686512131845558926e+00
-2.926393690065882236e+00,7.056448546594893401e-01,1.651290400644316092e+00
2.537199017921552446e+00,5.689711405275788891e+00,1.060986767188181013e+01
-1.931615101389092537e+00,-8.604889806150195497e-01,2.719125155270528005e+00
-1.624133907508908958e+00,-1.127764109455926089e+00,6.735811333135026668e-01
-1.125741092439600521e+00,1.095673971674298031e+00,1.270910861991239482e+00
-1.270319955425866176e+00,3.104233733219178504e+00,5.410557466090158307e+00
1.393330865875103353e+00,2.754523369712324588e+00,6.894806727909243094e+00
1.921308158941358979e+00,2.392571181123483548e+00,6.855840462624208875e+00
3.393667836124674153e+00,7.234177967804082066e+00,7.708003670174545796e+00
5.446127271583511842e-01,1.881990396880015126e+00,5.464903021078028722e+00
4.495725285200856014e+00,5.155464589955266241e+00,5.298673382558336975e+00
-2.994850732463582688e+00,-2.462036056020497909e+00,1.352766031199619245e+00
2.707699563952064459e+00,5.026082854089578333e+00,9.266927251747954841e+00
-9.421131008121035322e-01,3.234048754138819426e+00,6.809950294039739838e+00
-1.874387509463827151e+00,-1.101684982398914769e+00,-2.331105929410812738e-01
2.301967927152730020e+00,4.504687323987576875e+00,9.032188767362148596e+00
1.778683168574898055e+00,3.251030743870892081e+00,6.039495447250476268e+00
3.650758908625264976e+00,5.261575700532064914e+00,5.949612839259275532e+00
-1.817572742773793770e+00,1.568760720530333330e+00,4.612895080430856609e+00
-1.194427085844034231e+00,3.764198117401214461e+00,5.617226601708412481e+00
2.262133345363099846e+00,2.278076073830455073e+00,4.642358178160974624e+00
2.771315749412286422e-01,4.316548949281063585e+00,4.989641066864974661e+00
8.521655161289517721e+00,8.600330808570429753e+00,1.283731887289928864e+01
3.305785438296000134e+00,4.703578044766105748e+00,9.084666440939509258e+00
-2.248902221046163330e+00,7.353926468943763339e-01,1.113388901333381087e+00
9.281700769961949149e+00,9.815152545136715645e+00,1.131264908962972449e+01
7.033220499389046587e+00,8.521850980924490671e+00,1.097809184258755266e+01
8.067844343455146117e-01,5.638826383466703618e+00,6.046285060150760948e+00
7.114110292105046085e+00,7.613984461679685900e+00,1.237790972532798861e+01
1.056316183462981062e+00,4.691329957560478547e+00,7.139943555862943825e+00
5.838627975426525119e+00,8.697826930365941678e+00,1.328504557209530468e+01
7.771893110040242192e+00,8.799386874405964676e+00,1.268488126391731008e+01
2.322952479230854017e+00,4.776212542473667000e+00,6.846383295438429606e+00
1.282560636349321825e+00,5.537111941426397621e+00,5.953995948694466023e+00
2.116727966867268051e+00,6.770383590070157886e+00,8.282457589487465910e+00
5.228256415450939443e+00,7.792461158416853273e+00,9.885243359443752098e+00
7.617974300817321520e+00,1.014330992102368434e+01,1.296274102941852213e+01
4.020710255272563316e+00,6.653169505547900542e+00,1.003371729991459027e+01
2.909685185131287710e+00,7.622827209302607265e+00,1.255847889466834211e+01
1.948149863039277729e+00,2.082514726795137605e+00,3.239411786324099651e+00
1.368879043333752143e+01,1.402422442835142036e+01,1.474492443129075525e+01
6.154692081104666812e+00,7.800327287056349590e+00,8.206163103272560377e+00
2.639736905235559039e+00,6.439981499548794730e+00,9.571734709561484422e+00
7.539299750520112475e+00,8.007477097645667286e+00,1.252454141098144547e+01
3.134212488226760129e+00,8.061309519431089754e+00,1.187659821422479922e+01
8.036762290439314782e+00,1.247337571460701788e+01,1.251413171725070228e+01
4.695148525074873014e+00,6.287400827629967992e+00,1.019760677170266661e+01
4.776751108809245139e+00,9.059735810905918285e+00,1.367463741365384244e+01
7.382454309714240992e+00,8.879758734112764174e+00,1.246514406717997225e+01
6.389010244601324828e+00,1.097201023346768700e+01,1.129814241309710710e+01
2.511197355612710069e+00,6.077539175004362804e+00,1.002754576879730131e+01
4.295685612349607219e+00,5.971359173867334391e+00,1.041605995955543662e+01
1.248246626406499260e+01,1.441767384377927108e+01,1.590540640190843646e+01
8.794436477514407713e+00,1.076780858120948636e+01,1.305743300729090883e+01
7.006724440360127204e+00,1.116324842900202619e+01,1.250359611879155253e+01
5.309659451517558360e+00,6.120682731950773281e+00,7.469064320953922476e+00
6.695925129832262179e+00,9.440909327854981825e+00,1.432873949306393335e+01
1.135954571657522472e+01,1.149008306839169080e+01,1.603373156612045136e+01
1.380525948261427160e+01,1.525362781273615731e+01,1.765619135227188252e+01
1.141901776989837280e+01,1.330840133908067102e+01,1.781579949240655480e+01
9.091355642565570605e+00,1.287620478811676605e+01,1.443719415935871098e+01
8.909455550596625528e+00,1.085244155162342317e+01,1.468146703145827559e+01
3.973522465301805529e+00,7.692988274153293560e+00,1.157927693669047997e+01
7.696493684638438637e+00,1.157126549740418042e+01,1.475833348418605873e+01
1.212312687878189799e+01,1.400430223106999605e+01,1.602772837107168868e+01
9.016638154050282239e+00,1.119282915844020998e+01,1.362873453767304532e+01
1.155619495546882725e+01,1.273823023582902536e+01,1.525139919509537201e+01
1.461506614951593797e+01,1.694151818853186953e+01,1.848747691078275324e+01
8.892312351773552948e+00,1.062563005798261173e+01,1.379126177013339927e+01
7.764096224258086210e+00,8.034011702784599862e+00,1.203143673860165563e+01
6.327825334403232915e+00,9.625075357538976917e+00,1.210438325711957575e+01
1.134087264825239494e+01,1.200624783595294076e+01,1.521604322249524088e+01
1.111492785084863932e+01,1.200001063030543946e+01,1.202365726547983549e+01
3.525984565328649900e+00,7.067831576103218438e+00,1.115288744750146677e+01
7.904578572869782604e+00,1.061710798289935198e+01,1.123932748418415883e+01
9.613190146713924022e+00,1.291597105734753725e+01,1.442219630016265697e+01
5.991491833596216843e+00,1.056595772782963039e+01,1.323281431866902480e+01
3.635399399182873914e+00,7.975783450951368536e+00,9.086430069360989847e+00
5.192102458532001918e+00,8.639018843461268915e+00,1.302003904776208643e+01
3.841022553959859032e+00,8.344551001026429660e+00,1.240613441457054833e+01
9.314932029559006565e+00,9.878864533913466417e+00,1.234445053793796987e+01
1.191398009362653987e+01,1.368213367064455177e+01,1.506483089230039241e+01
9.512140904141853426e+00,1.229450487638327871e+01,1.441539763712287936e+01
6.615511398419775091e+00,7.209690704085071289e+00,1.006987673422584706e+01
1.688483124454971396e+00,3.342772612557897816e+00,5.818582887083817212e+00
-5.736778605640679984e-02,4.313824489773736559e+00,8.757937468614244381e+00
5.297942103156586313e+00,8.715672263886578008e+00,9.606705170886598921e+00
7.859637245592201893e+00,9.976071224878703347e+00,1.369893425388831432e+01
5.992017233167176826e+00,9.228770747895126192e+00,1.412721665766971668e+01
1.106340578803676777e+01,1.383134925358343637e+01,1.783867489494098635e+01
1.203394185060574451e+01,1.310024701405501979e+01,1.596462728429411371e+01
1.538334320210567796e+01,1.958795687695785404e+01,2.214479540370065536e+01
7.810381916130460844e+00,1.216628923037682064e+01,1.334056977947840217e+01
1.586439759160226792e+01,1.624237382209484792e+01,1.834755783227073778e+01
1.010296402794831039e+01,1.184358357042813559e+01,1.461114734094046952e+01
5.478780264615508599e+00,9.342962948207590657e+00,1.338178371462217697e+01
3.096808597214348424e+00,3.985805922867681872e+00,6.717219542072195182e+00
1.102919864368611691e+01,1.105182753072223178e+01,1.383341294634988827e+01
9.362526992061802389e+00,1.061672002603881815e+01,1.423184554052348894e+01
7.228008225892788019e+00,9.985800813521587216e+00,1.189878890521164578e+01
6.317339049543014617e+00,6.656804635698883033e+00,9.972637148741627655e+00
5.049025645882713853e+00,9.520192019042484688e+00,1.281291649114350228e+01
6.194164367290514228e+00,1.091272096062639108e+01,1.197937751752409596e+01
6.730594460347835373e+00,7.762526931917513195e+00,1.041039380340711418e+01
3.841407140677491672e+00,7.343088076748221837e+00,8.947085388972439546e+00
1.186325258915474024e+00,5.931603267376546640e+00,8.205215649606227402e+00
6.087071687764395556e+00,7.154798184187085575e+00,8.919068383059023830e+00
5.983146895637087681e+00,1.020026882875704111e+01,1.497846852778694782e+01
1.335145291842445481e+01,1.373091762202519739e+01,1.495774698770889266e+01
7.822495955000867696e+00,1.001628514271963333e+01,1.309868272817074342e+01
3.560449542238978804e+00,5.259426982826345132e+00,7.546162576328677929e+00
4.650750417229959410e+00,8.688055263817501483e+00,1.188275222315121304e+01
3.384897852825596409e+00,6.121739777405753813e+00,9.400953922545610908e+00
5.297786597577659684e+00,5.446978294933578546e+00,9.402272402703825804e+00
5.359952561023824558e+00,1.024519606610694034e+01,1.375312233228949310e+01
6.345955035578676018e+00,8.506710198779485310e+00,1.343550542561718864e+01
5.621656579209725280e+00,8.874888214799597108e+00,1.200453848604225016e+01
3.583817452668671688e+00,3.614888225130193256e+00,8.007656924582800428e+00
9.059350714328902043e+00,1.077346446201529950e+01,1.149550906638751613e+01
6.728190072743266192e+00,1.083041488407183017e+01,1.263447741231432531e+01
1.869455359750367140e+00,2.536810866819041443e+00,6.062293680194063228e+00
1.279812906468660039e+01,1.384511347924783564e+01,1.627045498568227444e+01
8.305863678846565179e+00,9.276931832774256037e+00,1.280336988549566968e+01
5.534847800936764983e+00,8.966854700573474446e+00,1.271130880523674911e+01
1.183158456015083004e+01,1.221449749142731278e+01,1.351632493424541792e+01
1.189371708435417574e+01,1.382822824220970048e+01,1.439242267668571884e+01
1.930871281068747614e+00,5.649047286967838311e+00,1.052942705282978153e+01
6.222815758746042647e+00,9.248257004555998861e+00,1.108777049343909660e+01
7.185378092890532642e+00,9.634916902758730473e+00,1.371536426076613324e+01
5.756474619348479926e+00,6.679125180864888378e+00,1.078195862095440383e+01
3.999551885334304835e+00,4.757083681373885931e+00,9.486009395678905776e+00
6.045282255570675112e+00,6.856986714566658314e+00,1.066010956653478736e+01
5.483058921357910620e+00,8.496824767822607427e+00,1.018567960217396617e+01
2.523593531792023281e+00,2.928620805859423193e+00,6.498142081541278259e+00
5.516569715380521544e+00,8.167423835392813913e+00,1.315378840197084642e+01
1.084178825336947583e+01,1.346329142578788840e+01,1.355750826506230311e+01
9.767632695169240264e+00,1.012892559603955256e+01,1.236443476808645237e+01
3.886558638064126825e+00,7.060489349935373582e+00,1.142684694344795027e+01
-3.268687963335823454e-01,4.138935943957128494e+00,4.743126705104159235e+00
5.294414225327345846e+00,9.153391662648317606e+00,9.761811756980655730e+00
2.536700257676533177e+00,5.680667505000202233e+00,8.761207176265960683e+00
5.784223715519461351e+00,8.740100135949532500e+00,1.193517518341268513e+01
4.109219726097265379e+00,4.703539611385325614e+00,6.430216148461260772e+00
-3.542133664511724511e+00,-1.222538767420628503e+00,-9.696556955518083054e-01
3.618934769092443382e+00,3.793581543466037154e+00,7.944409221836346013e+00
5.005617685013710627e+00,6.349435874900740906e+00,9.086353780642852485e+00
-6.353610496652279949e-01,1.059795163904425408e+00,4.163652200092416322e+00
4.394394002677731059e+00,5.763308126526592190e+00,9.213344662111916605e+00
4.713233707520976701e+00,9.116748719143538793e+00,1.072298203872050770e+01
1.967624471736244995e+00,3.482688331255417769e+00,4.301570335916812482e+00
5.534450279555191088e+00,6.778192521092329059e+00,1.164559167532246953e+01
6.984687455043472326e-01,2.830778222102253938e+00,6.723601803657240694e+00
-1.246099650152383109e+00,2.083560902131635029e+00,6.768109766258945115e+00
7.291488011407043501e+00,1.171395598718086006e+01,1.405041930951961149e+01
-3.984572281789141801e+00,-2.722788289643739645e+00,1.091271301254194803e+00
4.739283223383490284e-01,2.049402708932086092e+00,6.036394373271521729e+00
7.499564262050180119e+00,9.309540958707332337e+00,1.229731733348736356e+01
1.954863447662039455e+00,3.440364534483238312e+00,4.499689187893786801e+00
-3.107029020094758565e+00,-2.154993389133807113e+00,-1.845937045693490042e+00
-1.563162413296832476e-01,1.531043809022050173e+00,4.637684051413998532e+00
1.695631815109492679e+00,2.852171985934691456e+00,3.918894288066319564e+00
4.465289451305289425e+00,6.879462293922600225e+00,9.737465043142730536e+00
8.106486906468435283e-01,1.165851425827728605e+00,4.723159791287958598e+00
5.293570621655313779e+00,5.469583641951272668e+00,6.000233066207809607e+00
6.538511014044336989e+00,6.541613583064613380e+00,6.869228182689360196e+00
-9.676105087574491392e-01,1.897257956409954538e-01,2.065706428801613814e+00
-9.190908747400330370e-01,2.163419053270808412e+00,7.045074656549634717e+00
9.102260477375652137e-01,3.554732189053061653e+00,7.601413626119158273e+00
-5.716587426427355290e-01,1.847568479810491215e+00,5.790769234883400784e+00
-2.331098803558775856e+00,1.085599198498786278e+00,4.031613085465777679e+00
-1.434433685997786867e+00,7.610558762734380700e-01,5.195410608144486631e+00
4.484350955697354868e-01,1.255573896069909434e+00,4.061586618794393644e+00
-1.000350023757223106e+01,-5.498213846707781016e+00,-4.886535496553499947e+00
-1.407057312982747499e+00,3.382615999508795657e-01,1.137555797412791225e+00
-3.497965305324634677e+00,-1.147807635743339327e+00,2.329306503987677246e+00
-2.039484865702428262e+00,-2.001542072774225467e+00,7.896705857318400135e-01
-1.939209283614569124e+00,2.284496315873388639e+00,4.446250778091232370e+00
1.297229715843779552e-01,1.337304124484072876e+00,3.904687224730488904e+00
-4.770437622330870653e+00,-1.489023545380812719e+00,3.221740373975296556e+00
4.847206444358198141e+00,9.451018761909782739e+00,1.057115565252543021e+01
4.459981331535917803e+00,5.178995868425158022e+00,9.957256095289627851e+00
-2.207428905674816200e+00,3.148780506243314958e-01,3.974891883782338819e-01
-2.575917167681958553e+00,-1.970674269813429635e+00,2.400330977160775259e+00
-2.120445540726271005e+00,1.872415316012748576e+00,2.525114892376521869e+00
-4.208519827240939648e+00,-2.700335519833412690e+00,4.214319860327209177e-01
-4.806552430058543379e+00,-1.748425506125977913e+00,1.803925561117715182e+00
-1.958997772270858917e+00,-1.921241159787697717e+00,2.694230389850645224e+00
-2.141290644276605537e+00,-1.861746077868281946e+00,1.129440127379608638e+00
1.152760745132173303e+00,1.418826013320366952e+00,3.179670477098932579e+00
-1.524337144345933037e+00,9.409386751562109907e-04,3.818189877202262217e+00
-6.450180203395698086e+00,-2.644895168459831414e+00,3.926722619212204002e-01
-7.433893980210203978e+00,-4.709068805301306782e+00,-2.573897513850789132e+00
-6.103612044473585740e+00,-3.958037135697335618e+00,-6.491788539101195354e-02
-9.239291761741897702e+00,-4.869152901996221416e+00,-2.086385720401691568e+00
-7.286748802379173995e+00,-3.758941546778138854e+00,-3.082384301023489037e+00
4.997493350616215579e-01,5.131774841567485979e+00,9.476989504658043018e+00
-9.826679501870710709e+00,-8.192764985448292236e+00,-4.105374715343195646e+00
-5.896283529656540345e+00,-1.016485965956251292e+00,-6.870990277879261976e-01
-4.373041628584806162e-02,2.468571817824907200e+00,2.482735355410589762e+00
5.413095613187590693e-01,4.442288411246115842e+00,6.979585247220509991e+00
-1.103738528356552884e+01,-6.705065215000253431e+00,-2.201256331839433145e+00
-1.033996109331470770e+01,-5.951397703559086594e+00,-5.190486513670149904e+00
-9.028792374640470797e+00,-4.647034010870287446e+00,-3.841645532239962524e+00
-1.826453034214940541e+00,-1.088084787777146678e+00,3.446140987167892078e+00
-1.101715654379557918e+01,-6.976335337400650261e+00,-2.561945491797724017e+00
-2.023151882780318545e+00,2.680998904092734669e+00,5.103447266806083071e+00
-1.048117729691386124e+01,-7.607778860225096196e+00,-2.669761185464825992e+00
-7.147090564345264241e+00,-2.621670437690389210e+00,4.564812861399878408e-01
-6.021506290247835125e+00,-5.699088981787937769e+00,-2.238491051806459353e+00
-1.074165803100008887e+01,-6.016350258122647787e+00,-1.975963029302519658e+00
-5.178513844521416942e+00,-1.669834604794732780e+00,-1.369198835962277094e+00
-3.377266918065920276e+00,-1.734806626293763365e-01,7.421405707433257337e-01
-9.167295977280447872e+00,-5.105833271325034950e+00,-4.876892207437535376e+00
-2.746711873987573771e+00,-2.399098966623412821e+00,-2.317580728474093021e+00
-2.641430265836894442e+00,-2.620974198223745777e+00,-2.311646287848943437e+00
-8.216147542249222724e+00,-7.341434480955584263e+00,-6.745770304494454805e+00
-5.717467220141645434e+00,-3.255074808192711000e+00,-2.435573711852225820e-01
-1.230339207750316532e+01,-8.554481944165980067e+00,-7.824133302294151271e+00
-2.144818232355616416e+00,-2.084055820655249747e+00,2.132436925910916159e+00
-6.510083757351759814e+00,-5.114118715385644443e+00,-5.031698999060590261e+00
-3.635161765669286282e+00,-3.539070327566486540e+00,-1.130821931612195907e+00
-1.087152965453052822e+01,-7.311745581606684752e+00,-3.287989446424949946e+00
-7.516358166003233698e+00,-6.017328222083219380e+00,-4.319663290765271668e+00
-6.568282238007334684e+00,-4.121578428581097242e+00,-3.065868693314629301e+00
-9.536953057465995087e+00,-8.005218258637601281e+00,-5.171889455741518482e+00
-9.859882266468583012e+00,-6.501785671573963477e+00,-2.192817045304278345e+00
-8.627270711946538384e+00,-3.778601261649514154e+00,-4.459722005402784184e-01
-1.010961441549775408e+01,-6.085737417807759897e+00,-1.537932730216487798e+00
-1.030257887848335230e+01,-5.984109087245815140e+00,-4.604948558081050081e+00
-1.172680643366220110e+01,-8.954840055453928471e+00,-5.047030152687465687e+00
-8.691058099871655784e+00,-6.351426853510676374e+00,-3.701457420518995622e+00
-4.056108952692654590e+00,-1.971052935547223939e+00,4.090708261443696259e-01
-8.839545923484928736e+00,-6.790180368301065528e+00,-3.034009252267576340e+00
-1.345051750569640703e+01,-8.719774542189506761e+00,-6.384230495985751652e+00
-1.594845421564964916e+01,-1.132923109329587241e+01,-6.727529150595959351e+00
-7.517379810680313135e+00,-5.582395898454805661e+00,-4.298455336664247284e+00
-5.465341556439661908e+00,-5.395850965826939571e+00,-3.422412347942642263e+00
-7.865257831204941041e+00,-6.982388156479077956e+00,-5.297594237915713933e+00
-8.713926715759807706e+00,-6.395183096751629215e+00,-2.777228635367395615e+00
-1.372517657474245567e+01,-1.223058547433731036e+01,-7.717721739020543481e+00
-6.935558499420308110e+00,-6.152642233867091193e+00,-3.457929894008905602e+00
-5.749335142636144091e+00,-3.104862701651923018e+00,-9.210808996112263003e-01
-1.495524529596167085e+01,-1.239694238370243262e+01,-7.943420769523251934e+00
-7.130951888416662499e+00,-4.846984892928136723e+00,-2.633788157165463772e+00
-1.178327067324180710e+01,-8.376295407189852327e+00,-5.342223012361160706e+00
-5.559141138509247959e+00,-1.846303629182096451e+00,-1.279559448539347333e+00
-1.306656803590867710e+01,-9.416762298644332674e+00,-5.503463697800153653e+00
-1.022572725540005933e+01,-5.458332007141743603e+00,-2.157846132687308405e+00
-8.407385085865939800e+00,-5.034248357091531290e+00,-2.059510190436383059e+00
-9.653585117881110733e+00,-5.733392448947962627e+00,-2.651933993948524027e+00
-8.209637690189797610e+00,-6.495176074499855012e+00,-3.852029296039239270e+00
-1.455439100738632874e+01,-1.210594028345983375e+01,-9.259732989885927523e+00
-1.400245471994861823e+01,-1.081545358709165683e+01,-9.599742392392311530e+00
-9.086120723339154992e+00,-6.048906083820439150e+00,-2.319914070150457697e+00
-7.049479070343844356e+00,-5.941334062980124564e+00,-2.583958722117606133e+00
-9.857502770885959720e+00,-7.836032145367499702e+00,-7.444467826615992934e+00
-1.102147565704694898e+01,-6.784227266703733328e+00,-4.868448178140885041e+00
-1.605325834859093526e+00,9.269677424534759069e-01,9.482244052293323788e-01
-9.382570054118472669e+00,-8.536933626725009105e+00,-7.797675820646033706e+00
-6.951391347295414747e+00,-5.878310262807178610e+00,-3.984341536580704890e+00
-1.044742186845833132e+01,-7.556659304322191240e+00,-5.754813399938736751e+00
-1.164971429630948485e+01,-8.973426444435428806e+00,-4.558282298775511165e+00
-4.979435780778625364e+00,-3.279786315227253723e+00,1.485130676277227835e+00
-8.580299768017241036e+00,-5.850785077646991184e+00,-3.301557867462281415e+00
-1.558281147958132529e+01,-1.307692649801953166e+01,-1.069575519297745458e+01
-1.179211866133214137e+01,-8.501648417535763613e+00,-4.846869869547801635e+00
-1.163832261911319144e+01,-8.508980179591910442e+00,-4.480607504403825381e+00
-7.552686611632100089e+00,-6.672725152361385526e+00,-5.997834273940332750e+00
-1.494783743445839974e+01,-1.047656987721548916e+01,-8.538509033752045951e+00
-1.134072570808343983e+01,-9.927442212695023471e+00,-8.530491571220027325e+00
-1.543500970373053072e+01,-1.344444896832276548e+01,-1.169426737196745236e+01
-9.925076499267849073e+00,-6.501155627644076951e+00,-2.058998388412941694e+00
-1.288486558426533790e+01,-1.147483542675225721e+01,-1.032443982301723118e+01
-1.140028159440591971e+01,-8.879540298432123890e+00,-5.518992013603967628e+00
-9.475126811925118631e+00,-4.601577863425053039e+00,-4.314882043678397672e+00
-7.273393887429826954e+00,-6.925766228058648721e+00,-6.747820952409698592e+00
-1.269535095807656866e+01,-1.247036431657975797e+01,-1.038269697906540934e+01
-6.495679763067219170e+00,-4.771002558203155886e+00,-3.870094669867518711e+00
-1.721974771574118179e+01,-1.244136693533286753e+01,-9.171381316228110592e+00
-8.462035650789630381e+00,-6.014347063948157768e+00,-5.326503190942984745e+00
-8.464553590677006412e+00,-6.789426346306321136e+00,-6.573225125645160816e+00
-4.542090227056106322e+00,-3.682276448795541945e+00,-2.253279148170258317e+00
-1.522413638825184634e+01,-1.252230063162256002e+01,-1.150102593809440066e+01
-6.240299225680240980e+00,-6.054933595403509727e+00,-2.534331709718207648e+00
-8.616088973590498412e+00,-6.860452686111290888e+00,-6.113900936883863046e+00
-1.228862098430922600e+01,-8.244865608827982584e+00,-3.525006298646182756e+00
-1.402188725737207164e+01,-1.010675443388780081e+01,-8.459410822730756507e+00
-1.448732065998725460e+01,-9.776621246403729870e+00,-7.392603543794638910e+00
-1.010547245383774140e+01,-5.723251399210624868e+00,-1.783243808159846289e+00
-6.324866744842133848e+00,-5.043764587259171428e+00,-1.435577155350429290e+00
-4.978045420823013600e+00,-3.488739183399685473e+00,-2.921090127811056814e+00
-1.210501669776185274e+01,-9.834226281282134607e+00,-5.760938778044277342e+00
-8.941355938274416104e+00,-4.749824979060832675e+00,-2.211217267892436222e+00
-8.118595658215966182e+00,-3.122057536259643662e+00,2.389897838385968143e-01
-1.194026631036667574e+01,-8.240069602461989717e+00,-5.668042077511419308e+00
-8.294984073574751093e+00,-6.991153613706955205e+00,-4.990451824977236939e+00
1.877312912726555316e-01,3.286455013546154547e-01,7.527171345420593518e-01
-1.329672239324792926e+01,-1.006334045303844604e+01,-9.742078387136482220e+00
-1.178400469711578502e+01,-1.008627810631168131e+01,-7.512103621874919313e+00
-9.270956146159861078e+00,-4.626113572191350443e+00,-2.569864750061139347e+00
-6.123690205092824357e+00,-3.806716412320700460e+00,-1.048354426436516551e+00
-9.114583820516459767e+00,-8.158152489962077425e+00,-5.912248419595955262e+00
-3.191098554713581947e+00,-2.806319016781245068e+00,-2.148187889509254322e+00
-8.942588991560985079e+00,-4.583873500904324771e+00,1.278912399513387754e-01
-5.659718705191004062e+00,-5.336232397987026310e+00,-3.325992439726917382e+00
-7.537741883468457971e+00,-3.130567705289010405e+00,-1.006333845313802211e+00
-7.597280694266164147e+00,-5.578695864061263165e+00,-1.790163878185111468e+00
-6.413622492088550509e+00,-4.664634974005457124e+00,-1.835885155601435059e+00
-9.827093483978179833e+00,-9.710987962273916807e+00,-5.754467911073918529e+00
-5.314806432353647025e+00,-3.997940353034421079e+00,-2.151538719479386685e+00
-1.357510660395314872e+01,-1.061401341300609324e+01,-7.657060487465343179e+00
-1.192488530129240409e+01,-9.607573809618768834e+00,-9.320848017443559286e+00
-9.193019160265141210e+00,-5.634729737818721773e+00,-4.848908811004768893e+00
-7.147049468669312233e+00,-7.101239148016874836e+00,-2.724519607633508755e+00
-9.994211618223269866e-02,9.091102738414047479e-01,2.628672460655091747e+00
-7.253291960525356075e+00,-6.407930620294049362e+00,-5.803506447626785913e+00
-3.265050552000423600e+00,-3.586609800244691115e-01,6.935819306847701426e-02
-1.149244967398170836e+01,-8.133701110143743307e+00,-6.939709995081438265e+00
-9.895742520379005924e+00,-9.654880949026550141e+00,-8.528458482553407549e+00
-5.834237615777025709e+00,-3.400846037055745619e+00,-1.495186001840774992e+00
-3.395994165159049061e+00,-2.950621409274305496e+00,8.056403264670817244e-01
-1.080791566015651739e+01,-6.723550149568995771e+00,-3.720042853709531805e+00
-4.222901188299836406e+00,-3.811630293377528123e+00,-2.270616441760093807e-01
-3.233963796513025013e+00,-3.136077774145445751e+00,5.777032866725693161e-01
2.153745507369028367e+00,6.882424130617468272e+00,1.025059925157043850e+01
-7.656035209438171840e+00,-4.827980979272624040e+00,-8.797616359164193156e-01
-2.682098954882891739e+00,-1.742578723429914156e+00,-2.410018396672293228e-01
-1.076250186108319085e+01,-7.838327398689929559e+00,-6.076795224721025512e+00
-6.503665966723120029e+00,-5.470641368745152278e+00,-1.083500973462006911e+00
-5.329058027378475337e+00,-3.483702036817417635e-01,4.256628777973273436e+00
-2.536302464517227406e+00,1.486582822593929265e-01,4.155581464882637910e+00
-8.089650145136781489e+00,-6.442988575280939045e+00,-2.181594610214425245e+00
-4.552144609611313619e+00,-2.863585833963564031e+00,1.082249644303328040e+00
-3.209175146188695038e+00,-1.041853494186130380e+00,2.888780603007550685e+00
-7.313780728991294833e-01,-6.053610643656983648e-01,2.861779635308927983e+00
-9.573098989087991839e+00,-7.057680859061127521e+00,-4.473257668036984214e+00
-1.749757521004058791e+00,-3.528559347107451671e-01,1.781844222169789660e+00
-5.816336305607662460e+00,-1.926645087099311704e+00,2.562002367208429110e-01
-3.367619795935291815e+00,1.580015478936056539e-01,2.826138524324558698e+00
-4.418267882956857129e+00,-3.658147051492041335e+00,1.172407648931439894e+00
-3.054659177994774932e+00,7.003591064597580740e-02,3.195584701157629937e+00
-2.009105979678198040e+00,-1.703009272277837827e+00,2.127959364530309649e+00
-2.792779762554071343e+00,-9.570270348011181705e-01,9.474026308428608045e-01
-5.238262994791189620e+00,-1.837780955022623841e+00,2.607442067844046640e+00
1.077314750764931883e+00,3.086255990298624852e+00,5.748406503476621410e+00
-1.055820104400559245e+01,-6.411706438186013379e+00,-1.797824931038293883e+00
-2.480252778827783722e+00,1.059287169596890621e+00,1.500361970992734939e+00
-2.768805173465590741e+00,-1.887564690393461309e+00,2.460911538525811348e+00
2.998538670472515655e+00,5.638577935139313269e+00,7.140301971332242204e+00
-2.472410588743128912e+00,-1.653095196420071966e+00,1.143360765463808937e+00
-8.622122826818221508e-01,1.753890601493367507e+00,6.340512804736917474e+00
-5.328623787812132306e+00,-1.704627351208818364e+00,1.422064424574198682e-01
-5.795522985102234514e+00,-1.404385797336323405e+00,-8.937471715957208129e-01
3.895718489346026381e+00,6.403119934286120696e+00,1.015327538862071322e+01
-4.100565469146895126e+00,-2.513575421106508667e-01,1.633760924029568962e+00
-2.023467594492741384e+00,2.548785971040111065e+00,3.186035934609648734e+00
-2.619161068544263227e+00,-2.402662709678836883e+00,-2.001863298665204294e+00
2.130785010559878678e+00,5.997925978938350333e+00,7.334725250277122299e+00
-4.280825328172888966e+00,-6.541117946999106536e-01,-5.465760762819080743e-01
-4.440177908836119514e+00,-1.860864121126026172e+00,-1.036772547233181685e+00
-4.968099548726260473e+00,-3.785785382282395695e+00,-2.272335390872650684e+00
2.355174829042928408e+00,3.897793700577002696e+00,5.353816285916282780e+00
7.375973605881728901e+00,7.874757871488931471e+00,1.278422616993313099e+01
-2.610569440391109275e+00,2.382059221145261141e+00,6.455767169815641360e+00
-2.611158659044147345e+00,1.652747372042810081e+00,4.494232940151743350e+00
5.233955257411574635e+00,5.908718391600219277e+00,1.077359716091272723e+01
-2.004319861329518115e+00,-2.566863421015241897e-01,2.698303216766704704e+00
4.220357859124329813e+00,6.364132033621575424e+00,7.857125092657085474e+00
-4.361615859566221332e+00,-1.862584637568128976e+00,8.791147762148807665e-01
5.113917770093318715e+00,5.321601602513855056e+00,5.322141579961704672e+00
-4.042576586837022035e+00,-6.352394172743429657e-01,1.642559946301342499e+00
2.980801590526722666e+00,6.169784327981895800e+00,1.016192189801989443e+01
2.875143710252991980e-01,3.342069913585611118e+00,7.047702487709534225e+00
-3.938651695016046617e-01,4.167100438333794621e+00,7.898465560364664739e+00
3.735222372873304053e+00,7.988650925975113282e+00,1.225139990482856334e+01
6.674772651982869398e+00,7.637957098696480429e+00,1.075373561742140360e+01
3.103531046252795633e+00,4.053892289577152752e+00,7.158916421800304519e+00
4.009815303346290882e+00,4.843340189736029977e+00,7.148009296335999352e+00
5.557830630115465631e-01,3.145254231171940251e+00,6.628323687193758751e+00
4.103500963138236202e+00,7.804060781983535477e+00,1.144742843798328025e+01
7.800749061932080508e+00,1.108606924662952231e+01,1.388430430402042504e+01
-2.149943866740749776e+00,2.296030345919837679e+00,5.833436212990056546e+00
-1.603823018452412263e+00,2.084570400423801040e+00,6.605928280343774439e+00
3.036369249955285232e-01,7.128587217110755603e-01,2.940642552733744530e+00
-8.258846093718150705e-01,2.180736610033024547e+00,3.056248439545085738e+00
5.766652382707404989e+00,9.298153942668909266e+00,1.012817232094691455e+01
9.964556918924989404e-01,3.169421748488282731e+00,6.699015001478187514e+00
2.796140298856836459e+00,4.814771977868282704e+00,5.705099107107209910e+00
3.422414408059913704e+00,7.804163111332747427e+00,1.143361984919577878e+01
5.485275823818021479e+00,6.844321618258748963e+00,7.715499458027542445e+00
7.495355547998922674e+00,1.101645172899782743e+01,1.293606551565774332e+01
2.126488809620808773e+00,5.053117502253188675e+00,6.246926647293821411e+00
2.134068598177965015e+00,6.215178999827341677e+00,7.066365066940919704e+00
5.051555718269803208e+00,5.249893826360104043e+00,1.016847341843886099e+01
4.704615510490278041e+00,8.900486405610346097e+00,1.372605405915412291e+01
6.951492287820777882e+00,8.037491832710861317e+00,9.976765998090264986e+00
4.870872658940159639e-01,5.043882888449100044e+00,9.100641055056360784e+00
-3.681164526753655686e+00,-2.695818516268042586e+00,1.379498390318130596e+00
3.847297612802226929e+00,7.487220153678197043e+00,1.182792018592365046e+01
3.083319778237095576e+00,5.466574960616476631e+00,8.063015954507008587e+00
1.016590492485676123e+00,5.303090412819766897e+00,8.082245686143004093e+00
2.050675431203651922e+00,4.250035220821994919e+00,7.505306332970092420e+00
6.407969796869042334e+00,8.295279261827280592e+00,1.044951958748934295e+01
2.731419207928072357e+00,5.918123442652327704e+00,6.945064352978608468e+00
5.156027270931671680e+00,8.121497895984829185e+00,1.146567518736933344e+01
5.654919673684874581e+00,9.797846205461645752e+00,1.443467286285297035e+01
6.731350695731301848e+00,9.517822079284485426e+00,1.244998793121416725e+01
1.130670256475123203e+01,1.176856491550709549e+01,1.220231949749424238e+01
2.201168122202108002e+00,4.555636991059407670e+00,6.204322801074596327e+00
2.927748744570832784e+00,7.439739283165300421e+00,9.588885152382802701e+00
2.894613309940247792e+00,3.997455599339975407e+00,5.335651445136983639e+00
5.513050295465392381e+00,8.841910916310263602e+00,9.153416721403884182e+00
1.053723675766892676e+01,1.098039493008070977e+01,1.388301216914702430e+01
6.507348013111442953e+00,6.758556466823744557e+00,9.050300515997768969e+00
7.847031585712758606e+00,9.385779501992107754e+00,1.220565418224334664e+01
1.137834470143574528e+01,1.615813621251529497e+01,2.082988961499323821e+01
2.053703114312666500e+00,6.882674525704526758e+00,8.092957061498896820e+00
4.762700121122686703e+00,8.918789052880628176e+00,1.029963541560848483e+01
-8.667326025838901771e-01,2.753360631497914213e+00,3.593008841551407873e+00
5.988344205748227012e+00,1.050746782570899640e+01,1.148608020315383627e+01
3.455555144780794841e+00,6.817360131034154946e+00,1.048913506952840535e+01
8.937361502606044894e+00,1.043483254728882059e+01,1.468302010835893334e+01
5.559201779199982596e+00,9.940878767920940717e+00,1.116538173104352261e+01
4.362393308137061609e+00,6.087956852833194432e+00,7.213562517916980887e+00
1.257266097759196910e+01,1.292636970160721077e+01,1.417312576323702800e+01
1.144799791320942184e+01,1.472674230052366973e+01,1.861046985278380461e+01
5.750099077205830689e+00,1.053480625725405062e+01,1.299758540602184453e+01
1.216665718711124811e+01,1.312732174905795546e+01,1.425579571935722889e+01
9.124776968046244718e+00,9.130768526861178458e+00,1.398305836589851125e+01
5.356220741732727220e+00,8.218904099049776590e+00,8.450749534621708747e+00
1.379224391503303693e+01,1.514879729690747467e+01,1.654582031328218861e+01
2.186193223824140830e+00,5.294873232714213174e+00,7.651863176789813537e+00
7.265906967574190745e+00,1.036312551936338622e+01,1.220992571641715330e+01
6.782226515059861960e+00,1.091407453470436195e+01,1.514324622533229459e+01
4.222891557611947455e+00,7.695521201294001301e+00,1.241561820579216402e+01
1.051127120754057387e+01,1.094941908706154798e+01,1.256577717059675692e+01
1.597086567772172927e+01,1.775931093493532131e+01,1.880316991069904020e+01
4.435724548916397225e+00,9.214933567454616892e+00,1.231773669981864217e+01
5.806157678295821967e+00,8.275174038360500361e+00,9.398084739032661616e+00
1.212597428825836055e+01,1.454403772011151119e+01,1.880121721921159050e+01
1.096913024233907841e+01,1.254844907592861070e+01,1.270279258248822707e+01
9.462675147113127849e+00,1.315097433376282154e+01,1.774865274500614021e+01
1.096291553621556858e+01,1.106561904972071098e+01,1.605034926727310918e+01
5.708794011157533710e+00,1.024014924341168076e+01,1.367174224525114745e+01
6.119569867428221954e+00,8.908291343265196005e+00,9.483619325962433066e+00
9.455191144021716454e+00,1.042504640412499306e+01,1.172559522540499088e+01
4.891964194897268747e+00,8.988862030313535811e+00,1.353709053474930357e+01
7.384040049564537078e+00,8.574516503627725328e+00,1.248385021688450536e+01
8.092387499856650734e+00,8.324871889892424548e+00,9.367230111042434970e+00
1.329993549668813557e+01,1.386181140677339307e+01,1.573064375721304309e+01
3.382322865961244318e+00,7.923932781087270172e+00,8.937274566401242737e+00
6.505145677645839619e+00,6.701095499325975702e+00,1.139488459482440419e+01
2.978751847047952594e+00,7.122201457615767950e+00,1.022940046732582609e+01
1.031948330851755991e+01,1.050948424007509097e+01,1.459446446667973696e+01
1.185990076632158186e+01,1.249525558042257600e+01,1.508594108752471996e+01
9.809605008162723294e+00,1.000687157265171123e+01,1.459422843240416157e+01
1.437576400253912290e+01,1.473009925994921687e+01,1.587701526206201663e+01
8.892093125304310064e+00,1.090837973209791123e+01,1.228903300111861085e+01
8.342172770414370220e+00,1.071872944183608034e+01,1.552616871001444743e+01
9.533402115115482189e+00,1.052115750308545650e+01,1.249157789200837954e+01
1.268232026414749747e+01,1.383087249234514715e+01,1.842254397178415459e+01
7.006916405249669744e+00,1.173678459670220597e+01,1.520573416753364526e+01
1.611590906298409287e+00,5.641987943239533010e+00,7.010438286740737546e+00
1.333141717403427151e+01,1.496607244060370334e+01,1.715695705033196461e+01
3.887426320858803575e+00,5.370231409953337476e+00,6.590121969944911839e+00
1.586676636895015768e+01,1.666414149194087457e+01,2.082406979761310950e+01
6.452796452728292387e+00,9.657529917233288685e+00,1.003186102105182265e+01
6.482082828689921250e+00,8.239753852299873671e+00,1.138883761293254082e+01
1.038650998695910666e+01,1.164163088590474615e+01,1.621351066931501705e+01
1.197719743059953323e+00,6.176592925624024844e+00,1.089725572480753257e+01
6.887441009725051799e+00,8.540864094221525704e+00,1.054415212013369185e+01
6.742903701461143484e+00,9.688842437259269857e+00,1.315974672102909970e+01
7.997191550453144337e+00,1.032046046909245263e+01,1.358407461165473329e+01
8.361280035286862145e+00,8.761943807741943147e+00,1.162021024492012700e+01
4.126673720598707185e+00,5.245606895696411698e+00,9.967485947558543558e+00
3.010450637403467411e+00,7.397164085409540846e+00,1.138666705591047368e+01
4.121535717777156549e+00,8.639013099454540878e+00,1.143230127270983054e+01
9.710957872216287257e+00,1.019614123096695479e+01,1.508260422054524774e+01
8.225460762222667199e+00,1.001004994828968542e+01,1.098751434699434526e+01
9.852938592364246517e+00,1.125016183733195518e+01,1.453405558715790846e+01
9.746638320560261803e+00,1.468267605690603261e+01,1.775618217827627987e+01
3.611418552105843727e+00,6.821979593173235656e+00,9.155689571931839410e+00
4.899270331861144356e+00,5.394861317021966585e+00,7.562768086608663509e+00
4.486297708653439464e+00,6.965727337616178794e+00,9.609507876552671135e+00
5.356972576148127274e+00,7.934650503013700451e+00,1.041990868065084186e+01
4.665198460949650183e+00,8.738269552235689019e+00,1.145439144059201197e+01
1.275915918589444864e+00,5.374648421406926779e+00,9.849478975517431678e+00
5.920731325748795015e+00,9.349076668002838986e+00,1.416016860791926035e+01
2.099976404923049156e+00,3.290616047954108225e+00,6.877734383664507511e+00
6.372198338689739394e+00,7.750552212699881593e+00,1.008848592053842630e+01
4.699344626335142827e+00,8.570793701693871114e+00,1.154131976994227671e+01
2.969278682222749932e+00,6.224385392517501003e+00,8.861153546517737567e+00
4.488099503887239550e+00,4.867588469895449244e+00,8.582218275576941835e+00
1.361176646587054151e+01,1.446240686565039724e+01,1.866927685903021228e+01
4.445248484367107622e+00,5.991163306014418488e+00,1.070150173018958384e+01
1.566079897445495916e+00,3.655130547370227134e+00,5.729362703038457738e+00
1.058704088639460572e+01,1.340580875719785325e+01,1.828935630687648484e+01
6.137365222214768323e+00,8.282358241068902061e+00,1.232222564648767182e+01
5.032093431914454129e+00,7.700593487638522028e+00,7.751109670547074337e+00
8.657682843580701615e+00,1.254490461659187517e+01,1.560725991122495593e+01
7.096900748318701879e+00,7.663601044642981641e+00,1.055346257994994019e+01
4.348323219124434758e-01,4.228919365881675496e+00,5.264068529381654926e+00
3.178943448727316934e+00,4.199863306044333555e+00,4.397895143198158330e+00
5.926730727277355726e+00,8.743429131083665595e+00,9.637902076777297822e+00
4.927176936938431950e+00,6.312575107574302180e+00,7.790530336594040151e+00
2.773753072861721236e+00,3.888361826677111832e+00,8.335257979798591066e+00
6.281615903867666439e+00,8.691993699665918172e+00,1.025770382572621564e+01
4.495529721309901916e+00,4.617741547670130231e+00,4.913548728554931522e+00
3.589064384476300384e-01,1.252486860509595346e+00,5.942659470136555377e+00
3.304884205016941578e+00,4.805753477058468448e+00,5.803957252004079415e+00
-4.791610332947935369e+00,-2.190919243752717627e+00,-1.229360649777865966e+00
1.327112583266919721e+00,6.084099652611977049e+00,6.989243629379091161e+00
4.366889200640962088e+00,9.279585808243655976e+00,1.074181235975777682e+01
3.750583432482094359e+00,4.670068631087696431e+00,8.059576430435974714e+00
5.044295100074151605e+00,6.033199897938184897e+00,1.056818166906756851e+01
1.733694851320461972e-01,4.168230421853769130e+00,9.050511010310751558e+00
6.227940944284259928e+00,8.824368367335896579e+00,1.344185367353166427e+01
5.111771407589094984e+00,8.069048459545349772e+00,1.262522930528374765e+01
1.509612725525385279e+00,6.119996899832707449e+00,9.702634364310350534e+00
-2.394563758605591897e+00,2.353756059501966202e+00,4.301049673605367829e+00
1.034083152257152527e+00,4.546834422418746691e+00,5.170217732324594806e+00
2.149086744188300813e+00,3.307114992593929603e+00,5.185688599306383040e+00
-1.319787941002216414e+00,1.750739998215740556e+00,6.070290962430862081e+00
-7.708944446041874343e-01,1.941292044833558883e+00,3.963976315893295244e+00
4.610945200150391443e+00,7.700855873226963411e+00,1.262432273844404307e+01
-3.163908566539835654e+00,-2.656842938100421048e+00,2.192188332412961405e+00
3.281853010371222013e+00,5.585344863573985741e+00,9.149328146491775726e+00
4.400035000111559569e+00,4.731312580109740651e+00,6.420952357016854073e+00
-2.884329597950524793e+00,1.165525792380912584e+00,1.225242670715427362e+00
-2.942084253931263049e+00,-4.323847271948233484e-01,2.493950930111041853e+00
-2.550158997509605285e+00,2.244995438434964186e+00,3.534097887138625715e+00
-2.435176794761964025e-01,3.015033436941066292e+00,6.242902480125210651e+00
4.536200826970828714e-01,4.140340787615019558e+00,5.485237295699847415e+00
1.104559008808067899e+00,2.744329405207391659e+00,3.049269210561138976e+00
-2.151980361018996479e+00,4.581585377329404629e-01,9.010038889829362629e-01
-1.810875929079408309e+00,2.733999237381464553e+00,4.677323124233408791e+00
-8.640932216533627752e-01,9.295063982443942940e-01,5.888016090777474787e+00
-9.300340647951588213e-01,-5.539028386996047715e-02,1.639342859471267122e+00
4.182763815467633428e+00,5.217627919776768763e+00,9.926529404151924751e+00
5.938593493539299217e-01,4.597034939766422745e+00,7.940278964406733309e+00
-1.699939462108265964e+00,2.202068583278995462e+00,5.713238098487688710e+00
-2.898150982982759860e+00,-1.282214499364113580e+00,1.213502797351142304e+00
-1.368823999866174201e+00,1.607428677094139058e+00,3.098146922213627086e+00
6.559139115978370738e-01,1.197940336972388664e+00,3.154632321436609654e+00
3.470667335291463207e+00,4.066075762157225881e+00,4.304290773042641405e+00
-1.224191468757818146e+00,2.524662862807018460e+00,5.470570758598606531e+00
-3.394389197933558311e+00,5.848518907765093422e-02,2.813338820512501393e+00
-8.934695039667874816e-01,2.400978020261223644e+00,4.374049843113072988e+00
1.700636662391661780e+00,3.832590920306839344e+00,6.099519082467152131e+00
-3.209391335163472192e+00,1.743436417857858745e+00,1.760249086445606181e+00
-6.211660886170603746e+00,-3.436777771644021762e+00,-3.140276084454815653e+00
-4.526496622725316499e+00,-9.224831349830071581e-01,2.995435778777425284e+00
-6.617901980236862158e-01,3.625186306177693218e+00,4.453413750530978987e+00
1.255401913725314955e+00,3.217651529440372471e+00,7.741329807033471511e+00
-5.697786086346098955e+00,-4.490548505906027721e+00,-1.208530504715167986e+00
-8.384198248735760473e+00,-5.687204243757287614e+00,-1.055610561440886386e+00
-6.979933977630530251e+00,-2.027423956086541246e+00,1.057814852428830221e+00
-9.682120186521949279e+00,-5.298738812157145261e+00,-2.165978349219364940e+00
-2.191696213291599360e+00,1.789018101847215103e+00,4.155639950273950944e+00
-5.669238586640846123e+00,-1.409160573678300832e+00,-3.843872571959021656e-01
5.638867327560368459e+00,7.816289314766025953e+00,1.009483703505258312e+01
-1.306740369712633232e+01,-8.893096226830074613e+00,-5.262253693872257720e+00
-2.966326133737042792e+00,-7.507130150593273044e-01,1.576050355204968056e+00
-6.096940262919444464e+00,-4.651219606152915631e+00,-4.028454542296167062e-02
-1.420259484621522628e+00,-1.023173040119666366e+00,3.865741556570392312e+00
-4.105409274987527724e+00,-1.127382128898569924e+00,-1.010377490435309333e+00
-9.060117064000774434e+00,-4.903030144331474105e+00,-1.458613182020930932e+00
-5.436015384588330335e+00,-9.876422076468047706e-01,-6.279206864360484808e-01
-1.283461529898404763e+01,-8.256732508653056968e+00,-6.593008173939644223e+00
-3.861555448010535407e+00,-1.457940050544925370e+00,2.280581211434379973e+00
-4.256777914651162398e+00,-3.345013714176409358e+00,-2.820506315012914378e+00
-5.575580968487629185e+00,-3.357611588427885430e+00,-2.703546537642577352e+00
-5.344495296618189784e+00,-2.843559846566286353e+00,-2.797757874667806455e+00
-9.426251223028938142e+00,-6.310340510522671309e+00,-2.916153830797543201e+00
-4.792094166690088919e+00,-2.603132097431198666e+00,-6.785291238533521785e-01
-3.757185186736518467e+00,1.121792076980894670e+00,3.952143087873861038e+00
-1.298104217873658861e+01,-8.261259500260690558e+00,-7.136120553679446310e+00
-6.829689431841896585e+00,-3.137328151970758761e+00,-1.573093491213999329e-01
-1.103440508532266229e+01,-6.256072725149318003e+00,-5.957256192514660320e+00
-1.336758646237683834e+01,-9.405817792407045630e+00,-6.267892425964220138e+00
-1.253637653404284791e+01,-8.194950783934825012e+00,-4.351485492570857261e+00
-5.474936248389080440e+00,-5.073221086360732990e+00,-1.027390046250652667e+00
-6.399692254387844059e+00,-4.716721998407171768e+00,-2.463159062841162594e-01
-7.375504682968960779e+00,-4.543416223378276442e+00,-4.208651748551918814e+00
-8.887957615721230553e+00,-7.446085010262166293e+00,-2.584238177573221940e+00
-7.712162717102742704e+00,-4.004751338874740441e+00,-1.662852918532355950e-01
-8.513050953991649905e+00,-4.123560213060418533e+00,-1.638627301784365109e+00
-4.713803538033782825e-01,2.777682335544868764e-01,3.622537092211434384e+00
-1.186967312382188133e+01,-9.169134153037605373e+00,-4.394068362784190107e+00
-1.588523701040638336e+00,-1.369272418658781909e+00,3.312038550389184266e+00
-1.312308678809277218e+01,-9.851012542581418785e+00,-5.621801015842689431e+00
-9.083463679817622705e+00,-4.768125607193304916e+00,-2.510420138147022584e-01
-3.471135085259284825e-01,3.954738624121896251e-01,3.976155740392219418e+00
-1.350877364139782166e+01,-9.536555393335490294e+00,-9.268769463235059902e+00
-6.912461161104646479e+00,-3.658499154214801319e+00,-1.188772727804671359e+00
-1.256392184146618796e+01,-1.253451765899574255e+01,-1.159752546216368962e+01
-1.343141419637930767e+01,-8.460630629079576082e+00,-5.224848914984189463e+00
-1.373974392081344220e+01,-1.148821734959673257e+01,-9.466955333117585525e+00
-7.114802406893125486e+00,-5.081274261269902226e+00,-4.258052192161011718e+00
-3.548636717474346725e+00,-3.134624437041114930e+00,-3.191083038262521043e-01
-1.027399541096267299e+01,-7.907161621256019401e+00,-2.918153576573765839e+00
-5.591479449684803704e+00,-4.085220689592429011e+00,-2.151319013171129058e+00
-9.500446180977263566e+00,-5.618449029861571020e+00,-5.355375550490511394e+00
-1.229275795559367523e+01,-7.833377537281031699e+00,-6.449791791172309274e+00
-1.544518625481144980e+01,-1.117141980349710551e+01,-6.614994551693789582e+00
-6.910706551815922971e+00,-5.752764405495330635e+00,-2.644742366491286578e+00
-7.661196772707939751e+00,-7.027873870835670722e+00,-2.359634785073670749e+00
-1.060525578286217829e+01,-8.844633822820620495e+00,-5.659240067743359859e+00
-5.650042660161254560e+00,-2.334841780698847735e+00,6.563403106178165025e-01
-1.051691330647218869e+01,-6.272023043571831380e+00,-5.363105141889684013e+00
-4.432137204518708629e+00,-3.473363059496239469e+00,-1.664156778689636074e+00
-4.887401836321344284e+00,-4.071907874122991267e+00,-3.355508510478543371e+00
-5.055115249353899110e+00,-4.446921644196635270e+00,-3.104709021087766363e+00
-1.275707167262760677e+01,-9.043973648478816685e+00,-8.506608105995145053e+00
-1.070298283216092017e+01,-7.162696644450719852e+00,-4.596497064853243053e+00
-1.396139613743799579e+01,-9.543838086614023553e+00,-6.175518080391812603e+00
-8.424808192354577230e+00,-5.385819526511617106e+00,-1.641143260653538327e+00
-8.015446654377059943e+00,-7.057466777831329807e+00,-4.282945493938917991e+00
-1.241478469385686445e+01,-1.171500880376490628e+01,-1.054847693880886794e+01
-1.353755467705352089e+01,-1.028778218753956253e+01,-7.557199437777813777e+00
-5.258268253990125096e+00,-4.384998048717546837e+00,-2.445432494938160062e+00
-1.006156441901952903e+01,-7.934822759616591448e+00,-3.930858785927283883e+00
-9.931334294298377330e+00,-8.176482006248420475e+00,-6.759710231646547385e+00
-2.593456306627614172e+00,-2.442460674524125963e+00,-1.398726494535785125e+00
-1.349303096013701619e+01,-8.637663023665227868e+00,-5.670756073753874915e+00
-8.293962257249866354e+00,-5.214479757838902607e+00,-6.969931174118793038e-01
-9.227897789689006203e+00,-6.676496923026443042e+00,-4.232543452168619602e+00
-3.291752443156063634e+00,-2.073352510078251498e+00,-1.485761289788757544e+00
-8.258101700183281935e+00,-4.510888474847487117e+00,-7.340280898052031766e-01
-6.503260184702167379e+00,-4.691278519024465687e+00,-5.718253854849697504e-01
-1.515057410824931772e+01,-1.139301885059724739e+01,-6.604070825321061378e+00
-9.105762156902496685e+00,-7.398284043101220675e+00,-7.178296527266976312e+00
-1.131579810028879862e+01,-1.079908389168559424e+01,-6.836622328259995385e+00
-8.405884449975877359e+00,-6.266590784030524830e+00,-3.531934340381419624e+00
-9.252814248708123301e+00,-6.326875934835384463e+00,-3.065959045132213401e+00
-8.780690511003102827e+00,-5.507299896330177802e+00,-8.753637797338980064e-01
-6.581106417084924054e+00,-3.822814122297504724e+00,-2.402797331951813220e+00
-8.045980844802164356e+00,-6.264103645008752608e+00,-5.507270920891747856e+00
-1.298738686307493673e+01,-1.109266747012859433e+01,-6.102592408095230070e+00
-9.741050104122420450e+00,-7.225101323223162453e+00,-5.461125101904150014e+00
-1.059242322072374343e+01,-8.793606882079677334e+00,-4.253025355990138756e+00
-1.104041786909230716e+01,-6.676813687405470432e+00,-3.726808001693256323e+00
-1.094282839805894447e+01,-9.085314546234034339e+00,-6.714325465675406335e+00
-9.240803865261657535e+00,-7.772767876333378290e+00,-5.341263433652374104e+00
-7.923281560932529111e+00,-5.412539435551106060e+00,-9.614705896413893171e-01
-1.005436672934342113e+01,-8.529053512422738237e+00,-8.148229580879265299e+00
-9.720907641543494293e+00,-5.736564536801894043e+00,-3.098532712182278104e+00
-5.203970264789554712e+00,-4.997569452601386075e+00,-1.980575766673452698e+00
-1.191396265064325100e+01,-7.228007852313204751e+00,-6.231638713941825891e+00
-1.431171184719260658e+01,-9.983280668558332849e+00,-6.039748698425972506e+00
-6.968679735343762616e+00,-5.223055602316355461e+00,-8.399441947907320127e-01
-9.306965520470296127e+00,-7.460273554841248433e+00,-6.705962369801551581e+00
-1.164378174363442930e+01,-8.878766614892963815e+00,-4.449828803683339551e+00
-6.879931258295382435e+00,-5.266394465892338950e+00,-4.988344220277344476e+00
-4.127822753572648828e+00,-3.737266726584821175e+00,1.097592215572208207e+00
-7.346309942777200064e+00,-5.225429098671101613e+00,-1.854729878973353063e+00
-1.288371150591915182e+01,-8.929675019193570762e+00,-6.893099416692475501e+00
-5.801334149821532726e+00,-3.996286261521559524e+00,-1.907956844754632897e+00
-1.115866890523443011e+01,-7.051868141184806760e+00,-6.591207945735143348e+00
-8.724680252209365605e+00,-6.737879382972773890e+00,-6.139882679236182028e+00
-7.022713835908203528e+00,-4.105984681750314280e+00,-3.855231606466850813e+00
-5.708615673535507362e+00,-5.117831056317148075e+00,-4.599388138142218807e+00
-5.751163144430361029e+00,-4.887504530000145841e+00,-4.751119624116055817e+00
-1.033496547033793966e+01,-6.330977380296361368e+00,-2.953571423138280139e+00
-7.834547150109304248e+00,-3.006075260698539253e+00,2.964414306826768097e-02
-1.235349780415875642e+01,-7.880160360137037578e+00,-5.162886633289527794e+00
-1.062474057423036022e+01,-9.049283690596459095e+00,-4.684091558536924715e+00
-3.253987060632219652e+00,-2.327467276608759406e+00,1.928536679150185229e+00
-9.462116639485481429e+00,-6.539979510005887064e+00,-5.046814954003668419e+00
-9.405682199060645843e+00,-4.761336028239477436e+00,-4.410698430159515127e+00
-7.883812588564794055e+00,-5.472264017375094269e+00,-6.523566771736595271e-01
-9.645065043214398059e+00,-6.753039528058857321e+00,-5.853963627665756064e+00
-1.131646156723702212e+01,-9.531026180181768837e+00,-6.097022846768965110e+00
-4.690357676016553512e+00,-4.477899366956621385e+00,-4.106186190011769988e+00
-1.239019133509204451e+01,-7.656932968372078818e+00,-6.980204261157892276e+00
-1.352461370172414235e+01,-1.004348523299164420e+01,-8.435263049101024535e+00
-7.434850071509858438e+00,-5.083894608735094245e+00,-2.253450992900824179e+00
-5.875789196599614961e+00,-3.891087896619401576e+00,-1.771349102884977267e+00
-1.197675756183697082e+01,-7.647589024435706762e+00,-4.515653533656944774e+00
-1.378664834424706953e+01,-9.149437101832994301e+00,-6.701661566990546604e+00
-6.463241812341056658e+00,-5.962458286729956924e+00,-1.120808944845943067e+00
-8.583944764541250549e+00,-6.509251355116767890e+00,-4.516989080423931213e+00
-1.088213253873808029e+01,-6.419640480089370271e+00,-5.660926687804356483e+00
-4.619537086165795614e+00,-1.235159234280276408e+00,1.734046299973511118e+00
-9.231083873325303557e+00,-7.012831542229391424e+00,-2.941352487763998269e+00
-7.121401344832291258e+00,-4.624145659841581768e+00,-3.219953769006700828e+00
-1.730317890938936065e+00,2.368991782600593510e-01,1.504130853221117725e+00
-1.320946403912444822e+01,-9.970167266201599432e+00,-7.025420356559758162e+00
-1.039906872496787038e+00,7.908922580370036926e-01,3.287519691477123640e+00
-4.898057864401346606e+00,-2.160477208672863192e+00,2.373182023662970153e+00
-8.100080356990860153e+00,-5.374469871496312834e+00,-1.671127536153449888e+00
-3.972633738844312035e+00,-7.632748655985750474e-01,2.000995307778086651e+00
-5.190664790597953271e+00,-1.237832163681304554e+00,1.768494839723016021e-01
-5.471952022383889336e+00,-1.132513749321412355e+00,6.740064172518582808e-01
-6.429779802616637951e+00,-2.410911009515148251e+00,1.743869876347015513e+00
-6.991196329271229359e+00,-2.040096460682369717e+00,2.482072554111419471e+00
-1.685880470161977396e+00,-1.455984041766184234e+00,-7.171889728346477755e-01
-7.964794153042294766e+00,-3.475393594050142365e+00,1.056863529850316841e+00
-2.876498230772771336e+00,-5.811704379950013433e-01,1.197380692922197287e+00
3.455447843665593322e-01,2.145777178703440757e+00,4.107125739747154114e+00
-2.676374264620212884e+00,1.315816983904963600e+00,3.343573877939612249e+00
-1.175538861863922691e+01,-1.143031190173996947e+01,-7.289007956415680667e+00
-3.365002373449339057e+00,2.019368592259338513e-01,1.118719337893689048e+00
-3.830280755288320904e+00,-3.242332792789756724e+00,-6.167877867183904073e-01
-3.309756408099318037e+00,-1.006509149376284995e+00,2.872888716709909751e+00
-5.519530884902051682e+00,-2.418646643455936829e+00,-8.452053566891344349e-01
-5.441638639114437126e+00,-4.080939400761931068e+00,-6.187833007314136324e-01
-1.067829985621608468e+00,1.032838708976380193e+00,5.154191445934431570e+00
-3.475898723480791652e+00,-1.930766241574769726e+00,2.927714378714942445e+00
-5.232493621551907559e+00,-4.017060189737794218e+00,-7.448034992930367970e-01
9.836926033427801919e-01,1.961241837869327043e+00,3.213515924926459100e+00
-1.962892001223764948e+00,1.769056415136789351e-01,4.788448017149668168e+00
-7.715324481116953237e+00,-3.117301997866456897e+00,1.447229883015392016e+00
4.592601972183305570e-01,2.943273036770240658e+00,3.199286528710284738e+00
-2.245522097485777024e+00,-1.711207087909239588e+00,-9.270422461721939955e-01
-4.335851897955532053e+00,-2.131604732179681605e+00,-1.683973791061410541e-01
2.852976965929571174e-01,1.118469953385263782e+00,5.822635978952831692e+00
-5.415224335603268990e+00,-3.141739924831972175e+00,-1.901847691336833179e-03
-1.355974855384352473e+00,-1.181658640384471992e+00,4.075712105903368521e-01
-9.075419175888832513e+00,-5.504013044718424119e+00,-1.828598240466209557e+00
-3.528989512052205235e-01,1.171441619994024741e+00,5.285976045893249875e+00
-6.572881642347295994e+00,-6.395371106046701115e+00,-1.930317475158037865e+00
4.691836737280714154e+00,5.045816380069097384e+00,5.818713379937975105e+00
-1.100354543260724904e+00,1.988851486069791230e+00,5.343656554607328246e+00
-3.102386919130276866e+00,8.458643549403375150e-01,5.465259803613460754e+00
-1.113434699975618392e+00,1.060008066672163851e+00,1.498666758846019853e+00
-4.525556203557682622e+00,-2.202270738137667827e+00,-1.088680347843444807e+00
4.605995897285931839e+00,5.862073461280967734e+00,6.554641280107070145e+00
1.437346328515892502e+00,5.262990201415618685e+00,9.435842469970292967e+00
-2.698404147605951486e+00,-1.140976770762035741e+00,-7.480973652359176329e-01
1.255546392431086566e+00,1.369556424926724914e+00,2.849557051255973583e+00
3.727319033566980799e+00,6.087929313126258180e+00,8.221289871468520971e+00
1.614937317382743487e+00,1.783743253599899159e+00,2.831460570696181733e+00
3.647632981325523716e-01,1.670101706830398935e+00,3.223605357012933936e+00
-2.440991173528343161e+00,8.574109397395559551e-01,1.698012989857492716e+00
3.870793102439376909e+00,4.518132674696268225e+00,6.732861296606190038e+00
5.518257729716063764e+00,6.570805294204008717e+00,9.612742857254499285e+00
-4.215413522436064042e+00,7.410954049143936295e-01,3.955404598931214100e+00
2.300324463627068994e+00,4.496385268330161722e+00,6.716156206456826538e+00
3.004263794710535063e+00,6.975176962030264605e+00,8.948018534955329173e+00
1.891329531050535806e+00,5.830688275385483621e+00,6.973868239489402043e+00
2.269125702470899064e+00,6.616141191894042706e+00,7.167148582036781512e+00
5.921235100140086693e+00,7.963940036484387974e+00,8.400540834475521024e+00
1.586703495266435837e+00,5.670611465718262245e+00,9.634917849745288976e+00
1.229656011891665734e+00,4.350266200348440471e+00,5.582276119888851085e+00
-1.755739914808329694e-02,3.703076270953324922e-01,7.505741242002971214e-01
-2.026784745019975631e+00,2.170090074117731582e+00,4.291853116591234141e+00
-2.118802858678431100e+00,1.521626776741711318e+00,4.489152142613530572e+00
3.107649853061145606e+00,5.778258587329441198e+00,8.856012538585400051e+00
5.930727533767155002e-01,2.799578273539133910e+00,6.932273366916812840e+00
-3.124929872042782719e+00,1.809193655159596403e+00,2.829524921568745022e+00
-2.061005326730411369e+00,2.283299081768781491e+00,5.481581372049879164e+00
3.398797861903446460e-01,4.951197929178588808e+00,9.305584463051042476e+00
3.067997382044526766e+00,7.299913433756179515e+00,1.179280767693870224e+01
4.016943708084161457e+00,5.020082113300781579e+00,5.431238630524674704e+00
-2.178566210652069124e+00,1.140060461776669420e+00,5.305667646072837584e+00
-2.098562640235912546e+00,1.320214675631701695e+00,4.088763696209494647e+00
1.380333685967795709e+00,3.774497316448255368e+00,3.855392349152633180e+00
7.761585086676950240e+00,8.579980567270752090e+00,9.221514641110747590e+00
4.938406416736127014e+00,5.286735612069027646e+00,7.094798835211042487e+00
-1.859095144190396454e+00,2.353109475264384187e+00,6.056064018195009169e+00
9.311558614711891835e+00,1.136148109424274821e+01,1.408041114295970786e+01
-2.442513814861628774e-01,4.176369136405158500e+00,7.141102157626201041e+00
4.565176558934130213e+00,8.696046190011816890e+00,1.358416535571036832e+01
3.229590970894638424e+00,7.835932274876022063e+00,1.094960486870384742e+01
5.143921215376089151e+00,9.777743953658593057e+00,1.210359255443747273e+01
1.072855726659594744e+01,1.306507036913729536e+01,1.435608114535229518e+01
1.447015214789696635e+00,6.270987612282573842e+00,9.269605371623059753e+00
7.645302753619068525e+00,1.173943586591162358e+01,1.506741980636886069e+01
1.397510367707092360e+00,4.315995858472724045e+00,7.807039269533797565e+00
5.108254301126263996e+00,7.743710285045525055e+00,8.582823394297427910e+00
3.384475988332368956e+00,5.633989283834502260e+00,6.036004103675444377e+00
5.548922133828932957e+00,6.090630209346366009e+00,8.196756029042388647e+00
-1.261635921581865105e-01,4.677620304533527396e+00,8.027648163832219907e+00
2.366927813127629676e+00,6.878910726132505538e+00,7.044085228784833674e+00
6.724567535194355017e+00,1.014432314575742389e+01,1.223545970725449372e+01
4.389352660397502603e+00,7.864478449733299570e+00,1.254682936653932401e+01
3.456195852030837568e+00,5.878691571242729452e+00,6.373613228711020540e+00
1.033919970868655902e+01,1.356838436305153017e+01,1.787393447631628618e+01
7.065576418135369963e+00,9.999226927429692324e+00,1.440449469365321633e+01
1.120830751141206960e+01,1.167386917853706407e+01,1.198420237875274985e+01
8.297206858872064217e+00,8.932496866191124596e+00,1.391137917038122040e+01
7.857732238094786936e+00,9.429615509105738980e+00,1.278426905179389728e+01
6.005659843229874895e+00,9.854109912858007192e+00,1.125779313244164292e+01
1.321086592253054626e+01,1.427911359546496506e+01,1.777029651544198430e+01
4.556645972827698898e+00,8.030050834866754528e+00,1.025422980734965606e+01
1.155042760415058112e+01,1.377891136263083460e+01,1.772129813454429836e+01
6.757305956106848477e+00,8.939736783300114453e+00,1.064479059114239767e+01
4.150956093170810490e+00,7.384579159635878298e+00,1.175238891846912104e+01
-7.266305858022397146e-01,4.165305442380376810e+00,5.520650014547318740e+00
6.527590904552880602e+00,1.024345669315179919e+01,1.226963368173283087e+01
6.337174917195454782e+00,1.008672526141952552e+01,1.049711558926422228e+01
6.081343790874828237e+00,8.760379444192979648e+00,1.360262422467199883e+01
9.624877128305797669e+00,1.289609716498279290e+01,1.624859265393331853e+01
4.040236475450675435e+00,4.956170051324882309e+00,5.719826602871249221e+00
5.262314718458742213e+00,9.351814568128025584e+00,1.101649042043647775e+01
2.552798313752944637e+00,6.836726544255648186e+00,7.246097333667769647e+00
6.176807180408291131e+00,7.693010687766564715e+00,1.173125418279424714e+01
8.092867774416401261e-02,5.038635239038972813e+00,5.113099831419355645e+00
1.226094045193821636e+01,1.485608048464520081e+01,1.942594758436646885e+01
1.182122971406623790e+01,1.447207738834927326e+01,1.623534037803083407e+01
6.471887794124468130e+00,1.046903044065952315e+01,1.500489508564152352e+01
7.600045398052692747e+00,9.900919693914026709e+00,1.024295674509058784e+01
8.493158344709264895e+00,1.022851038593636908e+01,1.111351785956245841e+01
5.750539091445817874e+00,8.948526615357051739e+00,1.142544544690364816e+01
7.882142823787085639e+00,1.096644666632233900e+01,1.295497229406118933e+01
1.056703853277644889e+01,1.307469911733216428e+01,1.452727840972508133e+01
1.015501486205361381e+01,1.159829955625886555e+01,1.258835677689938137e+01
1.120149876625164076e+01,1.269506950247900789e+01,1.344343838901116328e+01
7.695697159394557119e+00,8.734370351550914791e+00,1.212151882264796399e+01
1.015284637745717333e+01,1.262946615254380589e+01,1.322867024605011643e+01
6.956882675813218952e+00,1.022833387920576165e+01,1.408608930589440789e+01
6.978834006749572438e+00,1.139690343436239672e+01,1.585617412945251914e+01
-8.229384931182996965e-01,3.363071359885539735e+00,6.256193868293124183e+00
4.523654818446614101e+00,9.300409366622774954e+00,1.275037773724253753e+01
7.285644388980432318e+00,1.096750978504620910e+01,1.585760520948902652e+01
9.440759989776156047e+00,9.935437892128190285e+00,1.469985997055530547e+01
1.314842781056013976e+01,1.421006973644134774e+01,1.820943037717075441e+01
1.200706395469856957e+01,1.372975315446430677e+01,1.606781827556999787e+01
8.539402707467941056e+00,1.138866501522959318e+01,1.529198517807237323e+01
9.397400704775293434e+00,1.158969093903174397e+01,1.198695162504308165e+01
7.539522351138225886e+00,1.180288548468506704e+01,1.189571484117853473e+01
6.105456135279251129e+00,1.097812504476611117e+01,1.559731636592297832e+01
7.054568256298426654e+00,1.204748765754356477e+01,1.265822598803397270e+01
8.793114683165100587e+00,1.221623632357886891e+01,1.328893929018861186e+01
6.964294631610401964e+00,9.573418925037408655e+00,1.378776713589833491e+01
7.517431310597524785e+00,9.432846255226964516e+00,1.433117235838945192e+01
3.609934842520812648e+00,5.981669814633701066e+00,8.757001045945516537e+00
4.235336789307408978e+00,5.643474674979485073e+00,9.426853865431567669e+00
8.244972807281866878e+00,8.826223535915938001e+00,1.371519344298357979e+01
5.301828735230891709e+00,5.918635415319931425e+00,6.362389366561550297e+00
5.986397598934749098e+00,1.031354696036877883e+01,1.164016624194693250e+01
9.921357813519360747e+00,1.260717702351176328e+01,1.681965889575346296e+01
2.917079460334149221e+00,6.007810187289155834e+00,9.222830570103823788e+00
7.006511510204892268e+00,9.764674043765189992e+00,1.235127023878438379e+01
6.289966307795120670e+00,9.953328078315873739e+00,1.414726630129963425e+01
-9.893767194431646317e-02,3.332726653280268181e+00,5.105851077290028073e+00
3.172323183703128713e+00,7.088213068851352716e+00,1.193371839441357807e+01
1.485585245289919776e+01,1.502414677960251588e+01,1.556407208095829553e+01
6.632597613481006960e+00,8.233037818160894972e+00,1.291627690583740673e+01
4.704352824387123988e+00,9.466508104385949807e+00,1.169148374856791861e+01
8.721636529965898887e+00,9.274337605284657116e+00,1.355598833303418971e+01
6.891831432774887745e+00,9.524685131412724104e+00,1.366734663068143618e+01
7.407404025828988381e+00,9.582322847406631539e+00,1.372371444380125105e+01
9.921453019920791760e+00,1.191530126860162753e+01,1.350241034056727685e+01
2.262981518325104080e+00,5.055565347986949121e+00,5.896525038788452910e+00
2.141616102651472175e+00,6.996396751656504875e+00,1.074756617802142955e+01
6.009733458301826481e+00,1.083248606918178680e+01,1.549639865818334883e+01
2.093546258317377617e+00,4.504699160215243303e+00,5.047475747358159737e+00
5.060763557213027397e+00,8.355976502285118457e+00,1.301723768814732551e+01
7.049786231373593282e+00,7.711105056052788953e+00,9.587632595919469480e+00
4.788998013982099344e+00,6.818095944847970102e+00,7.479024740542151051e+00
6.034685041685387219e+00,7.948045086908870793e+00,1.067348092092650624e+01
1.012315188243742092e+01,1.029016477484427483e+01,1.369231694641191766e+01
7.124916546351612645e+00,9.176036108710931671e+00,1.166379368729835875e+01
5.923984919332749399e+00,7.977672775819380391e+00,1.086372218310431492e+01
7.636429410235294313e+00,8.690608264263801175e+00,1.334630777394756151e+01
1.224887529391506646e+01,1.267382903064102173e+01,1.274324791862724560e+01
9.765926399726360785e+00,1.172156669512584060e+01,1.362863936411055832e+01
-2.557395368646639966e-01,4.139598568481344110e+00,4.271112260940459038e+00
4.643633286692509188e+00,6.102914352079409355e+00,1.085265103656575292e+01
2.849944703955971104e+00,4.429674695778675897e+00,9.190668476984440005e+00
1.083146340753510017e+01,1.165317654798901437e+01,1.309787396427195993e+01
4.128957927341111223e+00,6.482977480458932185e+00,6.853782975319429482e+00
4.277102740306668593e+00,5.234845859266365586e+00,8.490449835052356065e+00
2.371939808812881800e-01,2.258573380397487007e+00,2.559436923243812334e+00
4.752886438471754182e+00,7.376274211109537404e+00,1.009432987397408255e+01
9.432697896415355387e+00,1.160920857174102494e+01,1.287442229212908806e+01
8.211266164809295276e+00,1.036416057168716520e+01,1.051632696429546243e+01
1.999289801347676754e+00,2.057344404999022380e+00,3.795751334818826095e+00
3.845382963651293284e+00,7.752302560503964379e+00,9.924369543706408336e+00
3.772867614784560342e+00,4.627580626994499902e+00,8.729832826782562449e+00
7.079362262805588557e-02,4.613571161657372244e+00,5.825235705436404565e+00
7.539404985431863437e+00,1.112961604679323102e+01,1.607631730551245397e+01
2.772551051458505444e+00,2.818153312328210980e+00,3.226127681661637325e+00
-7.998268276854894054e-01,3.351812992151976367e+00,3.842726147955986882e+00
-1.794443244369185120e+00,1.073579148760294366e+00,1.848053576307554735e+00
8.351507623772789657e+00,1.034280286507281232e+01,1.387592261608174127e+01
-8.329249742531006362e-01,2.429860891767833486e+00,3.307976000515626680e+00
5.547223394452495349e+00,8.412603080456317883e+00,8.736101007376547045e+00
6.727320565668096997e+00,7.981052935625929656e+00,9.228554598080213722e+00
-1.584026521145958100e-01,4.000291101924969617e+00,6.169755742897335971e+00
8.114599497972301734e+00,8.696723368967369083e+00,9.185616786893298524e+00
2.699945337639172216e+00,3.917910817049914840e+00,6.191757590995324634e+00
-5.917286760932820577e-01,1.605970423854509388e+00,6.130641880020268886e+00
-4.737087867622900461e+00,-4.106534083278948088e+00,-1.054170452690529558e+00
3.213764132189812273e+00,4.817360953223661646e+00,9.546522890798396332e+00
4.575964968963114998e+00,5.758118237728135469e+00,8.138993277299405804e+00
-5.469117058741044701e+00,-2.155551114743814445e+00,-1.155704632454386260e+00
-1.314040658285480667e+00,2.895373842230593908e+00,6.231444837203490295e+00
-2.497758127544195350e+00,2.172167024261783208e+00,6.969471748833337088e+00
1.248541214979265845e+00,4.347789157558288764e+00,8.414613975224231268e+00
3.231485142147151990e+00,4.066357279592299534e+00,6.269983157792764494e+00
5.352538379872450847e+00,9.094012686148580826e+00,1.366545756246490306e+01
5.657746493109611308e+00,6.669326238348153524e+00,1.086967331818291171e+01
-6.353807852498260189e+00,-3.764557613521891000e+00,-2.090152948352613116e+00
4.011374906973163235e+00,7.135373216321457157e+00,1.004788079069611939e+01
1.846038607661864006e-01,4.763089278523001902e+00,6.109092521439491996e+00
-2.261437147111332813e+00,-1.172131458147191552e+00,8.676979308085304154e-01
-7.520786634678014337e+00,-2.785063813717844727e+00,4.827527010893728487e-02
3.401650794606098760e+00,5.889496659343300244e+00,1.084999983396362566e+01
-2.736151387819619529e+00,4.224519860976398977e-01,4.804073876943546928e+00
-1.609347166346169811e+00,5.221529561451556667e-01,3.987281493406405364e+00
-1.478278627842348758e-01,9.513462004299528818e-01,5.709725351174278707e+00
2.852530972029460266e+00,7.245583454339407758e+00,1.139124284245410479e+01
-1.830734330833848400e+00,6.567342548913467359e-01,2.667157045628527623e+00
-3.682306921013735135e+00,-1.424238042439284202e+00,-1.267418381300453145e+00
-2.256134137623924119e-01,2.319536718239939344e+00,3.669903008987422943e+00
-3.566013695653551530e-01,1.983267404797149691e+00,2.956267867107810421e+00
1.335247154705816897e+00,4.384285001450844987e+00,5.796626299716720609e+00
3.996438225648059728e+00,5.209163037223961901e+00,5.773782494370061968e+00
1.503464157177750504e+00,3.261392999843826690e+00,6.577243564477956994e+00
-8.937121300456395190e+00,-4.197543522719536568e+00,-9.015698638357685368e-01
-2.852843333035051998e+00,7.354677817164201326e-01,3.871758950341910754e+00
-7.083114237690566029e+00,-4.446715501839312523e+00,-8.194173500986581260e-01
-7.091307481382537858e+00,-5.179062831292190694e+00,-3.169440427584341080e+00
1.594182396799482593e+00,2.606375515062225645e+00,4.982399701037958373e+00
-3.636069480178868218e+00,-5.519945859388984966e-01,1.711521226450220201e+00
-2.324532283638224062e+00,-1.223341308671406669e+00,2.414656038609361399e+00
6.930705927312708070e-02,4.068619829567976520e-01,5.336880502326858178e+00
-1.109238922247420600e+00,2.953740533922304845e+00,4.716513362012808130e+00
-2.539500255832105147e+00,2.248773807232882227e+00,3.140821066900947756e+00
-3.044340081832926259e+00,-2.749954311375302218e-01,1.515387063712297921e-01
-4.265356389172019647e+00,-2.483483111739155369e+00,1.863290042958757553e+00
-2.402408705096966912e+00,-4.791507270998536239e-01,2.428952651957644093e+00
-4.012753198402898569e+00,-4.143297686261511181e-01,3.283495127687301451e-01
1.226610683140382241e-01,1.640972358877461623e-01,2.176372534774892120e+00
-6.024272243085649237e+00,-2.313221407120267248e+00,1.953061918957606391e+00
-2.445481788648136146e+00,1.976388810454068334e-01,8.101304304015357616e-01
-2.918130196408764476e+00,-2.132185991799445457e+00,-7.627197540278700671e-01
-7.730557153601367304e+00,-3.315330080359986109e+00,-3.293019160692656655e+00
-2.528644891942465556e+00,-1.083327451162729105e+00,2.082955388642393935e+00
4.864673672273029936e-01,3.816497303890678872e+00,8.198477655701482902e+00
-4.667055962514672807e+00,-3.165486651884587221e+00,1.660617878605693765e+00
2.990827659240156144e-01,1.086228207393787670e+00,3.608038450760902016e+00
-1.079046700839278117e+01,-5.878317905572961521e+00,-3.346764614918932956e+00
-5.706389881989493595e+00,-1.445405061027275728e+00,7.135090461588320387e-01
-3.512268819146676879e+00,-9.891680888356977341e-01,1.825312132683326816e+00
-8.572612456255114921e+00,-5.263381095375960328e+00,-2.512112135467887697e+00
-5.701943445439333402e+00,-2.812906552469339516e+00,-1.542845367256512112e+00
-7.767641326798643497e+00,-7.269160026809975861e+00,-6.564372258698796259e+00
-1.101263702480320639e+01,-6.113870236715588824e+00,-2.975627953250881585e+00
-3.474426190294561678e+00,-2.564060132863442476e+00,-1.409045239977583019e+00
-7.248620583749017854e+00,-2.838264758336639382e+00,-1.079175626120765674e+00
-9.542929483692503823e+00,-5.339829884541588356e+00,-3.960015865287630277e+00
-7.690445994389726536e+00,-5.215452398269506240e+00,-2.892204671769028401e+00
-6.129025511434775808e-01,1.639515322667770114e+00,5.634755431682656912e+00
-3.743220090022789659e+00,-2.857276283255549831e+00,1.332319191597788777e+00
-8.202430872247262528e+00,-6.909976418997510805e+00,-3.128226468845384467e+00
-1.332610370255249066e+01,-8.651977302923173241e+00,-4.400818665891968351e+00
-5.619871070012360192e+00,-7.950451481689713162e-01,2.396259585290705818e+00
-7.675524189613733839e+00,-6.485291528543718265e+00,-2.282697898489967514e+00
-5.894939847750058526e+00,-3.304446420773755833e+00,-2.025493484674515621e+00
-7.297695026518175254e+00,-6.588312462260567770e+00,-3.891954415226202002e+00
-5.797921326795757224e+00,-1.802572515778578577e+00,6.541027991298831168e-01
-2.214073162964378838e+00,-1.894533078565269424e+00,1.878192398862581491e-01
-5.222734713688429231e+00,-3.697556859751372826e+00,2.490196401547066785e-01
-8.570260942280963690e+00,-5.880100671488595054e+00,-2.769324593666986356e+00
-1.210596750260888399e+01,-1.007005871309796596e+01,-6.757535889641236970e+00
-9.235688747063251824e+00,-7.847013100736166535e+00,-6.466321316288587084e+00
-8.670623052898575267e+00,-4.724225188670824416e+00,-1.598071106188316381e+00
-1.074308380560078291e+01,-7.460869505873516161e+00,-5.846975481592502355e+00
-4.165724748349267870e+00,-2.189856791027744443e+00,2.295303491408167140e+00
-8.025779884283078758e+00,-4.974674184582561054e+00,-6.314063496036874668e-01
-6.027949925079767901e+00,-3.780967343815714088e+00,-1.718043346344400479e+00
-9.880691284893940107e+00,-6.018991189236724715e+00,-3.424865281015486040e+00
-1.219814961350695270e+01,-9.892307757030707194e+00,-7.699170429174592378e+00
-9.059768134556911434e+00,-7.301202579469046050e+00,-5.193107725668369312e+00
-1.052170366845098926e+01,-1.000594394419883670e+01,-6.267105311367208387e+00
-3.573415290843290570e+00,-1.930757781056415823e+00,1.333029094446960272e+00
-7.815317451688192918e+00,-5.305548727353967209e+00,-4.595427877756354640e+00
-8.689431952627289846e+00,-8.421605083691794391e+00,-7.461219772059836330e+00
-9.316379912529363594e+00,-7.406377070769116777e+00,-3.481024048298520412e+00
-1.428178777124571219e+01,-1.127128806403796801e+01,-7.644830145244460695e+00
-5.971804386538936527e+00,-4.165377454464033846e+00,-1.681202218838930396e+00
-2.293990266205339523e+00,-1.853056725876843558e+00,4.531860861215868397e-01
-1.217465592146413655e+01,-7.277291089494498877e+00,-3.462644982288162421e+00
-4.759928900584506906e+00,-4.575729531053314147e+00,-4.042035972203051664e+00
-1.314913575562111703e+01,-8.836288090269517781e+00,-6.075594720758006773e+00
-1.108583343666908760e+01,-6.239462584836265258e+00,-2.712546009441538342e+00
-1.272976449216164774e+01,-1.250662778361005323e+01,-9.375877421663341593e+00
-5.458937679938888010e+00,-4.964528846798215156e+00,-1.071690965847648336e+00
-5.391084674033291613e+00,-3.830558403358225394e+00,-2.483978969344185828e+00
-1.129829479512524593e+01,-7.258297680513541295e+00,-2.556789695857919931e+00
-1.245649301209335924e+01,-8.260795342277990727e+00,-6.669642847703814326e+00
-1.463560818783583883e+01,-1.154756350588473168e+01,-8.342635869551829231e+00
-8.261849602939225434e+00,-6.455606710758812206e+00,-3.170435396372691450e+00
-8.221115006371167766e+00,-4.149084054749948791e+00,-3.944945875094179044e+00
-1.491839339657073715e+01,-1.251235434901096255e+01,-8.652018427161973335e+00
-1.053155157969532318e+01,-9.406231763071293273e+00,-4.619722830232053212e+00
-1.584206932761858866e+01,-1.129012888262972325e+01,-9.500922623325896765e+00
-7.489350391155246811e+00,-5.990046949046908153e+00,-5.199893624568860062e+00
-1.176724697935067709e+01,-8.538253066694043270e+00,-8.021617665438624201e+00
-6.815803348464984701e+00,-6.365911554306300069e+00,-5.128496519091359396e+00
-8.679673384843301420e+00,-5.853703031412106128e+00,-4.381130758320508356e+00
-1.148748961330568719e+01,-8.015503668204337018e+00,-3.343377546090549046e+00
-1.398457352672014409e+01,-8.986814801389614971e+00,-8.395572146289598692e+00
-1.236930673696637228e+01,-8.722724827390315738e+00,-6.496424090142548735e+00
-1.324578796128322900e+01,-1.067401798060236473e+01,-9.383382937904446663e+00
-9.987989339587793891e-01,-1.724394794498707029e-01,2.577072330356897201e+00
-1.326032459664151375e+01,-8.330213507065968415e+00,-4.349951839752185911e+00
-4.582793421347275853e+00,-4.369141161175651433e+00,-1.091334004273767366e+00
-9.334357186378746007e+00,-4.774742603981444233e+00,-1.683036967596716504e+00
-5.854355031860560388e+00,-2.619820023437197776e+00,1.610210251696662986e+00
-1.021179824725356511e+01,-6.384239956951573092e+00,-4.325982267957980909e+00
-9.604726534911558034e+00,-9.588295225970211888e+00,-8.163363113653900882e+00
-1.100750173443819691e+01,-6.139068879064285333e+00,-2.306967470678883636e+00
-8.065425329799186471e+00,-6.153799130009954155e+00,-5.435630155808468089e+00
-1.504003279585599628e+01,-1.049844577437734650e+01,-7.995635994665617474e+00
-1.048874937131263785e+01,-8.640692219731828772e+00,-4.341122656211243935e+00
-7.874742549246859014e+00,-5.582715753665296710e+00,-8.085172806865186246e-01
-1.150473200394221784e+01,-7.575757447836891423e+00,-5.361250106898204137e+00
-1.003100365759746282e+01,-6.779903658086689155e+00,-4.098710516424857175e+00
-3.072159684185420403e+00,-6.767780106977001608e-01,3.508914088705997969e+00
-9.978323835401164743e+00,-5.860239459361299197e+00,-3.444581142134648832e+00
-1.164357082688930767e+01,-7.583188491990235924e+00,-6.780388447075304192e+00
-1.098653161586397786e+01,-7.162858564481940249e+00,-5.362672635228211249e+00
-9.602809855400726846e+00,-8.969400098146563138e+00,-8.659739504718611869e+00
-1.411935193060892146e+01,-1.070838575612247823e+01,-7.820970225243601526e+00
-9.941581838338649391e+00,-8.382245746034474365e+00,-3.493416270311088923e+00
-7.659516079562331825e+00,-6.217149609106646047e+00,-4.257607306234423739e+00
-7.730517832345336515e+00,-7.330526438671149947e+00,-2.759699808688239386e+00
-1.852474619385794341e+01,-1.485490403908768009e+01,-1.310076732838454916e+01
-8.548058651202813607e+00,-3.730269109772921698e+00,8.748752309465737120e-01
-5.024900145493560011e+00,-2.780778749281509477e-02,2.475430239076433558e+00
-1.434951359632548673e+01,-1.186606208515647154e+01,-9.078257395902429749e+00
-1.089188193342001654e+01,-8.698807503884435022e+00,-5.032805055576039521e+00
-7.805171040775967128e+00,-5.514958730681039256e+00,-4.902690551183773948e+00
-8.294437601548976247e+00,-6.545904890213665617e+00,-2.726146884150437710e+00
-1.195008856519414664e+01,-8.661252151775034491e+00,-8.605866066414433746e+00
-8.764956830018707734e+00,-6.766339013486605936e+00,-6.304041327522816651e+00
-9.106046475117519634e+00,-5.677839863892851113e+00,-7.215531710681197808e-01
-8.672611809991009224e+00,-6.901599900028152490e+00,-2.694870838436727922e+00
-1.179651891361734428e+01,-7.456521634110964136e+00,-4.398451460704311700e+00
-6.290875711189803932e-01,-4.266427270103996250e-01,4.904365104826395871e-01
-9.367492375977782615e+00,-5.922248487275808770e+00,-5.510774584604562598e+00
-1.018890915081460946e+01,-5.810647033041128395e+00,-2.620063153220684171e+00
-7.358255813129959577e+00,-7.309934867956510374e+00,-6.299082835752844112e+00
-9.995611823683507424e+00,-5.951784003646294785e+00,-2.079302197276820863e+00
-2.676581067472676434e+00,-2.588840773242011117e+00,-4.450310304941309525e-01
-9.417486651817922549e+00,-7.537162295401784284e+00,-3.857384210286556758e+00
-4.758658008839181441e+00,-4.485134793717225676e+00,-2.431025288196277501e+00
-1.108105746505239253e+01,-1.027835223510941454e+01,-1.025447473295934309e+01
-8.873909733527188592e+00,-5.458544312746570704e+00,-3.201631945725858852e+00
-6.870462990798595015e+00,-4.403817983235003730e+00,-2.000817781718716937e+00
-1.436244223435803491e+01,-9.811007231639335302e+00,-6.707092528225031103e+00
-7.755901627310529456e+00,-4.820585713499283997e+00,-3.469357815416609370e-01
-4.246788719944742496e+00,-4.000235281159737255e+00,-1.519683758140564223e-01
-7.038511144994898494e+00,-6.020718053786160873e+00,-4.000966984027800599e+00
-1.201322084698036008e+01,-8.130301005480195187e+00,-3.888146121047645565e+00
-7.070805967707012307e-01,-6.304692832695653060e-01,1.770699684575113952e+00
-7.384957260837827775e+00,-3.627182930586075660e+00,-8.992603689706855086e-01
-5.788815884100849907e+00,-3.274299886355358957e+00,1.263968345821205652e+00
-3.632899980154590036e+00,-2.686977543608600527e+00,-5.190309742917977864e-01
-5.364672592862995693e+00,-3.920810954647711899e+00,1.913329650310999774e-01
-1.001847959407124122e+01,-8.723786571377843302e+00,-8.548282264885967763e+00
-5.211812564414728399e+00,-5.186745858871844916e+00,-4.834918492517696009e+00
-7.262585588730014585e+00,-6.321540755887083307e+00,-4.807379993111892347e+00
-5.044541611579111517e+00,-4.250975266407467146e+00,2.863710350030839180e-01
-5.331254712782965477e+00,-4.492956542539848996e+00,-3.869891456925998341e+00
-7.552380800267897598e+00,-3.450946682115358932e+00,-1.640076575459712416e-01
-4.109319093271136758e+00,-3.489664555870821694e+00,-5.058330343837171839e-01
-7.381733965039558143e+00,-5.945883125355554633e+00,-3.132235067308991816e+00
-5.965613152268945285e+00,-2.165968662350308716e+00,-8.236321500313408261e-01
-3.342709816419003221e+00,-3.110852500059791303e+00,-7.955230024392627719e-01
-7.254374819838213639e+00,-3.434096864209972733e+00,-2.014460742799432325e+00
-6.138500248983584484e+00,-2.668039878823837974e+00,4.694400517943897455e-03
-8.164900159289704362e+00,-4.548060216014300217e+00,-3.953151586879073864e+00
-5.941885204511488716e+00,-1.475144181207794780e+00,2.799723648891674799e+00
-4.048281724183674157e+00,-1.299910708550530591e+00,3.373495429482430197e+00
-3.038326540545183807e+00,-6.063181118753737664e-01,1.480336314536686348e+00
-2.884777358763173094e+00,1.085708042815516361e+00,2.301226568280458462e+00
-2.231860404100211248e+00,1.664256662888075500e+00,4.399867331422731453e+00
1.669798421863768478e+00,2.621213561120760538e+00,4.163888481623297722e+00
-3.425449229990417344e+00,4.280957124944917425e-03,4.479183032287458843e+00
-3.843824001850081551e+00,5.722382053288681547e-01,4.833653308502057655e+00
-6.652371354381167556e+00,-5.919879151960136809e+00,-5.751323569453013818e+00
-4.538905746220098791e+00,-2.444275498606018449e+00,-7.431391779208436077e-01
-1.015235778653058318e+01,-5.330431684911552281e+00,-2.928576001528773620e+00
-7.113299196508689803e+00,-4.334352095085650447e+00,-1.612498069869202411e+00
-4.987814176010674672e+00,-3.827260600361752196e+00,-1.323517424832214573e-01
7.560468507215700740e-02,1.023296193959556399e+00,4.589701855391721708e+00
-7.702882375262984915e+00,-3.286139883012516805e+00,-2.371672710251159444e+00
-7.916507811263659100e+00,-4.842635173797076753e+00,-3.894859711097411470e+00
-2.626852074315463970e+00,2.168127433323526976e+00,5.898655427245090621e+00
-2.590855512803822869e+00,-1.462740911084502660e+00,3.792626423648006728e-01
-1.321107961060412173e+00,-2.363450489473080118e-01,6.364800008427378142e-01
-3.274828181731150867e+00,-2.054782761097094124e+00,2.455815760324358443e+00
-3.295909974113873986e+00,-6.298338804279495218e-01,8.366847240986874379e-01
3.121261220872574293e-01,9.873243102441426888e-01,2.128332819120123176e+00
1.194853630683345713e+00,3.526473622278269104e+00,4.878954903925886377e+00
-3.842556494041930115e+00,1.119001322828961698e+00,1.608554389864000678e+00
8.016257721800172931e-01,5.602621129771682362e+00,9.094457298584233129e+00
-3.204080322395215674e+00,-1.385235941271628413e+00,9.246944451326366554e-02
3.570310975338293336e+00,3.802846511328938917e+00,8.278717103301548974e+00
3.053291777324717682e+00,6.892441179806502838e+00,1.014465242973058423e+01
-4.420798655719851311e+00,-5.622351512529037976e-01,2.538673084574091909e+00
-4.696982571082177316e+00,-2.299940536120589130e+00,2.522449839196513111e+00
-4.823064797957933081e+00,-9.784342740068057154e-01,1.687786964858595695e+00
-9.424547933819273027e+00,-4.717996566759160793e+00,-1.958494368165436761e+00
1.797890007382521915e+00,4.194868912633982205e+00,4.547192650093652588e+00
-2.774394729831236361e+00,1.947735971235813324e+00,4.406887967492849612e+00
2.917655366165248232e-01,2.169069623555511583e+00,2.259101258635726417e+00
1.610161588202379868e+00,5.665386904124178002e+00,8.291827739079058901e+00
-3.765329383350561887e+00,1.467036192932194005e-01,4.956764781768653094e+00
4.355139521625760679e+00,8.928178559791813740e+00,1.339147079856178379e+01
6.314609352378390383e+00,7.391057485919519721e+00,1.055107857060077414e+01
-2.748657084499304126e-01,2.668249187932260291e+00,6.461949222598073916e+00
6.832960253511800808e+00,7.766487777713775742e+00,8.802169574022560283e+00
6.496011029472645859e-01,4.166082958368830802e+00,8.986199570467242381e+00
-1.806723746157536281e+00,-8.329645616144913944e-01,4.032635008479916294e+00
8.824316179720144149e+00,8.839122803120920580e+00,1.267569509323941546e+01
6.509346113700310354e+00,9.690169620502976144e+00,1.325444632069295992e+01
4.954506584057405405e+00,9.117770506868019709e+00,9.789599984469154137e+00
3.596638532330564075e+00,6.043651381324846916e+00,1.054590799487112207e+01
3.627184420399586884e+00,8.546590024135310770e+00,1.176165354191005186e+01
9.648460685457207475e-01,5.457951331681032414e+00,6.696250463576992829e+00
-9.682366349806947881e-02,3.775037263049951353e+00,8.101269475862528324e+00
-2.897391100198314806e+00,1.850276064223355998e+00,4.737372206974630906e+00
4.563960913872522340e-01,5.381744057974286122e+00,9.206395639732749103e+00
6.506916467198204934e+00,9.206660200948533657e+00,9.507106152496758611e+00
5.009306777636456154e+00,5.271565110662230325e+00,9.298689160507649376e+00
-9.018322899467974274e-01,3.252024492900621677e+00,7.692489390690155915e+00
1.881446765701202839e+00,4.524710183614189418e+00,5.089966937258651569e+00
-2.533308693451055582e+00,1.939670370513445263e+00,3.828577265583990918e+00
6.520837859478239906e+00,9.867413100778573920e+00,1.425478625060065596e+01
7.377873731120336842e+00,8.052599195867578885e+00,1.118103182599979206e+01
1.931984039695890942e+00,6.270933964975843544e+00,6.739383816743560907e+00
6.688521020970871866e+00,6.854296840491658216e+00,7.506997699803666713e+00
1.691186632175051940e+00,6.634793901963832674e+00,1.028943340932632466e+01
6.179427066512023003e+00,9.174258249513453478e+00,1.210218699789338359e+01
2.825166168961988689e+00,6.503396935906902598e+00,9.303107326065713778e+00
5.824279254413844420e+00,5.830741631749857490e+00,6.969824894480712629e+00
2.405292049271709587e+00,6.043290387893898163e+00,1.041968480021569121e+01
1.130180637256082310e+00,4.021421614984906689e+00,6.986451965428910782e+00
4.140589977705815272e+00,7.871888831834747968e+00,1.127472387481553184e+01
2.746891366403075629e+00,7.368047971421120224e+00,1.016087820994901669e+01
7.350019785764603242e+00,8.571154104310132027e+00,1.299141664686356634e+01
2.033229972165965904e+00,6.309039558183583196e+00,1.005870104305627954e+01
4.360902743425215888e+00,8.257501336122388125e+00,1.313478346915688988e+01
5.604851351560894201e+00,7.194590897913956340e+00,1.140178545958331213e+01
5.705138866210377913e+00,7.591464983754512730e+00,1.190568531337920177e+01
5.818669055003986124e+00,7.739552204541213065e+00,9.236355479241362687e+00
6.337259396331729633e+00,8.838657949292791471e+00,8.904304868842929821e+00
1.232237795622973309e+00,5.724496991278636315e+00,9.042979204511174984e+00
4.341747246110458036e+00,8.841448916298459082e+00,1.077707995599454094e+01
5.457077444940900968e+00,6.011182903976309611e+00,6.962821569007037859e+00
7.174022244780970503e+00,1.035306418942933249e+01,1.322375334736515740e+01
8.827216701559109424e+00,1.378264685200978157e+01,1.736472795357965282e+01
1.418182843398343884e+01,1.509192550697543744e+01,1.563557905178121921e+01
6.481424615513869725e+00,1.074769987055140952e+01,1.154480940176934567e+01
9.981739731015256467e+00,1.008616481469957904e+01,1.402315573578023589e+01
7.496823783163504729e+00,9.124064535609404558e+00,9.949870597724849830e+00
8.772303778175853495e+00,1.340655042575193612e+01,1.442472051103634634e+01
2.929592978824581806e+00,6.641401919956786415e+00,9.443385248132667442e+00
4.860146429640648691e+00,6.576133559875250612e+00,9.439554510199529958e+00
5.271046392830537108e+00,9.901131582788616825e+00,1.431292732322997807e+01
2.865819022897828638e+00,7.245041658519023819e+00,9.317126010365532451e+00
6.323097182761209467e+00,1.087967281312533530e+01,1.465955288928970113e+01
8.955950437074880810e+00,1.046616465583544020e+01,1.238494898435989988e+01
1.211420481525982495e+01,1.298288309714303423e+01,1.564161572412946910e+01
7.880485480202660042e+00,8.019045090100707540e+00,1.052263390355692785e+01
1.489244276625897090e+00,4.650135874261767555e+00,6.573709830983050395e+00
2.896090514258208515e+00,7.571512570973172984e+00,8.778774796507757827e+00
7.977177546694484533e+00,1.036631601364385524e+01,1.497728508332274444e+01
7.097510015665262628e+00,1.106867480903170886e+01,1.137823721352201645e+01
8.516507944512014205e+00,1.237597376149158279e+01,1.608449418673927056e+01
5.506589817567810741e+00,5.684217189255912572e+00,1.006689025250539693e+01
8.767401986739848496e+00,1.154371044231681864e+01,1.581318053417930791e+01
5.220502691650558802e+00,9.822136828030124889e+00,9.824212865230752101e+00
1.180492034757595476e+01,1.307421553345032272e+01,1.583387773790395059e+01
2.965049180585634936e+00,7.359210775440484298e+00,1.094014566964507651e+01
8.792506974685036170e+00,1.032999304749250946e+01,1.201090442081244625e+01
7.091761746277512657e+00,1.039886572053328351e+01,1.434150864794155744e+01
5.005507440908569805e-01,5.093252781910512894e+00,8.686614483520378016e+00
9.706637749728237452e+00,1.392795500455947533e+01,1.724558175624816414e+01
6.866599017462021948e+00,1.008102686950262772e+01,1.184717307922623775e+01
1.004848701412295320e+01,1.006046640393096858e+01,1.290523076526931234e+01
-1.554638548058571157e+00,1.401951017225410823e+00,3.290128411872731640e+00
9.796576583646599445e+00,1.248220028703335238e+01,1.296740702865255379e+01
5.829501052937446914e+00,7.411923809440884803e+00,9.473023532980221262e+00
6.073668931132569782e+00,8.664047864163293866e+00,1.211803282086171052e+01
3.061915758664152776e+00,7.335482307666065793e+00,1.148471509941406943e+01
1.160339858538500835e+01,1.267172333433187426e+01,1.495527782787103988e+01
5.718512753097539481e+00,1.051985743577770016e+01,1.302567896127955294e+01
1.016927476632051963e+01,1.354869406859927672e+01,1.463267222556382841e+01
4.019474990206051146e+00,6.339047832416655481e+00,7.680727920936313069e+00
6.699430042933122387e+00,1.029746118107984643e+01,1.048494604617998505e+01
6.559180198167678277e+00,1.011882490162436099e+01,1.054442021932799101e+01
1.454204536932599723e+01,1.480737666368891858e+01,1.525356485708273624e+01
6.259673931697188110e+00,1.101628297205149565e+01,1.492013332294012784e+01
2.591773523126853718e+00,3.047341138311955966e+00,6.350056322835124334e+00
5.293383175661880102e+00,8.420760651624625837e+00,1.321782022808788781e+01
4.254819072448972506e+00,6.980313424721534155e+00,1.089662688014589165e+01
1.282843387495999643e+01,1.606273520104034702e+01,1.814581076513798052e+01
9.496593100703114132e+00,1.012245469961822408e+01,1.403950334650899201e+01
6.899802625253357746e+00,1.155818205557273792e+01,1.288433019982216976e+01
1.518933679766804445e+01,1.626392620149711377e+01,1.686589230093683511e+01
8.818856543667797254e+00,1.350614689377356470e+01,1.782193962866156056e+01
1.091847450571955846e+01,1.100756112894461047e+01,1.175150618030249561e+01
8.030349962212799397e+00,1.072838689950096835e+01,1.079720946212196964e+01
7.806398797645867305e+00,1.081607688919593357e+01,1.300381089660142209e+01
9.320896889017745934e+00,1.156856725456709611e+01,1.370542099955725135e+01
3.394523804336413875e+00,3.510747788441726414e+00,7.015852732123369684e+00
9.306442372065372837e+00,9.758666160126422184e+00,1.076254699198369735e+01
1.095331692633478760e+01,1.163630869567921877e+01,1.418021026183699185e+01
2.722813145096521392e+00,5.439819858371730987e+00,7.014841566632062708e+00
4.019302563532551886e+00,4.866582533860785098e+00,8.984716050208280791e+00
3.349599667962516847e+00,8.263140128890267277e+00,1.124817560220602530e+01
9.480462442623171171e+00,1.283660735597627855e+01,1.509725210009228569e+01
1.080556387336514668e+01,1.169904992761211204e+01,1.526474011570410738e+01
4.411020186439817969e+00,8.506029430081188281e+00,1.310288957968892731e+01
5.663688920250399939e+00,6.689079712098450869e+00,1.066513380561737101e+01
1.041231921367801938e+01,1.225482128035210039e+01,1.605532304562192891e+01
7.605213789690479231e+00,8.630481884716045826e+00,1.014980379718000059e+01
3.355267764094346461e+00,4.208870273073296531e+00,7.532977280012414845e+00
2.539541223489435673e+00,7.218461974366503497e+00,1.179351384274807657e+01
2.382204817676022657e+00,6.346981430620529885e+00,1.015625921636824813e+01
3.390304379324337702e+00,7.737565923384691402e+00,1.112217534968412203e+01
6.784987818370286305e+00,9.917499417816138418e+00,1.183906840028486229e+01
2.607033820936244695e+00,6.671404614295714630e+00,1.088858618102084819e+01
6.992917436872316372e+00,7.695343475653795728e+00,9.293026626700884307e+00
8.052128316304974831e+00,9.250292497408281633e+00,1.238792339390941066e+01
1.001729786242657028e+01,1.346210320941856509e+01,1.599918375044879326e+01
7.251769094439493912e+00,8.606632087254350694e+00,8.974422449797692991e+00
6.750779459984560305e+00,8.695473643341452785e+00,9.547828487725727342e+00
3.294325289344227414e+00,7.924932909594859964e+00,8.203736680858806807e+00
4.336439351444722590e+00,8.442754844671162218e+00,1.059988049071780480e+01
3.907637289173109707e+00,6.659540578436118352e+00,7.278466021258609864e+00
6.313270320671465541e+00,1.003780525559973391e+01,1.271875424126813314e+01
4.276550827913961683e+00,5.818842042728356034e+00,9.860445541128585845e+00
4.418749907299972079e+00,5.752509333472882957e+00,8.664195476957992526e+00
-9.600889604047728731e-01,1.504479238572903554e+00,3.954858693706503558e+00
1.502964525262449058e-01,3.502318960788501911e+00,4.917225973737544109e+00
2.334820753511390734e-01,4.630002708663107924e+00,6.551343640349768904e+00
4.186484046746958398e+00,7.717032612204425490e+00,1.058074513080548940e+01
5.200042854554702387e+00,8.168660816492934629e+00,1.057967986180542042e+01
-9.016799162456665684e-01,6.080927708803542941e-01,3.607717593778489551e+00
2.395087360468596938e+00,3.962860422729374221e+00,6.385945143168884286e+00
2.333900076581260308e+00,6.573831468434636172e+00,9.900427884314613181e+00
3.500497794350701852e+00,8.427041917217229283e+00,8.667932436809410390e+00
-9.861680333079139160e-01,3.134908794953635613e+00,6.248271353344904355e+00
-2.747280300045606971e+00,-1.817669057241736219e+00,-3.466105151939178342e-01
8.492173130848138740e+00,9.783117659503680841e+00,1.063353940884187665e+01
-2.489864769582658344e+00,1.766287641583681012e+00,2.600636906936244941e+00
-4.636602662810043185e+00,-2.649956325114177780e+00,1.735537256464709799e+00
-6.649631158046989121e-01,1.775491754111407694e+00,1.837687689165726557e+00
2.330520875276883785e+00,7.061789347259402660e+00,7.329946563783686031e+00
2.182256254243659654e-01,2.170864193563601496e+00,5.912244101100051274e+00
9.281079945875303494e-01,5.526613918887581356e+00,1.003288385001392236e+01
7.332684499773039377e+00,7.558866612648926342e+00,1.139403662881527346e+01
-4.379771581481401554e+00,4.366633442929046538e-02,1.315327875945175862e+00
3.621451237993782879e+00,3.725939700638203345e+00,7.929236462518591821e+00
4.259519951819116024e+00,4.511694027763074821e+00,5.945181140702326950e+00
-8.124881444399001396e-02,2.924199509060537050e+00,5.540109681711760103e+00
-4.527113643107728791e+00,-2.193675465350830134e+00,1.997264158111433652e-01
-1.339863423484358718e+00,1.539994087675788714e+00,1.957598993043539792e+00
-1.161505353149562492e+00,2.056672626779314061e+00,5.645374531486462288e+00
-2.364844048384306063e+00,-1.388987944767559934e+00,2.456877726697495046e-01
5.908719431175950554e-01,3.264648485321326898e+00,3.341022774712273602e+00
3.092778134509116761e+00,5.611639620272727669e+00,6.718711598981045086e+00
-3.135107845309015762e+00,1.654842836172319753e+00,2.133823995603291834e+00
3.195247193546093101e+00,4.938884811943328401e+00,7.422537587262924674e+00
1.199446002572960523e+00,1.632321024600733805e+00,5.334155633821540121e+00
3.890570364390036895e-01,7.202130169974449991e-01,3.875319494616510152e+00
-5.029156028675950907e+00,-2.336545874574079917e+00,-1.447858268292400830e+00
-1.247733777650865017e+00,5.875076702278403395e-02,2.895435141755038799e+00
-3.131012863282164993e+00,8.877359150119426001e-01,9.673018259957646414e-01
-5.230546209153784432e+00,-2.344629972865595935e+00,6.344242505801966914e-02
1.152049809537345482e-01,4.824571335288651674e+00,7.004355293789952697e+00
-4.315786311408476017e+00,2.353298457235363239e-01,3.989481419911656168e+00
-1.648786607479379995e+00,8.016776880415110718e-01,1.009887044086100083e+00
-3.410654161025428621e+00,1.123394766942938716e+00,5.815068723478869828e+00
-1.710392671843028678e+00,1.472221010315650558e+00,6.089462377199722276e+00
4.488912643293333282e+00,6.604965202602363306e+00,9.925527870535201913e+00
-3.749160329542798209e+00,-3.456345785918296887e+00,3.847506328780774254e-01
5.352861570574560801e-01,2.061142856961125425e+00,6.687941959163675953e+00
2.828791690392449709e+00,4.229713496594083466e+00,6.496990841996997723e+00
-9.668111372755316957e-01,1.185094769219184219e+00,5.912032517621650385e+00
-6.464741840637669767e+00,-2.477134904535305715e+00,-1.270094950385333599e+00
-7.063145159608442469e+00,-3.939233276146494767e+00,-4.265840365314632621e-02
-8.681662283585811934e+00,-4.783740261244870950e+00,-4.042654369388142044e+00
-5.221127758061876456e+00,-2.025524646878109181e+00,2.869978894521842960e-01
2.287973126334965634e+00,2.355006336427798885e+00,3.255665200071735654e+00
-5.581203493062504961e+00,-1.525228526822210329e+00,-2.143045674515635657e-01
-4.930099187192076293e+00,-5.498567921004620107e-01,-2.599488816857430384e-01
-5.132890363671579692e+00,-4.185377249163176216e+00,5.635427555310146275e-01
-2.179880619150289078e+00,-2.138379473549377963e+00,2.300539582733236443e+00
-2.986122665869379578e-01,1.009855043396355345e+00,4.775989365743583903e+00
5.299465078012044472e-02,8.485021669178416381e-01,1.710625533661930930e+00
-8.197652872897352339e+00,-4.047759609823526006e+00,-2.707140964292048313e+00
-3.244281436577019395e+00,-1.073463434444255071e-01,7.684334422229988082e-01
-5.216580312104893480e+00,-1.758059940164144797e+00,-1.486821630692418461e+00
-6.046467634479477660e-01,1.858422406819827621e+00,3.296135503094526520e+00
-3.441254472883288340e+00,-2.501877797627307221e+00,-2.367372566495734354e+00
-4.383263901822509467e-02,1.139280382945976999e+00,3.828072989514365254e+00
-7.436412073407067780e+00,-5.687804507778919216e+00,-2.949812226343466293e+00
-9.966588945849863990e+00,-6.029878034416940480e+00,-1.720220428985482997e+00
-7.143670562532694390e+00,-5.677664920898399359e+00,-4.106391318930199930e+00
-8.000009111966704722e+00,-4.123235202649526698e+00,-1.543856991493530728e-02
-1.041567935527322852e+01,-7.734569087236544682e+00,-3.414674985592352385e+00
-3.802059752197733289e+00,-3.714872165811869298e+00,-2.685227255255194123e+00
-5.113327958476721946e+00,-1.887206397985928152e+00,2.525376282475046086e+00
-1.743058024515299120e+00,-7.874819842989149166e-01,1.831502165152786965e+00
-4.744973843142480163e+00,-9.999036128446947558e-01,-3.885714442599108587e-01
-8.179627251995295723e+00,-4.691080809862857137e+00,-1.297118515274629402e+00
-2.354252218107914629e+00,-1.381223408604096647e+00,2.295120094290735047e+00
-4.342389049792984679e+00,-8.818144596284294146e-01,7.352879407386976318e-01
-6.326160663157025965e+00,-4.569798306246232400e+00,-2.489510030552417597e+00
-5.867931071031362578e+00,-2.255777269902763393e+00,-8.721030490773089561e-01
-8.300218077828347418e+00,-5.088849126737606809e+00,-2.440350100652227017e+00
-4.982757822097919842e+00,-3.716307039813315782e-02,4.417921878692216531e+00
-1.380837787839938002e+01,-9.558160414843126063e+00,-9.130117290820631837e+00
-7.368678905844681992e+00,-3.634393086863728417e+00,-1.513574043494459787e+00
-9.037665856272857567e+00,-4.898545285804974725e+00,-4.096902205260635199e-01
-4.550827720093403528e+00,-4.026295527072650593e+00,-3.050778970237320031e-01
-1.657307997214029216e-01,4.048536991402524876e-01,1.033675346828385022e+00
-8.854375339297659409e+00,-8.776757147847501273e+00,-4.135037606303779256e+00
-6.498925732421214185e+00,-4.680344080609238233e+00,-3.671502066271004949e+00
-1.102600391885777142e+01,-8.287761376914772882e+00,-7.253452555617944775e+00
-8.005209831403016452e+00,-5.533160568532244028e+00,-9.349079017484438481e-01
-5.438619867838124122e+00,-2.420186107127952901e+00,2.556186860293728103e+00
-6.194074302718300729e+00,-5.082811327434738402e+00,-3.187843209439858772e+00
-1.220330015515028421e+01,-7.434625843728803751e+00,-3.297623943294325066e+00
-8.577082233727281846e+00,-4.080067710929622393e+00,-2.476881131671223812e+00
-9.743724933040933678e+00,-5.484309113461313778e+00,-1.232561372839572122e+00
-6.562739393863230575e+00,-4.208957037479441610e+00,-3.406567505106086191e+00
-1.177573663677874549e+01,-6.965582861880111665e+00,-3.344464727952366268e+00
-1.100170292074782274e+01,-8.140573874825143719e+00,-3.466886656726900107e+00
-5.414248291012594194e+00,-3.993607226538934629e+00,-3.150926317227344953e-01
-1.186253975033714525e+01,-9.251840286993090245e+00,-8.387826361408100340e+00
-8.758054406963696081e+00,-5.836338533578383725e+00,-3.943594528791499521e+00
-9.175252722778234116e+00,-5.998982243729536812e+00,-1.201209737255157783e+00
-6.159292973150440886e+00,-4.561140840642096350e+00,-9.556540763879874945e-01
-1.111218409144027497e+01,-7.630502774803234800e+00,-7.368019757553033955e+00
-4.861452577769336258e+00,-3.807964628085211078e+00,-2.187656846450312109e+00
-7.319943791636559283e+00,-7.123246691303861233e+00,-4.265634632307627072e+00
-1.414226929839402302e+01,-1.125803071486711104e+01,-8.814821685143590102e+00
-1.098655988765222702e+01,-6.397011971786426443e+00,-2.486694937938159988e+00
-1.308579538420467259e+01,-9.660445005701872034e+00,-7.391906850140816054e+00
-1.065361997581074505e+01,-7.843227414548247012e+00,-4.533862564277713503e+00
-1.320273298037265874e+01,-1.249124956291144173e+01,-7.881881011633457668e+00
-1.216551114300952641e+01,-1.069416632965448599e+01,-9.019989791200730522e+00
-1.439833430425840355e+01,-1.064254111512152079e+01,-9.345957138018937016e+00
-6.496979755071381035e+00,-2.957944141042316843e+00,-1.970656885193749375e+00
-1.184587680453670089e+01,-1.138771123458174017e+01,-7.746954403757105645e+00
-1.163043811818115358e+01,-1.159476379116139455e+01,-9.000345719173404646e+00
-1.074138143583584437e+01,-6.144384899495666019e+00,-3.981405788388974187e+00
-1.326707342954770752e+01,-9.912738670356954884e+00,-9.455077716113951425e+00
-1.040787765170613710e+01,-5.888502948935220971e+00,-5.048432666047822259e+00
-1.020042008967527281e+01,-8.702085161846897066e+00,-5.281577689113338359e+00
-5.264481684789680926e+00,-2.396764121209585596e+00,1.527116910965320429e+00
-1.648056153367808463e+01,-1.149631253665206820e+01,-1.139809411696128549e+01
-8.239682670703441403e+00,-6.316921581264923091e+00,-4.000402657591394018e+00
-7.921288003321112825e+00,-7.451044570968839764e+00,-5.651899817480506627e+00
-1.354598001585156197e+01,-9.083028645688862923e+00,-7.866522381621557258e+00
-1.314895421959056776e+01,-8.744893917482764678e+00,-6.570419571442845275e+00
-1.019197201607592618e+01,-1.000777243070177036e+01,-7.503439725714875941e+00
-9.672729004793254148e+00,-7.301649740617381923e+00,-4.581075947036103990e+00
-6.993451700741214694e+00,-5.536410717624674405e+00,-3.876684841459864472e+00
-9.551479021429031491e+00,-7.835306818341448043e+00,-3.143593899807876291e+00
-9.700242817095046988e+00,-8.112269961392700068e+00,-5.581411443962052132e+00
-1.251897836983179246e+01,-9.886325123187575059e+00,-9.126602711010232127e+00
-1.110974685719293653e+01,-6.352145482694099066e+00,-3.815429419721280802e+00
-7.698166651946054984e+00,-4.868315972311912709e+00,-1.389296203496256155e+00
-5.597208530499726109e+00,-5.274059596302720365e+00,-2.190497352195193148e+00
-1.125547279905174314e+01,-9.293485406733841714e+00,-7.326036812029665057e+00
-1.039904516128739331e+01,-5.549250699127931341e+00,-1.096243871442585949e+00
-1.341791752215391398e+01,-9.058784864784930946e+00,-4.654058596076031229e+00
-1.025204553951375175e+01,-7.311295527524755755e+00,-6.053765786912030045e+00
-1.864308298780308348e+01,-1.655699077365010652e+01,-1.431602181730095680e+01
-6.877313517110214214e+00,-6.305980080028490420e+00,-2.352267721943105627e+00
-8.566161824218958998e+00,-6.978567410923147918e+00,-4.207188902551683540e+00
-8.754474840054189855e+00,-4.497482494010142773e+00,-4.156646383191604954e+00
-1.191956997945939811e+01,-1.017327140901192450e+01,-5.648113222775858588e+00
-4.653196406868573831e+00,-3.674717182724826614e+00,-1.341938236527730144e+00
-9.020477758513919753e+00,-6.596889088574277693e+00,-5.432824694051275216e+00
-9.950484952986258236e+00,-6.314721605638025537e+00,-4.292964549625391868e+00
-7.309674934063644436e+00,-2.983727744026299256e+00,-2.460174829661779139e+00
-9.031839080166905731e+00,-8.021794946721673369e+00,-7.484281748158146286e+00
-4.252696492705065445e+00,-4.155768402059678124e+00,-3.550078750248514048e+00
-1.862305285157427903e+01,-1.368255838647734635e+01,-9.995543601969393066e+00
-1.535472318575670769e+01,-1.304423563574073697e+01,-1.100542465006212645e+01
-1.372471635076339069e+01,-9.693235220705298971e+00,-6.308474672662040206e+00
-9.867693110105976828e+00,-6.529129032495205820e+00,-1.997056203141388764e+00
-7.968849426811898340e+00,-6.197833065358068438e+00,-3.796071779627182341e+00
-6.868573463943942414e+00,-5.478720410371460403e+00,-1.484720909283717027e+00
-1.059180246893009070e+01,-8.552697436670380071e+00,-4.974426709261809521e+00
-5.767853424785302607e+00,-3.606471891388986606e+00,-2.492403429526727443e+00
-1.786493264450913898e+01,-1.306254825477581960e+01,-1.037145953380653118e+01
-7.856242583350654840e+00,-7.513557258258824589e+00,-6.867314508965155717e+00
-1.486380258141153732e+01,-1.190026239433911925e+01,-1.083033253642115845e+01
-1.002979510572391142e+01,-6.674379679525704212e+00,-5.008969085663904863e+00
-6.789310269295447675e+00,-6.324313807616141148e+00,-3.754467660088453229e+00
-8.327747287179096958e+00,-3.456594673014749652e+00,-8.278329445706225087e-01
-1.193077489349619746e+01,-9.519639405754730888e+00,-8.163459270010751112e+00
-1.197612704229234204e+01,-8.371869411056907850e+00,-5.647149771890419778e+00
-1.196017759574691297e+01,-8.072250108969910798e+00,-5.159559758686084407e+00
-7.031747073646125834e+00,-5.921092891198905583e+00,-1.158947495501885250e+00
-7.048452228433416344e+00,-5.139331966258719575e+00,-2.124217263928589894e+00
-1.035291594821264916e+01,-6.120552324798486765e+00,-2.708499126087278164e+00
-9.207888529112558729e+00,-8.028462455239267825e+00,-5.921928531619309766e+00
-6.481402866197331747e+00,-4.049320131022731140e+00,-4.022474198957525893e+00
-1.245336486178620206e+01,-8.594200158084973395e+00,-8.508072464929071543e+00
-1.170127136747902163e+01,-1.056292135417991318e+01,-9.341035963473855119e+00
-1.088366885162629671e+01,-6.873271898312020234e+00,-5.281526996354678261e+00
-5.066878536713927961e-01,-3.693662773532437882e-01,4.530996258628903206e-01
-1.113923652371095407e+01,-6.943041783743590045e+00,-4.395201958125587893e+00
-7.749465764708596716e+00,-4.306886079800330336e+00,-3.420584742533708589e+00
-1.038087363826038789e+01,-7.183901507941714115e+00,-5.678885638011552217e+00
-5.299198128004882768e+00,-4.420145672958240901e+00,-3.240998777806261888e+00
-9.540004634132017713e+00,-6.187932315646879289e+00,-1.642190691999315000e+00
-1.077403311941691655e+01,-6.021054001373595810e+00,-4.086318059997730678e+00
-2.974228626229945549e-01,-1.752032600188817568e-01,1.817247644097098824e+00
-4.637095493067618257e+00,-8.677450956680381466e-01,3.705301227457456825e+00
-6.369000044964967522e+00,-3.055767736323416361e+00,-2.555895070382554923e+00
-1.928482151838817993e+00,-1.882611816929542048e+00,-5.382156694028341626e-01
7.192101846591465453e-01,2.022949750127899904e+00,3.168664027368380154e+00
-1.104982258310970522e+01,-6.637687882179113430e+00,-3.009745132819937385e+00
-1.501390419033238555e+00,-1.218148445818376224e+00,3.646442384705117945e+00
-7.051463258066875461e+00,-5.195470220110742332e+00,-2.656038775410980435e-01
-1.140343909052766236e+01,-6.868863724281232486e+00,-3.987708727247632368e+00
-5.760104161838193626e+00,-8.529417537016747985e-01,3.969112849540970878e+00
3.305300808367394261e+00,3.920913541842978134e+00,4.699518030695362114e+00
-5.095420540652103369e+00,-4.006003791852716489e+00,7.600117603170648550e-01
-4.936662280695055749e+00,-1.189198539260626131e+00,2.929332630430647288e+00
-2.034171787412077936e+00,-5.634714981335897654e-01,2.065519310186342938e+00
-4.284843441640418860e+00,-7.941955152345596680e-01,7.670207083399671610e-01
-3.394662104866807084e+00,6.832089603780699960e-01,5.043130425427374774e+00
-3.238776914807434348e+00,-6.858475112652793193e-01,1.665397441787545230e+00
-8.711240063784744692e+00,-7.090187772760053520e+00,-6.844085548003433495e+00
-5.077899891127890086e+00,-2.664637382742869320e+00,-2.534930653160269554e+00
6.134108532533539826e-01,8.467755325071819605e-01,3.988976235708070472e+00
-6.611237151803864620e+00,-5.224714254686130488e+00,-1.195019175665126276e+00
2.268655871729160722e+00,2.650340230902690219e+00,7.521483457462384337e+00
-8.136897021539297725e-01,1.369179849871220878e+00,5.665818776139174062e+00
-6.983919443886527745e+00,-5.898658745596556230e+00,-3.658086909147590049e+00
-2.744798577913001747e+00,1.852352859007453834e+00,2.197572789487050482e+00
7.587757330814629553e-01,9.977853171506643193e-01,3.724803035462643130e+00
-5.253181303417068015e+00,-4.445441582950384607e+00,-1.110084769990302256e+00
-4.487032089386753242e+00,-1.957870640185582323e+00,1.053345467262343904e+00
-5.512291960412851743e+00,-7.799347664376984346e-01,4.036052023635379626e+00
-3.883776964437648083e+00,-1.123872873421796204e-01,1.019081821545880562e+00
-2.862419125688456578e+00,3.145231851621358432e-01,2.206915795197656571e+00
-3.831530504828025485e+00,2.519497830014554296e-01,4.132479742622727770e+00
3.640548418574999223e-01,1.245595795986331522e+00,3.129078975184593325e+00
-1.746810100211040773e+00,-1.694440642218873805e+00,1.241526383958482249e-01
2.167334383807068665e+00,2.760637785642154896e+00,7.627227507704575693e+00
-3.606154071021607344e+00,-1.162766919388284359e+00,-3.111810291730947586e-01
-1.389209840356907533e+00,1.947209910309520842e+00,6.466797817749228017e+00
-4.251896406358739000e+00,-7.926045315618144294e-01,1.732101071293615124e+00
-3.371934773581568567e+00,1.748290395299796351e-01,9.032445835231213138e-01
-2.910445870970038040e+00,1.325100523160576582e+00,3.107225479564634796e+00
6.760538433504459377e-02,3.105942106961926186e+00,4.698085159160756419e+00
-5.238623519303539311e+00,-6.298638678646912847e-01,9.096386508626161937e-01
-7.168370564763575814e+00,-4.759246407615646213e+00,-3.976827011646792087e+00
2.290861426386692212e+00,2.613644812520646177e+00,5.782507149139565428e+00
-4.943434714927458451e+00,-5.318666730563401668e-01,2.124669062500916361e+00
1.100070709931588731e+00,2.829618225242996221e+00,3.508411564900218771e+00
3.909116992184046513e+00,4.033323289795732514e+00,6.350915586494625842e+00
-1.788737546371089948e+00,-7.090974013982620505e-03,4.124584117513722115e-01
9.262865080784678185e+00,1.057999446669600019e+01,1.271783932261535277e+01
-1.313810249106030170e+00,9.219852757557860379e-01,3.159269303641947690e+00
-5.284450752820175623e+00,-5.949720331251522332e-01,3.607481434146221577e+00
2.630340323412707182e+00,2.960898260822492745e+00,5.185035628639679928e+00
-8.974200923223802917e-01,7.972173366875145994e-01,3.488055560262750099e+00
3.550018706768690357e+00,4.530195088537455561e+00,7.449261137710029956e+00
3.764035951667271007e+00,7.879475785606604887e+00,8.183134099645052117e+00
-1.184800473909992657e+00,3.248652117824210261e+00,3.420133884216555398e+00
-1.458824917117418352e-01,4.853497259980215972e+00,9.543848718493705974e+00
7.214199103261902835e+00,8.821611633432615562e+00,1.103010331787265130e+01
-3.308481029175223576e+00,1.579055546434973145e+00,4.385767325836394726e+00
5.470814772570210316e+00,9.910893112883055522e+00,1.005760095678395594e+01
8.043079897818534718e-01,1.836415248673714640e+00,6.103789659216507957e+00
-5.034104314794504376e+00,-2.838424070160934676e+00,1.419672192056320448e+00
2.270331012096882706e+00,6.244408541210038521e+00,1.082254407363258153e+01
-2.450283905033865839e+00,9.467081148664435730e-01,4.902585980008602462e+00
5.039374525643877334e+00,6.714317035296375025e+00,7.163625457581938250e+00
3.993410840087483038e+00,6.253244144066408161e+00,7.441871921865967465e+00
5.338291376740906813e+00,8.133396161702304283e+00,9.480255632252976739e+00
-2.086554776322718574e+00,2.344441532893681845e+00,6.379307925185996986e+00
-2.418863129111346488e+00,2.053212855878550513e+00,6.909029472468007249e+00
2.627424501350691166e+00,3.931556680801725268e+00,4.792824158872599938e+00
3.642181294701015926e+00,7.462334247581107860e+00,9.277139882574580554e+00
1.042518522695505823e-01,4.246991736384597260e+00,5.161578508214399896e+00
2.598989605820519078e+00,2.742879275376921555e+00,7.527160194925891723e+00
5.567031751398934247e+00,7.294558818221457130e+00,9.774824318231676301e+00
7.135671383297468751e+00,8.731080711521693516e+00,1.203332282721899205e+01
5.269318909811493867e+00,6.535330825625868201e+00,7.146465433765470721e+00
3.031340020144246417e-01,3.370452225203723007e+00,7.590950907841415685e+00
-3.686969832191608898e+00,-5.553496356718818916e-01,-3.404582863153206018e-01
3.863869777867245947e+00,4.136902358769463106e+00,5.591403744845496959e+00
8.297792864941747837e+00,1.020232706218430607e+01,1.350896609159010531e+01
5.866158754923617380e+00,1.062754558383523218e+01,1.433961351409463347e+01
1.090258766217159003e+00,3.338491241555184175e+00,5.098941378124360213e+00
6.539237197046331218e+00,7.311428846952711780e+00,1.128868800146435447e+01
1.907876630515991323e+00,6.239403175105282529e+00,1.112126367286847994e+01
1.971142363371837014e+00,6.812686637191013972e+00,1.171140071905544389e+01
4.328622119111036781e+00,8.056985984047264182e+00,8.184648136038079613e+00
5.020560819360931681e+00,5.605586084190592011e+00,1.015902721695175970e+01
3.920653941613547744e+00,8.463511289490577738e+00,1.038917528231958620e+01
-4.553510181516431388e-01,3.207643477035819757e+00,7.259834446733971269e+00
8.074609657346785596e+00,1.001451672898251033e+01,1.047871984569038872e+01
8.012132895482338313e+00,1.207506530202416428e+01,1.364641406786080324e+01
1.427568666030865963e+00,1.612726090096542109e+00,2.504406327898967000e+00
4.661818735158345994e+00,5.711749365195032624e+00,9.244761346614726705e+00
5.439692877398032422e+00,6.394214930862672119e+00,8.469982919648760600e+00
8.617881972057990225e+00,1.270189904459043362e+01,1.669550298721433634e+01
-4.181791434023400811e-01,2.904917557553231333e+00,6.602062155877885807e+00
3.284318756761071434e+00,5.552874465219237443e+00,5.815595788122792875e+00
3.250874182853846328e+00,7.469513781764614890e+00,9.498650811861809373e+00
7.716630965738099590e+00,1.110628971096754647e+01,1.537786030461014164e+01
1.129746224552076939e+01,1.411953187268006893e+01,1.560256571185529850e+01
9.229903397327277048e+00,1.003380021848983539e+01,1.376290364821477574e+01
1.976527566954460191e+00,4.953628218347022383e+00,8.097913676799356253e+00
5.986009207360606155e+00,8.039677606856072245e+00,9.015591812710754382e+00
1.016483429009700146e+01,1.457890186402031496e+01,1.760073516939461413e+01
1.293951022641551418e+01,1.293979467797347027e+01,1.645948141195191283e+01
3.598945031286916674e+00,7.404163663636356141e+00,1.063123392931141531e+01
2.500780490337955797e+00,6.739702862699553876e+00,1.021067486141679304e+01
5.298997182508436765e+00,1.029631595164077851e+01,1.462408573765642572e+01
5.556434717034985482e+00,6.897249308752079422e+00,7.414993723640845857e+00
4.632797126229347029e+00,7.007975932253327933e+00,9.173379471617735703e+00
6.857612680774239244e+00,7.204573471725778333e+00,7.465204288581499092e+00
1.632409742395712371e+01,1.637135319033443182e+01,1.639990251138176802e+01
6.653531709050932719e+00,9.458010404693578010e+00,1.106527614343293386e+01
1.084988488896616055e+01,1.091844951596272040e+01,1.208827849401659726e+01
3.651139713988971636e+00,8.200347895115955410e+00,1.290612459558292713e+01
7.522659153572978319e+00,8.947877963802346457e+00,1.215309192821611717e+01
2.801985619611834011e+00,4.666102530473086318e+00,6.257340455292427883e+00
6.745536183330480107e+00,1.010403558176017036e+01,1.228207463257617071e+01
1.213493231014729012e+01,1.452957661387580401e+01,1.665982791937170759e+01
8.678669642495524528e+00,1.300306531527068721e+01,1.451157996222170610e+01
5.819435134400072762e+00,9.670365406272315667e+00,1.167555582585389828e+01
1.145205497602377065e+01,1.310568712636960598e+01,1.355748351002556618e+01
1.305370504646592700e+01,1.449600045673518167e+01,1.620258539837500678e+01
6.153967298938638919e+00,6.971505399848724416e+00,8.530738275888115396e+00
7.996793987579767560e+00,1.246321460882843368e+01,1.595078768143636871e+01
6.371027054974574000e-01,5.573368486526387500e+00,6.293880015184402765e+00
3.942709664213982723e+00,7.134319671471499369e+00,1.153776453220937093e+01
1.297882767724392217e+01,1.362462036397600862e+01,1.804210320001042334e+01
1.129119347507122129e+01,1.295327984630543661e+01,1.626769048148171848e+01
6.786522080799336720e+00,9.820982948342486196e+00,1.238092703116181603e+01
9.817101025761374444e+00,1.116362676472173199e+01,1.268340500407751037e+01
6.601924661791512605e+00,7.670387530049548985e+00,9.939477352578709457e+00
8.714439163380923503e+00,1.194260368012275109e+01,1.259384899163650928e+01
1.275919533607085476e+01,1.328986540635152380e+01,1.770674403189887869e+01
1.759414761108785363e+00,5.372493830330718367e+00,6.073791003699631652e+00
1.843155839418515018e+00,5.504589124949759160e+00,8.977994778221642491e+00
9.345265285519813503e+00,9.709238812656067807e+00,1.043118568018970649e+01
1.055163377155087012e+01,1.436523182040902569e+01,1.546371666584818882e+01
1.712292381279914011e-01,4.786115670037730752e+00,8.996570511059100994e+00
6.172513255185430481e+00,1.035777915442916353e+01,1.125818693638405321e+01
2.353613051909810849e+00,7.184430798955950159e+00,9.944868856355897790e+00
1.926683265628853725e+00,3.268590817831368511e+00,7.208129373192889489e+00
1.046869870023150284e+01,1.397779523324314255e+01,1.600930422725398827e+01
8.654905079812754920e+00,1.239252098721885709e+01,1.697363053447311643e+01
9.686328105170151304e+00,1.438826656053626074e+01,1.786597962982438048e+01
4.253004400641120064e+00,5.991135249608218416e+00,1.044266001209664552e+01
5.753465828700739415e+00,6.685283147004225768e+00,1.168098306551918419e+01
5.412256860229637923e+00,9.714268691042258652e+00,1.403534814015890930e+01
6.678245413643414174e+00,1.085847800699469801e+01,1.469245750492913061e+01
9.260525582921308896e+00,1.073972398299068765e+01,1.152646978354025542e+01
5.852406524513988018e+00,5.867198408790206265e+00,6.153085102274294726e+00
8.077187803240576613e+00,1.201505153956716043e+01,1.456333716171643644e+01
5.067635282525246865e+00,5.931639259417593735e+00,1.055735508727565630e+01
7.553743555165310930e+00,1.049581698478975333e+01,1.204872496040183982e+01
4.624317376334110108e+00,8.323701828047822104e+00,1.222625816682503341e+01
1.002931163317430219e+01,1.307029687409682239e+01,1.640531119274780636e+01
1.306233962461131526e+01,1.528014255426227308e+01,1.805390538363399600e+01
9.354116593054767392e+00,1.039824068239584953e+01,1.487490216527786657e+01
9.106702290725870341e+00,1.275450556255297485e+01,1.692343010489770094e+01
1.713320745180269000e-01,3.858777965883234629e+00,5.269418969198415681e+00
4.127163351969459271e+00,9.021235506542717886e+00,9.283951556165360941e+00
3.080021412496337874e+00,5.587507431507370725e+00,8.970735391269823111e+00
5.310933385337794910e+00,6.168058760043578559e+00,9.663046685158626303e+00
4.338661780176041205e+00,7.083153027745067831e+00,1.133173943660383998e+01
7.550957561346637092e+00,1.172491635972319557e+01,1.429177177179607483e+01
5.018959351892116061e-01,4.694587658626009130e+00,9.320454345742756885e+00
9.698394082404828254e+00,1.089550381243033428e+01,1.471742114002407220e+01
3.577896800205643046e+00,7.615641634425651674e+00,9.315164195564149097e+00
5.557093518339027760e+00,6.162345589584260708e+00,9.322661011427348043e+00
5.500843531425711141e+00,7.354023381068392595e+00,7.707079802691557902e+00
1.087549300476728042e+00,4.136372877298398976e+00,4.756801734909514856e+00
2.119535394628111025e+00,4.845680302380614535e+00,8.884277016337682298e+00
7.829293249875511229e+00,1.101675307370820178e+01,1.576794896486248732e+01
3.318883611765964581e+00,6.760618102545675967e+00,8.176782389198654855e+00
9.547816594084757469e+00,1.093241729941157914e+01,1.417486797793679010e+01
5.910601725594407441e+00,9.446343498691870622e+00,1.112707862956327887e+01
8.413308220706356977e+00,1.120264921418709747e+01,1.453898813612536145e+01
4.742304006860952548e+00,4.835569089810642929e+00,7.950032254527181763e+00
9.184193202505550602e+00,1.033900251278623195e+01,1.068077307610295712e+01
4.121414781057314514e+00,8.568066718500919166e+00,1.349623681246807294e+01
5.698926704523907816e+00,7.179884500028104632e+00,7.858710244029837533e+00
-2.663214416950685504e+00,1.540725421248463789e+00,1.748373005131357072e+00
4.715722969294486866e+00,6.180837362569485904e+00,1.115098221334373818e+01
5.647985365922272294e+00,7.945554072718336691e+00,8.276029316732341101e+00
2.949951191618179092e+00,5.176320502218148434e+00,9.385315444157800613e+00
3.289663138317521884e+00,7.448890794167743579e+00,1.151608014561946547e+01
3.219156335396274216e+00,5.996668688706707329e+00,8.356792893216349327e+00
-4.231981627419605374e-01,4.316499662311970908e+00,9.165860437845861242e+00
7.081729782804593754e+00,9.907878213809853563e+00,1.231274069771247426e+01
-9.625387214464609098e-01,3.532559822026382079e-01,4.318643119080589621e-01
3.933716666674221152e+00,5.965464388729218470e+00,7.048154250156859035e+00
1.729935037739168013e+00,4.386599105497009710e+00,5.302438525948159231e+00
8.025789291487618327e-01,8.714140041699742767e-01,1.179315894231571793e+00
2.841426024295774955e+00,3.036778379257268234e+00,7.877817889791738359e+00
1.937536956269081179e+00,2.221110698720719423e+00,6.572306495014840877e+00
4.036448687292374160e+00,5.594967377848035106e+00,6.705522898222485928e+00
3.396328691694422641e+00,4.140739417442595105e+00,6.314396852805805871e+00
3.415854810171350397e+00,6.067422514940310485e+00,7.049978810267276685e+00
4.580992211764879585e+00,8.181457580545949071e+00,1.028687877155773656e+01
1.470389731386157806e+00,6.467078322822750636e+00,1.076031352002211250e+01
4.419757443708838274e+00,5.170212525776559431e+00,6.253496512091483162e+00
4.142037991118860951e-01,3.533674216887879638e+00,7.086449469319864747e+00
6.043611753557179611e+00,9.635836980597774826e+00,1.389338855307938303e+01
3.892974803280305096e+00,5.534217691091191327e+00,6.623055958854168423e+00
5.206337520661117324e+00,6.763087601148694006e+00,7.448712312508764199e+00
1.622941230222211484e+00,4.054549873581328789e+00,6.173822944113670275e+00
6.092534702932645985e+00,9.020074458771951242e+00,1.256166129012159161e+01
2.482691747437467455e+00,7.029856148079568712e+00,8.658460070526135866e+00
5.445109153137044800e+00,6.705607257615227468e+00,1.056792907051289276e+01
-1.176295395703754521e+00,3.227509535105967942e-01,3.197691552399838155e+00
-4.006760979282683266e+00,1.940043136996063566e-01,2.631441342261927385e+00
3.698702371937797828e+00,7.231604189729085697e+00,1.088821546682683206e+01
2.302758905796064681e+00,6.393352435433325098e+00,8.033373072297688822e+00
4.519864899368568167e+00,5.708425931086899219e+00,8.220077005573859452e+00
-8.851461285053709105e+00,-4.308084799501748385e+00,-4.298557257177719748e+00
-9.825768817869988681e-01,-8.748499077203235608e-01,2.667564754283497486e+00
-7.235047884119767403e-01,1.230722597337168267e+00,4.843292230593234216e+00
2.834526180254147931e+00,7.005944823078016803e+00,8.574493765225923880e+00
-1.036979305996751144e+00,2.301701581212200143e+00,5.082054692900343618e+00
-6.737531155424477447e+00,-3.122834910352450866e+00,-2.936307278343340155e+00
-7.437660010351311968e+00,-3.829531693524002911e+00,-1.419230016031393316e+00
-4.281663465983163164e+00,-2.671243512209475757e-01,-1.555515866895235133e-01
-3.537740817177163599e+00,8.057227263834265685e-01,2.217310570718508789e+00
3.283726301066041131e+00,4.716697088641895519e+00,6.299048519149065051e+00
-4.858847096761699902e+00,-3.316046818572994104e-01,4.170026807731870733e+00
-4.120452981482677579e+00,-3.505943966240089971e+00,-1.757384573176601350e-01
-2.003569438589052787e+00,-7.150804959328437294e-01,6.381764712868459588e-01
-6.215863228147304298e+00,-3.048239169434278306e+00,-2.973251244067988797e+00
-2.517031901640755631e+00,2.345548870482375980e-01,4.513816836698633317e+00
-2.486694837197380714e+00,-1.439070404326519004e+00,6.399524176992068547e-01
-1.058383016190709514e+00,-1.515160677654139865e-02,4.681889802458895744e+00
-5.817820805652471616e-01,1.796065437187943870e+00,6.651174423671130320e+00
-3.796770535981563999e+00,6.600663207199279903e-01,1.662130626828658864e+00
1.047535785525854246e+00,1.182033386471296632e+00,1.380037888525974976e+00
4.081172855260096988e+00,4.132789116887050085e+00,6.710933536625834250e+00
-2.380078235958696276e+00,2.534294222144529485e+00,7.060759437091506108e+00
-4.977270886199781863e+00,-3.748680331623273965e+00,-1.542114188448461043e+00
-3.118567160633320512e+00,-8.645017954197087295e-01,4.624261831475562357e-01
-9.228675278889779676e-01,-1.179144959228755063e-01,1.484677936491911154e+00
-2.072248396369582135e+00,-1.803369128690214929e+00,1.989425703727675021e+00
-6.136539712986802897e+00,-4.941254649684546862e+00,-3.867414024887215085e+00
-2.982839930163733388e+00,2.208344412902549792e-01,1.253070464935089223e+00
-3.867197842335595936e+00,-2.907059339542256815e+00,-2.334583512215717693e+00
-1.001328049953648325e+00,9.330827444853242447e-01,3.545052379601853154e+00
-5.187600858225933642e+00,-3.102010261230254695e+00,8.925943895581918142e-01
-4.938307218480970207e+00,-3.468802426632945135e+00,-9.777505533023278517e-01
-1.371844098959700631e+01,-9.498430149170788539e+00,-8.105913647394128674e+00
-3.872798219063133374e+00,-3.060897550149649149e+00,-2.515892904737478730e+00
-5.362162022651328463e+00,-5.076218785999540017e+00,-3.676321398532867324e+00
-5.384561932258433714e+00,-2.672919000205595363e+00,-2.010507336297051140e+00
-9.772247889654849473e+00,-5.033836197633180021e+00,-2.906466224150473288e+00
6.201066705508302412e-01,4.613210023319715525e+00,8.034910119097137482e+00
-7.917400924838723597e+00,-3.417411095339947913e+00,-1.100474948483881832e+00
-6.621386587533498513e+00,-5.401410289721445324e+00,-4.930489403795555781e+00
-3.570914536204698120e+00,2.889409493742181034e-01,3.359614946683487258e+00
-9.054988202698137201e+00,-4.384272725158821160e+00,-2.976590256644208843e+00
-5.512353195700573139e+00,-5.510154416487925921e+00,-1.980899373915935069e+00
-4.472576629251376445e+00,-3.105722281198810553e+00,-2.659621971644423155e+00
-2.988475317917866469e+00,-7.051532186963402893e-01,3.353890503979216398e+00
-5.384630122177309630e+00,-3.662240852618979581e+00,-8.297697884161734372e-01
-5.003840109397708957e+00,-4.735051712972992988e+00,7.932203845965624112e-02
-7.019313346505323459e+00,-5.985087595758640688e+00,-3.262707828439121549e+00
-8.627660703357101113e+00,-7.669903257423163367e+00,-4.699582583208059106e+00
-1.141133050022617645e+01,-1.125893011938760679e+01,-9.329985069683269572e+00
-8.322997872878083570e+00,-5.469193501876437935e+00,-1.750867684376246292e+00
-1.365614010371460552e+01,-9.015842040730689178e+00,-7.196143311786633134e+00
-9.316180471433215260e+00,-5.734720776903543538e+00,-3.129521728160087779e+00
-1.254288033486055731e+01,-1.007328643908624421e+01,-8.912960567290687308e+00
-1.513857252463830072e+00,1.994682939581533532e+00,4.966388609762875106e+00
-2.099461766842197541e+00,1.778089412276700365e+00,6.321479965989357019e+00
-8.058946511228514353e+00,-5.122009961981739856e+00,-3.527793900490767687e+00
-8.088538538843398129e+00,-3.611523660343713082e+00,-1.306708219765591039e-01
-1.240475664977311077e+01,-9.997445150538133873e+00,-6.874084053461412935e+00
-1.337998126968597745e+01,-1.192949689904812871e+01,-1.022803318153233576e+01
-6.735895465704222929e+00,-3.366709925674137960e+00,7.371623386597900840e-01
-8.043389147648438708e+00,-3.982237358790217119e+00,-3.802702734087690217e+00
-5.603185403355425365e+00,-4.468941283455971636e+00,-3.230884174703198664e+00
-1.733966305062027047e+01,-1.578409527537726476e+01,-1.308441223222060223e+01
-8.851762712662727850e+00,-7.166641368075941543e+00,-4.326904586025422716e+00
-7.989522624099248960e-01,-3.535535883506790711e-01,8.863000033943650990e-01
-7.264527079626743600e+00,-2.511569271367692480e+00,1.139124468208668972e+00
-1.769576110519153289e+01,-1.653012635423871757e+01,-1.525216900175113111e+01
-6.750556182543220984e+00,-5.472274850633667143e+00,-1.722253999776459210e+00
-8.111741837631603502e+00,-3.539654881822556831e+00,-1.047384076858325574e+00
-8.676946266105192151e+00,-6.602150418467529924e+00,-3.889948199576211074e+00
-9.764308639749486929e+00,-6.714613301271042722e+00,-3.791047533864878805e+00
-1.010445639477570090e+01,-5.733457394504954507e+00,-7.633535603084489196e-01
-2.658008947817468659e+00,-2.401681909778181634e+00,1.275261775746045600e+00
-6.866426245507750714e+00,-6.284113141613364206e+00,-4.308905548522813156e+00
-1.130124352250060937e+01,-7.757332014472645199e+00,-5.825932948970751646e+00
-3.480364838284853768e+00,-2.971367061427772072e+00,-2.472486504297652932e+00
-1.257204985220144522e+01,-9.729165169355546539e+00,-7.870825613180933544e+00
-1.024016460337810486e+01,-5.295296879630182474e+00,-5.648248213032598386e-01
-4.618130737117541074e+00,-3.023618084737937473e+00,-8.965130918526638126e-01
-9.954875771957460984e+00,-9.669232434540649734e+00,-6.551860667362097601e+00
-8.471563620318612209e+00,-6.128564424452365600e+00,-5.716449346647706875e+00
-6.428121738480414571e+00,-3.922121956004063659e+00,-7.907606549640493476e-01
-5.326143979344633905e+00,-4.178299364465426713e+00,-3.179044639158071561e+00
-1.103792815210876554e+01,-8.660229282747200941e+00,-4.725939431696781767e+00
-9.618101441285114461e+00,-6.005661349648684144e+00,-4.813253650655405558e+00
-1.242462120639779144e+01,-7.778010307015646774e+00,-5.099615943089657932e+00
-4.623674678173962604e+00,-2.796962339828416688e+00,-6.014993251318045964e-03
-1.632077122628346189e+01,-1.132961409696427424e+01,-9.852786662592643907e+00
-1.108075241308251790e+01,-9.654775732659492959e+00,-5.623007303684045333e+00
-1.433549491289549316e+01,-1.331171721742589753e+01,-1.169133468943198118e+01
-3.895201974304367987e+00,-2.827333154064794130e+00,2.048809969727809488e-01
-7.789798765041132000e+00,-6.825520113678278378e+00,-6.377640001335094233e+00
-1.360792624824471631e+01,-8.971713361271726583e+00,-6.444463459511712067e+00
-1.743621577761992114e+01,-1.317970013449991740e+01,-1.104435567157105069e+01
-7.242303295152975551e+00,-3.929110083144990107e+00,-2.377389439831988582e+00
-1.313211854078877749e+01,-1.031211923860848501e+01,-7.635805613296116512e+00
-5.396053450830937237e+00,-5.359590461695332486e+00,-3.272752418983085665e+00
-1.418944351577114027e+01,-1.275205082170251636e+01,-8.802397165266441448e+00
-1.196457229770731345e+01,-7.962464267056377665e+00,-4.533740533333661560e+00
-1.419252260349439609e+01,-1.130212532692758387e+01,-9.252453358578135223e+00
-9.501633379061697582e+00,-4.632210882705066979e+00,-4.474861983611244654e-01
-1.483749572821361973e+01,-1.108348290800403646e+01,-8.363310454541975858e+00
-1.300677248608671555e+01,-1.098693828992541732e+01,-1.079039590033208462e+01
-1.275229241995326745e+01,-9.002598193663409631e+00,-8.623246720244706509e+00
-1.366118048689271092e+01,-1.176403314274356049e+01,-1.122106286527540142e+01
-8.801336306692892464e+00,-5.695204269056729274e+00,-9.077929136194695658e-01
-8.542655983008064169e+00,-6.003616397153676232e+00,-4.616555095011244170e+00
-1.313306137308948607e+01,-8.677574903663268557e+00,-6.288353554069767704e+00
-1.091835870079543014e+01,-7.697954457992734589e+00,-7.523347000577391697e+00
-6.106882281725209083e+00,-1.438510539011616629e+00,4.791507152386702550e-01
-1.233777962455642196e+01,-9.528822212648421441e+00,-5.072105020759739347e+00
-1.811954986815956659e+01,-1.383713742173009820e+01,-9.935079258872754338e+00
-1.058063065283466386e+01,-6.098536283564506277e+00,-2.361427646038785966e+00
-1.530386432292304733e+01,-1.157123147280872821e+01,-7.611914675285047949e+00
-5.045385925863117293e+00,-2.516145842704187174e+00,-8.347302595021932614e-01
-7.413610599306020177e+00,-5.718204908100323891e+00,-4.919804521246937234e+00
-1.000140148346308067e+01,-5.056431055124020801e+00,-2.884446984763741284e+00
-8.725444250077583064e+00,-8.026373637571820652e+00,-4.591889973094599675e+00
-1.018835815573493697e+01,-8.309954923971295315e+00,-6.723796889519151776e+00
-9.546381708782949005e+00,-4.793364017662698373e+00,-2.537286274775660821e+00
-1.902347174289920417e+01,-1.621456370661476853e+01,-1.444274128598259388e+01
-5.234020137489167723e+00,-5.035246499836876666e+00,-3.723725524466969805e+00
-1.059370472625071358e+01,-8.550721213338990268e+00,-7.649764170115104456e+00
-1.215906243762236016e+01,-9.521840468291060233e+00,-6.782866567318965423e+00
-1.595752099737435614e+01,-1.145111589995791945e+01,-1.123912693914383532e+01
-8.792275213381566701e+00,-5.233199283068728391e+00,-4.157951853445354118e-01
-1.293278742794323222e+01,-1.263021120702263289e+01,-9.367509507490705545e+00
-7.484887915602629782e+00,-7.213014640503035757e+00,-4.983434950274959974e+00
-8.412921405762025628e+00,-7.195400890736624255e+00,-4.937489365890661119e+00
-6.228196484859052973e+00,-4.727786771606688809e+00,-2.476285682760124729e+00
-1.123218698858000053e+01,-8.552509836485588934e+00,-6.644288350504906404e+00
-8.198040178004511347e+00,-6.378097188300650089e+00,-4.334538619416259841e+00
-8.550998854518679693e+00,-8.343791150284708635e+00,-6.196914454443677833e+00
-6.290495464433805139e+00,-5.752435435291426202e+00,-1.063253629587324056e+00
-1.515722177725132980e+01,-1.015984093817277767e+01,-9.064471833212920160e+00
-8.543446366341370890e+00,-8.375771366276385521e+00,-6.729958860016822975e+00
-9.442642726194350189e+00,-6.237319582198681545e+00,-5.327689043074016695e+00
-9.449054964660540179e+00,-6.358391302553983770e+00,-3.869264203648990819e+00
-1.151150507676470980e+01,-7.490164057725744229e+00,-3.819945037133946286e+00
-9.552804339003994727e+00,-5.069337486356787714e+00,-1.095256115247039919e+00
-8.038633275142476720e+00,-6.062406964581153801e+00,-2.035687836073190482e+00
-6.709619356260160927e+00,-4.082776531568635292e+00,-2.601086457703440047e+00
-1.415828562787564593e+01,-1.233271130026540163e+01,-1.095883023278420865e+01
-4.179158349467556377e+00,-1.435031787196840547e+00,2.528987224361751274e+00
-1.730254153749438695e+00,-1.699189310483584237e+00,1.819516241402696188e+00
-8.786257067930360876e+00,-4.186201015808679315e+00,-1.077159202681919226e+00
-8.951036048070823981e+00,-5.195570403483560362e+00,-2.907151580014128101e+00
-2.396158602267738580e+00,-1.941091516901153113e+00,1.952967707058432367e+00
-4.520944393611991075e+00,-3.090219215177976153e+00,-1.643906904850864770e+00
-5.030730801750824099e+00,-5.002154175605402209e+00,-3.920851293629846523e+00
-8.018387419322877463e+00,-5.414714810247248877e+00,-1.874638101782468702e+00
-8.551362686126775969e+00,-5.295905094378846378e+00,-2.462379426377528269e+00
-9.009981105033096682e+00,-5.932382796330477603e+00,-3.545687033218152262e+00
-5.411151721024004324e+00,-4.635465487472774093e+00,-3.499200200796278359e+00
-1.458917008902047119e+00,8.672367171521582208e-01,5.468164570567886962e+00
-3.292520849449448672e+00,-1.424802124102135359e+00,2.285522879015299935e+00
-8.483369589523066523e+00,-6.157311781853360699e+00,-2.256306474988096333e+00
1.534892292760145160e+00,2.889976738080688001e+00,5.037970136004210175e+00
-5.752803731324947378e+00,-3.228243953168035141e+00,-2.781748900013914394e+00
-8.038180342106342025e+00,-3.055972227615019410e+00,4.011667727990935184e-01
-9.888956509717337084e+00,-8.209754343827679435e+00,-5.839989388918592539e+00
-1.073308659841632640e+01,-6.084679914301144521e+00,-3.487621006534391110e+00
-4.623230191294538827e+00,-1.534083371095902315e-01,8.024533609985666782e-01
-7.333353448698060717e+00,-6.492536402959712127e+00,-1.934016340729199257e+00
-5.899191603636832149e+00,-2.642686132876711280e+00,-2.464992059881800479e+00
-8.146301227272063628e+00,-5.733051609940126525e+00,-4.367193877043002104e+00
-1.297417012345871701e+00,-2.422390889844328044e-01,-7.167381438836106788e-02
-4.516352401021205054e+00,3.076474601958958388e-01,1.754867822322688564e+00
-6.623447979173472611e+00,-4.922554491371936791e+00,-2.810413455121476112e+00
-5.327761758881645271e+00,-2.301528826058441446e+00,-8.312915024356870575e-02
-8.915504094234728782e+00,-4.938722765688416949e+00,-2.741830574067902315e+00
-3.833517451326853731e+00,-3.536056280647179584e+00,-3.522539873386313580e+00
-1.872826322140129118e+00,8.349432803605649767e-01,4.901845621673397879e+00
-7.886809060687252959e+00,-5.682270167262009508e+00,-1.315033327770883886e+00
-2.225535663015148380e+00,-7.472176480543386567e-01,3.267951026420556904e+00
-2.497758421075001234e+00,5.082096399144524490e-01,4.935531515315211948e+00
-2.195427028535654745e+00,-5.142657784970466883e-01,2.930351009720592703e+00
-2.893429836440471803e+00,-2.222828482378759407e+00,-1.503746874853936433e+00
-4.386374605445845232e-01,-2.362390055192196137e-01,-1.163235973879764851e-01
-5.494085657832655789e-01,3.640077506733938595e-01,1.827088071192568330e+00
-3.599813829230798401e+00,-8.350602278565765202e-01,3.843487599341610661e-03
-6.582826533582124107e+00,-2.796316636383429088e+00,1.184116798486188227e+00
-1.942763528382398519e-01,2.989743793741130418e+00,6.371007125465819598e+00
-4.967565800326318559e+00,-3.300775382629915544e+00,-2.870373208958012956e+00
1.207856251908826728e+00,3.899187968603088805e+00,7.656600067882019189e+00
2.180854705079045441e+00,5.788246973258921457e+00,8.380536134262001724e+00
-6.756395125496972298e+00,-4.009414577371963162e+00,-6.722424664240018721e-01
-9.406912408097749534e-01,4.919796097143209201e-01,2.853835567522595262e+00
1.497679040289089158e+00,5.504890276623663148e+00,7.869923515012106741e+00
4.098213652337624247e+00,7.149105707137243471e+00,7.423335597904037186e+00
-1.110369643816700336e+00,2.875280932001692769e+00,3.474565174984629579e+00
2.063142517418231847e+00,3.276921508358880519e+00,7.892318164790165014e+00
-2.047498592659352301e+00,-1.585501979427343722e+00,1.759657981317566122e-01
2.654528318860626790e+00,7.399049459229746439e+00,1.152689339329326934e+01
4.871187085665616756e+00,6.919290368479746434e+00,9.089827246881794665e+00
-4.096772458048929977e+00,8.796248031184594751e-01,4.222989645111533186e+00
1.040129062601144838e+01,1.264524517741110365e+01,1.312479836305831782e+01
4.699015322704630293e+00,6.869232371719284913e+00,1.037548689080044184e+01
1.150957582008972135e+00,1.556252071840193096e+00,5.417079699463398512e+00
-4.585744302453729659e+00,-2.590458882830420251e+00,-1.280905134576646898e+00
-6.416242252350172759e-01,-5.719675958262731008e-01,4.652321157668488638e-01
9.838179679608916040e-02,1.422864525993136064e+00,4.194666434409628941e+00
-2.554975307873628143e+00,1.980320268798102301e+00,6.805072322424489784e+00
3.422257216336532792e+00,3.609598730768256658e+00,4.449536475629794374e+00
-6.019410711012778137e-01,5.038331221806697791e-01,5.084565965741946414e+00
3.298160456477700286e+00,6.732217224626861451e+00,8.227410558069113478e+00
8.404853631323760954e-01,1.690347627267143604e+00,4.715418632119973807e+00
2.743150285016496603e+00,7.295631525775087667e+00,1.192295378658625538e+01
1.882073515962683352e-01,3.431259890716927163e+00,4.579946801423417035e+00
7.763946559233303901e+00,1.214350988192419223e+01,1.413310358293251134e+01
-4.164302635673095665e+00,-4.695595565905215096e-01,1.049237082605008808e+00
-1.355825899911060617e-01,3.730736653943218961e+00,6.979165184356636686e+00
7.721445541262630385e+00,1.011883156130189754e+01,1.430483957051020028e+01
-1.195641544531059530e+00,2.708525284374069919e+00,6.009382904277524418e+00
-1.366934906713843656e-01,1.411412724517621342e+00,5.520665337944482332e+00
1.331706916492863435e+00,5.831690034442186032e+00,7.124393779608857891e+00
4.026507797722159054e+00,4.764183665884619501e+00,9.491947926174720607e+00
8.508294149195972267e+00,9.459545307502907008e+00,1.397974447845480306e+01
5.887152666782118793e+00,8.452698447714453778e+00,1.181304006799500783e+01
4.496946878658716784e+00,7.462511461136791979e+00,1.158721751892452723e+01
2.859248788449585632e+00,3.535590531503263190e+00,7.568100379749109763e+00
-3.419786250790193272e+00,4.487857763478171336e-01,4.264293416294671069e+00
1.094283525467898643e+00,1.714815484510937793e+00,3.101988553746322985e+00
1.003921643030374788e+00,5.052683137921902379e+00,9.357206361553380702e+00
8.922108666849643654e+00,9.312659156207836020e+00,1.301167440130271480e+01
-3.702734390809325760e-02,2.961226711570162706e+00,5.669767715865855706e+00
5.802769163462255797e+00,7.938279316965228816e+00,1.212053108745408991e+01
1.418786235707081289e-01,4.169689882558667904e+00,7.133595168598150238e+00
3.886120981785904149e+00,6.277872807566192037e+00,7.127865187003691538e+00
7.464962669771427528e+00,1.010736293589972945e+01,1.494615925109098065e+01
-3.947348586525265546e+00,-7.379147643742873797e-01,-4.061038174317050942e-01
2.022891595647859031e+00,5.860494581995526531e+00,1.029803165327264836e+01
-2.592211067903662070e+00,2.288054344791614625e+00,2.796175103140547513e+00
4.018915188213493472e+00,6.654631130065850719e+00,7.457567467463812605e+00
3.293564746245092323e+00,7.337737287115455587e+00,9.783340240090923956e+00
2.327132484649494515e+00,6.758944969438258177e+00,1.095449959428594511e+01
9.053613070846759925e+00,1.031389304823843034e+01,1.215503364744225223e+01
6.806234942725756909e+00,9.098872548932337878e+00,1.072184217065645662e+01
2.977374597575936921e+00,6.360585285383535847e+00,8.084133068102651976e+00
5.070791308291891397e+00,5.771286834558905454e+00,1.005712848310263396e+01
7.750584590825854825e+00,1.029340763624390931e+01,1.048587185717512860e+01
1.319264747332691812e+01,1.436019826474655581e+01,1.755921558572570262e+01
8.275370377824167178e+00,1.325221815549450000e+01,1.817489412085483025e+01
8.848389511136089070e+00,9.744713253928050989e+00,1.292115545631323492e+01
8.351454040875236018e+00,8.510886444699760744e+00,1.162962092425427230e+01
9.481182398275716849e+00,9.711855798424053887e+00,1.295912350563842708e+01
8.529935315562179099e+00,1.347021398418899274e+01,1.791497835523983184e+01
1.079283878135554531e+01,1.103241648078212656e+01,1.474508790044980344e+01
3.752704639110617357e+00,7.882243747033458980e+00,1.172960649647256481e+01
1.023826750371952343e+01,1.361962367816217245e+01,1.690926870836042895e+01
5.291611493354208662e+00,7.936286043414184199e+00,1.056064914152439904e+01
1.259410269760037338e+01,1.259998685907985561e+01,1.655094091325463879e+01
1.485544329048410717e+00,5.883412105902886324e+00,9.979363307580618070e+00
6.863353996679919078e+00,1.142808004839066349e+01,1.542228436911642753e+01
7.169932643071174283e+00,9.354530531287885253e+00,1.164752577373004350e+01
1.429420515701244199e+01,1.643668536734928765e+01,1.733611236075124395e+01
7.696897898257432757e+00,8.401591916932169113e+00,1.234483988172311797e+01
2.442382790104682400e+00,6.832807108357531689e+00,1.066808993358240976e+01
4.246069673041487746e+00,7.808046886209551118e+00,9.533860760740292761e+00
7.485614342833487811e+00,1.071862296762123989e+01,1.114886206583535788e+01
6.209278869461694050e+00,7.907029416199333305e+00,1.182200766811469350e+01
6.731957746741054294e+00,7.341642364482705574e+00,7.469881574052036122e+00
4.011729318183421711e+00,7.373064701876625548e+00,1.059687316259607393e+01
8.180157051471676155e+00,8.685671530159449816e+00,1.195011318459402716e+01
6.041864390652678551e+00,1.055182995129217005e+01,1.147404237297158680e+01
8.381944262139558788e+00,9.153640187630877278e+00,9.721819735658126405e+00
6.707886098567854560e+00,1.135042877073615131e+01,1.370659440031798226e+01
8.184585964057612628e+00,8.705235736415454895e+00,1.217925193219707936e+01
1.136812267083189631e+01,1.296046224098547484e+01,1.634137729621255986e+01
2.830426713126402483e+00,6.945747594512935663e+00,9.468639500424286481e+00
1.018198549256333862e+01,1.442090771809133898e+01,1.627838103451896501e+01
1.190941536269333056e+01,1.227073665625929877e+01,1.341122977808388050e+01
3.617864741636758197e+00,8.601889807337631311e+00,1.143447817851139270e+01
8.772679096593606118e+00,9.620021976919469253e+00,1.277892319632252871e+01
4.106766839898827293e+00,7.983810847138908429e+00,9.828176529010812956e+00
9.603304932894904056e+00,1.030609868775204419e+01,1.030951216302004880e+01
5.387748616886118391e+00,1.013694911172105861e+01,1.282348217940204904e+01
7.091298849441062480e+00,9.916199247167558184e+00,1.444775905128166826e+01
4.056866208551218378e+00,7.208952613172551871e+00,8.113116712210825199e+00
9.665476644816074270e+00,1.249148898675937858e+01,1.645163212371752692e+01
1.409345064047029439e+01,1.641344210788098934e+01,1.803235189443088160e+01
3.410959479191634891e+00,7.305795932609500554e+00,8.512636041053813329e+00
8.932683174653325509e+00,9.795552293359801155e+00,1.137797371538346169e+01
7.920277967143892539e+00,8.919397183930147577e+00,1.316297948584106337e+01
3.521488675346763131e+00,7.298483649951727159e+00,9.095037890409054526e+00
2.971001654291034022e+00,6.794474185105149999e+00,6.866910118516800665e+00
6.965129780868125842e+00,1.076574514881766831e+01,1.450493856180757568e+01
1.128203158188324018e+01,1.308160166632432642e+01,1.440303947299549137e+01
6.379637229833677203e+00,8.686608283903066052e+00,1.055999692010093405e+01
1.132911412262207662e+01,1.248865778630060319e+01,1.282301473920168000e+01
1.217586757709253575e+01,1.652850115405555442e+01,1.654738639143910817e+01
1.276104104810902484e+01,1.593162110950857979e+01,2.021794414200209289e+01
6.484623499383136647e+00,8.773544712381337263e+00,1.242298620396944031e+01
1.253191929947159622e+01,1.472289704396721532e+01,1.949285483738643521e+01
5.135583558418564287e+00,6.058935280366578802e+00,1.072923310943749620e+01
7.258953202683979811e+00,9.471016576163314937e+00,1.077399287939218020e+01
5.795529177691408407e+00,8.834906568667353355e+00,1.085428442928951220e+01
5.865974636442687462e+00,7.855507920403042910e+00,1.072135184147588305e+01
1.131377979648140553e+01,1.282092281771254783e+01,1.319830929220016458e+01
1.237256506755704777e+01,1.355235357282957409e+01,1.848705671652090388e+01
1.009614444553921686e+01,1.169015196896808462e+01,1.304072412109719892e+01
4.470445510631550157e+00,7.044817814986089388e+00,1.181868171491428399e+01
1.474629264000832052e+01,1.701139274783365352e+01,2.167118249520655837e+01
1.298381355722317565e+01,1.524537167577097385e+01,1.640625112698058530e+01
5.995179536505643725e+00,1.013312430840707634e+01,1.049175086862967987e+01
8.213128572574049713e+00,1.069642966705842646e+01,1.444744101808941394e+01
1.077238347871017865e+01,1.310617687070234005e+01,1.661962575862340330e+01
3.198370733016680845e+00,7.391432770573631572e+00,9.203082418167463530e+00
8.458262975348462831e+00,1.310831336770393385e+01,1.688201839916305502e+01
7.573243353431191593e+00,9.610069126736224376e+00,1.050378446121675502e+01
1.288010537607956252e+00,6.053407913195922418e+00,8.342360355308834130e+00
1.525583028243546302e+00,4.577273334967522977e+00,5.684558899178965063e+00
5.511029660010192899e+00,1.039173476863824774e+01,1.483982248550231020e+01
3.908203202146130373e+00,5.098139966449322991e+00,9.558516177111693324e+00
7.082191155026629659e+00,1.018382488184903067e+01,1.228518254086206518e+01
9.467373235701671774e+00,1.248569483804516267e+01,1.588261727831369008e+01
6.410732333604462596e+00,1.021952035285964655e+01,1.486639022160306212e+01
2.166020714762897370e-01,3.134719147395844452e+00,4.576982797707415784e+00
1.012783625343884175e+01,1.114011763600824345e+01,1.578776853924865620e+01
5.586535794331561888e-01,4.654132941652611599e+00,6.702607590379885849e+00
2.759815117012117014e+00,3.695909383764606204e+00,6.864654373274739818e+00
-3.434824837878576176e-01,4.629099121023016572e+00,5.095800123772711743e+00
6.799257296289083818e+00,1.079897353824036799e+01,1.263986162345421782e+01
8.140115462723937156e+00,1.117268240454511030e+01,1.429266663701206319e+01
1.077206915114024532e+01,1.115930061296856124e+01,1.147581085646397625e+01
9.069651707809935459e+00,1.035625360238659276e+01,1.428774899057468062e+01
-4.137354311401386653e-02,3.835756031481555972e+00,5.089735833472973425e+00
5.748245151804942665e+00,9.345850217210898592e+00,1.012900658797140174e+01
5.941591363555779992e+00,1.061451498550052541e+01,1.145997982149716243e+01
1.328721670752661232e+00,5.318445735165044930e+00,9.081805973597870008e+00
3.700224145112086305e+00,7.657443709007467625e+00,9.724080784498351449e+00
7.285601699725606117e+00,9.307278431134371033e+00,1.076632697817536055e+01
1.285960224488618309e+01,1.466546325658728378e+01,1.539409270939785657e+01
6.644404435437729184e+00,9.546889807525626992e+00,1.020997893001206513e+01
-2.623456202542322480e-01,2.902492313146369796e+00,7.187106011338374678e+00
2.514216227055867670e+00,3.294771601875442713e+00,7.785796688051482839e+00
2.300777396181054257e+00,4.462976022359899986e+00,8.483022292032874390e+00
3.132025204975332322e+00,5.503966578020214939e+00,7.293027216694802917e+00
6.461023183192191155e+00,7.098756078188483087e+00,1.018939214838564666e+01
-1.763431975480013403e+00,1.299911318627815504e-01,4.037678337004528828e-01
1.070871035795442694e+01,1.138557847613120444e+01,1.282638204382807245e+01
-1.730334591847775272e+00,4.565258830953098368e-01,5.672008314360341696e-01
3.450140055459845811e+00,8.401185767149128125e+00,9.882158008123056447e+00
4.061970540539723729e+00,4.644083208226459369e+00,5.382093167945593670e+00
-4.482748014861031471e+00,4.088372863297440318e-02,3.810075855675600476e+00
-2.188450414190315385e+00,1.350407933335877608e+00,4.170734787706836144e+00
3.598529082555431469e+00,3.738192942562351906e+00,5.283346741634998622e+00
-8.219434188354544091e-01,4.162044594821363575e+00,5.143181421325484948e+00
3.449271787384049048e+00,7.678366884912096069e+00,1.115411878072458762e+01
3.390286511235450551e+00,3.598294994864954965e+00,8.139961910145958157e+00
5.285599652594973108e+00,6.022312546943977551e+00,7.506303376182174247e+00
-4.881920156118259690e+00,-4.021636714995402428e+00,-3.002097037502939436e+00
-5.804564162962067009e-01,3.385931387120095781e+00,4.824713060564819855e+00
3.202886672943487945e+00,6.153029393624723120e+00,9.463952182846348649e+00
-2.188535208306296553e+00,1.841142772474066547e+00,4.269935782453011974e+00
-1.711780862516127488e+00,4.830582561033902600e-01,1.557469659985672994e+00
7.818455076736796627e-01,1.075075557424434169e+00,2.889678860887934686e+00
-2.369129703512201646e-01,2.891362393207486114e-01,2.012102693745937643e+00
-1.003119402103836322e+00,-4.871105534287623051e-01,2.603499716904944083e+00
7.348534212511836472e+00,1.092822587983132721e+01,1.281871316465629640e+01
-3.052862109945995606e+00,1.767310576372973729e+00,5.468883954320025609e+00
-2.178444137951617510e+00,2.819713461916923958e+00,3.916981423319590316e+00
-2.351672991956497150e+00,-3.940044617750384504e-01,6.511741912884192462e-01
1.088474081833100193e+01,1.122407766310786670e+01,1.151227054367740443e+01
3.369503572452785090e+00,5.271803684636106269e+00,9.118748600835139939e+00
7.248689912187993301e-01,5.124063638262886577e+00,6.961315068096764591e+00
-9.211962589484476993e-01,1.298508483659083002e+00,5.183404614719780312e+00
-8.465832747161505800e-01,3.313053137411816618e+00,6.011215981939102448e+00
-2.921258352677726933e+00,-1.330110243888219967e+00,3.531652375192595450e+00
-1.024127886041534374e+00,-7.226654455428289658e-01,3.112386588815312827e+00
4.271177238972391876e+00,6.470811613873429735e+00,1.040751065824632704e+01
2.112172617505359007e+00,2.204235738436230996e+00,5.350412404815735101e+00
-2.030536790142645209e-01,3.694456805613373085e+00,5.927788557297457572e+00
-2.656446781515840794e+00,7.283374552634698240e-01,5.237974468650246962e+00
-5.221406804020285009e+00,-1.169536913306334025e+00,2.221417349662407226e+00
-4.438750780235265481e+00,-1.607454935911763583e+00,-2.442962338059546656e-01
-3.553119659209537318e+00,-9.026398936829737041e-01,1.946778200346250376e+00
-7.788367915420494114e+00,-4.222129327741488858e+00,-2.983331538455384013e+00
-1.973172369157323303e+00,2.453969377186163925e+00,2.884398013029474406e+00
-3.729443721435369952e+00,-2.794282224709324636e-01,1.668436392547216762e+00
-7.853098894638213423e+00,-3.834838115796438629e+00,-1.247912222630929158e-01
-7.273842110826548080e+00,-3.015897261251740957e+00,-1.205239816593205449e+00
-7.819576706035482161e+00,-4.380878898194378479e+00,4.047960370596381807e-02
-1.364786867670774839e+00,3.562032171977437933e+00,7.645477444852740057e+00
5.740705119081086494e-01,2.041707493040711974e+00,3.114800131853212584e+00
-3.374450363376597650e-01,2.152417643120525526e+00,6.639777910296505326e+00
-1.228190978174980241e+00,1.857787304327672029e+00,3.739606383834388925e+00
-4.019890959644113693e+00,-2.010706783200211234e-02,1.044387970771101237e+00
-2.806734052272567226e+00,1.313549339191977694e+00,3.193849681076655234e+00
-9.633478644942883307e+00,-5.510264483167095051e+00,-2.598901946579970090e+00
-6.475236062948943605e+00,-1.627348856154881451e+00,1.074601150067243216e+00
4.643825825478575808e-02,5.472302215158104666e-01,2.595755343984038621e+00
-2.149837999979606007e+00,4.328707203158930206e-01,1.263769544241474474e+00
-3.280865632162033751e+00,-2.676345776812592003e+00,-2.114395682730734194e+00
-6.031195792852468429e+00,-4.624519695257838237e+00,-2.179611825540623826e+00
-1.790247209589638899e+00,-6.966769670456836039e-01,4.091725943046889746e+00
-2.320163923861757294e+00,-1.993298553470056689e+00,1.374282062450699282e+00
-6.053727932969252379e+00,-1.704956125882700846e+00,-1.550888187672926133e+00
-8.116008295959321828e+00,-4.925086910365243043e+00,-1.516615809692239303e+00
-3.163208010746835441e+00,-2.460910406353252977e+00,-1.079818675484262247e+00
-1.918240349255666555e+00,6.114827008869219149e-01,3.824831800968330420e+00
-4.190473495239690038e+00,-1.258281129926458242e+00,1.054655474117626834e+00
-1.012158538709771349e+00,8.173944707556568545e-01,4.954838113195448202e+00
-3.845399297590050391e+00,-3.023943510932888934e+00,2.127805286512804983e-01
-5.289779946553316847e+00,-3.337454812201941845e+00,-1.729633601529453557e+00
-1.139183045918210091e+01,-6.665977669862621191e+00,-4.237563559577728789e+00
-8.633929361673061464e+00,-4.686644193377647483e+00,-6.929445569006653649e-01
-7.140336415270752468e+00,-2.920901324351198980e+00,1.878427321524240412e+00
-8.130799623759401129e+00,-8.128734180993612668e+00,-6.068711204442722718e+00
-6.746971632828254073e+00,-3.116351862093611480e+00,5.212795589835699239e-01
-7.074680704440074130e+00,-6.803468276060399944e+00,-4.654695438802106011e+00
-5.453596367435070036e+00,-1.915260573027484536e+00,2.766841952811985639e+00
-9.337289245008923544e+00,-6.413526165455449402e+00,-5.543709679557210279e+00
-9.515979118354719546e+00,-8.557708179416554373e+00,-3.980201656853171954e+00
-3.207534013222943958e+00,-3.187357005951881650e+00,-8.239004244454180004e-01
-9.310403083025530435e+00,-4.522733772719234047e+00,-3.771934333632644964e-01
-5.988720653223989387e+00,-2.552431544654359286e+00,-1.213331982162221045e+00
-1.241505173584080879e+01,-8.429100250060043820e+00,-4.211442503939269777e+00
-4.116144664779950446e+00,-6.616541295691931168e-01,1.146702300683450249e+00
-6.562159765655239951e+00,-5.740862045889213228e+00,-2.204996123751508996e+00
-1.372175185394131347e+01,-9.555832773886555387e+00,-5.583320760820587481e+00
-1.104020620740960545e+01,-9.840204961714762888e+00,-5.792610956760840146e+00
-9.349721231016802747e+00,-6.807291481270278055e+00,-3.754984428245246697e+00
-1.417573831093062431e+01,-1.062389988557301734e+01,-1.032941975131934420e+01
-4.624750599489031444e+00,-4.221820140333203852e+00,-4.712404961120153501e-02
-6.380984449430801675e+00,-5.487563060286989369e+00,-4.360883613190824626e+00
-7.332955308889605561e+00,-6.030202301099997442e+00,-3.603145497862237256e+00
-1.142158770834283388e+01,-8.131361877079921641e+00,-4.169123243994050654e+00
-1.317743020021657863e+01,-9.200286991701444705e+00,-5.118136842591329838e+00
-1.387045639656771812e+01,-9.253777853038601009e+00,-4.284970644211151480e+00
-8.224633894415930513e+00,-6.013036742633991238e+00,-3.331729991423449722e+00
-8.743476328341131421e+00,-6.017968773066153965e+00,-2.094002739877065089e+00
-8.360493150559596742e+00,-7.762961726622402026e+00,-7.259637126123303474e+00
-1.295296619678319594e+01,-1.087982990391960492e+01,-7.906462897429578085e+00
-4.931479116983280342e+00,-4.629573651782745713e+00,-2.164968255287452070e+00
-8.872047151218980687e+00,-8.442081584816246931e+00,-7.285949257086032915e+00
-8.165606594689343467e+00,-6.646418417270973933e+00,-3.983130258957915615e+00
-6.727298294305714244e+00,-5.946310185871420018e+00,-4.114882477466837329e+00
-7.210920594787133986e+00,-6.787910459492614734e+00,-4.939384896579956497e+00
-8.803367879264307305e+00,-8.426896759930855296e+00,-6.720507482745496475e+00
-9.286081272819398436e+00,-5.133142263947416239e+00,-2.125455583501367318e+00
-6.812674518342744179e+00,-5.446649601678952735e+00,-2.625245626759554085e+00
-8.126752955993836736e+00,-6.686630998446807972e+00,-4.218142759300290479e+00
-1.107065464328121074e+01,-7.993980011541574449e+00,-5.511290035833514622e+00
-7.042156458585731471e+00,-5.289442118919251534e+00,-4.150137324235224412e+00
-1.414654152174368207e+01,-9.674060193671181196e+00,-7.559097879358357197e+00
-8.363890751896375875e+00,-6.578341535477040480e+00,-3.807049833835069119e+00
-1.029326106648499639e+01,-6.417248623273811070e+00,-4.132626692509743016e+00
-7.820470718220393636e+00,-4.962257282908272948e+00,-3.998580623845369164e+00
-1.121097783377319068e+01,-6.219116423585676401e+00,-4.006423350387278148e+00
-1.013788156494358184e+01,-8.746761934726423604e+00,-7.163230895175356494e+00
-7.753758370061135885e+00,-4.310827324818285788e+00,-1.346966838200339467e+00
-9.592238008243295866e+00,-5.325211143074866982e+00,-3.365554634669322365e+00
-1.182715000461510257e+01,-1.156488397969350146e+01,-7.944954284770359365e+00
-1.065062723904386743e+01,-6.347942872621286980e+00,-4.185609534251119257e+00
-1.158961929979387051e+01,-6.971290686867025244e+00,-6.569839282149180448e+00
-8.407600499776425096e+00,-4.635849134537994409e+00,-2.696573168296339418e+00
-6.668439127485410900e+00,-4.783233000752262321e+00,-1.929963461589634388e+00
-9.184009556978489641e+00,-7.695392640934307416e+00,-2.888820809156404934e+00
-1.441053729197072286e+01,-1.018469002813584723e+01,-6.586106705158677244e+00
-1.079320719367689030e+01,-8.964690321694728681e+00,-6.244750919259990596e+00
-7.188591419163742557e+00,-6.718370223710062206e+00,-3.329432609254058040e+00
-1.008049049116227458e+01,-7.545549382407482852e+00,-7.148892066062063400e+00
-8.379521555674411815e+00,-6.421832117518443184e+00,-4.127574185969626441e+00
-7.856961427775516427e+00,-5.039757308987551809e+00,-4.415368954042065752e+00
-9.475977597630771854e+00,-7.306478046388557246e+00,-3.646352862394283800e+00
-8.494341891155277935e+00,-8.238074608896589268e+00,-4.606469111227831092e+00
-1.468989770417126550e+01,-9.987608853795451935e+00,-6.944867235176452880e+00
-1.735286614780400072e+01,-1.599773721301998997e+01,-1.193551616017854222e+01
-1.320714520709281636e+01,-8.919184043814405882e+00,-8.397955520808391583e+00
-8.411794843089625218e+00,-7.973382194171215076e+00,-3.948570255701456588e+00
-1.283177829841488027e+01,-1.071727205049035092e+01,-8.246353025299111295e+00
-6.506757671046043079e+00,-5.942360552065253820e+00,-1.606225322080793383e+00
-1.464382397216585474e+01,-1.010339684163893814e+01,-5.195788696542520846e+00
-9.400018770762862630e+00,-8.007743254783134645e+00,-5.109247387834898291e+00
-8.984376977293681676e+00,-8.949069015908129643e+00,-4.437000673432065057e+00
-3.730373208319594625e+00,-2.877022360047450711e+00,7.497834371350968752e-01
-7.005309234960456877e+00,-3.212036326590506086e+00,7.213466002372896924e-01
-8.443691449944132899e+00,-5.827374352438228655e+00,-4.500645771514813376e+00
-1.024472455261176940e+01,-7.762713432231458377e+00,-7.041984364995657053e+00
-1.116368251312100313e+01,-6.318874075397709511e+00,-1.575469981857279045e+00
-9.108608174996463802e+00,-7.780334827792932728e+00,-3.492252290875793364e+00
-7.203979385755766351e+00,-4.856322503123454482e+00,-2.477694351104858583e+00
-1.015215415250940012e+01,-5.355953212168685695e+00,-1.092521759475809873e+00
-5.731957369867582308e+00,-5.459795604129832114e+00,-2.772238902562764729e+00
-7.515092080729762536e+00,-6.517188371934093283e+00,-3.992274673358743975e+00
-6.370508556287804325e+00,-5.924183801078212852e+00,-1.708661901451828946e+00
-5.407684467840240927e+00,-4.630041364989562425e+00,-1.106330287695589831e+00
-2.449536667650507482e+00,-2.113949560219783308e-01,4.638686556593302868e+00
-6.385692726967309163e+00,-4.130048539532981344e+00,-4.947053684637410242e-01
-1.392211025237449107e+01,-1.103590932730678809e+01,-9.473694825715570644e+00
-9.826757177482324579e+00,-7.320178189435431193e+00,-2.804940098461402798e+00
-9.284315502639712392e+00,-8.710372038580892706e+00,-7.953536091988471668e+00
-7.470419080579639548e+00,-6.946747826807568416e+00,-3.415017884086703148e+00
-8.526962345193974002e+00,-7.182756099274072881e+00,-3.271424445481316834e+00
-1.208601733575931902e+01,-7.201290668230092784e+00,-3.621155325063524444e+00
-7.959757927817278755e+00,-5.198267158198722981e+00,-6.336640172191607689e-01
-1.034192215928456982e+01,-6.773508900240058139e+00,-5.367597974901315183e+00
-7.384304684573403499e+00,-4.042423149049785280e+00,-9.468283488694244632e-01
-1.036828856684338263e+01,-7.357160454468951727e+00,-4.334289447311377330e+00
-1.079394217408882461e+01,-8.815957156826378593e+00,-8.804627733340371520e+00
-1.069142944498150172e+01,-6.414087884608539625e+00,-1.469990666949500202e+00
-1.145545076894833869e+01,-7.700436091043406428e+00,-6.468180712240672037e+00
-7.540376194427012457e+00,-3.006043191781865076e+00,-5.310430311825062866e-01
-5.257652045956352715e+00,-3.664904844407331996e+00,-2.328835282603239687e+00
-3.635376521648626458e+00,-2.310096091846506994e+00,1.843148273125967407e+00
-1.200031344432424163e+01,-8.634484690028450871e+00,-5.783697773634555617e+00
-1.145292736337494333e+01,-1.037523557425778620e+01,-5.793625669249344412e+00
-1.796914875722897431e+00,-3.192084471645166843e-01,6.874066471788089494e-01
-1.210335377702665127e+01,-8.832454208080863012e+00,-4.147228324574769864e+00
-7.460066756766765117e+00,-2.879593130547489110e+00,-1.058383519129555417e+00
-5.010808299178384217e+00,-3.136739994550982846e+00,1.649562520652452680e+00
-5.367679309812369404e+00,-4.980921266765547806e+00,-7.677590367134703442e-01
-7.551358803650846774e+00,-5.647213050355950337e+00,-4.674203890854323973e+00
-1.224077640366521891e+01,-7.770685092730506227e+00,-4.363100998708507205e+00
-1.796134022667502439e+00,-1.132489710697885066e+00,3.362369235747406648e-01
-3.893373630730907919e+00,-2.371004234727858151e+00,-1.903715771794963096e+00
2.533477799645198036e+00,3.645251819396220228e+00,8.089488026167154899e+00
-7.651501020621777727e+00,-4.648400658623203618e+00,-7.329657527368493852e-01
-9.346317585243044235e+00,-4.360215914600314768e+00,-8.821579948754099121e-01
-9.817606044462761972e+00,-7.501084443236049282e+00,-4.031611352641538026e+00
-6.672436027740030973e+00,-1.952161895735490482e+00,1.643061205925782975e+00
-1.120665103577350408e+01,-1.037524604688415408e+01,-9.658094067584690023e+00
-1.094383308981291236e+01,-8.964108184088750875e+00,-8.314026028769450960e+00
-3.438811591049756533e+00,-2.886855836752816096e+00,-2.035519118896090163e+00
-5.642196605419170119e+00,-1.913191626833628201e+00,-1.660526768226802341e+00
-6.580039849511863714e+00,-5.122260190991044126e+00,-2.730891785562616469e+00
-1.040442875672800582e+01,-6.548235901545202076e+00,-2.793375849406540379e+00
-3.385554241910728290e+00,-2.881026397326792665e+00,2.484937929217356789e-01
-6.242469814360758207e+00,-4.983329839624763835e+00,-4.493285699701393909e+00
-8.747484930686674431e+00,-4.915138091282718946e+00,-2.801676579755461471e+00
-2.980636567077137755e+00,-1.060214467976470010e+00,2.400254185228083870e+00
5.329667152207796299e+00,6.372970287725824079e+00,1.123246379153065888e+01
-6.782683638571895379e+00,-4.133401954714730486e+00,-2.037130928516655892e+00
-5.600538173921304264e+00,-2.099798200273328419e+00,1.123634923680058684e+00
-3.264651496778580242e+00,-1.682247856195776770e+00,3.135672574694868153e+00
-4.607726765148462356e+00,-4.538725767225260554e+00,-7.427149404726933746e-01
-4.954323838659093759e+00,-2.353178167351241967e+00,5.560665508577038452e-01
-2.236456327863995064e+00,-2.059638841818070887e+00,5.845941445271609638e-01
-5.222242391868775258e+00,-2.111417112021649167e+00,2.681828517821426949e+00
-7.305189202699956752e+00,-2.938611339623488750e+00,-3.960799593682495789e-01
-4.087438259570142840e+00,-2.672384306532171738e-01,4.127853629450157769e+00
-1.772824527707494102e+00,-1.270469927938490340e+00,-8.766548448585905762e-01
-1.198965435177031047e+01,-7.535604946562639128e+00,-4.610680592600664873e+00
1.412973739692430897e+00,5.853087116886364072e+00,9.410099692032101615e+00
-3.764263171436713407e+00,-3.338252916096094758e+00,-1.246531845568888741e+00
-5.301034541551670642e+00,-3.807294800899514886e+00,-1.787821334900874248e+00
-7.694765512003145957e+00,-6.801622572554363977e+00,-2.498190283787492305e+00
2.454050709632354721e+00,5.362202872492687789e+00,7.920405129808981037e+00
-6.241469746944229513e+00,-2.816300380970675477e+00,1.448029624609737276e+00
-5.925391731784027449e+00,-5.400733513124029272e+00,-4.166210637698275931e+00
-2.198390455626026530e+00,-1.277681640398839358e+00,-1.274178624996295417e+00
-1.782684384392543731e+00,2.502207448299471171e+00,5.391612274708882602e+00
-3.050790339324536138e+00,-6.780001596144940024e-01,3.578022358221022436e+00
-8.215049656214494789e+00,-4.763351897216534070e+00,-2.522055457297875058e+00
-5.979699028331219024e-01,3.264121348598926220e-01,2.808451696196500258e+00
-2.727451388176888258e+00,-1.496215883307081329e+00,1.648263133196791186e+00
-8.327419931909192385e-01,3.375468702293557222e+00,6.667175967886703525e+00
-2.436527583619860771e+00,6.283449602136585987e-01,4.582045356386739599e+00
2.526027102400695501e+00,2.897201285840390383e+00,4.195529036704794379e+00
2.224129046495690876e+00,4.573787785330758027e+00,8.739218603648971850e+00
-2.562306577966300125e-03,2.377742913019779802e+00,7.191659193612919054e+00
2.548564385248647479e+00,2.704989122186033157e+00,6.667209068210514289e+00
2.886419074758802772e+00,3.718390822207970015e+00,6.400690500280106221e+00
4.213725338027995981e-01,3.272860237927905480e+00,7.110564193725239512e+00
-1.793442307770801492e+00,-7.196843410259692320e-01,1.949928463366504605e+00
-5.194276674037114461e+00,-1.426650596423076678e+00,1.887910381620068634e+00
7.491093958031731503e+00,1.051933742832816776e+01,1.490526749544246599e+01
6.118253722453133925e+00,9.908416642408543140e+00,1.048723045565797385e+01
-3.513955115227417991e+00,-1.894211760809011214e+00,-1.669938171793054815e+00
-2.621622077762594483e+00,1.524468039196162916e+00,4.983048044278544531e+00
3.308727211902281695e+00,4.514948661084581261e+00,6.067368603434942109e+00
1.968029668161331180e+00,4.555839052615596962e+00,6.322308892389522761e+00
1.240965302110618840e+00,4.728070669362820055e+00,6.365784022892347238e+00
-3.446436521799800090e+00,1.098399327034460526e+00,5.946068090245999471e+00
1.245216487782763615e+00,3.154962970471448802e+00,6.718821707016987332e+00
3.410952313925839086e+00,7.755363737224276299e+00,1.256776005892721315e+01
3.538338344993100293e+00,4.817448465849136774e+00,4.884546962394390235e+00
-1.636273225732314707e+00,3.212431638507736054e+00,5.766330155838595317e+00
-2.230616654386459174e-01,1.777205229642153661e+00,4.810958180916106386e+00
4.448426024162650094e+00,7.662782136579506798e+00,1.174262350683561351e+01
4.180579305381867172e+00,5.547434093888891304e+00,9.816431708802031864e+00
1.593038429547057877e+00,4.138118382476987378e+00,7.114772636329133704e+00
5.122428497411376291e+00,7.042211755121488004e+00,7.891701371834010104e+00
4.467243570392291474e+00,5.180989603922361297e+00,8.714270122514017558e+00
-1.734519376828615567e+00,1.947338117279366898e-01,3.692645967232584869e+00
4.720741900088825105e+00,7.711587481321208415e+00,9.862867508427520136e+00
1.131182535326047756e+01,1.552043901489001243e+01,1.583995534212628087e+01
1.675082452484501605e+00,2.364622298221878971e+00,3.247832247870042099e+00
4.941123976464076861e+00,7.449765337152611799e+00,8.117936206043305347e+00
3.668130141600869365e-01,4.551004186912988914e+00,4.982732991923519705e+00
6.645916524344471554e+00,1.029102440603743318e+01,1.498860764263990575e+01
2.639325604554085380e+00,7.036338075286157512e+00,7.146366559770238602e+00
6.105598544783727100e+00,9.042229958578584359e+00,1.045046957817390876e+01
9.985959007212060756e-01,1.435227723900428742e+00,2.927900276363742726e+00
3.612869785821492208e+00,5.703756415501804788e+00,7.253102831049877963e+00
-1.907896666248910300e+00,2.145729981870258207e+00,5.127092155796158401e+00
4.039933006152359951e+00,5.751151521238700326e+00,9.187161988280070801e+00
3.148223451964570430e+00,8.051177557665559092e+00,8.584161607995607568e+00
8.503561411452409402e+00,8.819485215758206209e+00,1.079335781481327317e+01
3.306808935078770162e+00,7.774315404010124553e+00,1.210448299683491413e+01
7.589610145780010697e+00,9.122604952041864834e+00,1.101953401913324093e+01
2.728751848461993035e+00,6.288688312169755434e+00,6.660022884606282112e+00
1.697044553391023669e+00,3.794307035405874551e+00,7.156990279831695112e+00
5.192576025782807747e+00,8.414679328270249670e+00,1.022358469207065390e+01
5.811659022184697321e+00,7.761535361606481942e+00,1.112307126710254934e+01
9.504047937968305604e+00,1.340246543048646188e+01,1.445554216724268670e+01
1.077866466070299900e+01,1.177856578086278461e+01,1.451651091963488938e+01
8.938028188543093222e+00,1.194023548669740009e+01,1.359010567180042273e+01
4.960693783963328940e+00,6.645599917754081432e+00,8.566570969142485836e+00
4.129940664218938906e+00,8.642322058952318642e+00,9.813809479064396157e+00
7.166553796534944176e+00,9.791307969285801605e+00,1.218800246130435916e+01
1.453353321580084234e+00,5.746952019543496881e+00,8.228332474372635374e+00
5.340799809040960966e+00,5.433709074626563051e+00,5.509164200280549650e+00
5.979301023286163641e+00,6.670476354617881576e+00,7.266788113559489837e+00
4.920454898265152366e+00,6.627614515776768300e+00,9.033996231236695706e+00
8.840171644066217027e+00,1.066139144116743687e+01,1.271631285003958922e+01
6.797560342068051042e+00,1.017127351155820847e+01,1.056860776526667678e+01
4.250190431703769534e+00,9.106327186936725937e+00,1.164905201114531863e+01
6.319125941738816366e+00,9.673547940721029192e+00,1.114626833025242902e+01
7.232725007039349840e+00,9.088489367095398563e+00,9.410015175913279961e+00
7.016281333619469152e+00,8.344304392184069386e+00,9.065721230611485382e+00
7.359336457244078922e+00,8.283187395751813398e+00,1.261020415381728021e+01
2.624487737463165438e+00,4.102804628827413147e+00,8.581116675106855496e+00
5.522454441603539266e+00,8.811350197189092626e+00,1.075674935336227733e+01
6.632932761074348704e+00,8.580978309062569309e+00,1.350497414513464989e+01
5.274995690640968959e+00,7.720510398795639162e+00,1.266928395763398285e+01
5.807842054904303275e+00,7.931843405814615444e+00,8.876506514209181020e+00
8.740021100526236708e+00,9.980510618439332404e+00,1.129601507356489165e+01
8.751238897775843739e+00,8.761995893644918709e+00,1.123270139331772022e+01
1.156669130806381496e+01,1.221762643739486442e+01,1.658593182621608264e+01
2.220822972698210052e+00,5.631988862062379475e+00,7.251857340616037817e+00
1.012790026094644880e+01,1.286335385843673151e+01,1.313880135455845632e+01
1.269736263290566392e+01,1.403276498437908870e+01,1.831307806613971678e+01
9.060519646714389808e+00,1.245547840290164032e+01,1.728571482299398809e+01
-1.031258970254928187e+00,3.604140302706641208e+00,6.155599113841246250e+00
6.243694052144681095e+00,1.080962066563437673e+01,1.221503262487622976e+01
3.630230255202238965e+00,6.659901899050803209e+00,7.942884384364388595e+00
6.102131436617975524e+00,7.455827164333738821e+00,9.525147928072364323e+00
8.443081090774496644e+00,9.114933286819683289e+00,1.310365524813498439e+01
6.070698817334029940e+00,1.073970914897725137e+01,1.288944515352555875e+01
1.019645696229507159e+01,1.285262341197074321e+01,1.544789779071143165e+01
8.479945328180365394e+00,1.090898664168732068e+01,1.368404994289624987e+01
5.427621494284147197e+00,8.408380270636275355e+00,1.229206153046522232e+01
1.100389323854507495e+01,1.496186331387358948e+01,1.765568478067548597e+01
1.039596628098951925e+01,1.363788998982029632e+01,1.464838543717493025e+01
1.344228434784659143e+00,5.513126609344554119e+00,7.212300630736473650e+00
1.815216132322403197e+00,4.631797270581869519e+00,9.356676989729759697e+00
2.815030871881433860e+00,5.848611959142949956e+00,7.796291297526545705e+00
6.158356393113070482e+00,9.190550685258250141e+00,1.154425780501768095e+01
4.672475083996122436e+00,8.790241066528574621e+00,1.118786174721321203e+01
2.298393180295403848e+00,5.075458328401360575e+00,9.369778061218617893e+00
1.103135688478437260e+01,1.456228339883396927e+01,1.751501820634870299e+01
3.212916362219089272e+00,6.412011217898822224e+00,8.466280799122630540e+00
5.795185890554248154e+00,8.768549694375362691e+00,1.012591983049678390e+01
5.013199880198996539e+00,9.005309004135913398e+00,9.528642757858211354e+00
8.698372509627812832e+00,1.339385086662388424e+01,1.747995852695242291e+01
8.713117218636110550e+00,1.245948490305256584e+01,1.600879880450616000e+01
9.678934045728837532e-02,4.724154391447450863e+00,5.360926012539669827e+00
4.594288032258261545e+00,4.795624131707216797e+00,5.396134025275610036e+00
6.734916213362467374e+00,1.079564503324679592e+01,1.194202825889371944e+01
1.089435377530402071e+01,1.167665017092620161e+01,1.553631779343360009e+01
8.960989274442383135e+00,1.149897684780494345e+01,1.461782419872591277e+01
1.137359778320155712e+01,1.177586386288805187e+01,1.470432176381909173e+01
1.225113062832474853e+01,1.397229510363769478e+01,1.561001897071112410e+01
1.092512217163035260e+01,1.288527080131092717e+01,1.620080415725727363e+01
9.641070413525390848e+00,1.370053540325620745e+01,1.473300036352196329e+01
6.969165835721984337e+00,1.146388333460376074e+01,1.454742301326990983e+01
1.602988275755957304e+01,1.773669551537390277e+01,1.946984923186883876e+01
7.955201259986361961e+00,1.253992501815154270e+01,1.633287814501091262e+01
8.408698474673208523e+00,9.193281388778311580e+00,1.304610346032555945e+01
9.070520821277098023e+00,1.258936426355442961e+01,1.741954157046532714e+01
6.990192888184808773e+00,7.275233482485983671e+00,1.163631463530112242e+01
8.009284602064738579e+00,1.069469955759119983e+01,1.123309381081852010e+01
7.442623158574150466e+00,1.054097063020210179e+01,1.168492244394997215e+01
6.973344015617844782e+00,1.147979028685255720e+01,1.168387349157866950e+01
3.423361102779072684e+00,5.719449732263073294e+00,9.300546873447640195e+00
9.608747195056645651e+00,1.254142461487537830e+01,1.458428107913877980e+01
5.118969994706976223e+00,8.525135597008999255e+00,1.061586884891180915e+01
1.126088117775310593e+01,1.243623506578086868e+01,1.597464088497724966e+01
4.523784064356666690e+00,9.172433258647195942e+00,9.980989738331780714e+00
7.777417264082981063e+00,9.355350091458991102e+00,1.202186036645749923e+01
4.661951126225079456e+00,7.761032695154707284e+00,9.804009860328706694e+00
5.130609726500269474e+00,7.534128486604190655e+00,1.135741860150730886e+01
8.287239939308244985e+00,9.667271745642270986e+00,9.769822461190653229e+00
5.905589802304294977e+00,7.373657327834196806e+00,1.057858348263663473e+01
6.621019755218413572e-01,3.229748149904173360e+00,4.716342391821569002e+00
4.803143569847833305e+00,7.769084122517967650e+00,7.842569316886450537e+00
-2.368999067146615900e+00,2.778084801053459785e-01,5.006648928005684063e+00
-1.479103422639456156e-01,4.559916165983219472e+00,6.698187439456228631e+00
8.340335897525199549e-01,4.825477206773904015e+00,5.691910602020037402e+00
4.654751855165412344e+00,9.451600687170817139e+00,1.101880118561535404e+01
1.084680016930991542e+01,1.525967263454118772e+01,1.542998133755994949e+01
4.873727921269264129e+00,6.143797164351190609e+00,1.008818047657145378e+01
8.068649344486088282e+00,8.348115203809076235e+00,9.091093967326054681e+00
8.151373711473961947e+00,1.097387974950455813e+01,1.349599741320338708e+01
5.927523562810521618e+00,7.861761182557672534e+00,9.600991313777933911e+00
9.865083911250516202e-01,2.021444232751095527e+00,2.169077080478047925e+00
9.146827365138605614e-01,4.935906613436773505e+00,7.768288258748759390e+00
6.691000760971532735e+00,8.265803373185665492e+00,1.185457608001773799e+01
7.923382432083451832e+00,8.375680443163052047e+00,1.002809087599598392e+01
8.096812006570516473e+00,1.273813098887817219e+01,1.703346349045543562e+01
5.823047910996201892e+00,7.708123161371350562e+00,9.878554026162341017e+00
9.715550275886601028e+00,1.109742946602433200e+01,1.609308716596046906e+01
-3.108056556365723644e-01,3.793831879790956929e+00,6.642519670624993822e+00
-5.743280243962200160e+00,-9.067717331626727884e-01,2.863456242806359242e+00
1.535916107124724483e+00,6.240123848997527034e+00,9.889352990789689102e+00
1.273616442729623266e+01,1.311199893090291368e+01,1.364528233425308201e+01
2.065090679596414791e+00,3.314627101922217545e+00,3.441255799203886134e+00
1.131784690121198267e+01,1.163557938224019139e+01,1.451889418170281587e+01
4.183528608778092739e+00,8.046691182448689972e+00,8.369169075894760113e+00
3.196708844871504418e+00,4.507288224878846172e+00,7.532681457721849938e+00
2.184913832007323364e+00,4.315187573693574308e+00,8.485790519024590139e+00
4.786128532592977436e+00,6.515158762364395173e+00,7.079686343181744945e+00
-5.580146898904546404e+00,-8.703600192126241808e-01,-1.088918786244990056e-01
1.664065205810150161e-01,4.283021317132750916e+00,6.000921468254078128e+00
4.038247561923504314e+00,6.163545033627217506e+00,7.618268333153003447e+00
2.670068304923201019e+00,5.175389559823798891e+00,8.985655973141593478e+00
1.304925094317785472e+00,5.332891954017455305e+00,7.364874352142746439e+00
3.923653398618671684e+00,4.766972381285247806e+00,7.998997068778429309e+00
2.748745270938887764e+00,4.662131231353050964e+00,9.575729176123807918e+00
2.930498752437285415e+00,3.326632532414997012e+00,3.978572948584662150e+00
-2.202139022049744987e+00,-8.248862675494019747e-01,2.564542954306482603e+00
5.277763413724687602e+00,5.757603165891518771e+00,8.100006913321866620e+00
2.570970611869971112e+00,2.699965916449719838e+00,2.929636143068812260e+00
2.154930759612242674e+00,3.019849504097412485e+00,7.159084767382039693e+00
2.576233706883495067e+00,4.350237681242028920e+00,5.729511707390534170e+00
-2.512027452325675370e+00,-6.726111658181830322e-01,1.752763763103736050e+00
1.895753471377799260e+00,2.765755770765471411e+00,2.856198144250368109e+00
5.970197044818519316e-01,4.794041597552537226e+00,7.467709262100450829e+00
1.565881319848487330e+00,3.066857047185624907e+00,6.233100335455292296e+00
2.390306565858778320e+00,4.113613193750106589e+00,5.628486955167950612e+00
-2.329051539280371230e+00,-2.214661063215776160e+00,1.750537535429628644e+00
-1.438762384123855487e+00,2.735272006922474741e+00,2.832071750890206907e+00
-4.389199700382100389e-01,1.504388206935558525e+00,2.978682268619233131e+00
-4.664885331461748663e+00,-7.898761398838232139e-01,3.386738893937427441e+00
-2.301147324983455755e-01,4.606023841194621937e-01,1.984579605398390401e+00
-3.085008574876588305e+00,1.426166282772327820e+00,4.664766651771804717e+00
-3.179133981645758222e+00,1.226152979452745040e+00,5.999292131929999883e+00
3.938447762520676854e+00,5.293581664301603595e+00,9.827040461878851829e+00
9.318143332832384829e-02,5.001545803986857663e-01,3.298149766734314259e+00
-1.224919980032431077e+00,3.258552144834770736e+00,5.626466359685071694e+00
-2.353728296075029647e+00,7.550584842130996233e-01,9.956922968142322139e-01
-6.136962246382408281e+00,-1.771520431764464387e+00,2.295189683577542272e+00
-4.690992411550165997e+00,-7.154403607687513933e-01,2.214404691520929003e+00
-5.846241181465937409e+00,-1.620532318659726023e+00,1.198562128650858760e+00
-1.581819765015141543e+00,1.647427796951178136e+00,1.785679244364799523e+00
5.870479332113478499e-01,1.492045729991846814e+00,2.518474396521127812e+00
-8.171443958951474684e+00,-5.047453140787493631e+00,-3.230999654249302466e+00
-5.948858981758751163e+00,-1.291508345577888628e+00,3.260255114333399540e+00
8.073816652209583333e-01,1.333274779472739757e+00,2.245174499892351516e+00
-6.261357730210858286e+00,-2.780920781675436881e+00,-7.881632821145596601e-01
-4.943016659838558979e+00,-9.301865140752270111e-01,3.740877541518288218e-01
-2.653910039531140352e+00,1.179217682018105506e+00,3.446671031869409596e+00
-5.565880995152989286e+00,-2.777391145625831115e+00,-9.623971785638540943e-01
-2.936413112097735478e-01,1.287658179930679214e+00,3.548452137330374789e+00
-1.210086375574085160e+00,-8.734982097442021143e-01,1.278478227468008654e+00
-3.071471706996228512e+00,6.264296155455775228e-01,4.996800508359640958e+00
-1.209128007989181075e+00,3.549697132254490128e-01,2.580490251060365559e+00
-6.589342326498578650e+00,-5.944526460855932726e+00,-3.977748126297689257e+00
4.621429389139477539e-01,2.024062870208264364e+00,4.871161135095293915e+00
1.354384128896923833e-01,2.156604187376660153e+00,2.966338259485856277e+00
-6.682707092659042836e+00,-2.833803628597557189e+00,1.417683253935499987e+00
-4.394461773328419696e+00,6.043010457418724890e-01,3.263147057013104479e+00
-4.161908573275402645e+00,-2.525429831842244344e+00,2.021358892392310924e+00
-5.846791366592867689e+00,-1.500279419909903211e+00,1.162553915332747323e+00
-1.910664215602833949e+00,2.178158565787685852e+00,3.786669064664242690e+00
-2.770395696681382081e+00,-1.353173416598960177e+00,2.996946272910902653e+00
-1.033311567646818574e+01,-5.394761346295418036e+00,-6.965041443056181336e-01
-5.555435304182798184e+00,-4.063622862714274753e+00,-2.956189820597852069e+00
-5.823196379596744521e+00,-4.978972397002952910e+00,-1.287873308950242546e+00
-7.772336602279941609e+00,-5.387735507723451889e+00,-4.251412122835331431e+00
-8.100047082311817803e+00,-3.344846300738421263e+00,-6.658552692014385599e-02
-7.158718293663838494e+00,-4.840214279284382748e+00,-3.878446676165029139e+00
-7.123068479351959859e+00,-2.570514784423157728e+00,-9.923301114675018297e-01
-3.567763404420947193e+00,-3.011751627164960698e+00,-2.524772686181058212e-01
-7.157096109213073376e+00,-2.966045984098134358e+00,-1.167158741675219158e+00
-9.125529896739362101e+00,-5.165472738142698361e+00,-5.025942306539146642e+00
-5.199723784022859618e+00,-3.349757429781276219e+00,-3.252727489877798028e-01
-8.695147618019532842e+00,-4.825881380850769453e+00,-4.567722042002899663e+00
-4.851951842871255138e+00,-4.343205119820737536e+00,-2.908648061917909367e+00
-7.055630973519143367e+00,-5.917127506184069574e+00,-2.949721968719657639e+00
-7.862008834584646166e+00,-7.079480555916397577e+00,-3.651023883525935432e+00
-6.998359830625133782e+00,-6.967869353073003147e+00,-2.399027646997718755e+00
-6.676158035273992652e+00,-1.991722556592222304e+00,-1.785916855051185248e+00
-2.280634727345744128e+00,-6.599864683766485385e-01,2.122787280723898107e+00
-8.767256184779874673e+00,-6.130643105563276407e+00,-1.197366709732545331e+00
-6.643587829216870411e+00,-6.115157383106716082e+00,-5.801549095098409659e+00
-1.497782997117380077e+01,-1.219447695356750216e+01,-8.437747603819406805e+00
-9.801140222467166652e+00,-6.505269845706872722e+00,-4.042063372697019652e+00
-1.440993341577997455e+01,-1.017553926272315579e+01,-7.622286823739845119e+00
-2.979942547928232877e+00,-2.718209754262913336e+00,-7.128174052204307998e-01
-1.480810316320191333e+01,-1.034422737221739297e+01,-5.749214498992179401e+00
-8.230198972571688643e+00,-3.946548694712199712e+00,-2.642654600138090615e+00
-3.576648030282870039e+00,-1.249002795789473375e+00,1.114335272873106852e+00
-9.759685056493205835e+00,-5.050933015598753073e+00,-3.288168958712843981e+00
-1.123832799955863138e+01,-1.007664212678250237e+01,-8.779660810407493798e+00
-1.152941628558157205e+01,-7.543124573015496992e+00,-7.152191455776430118e+00
-7.305959725178395203e+00,-7.183060180872708145e+00,-5.321202032386075587e+00
-6.031135763907544245e+00,-4.894410872149840941e+00,-1.248108202319301085e+00
-1.304487150607929813e+01,-1.247820479212843381e+01,-1.162193065110060353e+01
-1.201184639421509281e+01,-9.996371796989620861e+00,-9.842387578165116224e+00
-5.197640060618806679e+00,-7.010798981806543040e-01,2.770692212791089126e+00
-6.274933705498771275e+00,-3.033790403244121414e+00,-2.613835165402135452e+00
-8.281161831496744341e+00,-7.012410608845868865e+00,-3.211570228848874997e+00
-1.331445650601694908e+01,-1.032925131958863751e+01,-6.935499328110330097e+00
-1.038808668024019966e+01,-8.250141829865199838e+00,-4.631681575952555363e+00
-5.962440026805357007e+00,-4.884534216981672117e+00,-4.877302674812094452e+00
-8.986837940272732084e+00,-7.608148461922677797e+00,-2.658876548760109593e+00
-1.173856619297490056e+01,-7.834697041594248290e+00,-5.618775667679912544e+00
-5.617566804435484507e+00,-2.776479804394522688e+00,6.974050805456109003e-01
-8.783017777270035964e+00,-6.473371147024281846e+00,-1.530221224946189729e+00
-1.107056594769502134e+01,-9.353694341172358762e+00,-7.743803928363078626e+00
-6.690794338793117468e+00,-4.620944369484047520e+00,-2.140704968742556780e+00
-1.058043489084436573e+01,-7.824271301105604870e+00,-2.922833120818727259e+00
-1.438414092344545736e+01,-9.674608771958025599e+00,-6.812105245901847184e+00
-1.026455780953857300e+01,-7.132980110025167519e+00,-5.769952090034916381e+00
-4.456175892645340753e+00,-2.971097386007282459e+00,6.236408795146703987e-01
-8.468297775543250694e+00,-5.396674382280400195e+00,-4.354226893506560003e+00
-9.619050321015599536e+00,-7.046287765406334280e+00,-5.619885269963774022e+00
-1.363934243857061190e+01,-1.004493596233479735e+01,-7.862531815638533317e+00
-8.090444426032991743e+00,-3.493607197830578492e+00,4.918620755639588893e-01
-8.217358334275804310e+00,-5.639278778285831351e+00,-3.316913453067318329e+00
-1.309411021453605528e+01,-8.632313555763033719e+00,-6.284281823730530903e+00
-5.806656223586146304e+00,-4.293485184884433536e+00,-3.820859475140055750e+00
-4.834958088468851223e+00,-3.680205716235294133e+00,-2.134514206515086165e+00
-1.484808195481666360e+01,-1.194135468209904438e+01,-1.106297625885467184e+01
-1.517752122383244462e+01,-1.272373422945311461e+01,-9.215043251899029286e+00
-1.240222889753282942e+01,-8.422414255984202569e+00,-8.066778825738410319e+00
-6.160210684028965211e+00,-5.906644032868707761e+00,-2.181095950522013993e+00
-8.044007492101648893e+00,-7.560755315384720454e+00,-2.827833448167427655e+00
-8.939429773104460963e+00,-4.192718361227296242e+00,-2.641647402373780817e+00
-5.407739500206506733e+00,-3.770827245975207909e+00,3.243900873032181664e-01
-1.096732685072900892e+01,-1.088348185396912982e+01,-6.790803240249317696e+00
-1.101406049884312566e+01,-9.495028882500459844e+00,-8.714420723202470853e+00
-1.491294974796339190e+01,-1.007745390775545680e+01,-8.647721965883738093e+00
-1.236210591166024386e+01,-9.696562981374110990e+00,-5.171091103796541688e+00
-1.137327136622798207e+01,-8.353377019852025853e+00,-7.074914317064795455e+00
-9.271368300239245741e+00,-9.254233261959203816e+00,-8.980089409866650385e+00
-1.148155676925774138e+01,-8.196380615145056225e+00,-6.925891864771379858e+00
-1.392090901602037789e+01,-1.190601197969563430e+01,-7.609017960782288981e+00
-4.659698233681987212e+00,-1.713193115553693247e+00,1.215460029760011551e+00
-1.350915016337658869e+01,-9.090758526716088639e+00,-7.342035324723445555e+00
-7.461383604980505346e+00,-7.375707705791633373e+00,-6.515520515058175199e+00
-5.944985659122515642e+00,-3.526566431329353435e+00,-2.954495310351630266e-01
-1.137721484822198548e+01,-9.839469943374806959e+00,-8.220766626683127853e+00
-2.096888848878513123e+00,-1.575395289871077686e+00,2.643075478290964675e+00
-7.846617334218433548e+00,-6.280580687111346982e+00,-2.966452414514856084e+00
-5.783054632679180074e+00,-5.435801564557382726e+00,-3.880656485613486861e+00
-5.791148153690173217e+00,-4.773938748425706535e+00,-4.149004994900353793e-01
-8.444319082354303063e+00,-6.499391083801930868e+00,-1.655885847338172567e+00
-9.358036676377976093e+00,-8.415190892797228983e+00,-7.573690731683768718e+00
-9.140266446476344342e+00,-4.785429976192165924e+00,-1.504059938010966491e-01
-1.125727432896102265e+01,-7.744383215870528581e+00,-7.110716866838272310e+00
-9.876258649181366422e+00,-5.789970233935850530e+00,-5.486462835963643592e+00
-1.518871006303763416e+01,-1.219840960286583886e+01,-7.921547274711919329e+00
-1.060501838856936629e+01,-5.750475347606642806e+00,-2.168964817163189451e+00
-6.288601342274333206e+00,-3.246965624937101502e+00,-1.971150730310869958e+00
-2.911578811713054105e+00,-2.428139211016356214e+00,-6.691332593289982533e-01
-8.577307997934244810e+00,-7.415188625344695694e+00,-5.728278279960255404e+00
-1.011390940203376587e+01,-7.582528445370281034e+00,-3.973529863459644318e+00
-1.355529614923247372e+01,-1.022123915608347389e+01,-8.619655706533229989e+00
-1.050175232065848085e+01,-7.927714566223338366e+00,-5.040696498440402351e+00
-1.108173269633095970e+01,-1.050799505887201946e+01,-8.279962599766600206e+00
-6.073930519933077754e+00,-2.843007664405291735e+00,8.162594279350856574e-01
-2.481588089184101786e+00,-1.821872638216142981e+00,2.899569569615271902e+00
-1.413160384660590196e+01,-1.024563991127841511e+01,-8.608323332026083463e+00
-1.056494769661765432e+01,-6.576283091221662325e+00,-4.278122192601088614e+00
-7.259643468498749641e+00,-3.569186301947738116e+00,7.718398559770021095e-01
-8.232722919124178418e+00,-8.225952752275135893e+00,-3.487437468393190798e+00
-1.085907105766677638e+01,-7.806934722561412521e+00,-6.737115059636178849e+00
-1.168211940787552905e+01,-7.781190421674258673e+00,-5.773648937687901217e+00
-8.979017538241551577e+00,-5.626837124014742564e+00,-3.930784961554345092e+00
-5.108689260543596511e+00,-4.289227327274634405e+00,-2.591999464567612321e+00
-1.269037600355003015e+01,-7.817401567510378513e+00,-3.337015257560396186e+00
-4.486479061966388571e+00,-3.147724041953738894e+00,-2.990007491619657287e-01
-7.619533843463575984e+00,-6.257243098553781024e+00,-5.504389794445780915e+00
-8.147392819441503065e+00,-6.861955706466186022e+00,-6.470589832066483638e+00
-7.976264420712693592e+00,-7.633782436598563592e+00,-5.935453713821861044e+00
-1.134299875380022549e+01,-6.638460741670777487e+00,-3.691715573676064288e+00
-8.736601725475651392e+00,-5.363923789678790577e+00,-3.578830106568458458e+00
-3.352079120428010039e+00,-2.026587340328740439e-01,1.598884918396719090e+00
-1.507691464253798230e+01,-1.094888385046108681e+01,-9.462380505130337127e+00
-7.632444364692662298e+00,-3.793752202630496839e+00,-1.697116622396900532e+00
-2.407024819161224016e+00,-1.308696085608842985e+00,3.331006648322843766e+00
-2.139795728655123686e+00,-1.963737275297491536e+00,-9.602818198281151130e-01
-4.801605594324494852e+00,-2.577164720557874489e+00,-1.125668888959934666e+00
-7.932063646491066322e+00,-3.305796561078926832e+00,-3.039929966473742695e+00
1.793468019036659200e-02,1.554175831747680370e+00,3.369715386251309397e+00
-3.476886341667695390e+00,-1.752055362673335059e+00,2.167744828404745583e+00
-4.929908279774926072e-01,7.081453088373628191e-01,2.895575455486227412e+00
-3.785754892403221827e+00,-3.147950050821844759e+00,5.784422542666285416e-01
7.762328163635412448e-02,9.163957399880144905e-01,3.074631893551512007e+00
-4.552806299755500774e+00,-1.339408963379308481e+00,1.794840095973390781e+00
-2.511913164807685561e+00,8.861130833789161443e-01,5.579492875554802112e+00
-6.612231192101075905e+00,-2.883216562905557279e+00,2.132632039762860643e-01
-4.159547272802040396e+00,-1.881351428898104805e+00,5.001816522017297206e-01
-5.312545689942149707e+00,-2.852087733818184478e+00,-3.024635088766189916e-01
-6.655938471497277575e+00,-3.221873439833490060e+00,-2.795570200298519214e+00
-3.570833908484725150e+00,-2.820824972629175420e+00,1.407053897379785923e+00
-7.097241075428460277e+00,-4.771170382918915820e+00,-1.246009660949605191e-01
-6.072714070966537037e+00,-2.678869799177208133e+00,-2.128667431703207935e+00
9.146206616503178566e-01,4.066137546063190555e+00,5.919650317904908476e+00
1.371177070765191353e+00,1.783656925566351692e+00,4.526879121456467203e+00
-1.495063476565640759e+00,1.683360600350998215e+00,1.806947224238482086e+00
-4.163991158780338431e+00,-7.662256966023347493e-01,1.589063778845727359e+00
-1.094976198042233673e+00,3.389516127510603383e-01,2.677619665819467087e+00
-3.258639487125671863e+00,9.752317669968224578e-02,7.145017026698887719e-01
-1.652489255002822510e+00,1.380673578102167731e+00,5.053427949814637721e+00
-4.232037561766796685e+00,-2.618161225082302312e+00,-9.072182641896815447e-01
-9.175707154023996281e+00,-8.806372468367914763e+00,-4.498424318396144095e+00
6.539879423810313064e-01,2.478643987243464686e+00,4.709679988812633944e+00
-1.642497248744922311e+00,8.426777138441889914e-01,4.434039137780013462e+00
-7.162975538796573005e+00,-2.730216701316461769e+00,5.351380143853430305e-01
-2.167209416893972396e+00,-3.661681528710079014e-01,8.859260584776451619e-02
3.493603391469717323e+00,5.070200278835354624e+00,5.761904874237454344e+00
3.505019046387116699e+00,4.041898375151163236e+00,7.685718806477708220e+00
5.722010638898736623e+00,5.755462728325669630e+00,7.636852659306903490e+00
-2.245790920044407279e+00,1.651743424638295821e+00,6.045341866143603582e+00
-8.393682003733440311e+00,-5.252795222925653817e+00,-2.479819131948149735e+00
2.041662167161402586e+00,4.262543935788021265e+00,8.613431843005432853e+00
-4.957110306629051166e-01,2.727845158107893297e+00,3.205159016008019446e+00
-2.249026250160592877e-01,1.641839899641465594e+00,3.819553344356826585e+00
1.751346088605325146e+00,2.462380221294818927e+00,2.595634284615988108e+00
5.356735223350255204e+00,5.731183188111196536e+00,9.667954046231093557e+00
-1.493060153871329288e+00,3.484338221852204764e+00,4.863611834954710389e+00
-3.588557136483380816e+00,-1.888419064757569821e+00,1.789663343613749458e+00
-4.664850299247725651e+00,-1.241429853557074026e+00,2.934126600641342009e+00
-3.665754807536512061e+00,8.425045162857740522e-01,4.066753963109389858e+00
-1.008869382295062511e+00,4.129391739510701598e-02,1.253798386105077656e+00
-6.362971723797956614e-01,4.309157646751185844e+00,7.486266721254832390e+00
3.800404914157250236e+00,6.560216156967475953e+00,8.464397320142936110e+00
-5.070807855054351165e-01,2.559450794714762445e+00,6.153048388337403196e+00
3.521765331013497757e-01,4.454722528675762128e+00,6.573594984778337036e+00
3.697383786562123298e+00,3.981898344253937516e+00,7.974958352102135883e+00
5.658447564936217589e-01,8.001186212614328497e-01,1.186912568740395635e+00
4.007126931740203624e-01,2.241972767622205875e+00,5.431631663798756726e+00
-1.935043742734641192e-01,1.170475342762690385e+00,3.428434599497579338e+00
2.542316073972052060e+00,5.805506078222006039e+00,7.484940694346526868e+00
-2.493425672878021970e+00,-9.780122527887158412e-01,3.591714218005489734e+00
4.152581773068048321e+00,5.168511485961698959e+00,6.887353034956168685e+00
-1.677754279447745578e+00,1.922011487772169680e+00,6.406880237883643581e+00
3.207138635524480197e+00,6.411525155794337572e+00,1.047873971008282190e+01
6.569994014706797003e+00,7.150535586297259272e+00,1.211301513913096528e+01
5.538310514364289894e+00,1.024508261342276683e+01,1.116941392098804187e+01
3.470706842290303129e+00,4.916902672458817847e+00,9.355315497340161102e+00
-1.733251459062411293e+00,3.715690194349265951e-01,5.605428249338114677e-01
7.052959211251601523e-01,2.538752221944551302e+00,3.451412886485976550e+00
6.250664664166196260e+00,6.589113125184216990e+00,1.036251601945945211e+01
1.248516295839534607e+00,5.055729554956736926e+00,9.647637829525692155e+00
4.345650076524790073e+00,4.389778637791904359e+00,7.858605597854174007e+00
5.577490707022239036e+00,8.879398347730262486e+00,1.333634748551904181e+01
2.187413947991412311e+00,2.900514532445994220e+00,6.070319900312005856e+00
3.914088425670943394e+00,6.399300724861573642e+00,9.058620206076149373e+00
2.677156858687108176e+00,4.830531555388774656e+00,7.742531152158524499e+00
6.872784037818133740e+00,7.493365949208816268e+00,1.189175522658754325e+01
7.036746533830653405e+00,1.048871521846954913e+01,1.049293259593517824e+01
3.389523575768007557e+00,5.682563870797263661e+00,1.046331405013197546e+01
3.137270046476322793e+00,4.042078160906207529e+00,8.789118801260208613e+00
7.227821582850726401e+00,1.094426249721105471e+01,1.153475224173678804e+01
-7.569443735027929776e-01,2.574633136786533605e+00,4.753680668605245074e+00
3.017524069774470519e+00,5.627468594450818706e+00,9.790746411864621024e+00
5.884883834231997568e+00,9.722124067409684045e+00,1.096016187871255276e+01
4.000640702279065763e+00,6.062218917265941087e+00,8.082112441570021844e+00
8.076226863596376759e+00,1.020844899606968248e+01,1.256735167349734894e+01
6.958570284104347969e+00,9.615291875492721019e+00,1.172175304617659286e+01
3.390700312699235663e+00,6.381247734024023011e+00,6.650109327294268624e+00
-3.156280648792049170e-01,9.659281723132906450e-01,1.451238581726171928e+00
5.708567343466729227e+00,6.829724689029120555e+00,7.212951971715430233e+00
6.787822986982604334e+00,8.970955001210262125e+00,9.756394576348354164e+00
1.327357407861351035e+00,6.253584420510289732e+00,1.043171887381912555e+01
6.270672203560326174e+00,8.143825758889169819e+00,8.605019689073312605e+00
1.155945219816959124e+01,1.412147130575731424e+01,1.515945686747029697e+01
9.090931868546833883e+00,9.490728581351056903e+00,1.137023363657197272e+01
8.222459134246676626e+00,9.977884517968782063e+00,1.340041858495663973e+01
2.649827232756697182e+00,4.225612021205250812e+00,9.120621403819701101e+00
8.315796100822877790e+00,9.786569848985784859e+00,1.011129940664134175e+01
5.139223083726626840e+00,9.024482796236622306e+00,1.257011250556368864e+01
5.230856498120816767e+00,7.962811747729607426e+00,1.015227990446069306e+01
8.321712466554007648e+00,9.983674105690447220e+00,1.358485694288917145e+01
1.093431124181134351e+01,1.382676091828634490e+01,1.744121056230593325e+01
2.689518330336127416e+00,3.686761142058392338e+00,7.706171129178538415e+00
8.032261531858292614e+00,1.232786454062498649e+01,1.646612563728700351e+01
7.552295875201920694e+00,9.351297033366154920e+00,1.095950146504232237e+01
4.939602416092125914e+00,6.100658005188710931e+00,7.432766435189532395e+00
9.937267915607945312e+00,1.127357961774777451e+01,1.558855948659315516e+01
3.436350724501267884e+00,7.616771778118591740e+00,1.239180409607402567e+01
4.380470354394548238e+00,6.983865602445296972e+00,9.723925832727474017e+00
2.996205650566804657e+00,7.383242668569467426e+00,7.614820919335093308e+00
6.553974546124364586e+00,8.735651254897826234e+00,9.574658758414944515e+00
7.799867925053689532e-01,5.334072826589747685e+00,9.706412937721268008e+00
4.896176289046517027e+00,5.523032471327518955e+00,7.869933050739410518e+00
2.706626054612997656e+00,4.175493527534089644e+00,5.408574008135283329e+00
5.100311637527180864e+00,8.971207367124407028e+00,1.152948111894092875e+01
7.971805600754565901e+00,7.998824538579851762e+00,8.020620648874313474e+00
1.442786381974893395e+00,6.349741757953220045e+00,8.456812401152284053e+00
5.274635528987815292e+00,9.655549864333119459e+00,1.308719805194875185e+01
7.890165232130068595e+00,1.222206822679396687e+01,1.423220081903249579e+01
-1.368939342201609399e+00,3.614221627990960251e+00,6.022191959140370976e+00
8.554801415105480089e+00,1.330428034487924549e+01,1.711368152020460798e+01
7.831697194322164712e+00,1.052800845896004489e+01,1.200533408605303620e+01
6.547604674243466150e+00,1.100771714853212124e+01,1.583586568826281749e+01
9.746099386211451332e+00,1.343051635411875466e+01,1.403728049169201597e+01
9.390426132667615278e+00,1.229615600751934679e+01,1.309219202808956162e+01
5.001351416837398034e+00,7.851058877944582903e+00,9.630730485960009801e+00
3.198053718495560638e+00,8.057419022187655600e+00,1.251640100834774394e+01
8.729022267584088723e+00,1.205407026570517459e+01,1.336844627697816001e+01
7.038235924379174335e+00,1.020683975951396860e+01,1.096603439591650186e+01
7.311044467357606713e+00,7.422044124935690768e+00,1.186875520396851513e+01
9.683479624870813041e+00,1.062312158087595293e+01,1.186817375597104096e+01
9.886819222348307790e+00,1.092375051666801333e+01,1.490790444595177888e+01
1.149248618361764329e+01,1.280582245795705276e+01,1.701485708229374083e+01
5.362624930376053811e+00,9.480864660259969767e+00,1.338753615935704744e+01
5.395995283265046183e+00,8.183379464076967480e+00,8.446214886900349939e+00
7.949426153564580488e+00,9.735332638863138044e+00,9.859638417570065982e+00
7.551825907737573118e+00,8.801815968235992216e+00,1.185938050438712921e+01
1.045883309821308416e+01,1.224388687874183823e+01,1.521725418254305318e+01
6.220891376932939920e+00,8.634679654325356779e+00,8.829126059691786210e+00
1.228009502955635845e+01,1.622917844665971288e+01,1.829457157764103670e+01
8.271449240587855911e+00,9.173997867209704893e+00,1.323935923842023854e+01
3.996493851291784694e+00,8.264830824793587993e+00,1.089671021171964149e+01
5.988817132478485128e+00,9.370138088579679447e+00,1.270085127030499272e+01
1.287603819480853495e+01,1.732562893386798564e+01,2.117403794141400653e+01
6.986013376862803881e+00,1.167775112523689174e+01,1.360530402093728952e+01
7.379932738686439286e+00,1.221394161736549577e+01,1.279309585788011994e+01
8.559478804840530586e+00,9.055654238922810961e+00,9.758317265531577078e+00
2.720619679857987361e+00,6.520808826271067282e+00,1.008521347745229235e+01
1.522563963573003498e+00,6.519437024633083944e+00,8.821235876697970824e+00
5.644985060863983328e+00,8.516999453843485668e+00,1.283096474981002899e+01
1.166131598046542450e+01,1.175673421888113168e+01,1.443669873345386989e+01
3.674057874650817457e+00,6.414508989338506773e+00,7.014239628589727715e+00
7.210745676861382236e+00,7.581984116107756577e+00,8.781549909906328111e+00
3.981447460199403210e+00,8.307324989936605064e+00,1.261979838351198424e+01
1.304810754593071032e+01,1.609778213152019077e+01,2.028914761612754347e+01
8.130796241038101613e+00,1.273710927191968878e+01,1.651259980432366348e+01
3.527475640256865663e+00,7.042876771946390058e+00,1.194205723284892073e+01
7.348701547105600085e+00,8.428334404033853033e+00,1.270593684888295982e+01
3.335799195798748507e+00,7.709217868616234703e+00,1.103399846868057921e+01
1.060560444959047288e+01,1.083261707092959014e+01,1.101031507950716914e+01
8.991187665624257974e+00,1.273538466426537141e+01,1.749067011314154740e+01
5.026540771869279389e+00,6.756955312526528701e+00,9.005097497083717428e+00
3.887188172425918520e+00,5.957453694259867483e+00,7.905250093487148355e+00
5.792495961968738172e+00,7.275971268245428725e+00,8.902869409744479157e+00
9.772074271188760264e+00,1.260769812538454815e+01,1.458597779515583071e+01
6.991811059488351354e+00,1.001808650270246126e+01,1.191224780722306953e+01
1.637961714303971306e+00,6.526073467345673507e+00,9.796086825389849650e+00
7.599314169011129216e+00,1.230801893172533745e+01,1.644477480454206386e+01
4.940958953913940910e+00,7.761274152517956715e+00,1.202416896274446856e+01
7.401092738944991645e+00,8.208223691210921658e+00,8.499769305965418908e+00
1.808939634525982498e+01,1.920593561037703623e+01,2.372755580407216769e+01
9.236865951708203681e+00,1.343018466887545515e+01,1.655660122123265054e+01
5.541758327587363198e+00,8.951628286299701642e+00,1.347477406385253218e+01
7.803277481651155867e+00,9.372532740871569956e+00,1.178046024322287799e+01
7.539245495124205831e+00,8.097032643383343498e+00,1.057405912450391838e+01
8.252963116915111641e+00,8.581628080112157164e+00,1.028756088364967880e+01
-1.179368168726678157e+00,2.037092547598145842e+00,5.126464722478646152e+00
6.501501703276199251e+00,6.520969138099729001e+00,1.016505226395587158e+01
5.879512701766186566e+00,8.904372483406719496e+00,1.357160377139723728e+01
3.148835945065491693e+00,5.526476930545793920e+00,6.578798244613208723e+00
4.635814680855352421e-01,4.544322284736983519e+00,7.717580392875064810e+00
6.904211278096608062e+00,9.996170145952886443e+00,1.389406170655956707e+01
-2.879947627364253471e+00,9.205193354378469195e-01,5.661623255692214585e+00
3.989351534493006390e+00,7.052817590191642338e+00,1.184987861096130324e+01
2.017785311033919893e+00,3.315976175549529614e+00,5.053041474471127614e+00
7.235676073848845924e+00,1.063419666717739887e+01,1.541930667966987301e+01
5.358081413529477643e+00,5.619164816965069420e+00,1.024978670579563911e+01
9.804755941178138201e-01,3.869488776979171263e+00,8.291341423181565418e+00
5.366099125919539858e+00,7.706084310846174290e+00,1.097448951373691806e+01
7.594669474815808563e+00,1.009573714435449077e+01,1.338171152478736836e+01
1.504729355935897406e+00,3.445032815943161353e+00,6.613807037055859261e+00
-2.582727941115277481e+00,1.703647453889661101e+00,2.888505471232263311e+00
7.139752110287034270e-01,4.721240243882210308e+00,8.518706267906628327e+00
6.565893927446325051e+00,7.136441844162842330e+00,9.995640038510494207e+00
1.279457886465188210e+00,4.019654660521686296e+00,4.550928818981745394e+00
5.429178271225451269e+00,9.198982676458170360e+00,9.874452831574130229e+00
3.965641853375528658e+00,5.840432194297694224e+00,7.059315969755169284e+00
3.952018576211365097e+00,4.086949516186296094e+00,4.673414831915635226e+00
9.759510784659184424e-01,3.755882622039032448e+00,6.897580948209353302e+00
2.933907183604278934e+00,7.059439011492738558e+00,1.002548833958577035e+01
-5.763554613842081231e-01,2.467507364663335423e+00,5.204998714511295255e+00
-5.997336861299138455e-01,5.526074701186898253e-01,3.315050074599983354e+00
-8.323300755305158560e-01,3.089440392115633038e+00,7.444073693667602853e+00
1.966798734412904537e-01,5.008757576969358638e+00,8.900878517683583624e+00
-1.378345610590653081e+00,1.260784224606191994e+00,6.200426155751708635e+00
-4.651733037563001716e+00,-1.076102714521942616e+00,1.955280947577289652e+00
7.898292537198878804e-01,4.831580278826613117e+00,7.736622283873265893e+00
6.342543494453789510e-01,2.391300934498490349e+00,6.248659362638890435e+00
2.235887709692375491e+00,2.943231893253174469e+00,7.928941898752068340e+00
3.549312870602601588e+00,5.587045707519993520e+00,6.115626066388141879e+00
-8.715956148184447194e-01,3.669380066881366087e+00,5.306858077991772227e+00
-5.238748483216797425e+00,-3.051928499284239926e-01,-2.506981947290343182e-01
-7.073609553337605327e+00,-2.629226274773228234e+00,-2.166468670525307338e+00
2.854415259503511937e+00,4.204465133640264085e+00,6.972270544229473899e+00
-1.395545529116404282e-02,4.661737339023866333e+00,9.621702389599864347e+00
3.750336002355671994e-01,3.620241960791131142e+00,8.565615809068823694e+00
1.740036201849315844e+00,3.863652923193180655e+00,6.319008665042205486e+00
-7.338210637930961955e-01,1.527825812019315110e+00,3.823533675577680313e+00
5.245950199161601546e+00,5.606447214273367230e+00,7.628112329799789038e+00
-1.894526477609586035e+00,2.082511022038977977e+00,3.553809109159727697e+00
-1.751882033795166826e+00,3.063127684182864741e-02,2.420352466982891748e+00
1.951759031329308947e+00,5.437421079530219359e+00,7.606395064202470024e+00
-2.108659497412456396e+00,1.836022853365811169e+00,3.090006273923318947e+00
6.728649384004951051e-01,8.223410223273628361e-01,2.648476642671488079e+00
-1.407647942120930695e+00,-7.992902031671020868e-01,-6.691463141815676696e-01
5.973962628024720445e-01,3.162248158414324273e+00,6.505469726958052590e+00
1.690388882331972376e+00,2.725382057822292481e+00,4.397576182195195749e+00
-4.302616416142303279e+00,-1.116113725695075942e+00,3.846490272849800718e-01
-1.044550791423010327e+00,2.460633960050656377e+00,6.854822470037936988e+00
4.105092392628573172e+00,4.438715173690695792e+00,6.082057994959755298e+00
7.097567445314526546e-01,7.878677156857669672e-01,5.763349645209439487e+00
6.548082189360527883e-01,8.549147766527965819e-01,2.723916198855638182e+00
-4.181934831559601662e+00,-2.140383564166620900e+00,2.430082487224984433e+00
-3.855986657113374072e+00,-2.844166777558254644e+00,9.466572959700290113e-01
-7.489495650940662053e+00,-4.111578251524771410e+00,-7.507322902766526695e-01
-1.894138923147285158e+00,-1.785743490671325207e+00,2.640646182499586381e+00
-6.916483207054273663e+00,-2.231308836627697190e+00,4.289476328727381826e-02
-6.488759025196740637e+00,-2.448625840039038604e+00,1.877131543801473956e+00
5.993552310754479251e+00,6.094500230047712463e+00,8.723009919446758076e+00
-5.740256941157834802e+00,-3.646927316601558999e+00,5.454758397033359074e-01
-8.972038795620886020e+00,-6.868360086864621294e+00,-6.147552523571357064e+00
-1.005922708333710336e+00,-1.999262115793927208e-01,3.310540915119366989e+00
-1.662564876331626529e+00,1.432217451086888804e+00,2.712705293934027040e+00
-3.441430036849979945e+00,-3.240612374252137329e+00,-1.313136636440813465e+00
-4.771168385617785113e+00,-1.991669700403349674e+00,2.733840134896128760e+00
-6.623398341990265337e+00,-5.527481812049718002e+00,-4.737391447551384083e+00
-2.165534316037559304e+00,-1.571415702378011980e+00,-5.835807318443355651e-01
-8.985295142897754772e+00,-6.773367732126766683e+00,-5.441214184123724706e+00
1.670165409704621240e+00,2.056864379373525509e+00,6.269917276078982304e+00
-2.363509979612118617e+00,2.332850959295826865e+00,3.908478148176223854e+00
-6.642912245829135642e+00,-4.905692538988439821e+00,-2.355041175313665303e+00
-3.122397730436151875e+00,-4.244729740414898700e-01,2.114593337411652563e+00
-3.491645148302458423e+00,-6.316099384298161645e-01,7.709916513312859987e-01
-5.043014022203137436e+00,-2.108470752491612199e+00,-1.338159989036680653e+00
-1.300360933700099864e+01,-1.083391022108801849e+01,-9.380180407580271051e+00
-6.714111061426920379e+00,-6.232425867562718658e+00,-2.833560606499181844e+00
-3.578796222548443762e+00,-1.204001152391615648e+00,1.257518297139919028e-01
-6.311653945255446985e+00,-3.112657285966473619e+00,-7.470619206007622637e-01
-2.625264476217364251e+00,-8.965060022790543037e-01,2.363770578079801066e+00
-6.175101822588228373e+00,-3.443615503783883813e+00,-1.372050405400815798e+00
-9.723976554364123004e+00,-8.419700919333125810e+00,-5.868845849248891966e+00
-9.339189255137277712e+00,-5.650214951226112170e+00,-5.174458706127720298e+00
-3.329876919647904110e+00,-2.262120156172894081e+00,6.052228396999344007e-01
-8.751098998687449892e+00,-8.684249979174175849e+00,-4.442414495805234509e+00
-1.014600778761297484e+01,-8.417862892859071522e+00,-7.543373189410772284e+00
-5.444947303583083098e+00,-4.157471522716535972e+00,-1.320505701489009809e+00
-6.783529531499467247e+00,-5.635090129096296252e+00,-1.956547340558334014e+00
-1.025915994507001194e+01,-9.756845267105100916e+00,-7.742135995555416983e+00
-6.292319273678836922e+00,-6.121049960078048358e+00,-3.409793152035362596e+00
-7.785936633548887542e+00,-7.587309679008713559e+00,-5.275973551008659612e+00
-8.855566541515619505e+00,-4.013505454104267400e+00,-2.633265155044925088e+00
-1.190353019900682874e+01,-8.058776786098322376e+00,-7.041976860522202841e+00
-9.400962799088164346e+00,-8.224470065813942909e+00,-3.666086658613517457e+00
-1.385750364165430426e+01,-9.686682924144264462e+00,-7.524492392374353855e+00
-5.518716820445645155e+00,-2.655871715985539616e+00,-8.755640959620560881e-01
-9.801065847371418727e+00,-5.028152291419138109e+00,-2.769520981371549340e+00
-9.477694668876136319e+00,-7.649131526674905146e+00,-3.659632889598735339e+00
-6.637642732647585753e+00,-4.702644306952755038e+00,-2.852834301627762859e+00
-9.137769322305569375e+00,-8.537446944392327097e+00,-6.589009620762832142e+00
-9.738087394066644364e+00,-6.555269612930556988e+00,-4.028416541307860754e+00
-1.338346400828270788e+01,-1.164177294530386320e+01,-7.252178767483927757e+00
-7.251250214351915524e+00,-6.246777976620919937e+00,-1.900498582745030696e+00
-9.276476371827691025e+00,-7.119512635766707120e+00,-5.034357030970293856e+00
-1.311080179906616650e+01,-9.192397688635399078e+00,-8.200278686465768629e+00
-3.753448145283175830e+00,-9.448429052979907539e-01,3.067437150801538337e+00
-8.685745360137604010e+00,-6.237423986583302771e+00,-2.535105535179096314e+00
-1.116590327048324838e+01,-8.061602548745819163e+00,-6.207853267099816996e+00
-7.054767714269105205e+00,-5.569443076227790890e+00,-4.680636246392813504e+00
-7.749598193313319783e+00,-5.931141938543841974e+00,-3.633035391853315588e+00
-4.476281038124102274e+00,-4.296724534125948125e+00,-1.693814695501977940e+00
-8.195324644936366809e+00,-3.829553477084187030e+00,-2.240671866241672916e+00
-9.707531033512685426e+00,-6.727220963909518403e+00,-5.685440479160649652e+00
-9.967797334341316429e+00,-6.860179520364453332e+00,-4.456011072227971326e+00
-1.271096180508393303e+01,-1.175005470466594204e+01,-7.191395938278600575e+00
-1.511606779753327245e+01,-1.135895107522325276e+01,-7.101086412305676276e+00
-1.213735357257155911e+01,-1.005895807447624435e+01,-9.918493489807254093e+00
-1.070639732685984669e+01,-1.009223278358598108e+01,-9.707035045534093243e+00
-8.589474269207084234e+00,-7.455266944053371425e+00,-2.664952083326896037e+00
-9.133114687627646333e+00,-8.268615561343025888e+00,-7.883948799212753933e+00
-1.656098842195822129e+01,-1.498930043701203196e+01,-1.217949700845953664e+01
-9.140805846655789324e+00,-8.800133705557842134e+00,-5.490869981310403602e+00
-9.840948535631685701e+00,-6.568663305229875959e+00,-4.708402714173915982e+00
-1.512508572894817505e+01,-1.454447473957004178e+01,-1.236930310005241296e+01
-1.163936824394000524e+01,-1.017375456996072458e+01,-9.461283919688032285e+00
-1.347604598031948342e+01,-9.519324644670840385e+00,-6.818796201115187472e+00
-1.512011172693631522e+01,-1.311839530910763685e+01,-1.154272784174925981e+01
-1.073209147754766768e+01,-1.010761171766392508e+01,-5.741909927777991918e+00
-7.604981196774993180e+00,-4.065644432656684515e+00,7.857543119534300402e-01
-1.099087365480966128e+01,-6.711202162420216055e+00,-3.313284044426612951e+00
-6.998624892174687417e+00,-2.983426049405895952e+00,-4.050368786811109345e-01
-1.458647689428849503e+01,-1.006287649507060955e+01,-9.724819206995830356e+00
-1.015235537505051155e+01,-9.228684845748526655e+00,-8.341903942899095981e+00
-9.919518811475052544e+00,-7.226481659407732572e+00,-4.485401741532762721e+00
-1.107866704031386185e+01,-8.853152915378554866e+00,-5.931779806109649833e+00
-1.146047769818002138e+01,-7.138805527864779954e+00,-6.219154842870688427e+00
-5.761253965559350654e+00,-5.681642243696916950e+00,-1.524280605556365131e+00
-7.480253801125647861e+00,-6.334532296249737904e+00,-3.269401512294042078e+00
-1.551581170301460588e+01,-1.300954344183790390e+01,-1.206261231912990262e+01
-1.641055988939999821e+01,-1.177053235344579640e+01,-6.824943010230859919e+00
-1.071088872855873220e+01,-7.211838886772984125e+00,-6.504104917253103579e+00
-1.735317154146290264e+01,-1.358701376594279608e+01,-1.076444526794953127e+01
-1.066993471447408481e+01,-1.026560225444390184e+01,-5.473577285269730197e+00
-1.635112486276895538e+01,-1.142850179935017252e+01,-7.947428380254315528e+00
-1.696171600554941250e+01,-1.248191732448656666e+01,-7.537168445449656140e+00
-1.371975291953227227e+01,-1.266898122368163193e+01,-1.027521715080727915e+01
-1.154946344803055780e+01,-9.739631074558973367e+00,-7.896312300179856969e+00
-6.882273366134356252e+00,-6.193155451802248024e+00,-5.993023303046031813e+00
-1.196708138439849023e+01,-9.739157532381844007e+00,-5.945150962661577942e+00
-9.518948001564384143e+00,-9.091246778161373499e+00,-5.922783913659957378e+00
-1.097917112571805376e+01,-9.363808718603518599e+00,-5.706114366628999512e+00
-1.422665441526230623e+01,-1.075904257303117362e+01,-9.738900836083393742e+00
-9.086655437761139709e+00,-8.156562983928992594e+00,-4.434519591996204824e+00
-8.005008623158181180e+00,-7.999633267805076997e+00,-4.414136116653956776e+00
-1.500720599750411921e+01,-1.097375399441917665e+01,-1.000597375063466465e+01
-1.961909228277297501e+01,-1.558870726523295858e+01,-1.126606968355804028e+01
-8.857380947958365169e+00,-6.786082631317177594e+00,-6.397723629020108937e+00
-7.711068402301576086e+00,-7.546820857934275040e+00,-6.263317294931507462e+00
-1.462844571072708533e+01,-9.750623493135478270e+00,-7.651661315139848263e+00
-4.434361331920749549e+00,-1.643421593915588730e+00,1.951255471173831246e+00
-9.983048756446859073e+00,-8.811275141689216994e+00,-4.800115158363075452e+00
-1.007198539651395741e+01,-9.197436887339449640e+00,-8.023531464740994323e+00
-4.357316520154734363e+00,-3.320258437073076330e+00,-3.284279320271465963e+00
-1.178212917043347474e+01,-8.485624325922456634e+00,-7.073484056830592337e+00
-6.770741754017532088e+00,-2.718777202453699360e+00,-6.423767761983252278e-01
-9.688964605593081814e+00,-8.657306279689144901e+00,-4.679868193128053022e+00
-1.205645450681966224e+01,-7.875191805249841082e+00,-4.165364379618864632e+00
-7.780677979971709846e+00,-4.239503472606846124e+00,-4.525056479857116898e-01
-1.080086194586449011e+01,-8.889430436192359508e+00,-6.167382090364323943e+00
-1.185580362030803059e+01,-8.502588773302685254e+00,-5.806014574549957175e+00
-5.246908922590007407e+00,-1.257358651136890160e+00,1.442958196904398527e+00
-5.247407304345894197e+00,-4.492816395945958163e+00,-4.918861609864180195e-01
-1.024587533074415013e+01,-6.199308189556757220e+00,-5.423215102243952757e+00
-7.317862204471151877e+00,-5.375460233167267177e+00,-5.000359372942160263e-01
-1.648159691594051290e+00,2.137719779218203442e-01,8.221902787322347139e-01
-5.795057686908104522e+00,-4.952935208730824712e+00,-1.036285955832752403e+00
-1.035872532022572301e+01,-5.734981149539274625e+00,-2.970103248345802527e+00
-6.785991376995046842e+00,-5.356150934152506871e+00,-4.363613055906130356e-01
-8.614041094859867798e+00,-8.440980743453742718e+00,-3.958177148289183656e+00
-7.361792286924580431e+00,-6.463315710004512660e+00,-2.636980821822609400e+00
-5.761129749454577897e+00,-4.795113115183625041e+00,-3.718246864543512054e+00
-8.341927679414585128e+00,-3.717731390367184474e+00,-3.125894685191016986e+00
-9.753367843351183453e+00,-8.118904977303889936e+00,-4.008104775779386841e+00
-5.191300096125627483e+00,-1.127980447929957108e+00,-7.149182372243889638e-01
-9.086796948117408235e+00,-4.310171915805661946e+00,-4.476226364122437573e-01
-6.301789100051164993e+00,-2.293520432968414458e+00,7.461104235387341355e-01
-1.106053563654130656e+01,-8.593671119370501543e+00,-4.743326941997039192e+00
-1.018033450548966634e+01,-5.254010717517375362e+00,-2.133479892266862077e+00
-1.278682290638932351e+01,-7.900648656491140009e+00,-7.143294144889331676e+00
-1.183524790796320225e+01,-7.424076182315114458e+00,-6.007203093057547960e+00
-6.926791405853511385e+00,-2.746717159752443571e+00,1.108686001110288366e-01
-9.381610499565129047e+00,-6.088754472349869218e+00,-3.467485487355164153e+00
-7.754907683079887093e+00,-6.554728464268009702e+00,-5.326505298572945080e+00
-4.234969068908096546e+00,-1.701047573122493439e+00,1.311312983136936339e-01
-1.015223177656827858e+01,-7.393728740078914008e+00,-5.354596459924421126e+00
2.502125776570218729e+00,4.269300783729479853e+00,8.032606752702429631e+00
-8.857856035073542245e+00,-4.159463427745155428e+00,-3.993858991483406840e+00
-1.041483500886282343e+01,-6.934601210546556871e+00,-2.861064139006963103e+00
-7.566326022185805300e+00,-4.094048604672199332e+00,-3.665905614244327815e+00
-4.505894091623286357e+00,-3.800056367015434144e+00,-1.476626515948006979e+00
-8.203437072431199795e+00,-6.850368996917644893e+00,-2.616760928325486013e+00
-3.664253762464125597e+00,-9.828144237373890313e-01,2.161913794219630702e+00
-3.101876551948846039e+00,-2.710579289375182110e+00,-1.476757730475352970e+00
-4.175004919753698474e+00,-1.464190314365014789e+00,1.167439389609138178e+00
-3.731501636940509847e+00,6.259474329847147800e-01,5.427232138458460753e+00
-6.221251962383129275e+00,-4.682760120237210444e+00,-3.150535115313422008e+00
-6.501022304314297173e+00,-2.208700949345837383e+00,-1.907489439056502700e+00
-2.463937881689464149e+00,-2.376345826117497673e+00,4.192908261869661146e-01
-1.052876056322340048e+00,-7.922557799270908419e-01,1.624817719313168318e+00
-3.458608164427436016e+00,-2.546204919454992943e-01,1.835771134221935164e-01
-8.721366075169946441e+00,-4.345719091297924663e+00,-1.364634053579831807e+00
-1.836126718169093675e+00,5.637409311083207974e-01,3.912636041979316026e+00
-1.630067628001037550e+00,-4.131145168060936790e-01,2.595117467724472160e+00
-5.679903526382577006e+00,-7.265508721110105483e-01,8.970083031024169706e-01
-6.413668013251554001e+00,-1.736567728720803894e+00,-5.751774636145090547e-02
-1.162723323632452566e+00,1.567298318410977664e+00,4.601603825299356743e+00
-1.044949748717949323e+00,2.849250910099336842e+00,4.236075512149971800e+00
-1.961855856814493038e+00,1.787569093659125308e+00,5.398773302547136055e+00
-7.870087133771169974e+00,-4.160599357134543652e+00,-1.907383421031628945e+00
8.547764482372164352e-01,4.743966177381411242e+00,7.429168186113841443e+00
-2.186716587114454935e+00,1.882788479839434981e+00,6.390604784028418806e+00
-5.897412752434632033e+00,-1.006263414530884859e+00,3.642086446916966480e+00
-1.696529789127696475e+00,2.007462262610943071e+00,3.940729505180539771e+00
-2.224278550174642710e+00,-6.099542804408553121e-02,2.172082362813955392e+00
2.180514666139656832e-01,2.127945091629278362e+00,2.629085864342785239e+00
2.371684859249655553e+00,5.202555269482489919e+00,6.604918197002578317e+00
-2.771518272819089468e+00,7.711502516716546296e-01,3.681337243308097751e+00
1.065642427059556585e+00,4.272723515930216820e+00,4.566162700938134478e+00
-3.376641246337738878e+00,4.840203852521425265e-01,4.767049105141424548e+00
1.142748880245135545e+00,4.533196279438967302e+00,8.576660668206876892e+00
-1.018124417769991741e+00,2.935483335216380940e+00,4.266187386042764373e+00
-1.885958585718836122e+00,2.778777518425946003e+00,7.254859249283873268e+00
-2.084006030208269244e+00,2.877956811383146629e+00,5.305886786279681466e+00
-2.319308512849799442e+00,6.015164636816825450e-01,3.698418645639315105e+00
7.935357518843311198e-02,3.122008854033258451e+00,7.740386109740948761e+00
-1.118241539389938755e+00,4.630473158607903983e-01,9.463344601466164852e-01
2.186723451866854795e+00,4.071699653392679252e+00,7.039165027171129019e+00
1.833469960203780058e+00,2.125895218529108455e+00,6.025555934949963444e+00
-9.797118579491836954e-03,1.739030923895529490e+00,5.001189582006654533e+00
1.805435542034004470e+00,5.940040969816042349e+00,8.789116226561308309e+00
8.055412262310469584e-01,1.734388223946910612e+00,4.512331062306630614e+00
-1.287226343066981027e+00,1.625162079978247132e+00,5.010679155811683216e+00
3.674492138889866588e+00,8.274752164770355023e+00,1.273742995196565886e+01
7.546985948671154354e+00,8.496219889128273195e+00,1.236743231083082328e+01
-2.458102282589734067e+00,1.225419149914350747e+00,2.203147868406539978e+00
5.974039048132203433e+00,7.585129432486264811e+00,9.286453072927836061e+00
8.195514612451777481e-01,5.317294701568054727e+00,8.421398150335697608e+00
7.654950670063632723e-01,1.708288005714379665e+00,3.869455431908521259e+00
3.616832518440065591e+00,3.716176480321419895e+00,7.913820245611105086e+00
-3.811214519864711825e-01,2.574343054294178312e+00,3.399201530203055377e+00
1.951679364408152040e+00,5.628370168044062538e+00,7.617062144906821430e+00
-2.958492071962441905e-01,1.713555367251049510e+00,4.951942990331334116e+00
4.993404668959553483e-01,4.369181978533992705e+00,6.472296483792262300e+00
-1.541095210920359726e+00,2.839376862883935537e+00,3.205860898840402040e+00
1.516465753599045119e+00,4.037231064303936634e+00,4.413939078231551960e+00
-1.615948680050634412e+00,2.912214831803017656e+00,3.599236012336247903e+00
-2.878204738108137484e+00,1.296233623351826125e+00,5.714068380133040748e+00
2.737680449219216605e+00,6.844516034100223578e+00,1.141842665248605115e+01
3.289016228612048565e+00,6.995146306595793284e+00,7.768410857208610132e+00
2.564071164085819365e+00,5.125300442531927736e+00,8.847240532101768196e+00
4.550046648673600203e-02,3.781324893785638075e+00,8.478453569360079101e+00
2.909606790311701108e+00,3.321693018470095904e+00,3.578547758404237999e+00
3.176866518112565263e+00,5.870111169630194858e+00,1.055964219394031645e+01
2.619009635848265738e+00,2.644206860084678645e+00,5.307446954295052421e+00
1.303615952155258384e+00,4.954047594264189058e+00,9.363339461361162464e+00
7.682073761507487220e+00,8.646375990234425046e+00,1.025839330241519143e+01
1.206159273448338176e+00,5.727826604727818349e+00,8.417087281901302731e+00
2.880880779433909300e+00,5.342618230572726112e+00,8.319648997599173867e+00
5.041097602827707469e+00,9.137901166400624220e+00,9.746960851773312839e+00
-1.641553266882639583e+00,-9.057307407376837816e-01,1.397786165982226159e+00
4.163775927124450327e+00,8.071553558323504518e+00,1.194405648976567136e+01
6.073338867611230540e+00,1.074649011238175689e+01,1.113802116408506393e+01
9.026552122285687929e+00,1.165494405747780959e+01,1.241724874900552678e+01
2.937180743841812713e+00,7.702202408826614111e+00,1.031786056223552528e+01
8.426694298068637679e+00,8.965273956523841292e+00,1.262629013965758951e+01
7.321447242580209291e+00,1.100131153083937008e+01,1.471134541924162242e+01
4.698754998246651660e+00,4.889983112210263272e+00,8.634337674015538866e+00
1.254863957035072630e+01,1.256932301016978570e+01,1.641890539774137636e+01
9.573331230968003425e+00,1.140206688622387077e+01,1.324410641382745446e+01
9.074472291830746329e-01,5.221215107058982063e+00,9.619545520321203469e+00
9.814784220173864426e+00,1.017775438489735684e+01,1.359827151921668609e+01
7.325370405269602259e-01,4.964215381710805453e+00,5.513575864109939495e+00
8.590244310303834396e+00,1.133895415291748598e+01,1.544505264332389771e+01
6.328471818623738088e+00,8.369411459224446403e+00,1.205455388877036782e+01
7.380535482969903249e+00,9.645531956830971865e+00,9.937423550932720673e+00
9.391316029104574525e+00,1.247312194350309511e+01,1.629027671288655910e+01
7.059681097628383917e+00,8.971276838571602852e+00,1.257266582662135335e+01
5.736668945395530628e+00,5.958362301387647442e+00,7.192251487066902094e+00
1.526303539391529540e+01,1.708723517964095251e+01,1.786005658849839151e+01
6.639023888668461382e+00,1.057931809215196317e+01,1.386594535848887944e+01
1.110493532019136964e+01,1.146593910303439046e+01,1.453231016497271000e+01
9.625234826370398622e+00,1.127375435788613345e+01,1.269137263137972482e+01
1.160917561989355207e+01,1.292044996832823500e+01,1.659215853900762738e+01
7.702363751210016041e+00,1.131660810262149397e+01,1.625424287912050403e+01
9.680168940898980168e+00,1.092046670102909545e+01,1.180116067081244857e+01
8.259427634466666390e+00,9.386371930149856269e+00,1.255623903062966562e+01
1.330438872349281709e+01,1.448368165608425429e+01,1.642574652876912467e+01
1.120741063865615139e+01,1.150079337570492832e+01,1.453556328180187762e+01
5.335833685983780938e+00,6.258933383968251718e+00,7.014779853365444851e+00
8.343328780732599981e+00,1.227034330374213944e+01,1.236081761467010942e+01
9.947274134288687009e+00,1.096340315807118593e+01,1.167974235955641937e+01
8.692517108563214023e+00,9.756568813089113945e+00,1.278048086335273581e+01
8.855390991385856836e+00,1.151335124519205699e+01,1.588560380263433913e+01
4.131876710460568702e+00,4.961389094978504666e+00,8.404681733588654780e+00
4.288909573138650622e+00,8.157452562758271242e+00,9.075845680768054535e+00
1.234877211509885520e+01,1.334333116867104430e+01,1.524844853201837580e+01
8.686299697953728582e+00,1.104453061094284827e+01,1.373601417367733291e+01
5.716456630707900999e+00,1.047572999673502991e+01,1.337672667575166230e+01
9.908721150641790487e+00,1.103449912495932139e+01,1.453989485467894838e+01
7.525548748497729257e+00,9.561191548518708672e+00,1.286375354530149195e+01
8.322728400004224980e+00,9.913892606371950578e+00,1.078423270776487364e+01
6.534763173925004054e+00,1.147837344134445381e+01,1.476060412753038520e+01
4.535207551151809291e+00,7.689357541998707468e+00,1.062181013798329055e+01
2.227693451770553779e+00,6.720563809803909550e+00,8.735569848903946166e+00
1.413174802864502944e+01,1.471833553208253420e+01,1.685546955362159949e+01
5.061518078461725523e+00,6.942660697542200054e+00,1.002548009742402613e+01
9.401681448168174526e+00,1.391618693841754251e+01,1.789838869616389161e+01
2.674169844330085866e+00,6.782122070584937212e+00,1.056330663067160103e+01
9.248296093811998020e+00,1.320063937804414778e+01,1.765848758136812080e+01
9.105310498429604493e+00,1.007605062052027733e+01,1.324710896366452317e+01
8.599977609731102035e+00,9.921353011420828594e+00,1.112713561378413729e+01
8.619135002509832333e+00,9.859307355328944311e+00,1.328357575822489700e+01
2.371602910493462169e+00,5.006041215510513176e+00,9.681345493457591544e+00
5.295712758537753473e+00,8.904379160998255216e+00,1.203765646455686955e+01
7.181963292438227064e+00,1.132598132691077275e+01,1.252387733057721952e+01
8.473119413779199860e+00,1.171562352759480063e+01,1.486491390968302007e+01
5.939985238637480514e+00,6.770980697039292728e+00,8.945296241579711705e+00
3.827009248376721295e+00,7.877079928706994139e+00,1.231125373276478285e+01
2.824008431938913155e+00,6.992207142720563873e+00,7.873944192414985110e+00
7.920133982960329000e+00,8.866276610259314239e+00,1.004206389185642401e+01
7.108410325730313062e+00,9.040124410178256298e+00,1.134065544605206277e+01
1.108791828424232051e+01,1.419994409526106693e+01,1.541891252608131246e+01
3.677068758640468893e+00,7.964772301284600786e+00,1.205703482325546183e+01
1.179452489079290523e+01,1.291888764597104355e+01,1.693707343738208237e+01
1.058433979773781530e+01,1.251578747448423101e+01,1.596517761860639872e+01
8.202774522143897684e+00,1.036055635063936720e+01,1.119747458501794668e+01
9.485828363464603896e+00,1.074526989789729647e+01,1.077353485009990663e+01
6.884965653279071951e+00,7.236760021011356514e+00,7.999735984128101940e+00
6.966550139765847582e+00,1.146099352914412783e+01,1.339414511844016964e+01
-5.698777010882847271e+00,-1.431233589833656339e+00,1.324911691784235845e+00
8.921582999748078890e+00,9.971809401380701487e+00,1.279970678115146221e+01
5.171934669601166767e+00,1.011305159601436721e+01,1.284744770747496290e+01
3.538358182022316889e+00,6.605933356666530365e+00,1.150933260858353080e+01
1.160971823934853653e+01,1.229805306180682756e+01,1.644193069028438003e+01
8.015344284363850491e+00,1.070317643462808732e+01,1.113897288889621784e+01
8.040089480913623632e+00,8.618135990175341377e+00,1.112692836710632882e+01
3.620089954682709887e+00,4.887087815930491352e+00,9.380978476559683088e+00
4.701480837569581794e+00,7.731201821913396444e+00,9.082512011543599328e+00
7.587228117273276951e+00,9.758040508347274766e+00,1.199745374304499990e+01
7.937788442795683963e+00,7.988042892167676712e+00,8.629673697470149563e+00
1.229405997387092420e+01,1.288738104126451312e+01,1.670693080315598422e+01
7.606273515079209346e-02,4.620639540471065843e+00,6.171529931001141556e+00
7.237141166447607077e+00,9.491365818123107090e+00,1.406422863897451059e+01
4.240425373454494995e+00,4.326744121869882775e+00,5.352557581501109496e+00
7.487482242028590029e+00,9.206992324677933937e+00,9.515260425742059880e+00
1.018540913615317045e+01,1.020282628128297020e+01,1.177682064933739881e+01
7.055092566954332511e+00,1.149071701292058734e+01,1.573640473628549863e+01
3.892341700865687759e+00,7.021719860867652763e+00,9.150556895548046299e+00
8.306846132988148668e+00,9.958880566271119505e+00,1.477174601794792252e+01
5.980119533344705474e+00,8.247532888275996399e+00,1.106150960976279407e+01
4.151902851557705887e+00,8.086223580609999573e+00,1.306521016110592726e+01
1.078532527974067889e+01,1.201071489986139085e+01,1.614324247481313179e+01
9.895462544578810693e+00,1.138113704870743348e+01,1.517488764786433997e+01
7.079322856891153037e+00,9.058918415723187678e+00,1.346645756398674720e+01
5.308794356734525266e-01,5.453540192111432816e+00,8.009005984558569935e+00
4.903163557557739693e+00,6.014504005862952418e+00,7.977024613174982903e+00
6.618898163380873001e+00,7.944250237634300937e+00,1.031053020195195558e+01
1.584459954476455046e+00,5.167349704938737354e+00,5.643968572261132799e+00
1.015628706145578519e+01,1.291838012765156662e+01,1.316661185456374206e+01
-4.568322577928252137e-01,3.685744054632178024e+00,3.704714688018195368e+00
1.066123914272453455e+01,1.224998230966695445e+01,1.431758368028718031e+01
2.814011570103733817e+00,4.220951434576432959e+00,5.903304063874625918e+00
3.838902559536374604e+00,6.271664123576933036e+00,1.057428061365644822e+01
3.377815250848605899e-01,5.286588429775020970e+00,9.914651044079782594e+00
6.485367259023324671e+00,6.738667148225273351e+00,1.151833741865927152e+01
6.082497317311705842e-01,2.548104454681049624e+00,4.071619969566688368e+00
1.271804395817442312e+01,1.305786207438148949e+01,1.777719484372988745e+01
-1.832921065811996986e+00,-3.400865156886823115e-01,1.317942136093799732e+00
-7.391157505738996658e-01,6.028946310881035942e-01,1.679390591117189357e+00
8.277904792838146619e-01,4.925984254175919119e+00,8.761258944901545220e+00
3.200041952045611815e+00,5.559731293880004088e+00,5.656993350325294934e+00
2.796606197830873164e-01,3.319636031424590072e+00,6.566257696035188829e+00
8.928559075964574987e+00,1.012784596174030405e+01,1.237957187731637987e+01
3.653587863976183847e+00,4.826348978666363365e+00,7.756517275719795990e+00
5.790961051243272095e+00,7.710023365924117300e+00,1.183280806208769498e+01
6.210090866095401729e+00,7.362045564793668895e+00,1.055923149647460235e+01
-4.210099759099679595e+00,5.987776278534617802e-01,4.843879481054330860e+00
3.571356788872647847e+00,4.403517770789434849e+00,7.693449166447900112e+00
-2.144345111850079810e+00,1.840572002080191893e+00,3.656860079788281759e+00
-4.571922918442732353e+00,-6.492199605749320312e-01,2.978283186284371276e+00
2.226114958076255146e+00,3.180609398670570798e+00,5.447369035947009941e+00
-1.262566855632827334e+00,1.122672808236363728e+00,1.251648518588308834e+00
6.132617930365983128e+00,9.174539832026663788e+00,1.076222392349794177e+01
7.646975609092097947e+00,7.680033494780689196e+00,9.316220374274880811e+00
-1.678868407796981765e-01,-9.797240594462541807e-02,2.217301254132191701e+00
8.050799702212412257e-01,4.224142097990116973e+00,8.440693706814602848e+00
5.827140525139927973e+00,6.172899808944175781e+00,1.032440729273887925e+01
4.055954644806476495e+00,4.294075379091889744e+00,6.244096141787634835e+00
-2.701695906935670077e+00,-5.293398560519881890e-01,3.272722118018823068e+00
1.967054522732600841e+00,5.146947407062334001e+00,6.358120867445567370e+00
-2.379240199842345138e-01,5.916466023330282376e-01,2.572212237745685748e+00
-3.053164316788178567e+00,1.214535966260225530e+00,2.583241599912467379e+00
1.168686287005952007e+00,3.092826022757496851e+00,6.675957197705601587e+00
-1.934655887011411224e+00,2.607172787796429247e+00,4.487003598049200903e+00
-1.504869762914826659e-01,4.784991235337379134e-01,2.637637510942417052e+00
-9.386137067045190463e-01,3.584460354041709707e+00,6.647814634828650426e+00
3.438370595907090266e+00,4.855220163884959916e+00,8.224378972547489397e+00
2.252124936680579559e-01,3.301628808070013132e+00,5.538204535832317532e+00
3.872836697959446184e+00,4.357108794029501020e+00,9.009906121171400883e+00
3.373666962574321193e+00,5.436550380264893789e+00,8.674109582049332801e+00
-4.713281904966047264e+00,-1.177278590240482758e+00,-9.593603916715095492e-01
-2.843372879403398557e+00,1.743089425783511004e+00,2.882228822741895069e+00
-4.353658629548187164e+00,-5.747214899254904363e-01,1.190357093958647194e+00
-4.897831473250488621e+00,-7.600892646892937199e-01,6.881031625181005529e-01
-3.932884624013529784e+00,-1.807487393077363169e+00,2.685913884075161295e+00
-1.924698278908415716e+00,2.149165726270422461e+00,3.642609352147253787e+00
-2.718178819111923161e+00,-1.579969424673873357e+00,-1.472858542835948636e-01
-5.597768254075502270e+00,-3.278014163421596905e+00,-7.872674766565612714e-02
-2.140535940685637240e-01,6.077516386424466344e-01,2.062799850707124349e+00
-9.052552672686436708e+00,-4.506697616069943457e+00,3.852271706009799956e-01
-6.452361533231335322e+00,-2.805287107187141693e+00,-1.948965923819147683e+00
-4.370749023527245924e+00,-1.234508013271096605e+00,-1.223214148001470214e+00
-4.313872854149838787e+00,-1.271872853094587530e+00,3.590430318579822977e+00
-1.000564526694536482e+01,-5.638733379196702700e+00,-2.544984820253168856e+00
-3.295489391199525109e+00,-2.633486364156152781e+00,-2.227690134196361527e+00
2.341078415353297082e+00,3.509390492301777797e+00,6.964374173771629373e+00
-3.544749318288133111e+00,-2.745563114851087505e+00,1.642614212107998739e+00
-4.585527506259266417e+00,-2.864699403462483751e+00,6.882404641455392991e-01
-5.883893658254228498e+00,-9.853510152453490711e-01,2.776843574982893248e+00
-3.223860022480212084e+00,-2.464457769881332361e+00,1.863416862977134159e-01
-6.015833596958064078e+00,-4.432859969225033225e+00,-3.050097973991504841e+00
1.211331209849272117e+00,2.500351853798761681e+00,3.591722752591108847e+00
-8.081148018436307368e+00,-3.885585510454010905e+00,3.996059499487070177e-01
-4.436278865909047298e+00,-1.418536308959215120e-01,2.727210428470983050e-02
-1.208669293970302938e+01,-8.715569823059727383e+00,-5.356206107741013689e+00
-1.037994950786169746e+01,-6.918312576644941814e+00,-5.497474322377611244e+00
-1.206766635173324609e+00,-2.461816583859914864e-01,2.380425231126853891e+00
-3.540600063822245680e+00,-1.008068394992065464e+00,2.497151695181817566e+00
-5.617461638061422846e+00,-3.755204394525529565e+00,-3.189898212659018739e+00
-2.058037421369837361e+00,-8.932191500202679713e-01,1.454945099886106874e-01
-9.170084968537977943e+00,-7.714209944123622265e+00,-3.740677378582162760e+00
-7.398507933427127981e+00,-5.967357468637628060e+00,-4.594650997366727552e+00
-1.601799542394692910e+00,-4.176953860084831049e-01,3.078572223008126940e+00
-4.899689012464763849e+00,-3.755550334036498406e+00,-8.294802890314891819e-01
-5.770254205923933455e+00,-2.349012538769100100e+00,4.903740095694284484e-01
-8.172287401257776196e+00,-3.458478957613412064e+00,-2.897399592534655177e+00
-1.004223800084643869e+01,-5.944584319714102172e+00,-3.323897692246246205e+00
-5.175934339441917942e+00,-4.015312169539313913e+00,-2.182991604561675736e+00
-8.833891033421387817e+00,-4.410266207208733746e+00,-1.101217151641247227e+00
-7.034528936936434107e+00,-5.172923970792887793e+00,-3.874209676102086775e+00
-8.969463793334609747e+00,-4.171684057081055386e+00,-8.066186336957290592e-01
-6.945905761838288228e+00,-2.056823158393588091e+00,-1.660872348946855759e-01
-2.631978279160819056e+00,-1.831407800573376932e+00,1.285498612272339081e+00
-8.968152571648289495e+00,-8.089866965513403230e+00,-7.059259398680412190e+00
-6.573672878730169700e+00,-5.723381244483947583e+00,-3.991778629639196385e+00
-9.151411735149103777e+00,-7.677205543178065028e+00,-6.755361037438175842e+00
-1.119223660480897209e+01,-8.700202124221393163e+00,-7.983794621182138229e+00
-6.174432612116058650e+00,-3.243021698712091005e+00,1.301756567957778277e+00
-1.228655053187885748e+01,-9.986766977337985907e+00,-6.041251317783929764e+00
-8.168637178046715519e+00,-5.935161664832649286e+00,-5.391420552728238391e+00
-7.157484071446429397e+00,-4.068460679338606667e+00,-3.618100782901362056e+00
-7.855443465273365788e+00,-4.783467975736270361e+00,-2.787469241632276162e+00
-5.360360426875947937e+00,-3.519181514425666624e+00,2.974714073329418618e-01
-3.718578627293447347e+00,-2.335753768938144681e+00,2.344391720451594274e+00
-1.064354251954780395e+01,-7.452743807058322290e+00,-4.576902596279417423e+00
-1.260641047068913601e+01,-8.351340602717893802e+00,-5.096893645997436550e+00
-3.661783338802988119e+00,-3.546504910417156875e+00,-2.203471983795583178e+00
-1.008146829378079801e+01,-8.184104134919111928e+00,-3.661800194355634197e+00
-1.271629959839178703e+01,-9.351756464855339956e+00,-8.380027816602215296e+00
-1.098938622466341108e+01,-6.544399824039661695e+00,-3.728798931523073623e+00
-6.548307326941392503e+00,-5.583126531874517795e+00,-1.950204412686030953e+00
-9.605829960841859361e+00,-9.387872753717402929e+00,-6.809130565450959516e+00
-7.974172609376292797e+00,-7.042521569986704755e+00,-3.206657363446218767e+00
-9.308341903213291246e+00,-8.888112939271303858e+00,-4.756296957187919006e+00
-8.337839353410220866e+00,-5.372161426326771405e+00,-1.941858878667161559e+00
-1.970493177872647550e+01,-1.516794062673432109e+01,-1.308317265592732781e+01
-7.333174521976412841e+00,-6.368077247380327321e+00,-1.796001223354016574e+00
-1.150007926150141024e+01,-9.352054071757855525e+00,-8.565441192079275012e+00
-9.124587155615959233e+00,-6.184347169536523303e+00,-6.149372560703857182e+00
-7.234497422636636088e+00,-5.294494425085670919e+00,-3.854254321862569999e+00
-9.431105654280052875e+00,-7.131463622527943969e+00,-6.558489414069453183e+00
-8.551240372085089803e+00,-5.559758379477797163e+00,-2.573556688906755596e+00
-1.166146967148697655e+01,-7.793092050648188440e+00,-2.977843946079695492e+00
-5.470439861246692459e+00,-3.857600551439548831e+00,-1.372079838498997173e+00
-1.556977317871462674e+01,-1.158947836372798434e+01,-7.143000105835141333e+00
-1.296892058626684374e+01,-9.533037119088547229e+00,-6.114460061913679745e+00
-1.304495932104364186e+01,-1.132084108892763652e+01,-9.262768584048856724e+00
-1.164134941363894882e+01,-7.500346081664737596e+00,-6.187093413828053556e+00
-1.098619255989673960e+01,-8.837161744921798956e+00,-4.217967276114764630e+00
-7.445418406586880700e+00,-3.747506017673131851e+00,-2.226961909792901650e+00
-8.055996779989158085e+00,-6.077058986418014008e+00,-4.743569813293805559e+00
-1.361458289049112302e+01,-1.152308367725424176e+01,-1.004162040212380802e+01
-3.482522890264006854e+00,-3.253306583891614423e+00,1.036100907429872819e+00
-1.454555934468595879e+01,-1.053847324769495764e+01,-6.173496438929524821e+00
-9.626930881318616073e+00,-7.134018619050048748e+00,-4.721083233897149789e+00
-1.210872801637677476e+01,-1.140429274656390213e+01,-9.019830734058038146e+00
-1.594738209218640179e+01,-1.419808851846202380e+01,-9.721279998345696782e+00
-5.966069955548191750e+00,-5.256962295210303893e+00,-4.110959054585494599e+00
-3.305465961874549663e+00,-1.907239778809239006e+00,-9.332552181439481842e-01
-1.466904742691658825e+01,-1.167735429464260122e+01,-9.185742843398500668e+00
-1.112919794878009228e+01,-8.099162052589148786e+00,-4.525556465033734987e+00
-1.105835127830586195e+01,-7.953504985373120562e+00,-6.848905478458153340e+00
-1.228252104352108454e+01,-1.038195708195205214e+01,-9.837136983021867565e+00
-9.730022049024080744e+00,-5.620907555927979082e+00,-3.853341535251940009e+00
-1.433415680214459087e+01,-1.057230440334300425e+01,-7.972103257679616917e+00
-1.077886062102619746e+01,-6.835626413334371598e+00,-2.863507375813106659e+00
-1.581060109184850937e+01,-1.235172423071521663e+01,-9.434871224350377616e+00
-9.935348622227927251e+00,-7.565726010446139682e+00,-4.492821249634305403e+00
-1.012684213633410479e+01,-8.475442394343287944e+00,-4.742853798141556609e+00
-1.103862196952642094e+01,-8.508820447009458832e+00,-5.006762650097231315e+00
-9.443010099163981153e+00,-5.013666918836483077e+00,-4.286169846850173215e+00
-1.077866431441428219e+01,-7.747655182643891969e+00,-4.757863315007190508e+00
-1.529615843442972611e+01,-1.451077094707655668e+01,-1.314041148656520264e+01
-6.754086159546587531e+00,-6.456773605482530876e+00,-4.840300609993610337e+00
-3.467826143669933359e+00,-2.066869412866200406e+00,1.841936475863717337e+00
-1.218437171732151647e+01,-8.849271948362586571e+00,-7.987903570156499988e+00
-1.118757311321644998e+01,-9.838717176326781555e+00,-6.144173206560797240e+00
-1.104931714735475623e+01,-7.148504740794935586e+00,-3.801022503306664468e+00
-8.587890544221895794e+00,-5.518528940121150583e+00,-4.956150510353660721e+00
-8.053021103123079172e+00,-5.959215312343489224e+00,-4.577933983955158936e+00
-1.173440300281041004e+01,-9.526523063062011687e+00,-4.721482007802263681e+00
-5.555681352932265504e+00,-1.731911732389096237e+00,1.127017064790815759e+00
-1.346916688229063652e+01,-1.202164347766269614e+01,-9.136020930357325653e+00
-8.168278519195206755e+00,-7.165367065287284731e+00,-4.949232865768813383e+00
-9.117712167328738460e+00,-4.701537701174016703e+00,-1.696555151498069236e-01
-8.863616278259707215e+00,-6.563279546560877975e+00,-3.916512631823087620e+00
-1.184558676490489937e+01,-7.961070713108960639e+00,-3.731917813236530712e+00
-1.136037608790299558e+01,-9.746900168175400836e+00,-8.447493505105873268e+00
-7.630284060860049067e+00,-5.760845699413494003e+00,-9.031750871908137412e-01
-7.077517498742766477e+00,-3.448591993323185889e+00,-1.969232744814065850e+00
-8.681449655370759189e+00,-7.257385074754881593e+00,-4.359027941146068841e+00
-7.889847736541058865e+00,-5.894029317028810944e+00,-3.113909859262110391e+00
-6.308314033204921678e+00,-3.275813634303143651e+00,-2.430640177958866222e+00
-5.028403322646257223e+00,-2.586795932319698288e+00,2.219838487503117186e+00
-2.805039756814492247e+00,-2.459254298096772651e+00,3.130707172754974010e-01
-1.514464541513230245e+01,-1.020166068121743841e+01,-8.888058879412769286e+00
-3.967382438629204255e+00,-2.936636214907672127e+00,-2.436858553294033669e+00
-8.878390658189886153e+00,-6.359910986987348913e+00,-2.098589963244962497e+00
-4.552005636156640556e+00,-3.617667009244278198e+00,9.878796900159931837e-01
-4.302845857054092171e+00,2.163448667003402548e-01,4.271972365853457632e+00
-7.876595617807756078e+00,-7.252530313501342363e+00,-3.880280491112673591e+00
-8.672414304488137660e+00,-5.271755960214563608e+00,-1.658256112609956645e+00
-1.335850372780602591e+01,-8.537879298185785615e+00,-4.053094139712817068e+00
-6.661874061576854800e+00,-4.822172451987346342e+00,-1.258183954314070707e+00
-6.541787572316220434e+00,-3.730997645142065444e+00,-2.154358585286741068e+00
-1.431236186776344610e+01,-9.897265234973586345e+00,-6.084349794701842562e+00
-8.742022235578847500e+00,-8.175899318224491452e+00,-5.830087606648561405e+00
-1.011202394561408902e+01,-5.116254856589838695e+00,-1.293315732167730658e+00
-6.823916464097308676e+00,-4.567087349349552738e+00,-2.250887579037748054e-01
-1.071800723572168401e+01,-9.443511893683790959e+00,-5.117382354395561883e+00
-6.697006202699333777e+00,-4.682677930032487446e+00,-4.220446263183714741e+00
-3.123723512844144512e+00,-2.876845053976559097e+00,-1.580642511794239979e+00
-8.520553844972528879e+00,-3.832279505317790047e+00,8.569881977469941958e-01
-5.459786156895381382e+00,-4.636075672298381356e+00,-3.752754887005758100e+00
-6.307756946554668787e+00,-5.348485373048988301e+00,-6.619481548635581802e-01
-4.014618234919902662e+00,-2.496525590878573286e+00,8.080930624631528225e-01
-7.452310646283444306e-01,4.591428122801604061e-01,3.017884918852492326e+00
-6.270763376022152613e+00,-2.043722370313976633e+00,1.908484476584503486e+00
-6.207787649261093499e+00,-4.861903372420504965e+00,-8.336906587572325833e-01
-5.391441094097028319e+00,-3.756285582183821248e+00,-3.316607651232866161e+00
-1.025902783119213169e+01,-8.324220826593098366e+00,-4.140239395451517979e+00
1.659429368647294956e-01,4.395291125066278504e-01,3.364758615021421928e+00
-6.852069371668875419e+00,-4.806345282145064957e+00,-1.657891568144548966e+00
-8.573289792157797962e+00,-4.303737204202495725e+00,3.126637339373505853e-02
-3.436851975970257822e+00,5.172699704318430847e-01,1.450972228758441673e+00
-6.381594906451825366e+00,-5.864553225156337035e+00,-3.239596447354904374e+00
-4.746287030171266963e+00,-4.439267145640531709e+00,3.129396532834842759e-01
-1.017050172215324011e+01,-8.488862511718455295e+00,-5.017310353827753033e+00
-8.005121511469127427e+00,-4.004701577890612541e+00,-1.651860978141104219e+00
-7.563618635721390149e+00,-2.919214802760215832e+00,7.171504885832948872e-01
-3.804889760910707963e+00,-1.765186950627426477e+00,2.503551903019118008e+00
2.077161780111391742e-01,4.066436452140820279e+00,7.323790804798043119e+00
-6.944112383154164903e+00,-2.632915924622428960e+00,1.047312679375806965e+00
-1.899636181946950941e+00,-4.082370624257518621e-01,2.028526251295815763e-01
-7.385567050130775968e+00,-4.049393269250817440e+00,-1.089082823522401267e+00
-2.698165236045868109e+00,1.518082577697769775e+00,5.048730241999551893e+00
-7.593312232726832534e+00,-3.354765979969472678e+00,-2.443095748841138004e+00
4.516032479754817253e+00,4.910046635170722595e+00,6.571160109464223353e+00
-1.330618597103248479e+00,2.543365247215771952e+00,3.253711793799358265e+00
-6.058970639871716912e+00,-1.577822484261599989e+00,2.800587871562509434e+00
-4.135188741850545746e+00,4.565102078343494796e-01,5.041693219812762194e+00
-4.875739426619912109e+00,-2.896392906488605590e+00,-1.052818739953895744e+00
-6.716484801145622185e+00,-5.974084305702302089e+00,-1.081967258773924634e+00
-6.129092426415978068e+00,-3.305622972093902323e+00,-2.934518358596658771e+00
-1.438723012742322505e+00,1.583324838520624889e+00,3.957668915890004691e+00
-4.760134658697115384e+00,-2.949691633058996398e+00,-1.557242242979667957e+00
-7.717868199911386284e-01,4.143205256041853524e+00,7.578842364561262812e+00
-2.791063705326629840e+00,1.137943839210325825e-01,1.869569879523538702e+00
-1.556277293107160453e+00,-2.080446522785032171e-01,1.221183214704459452e+00
-3.277480321315761280e+00,1.021041423733261011e+00,4.182944106425584785e+00
-4.273936602248814332e+00,-1.344194267702363277e+00,6.093375843788184643e-01
-2.740217003179881594e+00,4.222513667250871183e-01,2.925395432788786110e+00
-6.705060455166647060e-01,3.169128656039672087e+00,4.927554279677829996e+00
-1.880665669301140319e-02,4.379230010692950481e-01,3.699627038501580145e+00
1.979899227549503316e+00,6.506600527104848375e+00,6.566042493177085326e+00
-6.230388309237404165e+00,-1.348006899174895912e+00,7.199998869564165904e-01
-2.612680006338006677e+00,-1.473715698183738043e+00,-2.358275664073949951e-01
-1.052077434403678069e+00,2.448730337964214243e+00,7.026287988203227641e+00
-1.341148988896882610e+00,-8.159038051418265880e-02,1.512117915980415450e+00
1.687030372134388223e+00,4.052178752679371776e+00,5.924799443150121192e+00
-1.105624613955544788e+00,3.290212584007493390e+00,5.194593483799380351e+00
6.379665608927240772e-01,1.464556880647927883e+00,2.077500908646914723e+00
-1.801605461850615653e+00,1.696404458467259291e+00,5.072411941005634084e+00
-5.048816287125449165e+00,-4.709307751889197924e+00,-1.288703063546696725e-01
1.421762703155267982e+00,1.831357704128396602e+00,4.140207849036180221e+00
2.687856945557043353e+00,4.441673875104211078e+00,7.893134310324894543e+00
6.291664352232221979e+00,6.683825020625780766e+00,1.143588428383246303e+01
-1.495194085764859127e+00,3.320949115282569863e-01,1.959144846417281816e+00
9.210075207596107205e+00,9.775725974922385930e+00,1.143265062277156829e+01
1.354441045697843737e+00,5.232433764202951032e+00,7.391612377696742620e+00
1.103403731964924006e+01,1.237204563038389438e+01,1.403782440318601488e+01
-3.189775373520504331e+00,-1.205748437173261856e+00,-5.858038725694164617e-01
-1.854539114375608477e-01,4.713751643102761513e+00,8.941948162065795458e+00
5.460359263673653096e+00,5.972777750630392291e+00,7.683626731408889299e+00
2.008098355100260246e+00,5.889751611516460095e+00,1.086117288824665295e+01
5.100079415404445982e-02,1.926404379124806887e+00,2.546515413417903329e+00
1.730234889849840751e+00,4.233138468939246835e+00,6.634084477882469244e+00
-2.923779425961602119e+00,4.585059873766841321e-01,1.195871568632571824e+00
-1.114869045617176813e+00,1.692568239162007160e+00,3.208594320472240469e+00
7.786628101966366344e-01,3.773861778317872506e+00,4.385618759073633299e+00
5.195746316855599289e+00,6.050055221742079326e+00,7.060120975848251490e+00
1.493755360136542976e+00,6.464534100451946763e+00,9.803802107992613202e+00
7.875252082869328873e+00,8.677166867785420123e+00,1.081601618027045220e+01
-3.776310975840427631e+00,1.131818690282338835e+00,3.348129290192843222e+00
9.582910122655880159e+00,1.087916136936722822e+01,1.336024868799582066e+01
5.583974905920991993e+00,8.013626731567445205e+00,9.025343048688901249e+00
1.388105871986247131e+00,6.229212253298536339e+00,9.859906656841037176e+00
6.438273907419939768e+00,6.760761315196883281e+00,7.373012328407213545e+00
3.696468133215256469e+00,4.246306017422310397e+00,5.125924777789688136e+00
4.907299223462493032e+00,8.765195551267414231e+00,1.118696800098668298e+01
-1.633940658686128256e+00,2.793493207186165339e+00,3.371354327361769876e+00
4.942610326267193877e+00,8.407434966790313879e+00,1.080844032128474552e+01
8.431872128165490921e+00,1.020333504316917939e+01,1.049164963883178814e+01
7.236879751405395744e+00,7.465789829250678800e+00,9.128769923746553161e+00
7.296581486338698852e+00,7.313049792500673441e+00,1.146537534164199279e+01
-3.002436706846646430e+00,3.699662271617967235e-01,5.269489052859033684e+00
5.786463646643538183e+00,8.997423039659469879e+00,1.352632003554005635e+01
8.078479627123411611e-01,1.874747456110629429e+00,5.957464079128172330e+00
9.608631733163120359e+00,1.013579926055427549e+01,1.365492245215859413e+01
4.952485140831681676e+00,8.637159974152659458e+00,9.666126260763030942e+00
6.011855631385835785e+00,9.450124356075178866e+00,1.232370090970910326e+01
4.668918545466624437e+00,9.438624530452784711e+00,1.196249766507522949e+01
7.043875068089579194e+00,9.978302078605514325e+00,1.070280970243261010e+01
8.739751748356015426e+00,9.351100384032983825e+00,1.099852130639460945e+01
3.240923699633828647e+00,5.334573602922986879e+00,5.611318216265015479e+00
5.945558177920823084e+00,9.708935377619365426e+00,1.323765525489532635e+01
6.955052689785944153e+00,1.025511771545067319e+01,1.303306223335424541e+01
8.209003236466996256e+00,1.128945805357556864e+01,1.547334901537397300e+01
4.708482485143929530e+00,7.378521299041993053e+00,1.204295917078323086e+01
8.957590041924692770e+00,9.437304872739769479e+00,1.191373482064487277e+01
5.929532667528722101e+00,7.961657499872609733e+00,1.247321083066797343e+01
7.984617877320664192e+00,1.161349829800299815e+01,1.189495680722285087e+01
2.072082447053203325e+00,6.183153776699089832e+00,1.111546166765278087e+01
7.314982444481441526e+00,8.270894596475862670e+00,1.156185717974645399e+01
8.695192254025869261e+00,9.693889437537709597e+00,9.958761226228158847e+00
1.108525599698184294e+01,1.194543332248293055e+01,1.364866833998811124e+01
1.381598843569387647e+01,1.585000737363898615e+01,1.617536051904214744e+01
8.741831609633422318e+00,1.360143103706701417e+01,1.475687281508982096e+01
5.006747588079409894e+00,6.907329902130486587e+00,7.679683609776639663e+00
8.611518529396231969e+00,9.255016756961650159e+00,1.097411770116024243e+01
1.104792126925388196e+01,1.157351387045290103e+01,1.245782376511864875e+01
5.963147550339090941e+00,9.787472075354068934e+00,1.362594713619049891e+01
1.034649653873387365e+01,1.227270532193899655e+01,1.499851836419694529e+01
7.459442535765157700e+00,9.885741725402009905e+00,1.439165915046618238e+01
1.112019130754103813e+01,1.139439536763579675e+01,1.531628819538704889e+01
1.120465370878281242e+01,1.415464354800406355e+01,1.641120041758492931e+01
1.189935702658441485e+01,1.322643197578007346e+01,1.484640925661166300e+01
1.087248384171705240e+01,1.132505141669679638e+01,1.527906433630618821e+01
7.421317169448004236e+00,8.988739679049631448e+00,1.307747090232955678e+01
6.166296132713340761e+00,6.770045763603575573e+00,9.851994536323315899e+00
8.594307982161048187e+00,1.183847756865327128e+01,1.185837459750938550e+01
7.787242661543059441e+00,1.211484639151766274e+01,1.238545509956872870e+01
5.311963827271673821e+00,9.226720355730579470e+00,1.418646910354315871e+01
9.405011301940213286e+00,1.233042221560835117e+01,1.414392788570345161e+01
1.084564839481280529e+01,1.405738410721541420e+01,1.784985504086504093e+01
5.189772247176613007e+00,6.795931408576282529e+00,9.698554660512199277e+00
6.249655740407662918e+00,7.233532842710578947e+00,1.037308773495244374e+01
2.120151353363283420e+00,5.359600627735335188e+00,8.388535057794895167e+00
8.542669635225188074e+00,1.270588338852279975e+01,1.324105492761606051e+01
4.307842348541113253e+00,7.640026784091413781e+00,8.051302677858187096e+00
2.973816672113219539e+00,7.809458933121622870e+00,1.143514023928200274e+01
7.299374341770846542e+00,9.557373876953876746e+00,1.439396285018491994e+01
9.658702963727590074e+00,1.364097023041997758e+01,1.450058173532259964e+01
5.911601171467165017e+00,6.136783853930958266e+00,6.520802089404622137e+00
7.605461295464053251e+00,1.007435871811280315e+01,1.058161450077677657e+01
5.773486111556033862e+00,8.080393270595582322e+00,1.235687731084080454e+01
4.813427200883659829e+00,7.815320790155874775e+00,1.057414445338348941e+01
9.180496455668198053e+00,9.452231513286214692e+00,1.063450673792322121e+01
1.148205451378433928e+01,1.370137268285655452e+01,1.460726623481272313e+01
1.111305785277470193e+01,1.351964383054156293e+01,1.409377365757281098e+01
9.501780905849766867e+00,1.006946756145186939e+01,1.289496718485478155e+01
1.177992596851686713e+01,1.323145100693123410e+01,1.346508226280188936e+01
9.090668322075433849e+00,1.242404226699818715e+01,1.380345868837131285e+01
8.838368834413358854e+00,1.010427638665456307e+01,1.242566624572350875e+01
7.436419826839216540e+00,9.869925985172946170e+00,1.245577347181671257e+01
6.973226193417408680e+00,1.098292424324378835e+01,1.361388480806185441e+01
1.179524915070306612e+01,1.245994607895093687e+01,1.405823505861005529e+01
6.018983232434761632e+00,1.089293525811103613e+01,1.148942708014807934e+01
6.830440239362085109e+00,9.970792329720996605e+00,1.059173726419081163e+01
1.235796151993159242e+01,1.588013311817129747e+01,1.856930569685935239e+01
3.711438274435963969e+00,6.785573531700423544e+00,1.045332364923897650e+01
6.894988960363741093e+00,8.514332790089081726e+00,1.042762497478363137e+01
5.856315796864292267e+00,8.386181469793754673e+00,9.086680965157123424e+00
5.791474924228741550e+00,9.152365964448527791e+00,1.372885034694191120e+01
8.473350479834644844e+00,1.156796612694047610e+01,1.384373198652154713e+01
1.126230233012105941e+01,1.530688065411583132e+01,1.787892579829168227e+01
2.649771230341298356e+00,5.991301472820665275e+00,9.376120531892071952e+00
1.202130348789447112e+01,1.279959254221947873e+01,1.391685456482938577e+01
8.146234526642427198e+00,1.118264764072540807e+01,1.359450208101567270e+01
7.762815211199868060e+00,9.013601582517496880e+00,1.016903701218861578e+01
9.829178138316610358e+00,1.179584132874823510e+01,1.267449626748443947e+01
-2.117533961253741381e+00,2.170772704697133904e+00,5.160499107423866860e+00
8.667513915054403384e-02,4.860027728623403931e+00,5.404295494217270068e+00
2.498838515941249838e+00,3.230702859101645785e+00,5.578449349894187392e+00
2.428996396287357307e+00,4.910066930018919251e+00,5.947125851081889181e+00
9.398691546510566042e+00,1.372929593144405480e+01,1.856931169870025400e+01
5.898626601505831957e+00,8.400918498139295920e+00,8.781756986203681947e+00
-1.484603768249134870e+00,1.516042754760125177e+00,3.266647632358485875e+00
8.401320226350188491e+00,1.135853072956826004e+01,1.521016074375258853e+01
7.330492316841766609e+00,8.077780733640855360e+00,8.248790641476194452e+00
6.269351378625085403e+00,1.071907434908906076e+01,1.262180865617734682e+01
6.200795725711723883e+00,1.075761834930702499e+01,1.211439280996231460e+01
7.629895890515053125e+00,7.736453747909316725e+00,1.268038635843217676e+01
5.209373892597685796e+00,9.266979927820543139e+00,1.034894579631871991e+01
7.152509799853166150e+00,7.391323490469558166e+00,7.680041555405541231e+00
3.419609514943835915e+00,4.047192288410196070e+00,5.728895178082758832e+00
6.887341758054224883e+00,8.040110275374214410e+00,9.162385914651387964e+00
3.366427286885923742e+00,7.748101716754886681e+00,1.242745361156821104e+01
8.686587062437336471e-01,3.323043391452707773e+00,3.580235068328676107e+00
5.835356410904181779e+00,1.070421677639065550e+01,1.450290795609681282e+01
6.288636981717881547e+00,7.613622957638491506e+00,1.073362761749094041e+01
2.571893360324821742e+00,4.977098749850542347e+00,6.963353138787612195e+00
5.436904284693110156e+00,1.013156255493089120e+01,1.427401582463959429e+01
5.141626450407994042e+00,9.304796706097960168e+00,1.005762784413684230e+01
3.336116229704800151e+00,6.093750326277714180e+00,1.050485762876447460e+01
4.873802010205666946e+00,7.459817519431338084e+00,1.193122736085103419e+01
-5.191813278554091582e-01,1.775738249642571098e+00,3.332874439766285057e+00
6.012033348731270266e+00,7.321006771004618052e+00,7.673286814582573889e+00
-1.729510558029177858e+00,3.160214647536269794e+00,4.920687934257793827e+00
2.253056700685452718e+00,6.976714340585540519e+00,7.089581728998999743e+00
2.900448203965150906e+00,6.339171782857166093e+00,1.058729076789139256e+01
6.925029874784078388e+00,8.452611050590672193e+00,1.319137620047332682e+01
2.648313567579613448e+00,2.808154814332286975e+00,5.742735006180639701e+00
3.465873130240970212e+00,4.980330036838274133e+00,7.310135613586303371e+00
-9.261423575179774659e-01,1.337298122011344681e+00,5.662445085967036995e+00
4.640925550658484333e+00,5.886260751549541759e+00,8.943071017330009198e+00
2.201699737161923132e+00,3.409802626435403994e+00,4.550919665275269921e+00
9.811786791110823636e-01,3.705037599595586872e+00,7.388782057110278245e+00
3.640958128248502845e+00,5.467816187901637370e+00,5.537467320947297544e+00
-7.986841823978103605e-01,8.874157429564277777e-01,5.543068173994118553e+00
1.102923306143912541e+00,5.212752361909476662e+00,6.911429853972836490e+00
-2.773596810876999275e+00,6.326499007137442732e-01,2.896626660228861283e+00
1.172836693811739384e+00,3.555173979697560771e+00,6.203970016276043609e+00
-3.610607591204372468e+00,2.003056083291099299e-03,4.372718899826610439e+00
2.478370068199690746e+00,6.300476785613390973e+00,1.128527028403034471e+01
1.860851447520683877e+00,6.089960726522102519e+00,6.403266209314187662e+00
1.525149610551618462e+00,3.037378123143333664e+00,4.759971905075595977e+00
4.005571066231392585e+00,4.884677107953460329e+00,7.647312889046603779e+00
1.835612595801574543e+00,6.445505024338217481e+00,9.515071917043366412e+00
3.346354304864092022e+00,5.953876165187156566e+00,9.415244175725957732e+00
-4.858288638475150023e+00,-2.209838025993908772e-01,2.914156791297683124e+00
8.661634925253878237e-01,5.464181672293108250e+00,6.597722403091900389e+00
-3.273465326695449207e+00,-4.299685018218277754e-01,-1.931548363925487122e-01
-2.019574592750315034e-01,3.735660174647036591e+00,4.015999621287670962e+00
5.288293727643866404e+00,7.056981570313068275e+00,1.200786986627688080e+01
8.510419773793702625e-01,2.615505789288741667e+00,7.072202360042878055e+00
3.190212860089669533e-02,3.668354790703982182e+00,7.956136526080247684e+00
-1.074287463875006399e+00,3.896853222315451948e+00,7.284216003427632202e+00
6.194715298753852295e-01,4.743256814165837554e+00,6.294499029932421941e+00
-3.340624063684650480e+00,1.450140509001781375e+00,4.744838951254900294e+00
-2.302807550268046288e+00,2.028012553361682624e+00,5.509748527362428483e+00
2.543918847025663510e-01,5.169555465152347651e+00,9.301478849763501699e+00
3.643485218880243348e+00,4.289089090663499526e+00,5.646229601907178264e+00
-2.559018015382835021e+00,1.584224648241624234e+00,1.703581015415765343e+00
-2.060186009839900301e+00,-1.869572783829525520e+00,6.749274944619578775e-01
-1.017871288047558664e+00,3.363295305262979262e+00,8.026310768285302544e+00
-6.091958686753024210e+00,-2.212651036457240483e+00,2.682129770467701402e+00
3.734070189274705243e-01,2.588829425681048235e+00,4.735104028765590556e+00
2.181109852301279961e+00,4.182045389951974279e+00,8.806344373359248578e+00
-1.404361926891101398e+00,1.963233704161616799e+00,2.265340025259377832e+00
-2.766594344329829536e+00,5.311628827375590722e-01,4.918141573672497380e+00
-3.078279200914780578e+00,-1.045022671802216419e+00,1.800646447125425986e+00
-8.411031559849102557e-01,3.138016603668523974e+00,7.167282425169414495e+00
-2.800278523747540937e+00,1.553907922515081141e+00,3.926120094139172956e+00
7.757975610857381632e+00,8.030498426250792576e+00,1.122720172568938324e+01
-2.944611664917481164e+00,-1.322754787566140289e+00,1.676017266352688884e+00
-6.848460940665850316e+00,-1.883991471111367000e+00,2.973081844926575457e+00
-6.699602355128730480e+00,-3.177198533252989066e+00,1.187175487003878871e+00
-4.531409007686911572e+00,-6.329601651977588839e-01,3.650822298380653752e+00
-9.434932771307846799e-01,1.472770338760061026e+00,4.678084072099187196e+00
-6.116260813960959553e+00,-2.802882537868457646e+00,2.062573384184857694e+00
-1.166185036874664860e+01,-7.126349459495158634e+00,-6.479450456889296106e+00
-6.980766124930980254e+00,-3.920734995212384444e+00,-1.317974751132895417e+00
-5.688648445492359151e+00,-2.583529256616165171e+00,-1.984723246699422017e+00
-1.217170792300186211e+00,2.815632467572342978e+00,7.796524707649348684e+00
-1.923869997372784191e+00,-1.337236782036833604e+00,-1.087614496439928580e+00
-9.081610098083391591e+00,-4.901539870141292887e+00,-7.192697868916093640e-01
-8.553441081954392899e+00,-4.789269514302373132e+00,-1.598314187432441358e-01
-3.538280087635003568e+00,-2.051175394030020360e+00,-3.530470785778034859e-01
-4.117033622549915783e+00,-6.228717014402875840e-01,6.210770416833799601e-02
-6.344167414738772770e+00,-5.320325263790289583e+00,-4.490787911878053151e+00
-6.332223932329371863e+00,-4.224312560966085428e+00,-2.424747840522837095e+00
-7.667790344494655130e+00,-6.162665590167854646e+00,-1.515956447546703778e+00
-5.589471156679053365e+00,-2.812931928094345224e+00,9.297216313915761532e-01
-7.488154209798709715e+00,-7.242366453313489494e+00,-2.781410599768114444e+00
1.259254250841901346e-01,2.668366338518439740e+00,6.046085848299414423e+00
-1.008716572466688000e+01,-7.131575861854853926e+00,-6.269929395181197407e+00
-6.589154129010163174e+00,-4.605606452622072133e+00,-3.597286708188674353e+00
-3.503880971887038953e+00,1.360517900988455153e+00,4.527097328834903678e+00
-1.037180656063810602e+00,2.279714352064091010e+00,2.982907038281270573e+00
-2.362304431297508778e+00,1.982855266067505617e+00,3.513830855737803738e+00
-9.900125742380936344e+00,-5.669973227345539435e+00,-1.289296923353994373e+00
-2.372657972649533598e+00,-1.451056525944096620e-01,1.388315155138353685e+00
-7.378391567162049469e+00,-6.110694148985710505e+00,-1.354319097591252685e+00
-8.028762379290210305e+00,-5.449347707513352290e+00,-3.202113852786510062e+00
-6.965374169362115175e+00,-4.802184995523474775e+00,-1.814940877936212615e+00
-3.626219107215425286e+00,6.850356464801610201e-02,3.172122043575333894e-01
-9.647066273299472527e+00,-7.200828340847762021e+00,-5.892264914438706036e+00
-9.919131974279721931e+00,-8.481789522235251511e+00,-7.842430659232904056e+00
-8.766264014239679270e+00,-6.680199306084382727e+00,-6.158712169922289981e+00
-1.133539584222782182e+01,-6.891166923736228966e+00,-2.876603029216052931e+00
-4.020587088124476516e-01,7.288142675944797588e-03,4.457553373726715229e+00
-6.724493416352597563e+00,-3.817919148509284710e+00,5.718382367437433444e-01
-1.108940648566911946e+01,-6.777267357873437703e+00,-4.139646999965096441e+00
-1.921912803257172619e+00,6.734465566762466437e-01,7.947649506291039057e-01
-1.049723741308942593e+01,-6.574727162585031870e+00,-1.934767383752564740e+00
-1.554187477561230324e+00,1.520830364144579505e+00,2.588263951505415328e+00
-4.882830747438745789e+00,-1.926648827626693539e+00,-6.902665061066008967e-01
-4.468447495080329901e+00,-2.250661821263784113e+00,6.794789245876704520e-01
-8.947334922383523903e+00,-6.171107564973984161e+00,-2.018774105824197918e+00
-4.470765095412025047e+00,-3.616107091937723617e+00,-1.182495433661135742e+00
-1.290829923144123725e+01,-9.294406460507760315e+00,-5.110528376487126323e+00
-5.798973822066997741e+00,-3.498206998416773406e+00,-2.578889762104420225e+00
-1.316314409714364508e+01,-9.604153240692788529e+00,-9.117940638505391604e+00
-1.145427822261421014e+01,-1.045707707918463925e+01,-7.486121245876601549e+00
-1.285957316550454443e+01,-1.178523632895683626e+01,-1.024819930503203480e+01
-9.812757607069842791e+00,-6.502584672347231809e+00,-5.797815773808666862e+00
-1.275110567790027716e+01,-8.050859165298287934e+00,-5.160001486286145855e+00
-8.490748430743725095e+00,-4.381944677437006774e+00,-2.018907363142550704e+00
-1.429656803069471849e+01,-1.046700183976873078e+01,-1.033046509680720959e+01
-8.924627543327812162e+00,-8.765842981891392327e+00,-8.277611743930911814e+00
-7.780617783001231302e+00,-6.619706679992987119e+00,-2.049365041373590657e+00
-1.011161116152988448e+01,-8.717639030567632119e+00,-8.583235195224110825e+00
-1.228919462579746380e+01,-1.196733124801778558e+01,-9.399061429427053582e+00
-6.452202259005651364e+00,-2.563983356671225344e+00,-2.293296072948792563e+00
-5.648303934521007541e+00,-1.911276060375524111e+00,-1.110159851212387805e+00
-6.516299303819049094e+00,-2.938193738371623454e+00,-3.506323697548214824e-01
-1.322515522322584047e+01,-1.316093553384246029e+01,-1.272696549392168031e+01
-9.304960394350217712e+00,-8.202931664594764527e+00,-3.540097732458450608e+00
-9.473208004603270282e+00,-7.553672979447816793e+00,-4.239164885313526199e+00
-8.123691890739060284e+00,-7.293260947884738776e+00,-2.777792385077675341e+00
-1.422212035883549319e+01,-9.848212468039953649e+00,-7.713010266609078514e+00
-8.826065839116859379e+00,-5.316661814073247783e+00,-1.414749873125226376e+00
-8.008641797146575314e+00,-7.052275808306071703e+00,-2.876466534605803815e+00
-1.541738484726550240e+01,-1.198264821340431929e+01,-7.649727028096124037e+00
-1.154660959431419265e+01,-1.126341108243151012e+01,-6.330603040904009937e+00
-9.671477522576829244e+00,-5.798572457292424431e+00,-2.967873078001332043e+00
-1.228265496827047620e+01,-8.165873644050590130e+00,-6.490472420194736358e+00
-8.944106100771442414e+00,-4.710207690093936250e+00,2.774735387336377812e-01
-6.832819912658804284e+00,-4.284207971920082514e+00,-2.092837758321174135e+00
-7.774384762437231977e+00,-5.790027156288444665e+00,-5.280512469351480220e+00
-9.755942093589990094e+00,-5.193693368562647628e+00,-3.215911841197511833e-01
-1.186491974275969952e+01,-8.075917693131204445e+00,-5.737419460603614851e+00
-1.369479419283920052e+01,-9.499908900709915116e+00,-8.588605894161926102e+00
-8.378689680717918975e+00,-7.200339107375567593e+00,-3.565682480823485268e+00
-2.039353001223476625e+01,-1.556199320388509477e+01,-1.319292386907960690e+01
-9.592575212244842220e+00,-5.640164587156094811e+00,-3.153406290321719041e+00
-1.317618088851673264e+01,-9.073492707999236018e+00,-8.379747547552048204e+00
-6.085049566431577794e+00,-3.605116866969418687e+00,1.073511197040822651e+00
-1.150381164782072041e+01,-8.516639280181756533e+00,-3.631130091045973174e+00
-4.385433253852615287e+00,-3.590655631868139963e+00,-1.352411382765817294e+00
-1.270784842866348718e+01,-1.167494499518456230e+01,-1.055065813223150073e+01
-1.530956780464666345e+01,-1.200137124601650918e+01,-9.375664433094978989e+00
-9.788524743701049857e+00,-6.608272875046482753e+00,-2.289965828646016277e+00
-5.616635432903997582e+00,-5.258218452483610861e+00,-8.133465603898804019e-01
-8.856451271319656371e+00,-4.929466088497955312e+00,-4.876674512930561534e+00
-1.437672983346083555e+01,-9.601393246920226332e+00,-5.246836834885240108e+00
-8.771897419466123225e+00,-6.813537273101687219e+00,-3.367230890590420689e+00
-1.254612017975119542e+01,-1.138384356293461508e+01,-1.051044709249760167e+01
-6.168194715621880597e+00,-5.550277496033713120e+00,-2.389134895391244129e+00
-1.087722989644123928e+01,-9.061974758620838344e+00,-5.376332890728485303e+00
-8.219294595531861702e+00,-5.310933220921146614e+00,-4.106935532236065001e+00
-7.900781627963621823e+00,-3.979040652893608865e+00,-3.674729338139840262e+00
-1.348495851422101310e+01,-1.016870967600841169e+01,-9.881351568475627900e+00
-5.206234544542520659e+00,-2.095862676537995739e+00,1.148005418570601233e+00
-8.622502274513568210e+00,-5.537513177760810201e+00,-2.662046427480861510e+00
-7.774513740381392424e+00,-7.313979183531104766e+00,-6.113953569149378708e+00
-1.170275295279909855e+01,-7.646266943564154595e+00,-4.310095168250572151e+00
-1.007520273787267762e+01,-5.624703699017924663e+00,-4.602620221547860879e+00
-9.506541521432032127e+00,-7.675845437977697472e+00,-6.053195966202506995e+00
-1.124211696816579931e+01,-7.671183573058048211e+00,-6.828564274474191897e+00
-1.398253866641271159e+01,-1.065272905393732472e+01,-9.279725783468926181e+00
-1.256592198546607619e+01,-9.313931919426543971e+00,-8.244583494803521262e+00
-1.208024916739791799e+01,-7.865664585500539374e+00,-5.285938237616466751e+00
-1.700283307604502880e+01,-1.573468636550203925e+01,-1.202939387327579723e+01
-1.231896811773067490e+01,-1.157550883657029672e+01,-1.033053989139772355e+01
-1.411042480938509591e+01,-9.309820658014723804e+00,-4.680582811959690837e+00
-1.240901636125736474e+01,-8.243234132777915946e+00,-5.498897539364447695e+00
-1.328315212571727955e+01,-1.033405623148059505e+01,-8.481926418233436848e+00
-9.992856258101364020e+00,-9.363967905773590061e+00,-5.389227101179280055e+00
-5.531334437660595071e+00,-4.410647618378764179e+00,-4.357486363021521036e+00
-1.482256312539339227e+01,-1.064045129966409675e+01,-9.212116852000830747e+00
-1.337108380872815339e+01,-1.028728687792809637e+01,-7.719919081009347650e+00
-1.386120471677715926e+01,-1.017895780623785029e+01,-8.509622577455481007e+00
-3.892341801220453590e+00,-2.831670577840196934e+00,-2.730274165919794882e-01
-7.431122660228387744e+00,-6.998879914007916092e+00,-3.558407349112016060e+00
-1.345668071557170542e+01,-9.972738239537122240e+00,-6.893236730866364681e+00
-1.571554320678810157e+01,-1.141497133667477826e+01,-9.186702179513275723e+00
-1.051383227604749848e+01,-6.419514892359712732e+00,-3.491802085804725841e+00
-1.237086040023445221e+01,-9.518870657116647038e+00,-7.771745753055689931e+00
-8.316227507019227971e+00,-5.636625654903272498e+00,-2.956233823551896123e+00
-1.427250384574294984e+01,-9.494778132930198566e+00,-8.062046443038264343e+00
-1.229716482363831531e+01,-9.243055412086622624e+00,-4.710821263635817324e+00
-1.244169563796097044e+01,-8.534478275963369498e+00,-3.825442003859360618e+00
-1.121935875070074395e+01,-6.254812442249258808e+00,-5.532400040942124342e+00
-3.925246798175817009e+00,-1.151885310463960366e+00,2.604363608141105235e+00
-2.107097293460513221e+00,-7.363552964069048912e-01,-1.233806735632010376e-01
-8.587400833634330155e+00,-4.941766643895394218e+00,-1.580467235343364862e+00
-1.789291437280873609e+01,-1.331915251084443597e+01,-1.203675941273119498e+01
-9.442492037255298953e+00,-4.448239455223928829e+00,-1.002090836221938730e+00
-7.884087712162743955e+00,-3.728368116277479771e+00,1.004282890882694623e+00
1.152387380007271478e+00,4.815163854262037191e+00,7.001191043617305709e+00
-3.315515988891332810e+00,-7.901620012585444108e-01,1.294837101090976716e+00
-1.016489062134506227e+01,-6.731023360976657877e+00,-4.877235362582350575e+00
-1.143194944242243061e+01,-1.043664411925310986e+01,-8.472984053192625709e+00
-5.147526806305556590e+00,-5.953982603474372581e-01,-2.143768282830427196e-01
-9.040265964638052765e+00,-5.378709987801706838e+00,-2.743183852597957717e+00
-7.101549826750149563e+00,-7.071656116508420631e+00,-6.615352062065001704e+00
-5.827042789666833755e+00,-3.552253083409819823e+00,-1.746714684826164543e+00
-6.110162381599048231e+00,-2.519611731428107237e+00,5.204063451195835022e-01
-2.445359805702797651e+00,2.059175569834456709e+00,3.203368268634988691e+00
1.943495600307763027e-01,1.871407325821575540e+00,5.046902128318284220e+00
-9.316580549518940657e+00,-4.577540890991183886e+00,-1.058791841791325794e+00
-8.729459649789420794e+00,-5.533866691749350863e+00,-4.174718171245341836e+00
-8.623481820569235401e-01,-3.574081073328234659e-01,-2.487997978215307215e-01
-6.753239371019190251e+00,-3.103360002177840471e+00,2.687077550140735127e-01
-8.494914309233404737e+00,-6.603560029666860842e+00,-3.351020063612325295e+00
-1.734864473947054897e+00,6.113876816557528571e-01,3.344198373697049753e+00
-1.556410815854598617e+00,-3.705769305310457895e-01,-1.094082110480937287e-01
-3.837274210818300890e+00,-1.923007153605545305e+00,2.410371399380222712e+00
-3.527074610448676761e+00,-1.570168284881987564e+00,2.828830565347818737e+00
3.124872711496435862e-01,1.452485315020346501e+00,1.512329453558652226e+00
-4.916201835966647060e+00,-2.652285788558381707e+00,-2.332280228106263564e+00
-1.010138189231264150e+01,-5.494858057277467900e+00,-1.189905021742701408e+00
-5.326834699312966492e+00,-4.603553418006951503e+00,-3.785133671339815375e+00
4.354970912769187130e-01,2.265066049788117652e+00,5.352916592629648918e+00
-8.076594356107708039e-01,-5.958903053507308423e-01,-2.119118298617411744e-01
-2.073051199841693837e+00,4.912853523645656084e-01,1.417588834645147067e+00
-2.922669565542275194e+00,-1.233881286259467691e+00,1.061658153275371053e-01
-5.697642825933817434e+00,-4.080882148845481616e+00,-4.216919393018998541e-01
-1.963711059480465426e+00,-1.616467303951101941e+00,3.269886076925362595e+00
1.631231543190812427e+00,4.327073539059989038e+00,8.933602643116277164e+00
-4.544994416575311114e+00,2.674420333655235238e-01,3.197281112013643511e+00
-4.956276262500759699e+00,-6.319847573037462585e-01,3.697684450809469503e+00
1.760201488473930986e+00,6.621517221966973565e+00,6.949391664667494695e+00
-5.051931927393233934e+00,-1.647524725509805776e+00,2.466402915417909902e+00
-3.184239556283392503e+00,-4.867472459627242287e-01,5.547942276678741180e-01
-4.025056579574411764e+00,-3.098115589223833233e+00,-3.208191977743761747e-01
-7.143802819114735136e-01,2.392582432453783436e+00,5.109690893030187198e+00
-5.710847202885834584e+00,-2.712298784210156022e+00,-1.884341756369364962e+00
4.788565649260312362e+00,6.921757848515249556e+00,1.019400170735432454e+01
-5.868988596127596047e+00,-1.732996309183731265e+00,-3.194959261295253761e-01
-2.355157296167274872e+00,1.647326604184594645e+00,5.617342065187866496e+00
1.108104944985673246e+00,1.840836256418303840e+00,5.127358514187967842e+00
2.559871888052143163e-01,2.755240763062395626e+00,6.512385059081966077e+00
8.392727091959862662e+00,8.829514041722383411e+00,1.050409107274155218e+01
-9.601266043316156740e-01,1.197176109448522041e+00,5.571720200076200058e+00
-4.189775747784678650e+00,-7.724288857573995415e-01,-2.641824392707385893e-01
-1.340296040099925090e+00,8.174136510045633131e-01,4.457870133744392227e+00
3.218572863709034948e-01,4.061594125314727854e+00,7.020136444811910792e+00
-2.289066011014997848e+00,2.660661987665070782e+00,6.271684809618898626e+00
7.949971266959625638e-01,5.381314178519293279e+00,7.583227081156727500e+00
7.737796973146988222e+00,1.025135589457380547e+01,1.277462400411293686e+01
-4.094379665876282104e-01,3.435255800555945704e+00,6.009312338114645158e+00
5.730247211606752877e+00,7.528544993006887509e+00,1.064445793080944114e+01
4.251771639338024045e+00,5.439215965071463543e+00,1.035691246362645757e+01
8.676716695714183913e-01,4.334227690491432305e+00,6.930617622711203296e+00
2.088840258050125520e+00,6.886265184001519657e+00,1.143594318324650239e+01
3.562584770096486331e-01,1.702047372741702258e+00,5.272681337895413378e+00
5.447829425013083871e+00,5.650854994091202066e+00,8.386713314740159575e+00
1.206595457050259768e+01,1.271361599527037001e+01,1.352060651068469177e+01
-3.603305960228909477e+00,-2.299519808806127052e+00,1.237498115689321665e+00
7.806550231706415488e+00,9.345377590750985064e+00,1.026007820568582574e+01
9.188501222148334202e-01,1.422377985318065363e+00,3.417335543300004996e+00
6.779120830909937112e-01,4.780140586183723173e+00,8.094765501931778573e+00
1.339218222258094393e+00,5.177796959589771042e+00,9.498122314308616865e+00
4.535078970743292581e-01,5.856456911960314926e-01,1.951708646809327874e+00
2.605296992206243889e+00,3.545945704810445243e+00,3.838011299657209108e+00
3.103304608505919049e-02,2.691017094631267703e+00,3.517810417477609253e+00
3.650980915129988347e+00,3.954653628744806859e+00,5.200571107326330100e+00
3.558963096456528419e+00,7.631929668713125281e+00,1.153015600693026599e+01
6.488338649217097576e+00,7.164223359599844798e+00,1.051796325582840907e+01
6.816645935454055838e+00,7.437446569374527527e+00,8.958090471828796808e+00
2.723109984844429565e+00,6.643829176940448278e+00,1.097944415199643586e+01
8.543952094590490987e+00,1.178070327346565271e+01,1.420925140727971403e+01
4.280136799000116454e+00,5.952102535121174043e+00,9.437066011659211995e+00
2.589041063750675775e+00,6.364323208780140462e+00,9.649896350020206626e+00
2.552152282743040956e-01,4.844882117712304037e+00,7.449482775618871955e+00
3.849661941982477131e+00,6.476046611429153721e+00,9.623258540230553493e+00
1.638442617038485150e+00,3.272942733577512975e+00,5.771747771651196679e+00
-3.098452680461568853e+00,-7.555785528842378085e-01,6.133580502235431720e-01
1.003377543204201494e+01,1.044112717807989554e+01,1.349316757492428032e+01
3.647344865325491625e+00,6.443582186563578063e+00,8.661371097288173004e+00
6.548790291200742963e+00,9.829223013286892296e+00,1.001860455609121203e+01
4.078795928058333686e+00,7.330047074402138207e+00,8.641552800502459775e+00
7.780509552659853334e+00,1.048435849078078697e+01,1.473527930900205618e+01
4.807952930233955868e+00,8.958515635079907113e+00,1.038099441427851843e+01
3.666999544851079484e+00,7.158192162335066833e+00,9.410412985779689876e+00
1.197675444548746349e+01,1.302453171420103573e+01,1.587891082854510216e+01
8.480034810665149081e+00,8.686780390595743029e+00,1.285649001910551448e+01
9.939424367102718705e+00,1.265691624981171159e+01,1.652069621469720317e+01
4.805712736389984308e+00,8.912019442021280824e+00,1.282186870938748058e+01
2.710725607064870424e+00,3.931569580354386417e+00,8.285101749489404810e+00
8.753842456844886044e+00,1.151204692819964137e+01,1.275983950450056170e+01
4.434218995922535100e+00,4.619531296417044075e+00,7.561478594788551000e+00
5.763720421513639280e+00,7.243102339095757181e+00,9.387241290516449510e+00
1.527119839340088170e+01,1.538129604796783667e+01,1.588686059606977174e+01
1.082083395903219625e+01,1.392695065667208709e+01,1.827534371279584136e+01
1.372142081339339192e+01,1.434843540356753877e+01,1.777632521906158303e+01
7.430428628722728135e+00,1.037453439104981534e+01,1.473182378731399744e+01
5.812929662333388592e+00,9.073051114526517580e+00,1.345369382379521461e+01
5.713812192999933259e+00,7.013364458730316997e+00,7.492716209145411810e+00
6.531490945757063571e-01,4.674480691882797245e+00,8.478220819561711252e+00
8.540703881205228498e+00,1.234736876546672235e+01,1.472841936185252543e+01
9.533169224457903823e+00,1.098542341213406637e+01,1.208381094126769284e+01
4.498067204691460041e+00,9.251019433629732447e+00,1.422044168645739681e+01
5.052259609292415021e+00,8.118366426399630242e+00,8.899846950708770521e+00
2.754684233429842699e+00,7.552186209644778714e+00,1.248180716240397814e+01
7.110499270674894845e+00,7.451607606787574944e+00,7.821476453662398853e+00
3.270180817510053739e+00,6.876769915432288549e+00,1.071524206218794717e+01
1.485822502472744944e+01,1.931265167226541735e+01,2.326718765988434967e+01
2.520353036708309347e+00,6.722557115395989769e+00,9.040448663566682086e+00
3.294409614736331982e+00,4.075691589404280890e+00,8.324596736057573665e+00
6.324509190414925541e+00,9.000816546661708273e+00,1.313241331993056527e+01
4.797217802261585007e+00,9.015116962633562991e+00,1.086121273411295007e+01
9.184163786983130962e+00,9.543438254394578379e+00,9.711492674467228525e+00
8.685302304943007812e+00,1.175979078235958042e+01,1.265583540161838982e+01
1.276904022221970081e+01,1.594228393803347821e+01,1.801390003285701980e+01
1.182777303358020582e+01,1.336944048111213945e+01,1.512094698067647691e+01
1.646824574763204652e+01,1.878224985394395574e+01,1.930515757842683300e+01
7.021676862484696358e+00,9.916811935146794710e+00,1.007318405506415715e+01
1.228138800493545801e+01,1.413797022424583716e+01,1.439928785283228940e+01
6.242080328949189294e+00,6.774087931765676807e+00,7.119346464222297222e+00
1.386928010893795360e+01,1.624167523173339944e+01,2.040602188982524723e+01
1.240326425725602277e+01,1.561891250794639774e+01,1.654267638265864448e+01
4.427902181839064255e+00,7.723604893591685894e+00,8.257495297186304484e+00
7.195097310279081171e+00,1.113328756526446028e+01,1.416096296986786740e+01
3.855665319544678393e+00,5.590838437622509538e+00,9.624753574559978375e+00
3.384793979246373929e+00,6.672421642768983752e+00,1.007525013972229644e+01
8.429439779300384572e+00,1.273140768343205131e+01,1.330486815827319802e+01
9.446281886279829010e+00,1.045076034596635495e+01,1.094762048669715782e+01
2.290827343682944495e+00,7.135773868475640214e+00,7.454673354968035959e+00
8.940457683970626235e+00,9.690107689582221795e+00,1.306108792290559961e+01
2.591857890410805609e+00,7.509696363344267489e+00,1.181675166584070169e+01
6.622977176790087128e+00,8.523856667700712819e+00,1.066423924563481762e+01
1.172992067351439971e+01,1.207987185597692026e+01,1.633331357651183779e+01
9.482956249604695742e+00,1.136641008594942193e+01,1.598919999074261256e+01
4.312741886841327421e+00,6.592977896939881788e+00,1.041556786615100805e+01
7.032119500631408116e+00,1.020622561547338059e+01,1.079296502739430430e+01
1.148386668349742479e+01,1.547360101643421970e+01,1.716338092374515156e+01
1.170954836983729130e+01,1.362920431254002551e+01,1.763545977758816719e+01
6.702071464554163249e+00,1.155964664198118363e+01,1.269782130417929622e+01
7.150265311797030066e+00,1.038980502666485961e+01,1.460874815861229692e+01
9.451295383994585464e+00,1.011960119912409617e+01,1.303213554264270435e+01
1.028578328684731247e+01,1.076966369486252084e+01,1.259269209253913679e+01
1.276325215748009967e+01,1.399589160447508718e+01,1.840373745991547949e+01
8.225060954315274842e+00,1.027863998518717992e+01,1.171686174159325589e+01
5.010037229931634251e+00,8.846798001500404851e+00,1.068766072091148800e+01
1.099010318948868736e+01,1.167935093808813463e+01,1.228642019966633114e+01
1.298653878375958115e+01,1.551637739895984680e+01,1.958070001675218563e+01
7.884981497880416690e+00,9.389818324170001063e+00,1.437234156761726922e+01
3.350117498660304616e+00,6.911304561356612197e+00,9.731111252909993681e+00
4.394223297330571931e+00,8.917356454197928883e+00,1.175437388187229359e+01
1.109802533379787093e+01,1.223244805453956729e+01,1.597478165745333456e+01
2.217939613417052147e+00,5.550214302344071093e+00,9.757719093999426718e+00
6.767473728970319513e+00,1.070452426248158950e+01,1.348583335496320146e+01
5.423829921691524447e+00,9.602107317074940696e+00,1.307713568936361170e+01
3.266875122847408441e+00,5.426613534747656509e+00,5.615485184887124781e+00
5.412844109275797955e+00,5.926489395958879136e+00,9.370044723513570872e+00
3.313896414228959308e+00,7.194177792402946636e+00,1.164278916032416333e+01
4.280745449231061706e+00,9.010474653689996671e+00,9.110214958356635861e+00
9.045056504666206365e+00,1.241841559858515431e+01,1.423167369989842435e+01
4.336237002876901947e+00,5.960359050728538222e+00,6.456614902292838742e+00
2.404812081092317033e+00,5.873402187074542091e+00,7.839758898804971565e+00
9.279099967254698100e+00,1.270238526222194508e+01,1.404125970700777870e+01
2.251035353377626613e+00,6.380834490805828096e+00,8.386991194057682009e+00
5.495719254731092462e+00,9.236981392511188105e+00,1.040130011806067145e+01
1.179267635434559658e+01,1.211658922244984815e+01,1.416973719546897748e+01
9.135373181228922945e+00,1.232652594789554357e+01,1.425322764738656112e+01
-2.274206553678852050e+00,1.050060484476858846e+00,4.539629638822041180e+00
9.756164578062366033e+00,1.003013096265309656e+01,1.163143043187017867e+01
-1.608837130216685729e+00,3.277954900324957954e+00,6.398482927123623654e+00
9.142656004865569841e+00,9.167392592486143243e+00,1.219383288372454111e+01
3.102611555874723148e+00,6.123896199151585229e+00,1.013191941621889036e+01
3.401276751482511962e+00,3.551041319539457675e+00,6.668001804363418827e+00
3.008573778657459563e+00,5.299610256586634094e+00,5.613900578982894629e+00
3.886979401148607849e+00,7.932729733898460367e+00,1.141582923016882134e+01
4.198485922424873173e+00,6.491440872541279994e+00,7.704844268682826680e+00
4.155355140721968432e+00,5.129418975934649794e+00,6.282222613507559394e+00
3.267956007960491682e+00,6.260733793464229535e+00,7.793673108521837811e+00
5.751541634806196512e-01,5.441199040774082007e+00,7.966865004320075272e+00
4.771289210511627132e+00,8.630159850782716191e+00,1.124613881793613857e+01
-1.057638993603386091e+00,3.043918102245470436e+00,6.058866939181003275e+00
-1.356228757928100492e+00,1.908431526938872302e+00,5.693100620831995862e+00
3.128245081231504798e+00,6.658131232673552446e+00,9.516792045004191181e+00
-1.519900297772187159e+00,1.855861318803885496e+00,5.904544598567357028e+00
1.439995729193297436e-01,4.281089543083761662e+00,8.911551480073201859e+00
2.867206854387192472e+00,3.684544422389021801e+00,4.697468719410670346e+00
3.087168767582823659e+00,5.116196354994423601e+00,8.219460086044490410e+00
-5.445106258620624473e-01,3.718728395264855102e+00,4.843617483943708280e+00
-7.367357211489280466e-01,2.500916116131021383e+00,6.212025899192232359e+00
1.358663096243717838e+00,4.838449911395964698e+00,9.083232996504332135e+00
-1.500100039350081182e+00,6.372706605095403987e-01,5.628035680253051787e+00
3.309164127002066635e+00,6.704107988998513790e+00,9.037169867461614103e+00
5.524420222451840168e+00,8.150005905567173414e+00,1.257117419916065515e+01
2.130745442554191627e+00,6.461464904490461514e+00,1.099615963194612434e+01
-1.034455529034315369e+00,3.187066268233387234e+00,5.407864794994881485e+00
4.462353112985728565e+00,6.739349122844854989e+00,7.412379210857956480e+00
7.143593123742929762e+00,7.409822182427463488e+00,1.053118446717039092e+01
1.753730663028010284e-01,4.273177299372719062e+00,5.437768422118145040e+00
6.108070910194420833e+00,7.542283091212064861e+00,9.072425804689421724e+00
5.052758025001207187e-01,2.705476887139933950e+00,4.398176287540005447e+00
-8.160114631525354767e-01,4.034632770938313406e+00,7.582638519003220168e+00
-3.290257188745588035e+00,8.946704668249236825e-01,4.732964405150442033e+00
3.750149817678765096e+00,7.299608440254221620e+00,9.023639507496499235e+00
-1.357111333845133938e+00,-1.288506934133403004e+00,-1.094778411675082719e+00
-1.749607839380411312e+00,1.997819904912070399e-01,1.195012709360576242e+00
-2.134094764294567348e-01,1.673118428409640757e+00,5.601369519968335098e+00
4.203136244147802181e+00,9.193093240436342128e+00,1.183386961426098161e+01
4.106405370441908786e+00,4.196034050441614482e+00,5.304106310793683221e+00
-2.046983664822930038e+00,-1.464225671405656293e+00,1.933501377693542800e+00
2.319097719219430420e+00,4.741176112898626727e+00,7.811291249291194561e+00
6.254031508376622917e-01,1.930679922763862244e+00,4.552304838964213118e+00
2.949073382914088270e+00,3.681461157487489366e+00,7.465966220300249034e+00
-1.743225881939743260e+00,2.677182619586008450e+00,3.828857671426394216e+00
2.989279039276572458e+00,5.997904151341487911e+00,9.789027211728523525e+00
9.864573117460659901e-01,3.061582530009669512e+00,7.087015770806780246e+00
-2.449459736639854057e-01,1.543632197728688649e+00,2.141534832081063211e+00
-1.593321759293051532e+00,1.180818279981898034e+00,1.970485435559089282e+00
-4.255974830116844743e+00,5.933466311448443165e-02,8.130074338336387152e-01
1.202850017319970544e+00,2.009558832441367571e+00,3.548945333563534366e+00
2.253868928352060763e+00,2.865285809111647541e+00,6.401437557043560211e+00
-1.800555911531211528e+00,3.071207376299228464e+00,3.295680112899139758e+00
-2.219348421977737296e+00,1.190604978301542216e+00,4.975025331373295501e+00
-3.982156449830330125e+00,-1.620632395631296685e+00,1.018215799815601397e+00
9.260932545062801058e-01,1.779875135875214731e+00,2.402341602619301408e+00
1.995420264466756244e-01,2.469927199981575061e+00,4.775506262385183831e+00
-5.732775969940684391e-02,2.127450251980309126e+00,5.188387619839009979e+00
-1.764825100651068901e+00,-1.118316660788232220e-01,5.489396961390735630e-01
-4.148656299717168316e+00,-3.096017427359498697e+00,1.424312538227493263e+00
-2.075795407699708939e+00,2.121687280297000378e+00,4.858554356615431224e+00
-2.713480015380125732e+00,-1.302641814663431541e+00,1.178200078393244921e+00
-1.943518193283015449e+00,3.047606396610189172e+00,7.113590052525995411e+00
3.138502132779172449e+00,3.352839427382637627e+00,4.990123467781509170e+00
-3.184942353700057627e+00,-1.266512538677608379e+00,2.376550023454667482e+00
-3.924295070606668379e+00,-2.891732608251799341e+00,1.341107411620560796e+00
-5.537830139308245414e+00,-1.377003742294556687e+00,3.127002920408182618e+00
-9.046161440199197656e+00,-7.720359940966281087e+00,-7.012856284487181568e+00
-5.423004233632211069e+00,-2.621611889364098502e+00,1.852153211562541202e+00
-2.998463514383955086e+00,-4.345128848112826958e-01,1.267881623033970673e+00
1.086508811992820123e+00,1.804912003743306403e+00,2.298868162593413977e+00
-5.591860572906727000e+00,-4.452028840039157664e+00,-4.008149237934385489e+00
-4.093703737644648122e+00,-2.390088171066460099e+00,-7.672919846943571098e-01
-4.023138188668820447e+00,-2.993474165212786531e+00,-1.710402831234447030e+00
-3.832793257981149893e+00,-3.533225589043211823e+00,-8.558088331867015341e-01
-4.158316303902326538e+00,-3.865310283478016196e-01,3.932393106729153320e+00
-7.601589592537409068e+00,-3.351496620511786872e+00,5.768906832053106726e-01
-6.315495459926817823e+00,-2.825623345517669804e+00,-2.273101768493004382e+00
1.774432613369179901e+00,3.199492941045854799e+00,3.561728727196454170e+00
-4.573104638654506893e+00,-2.871562552082105313e+00,-8.572392730906077674e-01
-7.916428040117109433e+00,-5.315251775367960008e+00,-3.417273579638040459e-01
-1.157008784127144985e+01,-8.056498243587860486e+00,-3.515223412390623636e+00
-2.082373038328713566e+00,8.444718551161596309e-01,1.390755959610316506e+00
-8.582635771766941701e+00,-7.703486261952637193e+00,-6.958813173435511423e+00
-6.093953678209818925e+00,-4.365059379710110932e+00,-5.680467266771849211e-02
-5.775049025207552589e+00,-2.718558527897803057e+00,2.173481631542439896e+00
-1.066724267836065998e+01,-8.681872700244984031e+00,-8.236759223801209728e+00
-9.705631039043590036e+00,-5.041150787666422772e+00,-1.245928435981074944e+00
-5.269748676328600112e+00,-3.713884736674725850e+00,-2.311637463698918538e+00
-5.586300200983743913e+00,-2.117516961731340963e+00,-4.519347651532694687e-01
-8.639832938183511502e+00,-8.600389297613318718e+00,-7.113277408684333558e+00
-9.168489667302353041e+00,-6.134019566388285050e+00,-2.057223592583947713e+00
-8.223676313090162893e+00,-6.718857373534103949e+00,-5.730871000758144262e+00
-1.624667290698008415e+01,-1.178844430323541559e+01,-8.276783576148009303e+00
-5.220910413495019498e+00,-1.462991270107336650e+00,2.803878803565484912e+00
-1.137547256249882288e+01,-6.399302670936833692e+00,-5.526900299733088495e+00
-5.874403640011341743e+00,-5.085745604646505491e+00,-1.227877089178488035e+00
-1.248207385113817125e+01,-1.188991096452043195e+01,-7.489103220664077298e+00
-1.513016161421936090e+01,-1.053810480956213880e+01,-7.919139901286297523e+00
-7.385633687550542170e+00,-4.821875790047685406e+00,-2.569202903099743196e+00
-1.193421314915327613e+01,-9.703232469847094421e+00,-6.668591917472685537e+00
-6.072280672927310441e+00,-5.744581047579611521e+00,-5.320836534331813361e+00
-9.081180456079732011e+00,-4.734839310559616266e+00,-2.846855371078155450e+00
-6.582551075841992727e+00,-4.984557164833994136e+00,-2.102534047815778351e+00
-9.545024098871252249e+00,-6.674880597027630813e+00,-5.349552646547118151e+00
-9.806014363595359384e+00,-8.122686829357473215e+00,-6.272737658351062784e+00
-9.634933240215911354e+00,-5.244655969234134574e+00,-2.393112709984309916e+00
-1.098419854833929854e+01,-6.069758000103920637e+00,-3.071182987279844401e+00
-3.965592180166198411e+00,-3.891101537718312020e+00,-9.664864911390549373e-01
-1.202780190999888887e+01,-9.522421518018514774e+00,-6.037953234905566013e+00
-6.446092724526203632e+00,-2.242512562427445566e+00,-8.311087933557126384e-01
-7.324721245077149945e+00,-3.115510719344108281e+00,1.554356606049447365e-01
-9.588432024471849502e+00,-8.760075469934571757e+00,-4.221378092365442036e+00
-9.124017022645652730e+00,-5.814043920390371767e+00,-2.881638705655129584e+00
-1.243558038740903626e+01,-8.075769895018789057e+00,-8.038932127758089408e+00
-3.944482930670971221e+00,-9.980477999118955168e-01,-4.398965616531710365e-01
-8.850111910399379056e+00,-7.345301339279597386e+00,-5.201491369070078363e+00
-7.125679532174320485e+00,-5.362440883699748362e+00,-9.922847638798888426e-01
-9.061242357699899941e+00,-8.483889041641694106e+00,-3.892759975302054976e+00
-9.914301046032985454e+00,-7.944541465804535463e+00,-4.470746565512755843e+00
-1.403060464284351561e+01,-9.699307972704458436e+00,-7.815186934186717949e+00
-8.107023144286827687e+00,-6.580524244979983450e+00,-4.808663953058019302e+00
-1.108936958624704516e+01,-8.430066681572427001e+00,-3.780344691629778708e+00
-1.021142256780655799e+01,-9.401941330561461641e+00,-4.850395050060867241e+00
-1.267031253992814932e+01,-1.059977098975135412e+01,-9.384258936237301896e+00
-8.558175118910074985e+00,-6.242111676295417411e+00,-6.081257062023948556e+00
-1.029871519876728136e+01,-7.196512733361955405e+00,-4.818628273231752246e+00
-1.267844517961571782e+01,-7.824733794937622555e+00,-5.885291003265095355e+00
-9.564763660570118731e+00,-8.220710410754209718e+00,-4.985820053388620110e+00
-7.348201387364114545e+00,-5.142580838857922387e+00,-7.240997212354676194e-01
-4.477302549817921751e+00,-3.217117112260562628e+00,1.557491652473617094e-01
-1.143919836751301311e+01,-8.428443901429961471e+00,-4.043342999023758821e+00
-9.429937749795467283e+00,-6.485828287181543139e+00,-3.257197283367739171e+00
-9.932599001547256279e+00,-9.434993398456368752e+00,-8.169157268908419312e+00
-1.236023501955257231e+01,-8.812476847921583811e+00,-7.369617369545341745e+00
-9.765412259208577694e+00,-7.923629802149591228e+00,-6.026284929758035425e+00
-1.137826596583484218e+01,-1.104371789976196183e+01,-1.057670195254504897e+01
-9.611301797531382363e+00,-8.957021346489481672e+00,-8.604480025895069772e+00
-1.209274503029240577e+01,-8.517078268594648449e+00,-6.246783003557352387e+00
-9.206046854821245518e+00,-5.473602930254183541e+00,-3.996690058549195790e+00
-9.698535455905204827e+00,-4.899745510398275883e+00,-3.967921408960073393e-01
-7.529152071689890313e+00,-7.408642634006710637e+00,-4.622002713085290537e+00
-7.178641151094188544e+00,-6.972910955285469115e+00,-5.531416772937141957e+00
-1.162012157642970323e+01,-8.172467603381026180e+00,-4.492258842427167664e+00
-1.114847015202473379e+01,-8.445728458343060296e+00,-8.164842047244189160e+00
-1.189712770847349432e+01,-7.926064726841731911e+00,-4.624484900188893022e+00
-1.462876379211404831e+01,-1.317248302433472418e+01,-1.217175893612509086e+01
-1.154595754165526067e+01,-8.959896106401227911e+00,-4.094821500046934126e+00
-6.593102969470253427e+00,-4.825475622111007112e+00,-2.123800994691217525e+00
-1.377103945568029886e+01,-1.033993129192015203e+01,-5.914463296031605921e+00
-1.396226037711380386e+01,-1.234194224932758743e+01,-1.219947775585749561e+01
-6.205057552211362015e+00,-4.053722120674875029e+00,-2.568957143085511596e+00
-5.662591311628183632e+00,-1.587675501007460355e+00,-3.510013636403463977e-03
-1.280225890910357478e+01,-8.330220202939502272e+00,-5.994466452469740858e+00
-6.511995171428733187e+00,-5.499787261103938008e+00,-4.102197478161023092e+00
-1.088469573151768444e+01,-6.549793480672836843e+00,-4.618843253324141251e+00
-1.097238078431748143e+01,-9.667038573221985231e+00,-5.259433715919042740e+00
-1.103347705570205051e+01,-8.361376532367467362e+00,-4.114366667168547487e+00
-1.250967522957671463e+01,-8.138453108328748797e+00,-6.647955615025642473e+00
-9.891861519864118435e+00,-9.169497053111715701e+00,-5.242509429340744376e+00
-1.592826117409849118e+01,-1.103832132173970848e+01,-6.140209894603782637e+00
-1.772758327768650943e+01,-1.387182817111724198e+01,-1.102165563102299828e+01
-1.073591112512420409e+01,-6.663203109875317942e+00,-6.617851757692518433e+00
-1.274587304463429405e+01,-7.944104697492273992e+00,-6.322685811314755711e+00
-1.233967345806560445e+01,-8.454239457736186125e+00,-4.962706307181314003e+00
-1.188822762193682436e+01,-1.074152157600454238e+01,-1.054187630863922109e+01
-8.823707767821918679e+00,-8.527482720544879768e+00,-4.238705091920729195e+00
-1.268241764786755255e+01,-8.664117292035484752e+00,-5.301578692944634241e+00
-1.079276707280607184e+01,-6.182410396133136032e+00,-4.769580469510556142e+00
-3.583726068349245786e+00,-3.118594404964892597e+00,5.729323940209591903e-01
-6.730588025682321174e+00,-3.555596197659776969e+00,1.319313464984579021e+00
-1.668859603171497064e+00,-7.896017879338268486e-01,-8.628566286522254547e-02
-1.177273388449344083e+01,-6.890519142049423174e+00,-4.434839320723790834e+00
-8.360400726064202814e+00,-5.413376664870870769e+00,-4.377631118994580461e-01
-7.373107285823341073e+00,-2.537802356046707786e+00,2.144342994968543969e+00
-1.697342210778034399e+01,-1.221537631802900492e+01,-8.121090282100485780e+00
-1.383742673147732916e+01,-8.893609613223585342e+00,-8.742445627508978134e+00
-6.974231592381119782e+00,-4.231398198814508405e+00,-2.962167743484966920e+00
-1.133770198763264148e+01,-7.944322756310397970e+00,-6.089451908049548834e+00
-1.336233342386201528e+01,-1.058199120262569437e+01,-8.903915559001628566e+00
-1.082375218835873376e+01,-7.909868674193125671e+00,-6.389319271761640273e+00
-4.464949360176334814e+00,-3.685098676919041694e+00,2.401585988092223012e-01
-3.294057944375155866e+00,-1.720320245096079503e+00,1.775868430133118014e+00
-1.117476557687114891e+01,-7.213277891814185772e+00,-6.386777345678986251e+00
-1.125339022163486824e+01,-8.361016706371039220e+00,-4.995580301538764978e+00
-1.137728515144427455e+01,-7.079152681351582821e+00,-3.946343858570241281e+00
-6.151889986173060265e+00,-1.716344533559275742e+00,1.939526325687592312e+00
-1.369129950979592447e+00,1.230041914950668058e-01,4.905625882654201853e+00
-1.028362943203466173e+01,-1.015583111260642468e+01,-6.230627953102883865e+00
1.232330666115882156e+00,1.917990185817036064e+00,2.523922235259798086e+00
-9.401255137571164155e+00,-9.058784637258709083e+00,-7.943057068680438704e+00
-3.963968442689573823e+00,-3.402137128363760255e+00,-8.216364353650025265e-01
-1.882824075570801892e+00,1.383726442391359335e+00,2.293231529560468385e+00
-7.689398852664617756e+00,-6.403497943575603202e+00,-3.829274524193059470e+00
-7.630094433892752548e+00,-3.351621797729617214e+00,7.235847388590173068e-01
-1.022371288319455829e+01,-7.616586756244259071e+00,-5.732894640691836408e+00
-9.309024086605561799e-01,7.758089109797099425e-01,4.173197598907798067e+00
-1.282693884898400505e+01,-1.028092126659278094e+01,-6.161302474368144821e+00
-1.311726092370417973e+01,-1.049464279514733001e+01,-5.620740841762176920e+00
-4.327509938299105130e+00,-3.976752284316942276e+00,-1.939397676724043063e+00
-7.641241804230983092e+00,-4.254149371315866013e+00,2.069300642169284998e-01
-2.527383954268352273e+00,-1.410535066027745366e+00,-1.171353173002855241e+00
-5.221710152665382410e+00,-2.400059160497538979e+00,-6.098318714083661440e-01
-7.648581182986266214e+00,-4.046866937510869455e+00,-3.495735415754922304e+00
-4.778656219545868389e+00,-3.048878997450709338e+00,1.230658791841477306e+00
-1.393985027636735552e+01,-1.129064379717610223e+01,-1.092055687617627591e+01
-6.350117038262666824e+00,-4.285609197312095553e+00,2.384489618730496474e-01
-6.454113126459242622e+00,-5.028378627393076172e+00,-2.033162373604203932e+00
-7.107535439497407737e+00,-3.116567177873510897e+00,-5.743423808682428522e-01
-5.554343356815008903e+00,-3.899389741012778909e+00,-1.782297966876308148e+00
-2.041544401537978004e+00,1.650775755790587329e+00,2.423409667150845603e+00
-2.668292791935144681e+00,-1.435748139324545480e+00,-4.467347380324900863e-01
-4.421266075804695994e+00,-1.230674980295353382e+00,1.085970949079321013e+00
-2.751172473536164897e+00,1.600677352576689305e+00,4.298652045931206089e+00
-8.190787404265172711e+00,-3.747352763399629971e+00,8.058415972089614243e-01
-3.931856886841264664e+00,-1.756735757299976441e-01,3.735432535101454121e+00
-3.309362000462942266e+00,-1.228759333243615970e+00,3.507549123358703724e+00
-3.982460362339890647e+00,1.257297596907158699e-01,3.127367828965205820e+00
-7.497904428303359126e-01,4.242702244115235999e+00,6.248688505494991219e+00
-4.437838219624236302e+00,-3.060752124106915772e+00,4.778434283679180439e-01
-4.782929136241721224e+00,-1.230319616578676722e-01,1.170954283474631374e+00
-3.361048197085736433e+00,1.531485525209321352e+00,2.080507830701885386e+00
-6.025941425693352116e+00,-4.070580833865736992e+00,-2.642840521332459947e+00
-4.111713324390395385e+00,-2.313208797827554175e+00,2.716382402706156718e-01
-4.305603809559068296e+00,-1.627536025975752976e+00,-1.511511820675851769e+00
-5.320917426505349823e+00,-1.616583695902951145e+00,1.963425086674589704e+00
-1.446767187685486622e+00,-6.690316150172642695e-01,1.245098495786220116e+00
-4.203159262041612720e+00,-8.472841297064486188e-01,1.020207580893288890e+00
-4.631490722795849280e+00,-2.438125233395348701e+00,1.331869143720263438e-01
4.935299463071106452e+00,7.795539074182212147e+00,1.119847528782389112e+01
-3.727931290291859767e+00,1.150613260792406445e+00,3.787283870165712329e+00
-2.326444290490887745e+00,1.682658424107590811e+00,2.414585571979124268e+00
-5.541664189087173398e+00,-1.582648552090109684e+00,-7.787910632949919254e-01
-4.509297762071114768e+00,-2.177998515431528226e+00,-1.082309338766318296e+00
6.869337617557382814e-01,2.671316218479869775e+00,7.063082405246503548e+00
-2.730235604291976426e+00,-2.088592998217383645e+00,3.533374103149093948e-01
-4.164670489935642372e-01,1.419378571342483131e+00,5.535770369139051184e+00
-7.158583550301278464e-01,2.471102316151019274e-01,3.578022442748820087e+00
-8.362344042748448558e-01,3.634886971941064360e+00,4.519458666318043605e+00
-5.899494282861224903e+00,-1.302963174931375256e+00,-2.345363513372293873e-01
2.455826325020189937e+00,4.902246467093661408e+00,6.188678514500727701e+00
3.842874070857078106e+00,4.263731341953977960e+00,4.524009246440245491e+00
6.000438777533044998e+00,7.300764118949231829e+00,1.221758146971995984e+01
1.772326422329855156e+00,3.062720238716601262e+00,5.518683751350270228e+00
8.857966135420980436e-01,3.788919025455311118e+00,3.964701541437503085e+00
-2.708094787478121379e-01,1.350147221001694042e+00,1.538575103707308100e+00
-3.475491898034126947e+00,-2.529046140092332084e+00,-1.154931368728495222e+00
-4.384684260216209495e+00,-2.846096476580189716e+00,-2.406577571143223793e+00
2.471986685542868489e+00,6.190705515722433994e+00,7.381859463788366327e+00
2.180804173225319609e+00,5.174170507389113993e+00,6.166261709792834722e+00
7.152259071069178020e-02,4.138952990657450037e+00,6.254685564594913316e+00
-1.380744086003757864e+00,1.862096908455862732e+00,4.987453097914170463e+00
1.179670458899149788e+00,2.904433593814838677e+00,7.209942639061017289e+00
-6.667174100746420251e+00,-2.693877943467457570e+00,-6.022371451114025831e-01
-1.719740964598028832e-01,3.696232205048094244e+00,4.980843924977703452e+00
8.612364344734631416e+00,1.023532757658716363e+01,1.031325467881460867e+01
-1.259728292702269492e+00,3.420699032215999580e+00,4.643053715382293944e+00
-2.371913335192079586e-01,4.326847156579994191e+00,5.273094553717950994e+00
-1.848697807736296994e-01,2.102925443888405965e+00,5.511170723595037124e+00
6.212207791691653824e+00,6.972172104905610013e+00,9.798847967954220195e+00
-1.391682776533396115e+00,3.460503582358628982e+00,4.112198014875876773e+00
7.643213220222609294e+00,8.581040463262993967e+00,1.092593290241651260e+01
1.017189596283952291e+01,1.203351777244687781e+01,1.243800367331608037e+01
9.353257078818533188e-02,4.406084214098085816e+00,9.006735551250830696e+00
-7.004572424354709170e+00,-2.061799308950330811e+00,1.454424731464470710e+00
6.494016447450111862e+00,1.000449758611018503e+01,1.393102054938701961e+01
1.997960086555448100e+00,5.463338847062904513e+00,6.549978566489373044e+00
4.214861057070204531e+00,6.939843811696444931e+00,8.237470628224711433e+00
5.966763775908281886e+00,6.692825833259636426e+00,6.764644883001776243e+00
8.884881541071219857e+00,9.757286418601935907e+00,1.017784172952949184e+01
2.013104590423902884e+00,3.382547404304162342e+00,3.475304498527601815e+00
2.905037300448189530e+00,5.381865568066580785e+00,7.734656024963371124e+00
2.745065192562901046e-02,4.336007789732517992e+00,4.830454780880573118e+00
2.480781613483121539e+00,6.721618442914840230e+00,9.050693373935338570e+00
1.254002949298411806e+01,1.315710986812025141e+01,1.332387181623357542e+01
2.717691132871799642e+00,4.838504532420765614e+00,8.144706828064979476e+00
6.294261761534329480e+00,8.691585849173899092e+00,1.228257057584681888e+01
9.200233373958248251e+00,9.366036215333444659e+00,1.077108425806346759e+01
6.404264961099329412e+00,8.584469910291204542e+00,1.080297808589581443e+01
3.777362186514427123e+00,8.194546810804860471e+00,1.189718148900546524e+01
5.984384363324153355e+00,7.722235613384914821e+00,1.188509119625431865e+01
4.698202660615462101e+00,9.349894554867375973e+00,1.340669675762420709e+01
1.050168659980842989e+01,1.073053188709122097e+01,1.399495823571236031e+01
1.672894754152123298e+00,5.264975448399983549e+00,8.349543853699231022e+00
1.122806596868051265e+01,1.362288731960821764e+01,1.797828001516684182e+01
2.119375106267047837e+00,5.448452896763381403e+00,1.018768001985799998e+01
1.141395527222490358e+01,1.332383291509452938e+01,1.446271675933562761e+01
7.479194242208010657e+00,1.240805002716573568e+01,1.292008236006680377e+01
9.290950083046993768e+00,1.253403957543369529e+01,1.593302371486642777e+01
8.773884936638339127e+00,1.115600211989831436e+01,1.410938445413859199e+01
9.764341935682079310e+00,1.384628261296835205e+01,1.499909613524351570e+01
3.877069991168185403e+00,5.756525461104526009e+00,9.829301325969950653e+00
2.963841627774005616e+00,5.637734468581283132e+00,7.012180152092277297e+00
1.681613659887220891e+01,1.808909856782010905e+01,1.916682732122648503e+01
9.534664861956159143e+00,1.228609669511057945e+01,1.702678182106064497e+01
5.167485267155224271e+00,6.521297570385117481e+00,8.734041566037403115e+00
7.850658223951313630e+00,1.176057252314459944e+01,1.331326913765382614e+01
9.057488651646288247e+00,1.072513108723105191e+01,1.203329732341748226e+01
8.696114543265753838e+00,1.219331968403768229e+01,1.573752660838551165e+01
5.875210679854921736e+00,8.874916780539299666e+00,9.431780798910772035e+00
2.676317300674492472e+00,6.537168980541407493e+00,1.022635519044338714e+01
6.869713056534351381e+00,8.660580037472900727e+00,9.276386073098203511e+00
9.837202103352705507e+00,1.026943017272774661e+01,1.077610369422567871e+01
7.133537921248656488e+00,9.733390175352161222e+00,1.248951675782300264e+01
6.245354081788212497e+00,9.842615502067989297e+00,1.281787428329039535e+01
7.307660152266922893e+00,8.508283672832394728e+00,1.219711124774697097e+01
8.342432357663646769e+00,1.013815845986776587e+01,1.226283782617354845e+01
3.983898693780374423e+00,8.234389862952021133e+00,1.165392673094481424e+01
7.184789062337963550e+00,7.722932784801755268e+00,8.113120890560846732e+00
1.108003775098639565e+01,1.375261733593338676e+01,1.763596174928657589e+01
1.439438171582173354e+01,1.549370680712685200e+01,1.660847075815513207e+01
7.905185290938769427e+00,8.964013595484189523e+00,1.207331798466436368e+01
7.468855706686344575e+00,1.034712371145124088e+01,1.118881173779924687e+01
1.003057627584329303e+01,1.017481236636773545e+01,1.139180855887305022e+01
1.205996618198609838e+01,1.485948093333544762e+01,1.849590558596849377e+01
7.929212762770391443e+00,1.162672419896433240e+01,1.172664654715310384e+01
7.074793889289232141e+00,1.135044345914997521e+01,1.281718057994953242e+01
-3.746862624935701547e+00,8.551838318655065052e-01,3.828179804192321622e+00
8.618424539661214467e+00,8.890418681238827503e+00,1.375190432336677659e+01
1.503201259374026044e+01,1.763818721028417258e+01,1.956862634787684385e+01
5.634710486316491185e+00,8.470669129734559988e+00,1.100351153360740675e+01
5.461131599206166420e+00,9.326856812148614395e+00,1.363191279306043668e+01
5.208679965898172171e+00,6.541842970705754823e+00,7.716762960733177579e+00
3.131352726120104180e+00,3.410332321432555602e+00,7.787588980907103497e+00
6.763970059601824403e+00,8.954645965841383060e+00,1.071503458305448397e+01
7.691062710076682407e+00,1.010499972055289675e+01,1.497801149806400289e+01
6.874392155438943774e+00,1.035324941477316152e+01,1.506945009243570510e+01
5.016502964063950465e+00,7.835532098367523623e+00,9.927048767572681953e+00
9.570334212557824571e+00,1.008118847429011566e+01,1.346210040401786756e+01
5.585780796185982666e+00,7.980986198901068640e+00,8.377416695278457226e+00
6.299832287663452490e+00,8.783030817983526362e+00,1.126207989584361613e+01
9.583539013202624801e+00,1.310218257612383397e+01,1.754538374620802443e+01
1.180400983255561975e+01,1.520928633335432423e+01,1.745196116508962803e+01
7.116441423386261178e+00,1.152140701878056994e+01,1.454160663432085521e+01
7.159139439270468586e+00,9.930293353894745323e+00,1.402620381669502514e+01
9.575362731247091475e+00,1.042579871105468570e+01,1.524926730109058504e+01
5.377201289044197807e+00,7.824611842570452502e+00,1.076673908272866953e+01
5.070239443873728824e+00,9.279820578208646253e+00,1.203295887761044192e+01
1.148790430529374262e+01,1.271080515064019778e+01,1.748947026870878219e+01
1.058121357064777435e+01,1.344410643785908377e+01,1.742185430816980940e+01
7.346282345239956157e+00,8.074365635686854503e+00,9.476245788036742113e+00
3.973482312968568131e+00,6.291898224843742504e+00,8.024846901904670204e+00
9.053049171174762932e+00,1.022189011446906370e+01,1.214900840069198296e+01
9.157347141382444988e+00,1.193996682906981377e+01,1.303613839101090832e+01
7.873800488221733396e+00,1.250671979571413139e+01,1.546477997823004813e+01
1.063445526257839724e+01,1.128874225443571611e+01,1.174220993598728491e+01
6.477482376121333374e+00,8.740479414492277499e+00,1.093187424447737754e+01
1.169069110326816130e+01,1.464512318518672984e+01,1.776413535909746244e+01
7.122181635575715930e+00,8.677233425604736539e+00,9.838744040287270565e+00
1.030550241323607530e+01,1.272345686684917077e+01,1.719763153921409327e+01
1.951564154276341112e+00,3.888106325854757017e+00,5.752347229637947201e+00
7.001926014794635833e+00,8.231814933845736704e+00,9.952822984391490380e+00
8.102827189694336241e+00,1.003692669060455778e+01,1.474295111024736116e+01
4.050551912327863491e+00,5.887605882397151547e+00,1.060828572284773585e+01
2.309921942405177120e+00,3.790007212329269848e+00,4.125888301554112125e+00
9.601118769002045639e+00,1.029547047351497469e+01,1.215977570904516725e+01
3.163022126910364662e+00,6.409552573219215788e+00,8.588035019522347824e+00
7.275736894112149855e+00,9.852270998185687745e+00,1.217580128158080477e+01
2.895967947574560331e+00,4.381280901961990715e+00,4.494900142097442597e+00
1.006452401907509220e+01,1.284133826021614766e+01,1.775603636919181127e+01
1.103705728615258508e+01,1.436348665125333568e+01,1.695530790368049523e+01
-3.462198153650195565e-01,2.189798276604725480e+00,6.892278245438738793e+00
2.750716647856656927e-01,3.086660572393575386e+00,4.518161966000828755e+00
8.198136770820347863e+00,1.104377836638709987e+01,1.571524437076620373e+01
3.558461947755560573e+00,4.501747880209586050e+00,4.593453532093248803e+00
8.422407530759713268e+00,1.114642154798805151e+01,1.220932278144861272e+01
2.670853862168725001e+00,5.106823728971003007e+00,6.212021848383457723e+00
6.871121270468392161e+00,7.764647523049074351e+00,1.051648111598371571e+01
4.904658887219399688e+00,5.781800658426362816e+00,1.000964781570082174e+01
6.547646009212999552e+00,8.058926333762896022e+00,1.040298109366245960e+01
1.397227509467001028e+00,4.948475090078076732e+00,8.280981730746994174e+00
2.521016548555870429e+00,5.341582255068721530e+00,8.649563810238101169e+00
3.227768954385630273e+00,5.982361625791346782e+00,9.247568402600519377e+00
4.730706599096508924e+00,7.098090846107987240e+00,1.117834196336933061e+01
-2.291669497254291699e-01,1.965472078744265438e+00,4.829392015125632653e+00
2.687456461560290499e+00,3.188070804436672567e+00,4.891693426858379823e+00
-3.112684961716706056e+00,-5.477687134291642224e-03,2.869178748962022851e+00
4.509958999094959786e+00,7.603626151177425463e+00,8.201589928867981882e+00
5.985161782440076905e+00,9.030319239342965432e+00,1.028518348667699556e+01
8.848751240416552477e-01,3.028373786342362983e+00,5.853995957401153305e+00
2.823748399598457581e+00,3.942862992310790293e+00,8.799483768317623245e+00
9.005149485565970835e+00,9.730225992151371628e+00,1.001391976306875975e+01
-3.894639192752515910e-01,4.410912035862694758e+00,9.043535496773429827e+00
2.801879627255061234e+00,6.106985076245540434e+00,7.514034897535539770e+00
4.312325686088803067e+00,7.549146134475508418e+00,1.200630952224753401e+01
-4.799577087339166326e-01,2.188238319693603717e+00,3.871241335090805258e+00
-1.467764156237044038e+00,3.992462365104056943e-01,4.439952120407086866e+00
1.666569236685861988e+00,2.233522100983160286e+00,3.731348889551036940e+00
-1.991572005170318516e+00,2.352425222517949610e+00,6.696572110763934660e+00
4.527975487532091670e+00,5.131337667305889916e+00,6.607328981724465145e+00
6.674022598661179195e+00,7.863448945069066554e+00,9.192771427418907848e+00
-2.141595071002654560e+00,-7.336862284570795367e-01,3.858790681535670508e+00
-2.269685869150928959e+00,3.234283258201813283e-01,5.230935956250730712e+00
-1.597616285307873252e+00,2.559654630856664337e+00,2.655280634996326050e+00
4.046388660350661581e+00,4.442228477963176658e+00,4.639343305637287251e+00
7.726128953693650381e+00,9.208505375343523980e+00,1.014254356092530962e+01
-7.768125744670277832e-01,3.184806126175058427e+00,6.728019526175025078e+00
2.576488697714319986e+00,4.328411400173394874e+00,7.913920219407060586e+00
4.211779081679001280e-02,4.864525949682604100e+00,9.127906381985333439e+00
-1.729498208557115557e+00,1.422839792247056590e+00,5.485077896522090768e+00
1.656179041171035760e+00,4.573625109101054242e+00,9.409914701339079812e+00
3.343898400173775265e+00,3.727871171170073605e+00,4.715079093650277109e+00
4.478061849909824588e-01,4.551240746616725730e+00,7.203817831940563465e+00
-6.598691027356059280e+00,-3.494611337757124403e+00,-2.368510526727402254e+00
-1.002102194335040775e+00,2.165387727635069037e+00,7.042740406215756366e+00
3.848656756079160690e+00,4.027264982735720977e+00,7.877119741787179663e+00
-4.477362746322532949e+00,4.640603137459304861e-01,2.345894966682842586e+00
1.205923041796457262e+00,4.218720201312741835e+00,4.239672994455181865e+00
-4.064159490100490046e+00,-2.849671718244866536e+00,5.450797333606418604e-01
1.087497261018379291e+00,5.341380822354937941e+00,8.354348434772836285e+00
-2.540627208158085626e+00,-9.315639927840686507e-01,4.164922923677114586e-01
-5.085787228861166298e+00,-6.782769371053021246e-01,-1.132422567851626427e-01
-2.771841272907513698e+00,9.762938540136566479e-01,4.390901619119721211e+00
-9.940049137253224032e-01,1.884167642193220971e+00,6.434848888656140353e+00
1.203729711297734095e-01,1.419411055119171206e+00,2.202326666149384771e+00
2.871692647847190472e-02,4.699642899910935867e+00,9.669683813576115838e+00
-2.212276764554062414e+00,1.894619956193078547e+00,3.856602733628372359e+00
-4.388460795005977744e+00,-4.292120328129669371e-01,3.871479789960027063e+00
-1.933186871833289189e+00,4.974632166535126188e-01,5.031217665222731839e+00
-7.691801532663044227e+00,-4.659800531977390747e+00,-3.265150550092498882e+00
-3.385239969229972612e+00,8.487337199754362294e-01,1.955530982160788689e+00
1.800795108056187921e-01,2.747252332445536904e+00,3.673311795810510816e+00
-9.698726501992943838e+00,-5.709445751306757799e+00,-1.716014769222633074e+00
-2.247542502688544275e+00,2.746461366130962922e+00,7.700030748722887175e+00
-4.877961535405614946e+00,-2.978496991502437852e-01,3.988223557367445160e+00
4.327287905022392245e-02,1.156348047116435351e+00,5.855133075763922612e+00
-4.554518153307865802e+00,-3.671466481399252579e+00,-2.858596885534918641e+00
-1.585517685317310077e+00,9.730162473303745063e-01,2.148900217881179575e+00
-5.562879091251528685e+00,-5.036398982946996838e+00,-3.782777976752123461e+00
1.462842791300912326e-01,4.570890666105438260e-01,2.271144481570469331e+00
-5.020414442199001570e+00,-6.988698987768364734e-01,3.716747756404109815e+00
1.903378593086861414e+00,3.558422512011802041e+00,5.644495659110251751e+00
-3.873675115395216917e+00,-2.936221529309024803e+00,-7.489088921675861599e-01
-7.559504175094190259e+00,-3.313587618068569718e+00,-1.019350319264086480e+00
-1.361831071101421919e+01,-1.076790292254767145e+01,-8.234274944149266418e+00
-7.401346330448610900e+00,-5.142052357709813393e+00,-7.910702025446241237e-01
1.077085974040703498e+00,2.337045544626878524e+00,6.532241510812982987e+00
2.166624380083792101e+00,4.417079250280351310e+00,6.685908202326780625e+00
-2.112294232859759369e+00,9.276070149190740466e-03,4.572644521956814145e+00
-4.283150277869786748e+00,-9.524242537950931009e-01,-8.089633052521930656e-01
-1.258280192326134816e+01,-8.525362546866768199e+00,-8.522535378968058239e+00
-3.438405485917265025e+00,-1.384355398236776669e+00,-6.672613668155791267e-02
-1.097438691745876049e+00,6.951845491699066848e-01,4.936553020308409145e+00
-7.458392131822348503e+00,-6.368165700657298700e+00,-5.452498581922175624e+00
-1.323999156828045365e+00,1.415074489189319884e+00,2.310839782473114390e+00
-8.629786420513664069e+00,-5.087912566413495874e+00,-1.091066533229404278e+00
-2.727562738160288269e+00,-8.831921044670485443e-01,1.358408951831235001e+00
-5.664183940679738960e+00,-3.262881341740908603e+00,1.354937649435486335e+00
-9.195600207223368017e+00,-7.405243847189711737e+00,-3.229255477250652540e+00
-9.255530181589321614e+00,-4.606367588679821878e+00,-4.443568498787451304e+00
-7.729841509405105171e+00,-6.153668890636843969e+00,-3.974783673041963006e+00
-7.093334631236791310e+00,-4.167653925551739746e+00,2.946908310961235955e-01
-2.669036838540942203e+00,-2.005122239559547381e+00,-1.755273763633922623e+00
-6.955955076075993837e+00,-4.939385588349421319e+00,-1.624685770650098782e+00
-7.444123041097311599e+00,-2.975323697239700138e+00,-2.955624142469978288e+00
-9.604352251127668438e+00,-6.381910731692927996e+00,-3.943451077340231592e+00
-7.752103520053644559e+00,-4.531696420098815459e+00,-3.595053431937158983e+00
-4.131441366927146142e+00,-1.920524466489013982e+00,2.307146576807985738e+00
-9.520575659240723354e+00,-6.038326265613701338e+00,-5.894795605862279686e+00
-6.265081623108599729e+00,-2.985895197376087218e+00,-3.420776187759648757e-01
-8.753199638967075202e+00,-4.199654559101431595e+00,-2.816506726843519104e+00
-1.025320310433158610e+01,-7.888933077797346982e+00,-3.161183437141611208e+00
-9.816288920783293293e+00,-8.937898535715568471e+00,-7.972630971120705290e+00
-7.469445498176607856e+00,-7.123502907133976159e+00,-4.631379860819357930e+00
-9.121879270380800264e+00,-8.871458926177879789e+00,-8.351129831829863903e+00
-3.096797118952188566e+00,-1.821143010116178296e+00,1.157607290828009727e+00
-1.246620495520432392e+01,-9.893952576087986728e+00,-6.839502120691867582e+00
-5.812051667993858750e+00,-5.046987574251732944e+00,-4.147878769582572289e+00
-1.004735054103887038e+01,-8.154694599368141894e+00,-5.350520244235534406e+00
-1.266828890756558934e+01,-9.690926539682447327e+00,-9.528604299103362152e+00
-1.066601630196750072e+01,-6.267257851620104958e+00,-2.685891588335398872e+00
-1.223999827118779749e+01,-9.578454784782678644e+00,-8.353055094875735165e+00
-9.197475507121083638e+00,-5.818728409507651023e+00,-1.000032932642127115e+00
-1.314170580153996326e+01,-1.020297352780943356e+01,-6.487549537201236838e+00
-8.271538925428474798e+00,-3.902979895791437670e+00,-2.350433746419858583e+00
-1.093705630067903201e+01,-7.099165109584885336e+00,-5.647567800941604155e+00
-1.348188135327916015e+01,-8.594749099440960549e+00,-5.671307571428422456e+00
-7.377304208828486587e+00,-5.041900339032375555e+00,-3.154350180207089682e+00
-8.748059460960126543e+00,-6.273891522506322538e+00,-2.585740472575861482e+00
-1.308708108217670585e+01,-9.472723261986672583e+00,-5.812123099697375395e+00
-5.674371511566179471e+00,-5.221508555400369289e+00,-4.842191488976385294e+00
-1.306777326099187064e+01,-9.822919637195273168e+00,-6.369571180312377123e+00
-1.228702135587458955e+01,-7.691745406443244448e+00,-6.417193125683332333e+00
-1.467001921602523140e+01,-1.227505354544438987e+01,-1.196264222523251064e+01
-8.605389001628346080e+00,-6.492814354005641775e+00,-4.423054412458457207e+00
-1.160447232982993526e+01,-8.515812750531379649e+00,-8.223103106320536426e+00
-6.304456683533372185e+00,-6.074457788503291766e+00,-2.646716280222775275e+00
-6.205664457815890600e+00,-4.242267531424635862e+00,-2.682382848020012922e+00
-9.193898367602873378e+00,-8.421205968918705764e+00,-3.619575616910892357e+00
-1.444383323806446029e+01,-1.090249482584587426e+01,-7.955894848205464776e+00
-9.102436262309092641e+00,-7.948350590333597587e+00,-5.535821030081383043e+00
-1.333034531292159741e+01,-8.662477295666942467e+00,-7.841098417512715635e+00
-1.067974336300675020e+01,-8.421989238344735895e+00,-5.153802023988845349e+00
-1.168897721875255868e+01,-8.593982976365136750e+00,-4.015958742562500738e+00
-7.006486231373927787e+00,-6.087100070913253447e+00,-2.155437362447882421e+00
-8.844144282655902245e+00,-5.744219079112046877e+00,-5.599248347420395788e+00
-1.092375786018896733e+01,-7.352657444512673557e+00,-6.156704039245565419e+00
-1.064433653406300095e+01,-6.096564631695216896e+00,-3.364648169589728344e+00
-1.282775493248524512e+01,-8.194507374304782488e+00,-6.800459966525327360e+00
-1.179079898945822968e+01,-1.114206692959852063e+01,-1.025390738758109777e+01
-7.452379457938170582e+00,-6.772353763447358510e+00,-2.544767047003449356e+00
-1.015638956184609398e+01,-1.004160197901515517e+01,-9.455385565962748373e+00
-9.972859119372365910e+00,-9.668644319848368696e+00,-4.692539133281094621e+00
-1.266152017591209678e+01,-9.544614748773458501e+00,-8.218183375320053941e+00
-1.384019115314447745e+01,-9.729357091555614900e+00,-7.376063076875697178e+00
-1.462996860303284663e+01,-1.369932893833193788e+01,-9.080491584223981505e+00
-1.183087625543127608e+01,-1.078647684748602842e+01,-7.477517226281879203e+00
-1.333433648041926745e+01,-1.030131720843307974e+01,-8.897197838656721203e+00
-1.137012573124882842e+01,-7.113591998689789087e+00,-2.879606530314488211e+00
-1.304613683938260849e+01,-1.037360737480578621e+01,-7.235280563587878966e+00
-9.549627700388144902e+00,-6.216076829855213148e+00,-2.089112240680819355e+00
-8.921676246021991830e+00,-7.649315698287308507e+00,-3.804364894624171711e+00
-1.085956575931734491e+01,-7.374936325541509241e+00,-5.191264492456820534e+00
-9.840071701499034873e+00,-5.790631509955815659e+00,-3.560398572744953860e+00
-7.785363501389930718e+00,-6.826981528399032939e+00,-5.822297215761707889e+00
-1.403655712509251607e+01,-1.215152634358932104e+01,-8.209952318601057897e+00
-1.295087389495801666e+01,-1.195666599117064521e+01,-1.123926867507219818e+01
-8.413826313384891620e+00,-7.670176943341342479e+00,-3.758565038865230079e+00
-5.731176298591325491e+00,-5.239944214429947067e+00,-1.070575650019381264e+00
-1.081646242306966066e+01,-6.293014299038362402e+00,-3.275311349180960896e+00
-1.231558274412299880e+01,-1.098270550362212106e+01,-6.331662068744726035e+00
-1.085403881795252801e+01,-1.068857856924967464e+01,-1.053861124248120262e+01
-9.154662471479550589e+00,-6.515260132079902178e+00,-3.784197926480780794e+00
-1.192472214920097073e+01,-9.852339267062808048e+00,-7.293814789493832329e+00
-1.201592856550121269e+01,-1.002886940132084170e+01,-5.485475239122824753e+00
-1.150234195024843409e+01,-8.089008030208322708e+00,-7.611266682847999121e+00
-6.485117814435541916e+00,-1.931739021681150525e+00,1.474120029177693247e+00
-1.234577050133463594e+01,-8.773454487062913643e+00,-5.994180320692853670e+00
-1.179694160393562541e+01,-8.122528579135611437e+00,-5.620566017076521703e+00
-7.673575540554963936e+00,-7.505940603197326588e+00,-6.594635723557599860e+00
-7.112565721348618197e+00,-3.647387545733109526e+00,-3.974619185198768889e-02
-1.011549393583478462e+01,-6.251274758740105852e+00,-2.932701890630547759e+00
-1.032461840380117835e+01,-6.725823221862640366e+00,-6.338200582634629043e+00
-9.582283541491745993e+00,-6.501563311983753479e+00,-4.496390753602610424e+00
-4.675124498154191954e+00,-1.581724409218969285e+00,1.023024338827539292e+00
-1.201589822320842771e+01,-9.499097357570219557e+00,-5.047086077816591576e+00
-1.120315319516208596e+01,-7.556790152876026845e+00,-3.102300840317773201e+00
-7.425337732802545609e+00,-5.898829524095264176e+00,-2.343357074627728132e+00
-9.301719886194110387e+00,-4.768024175798347031e+00,-3.010798855706440236e-01
-7.481952888852555716e+00,-5.752733072754766752e+00,-5.623360189010254473e+00
-1.674518576834059758e+01,-1.231056564982826629e+01,-1.133017623778757255e+01
-8.818086120327542687e+00,-6.776635951294887050e+00,-3.901167433137959772e+00
-7.167760398011951750e+00,-3.918207368060745210e+00,-2.588661415471335214e+00
-8.337566797371557925e+00,-4.437691386418313400e+00,-4.321391666677438792e+00
-7.602170449139218356e+00,-6.169571366610764329e+00,-4.060282732668225592e+00
-1.334585097091447103e+01,-9.172804799725945202e+00,-4.430035277407302630e+00
-8.108967344711800251e+00,-4.259985893088636288e+00,-2.269409062561964063e+00
-1.049579640443545259e+01,-9.120453873362357911e+00,-8.606567133995232766e+00
-8.473262676510055158e+00,-5.608094802069430784e+00,-4.221879846657161650e+00
-7.568074863092690840e+00,-5.379663499152218975e+00,-5.321841077997503611e+00
-4.389619650354314118e+00,-3.151275731240349209e+00,8.934269146491908842e-01
-5.820524462710358726e+00,-2.281533175229052191e+00,7.244755923227237382e-01
-9.248972616526785373e+00,-4.552005563841163394e+00,-9.353374709457868974e-01
-5.231301850589849423e+00,-2.363583337417571872e+00,1.652208443051604636e+00
-1.002202838977467714e+01,-6.378604347026454846e+00,-4.654246020148570473e+00
-2.526514869598091906e+00,-1.064989659162725033e+00,1.831777284593068433e+00
-8.333841135758264684e+00,-5.719577608290435933e+00,-1.758765180033816655e+00
-1.159497282326104184e+01,-1.027186846518063312e+01,-8.267855813312536384e+00
-5.429780885112482025e+00,-1.089460603258561644e+00,2.890272624454671480e+00
1.509457339955092792e+00,1.657466961004013584e+00,3.892286430850760315e+00
-1.118939964721790759e+01,-7.804482300288508867e+00,-5.691350126040966018e+00
-4.400701513065045312e+00,-1.551334759319225043e-01,3.885955145835484181e+00
-8.935843826953046687e+00,-6.225114114361593565e+00,-2.603006620991986875e+00
-9.883246713981199250e+00,-7.271144790624938459e+00,-6.832620105034648006e+00
-1.415485336570952768e+01,-1.057579719123632422e+01,-7.667905127849925506e+00
-3.970491412708098800e+00,4.686678718595693738e-01,9.871111689756656427e-01
-8.081349927174489522e+00,-5.764594538505232180e+00,-5.035760549058931446e+00
2.605627869276120556e+00,7.044211028527993967e+00,9.294046295322363704e+00
-4.400109110124109435e+00,-2.892845578380769389e-01,3.505006965170166300e+00
-4.534101544538979844e+00,-1.636621660180077598e-01,4.613536240556361356e+00
-8.673015054976414007e+00,-6.525805547922434613e+00,-4.924231042895764077e+00
-7.877138495283609210e+00,-3.609726008024912502e+00,3.068544194169633421e-01
-7.682350874193188517e+00,-6.256952564203103861e+00,-1.462763902014040163e+00
-4.598322767695927737e+00,-7.015764958169481424e-01,1.922008719579369362e+00
-4.298050024422369830e+00,-3.582755742607877103e+00,1.371263135380133669e+00
-9.352398279326395780e+00,-8.187325943224919911e+00,-5.343297812539854696e+00
-2.442213176378641215e+00,-1.883034656980373978e+00,1.631143367480422324e+00
-5.271765760904548515e+00,-3.802269390675705019e+00,-1.087356234233796570e+00
-2.467332727993012398e+00,1.122704180689053199e+00,2.956591881145104406e+00
-3.344237564598963708e+00,-2.815712400206174859e+00,1.374952161397100081e+00
-5.779944814973169365e+00,-1.789575409067198253e+00,2.844297400780793517e+00
-7.837470257381596639e+00,-4.073817709823154054e+00,-9.911876231847962515e-01
-2.353011468124300620e+00,1.660309815086742802e+00,3.976957463152380079e+00
-5.579847595558007356e+00,-2.034075978349714653e+00,-1.454296934064758240e+00
-5.697178771048531765e+00,-1.869483137055192534e+00,9.073434087150584748e-01
-1.192736436346849338e+00,1.394376127948443678e+00,3.272110065878160334e+00
-6.275962313285473826e+00,-1.697736045005969086e+00,2.322531487964738073e+00
-3.615778660886307394e-01,2.076858469517758321e-01,4.829135115674941581e+00
-5.762857808556907990e+00,-7.701602666929041607e-01,3.437021486722986907e+00
1.051441115931333048e+00,2.579047382002833011e+00,6.118193287125221147e+00
-3.153847466988030313e+00,-1.937258074319617940e+00,1.205988278381924239e-01
-4.378285912146822945e+00,-4.131341676229918214e+00,8.079521762147310326e-01
2.317848158664803648e+00,3.326737761096680401e+00,7.519641202284777393e+00
-2.213566266150506223e+00,1.776644673165168831e+00,3.885477517730775432e+00
-2.154711980304584884e+00,-6.678745565043633370e-01,1.956459596099187515e+00
1.917159802503116239e+00,2.545391109034719879e+00,5.584172084263631319e+00
-4.504320244532308948e+00,-3.116395917490094369e+00,-1.484055478873925971e+00
2.200544386856182477e+00,2.430257903383231444e+00,5.242531711469350597e+00
-1.612613695884053122e+00,2.595822634106632165e+00,3.774374289536132743e+00
-3.452521013038897912e+00,-1.828957973319280006e+00,1.338721757958386105e+00
-2.560878854788579240e+00,-4.702529976956082436e-03,2.025635303083239691e+00
2.195240155445521424e-01,2.277174030354663259e+00,4.213316531786485797e+00
-2.990622032300296773e+00,1.201708332487631425e+00,2.661344243288789713e+00
3.734238584553201790e+00,5.556400769044106625e+00,9.446493415247145364e+00
8.240647039938764351e-01,2.013583898075788081e+00,3.617636623366444759e+00
-2.440855939967094379e+00,-2.398729235546777083e+00,7.271604534362285932e-02
-9.470622301789051178e-01,2.650427820691814151e+00,4.436994124155866359e+00
-3.754837515082813493e+00,-1.314395765948317418e+00,8.650032848854771750e-01
2.092530628885508559e+00,3.718012325668319740e+00,7.330419671271959814e+00
-1.523685321467223019e+00,3.005168593864484983e+00,7.212290176291910271e+00
-7.584840274016901418e+00,-5.373231410073556980e+00,-1.767987848658480132e+00
9.688843544726752910e-01,4.620475946949976986e+00,9.018599978199599576e+00
1.725402673871099246e-01,3.859224216727959345e+00,8.425069332485346507e+00
4.917584197469587970e+00,6.292922218758467245e+00,1.112931868831110904e+01
2.607153021135302229e+00,5.222681826011339901e+00,6.163629556089844641e+00
-3.170306920785778804e+00,3.490983792312318812e-01,3.556676284670476473e+00
-4.629826861987056397e-01,1.639691141027459498e+00,4.220246428195499888e+00
6.377686721996156827e+00,7.392381261037406226e+00,8.293915905468081107e+00
4.855328446315041901e+00,7.523963095245146171e+00,9.069856671707203333e+00
2.727387018023740062e+00,6.876910674437805682e+00,1.024224974248600972e+01
2.018543671424000152e+00,3.916783564620224034e+00,4.112160111412601182e+00
5.627901417653280447e-02,4.374712604175384101e+00,4.814970388726423245e+00
2.852138925559062343e-01,5.284293517554141673e+00,9.630682526901356511e+00
4.926049423896372126e+00,5.615136840567378940e+00,9.369949686013592682e+00
-7.820736563606871528e-01,1.554243614076493252e+00,3.321210658308389796e+00
7.902647792147305950e+00,1.053295790823121436e+01,1.119562545345631221e+01
1.600431848770913934e+00,3.212202999427549166e+00,6.274840360633238134e+00
6.601776859254959717e-02,3.632612194112245341e+00,5.263095634067425088e+00
8.601417425083131008e+00,1.270272146679829106e+01,1.654525747481888942e+01
5.217406473390866495e-01,4.078781096168810016e+00,8.751171973182279018e+00
9.515906128874556558e+00,1.047641113825161696e+01,1.186546177744101271e+01
5.523491446545363281e-01,3.649341035491637353e+00,6.111280264752487312e+00
8.339198528033838542e+00,9.213609468653185530e+00,1.108192661470910600e+01
-9.082926438250309431e-01,1.669291836364077852e+00,5.499642952843075250e+00
2.094067002851475845e+00,4.926655646640424990e+00,9.532743279173457651e+00
6.681903500569491783e+00,9.637911384971694417e+00,1.225968368282402210e+01
5.119859356269190087e+00,8.358075934779677141e+00,1.005132925600578808e+01
3.159893561994966404e-01,3.940934697081814875e+00,5.216329473536793770e+00
4.525487441018415602e+00,7.420567169592894530e+00,8.334302094063453126e+00
4.251977753768587220e+00,5.113939659403595073e+00,9.026227247794050612e+00
2.940222460348729250e+00,4.530757387769261513e+00,9.368734138791214860e+00
9.766063608801353269e+00,1.369236806538129692e+01,1.539702568349212974e+01
5.378054696140367241e+00,6.524717871448400430e+00,8.206452821876837334e+00
5.073373911261935376e+00,9.037320890272935614e+00,1.040342491012863491e+01
1.804076701004091898e+00,5.197961440632372643e+00,7.778614792419694446e+00
6.874397541168605130e+00,1.162178674587183380e+01,1.252358474735802396e+01
6.130588410562234358e+00,8.792748785386358179e+00,8.842880858438899594e+00
7.290958819933973878e+00,8.884005689687413110e+00,1.090377861164920503e+01
8.947712064699061330e+00,1.029692006780605240e+01,1.254182299926085875e+01
1.221607166146961987e+01,1.251683603350424612e+01,1.522057021813223265e+01
6.505164550271224755e+00,1.103479389952535250e+01,1.351530469996314565e+01
9.559777211114887763e+00,1.125002909503724524e+01,1.612520031527090936e+01
-3.329719895227448490e+00,2.146698556744972564e-01,1.655085429137036712e+00
1.016437693896935457e+01,1.174587107073680237e+01,1.647151557181879866e+01
4.553802752044568081e+00,8.607935541582870442e+00,1.098841422281307345e+01
4.097542657195627491e+00,6.600206105736839746e+00,7.978876114675957254e+00
-1.645518203258395040e+00,1.678098577356500698e+00,6.113379040173043677e+00
8.023457640098108357e+00,1.117495530705862095e+01,1.351095901865367921e+01
1.503131884693226716e+01,1.684563063373809655e+01,2.156246463463831731e+01
-6.245460236183539848e-01,8.215438825241037080e-01,3.331165803888403776e+00
5.376668622649624751e+00,7.139948382417867556e+00,1.194138802417864120e+01
1.054980737431606386e+01,1.155606403971556340e+01,1.454649578040253743e+01
6.197107481407449825e+00,8.525163418220413902e+00,1.033776492087706167e+01
2.062512261498048893e+00,4.898408879858886067e+00,9.039394891484565875e+00
9.099653829111465697e+00,1.035869392128548228e+01,1.308924609553501206e+01
1.334827851409023047e+01,1.372767352466001611e+01,1.672359790558331127e+01
9.913346181819811420e+00,1.174499824924003910e+01,1.557366468573709817e+01
7.036646020911796029e+00,1.148812989663468720e+01,1.438483673596032375e+01
5.711858293517913410e+00,8.106697895498314210e+00,9.910804614454061578e+00
1.008071030047696581e+01,1.137515823766834266e+01,1.174765277745567005e+01
1.155515778864032406e+01,1.201345725020405553e+01,1.401035029979715674e+01
9.196362070381542964e+00,1.066809838571626123e+01,1.255029402576365349e+01
1.291689817268294505e+01,1.389263962192034185e+01,1.794059051495791479e+01
1.057206184730782539e+01,1.199560281483944735e+01,1.638693501503134087e+01
3.309105020792735274e-01,4.088893544455407536e+00,5.900275201029467453e+00
6.881329136829659632e+00,8.548945142308268075e+00,9.877383104280186288e+00
5.068317717672445433e+00,7.979232946669148063e+00,8.095233887126381589e+00
1.198921973454520895e-01,4.312783303771029253e+00,8.510063281053341200e+00
7.338303227012826113e+00,9.546779836860308066e+00,1.168645934897289074e+01
6.660330838040079193e+00,1.072506325971404806e+01,1.425815321860694063e+01
3.936566652008930856e+00,7.293599620454226162e+00,7.564343059777639766e+00
1.117515675922407326e+01,1.275758703148119722e+01,1.719921749137306577e+01
4.012611354314788770e+00,8.160495861032293519e+00,1.178654318001011347e+01
1.203142474142335061e+01,1.287013165922162017e+01,1.527004039482918785e+01
5.458141870822208475e+00,8.906816792286083029e+00,1.064058194070704744e+01
7.026905492249110985e+00,1.152305023103575188e+01,1.355388315672363930e+01
6.672086067641733287e+00,1.143912671351326082e+01,1.418765895721804071e+01
5.473827371573771750e+00,1.014957053889364325e+01,1.492681546320179287e+01
7.209157987365202302e+00,1.166630302300730548e+01,1.648262183680037651e+01
9.043107935799181263e+00,1.224040280138613923e+01,1.668619889852220695e+01
3.885511366006143330e+00,6.557967145995510450e+00,8.607005585902539835e+00
4.615752549188758103e+00,8.857316614165247515e+00,1.195590646022219694e+01
1.212452768346607179e+01,1.363036328077039272e+01,1.676542636300312950e+01
9.543478440878319091e+00,1.154157930457279058e+01,1.246162372917794414e+01
1.161311460621091030e+01,1.361513200478915664e+01,1.676294902257672348e+01
1.039238932518805392e+00,5.141141608208227964e+00,5.622681593902541408e+00
1.242412884575214882e+01,1.366411092820838391e+01,1.531697770955493532e+01
5.068634785753056704e+00,9.983254910461674569e+00,1.267879656682645617e+01
4.522529059189753120e+00,8.641044170205155694e+00,1.097405429787973752e+01
9.287661737014296648e+00,1.131742933697124975e+01,1.141692790177404326e+01
1.175267475464735512e+01,1.485070894589639678e+01,1.554053068589399800e+01
4.583353559283569467e+00,5.600025006761273794e+00,9.000355849496843419e+00
7.943944628942920083e+00,1.114073054697522380e+01,1.457332318024207929e+01
6.241725671776529261e+00,6.306120706028934819e+00,1.055019714166395772e+01
4.633732115968267173e+00,7.599918587583302632e+00,1.048213442845254662e+01
5.729408410437084598e+00,7.860809164829433371e+00,8.084995630688407431e+00
4.789994121211672784e+00,8.916391644223899959e+00,1.315225789085432950e+01
5.568562087921838710e+00,1.018803746791732578e+01,1.363004673787710885e+01
3.957715145301483162e+00,8.779978455428777195e+00,1.116904455491859771e+01
5.166805650350733359e+00,9.036252873845111111e+00,1.045025512263786993e+01
5.827526942020731404e+00,1.008135101571802750e+01,1.255926359433733452e+01
6.629406159950510080e+00,7.158296824134261271e+00,8.064120907924303694e+00
6.004278134533979738e+00,6.605861528568860663e+00,7.068023982655769366e+00
7.283205931261910848e+00,8.676708857068037517e+00,9.004189466550620580e+00
1.007352946196184007e+01,1.342862129154050521e+01,1.447894027436292674e+01
4.732084245142309520e+00,8.867774912483339378e+00,9.159175007301202598e+00
1.109130808629648612e+01,1.605734677564742441e+01,1.841593012453057199e+01
7.788688604001917426e+00,1.146705766943374805e+01,1.182892351941702103e+01
9.006104748803483773e+00,1.035360965443866910e+01,1.042232986842044973e+01
3.543053975648017051e+00,8.322655251827894674e+00,1.065372811079693882e+01
5.861957205219660239e+00,6.266530320970582046e+00,9.598898324237509883e+00
7.402375780390347160e+00,8.536828446871544074e+00,1.159924319922304647e+01
9.949536044216142017e+00,1.044708021736250458e+01,1.147690865033950480e+01
1.590539640159648549e+00,4.738128428137617476e+00,8.995364613714594171e+00
9.021614058761176835e+00,9.033127125800994861e+00,9.552821118167273085e+00
6.309289610417244454e+00,9.012946937458615082e+00,1.259410006853594588e+01
5.171018714088576829e+00,7.614483618247025021e+00,1.257390413860652956e+01
4.739062063773058497e+00,7.089194611484852970e+00,7.465210558499281390e+00
9.143999447571232508e+00,1.141089700704613108e+01,1.302705983779866372e+01
3.901035377223358136e+00,7.310429809677120971e+00,1.135493388813871718e+01
7.462351797989503766e+00,9.797063022116574871e+00,1.008761264549951164e+01
7.920620798502781668e+00,8.164906272729517411e+00,9.775436695097736717e+00
8.514609829745593217e+00,9.105415437052453598e+00,1.150578444874682660e+01
-1.240649406387617226e+00,2.908462305151312322e+00,3.490187996359563005e+00
3.253768409041027709e+00,5.208811041553416565e+00,6.706185563222759605e+00
-3.867349650488298707e-01,2.253815850873278848e+00,6.815058943578140571e+00
6.959621836712484466e+00,7.608998830190387253e+00,8.877654932303546076e+00
7.456043553482059494e+00,7.551584091144013300e+00,9.680189642275816908e+00
6.516822576856326599e+00,1.090818803005720738e+01,1.330203917792182544e+01
1.224314835279411540e+01,1.372294671168664593e+01,1.785691737656260614e+01
4.036244099405848829e+00,6.924221585972174076e+00,1.123359938443913819e+01
-1.555104620261040793e-01,4.641542867259873972e+00,4.927619330183554247e+00
3.151046433499669508e+00,4.150080517785742273e+00,8.880470342054366029e+00
-5.854988032989544289e-01,1.985474429444566979e-01,2.630264560892286774e+00
-8.555312682118483281e-01,2.287111957460735034e+00,3.066003123161662902e+00
4.791274106021946366e+00,5.190074079440392119e+00,6.192723901277009446e+00
8.002236509121249952e+00,1.092194723428786673e+01,1.373955149484541494e+01
5.694592286637623069e+00,5.835069752246059949e+00,9.117558772016067792e+00
1.443764271524144327e+00,5.882619171381288758e+00,8.793056855994734633e+00
6.791743264210236219e+00,1.008896907455886094e+01,1.074465648400240880e+01
6.469336844242073781e+00,6.746740566229349589e+00,8.170215476826204082e+00
7.654068992921850167e+00,8.963773390609908631e+00,1.192243834932711088e+01
7.288601652058618541e+00,8.886660069633023795e+00,1.214446004681329150e+01
1.770328472233398287e+00,4.291307032437897462e+00,6.242595575910273809e+00
-6.696683519928083861e+00,-2.559205448935117033e+00,-1.314902610397084892e+00
1.575139305227888542e+01,1.581943945845472577e+01,1.709983935662339150e+01
2.334809007980334972e+00,4.201278420629035892e+00,5.238497123297860547e+00
6.272495949301453599e+00,8.493834294742235613e+00,1.020161943736378696e+01
2.179913349872408368e+00,4.175903588352725571e+00,5.962193068233341720e+00
-3.100548107144547316e-01,7.456745291740762838e-01,2.148329306354674895e+00
1.439337274662195743e-01,5.217030798446504747e-01,8.861107417682385634e-01
2.035774063024804903e+00,6.128297235227028850e+00,8.102697229588622818e+00
6.987106189822154256e+00,9.636322815494335003e+00,1.187928788881659514e+01
-5.993530390727251245e+00,-1.067469842955690584e+00,3.052544767678678550e+00
-4.782673940821270619e+00,1.173678954939494368e-01,1.341203780021820169e+00
-5.285034307365152451e+00,-2.431040719972580977e+00,7.137824838430355534e-01
1.157305623577193909e+00,4.287263851776696555e+00,6.282825784936816760e+00
1.144283060976166055e+00,5.768036754624317197e+00,9.196342312091559279e+00
8.251144240899739302e-01,2.088090817674314703e+00,4.380296905491784187e+00
-2.769926130935008945e+00,-5.518759355232463193e-01,2.750500546090635545e+00
5.795154683607451673e+00,6.360278179757353101e+00,7.691608017508822392e+00
3.295520996251721790e+00,3.784488054810822177e+00,7.569735248316937337e+00
4.133680029949484691e-01,2.895216317107020210e+00,4.073504218872565197e+00
-2.760630407427572930e+00,1.623212859872373848e-01,4.827737331551091415e+00
1.058176151847693980e-01,2.578275114450049088e+00,4.625426618946113066e+00
-2.523052076159863155e+00,-4.125332675019668383e-01,1.168610197437372156e+00
-1.807393335727866202e+00,1.026955256482069867e+00,1.603571057148266199e+00
-4.393742912013880897e+00,-3.331250013394359222e+00,-2.527266496176350685e+00
3.834551768273714245e+00,5.201342963457390667e+00,8.808090666885748377e+00
-3.035758257092460166e+00,1.162093750095869904e+00,6.080625102486283851e+00
-1.882070115689904455e+00,3.010183513961729673e+00,5.525355028951367764e+00
2.587381714396127297e+00,6.234156405439922111e+00,6.862925783283505332e+00
-2.354357599816449653e+00,-4.161171015851856669e-01,3.640654751361516617e+00
1.408447190673026039e+00,2.206569758146887938e+00,5.417232953956474972e+00
1.502460477028749963e+00,5.609057983266494851e+00,9.843989866753890539e+00
7.579532666537414087e-02,3.840776107845857101e+00,4.526604864931823791e+00
-2.267551953965693645e+00,2.713557117114354877e+00,5.212197708786973749e+00
-1.776506408175298146e+00,1.052859467712351504e+00,5.599127829651092014e+00
-2.440351777853602577e+00,-1.908566237478338312e+00,-9.447482897639392085e-02
5.254475799108185186e+00,8.241454111927060566e+00,1.140434765292590491e+01
-6.719593921965377525e+00,-5.771338696745846875e+00,-1.352766798756908528e+00
-3.607167406104804908e+00,-1.736314158642836114e+00,1.296690943109384042e+00
-4.145441205596466006e+00,-7.063644466695366830e-01,2.652437914524112372e+00
2.025990268020585461e+00,3.198644281665335765e+00,6.313065153460188483e+00
-3.743954928737464272e+00,-7.568009583571818633e-01,2.455313016004999849e+00
-6.623074436906068563e+00,-3.324850018611614999e+00,-1.152405198499545591e+00
-5.632695500334067518e+00,-4.729444414553404030e+00,-3.352074203343336389e+00
-1.425348683006140593e+00,3.499732095307114488e+00,3.742168657132238341e+00
1.681627119106432477e+00,4.858887512883809379e+00,7.926620545887241853e+00
-4.601997524690890629e+00,2.446540866373139167e-01,4.201458614934582947e+00
-8.950355502216842396e+00,-4.117008862322924401e+00,-4.632777191786079385e-01
-1.936550297781498120e+00,9.017737967285199829e-01,1.036235725762569171e+00
-4.767855137094308304e+00,-4.671197013492116579e-01,4.288394880365299366e-01
-9.102018299090193665e+00,-5.015096725698823477e+00,-4.876739434040080923e+00
-1.946101697185953050e+00,1.499077338718430852e-01,1.760097522169525863e+00
-5.038861082663196100e+00,-6.486013418209251036e-01,2.837232253453998876e+00
-1.525436765400314698e+00,2.053812643806194771e+00,3.445704221989520200e+00
-9.246660437516450060e+00,-7.039000324775795292e+00,-5.674309994913834032e+00
-7.146945033394461078e+00,-4.448641599573267769e+00,-3.149909951089979288e+00
-5.743496006344002147e+00,-4.910860577325943055e+00,-9.822238062468566788e-01
-7.010748847971486342e+00,-3.218531633019572791e+00,3.616543845727808737e-01
-4.124849442938847588e+00,-3.745253805469179742e+00,-3.324601048763028643e+00
-1.134695807632533260e+01,-8.425474668550371860e+00,-3.703661276819151027e+00
-3.019312954959525008e+00,1.187049875031000568e+00,3.761480134501198336e+00
-6.679479388330053169e+00,-5.595433430601049807e+00,-2.948262427265642138e+00
-3.768563030470438502e+00,-3.369823006923689412e+00,-2.677215764119087460e-01
-9.285282427976545350e+00,-8.546405671124688297e+00,-4.963227867980545938e+00
-2.182050930215502227e+00,-8.091174060547943192e-01,2.500893508938892396e+00
-7.983489386963618095e+00,-6.945803176105602716e+00,-4.288500176778109463e+00
-4.989346783261473739e+00,-3.909128885110786822e+00,-2.292104738901577399e+00
-8.871536896364002445e+00,-7.083522801146777681e+00,-5.906572218261214147e+00
-8.498565117282367964e+00,-3.874585202950872720e+00,-3.747890318880774618e+00
-5.740554171582257226e+00,-4.183811665224265397e+00,-6.341936934800775916e-01
-7.377941104946499351e+00,-6.622313268105733286e+00,-2.951196151000551993e+00
-1.047876861712769347e+01,-9.990311954996350607e+00,-6.392727143458817984e+00
-5.060715349554977038e+00,-3.847831813243169030e+00,-3.240841303984227650e+00
-1.118836061252413749e+01,-7.484122395960692842e+00,-4.733167836610945756e+00
-3.254962602233296476e+00,-1.144070175447316373e+00,9.861261597418105040e-01
-1.315283981275412195e+01,-9.974813249481215394e+00,-5.907002518455658269e+00
-5.594092590169283064e+00,-1.468929936062948194e+00,-8.081167037933978392e-02
-5.992239608771828152e+00,-1.351000492089180938e+00,1.382147625449522188e+00
-3.733516133818513882e+00,-2.160297790554424502e+00,1.570472607059988590e+00
-6.006621188817255153e+00,-4.102904672327803759e+00,-9.352116429982082479e-02
-1.554067694919740106e+01,-1.104137388592087277e+01,-6.068154052923053321e+00
-9.960210091162238655e+00,-5.278147082943939417e+00,-2.242276410726978142e+00
-1.097990592751622252e+01,-7.620329885920382296e+00,-7.441454214586825877e+00
-1.145070946684432656e+01,-8.573793030913062552e+00,-6.483913451545472384e+00
-9.893175309598586153e+00,-8.707357989540245313e+00,-6.062587295345119642e+00
-9.872216218682499544e+00,-5.860810257762979703e+00,-1.037948970260909931e+00
-6.675517959621099173e+00,-4.236421394895011794e+00,-1.666012253030444423e+00
-1.215722598938410925e+01,-7.244667214285993140e+00,-4.407007151955630420e+00
-9.689257964678260393e+00,-8.573046971896586044e+00,-7.052214700891332733e+00
-9.748818884102057325e+00,-8.053450238823211649e+00,-7.050764555435928393e+00
-1.163104296550333316e+01,-8.825865657888259719e+00,-3.877040087356610876e+00
-1.085449810427204476e+01,-7.507149655734735916e+00,-6.978616180408220515e+00
-1.100572033590605692e+01,-8.838320061798118132e+00,-7.708453402952397226e+00
-1.554657319251269776e+01,-1.136735476472126471e+01,-7.947047787462636848e+00
-1.279066531545406882e+01,-1.212899666870114501e+01,-8.391799886327383717e+00
-9.293581260848572612e+00,-6.594416368277248530e+00,-3.866916143722385790e+00
-5.964269430670159799e+00,-5.926973060256065295e+00,-1.657188775284406113e+00
-9.623390842266559275e+00,-8.318871045219399463e+00,-3.666698611688271825e+00
-8.844063021099238142e+00,-4.976736052045610315e+00,-4.737558902497591262e+00
-1.235139929910053525e+01,-9.577041528005123538e+00,-7.376648929603691229e+00
-9.012804161945062731e+00,-4.905723193663469317e+00,-1.336352354294950029e+00
-6.602017196332718996e+00,-3.205197424231389647e+00,7.942600656847109697e-01
-1.243708820771307622e+01,-9.601394428412275417e+00,-8.488411805344183492e+00
-8.687719653041559909e+00,-4.588456684761940352e+00,-3.391036804387756565e+00
-9.398749809688780488e+00,-5.853526982113525179e+00,-2.952155945257406877e+00
-1.191598494258643370e+01,-1.148004880316909748e+01,-1.070589332360028401e+01
-9.114032938919837790e+00,-7.314255979128519769e+00,-5.026788815096464802e+00
-1.345994246830436758e+01,-9.602007080965130115e+00,-7.415137269705874168e+00
-1.141969056534059490e+01,-8.724751289078305660e+00,-6.548479281823636811e+00
-1.347188673313339002e+01,-8.892876210818254634e+00,-6.236494740411107074e+00
-8.910129037582766642e+00,-5.843103821984075630e+00,-2.869238956354084991e+00
-1.120010011894525448e+01,-9.464728165100359192e+00,-7.428621844580584721e+00
-7.496921535283265214e+00,-6.922076960745763508e+00,-6.154635615851749897e+00
-1.726655531783999464e+01,-1.397831591290139563e+01,-1.010975403824820873e+01
-8.942836082142095577e+00,-6.540544960465405566e+00,-2.769412277382285126e+00
-7.627602615985024315e+00,-4.954569304915620975e+00,-4.007808448418863634e+00
-9.106152306146324094e+00,-7.008460554801311915e+00,-2.886279501630752975e+00
-5.048512847587423025e+00,-4.329319380685914709e+00,-2.704071447107840864e+00
-1.095783982478794094e+01,-9.343623331519182784e+00,-5.738333256322594167e+00
-1.270739955783093222e+01,-1.084391675471124117e+01,-8.452055681309923685e+00
-8.908694118955608587e+00,-5.778936973479948946e+00,-4.387456284476414226e+00
-7.655162065829987483e+00,-6.302661173326079336e+00,-4.720501196098977559e+00
-9.939986379728280141e+00,-8.919976970059188659e+00,-8.478336278397591741e+00
-1.572891288659547548e+01,-1.152808946494973696e+01,-1.139659559674429623e+01
-5.761774650580168355e+00,-3.397489766239549347e+00,1.538500601880092411e+00
-1.204352250855981410e+01,-1.034829772304619766e+01,-9.918349711608360764e+00
-1.284456207632616298e+01,-9.530524672053802604e+00,-5.320438940397972161e+00
-8.714803421863589250e+00,-4.226878162078360646e+00,-2.031854327909193181e+00
-1.709381326828328440e+01,-1.348882109109034744e+01,-1.276376175861595819e+01
-9.558442625948314841e+00,-9.320640094709151668e+00,-7.843089209499581216e+00
-1.244492010883896072e+01,-1.170480818078991447e+01,-9.521979164047673194e+00
-1.081092061446918962e+01,-7.652257687481094806e+00,-3.517617548543451100e+00
-9.779182356704209766e+00,-5.841666170962703575e+00,-2.913078001828877994e+00
-1.168482000623241923e+01,-7.102061025768433566e+00,-2.886758002528321931e+00
-1.138250741492205087e+01,-1.046229422254439179e+01,-6.183170820577303495e+00
-1.118843406542062446e+01,-9.868474837596538762e+00,-8.540647193082159916e+00
-1.187451149784790339e+01,-8.880483656988094054e+00,-6.032880690502554266e+00
-9.019994221193355699e+00,-7.263985450273488631e+00,-6.562969602563470062e+00
-3.773396338339789935e+00,-2.140399322172238605e+00,2.710988631689848383e+00
-9.927174995248583045e+00,-8.989815171425719953e+00,-7.134457614741537057e+00
-5.092604089904869014e+00,-4.536079822288251684e+00,-1.083116020502816745e+00
-1.152721731904518343e+01,-8.910070197803161562e+00,-5.838035004375565329e+00
-1.649323465788748422e+01,-1.208950405108896220e+01,-9.807427560315790771e+00
-4.892238412906344536e+00,-2.854405225522456568e+00,1.685445287265403991e+00
-9.736316874434372437e+00,-6.310477321596020595e+00,-3.866537174543807076e+00
-4.506005321251045359e+00,-4.159029159268293085e+00,-2.292206888072998439e-01
-7.393608996452346815e+00,-5.890598492266188480e+00,-4.569492412397675452e+00
-6.379019975936935261e+00,-3.600408284949672577e+00,-1.992550787086657671e+00
-8.511678844765782515e+00,-4.805693262233250884e+00,-2.555123680089812943e+00
-9.588535070668303462e+00,-4.591815772407109364e+00,-3.313321819510821165e+00
-8.714267550455426559e+00,-8.386715680261961126e+00,-5.433784217678159223e+00
-1.057897456360355193e+01,-5.799040930830557272e+00,-1.026338274909183390e+00
-9.501768874810993637e+00,-4.846709192506926556e+00,-3.487375782073075747e+00
-8.047719092931842511e+00,-5.384732292543572996e+00,-5.172999441816292787e+00
-1.048398837991392618e+01,-7.961198183706723164e+00,-3.809882979316272511e+00
-8.642952672818490001e+00,-5.701915791875263650e+00,-4.516463510247370472e+00
-5.867571343856775812e+00,-3.976993123411533215e+00,5.808284967391244002e-01
-4.219558631901591639e+00,-3.357238731427629297e+00,-1.590493502895946598e-01
-8.852252805406461533e+00,-6.216884497175346525e+00,-5.231901916819811760e+00
-6.825109180302320944e+00,-5.960582075049447148e+00,-3.263035678144697194e+00
-7.233439899177042776e+00,-3.521398480550091303e+00,-1.544169721498741321e+00
-1.180878906271217232e+01,-7.704604582224940046e+00,-4.077895711400472578e+00
-9.474714011965192029e+00,-6.276204376814897401e+00,-1.382424298526365725e+00
-1.026677875616616120e+01,-9.487188675138018112e+00,-6.261266306455871344e+00
-5.360420513628953998e+00,-5.354580961916709292e+00,-2.114969391269339916e+00
-5.706010581162738404e+00,-3.507241315722286146e+00,6.992857795917579722e-01
-1.311241638249297026e+01,-9.695405120846455560e+00,-8.475257212548530816e+00
-8.772237633272354174e+00,-7.602526382561244134e+00,-2.673065529497518078e+00
-1.019440247514558351e+01,-6.817663566815523879e+00,-2.400757513016825051e+00
-7.165069339104020330e+00,-2.977238728156201386e+00,-2.179007450257381517e+00
-5.083959279502682449e+00,-3.823841155818562321e+00,-2.944518254177787231e+00
-7.495280550092132010e+00,-2.951427463377284788e+00,5.865116918775106214e-01
-3.884459089656214559e+00,7.127732824036145942e-01,2.638300982769541836e+00
-2.247390682263312733e+00,-2.029751349100892721e+00,1.498408503145264081e+00
-1.278031745226088489e+01,-9.403424180400252297e+00,-5.591098054356485214e+00
-9.088577540936171317e+00,-6.216924873747831981e+00,-2.602760890405418692e+00
-9.302738332749360239e+00,-6.749434590014422142e+00,-5.731686022034149453e+00
-7.205159219732456322e+00,-4.774923240470178243e+00,-3.300551528455356820e+00
-6.453204991834190274e+00,-4.473597307514266319e+00,-8.206663354449825754e-01
-7.516934921133961112e+00,-3.243773942607002692e+00,7.154213387982695238e-01
-6.806403769871847587e+00,-2.591548761751603980e+00,9.567761117357456158e-01
-4.049966567734413658e+00,-2.595065771398901155e-01,3.413492451708296738e+00
-8.808742176859002626e+00,-4.954067109009855585e+00,-3.755106080376773292e-01
-5.531080982773763033e+00,-9.698687906627909694e-01,3.625737748982894360e+00
-9.161236821848646628e+00,-6.376951146758042199e+00,-2.440312890536377122e+00
-2.241451510214393483e+00,-1.097247570426648444e+00,-8.397926885757841520e-01
-9.124950852964095915e+00,-5.981974565019024581e+00,-1.211674746069189013e+00
-1.170516012146962304e+01,-7.418112836410141853e+00,-5.009963057079450444e+00
-4.098130388693616233e+00,-4.051870855973255914e+00,-8.945097505513164293e-01
-6.954137882838500317e+00,-2.733292475975546143e+00,-1.199680883721509606e+00
-1.978128935488477680e+00,2.005057911815852467e+00,2.922037496825236058e+00
1.411890481136788944e+00,1.617815136327544590e+00,1.776455843139019830e+00
-6.066505144497611468e+00,-1.161456424529669906e+00,3.099150137979523212e+00
-4.797807498280336702e+00,-4.202580014673035436e+00,3.902551401989029500e-03
-6.581300693380392808e+00,-2.746900993835054372e+00,-1.350653895763820556e+00
1.939137425751769728e+00,3.103901373329295943e+00,4.883220408054224748e+00
-4.608575879909400541e+00,-2.462129898726100219e+00,-1.896697856261930104e+00
-2.963943486604890598e+00,1.763281940209648457e+00,6.393351234674110373e+00
8.458132330550411915e-01,4.313011052549715174e+00,6.361560362126114754e+00
-7.363584749734579660e+00,-2.961828436895315608e+00,-2.291656112506393228e+00
-3.846208759270813182e+00,5.026309603542593596e-01,3.834219536688152630e+00
-1.886990491786547430e+00,2.150723524238798312e+00,6.755541586360869211e+00
-6.284356329122608997e-04,2.378745942854945561e+00,4.915003202057469878e+00
5.362001218455441087e-01,1.790047846866988701e+00,2.336886120156389968e+00
2.431450764178821888e-01,1.670861260004156135e+00,6.171731343443600970e+00
-5.090520943892147265e-01,3.444099269098296112e+00,8.077557865161637096e+00
-3.283196400634424972e-01,5.950121169139266364e-01,6.795204509694624528e-01
-8.916329000292050333e-01,2.656563392364325038e-01,1.092382057506602333e+00
3.276792418632911819e+00,3.345401171738086266e+00,7.062141325624715193e+00
3.866664342789480013e+00,6.821607596351118907e+00,9.397478770013426796e+00
-1.182682203936028298e+00,2.524010453653229735e+00,6.620074381109679607e+00
-3.618139369685623663e+00,-1.381335848792557774e+00,5.754210938016088850e-01
1.679010209147752342e+00,4.935403263807727647e+00,9.476579163811868156e+00
-7.527594199785800910e-01,3.687531041657557296e+00,7.053597434947143086e+00
-4.550010958791009585e+00,-1.017273755463880658e+00,1.520190389759084937e+00
-2.848626924056253173e+00,1.026989283651753793e+00,4.894393311984650552e+00
-1.284326646026115348e+00,2.649350621324120247e+00,4.502053954376407319e+00
3.551172367716288303e+00,4.051475751394939095e+00,9.004039415503026333e+00
1.284481072770009114e+00,4.551922094605034275e+00,8.308845087945718078e+00
-2.009517105884111032e-01,2.030443155038700986e+00,3.153262546191749394e+00
-5.405342322665305232e+00,-1.388797660680197055e+00,1.985941484185464567e+00
3.426969490843949639e+00,6.514860204269359301e+00,8.274605722096971760e+00
-1.019805799735905794e+00,2.310968241119175204e+00,4.640578808600462679e+00
-2.471485049357295960e-01,1.557141631390460246e+00,4.917709087650219857e+00
-4.904050311089934944e+00,-1.411102781702383346e+00,-1.223555819313441928e+00
-1.419270236551925191e+00,1.176885561010923009e+00,4.892340117320443937e+00
4.017911459521175122e-01,1.755470588264040011e+00,4.834323646680669384e+00
-2.560518851839531429e+00,-2.073816799091686036e+00,7.812996093864268410e-01
-4.204861624325614500e+00,-1.900399695570851755e+00,-7.880530367178810724e-01
1.291723569463373078e+00,4.781462317172135101e+00,7.413216085416383550e+00
2.096771339813547907e+00,4.834073670054024774e+00,4.954835393487996953e+00
-4.857083094164950765e+00,-1.725039772801579829e+00,-1.611867190590076770e+00
5.296804911611854294e-01,5.979434198679269841e-01,1.143177574262543406e+00
7.448926451387762881e+00,9.045764483404248324e+00,1.258703919923128822e+01
3.437508925789579450e+00,4.135096476969979840e+00,8.973692389933283664e+00
-1.120081014698293131e-03,3.289838549909089416e+00,7.374013338598491174e+00
4.186640718503525704e+00,5.450535650608838267e+00,8.538623335100592016e+00
-2.880424898993076077e+00,1.112856875345429764e+00,3.731750897952759161e+00
-3.891531299469266791e+00,4.787551403249032944e-01,3.056774497049521422e+00
8.848168515236498166e+00,1.113826785742195113e+01,1.217481104348854970e+01
-1.473675721444750675e+00,3.040170292438243660e+00,6.317106166530559008e+00
8.251627329568837155e+00,1.098664425112172260e+01,1.313629490175765291e+01
-6.217328751893012040e-01,1.980882758470287719e+00,6.277688260313809110e+00
7.258537091097434057e+00,7.667945922782557489e+00,9.731369923270037248e+00
3.037811544111661988e+00,5.291909602744378383e+00,7.078767057892241255e+00
4.470650593439062348e+00,7.598050706021568956e+00,9.382854519032662211e+00
1.751825927144158523e+00,1.922104945293382272e+00,6.835551998118045702e+00
4.017056193188810909e+00,5.375251810350996529e+00,6.780474829750820831e+00
8.173878156432309083e+00,1.278668359046425707e+01,1.389619856384512531e+01
2.925221206126264573e+00,4.684816609380715313e+00,9.023888127251519009e+00
8.145904370759700086e-01,5.614619790711834924e+00,6.846043395503914830e+00
-4.769728231828813669e-01,2.444573121917342107e+00,7.274041925031597522e+00
1.875089563154311634e+00,3.235066135749236516e+00,7.345420527204073124e+00
9.792331539591678791e+00,1.034182005373441982e+01,1.323279159947678352e+01
1.113713952963809639e+01,1.194741446741642932e+01,1.680520531226671110e+01
2.665903649225422889e+00,6.425331102093962521e+00,9.569949124652064043e+00
2.877810700767339025e+00,5.733117328528073209e+00,8.425046163119819909e+00
7.127908114714205823e+00,9.911164016237398400e+00,1.438870719204504667e+01
3.530567349106608521e+00,5.140919313024719273e+00,6.588488159417380530e+00
4.589465827606793447e+00,8.035695021737728538e+00,1.082952490510496979e+01
1.182558938584990393e+01,1.346581200334371964e+01,1.696687848130818566e+01
5.900822516669549600e+00,8.408650119703855452e+00,1.087136055748410435e+01
4.760873350469550402e+00,5.623304674767530820e+00,6.365877528612960745e+00
4.763239671549634124e+00,8.781905959320328137e+00,1.157817595470863026e+01
1.098991549367950959e+01,1.296214224528378267e+01,1.739794502857743907e+01
5.603818728124378090e+00,9.739281319052128794e+00,1.347070484742088681e+01
3.924148039624007822e+00,6.303832813783090572e+00,8.023089167838982405e+00
8.120785402117610019e+00,1.000006411384753058e+01,1.428164496386414228e+01
3.900919307470890551e+00,7.036041755807409537e+00,8.860883273620929756e+00
3.613353007109447734e+00,5.049808322385700876e+00,7.549886976114931869e+00
5.756761974200174770e+00,9.350320490583277078e+00,1.386439953383025880e+01
4.821869833675473060e+00,8.708473559594956726e+00,1.042103038023275374e+01
1.541280358430632269e+00,5.786801808851895323e+00,6.535033730401037744e+00
2.543408093324434294e+00,5.746466602778902200e+00,1.013805564446659346e+01
9.792447588960332183e+00,1.153425374612352527e+01,1.275515011865968873e+01
4.361056527470926092e+00,6.883210847732305737e+00,7.118039952826812566e+00
9.883597842516149257e+00,1.163721320505980472e+01,1.419872674967496451e+01
5.749759907728745567e+00,1.022788576887596435e+01,1.421582169775317617e+01
-1.381694747677783663e+00,3.077737290917692548e-01,2.931788959520793103e+00
7.107980154274521567e+00,1.209257417871151219e+01,1.533476015732425601e+01
9.142796188526556733e+00,1.264433907231639509e+01,1.395265749500659069e+01
1.445015556292407233e+01,1.498413812758448849e+01,1.519337349765502765e+01
5.027908259235353228e+00,9.185991896063818274e+00,9.208991448066832675e+00
3.748929617227767075e+00,8.001574256868114077e+00,1.215752718127713905e+01
3.542718807285486271e+00,5.405462309091021211e+00,6.414634339428017640e+00
5.535688084252745611e+00,6.277006538993814999e+00,7.215619097751586608e+00
1.286625640666813020e+01,1.456192122356434027e+01,1.673126563631489461e+01
1.702889296017615806e+01,1.863876224394366687e+01,1.893373404777175750e+01
9.425700834896559854e+00,1.166403803984472631e+01,1.606770499493221038e+01
1.177955655080483233e+01,1.507166521303753193e+01,1.529472907681185845e+01
7.076556391628637144e+00,1.139297196170284820e+01,1.189387918916469111e+01
1.005108097740667183e+01,1.122587321897710666e+01,1.175406294803692830e+01
6.552439043883468095e+00,1.086177663222172463e+01,1.350120201687339083e+01
1.480265471760271012e+01,1.829954054670955799e+01,1.991855541103934257e+01
6.841651414072465798e+00,1.172941021641241477e+01,1.361975316409838754e+01
1.016210142403483019e+01,1.417436594364463787e+01,1.671098598849836847e+01
1.065766686419106257e+01,1.095759331984178608e+01,1.430152781495100456e+01
7.068493091561055763e+00,1.015148764938929027e+01,1.375522994269159227e+01
4.171489527916284246e+00,8.292409984179602844e+00,1.104102336133412088e+01
7.749542881200434330e+00,7.945234222099838206e+00,9.663914854682561284e+00
1.083479397602951622e+01,1.094599376005485247e+01,1.372473417881752766e+01
6.492633592324827063e+00,7.280677197608497409e+00,1.018877452308438336e+01
3.798087762115681443e+00,8.641351524979560494e+00,1.290431203997844101e+01
1.230344886368759560e+01,1.380413478558134344e+01,1.497073471880202611e+01
8.154587650189602854e+00,1.300187465870312487e+01,1.614152053825300825e+01
5.243807422921363148e+00,9.516002788514519750e+00,9.602681004405669185e+00
7.165853134250966150e+00,7.239338487608574013e+00,1.048598964536950362e+01
1.430193910140686242e+01,1.591757119332858395e+01,1.693127187835818148e+01
6.434898821968705995e+00,1.134876658144302475e+01,1.339286890445078626e+01
6.810565848396207045e+00,1.084284540234783378e+01,1.546449463566250415e+01
6.422112582400905545e+00,7.145342681186203748e+00,9.062495534487723603e+00
7.070486396522751349e+00,7.543068308179428527e+00,1.241103503599790514e+01
7.945697928244601194e+00,1.269756707609439417e+01,1.654505683483291634e+01
9.495322986699868295e+00,1.172440701558652520e+01,1.401182019173932858e+01
9.821120078330201508e+00,1.421125123721772532e+01,1.590881443024176534e+01
7.722326111413150507e+00,9.276947385065295038e+00,1.081087737765284018e+01
4.965385409556700047e+00,5.113345365795062492e+00,7.960443871115042924e+00
4.703668403576019230e+00,7.700569770728765917e+00,8.092890419704179550e+00
8.734307562608915276e+00,9.894954116170525893e+00,1.210593769809546849e+01
5.768631213639840105e+00,1.003851700426538329e+01,1.469233695958447328e+01
1.230035184158005990e+01,1.510489628685569308e+01,1.583122448027281060e+01
4.573099260187219350e+00,7.320732459876974296e+00,1.167874041670867769e+01
1.096094307667661738e+01,1.152514545081698927e+01,1.316504985201700251e+01
6.779561416225630133e+00,1.166002101277263847e+01,1.245220513961417730e+01
6.410301094792594689e+00,1.113063464984519690e+01,1.193701103915778639e+01
7.630006496552034889e+00,1.101012431042378026e+01,1.388960530168825258e+01
7.082636548951084521e+00,8.480265050067572474e+00,1.211409424325324125e+01
9.686719686462700096e+00,9.779364004958594592e+00,1.248288582845964179e+01
6.400482753241860223e+00,6.679494842573301838e+00,9.476771237719985308e+00
4.621945858265078755e+00,7.832759131104857886e+00,1.199179291491449462e+01
7.410217100148366320e+00,9.932824907361201383e+00,1.092156067749142601e+01
8.755861896466299754e+00,9.554338603068011082e+00,1.314684024388925820e+01
3.131489717012322593e+00,8.035877406289122504e+00,1.112344067171997430e+01
-3.910571419287641071e+00,8.886953216617534679e-01,3.736044506831882384e+00
4.463798250351344699e+00,8.682335713989592918e+00,8.778361389644636859e+00
1.827929348170823420e+00,4.559520400634081483e+00,8.934869338637899006e+00
7.035667063131836763e+00,9.612716368150968194e+00,1.112696466604727163e+01
7.840053659841326628e+00,1.269528516140274021e+01,1.574067257706977330e+01
1.620766568371844230e+01,1.728117249261038069e+01,2.117679485821272678e+01
4.297904899072673146e-01,5.282624158601412212e+00,5.805095215666406183e+00
7.767772821181494258e+00,1.173976498890408848e+01,1.365729574965648219e+01
3.715528813617052784e+00,8.675261311840976930e+00,1.223839113422959457e+01
6.838341981595771557e+00,8.706605677150912825e+00,9.412567419528313550e+00
6.383789798309672747e+00,7.045316060702620398e+00,9.241588584849784738e+00
6.017643218159514085e+00,1.069842158623481332e+01,1.288576556460231437e+01
-1.414226057676380321e+00,2.164139733935868115e+00,2.920894443599368895e+00
6.392717213010837618e+00,8.774394350648584862e+00,9.979256721654582662e+00
6.708280654684107169e+00,7.698804069933966154e+00,1.126475771390110125e+01
7.606670750677088755e+00,9.323641235714584141e+00,9.567902853245950467e+00
3.478930237245583257e-01,3.200467474199967022e+00,6.419882607499380001e+00
1.185455366860407622e+01,1.197258791878766360e+01,1.269191856427484844e+01
4.655748342195489720e+00,6.348615367677531651e+00,8.713943409970571707e+00
7.213734960488380921e+00,7.371162336112579538e+00,7.504094983877998892e+00
3.599363235344442025e+00,5.167053343268108279e+00,5.187214120485436730e+00
8.303388628613188160e+00,1.210203335606968267e+01,1.530525313345438221e+01
1.026260213930983767e+00,5.744739300693974648e+00,6.941080677662933240e+00
1.014743116031063686e+01,1.118560226794784285e+01,1.238641670782314463e+01
4.300764142190610428e+00,6.902103633977867858e+00,8.970041545497906554e+00
5.066397009268326812e+00,8.533477841248783946e+00,9.700311505495896824e+00
6.459759414444712355e+00,7.996918257401373076e+00,1.139476941936481502e+01
2.491508292475690389e+00,3.952930290087033782e+00,5.820443742973056445e+00
7.117509808805648319e+00,8.800074271528186998e+00,1.247060653254660245e+01
2.524527475303362412e+00,4.963636297830658961e+00,7.437599817775280897e+00
3.918668861962657068e+00,7.298513286551013834e+00,1.054039167136666322e+01
-4.159964338338435041e+00,-1.901115639646446809e+00,-1.396574797909085897e+00
2.704822827180254574e+00,4.149362465428689362e+00,4.287943436567681843e+00
1.047261920986895190e+00,3.039114727912330061e+00,5.193255623120797360e+00
2.148526713375632724e+00,6.698445909801344023e+00,8.643466849251430162e+00
-9.241198666906125236e-01,-1.188189093176506006e-01,1.484394384384264409e+00
-1.077173478836903620e+00,3.732184189576814859e-01,4.431218655112561855e+00
2.755162854323396360e-01,3.876158593044677581e+00,4.159936938673119755e+00
8.480226958764225387e+00,9.659874216555914828e+00,1.148896763389623210e+01
8.542943328328862052e+00,8.616256997058023614e+00,1.022778947516011527e+01
2.753091029772649634e-01,4.439375138357979367e+00,7.310459228809802923e+00
7.083501458733678646e-01,5.530898659236709314e+00,8.062518041115012579e+00
1.847174137228776214e+00,5.012692558879025206e+00,9.750901535971856049e+00
-1.270398370248750908e-01,2.782391635824761789e+00,3.513041558689430133e+00
-1.483831360508498953e+00,3.126096125880578391e+00,4.093310321766658433e+00
4.216309710246052056e+00,4.802475729003133686e+00,9.501013747862444347e+00
1.416485041503783737e+00,2.870936386999092704e+00,5.923260726675717791e+00
6.738951716773122769e-01,4.031448996180992950e+00,5.359189907196820535e+00
3.047929707647289099e+00,7.771722144391765674e+00,1.229278146002723204e+01
2.622942233624445674e-01,1.706997400306444090e+00,5.328616788033615492e+00
-7.794357626840358932e+00,-3.915134270425279617e+00,-2.256357713393470910e+00
-1.770991284619740647e-01,2.642503960062535739e+00,6.905116273681582761e+00
8.658515550623123502e+00,1.003350806831734943e+01,1.321407221913454144e+01
6.645832550895832469e+00,8.973813903344085574e+00,1.039702584642774141e+01
4.180833540481732058e-02,2.203304725511223694e+00,6.781408041615032189e+00
-6.369394923610371073e+00,-2.881718035517223608e+00,1.066764820830317539e+00
-3.896706828999106254e+00,1.023031371658032374e+00,1.441881771035725457e+00
-3.987215518996374275e+00,9.767909686965734473e-01,2.331357691163620682e+00
-3.071343303320355211e+00,-2.553060270584377456e+00,-1.279549549618065329e+00
7.016537331719501225e-01,4.186192935587237152e+00,6.705626557757640605e+00
-7.713500539088289365e-01,-5.411375953341016620e-01,-1.290941412923577447e-01
-6.067607849187572455e+00,-4.298840893580363698e+00,-1.936162867766395124e+00
-8.928228878396837764e-01,2.378420917820373681e+00,2.490367228731933391e+00
-4.633592225738573767e+00,-4.068234684417223690e+00,-1.664005061032673538e+00
-4.369176949644259622e+00,-1.988686736497923935e+00,-1.254687111287639656e+00
2.662549097850884561e+00,3.393602970701548482e+00,7.980174535029714633e+00
-2.490735310613311881e+00,1.122533791892947441e+00,5.087328146166194998e+00
5.691030184715421214e+00,7.082642623384652225e+00,1.032567893113332147e+01
-9.175727922665117831e+00,-4.963071897671040844e+00,-4.602596523896506753e+00
-5.286351997504758593e+00,-3.851140104599991787e+00,-2.062868056998907740e-01
3.139802764587100725e-01,4.490858610899739034e+00,6.917543169263208114e+00
-2.069495325311065059e+00,2.980317029543859686e-01,4.304796217881449394e+00
-4.928955835173204569e+00,-4.164289983791651828e+00,-1.776899669871044640e+00
-1.779011628127588285e+00,-1.012824067589737753e+00,1.433570911463253328e-01
-5.977261848157512603e+00,-1.661917925167351484e+00,-7.438096824443273247e-01
5.599679006488863520e-01,1.418801933475618782e+00,3.846437269800957015e+00
-5.241321442206317016e+00,-5.244455071843023841e-01,1.070177604099696866e+00
-7.445807178826518324e+00,-4.917979543534158893e+00,-1.203230016585843387e+00
-2.753322645500663413e+00,-7.876116720371217905e-01,2.474153562832459574e-01
-1.002798825754229028e+01,-5.368680701862877491e+00,-1.713976976288638099e+00
-7.785228226172628219e+00,-5.239311209975027417e+00,-3.202395799604290882e+00
-2.802721701460004322e+00,-2.663294851360609172e+00,-2.455952806263001609e+00
-7.431655597874305741e+00,-4.473058650870886943e+00,-1.109157009755488144e+00
-9.593483870051423779e+00,-6.637318662469179564e+00,-1.698503446566525632e+00
-9.258682763927938986e-02,1.715821306877884922e-01,4.154552381376829473e+00
-1.049033971334712056e+01,-7.146416445157194985e+00,-4.230356671189388962e+00
5.076036763014735165e-02,2.054388534125264343e-01,2.129296236284176747e+00
-4.043372922856358187e+00,-2.353270812671841128e+00,2.213407886431323135e+00
-7.540526596900225975e+00,-7.193565361065634711e+00,-4.801008710244376587e+00
-2.691353269053767150e+00,-2.350305391324081672e+00,1.851989956147018557e+00
-2.896468405314771566e+00,-1.921261502359176365e+00,2.120703852573815329e+00
-5.501160297193559146e+00,-3.693329254177952770e+00,-3.106742738858365271e+00
-5.441675303179162704e+00,-2.658722038929361986e+00,2.113857678255988581e+00
-1.012014027660686821e+01,-8.327916826145941087e+00,-5.520652746786385734e+00
-5.605378900196709147e+00,-4.106711212234907649e+00,-2.614297589192988269e+00
-1.267761289779698330e+01,-9.207688160126444643e+00,-6.994318933069913591e+00
-7.729544432820879329e+00,-7.216541688297931856e+00,-4.563583030330564227e+00
-9.626830774716186312e+00,-8.134517686155902538e+00,-3.506397579357686922e+00
-6.780801465516260507e+00,-4.911152498763939889e+00,-4.059824233835913176e+00
-5.316049095977726680e+00,-3.454869109685998030e+00,-8.447998116800774504e-01
-6.443017491914984518e+00,-3.783928407865714050e+00,1.518418281595668162e-01
-6.538198817956016207e+00,-2.703093424169967118e+00,2.221643234719898441e+00
-8.793136745779190022e+00,-5.064709889829129175e+00,-2.466063140366985706e+00
-8.186005737040957797e+00,-6.274300019415825602e+00,-3.640743112653731295e+00
-5.604629469318456181e+00,-3.959860805815196283e+00,-2.698721186496979119e+00
-9.691341545238458366e+00,-8.708061963991816867e+00,-4.215673884419436135e+00
-1.097485848206837034e+01,-6.832285274565115252e+00,-6.185680102194288210e+00
-4.193561091446214917e+00,-3.913510918273309436e+00,-2.431062555292022864e+00
-3.973495476382787217e+00,6.244855313042867451e-01,6.789571625509631669e-01
-4.214199390300739978e+00,-1.968417230455694167e+00,1.128170256004545902e+00
-9.212808718330981250e+00,-6.368877764343841008e+00,-6.096024500783138400e+00
-9.851893769182523686e-01,-4.373670369510485045e-01,4.043410235810281250e+00
-9.143798630142573103e+00,-6.481362271901599748e+00,-1.494882537941865763e+00
-3.104923001415488049e+00,-2.565776021113957306e+00,2.211893816688556669e+00
-8.912982079796750057e+00,-4.299464008436327589e+00,-6.932459456992967617e-01
-8.882811038837658657e+00,-8.130384683968912896e+00,-3.262690980714627820e+00
-8.107063014614420027e+00,-7.192796804770963170e+00,-3.428479603467455838e+00
-8.155307092003312164e+00,-5.412255927476371298e+00,-5.889044251695612076e-01
-1.220681199125798599e+01,-9.941502244250781217e+00,-6.029223346169951370e+00
-1.246102584095675070e+01,-7.562208653877157793e+00,-4.518022981903165203e+00
-8.387098022055562652e+00,-7.573931798493376277e+00,-5.274892901385150878e+00
-1.197451774507588951e+01,-8.952041543397022849e+00,-4.150777033779060154e+00
-8.770728164765932533e+00,-6.922317580764190126e+00,-5.586052319329153804e+00
-8.142491637027369222e+00,-4.070793534955542192e+00,2.213949639005887704e-01
-9.891861821267101007e+00,-9.887837148824567990e+00,-8.991776870100602892e+00
-1.346407311381377170e+01,-8.530371385584739841e+00,-7.519740891907552793e+00
-6.630433937702438385e+00,-4.938893966961073190e+00,-2.034368844841959678e+00
-4.986502169213141933e+00,-4.329975719712607862e+00,-2.380753513723885106e+00
-2.424222272981183313e+00,-1.447847331128231829e+00,-3.540348146099869808e-02
4.614952830346861212e-01,1.725374628579928071e+00,4.229146799383551425e+00
-1.059971498332987139e+01,-8.730569319762931713e+00,-8.200087228809348261e+00
-1.262444982768117541e+01,-1.173502421053159495e+01,-1.065076114234194193e+01
-1.198230354580860890e+01,-9.832409776425880210e+00,-5.624213728935965051e+00
-1.244473817819244843e+01,-8.242183450370223596e+00,-4.817176556296147716e+00
-1.144486950735328179e+01,-7.041498529411090779e+00,-2.663386681353814289e+00
-9.539296674142143218e+00,-6.648901760122160276e+00,-1.951179539954850384e+00
-5.472922510803844176e+00,-5.432717130483434076e+00,-3.007119152184568822e+00
-1.360470646061723166e+01,-1.036749858676530778e+01,-6.623434761702656104e+00
-6.500685996315221260e+00,-4.688633596480785037e+00,-2.969722967775777267e+00
-1.344858602536467984e+01,-1.015410227627035233e+01,-5.368603927612905835e+00
-1.163111733023717775e+01,-8.613125831574420133e+00,-3.775088171997157183e+00
-7.044468564732288662e+00,-3.783776911330404502e+00,-2.628046768255708709e+00
-6.618855754216660614e+00,-1.741795748641637331e+00,6.509199494494763982e-01
-1.099512404142440403e+01,-9.545471427410870291e+00,-5.045067639930195469e+00
-9.594557250024861261e+00,-5.947090934295430564e+00,-1.968889325713319316e+00
-1.156074123089493177e+01,-8.980969685614155651e+00,-8.974794110436659977e+00
-7.136435022352983992e+00,-4.080034331690333360e+00,-6.624848351871177599e-01
-1.420971122257369856e+01,-1.085854336648003304e+01,-6.473622728267572235e+00
-1.477000273923465556e+01,-1.281163499605704814e+01,-8.086526591315365664e+00
-6.262976037726795120e+00,-5.896289695347695314e+00,-4.277247621695030588e+00
-3.883645358733851971e+00,-3.566018493531769806e+00,-1.940552713313125288e+00
-5.050574940502048804e+00,-2.542373914688386805e+00,1.701381732722125228e+00
-8.135301451080279023e+00,-7.340369195074189612e+00,-5.272230115903786540e+00
-1.291427268754793189e+01,-1.104439887709098933e+01,-1.079746674361259551e+01
-6.157274173450383969e+00,-3.441116587186468401e+00,-2.081630514649073227e-01
-4.461164593046729188e+00,-4.091929331661489755e+00,-3.974319756001346793e+00
-1.149942721184786443e+01,-9.620158914844715525e+00,-8.938379691860179221e+00
-1.785341720428752765e+01,-1.364284084915675166e+01,-9.410912297117171477e+00
-8.515009606926648544e+00,-6.022348255688321217e+00,-4.325752391025892152e+00
-1.003512068033519888e+01,-5.677449536609596947e+00,-3.699407289933874576e+00
-6.520366659469326365e+00,-5.588074391574366473e+00,-6.066469471626483312e-01
-6.826983340272251510e+00,-6.266666646231158211e+00,-1.694328319817612005e+00
-6.888058200723062185e+00,-5.605675764433879493e+00,-4.216227699719268251e+00
-4.527953012526638510e+00,-4.511002572191646465e+00,-3.809600253709096940e+00
-7.426544131653416869e+00,-6.046955288649882299e+00,-2.092798442954304949e+00
-1.074155742254943391e+01,-8.575434895506528932e+00,-6.919397869496371811e+00
-4.973808386030990292e+00,-1.201754262598780265e+00,2.515220379760980673e+00
-1.023308075714531817e+01,-8.515390900205652258e+00,-3.832201052510864514e+00
-6.349443461493784469e+00,-6.193882148650564190e+00,-3.763747029950899048e+00
-1.029316767666517940e+01,-8.189458498976897260e+00,-4.555508940826404896e+00
-7.769281203508897171e+00,-6.769469120777509730e+00,-2.751220726582969789e+00
-9.979423646414456783e+00,-6.934184668854902256e+00,-2.461949016196844475e+00
-1.294490130289105601e+01,-1.215627042355181686e+01,-9.781202512797584347e+00
-1.094214659891691532e+01,-1.003358419202845297e+01,-6.241490068867596719e+00
-1.013698630380471677e+01,-9.545930955939837759e+00,-5.906536343344436446e+00
-8.814156070349419281e+00,-4.955690387200434088e+00,-1.252100710884710200e+00
-1.064530868724573764e+01,-1.017172411859316306e+01,-8.632867276108799004e+00
-1.497667415309081562e+01,-1.239240905395994474e+01,-8.224562950196450117e+00
-8.663838646623947426e+00,-6.278592668346915318e+00,-5.916513900478773458e+00
-9.516618767193559592e+00,-9.185591329895341772e+00,-7.903837122436402574e+00
-7.809162909604101976e+00,-6.774237019257984826e+00,-6.476039142682219918e+00
-3.941871667630296727e+00,-3.577082121823597305e+00,-1.236280712626906197e+00
-6.058782527746743085e+00,-5.471859834099678466e+00,-3.876870931933231290e+00
-4.273345085323603243e+00,-1.906582943059674129e+00,1.234784227703806359e+00
-9.289787296170199937e+00,-8.323494460342780954e+00,-6.879847249333548298e+00
-9.553230856306836216e+00,-4.759375860208868048e+00,-4.013487847238163653e+00
-1.228364292859537166e+01,-9.907578097940252349e+00,-6.511089329757022703e+00
-5.202248337219202767e+00,-5.087995199819336456e+00,-4.219930413819368731e+00
-1.068626457967036103e+01,-6.630239860489611559e+00,-5.983273080486977591e+00
-7.303865065048495531e+00,-5.865081611630382774e+00,-4.631962042121833711e+00
-5.655859153160295527e+00,-4.381946757923138591e+00,5.011828018315513944e-01
-8.118269351150498636e+00,-4.805206822881263662e+00,-4.478375015392321856e+00
-8.433004332298786210e+00,-7.685808986053792147e+00,-3.936956925624630177e+00
-5.309143814736269285e+00,-4.999787980096084716e+00,-1.753018306504821044e+00
-7.483591829798548645e+00,-3.235331106525270783e+00,-1.665267313072543942e+00
7.868506965717314561e-01,1.478308677689503803e+00,3.757990587792967130e+00
-2.735160813862833606e-01,3.074243534810257472e+00,4.368947762634328491e+00
-1.031642048961783331e+01,-7.488510247039188883e+00,-7.041650499284966003e+00
-8.034316043619284642e+00,-5.578321861820610295e+00,-1.757287152171139066e+00
-7.837950605877296084e+00,-3.061072455940082815e+00,-8.096124217217695040e-01
-4.405813977968811912e+00,-1.943623340521022147e+00,2.710359570538318774e+00
-7.502346887082937954e+00,-3.509587930557579227e+00,-2.662959564019783176e+00
-7.677304822952669916e+00,-5.063251439730467318e+00,-3.405473942108368401e+00
-6.220347998574531800e+00,-3.348598961350574221e+00,-5.561869870273605798e-02
-2.568675571745832720e+00,1.539887853279572560e+00,5.824962994320832976e+00
-8.154087376937502185e+00,-5.980906588620922726e+00,-2.850880480029434061e+00
-5.556561179764823777e+00,-3.017650495342446781e+00,-2.443934070146371873e+00
-1.090963963435322626e+01,-6.863219307758301468e+00,-6.047738908993492757e+00
-9.168634309729986498e+00,-5.242680321834055412e+00,-4.123174778365292781e+00
-4.425791012209446151e+00,-2.931370266634222510e+00,-1.496124092807776584e+00
-3.428304488828477492e+00,-1.839273464298599059e+00,-1.727683735903837725e+00
-9.312046615746595535e+00,-8.062408346362476053e+00,-4.185044975865659822e+00
-5.318712102501692129e+00,-2.746386587112834121e+00,-1.371678626555300706e+00
-6.928841817366572897e+00,-6.715534859542888313e+00,-4.945778452214515397e+00
-1.525099019287520896e+00,2.469113527976294797e+00,5.511747451472761128e+00
-7.113844014909640023e+00,-3.101844396125284398e+00,-1.895643291917457063e+00
-1.783334706275541137e+00,1.457401430917741436e+00,3.619572076227746127e+00
-3.569490496948379388e+00,-1.210396079198353902e+00,-6.785973618247755912e-01
-5.117892196148599915e+00,-1.492680387202198977e+00,-1.887073863602419799e-01
-5.014556590295349281e+00,-1.065925803449671250e+00,3.280681558784606544e+00
-1.820194683400290225e+00,-1.186774552090180679e+00,1.428546852173286252e+00
-7.149181264270705327e+00,-6.468622611831656322e+00,-4.481926854951028716e+00
-7.519891836479246194e+00,-6.335522208011695966e+00,-2.044388744753700138e+00
-3.379132508915736466e+00,1.439534836035117671e+00,1.636891262214365206e+00
-2.875776733120250395e+00,-1.259132242539280799e+00,-6.482188494317385752e-01
-3.013438734507599914e+00,-1.092112977418873365e+00,6.484132638190900355e-01
-5.829770631287857441e+00,-5.048551956056613221e+00,-3.553588060369434753e+00
-8.676017692585251240e+00,-5.083686850935269064e+00,-3.501087052506528075e+00
1.103494903646263126e+00,3.223310452399622328e+00,7.481343792160318529e+00
-2.664843190449524002e+00,-1.972493794877295814e+00,-6.497315242405738989e-01
-7.341406585811320440e+00,-3.546906605980247207e+00,-2.366003643197612138e+00
2.658154925264748947e+00,3.542370468252763693e+00,7.691914505025572169e+00
-4.192633645132644915e+00,-2.208772334868435827e+00,-4.819440147828386589e-01
-2.271251037789927096e+00,9.752924872474857398e-01,3.308793998995693819e+00
-3.388659954557387888e+00,-4.287214450563885393e-01,1.896651616803375351e-01
-2.583691807603817558e+00,2.341109711546963901e+00,5.748047893706953460e+00
1.065307024720656415e+00,5.316832857271467816e+00,5.532244749897631486e+00
1.077001603180564260e+00,3.530812749233523284e+00,5.336447987363538203e+00
-4.171071992636492531e+00,-2.844011316451385607e+00,-2.652093077596016979e+00
-5.942825374216526235e+00,-1.017217646113723006e+00,3.868045253533580308e+00
-3.475704525097936148e+00,4.267407782922091330e-01,6.526616422420757901e-01
1.704699560698147209e+00,5.960099452533217601e+00,9.995876833427097097e+00
-1.940828093958824052e+00,1.144448880001003754e+00,3.551443363177920975e+00
2.288888274647111309e+00,2.859448503624458127e+00,7.691039819205895078e+00
-3.896287847822690775e+00,-2.651392729289940853e+00,-8.454597430904498001e-01
-3.423782923337386652e+00,-2.252910128441281579e+00,1.625714965786100308e+00
-1.542468992577178621e+00,2.558621690753222655e+00,4.838086694643882524e+00
-2.094031036275738167e+00,-6.419220532972786941e-01,1.603963192383440095e+00
-1.871238429177382923e+00,-7.232533765535276160e-02,4.546009497629250440e+00
-6.492110404162585446e+00,-2.735390603864965797e+00,-1.799058876897640324e+00
-6.560471305954825638e+00,-1.642179700408934906e+00,-1.233446402215396809e-01
1.500409419557414026e+00,5.967469981602791407e+00,1.076247350126212510e+01
-1.382538026801193087e+00,1.238023273954561798e+00,1.369291198463090442e+00
1.398280583690478807e+00,2.078264629635945937e+00,3.816566515518532654e+00
2.080378376008442221e+00,2.866943458659584998e+00,3.821005992066043078e+00
1.571580980786007053e-01,3.854119294925961281e+00,5.699889120308453627e+00
5.054294672447383618e+00,8.566683648446046462e+00,1.066863040272906460e+01
1.566558915945912123e+00,3.026413739267956426e+00,7.482941135961613810e+00
2.457573119138818818e+00,6.492336810820963144e+00,6.686630568101765704e+00
4.409518203775624201e+00,5.724417792378154068e+00,6.297268829658122513e+00
-4.641003026580240665e+00,-4.008297022793065878e-01,4.433696341630067650e+00
5.089959717047628729e+00,5.154102315935514156e+00,8.430664188340987408e+00
-1.587611639114497208e+00,2.890805504817048899e+00,5.769877286217223400e+00
1.817057304410689245e+00,3.964122479594493154e+00,7.174282269484232089e+00
2.120023647326088945e+00,3.276595658781383591e+00,8.193351490831688011e+00
7.737579968256872220e+00,8.997851137862447501e+00,1.083615228701051159e+01
3.393359878417743669e+00,6.407114613442120188e+00,7.194399907976326780e+00
2.490247946167982729e+00,5.824085720754322182e+00,5.995634150963457643e+00
2.997893466099218474e-01,1.118895039111577283e+00,6.021126014933000370e+00
4.793094535746400986e+00,8.270874824411366788e+00,1.309274804728259767e+01
4.084230639794824036e+00,7.310265656747714225e+00,1.100007135822970383e+01
-7.525647438690947766e-01,1.691978322409395830e+00,6.112974139485704228e+00
4.336566126929626286e-01,1.632570236510408890e+00,3.415924923102231503e+00
6.430236034249757537e+00,8.909260180577430077e+00,9.071964987325396024e+00
4.987601216309624164e+00,6.453255158507395173e+00,7.243063648772514185e+00
4.064207872151375689e+00,8.472315929210273211e+00,8.589674657194796836e+00
1.522679333647271704e+00,3.421150391143100933e+00,4.649738290710144994e+00
7.562023150405389416e+00,8.422772653563885825e+00,1.241411540685444237e+01
1.099367721222670902e+00,4.036812262969209364e+00,8.182231906261712595e+00
5.170048924704572002e+00,9.311686361240571586e+00,1.251422867751945134e+01
9.864766004946753597e+00,1.291736013967805441e+01,1.349751534600568803e+01
4.720352778041626784e+00,5.986372885963499257e+00,1.003217630739106880e+01
2.438543732371293515e+00,7.437783096022108964e+00,1.151209470931451229e+01
5.312282628339108470e+00,5.332187509084397092e+00,1.019346046939064365e+01
1.038596354981727998e+01,1.260043426204929773e+01,1.474648419449793657e+01
1.741420235282613582e+00,3.515589390504607614e+00,4.178542430127223817e+00
3.680151101459683716e+00,7.328043624525736988e+00,1.085893063569284323e+01
2.512271736645539377e+00,6.745782816069679555e+00,1.101140203827173636e+01
6.603022704567673706e+00,1.043782075416574884e+01,1.138391850000231997e+01
4.408073980947628812e+00,9.394401719166806330e+00,1.130415736308860275e+01
4.007045901649794573e+00,4.950040726048490214e+00,7.405598507197932889e+00
2.894666987512145795e+00,7.055890572048366671e+00,1.033401665256783453e+01
-1.128104951632853403e+00,1.982724328133871339e+00,4.947689217874611245e+00
8.306138835071594784e+00,1.199743943140412483e+01,1.341203104975922855e+01
4.641067394835014959e+00,6.053241590633971825e+00,8.171549747443680900e+00
7.979627766880157402e+00,9.230891098482423729e+00,1.407814443847527741e+01
2.539497212487423106e+00,5.120862812239751705e+00,6.998371098220428799e+00
5.892520407124649751e+00,7.587795349266650113e+00,1.159250300677783585e+01
-1.346296383744896019e-01,4.345476428808520808e+00,8.516633724735626743e+00
1.467433069510989085e+01,1.550100417384529017e+01,1.862432929103428236e+01
1.031297442188390789e+01,1.231246763685376067e+01,1.617600531289662058e+01
1.075159541375258598e+01,1.085511604700736576e+01,1.530936313279806171e+01
6.145823334646510538e+00,9.522025578558970693e+00,1.045889381978561339e+01
7.194150795075101357e+00,1.026952899908555139e+01,1.517867798676051549e+01
5.232297214124166373e+00,9.753405227461017901e+00,1.183860667899029906e+01
5.524409898253894724e+00,9.855188888006976455e+00,1.094408506055999730e+01
3.692923368234213299e+00,5.985682897246373813e+00,6.442844916794011390e+00
9.379680378924685868e+00,1.188375179548317462e+01,1.323215748634849831e+01
4.308374778386731663e+00,4.468629222705872373e+00,7.151387180399018106e+00
5.559690235307533257e+00,1.053671798004464044e+01,1.360461099580946964e+01
4.096962315690771739e+00,8.060368403739888166e+00,9.540213671089791347e+00
1.138218890788209947e+01,1.329418193261653514e+01,1.395277222046744470e+01
1.071137006499217037e+01,1.166177182284444669e+01,1.631027692721944788e+01
1.245035615954296837e+01,1.299861924833951576e+01,1.655891194439799108e+01
2.274715741705777283e+00,6.354860735859550580e+00,7.115599865233514620e+00
6.550727003471103593e+00,1.004943213684673431e+01,1.101141035341951557e+01
6.923375772069993772e+00,1.104007160068957205e+01,1.472037402206796131e+01
6.534511811020462524e+00,1.105208237499295620e+01,1.295473298301974197e+01
1.093322968748935153e+01,1.126653574794744728e+01,1.161245114665230638e+01
2.927441603273087445e+00,7.118244880047119416e+00,7.268064592131458390e+00
7.343217119203182541e+00,7.588213088366370762e+00,1.033486082923434601e+01
2.745762078878905221e+00,3.937015587256071925e+00,4.180130731493820306e+00
2.894323897502007803e+00,7.312761500754662691e+00,1.184841597688297199e+01
9.261425821743863196e+00,9.769387735027251551e+00,1.270241663381270314e+01
7.311108952301323072e+00,1.110577208544203209e+01,1.547172285592839813e+01
3.433271593606563421e+00,6.454331079005548588e+00,6.653492955662624553e+00
6.084517265761835603e+00,1.060970855192933193e+01,1.261392812893695492e+01
7.117129068849395779e+00,1.169133559562137670e+01,1.474579393456722265e+01
9.787864145033731589e+00,1.279760752349528552e+01,1.526638026284927285e+01
2.516293435001586420e+00,3.552040894362122891e+00,8.506959646789042040e+00
8.274834092172905997e+00,8.369113573355850377e+00,9.984699520898324465e+00
1.308327010463264628e+01,1.489210131189261155e+01,1.836437211843534811e+01
4.694364080448760745e+00,6.437296619199811332e+00,1.090149375588480929e+01
8.860034947911158199e+00,9.413392620860697946e+00,1.373071211466257502e+01
1.235343806109960951e+01,1.287950555751998571e+01,1.756386998491084483e+01
1.206166751389686809e+01,1.213117280127954345e+01,1.477156647559684366e+01
1.147329524019639635e+01,1.256107244334568129e+01,1.542512823552368495e+01
7.785806169338099103e+00,8.752484612153700994e+00,9.803133586235656338e+00
5.119190470542507754e+00,6.605607341901186480e+00,8.889978736738836318e+00
1.186115325996567016e+01,1.384960828944080369e+01,1.414026330690009736e+01
6.718560929709131102e+00,8.003586330912114022e+00,8.742599994478704062e+00
8.559737896913496513e+00,1.277741054893308004e+01,1.549686102940827226e+01
1.033986148826318541e+01,1.411775320331650718e+01,1.819792633412347982e+01
5.350208164532801014e+00,7.848986463478623499e+00,1.124213207409878024e+01
6.469810347801256967e+00,9.283279196725562343e+00,1.379088650444882980e+01
1.492241437665379600e+01,1.493021171535441027e+01,1.614997302645862121e+01
1.299177998986174032e+01,1.301656260643817475e+01,1.765413334582373750e+01
8.825931864200942556e+00,1.159022404007550477e+01,1.257494010689462449e+01
1.055857075977955262e+01,1.132488768237540278e+01,1.416777306349354681e+01
5.527034209581795920e+00,8.245085922991862049e+00,9.079629710336435622e+00
9.444107470272987470e+00,1.420718310535379381e+01,1.847058719434771845e+01
3.928135923448316635e+00,7.560912496575095787e+00,9.129710300056631311e+00
1.262102192073326634e+01,1.287734597563892436e+01,1.584670613886239110e+01
9.167809165103211200e+00,1.047584533610235269e+01,1.382561702802510339e+01
1.622782786265617005e+00,5.181968857455105493e+00,8.254370877382360305e+00
1.329727182237941463e+01,1.357539331705411101e+01,1.628402216164930394e+01
1.253612682996016403e+01,1.323379663178728904e+01,1.749621687404255610e+01
3.466674428280541065e+00,8.401464416277256930e+00,9.838739978805346453e+00
4.934793511231577057e+00,8.477733330188151228e+00,1.190149781836373677e+01
9.574143677651692386e+00,1.022059424943521400e+01,1.129331143566515294e+01
6.082737216666177282e+00,6.751795796036432762e+00,9.444072920772693891e+00
7.096245916700627987e+00,9.830042913681412031e+00,1.334890987193618805e+01
7.964708397832719555e+00,1.010332018559637035e+01,1.237338131253262219e+01
6.262297623836976967e+00,8.841082071558124866e+00,1.111015501443274367e+01
9.182592643779608821e+00,9.553951665158257001e+00,1.346669907510174191e+01
6.330419246446867376e+00,8.000355429314570443e+00,1.019440071156291339e+01
3.062424409789825663e+00,6.809276982739786988e+00,7.907302175089983898e+00
5.557116213261815929e+00,8.284703347887205638e+00,1.247990891034341487e+01
1.191749738975495632e+01,1.480240863595087220e+01,1.654279766284396302e+01
3.259472712645585801e+00,6.263074347391883734e+00,8.607144559072329670e+00
5.089586664909059976e+00,7.917388404437066818e+00,8.599852445148618685e+00
-1.553728404874732405e-02,3.949110331013219621e+00,5.420868193612057517e+00
5.369584425373607139e+00,6.924424141900284546e+00,7.178506061271855643e+00
8.290586716317774219e+00,1.014444530199460459e+01,1.273444658641007443e+01
-7.823297539709872517e-01,2.999913069061090454e+00,6.727014380899502655e+00
3.969841241342042970e+00,8.231142481919313525e+00,9.897671580018913673e+00
-7.008616470587547553e-01,4.139736366151897329e+00,4.143198001420709708e+00
8.419200459941649228e+00,9.474807279807640370e+00,1.163576481722629552e+01
2.924515802264425091e+00,4.711326206724590904e+00,4.748842701054445392e+00
5.887008810516594970e+00,8.675785943323862881e+00,1.058446991994463104e+01
6.753281875633996734e+00,1.094660956229186866e+01,1.102834776188714372e+01
3.692869255878892254e+00,5.951297126229984080e+00,7.454687395581703235e+00
9.381275743604492234e+00,9.752348265754058332e+00,1.215722172895485187e+01
4.234759451983578504e-01,2.160610833066149539e+00,4.411079610686662988e+00
1.895530678983769590e+00,6.283239829812576005e+00,7.885560884333529863e+00
8.204740001735000732e+00,1.074728819141638780e+01,1.157807176769544455e+01
2.994158080447118842e+00,6.886431653115524298e+00,1.127231152395711788e+01
6.864182210870813705e+00,7.475141956317246539e+00,9.589308077272679753e+00
5.534187224883005740e+00,8.101044334202724073e+00,1.048215621997820612e+01
6.869528501389783770e+00,8.915816920849085392e+00,1.056718627888265161e+01
9.949462935681701481e+00,1.049785260549233357e+01,1.231266589772210551e+01
-8.349379610463065760e-01,-4.934800959174507895e-01,1.883901477832898852e-01
1.630025550889136365e+00,4.848011034099526384e+00,8.699140543622560173e+00
-3.881615567841583125e+00,-2.948155368728735404e+00,-1.092005795183147443e+00
4.628578069078669088e+00,8.109152147497066920e+00,8.550733832666592704e+00
7.628558869114332452e+00,9.457008184993750177e+00,1.228015011548464841e+01
3.062077357276123291e+00,4.246984197689361196e+00,7.001065385006629782e+00
2.453081305881490870e+00,6.590557804563108135e+00,6.715568450188568406e+00
-3.931826976354497738e-01,2.892130154552573273e+00,6.238850904190130109e+00
6.613077701367854999e+00,8.933133634872485018e+00,8.964833051395851626e+00
4.447144004169696352e+00,7.548950423498073548e+00,7.567492518119518508e+00
2.088604986460405932e+00,4.435250957370318936e+00,8.911123903729682993e+00
1.960135934513222988e-01,1.471998502082770166e+00,2.243027684488890117e+00
3.747320753574574503e-01,3.876460765849285561e+00,4.051495444106789634e+00
8.116259442618330766e+00,8.734346287394105346e+00,1.163338213107808095e+01
1.478947019207636160e+00,5.872357612686144535e+00,8.696539180965810800e+00
2.590816863863210084e+00,5.442397614236460512e+00,8.030070855681071151e+00
-7.601585574736846596e-01,3.439991086069436932e+00,5.146532634727606137e+00
-4.121372813547354852e+00,-1.085115445781669852e+00,-1.953542283045540673e-01
-2.776412123517415509e-01,2.269496544944693106e+00,6.561112384428773758e+00
1.077888791983387939e+00,2.468392913689574808e+00,4.218289650634011068e+00
-1.415258474012812684e+00,2.697437863005692549e+00,4.714707273138718513e+00
-3.725428746384086054e+00,-1.385098229661996250e+00,-4.886327856070016296e-02
4.941145658655343276e+00,4.942355723442234172e+00,6.209507176264301265e+00
-1.047274963114106505e+00,4.749606182622923001e-02,2.624698836089046416e+00
3.906774917244044687e-01,3.616614990689434261e+00,7.801911820198883518e+00
1.140677965339861544e+00,4.703458684586801830e+00,7.812139166594706197e+00
-1.645413931352354364e+00,2.197061117297558486e+00,5.292875469059005411e+00
1.601994854712618377e-01,3.095388866338262268e+00,3.663357678988509392e+00
-2.530197568023023980e+00,-9.397327246737965378e-01,1.647139828474339263e+00
2.800146892997651626e+00,5.657667673503544492e+00,9.424997349794516310e+00
-7.852097360735013076e-01,3.387560368759313878e+00,4.711414022792537182e+00
2.755740834017038843e+00,6.652452300301733956e+00,1.030374515666632362e+01
3.237034074717955789e+00,3.324491186221001371e+00,5.203923987645064031e+00
-6.451937449273376757e+00,-3.757371392662640197e+00,-5.657787716261140076e-01
-9.408186668456639978e+00,-4.656384970165556858e+00,-3.858378569682017201e-01
-1.094801443300486676e+00,1.588185274143014025e+00,1.675768957029217798e+00
7.096915715079212816e-01,2.112561505067785728e+00,4.724504956402944877e+00
-2.938312285183899863e+00,-2.875059562800355462e+00,2.119145877673824341e+00
6.369164070663753563e+00,7.034708423865158267e+00,7.193420336322006392e+00
-7.219495248527052489e-01,1.877650301627927565e+00,2.882642031903423163e+00
-4.196056083991942742e+00,-1.706098681119359473e+00,1.321157559325196296e+00
-7.216760807118546284e-01,1.421809493977221894e-02,1.460542765162136547e+00
-2.666999815382902206e-01,2.537160957319044563e+00,7.525454621194287874e+00
3.832775275884395594e+00,4.242190445135331167e+00,8.223565685484526711e+00
-2.126396592736965907e+00,2.490134386715973314e+00,6.918825379435991074e+00
2.150945187926004198e+00,4.940220627070815773e+00,8.085820277631961872e+00
-4.181280174843162722e-01,7.422523879258933199e-01,2.688818293614656962e+00
2.983842310466944259e-01,7.320205151958059098e-01,1.699276655431178451e+00
-6.577231840259900153e+00,-3.092109322201013644e+00,2.857023409272918535e-01
-2.575497984886825797e+00,-2.301764673948796691e+00,5.602500160517847050e-01
6.459649399610611908e-02,3.498312509119444247e+00,7.799468609177568013e+00
-9.805599925565587682e+00,-7.254783135595479493e+00,-6.040479643206587923e+00
-8.543147247609073958e+00,-3.584081974231444256e+00,6.924246291366769057e-01
-2.478950158550280669e+00,-2.379709598444992302e-01,4.274049995366613786e+00
-3.467282800802513165e+00,-1.977928699681484659e+00,2.232909452811142614e-01
-1.221908780540357231e+00,3.181049926358721081e-01,8.938003787379412701e-01
-7.878871206491679935e+00,-4.125603450479569112e+00,-1.964146155713886621e+00
-9.971291272556959129e+00,-8.350598857877056247e+00,-6.092721834829623262e+00
-8.565171265230933528e+00,-7.848978473901144781e+00,-5.019428915297076799e+00
-1.637628216135609716e+00,-1.462427153527054324e+00,1.055408820977815187e+00
-8.343056914904217081e+00,-3.442677988000469202e+00,-2.038692671945357748e+00
2.821470563621353733e+00,4.976561638508656849e+00,7.358051968126412490e+00
-9.563589283490838255e+00,-5.784226161095855190e+00,-3.795036347774686014e+00
-1.010078214992817536e+01,-8.651460811534933626e+00,-8.363153113675782180e+00
-1.000218694254499052e+00,2.083814353346054915e+00,5.206436265953118259e+00
-5.584179933960697895e+00,-1.346384320997047634e+00,3.231663026605252842e+00
-7.780474450663787067e+00,-5.556132328126678566e+00,-5.336673047986353779e+00
2.627688324955624211e+00,3.596492556669953267e+00,7.382029427435711000e+00
-8.976000852440890299e+00,-5.492893528508584922e+00,-5.223900421404167105e+00
-1.375665116445122571e+00,2.682772181446839710e+00,4.315599825662149058e+00
-1.020040916894178196e+01,-6.026926677083713990e+00,-2.226328541630596902e+00
-5.189569102104178988e+00,-1.648779502853474632e+00,2.030961517258047078e+00
-6.359276012265868694e+00,-5.427125307886537797e+00,-6.514612513460003029e-01
-4.051359450530064521e+00,-3.379036245516895853e+00,2.723148195977316277e-01
-8.003274066829757061e+00,-6.331312940504020048e+00,-2.824322172328860070e+00
-1.320719213419773119e+01,-1.014612323557276063e+01,-9.606394702525680174e+00
-6.251532680243355955e+00,-2.379614831024571053e+00,1.427290214433871274e+00
-1.090821602011245517e+01,-1.000803265638861816e+01,-9.965760069012381095e+00
-7.991476160648741001e+00,-5.522031535104917843e+00,-1.693506272181662720e+00
-5.558384096414727082e+00,-1.561946928780592270e+00,1.672509455779752408e+00
-5.571769269620028275e-01,1.868056356490661152e+00,2.340259410285697950e+00
-5.523373746853829758e+00,-1.441124953140773712e+00,2.619610215220853355e-01
-1.465806644495139999e+01,-1.246885170989671288e+01,-8.347349649527906479e+00
-8.265747540407192062e+00,-5.369437353058192031e+00,-6.880065685420282406e-01
-1.325512246485695655e+01,-9.188510028691030840e+00,-9.163404320370444722e+00
-7.717675681116842767e+00,-7.581184743531594883e+00,-4.417764202092244297e+00
-6.805807464932298601e+00,-3.324263643173223759e+00,7.299650306421545665e-02
-7.219150632551455615e+00,-4.670590824408710873e+00,-6.395308701235080662e-02
-1.537437457758584003e+01,-1.150668810652469176e+01,-8.226825186854338057e+00
-1.141153425000749166e+01,-8.387875170064610586e+00,-4.175536185011140766e+00
-9.511761615208472520e+00,-4.914150583639655956e+00,-1.653687662719862672e-01
-6.070074945233782771e+00,-4.045859613813565403e+00,-3.316659338121737743e+00
-1.163616983978815433e+01,-9.701782797432777272e+00,-6.433830664279330591e+00
-1.216124215855473523e+01,-7.793772284155330077e+00,-2.888127740656934783e+00
-9.412245790793882350e+00,-7.049544369585151848e+00,-3.016822441518993259e+00
-1.035151149656695857e+01,-8.427625014920856472e+00,-6.010171610583174839e+00
-8.130473401534320743e+00,-6.590141332421686649e+00,-1.627729694288961859e+00
-1.265758470281999593e+01,-8.203979830046796096e+00,-4.842112508469298859e+00
-1.192664716018394699e+01,-1.056441895567391676e+01,-8.731290458550143185e+00
-1.101865853043050691e+01,-7.182247336410343408e+00,-3.433366512665395831e+00
-1.168808188381555091e+01,-6.796936880708319251e+00,-2.281018989492027416e+00
-1.021980926589420591e+01,-7.867376724322680204e+00,-3.408007821529865922e+00
-6.978384985967397647e+00,-3.765440311915404514e+00,6.456581876858455971e-01
-9.863620997927316836e+00,-6.073712264368921865e+00,-3.554870951886925479e+00
-1.285571123768638913e+01,-1.106270535868492466e+01,-1.056063522532841858e+01
-1.341627052989191249e+01,-1.300179248082504202e+01,-9.959092226453407193e+00
-1.458246860146114088e+01,-1.067865258840884657e+01,-7.119510098243335250e+00
-1.155533495890708551e+01,-8.970073922035405545e+00,-4.064003676430995249e+00
-1.159161992866899737e+01,-8.160205304856866348e+00,-4.198965021624957217e+00
-1.164264915170612014e+01,-9.661117203609688175e+00,-5.354358212242950721e+00
-9.423603046249596105e+00,-6.344316841283838215e+00,-3.264001421579092010e+00
-1.446300142497763375e+01,-1.400064562778609378e+01,-1.130874540794251537e+01
-9.770229682081364331e+00,-6.939894139961033659e+00,-6.503512753322509887e+00
-6.202722062671331749e+00,-4.949790371732700756e+00,-3.570587384634497319e+00
-3.130450851537700974e+00,2.825218463776657529e-02,2.299739911712292972e+00
-7.523454475486044402e+00,-7.408690916668815518e+00,-2.438758532235921095e+00
-5.239881638787834639e+00,-4.216437067998160870e+00,-3.745904852717803823e+00
-1.206093509064270997e+01,-8.066154030825682497e+00,-3.355623937686232239e+00
-1.191071620221834060e+01,-7.033233749062814510e+00,-3.107537227884116682e+00
-1.267696427866079745e+01,-8.112850052936614986e+00,-4.227475042982030473e+00
-7.592125804625419860e+00,-6.439644663582033246e+00,-3.283584054210661130e+00
-9.129229070666825763e+00,-6.530214194997161492e+00,-6.192128618446199440e+00
-9.654603979117534207e-01,-1.631843892601239077e-01,3.112045496698291114e+00
-1.230343075974136902e+01,-1.017338166714052328e+01,-5.437478499374504004e+00
-5.746054023506419917e+00,-4.883692947515269722e+00,-4.444724984988063454e+00
-9.401990526389262470e+00,-5.434178761347018494e+00,-1.892913565942851761e+00
-1.437718507328967199e+01,-1.351904875067068090e+01,-1.315849129901843995e+01
-9.826785536616760908e+00,-6.274500542932406333e+00,-3.311393594371170757e+00
-1.057319518519014068e+01,-6.382999173146447269e+00,-2.072413964252672436e+00
-9.282390166813156540e+00,-5.554877097890122961e+00,-4.051685025637324244e+00
-1.399752428035629848e+01,-1.214899916625362408e+01,-1.161943738699425310e+01
-1.046867437803901524e+01,-7.806868221447217593e+00,-3.002744822929117596e+00
-7.659023379090209360e+00,-3.083975652909590970e+00,4.822206985092947207e-01
-1.231776774633801175e+01,-9.552155097367599268e+00,-4.585524755974717870e+00
-9.638168559580552852e+00,-5.685718318684589434e+00,-2.598700663887405504e+00
-7.559830138123309062e+00,-3.866387950384250871e+00,1.089285127282193066e+00
-9.862738370093250495e+00,-5.344074867367546666e+00,-5.077973081623719409e+00
-1.179469314633174015e+01,-1.125080681487316170e+01,-9.111170225100334363e+00
-1.395404097823951162e+01,-8.962312540128424487e+00,-7.917836310100006436e+00
-6.694083778594010603e+00,-5.223235719809333766e+00,-5.199452559449347255e+00
-7.153345579000274235e+00,-3.178443096917145994e+00,4.252297243322740172e-01
-1.580741952060177979e+01,-1.143257502267767478e+01,-7.309765291850093050e+00
-7.828911970342584681e+00,-4.538373836967503294e+00,-2.803879947888267221e+00
-9.767173087300038858e+00,-7.604801931775127422e+00,-7.266175390548366586e+00
-1.288750521882511535e+01,-9.678305854057587254e+00,-8.458484043218756909e+00
-1.339073749149764758e+01,-8.440259588954717174e+00,-5.610599719740526403e+00
-1.305150323176359350e+01,-1.175339939131471034e+01,-1.046773502513283738e+01
-6.523681116952082526e+00,-3.988665841003499857e+00,-8.523472012854700353e-01
-1.035770961185203021e+01,-8.105301575568216066e+00,-4.565853269342792231e+00
-1.139844229538274512e+01,-8.806001632096434051e+00,-8.433985200078636169e+00
-5.175958623077296927e+00,-4.054473374086033921e+00,-3.560143573092569902e+00
-9.706930299971418208e+00,-6.711072914942754153e+00,-4.510842267638831338e+00
-1.056183676888793599e+01,-5.634524948104649766e+00,-4.005554118900755967e+00
-3.113000911700919637e+00,-2.973934684949130158e+00,1.834807703044879723e+00
-7.690206729042467160e+00,-4.605838347245128972e+00,-2.140709022054800847e+00
-1.065910321520756376e+01,-6.684234584405682078e+00,-5.580859583481490915e+00
-8.201593309705607737e+00,-6.880038960762213662e+00,-2.325761490768418760e+00
-1.213747432542743709e+01,-1.028763213547255262e+01,-5.289049312766364253e+00
-1.265909772071711004e+01,-1.130667993873765553e+01,-7.462582674668835736e+00
-1.631726013305290657e+00,-1.523710188969038981e+00,-1.117598419118271291e+00
-1.497315552916396086e+01,-1.337761939679941214e+01,-1.084443698809778311e+01
-1.155542390754308002e+01,-9.761617849446370343e+00,-5.668181571891721227e+00
-1.047235890952258686e+01,-7.376919778205548006e+00,-2.467206440282935453e+00
-1.326702819288666113e+01,-9.645632970966875774e+00,-8.374380496134877561e+00
-9.093251017178529239e+00,-5.944982364473563763e+00,-3.018966546745236457e+00
-4.988839932836818036e+00,-1.205280347913967987e+00,1.329874139326044702e+00
-4.193020639836993801e+00,-2.115704736747917813e+00,2.148147474381594257e+00
-5.574427418956197755e+00,-2.917875976276769201e+00,-7.934487671659979924e-01
-1.380506239514672018e+01,-9.538442751859701474e+00,-8.460794496987983138e+00
-8.763584305431223243e+00,-4.340883754080217649e+00,-9.323088215392960620e-02
-4.829544825572547495e+00,-3.894515060307353060e+00,-2.622055335840729029e+00
-1.025654951542842674e+01,-8.081042671831426105e+00,-5.387939907381205096e+00
-1.246803841156981463e+01,-7.817160986191598937e+00,-7.265480140215786697e+00
-7.084630077236321100e+00,-5.106628330285253980e+00,-2.860516953784352445e+00
-3.692919846461922617e+00,-3.076405642002132179e+00,-4.430500157823202834e-01
-1.233405303684198451e+01,-1.052076179165997871e+01,-9.456650988452963702e+00
-9.860244967091146506e+00,-5.237694869216516835e+00,-2.071664695062760853e+00
-7.400335065130230205e+00,-3.817844891702293353e+00,-7.649282200509386342e-01
-1.021417060361979523e+01,-9.790924823635267060e+00,-5.507287189165934294e+00
-1.140349012453098254e+01,-7.767827263773070534e+00,-7.039329567553115119e+00
-8.315034752312840283e+00,-3.386097516651524586e+00,-1.992437848844900383e+00
-1.031505132586210394e+01,-6.820669218231403264e+00,-6.617340903178211775e+00
-6.751568435218512576e+00,-5.477049840361964073e+00,-4.760695484658041821e+00
-6.391967656692105315e+00,-1.474931429247389403e+00,3.285238313664051724e+00
-6.314787722805646375e+00,-1.457516720573458713e+00,-4.524482429836842456e-01
-2.117327188014517692e+00,-2.004582729745891800e+00,1.097405388186909914e+00
-5.627996945402923501e+00,-3.076690080556605533e+00,1.417961155434341425e+00
-4.873170528224025411e+00,-3.240209297801297961e+00,-4.007725141149451886e-01
-5.890170812773305897e+00,-2.575128880789637087e+00,-1.091613317087372081e-01
-4.498910117718970980e+00,-7.500108092954391736e-01,8.719461853485750424e-01
-3.495413839010617973e+00,1.188454718207507810e-01,3.912741590454331231e+00
-6.198426864967336414e+00,-4.049851890657601317e+00,-1.468530620915999840e+00
-4.670616528755917152e+00,-3.628335733661939955e+00,-8.907358764462993683e-01
1.084533687820087966e+00,2.089990374149252705e+00,3.558749663665681240e+00
-4.089928159302193222e+00,-6.118577872378860860e-01,-3.418267966623783627e-01
-7.224835044551769059e+00,-4.440273893255126225e+00,-1.003963700377902502e+00
-3.142921346057731213e+00,-2.586475196259469644e+00,-1.195215267994376163e+00
-2.719190195063283522e+00,2.104755605930169526e+00,6.669094015575174339e+00
-7.127443471258365193e+00,-6.177677544496310347e+00,-6.058355530307403036e+00
-3.525504896225395868e+00,-6.350533925413551772e-01,3.163894075878966650e+00
-4.976991771344748017e+00,-2.588344054035597086e+00,3.500806708458532590e-01
3.068242735825745804e-01,1.930549840119167637e+00,6.002869224124632197e+00
-7.336411343782968331e+00,-2.732603051688776041e+00,-8.751831462491059810e-01
-6.556596073722046114e+00,-6.128629380653801917e+00,-2.877858977451866807e+00
-7.412399065018146160e+00,-3.378602451210271251e+00,1.289599723788530827e+00
2.492297985159446227e+00,2.817247068758255146e+00,6.033458499621451310e+00
-1.124051862437714533e+01,-8.654600240939831934e+00,-5.223204893704574303e+00
-5.436480664366435178e+00,-6.966402807804605857e-01,3.451524112610856676e+00
-7.675996779805150716e+00,-4.385464733547490113e+00,-6.233350676069981944e-02
-4.774642329986805933e+00,-2.792442274112191258e-01,1.134546835792666020e+00
1.183772052133758468e+00,1.679587628864968929e+00,3.482108274298354900e+00
1.443148176442267339e+00,1.514699194074736521e+00,3.428523169711875873e+00
-7.420852613096857731e-01,7.161574946267523778e-01,3.744937830561334557e+00
-2.223911679147945630e+00,5.565858261569207599e-01,2.352348371380912351e+00
-5.389368535772365298e-01,8.386596408504032318e-02,4.893780617507917263e+00
1.249936092166104018e+00,6.091253104765681492e+00,6.908494292856135033e+00
-3.085985087759238077e+00,-1.294535165563384327e+00,9.858514097052648584e-01
-1.603111838536209754e+00,1.167698992211214870e+00,2.918974561721960903e+00
-9.368207672989292689e-02,4.273248981021534831e+00,6.378964982478651180e+00
-7.949336789724680274e-01,-9.230497977901253037e-02,2.054602573723147696e+00
2.143563277119381105e+00,6.793085040129563268e+00,8.000750676919153648e+00
-2.143418217421575900e+00,1.316461940318220503e+00,5.683111356269263226e+00
-2.875164807131231459e+00,-1.496359472128240498e+00,-1.095466823930359990e-01
1.968328010961126528e+00,3.105321822957141986e+00,7.359373561056294477e+00
-5.806198871339447010e+00,-1.610582048534134003e+00,-5.422765795908348618e-01
-2.200223082694095389e+00,-8.022450097498445842e-02,8.573101869902088890e-02
-2.115597282786780386e+00,-6.366628193635515132e-01,3.855254474345959359e-01
-2.220954606692798983e+00,1.478677658107727666e-01,3.650676443116512182e+00
-2.985035633297577373e+00,1.197117075534911645e+00,5.137286333096377611e+00
-1.292156421326785765e+00,1.614101413440530930e+00,5.992985075379138493e+00
-5.280007563010312488e+00,-7.950163237782090775e-01,2.005346164340981119e+00
6.688994988615872828e-01,3.476075312577866505e+00,5.753748253833748549e+00
2.897787864701633076e+00,7.094219380033051081e+00,9.057331294244880482e+00
3.563529905197457381e+00,6.807346740567161270e+00,7.878514624838395264e+00
3.698567141710079831e+00,6.829408749940991896e+00,1.111738136424498968e+01
3.744170041578542385e+00,6.627006476978509752e+00,7.707805810882550901e+00
1.317471313768860952e+00,4.385211202512225626e+00,7.633942371199713861e+00
5.817364356133513326e+00,6.292988491389628791e+00,7.580780961543787555e+00
1.215956692923630289e+00,5.039682446134063909e+00,5.567859189720559598e+00
1.200115961294408340e+00,4.390323921634089466e+00,9.310394375898178865e+00
3.042983273439721081e+00,5.283093221861459909e+00,7.316607580720360104e+00
-8.270379507126257579e+00,-5.880063743424147837e+00,-2.588740169718753759e+00
4.135776648454327464e+00,7.283344966080418814e+00,8.918798186458360533e+00
4.405907226899046236e-01,3.121403182779721952e+00,5.957778493472464909e+00
7.704839201740968591e+00,9.285072607054232208e+00,1.199557010412327074e+01
5.547504761912218640e+00,6.963629462556295557e+00,1.126189608998584468e+01
1.672511611468253889e+00,2.888343537499519442e+00,5.089988937065547780e+00
-1.476764573593463137e+00,1.930920661391734683e+00,3.161858448906777141e+00
3.657897367553637924e+00,4.067717884115127802e+00,7.971984134396770116e+00
-2.502315508330081428e+00,1.553147157379394017e+00,5.570612214430557430e+00
3.825008182539207713e+00,5.993780277872203577e+00,6.400274251144599802e+00
4.875173759503417692e+00,6.032859881699849325e+00,1.102713029022512004e+01
5.917766059462055139e+00,6.429376603092254783e+00,8.822020876795194866e+00
2.087199706045654857e+00,4.444718866428728710e+00,8.674236182886133406e+00
7.243057150290320934e+00,7.642902137692286324e+00,9.854858355172620321e+00
6.126941317066675552e+00,6.389674932046009559e+00,1.074950667825915751e+01
1.004092551882745177e+01,1.157289810500500060e+01,1.511045569677372136e+01
6.243258146854614665e+00,9.770069855598904951e+00,1.006562803845320175e+01
7.109063961850035085e+00,9.175596705794704988e+00,1.049440975709740087e+01
-5.463343033681944405e-02,3.335171873135965193e+00,6.155978951809741417e+00
1.343466123022355685e+00,3.667328077225647576e+00,6.582476610629992564e+00
4.101932925537608909e+00,4.256213828533848442e+00,8.742967900864023534e+00
4.296476909705723379e+00,9.213914635718550628e+00,1.303691292602905705e+01
1.663070814273082121e-01,4.573109012522350802e+00,7.591972222209292909e+00
1.661380079551778799e+00,6.356728807558447158e+00,8.943564913066136768e+00
5.813124868108003440e+00,8.075534159563947156e+00,9.715067999904277940e+00
1.220831419678717822e+01,1.420232122649711393e+01,1.569941275474958964e+01
8.002661832995984881e+00,8.192289276126404118e+00,9.111326690146967167e+00
-8.449929684885191250e-01,1.437152934150308425e+00,3.642532318611569231e+00
3.345111036176223518e+00,6.740388987516773511e+00,6.925705065875181532e+00
2.530193235803010143e+00,5.470045236539516686e+00,9.144576983296754946e+00
5.125298894360604152e+00,6.121206221054499963e+00,1.072502261326356354e+01
5.059065054575661691e+00,7.098517736298876279e+00,8.621720986742456461e+00
5.342155786726189959e+00,7.601546303161329732e+00,1.154306323265639023e+01
6.170239375315221153e+00,8.667402676740143974e+00,9.585419715660608020e+00
6.962211439398960700e+00,1.070099867471046196e+01,1.354852641801784330e+01
-5.934143620840850453e-01,3.381875222675734705e+00,7.106547961648732148e+00
5.730791628783127756e+00,1.054914529621676955e+01,1.416419412747891116e+01
1.252005230060374430e+01,1.290343073550722153e+01,1.787610531804237723e+01
8.953724971384961151e+00,1.136212112866394364e+01,1.375298854267101945e+01
7.751775499403697367e+00,1.180330666226805292e+01,1.306412301971056955e+01
3.904794263541085719e+00,8.131832816442347678e+00,1.140363226442299549e+01
1.161546746206903613e+01,1.203467417854179899e+01,1.695820712968779276e+01
1.080031188093888339e+01,1.509989971485319593e+01,1.880771543791705724e+01
7.378610506655654433e+00,1.100971043504768154e+01,1.481793303477396151e+01
7.585184970449764918e+00,8.026423781249091505e+00,9.898743703157883544e+00
4.442422045406185127e+00,9.415921951503264609e+00,1.282716120725599396e+01
6.133554152223698708e+00,8.922851045449675667e+00,1.005296416353587574e+01
9.658887708184323628e+00,1.307048107713954366e+01,1.747348961306238024e+01
4.192039692823308350e+00,7.976094696306094356e+00,1.212557246594829863e+01
8.512225014712820226e+00,8.647467031719511255e+00,9.976082541117733626e+00
9.248444777667110372e+00,1.398530587653447377e+01,1.819261053432158093e+01
8.038144385884049115e+00,8.175660129145093435e+00,9.064794358632617843e+00
1.009450326594510905e+01,1.183517175980835390e+01,1.598137838314576342e+01
8.498254877379890715e+00,8.774714686578318990e+00,1.212144366646445448e+01
9.312964181725334356e+00,1.052532338250774835e+01,1.447220166053146961e+01
1.150202943490777407e+01,1.343660132523879014e+01,1.430476995317736844e+01
1.483281916169196712e+01,1.658199608704167360e+01,2.147247360390482029e+01
3.764593340257757603e+00,7.435425890575903196e+00,1.231545278987742620e+01
1.293698434417528453e+01,1.339144309265561894e+01,1.435655039368917407e+01
1.045836775835809540e+01,1.205188958564022528e+01,1.489279734839394820e+01
2.481992070419495988e+00,6.734372979712437868e+00,1.124494850819276159e+01
1.311580699126452387e+01,1.540284513715370807e+01,1.572541970239501374e+01
7.450283624277451722e+00,8.096405532255783299e+00,1.031963768188362707e+01
5.584942307043782250e+00,7.656796400308054196e+00,8.174335023959418578e+00
7.764454009765755949e+00,1.136692646672728735e+01,1.496029111198545358e+01
9.522960628177063569e+00,1.244114720783241879e+01,1.265395508503336508e+01
4.502070659551075771e+00,5.750239367524471845e+00,1.060628852696633295e+01
5.184429216991043532e+00,7.982567587829616507e+00,9.254669807060741604e+00
1.168228350847265773e+01,1.347290178297713759e+01,1.363223321384989184e+01
7.667590867682370970e+00,1.024305454373846835e+01,1.374346224493972812e+01
9.701878088111014264e+00,1.032789590412768632e+01,1.316334188557671681e+01
6.725166210825974211e+00,8.240318280310471977e+00,1.077072636425947039e+01
5.438705432937139150e+00,1.008366268839911051e+01,1.305924817813320615e+01
8.214140013987858424e+00,1.275606344600525510e+01,1.551282305272136597e+01
6.290870806054051911e+00,8.561734477889853423e+00,9.616619015287975358e+00
1.076110897717123649e+01,1.223028959007492844e+01,1.614715486281620471e+01
8.470128030150920750e+00,1.226614587933485900e+01,1.564342280415456443e+01
9.570816932844934399e+00,9.768729877103453418e+00,1.447744376082109596e+01
5.307623145611850113e+00,7.311245601505975245e+00,7.967872525629493552e+00
3.503342470860646429e+00,7.857395189291379367e+00,1.253663306109148401e+01
1.303664514630110993e+01,1.496096125236296714e+01,1.594407930865684975e+01
1.117580390710562810e+01,1.191475739871635220e+01,1.625710086602267879e+01
1.288573173858592114e+01,1.404777075287508836e+01,1.462342673887962263e+01
9.640974489474446685e+00,1.175112414954804407e+01,1.661810111833330694e+01
8.539897004890862675e+00,9.721847039526519296e+00,1.438200341883332811e+01
7.804994385017097969e+00,1.217404582112928679e+01,1.611125729864323120e+01
-3.775977964299197076e+00,8.449075306266102814e-01,2.424129502709062134e+00
5.514082795674481119e+00,9.475624557554363392e+00,1.096379569555061906e+01
4.509993841910526768e+00,8.453609714369809680e+00,8.788312848833973234e+00
1.049237144771412744e+01,1.462163278016769397e+01,1.934096439188551386e+01
9.550076782713073698e+00,1.055754214880436948e+01,1.155936891958434387e+01
1.669934539191061607e+00,5.393844524365793092e+00,5.528920444168102577e+00
1.270012559359499882e+01,1.322550157799547321e+01,1.512693185332325285e+01
1.152673483183879632e+01,1.168677229416446295e+01,1.476798285763913299e+01
7.318782643414563971e+00,1.161067291566109105e+01,1.172553859540010279e+01
8.856030646351108260e+00,1.038069278234939929e+01,1.337915833507201668e+01
5.657958612567004053e+00,7.244820067074750014e+00,8.245106951226048864e+00
1.236834518702515151e+00,3.922466581357262783e+00,4.081344621667755135e+00
4.766946928201170941e+00,8.873492500554400308e+00,9.454286958862956780e+00
4.060950572506843770e+00,5.177772863864798403e+00,5.466937751631068210e+00
6.412724421097243166e+00,8.726599421870547602e+00,1.211681794363650155e+01
2.294347603272679059e+00,5.732941771909191075e+00,1.073222491925867672e+01
7.001004745509028737e+00,1.066513471537166780e+01,1.231850123803216945e+01
7.530963641623028337e+00,1.098106320736659747e+01,1.273808006080585997e+01
3.208165112290982890e+00,6.136607682951804144e+00,1.094452735827678325e+01
3.290628052937045300e+00,5.688057749494505266e+00,8.553773958364214280e+00
2.279995482103745807e+00,7.155929062623473946e+00,7.930834801490252772e+00
4.279028775300700360e+00,9.174300385706402494e+00,1.323833782291363015e+01
6.739018891100343467e+00,9.012449810389654203e+00,1.141973439493981068e+01
9.812121171704726308e+00,1.025786258837849552e+01,1.189716079939947413e+01
6.310622120402782365e+00,1.042609594224043335e+01,1.218226548846942059e+01
7.766789634447921031e+00,8.370911147825625065e+00,1.179531308899247932e+01
6.159727635392802547e+00,9.197313907189144544e+00,1.331242547864732195e+01
1.102231261346436497e+01,1.244389817775920193e+01,1.617483864343386557e+01
1.825589802256287086e+00,1.976047076266511660e+00,3.955284162271768267e+00
1.535280997199363284e+00,4.999767092783400813e+00,7.698380735901646510e+00
4.463699409804577911e+00,7.878100050506302132e+00,9.366114457988071962e+00
5.671627934006275851e-01,1.702122156824609434e+00,6.113150246025118584e+00
1.235353001613073154e+01,1.340541568336794853e+01,1.657486262371260466e+01
5.765061664147151710e+00,6.664839735253640818e+00,9.972341998059837564e+00
9.174150243315459363e+00,1.008796733378459010e+01,1.029192671672076820e+01
5.477154315332964707e+00,1.015212196226624641e+01,1.019833097275114753e+01
3.831826649405403629e+00,5.673130795507048241e+00,8.175912876124071360e+00
8.906818850335577409e+00,8.917742845489193826e+00,1.104345980553092232e+01
5.028797207128600455e+00,5.302630746026138375e+00,9.089419338139459015e+00
5.509984555823057129e+00,9.651591094194291287e+00,1.029397673113752987e+01
6.024099562078188086e+00,6.758177916259389129e+00,9.734749008608705623e+00
7.279486499128826615e+00,1.213388359034990671e+01,1.629663223464515198e+01
4.082144762813800121e+00,4.128365924722340097e+00,6.476201428855734576e+00
-2.472452096273632272e+00,1.773398967690480887e+00,5.590970032743099338e+00
4.789047588990338333e-01,3.599340374712014068e+00,8.346641712199232899e+00
-8.158306737115008644e-01,2.961410155002387246e+00,4.954680021278450752e+00
1.494520813356800204e+00,5.251679650162217605e+00,6.992835065912915482e+00
3.198173747986118087e+00,5.150210054517517122e+00,5.161120159431637155e+00
5.896041170619861660e+00,8.219503963081072229e+00,1.033651797411909001e+01
3.586951671093796534e-01,4.523159299138811207e+00,6.445272905040492439e+00
2.826839536974247835e+00,6.523130155984850020e+00,7.695142070055834616e+00
6.308352061866058236e-01,5.562794355375072719e+00,8.259337133305610479e+00
2.708586087561472677e+00,4.300026711800581936e+00,4.616168850549309255e+00
-1.696161792529867762e-01,3.920863834938357328e-01,4.580047356005056969e+00
1.233338792694517849e+00,5.262467610859103750e+00,7.115547857292757072e+00
3.976800890072662131e+00,4.811654485673410697e+00,8.181226874851354580e+00
1.038736690804228591e+00,1.586194993009550025e+00,5.650077268562989197e+00
2.564862763383398914e+00,6.855649746520441568e+00,7.465473379630218176e+00
-2.410665456455030053e-02,2.635490201430104484e+00,6.508788398690699140e+00
4.700535954615008727e+00,5.075905126909628251e+00,7.593999726303998443e+00
1.211597189996831414e+00,1.647920063072727981e+00,5.085818199252409855e+00
5.639178995933212590e+00,5.784905882633702312e+00,9.446722482938714194e+00
5.614283883122491048e+00,7.135162726855050153e+00,8.972942325708519462e+00
4.539419677774208850e+00,4.950795367796859914e+00,8.155210595655995931e+00
-9.528950212665576736e-01,2.566946732058961622e+00,5.893246302837856554e+00
4.506400790653290578e+00,8.032615544811124053e+00,9.214995422940907233e+00
-7.587876969819774331e+00,-4.351062009283809040e+00,-9.715658391045258746e-01
-4.886466851004202638e+00,-2.883399403420312535e+00,5.783835792129496944e-01
-4.626739564576006103e+00,-3.299832557864221805e+00,-7.243844284505600584e-01
-1.838532710716805241e+00,1.157052962181952527e+00,5.485693169217729093e+00
-2.524427226100230293e+00,-6.034531484795206957e-01,-5.469799970351995055e-01
2.300425224859639961e+00,2.968087477770689819e+00,6.338164874585045183e+00
-6.633299075282319990e+00,-5.877182307791595228e+00,-3.959383050807339099e+00
1.628266362823189262e+00,4.330743167431315932e+00,5.343107782711301823e+00
2.266568350508058494e+00,3.212265019009711509e+00,6.779643651738100019e+00
1.796741497093408135e+00,5.904416618711374021e+00,9.801160336988802513e+00
-4.389997526055038790e+00,-2.799685674335612440e-01,1.370473547729332831e-01
1.610974302852421491e+00,4.990967041718585406e+00,4.991942186374781265e+00
-3.066495640825732671e+00,-1.043159641750925903e+00,6.758919692977478633e-01
-8.653230609064641143e+00,-5.280652428115104158e+00,-1.952458144934511530e+00
-3.588035189771113131e+00,-5.181237429975087405e-01,4.094242166915102565e+00
-1.281184844020786917e+00,-9.429844155531148520e-01,6.847648621779864886e-01
-3.164812540635874694e+00,2.243089059718270661e-01,1.807446117142816666e+00
2.613175903889610296e+00,3.088831637261182372e+00,5.028661437565837389e+00
-3.287829855108587385e+00,-6.772050716581904384e-01,2.287781923185852051e-01
-4.274491036705970970e+00,-3.513723622103190447e+00,-6.186005115549200184e-01
-4.016173270907196446e+00,-1.896430918748801986e+00,-7.007030527687119204e-01
-4.610251778397303823e+00,-1.241929472785304966e+00,2.299026821945773680e+00
5.039026447201822023e-02,3.814039286937025874e+00,4.386180644807714302e+00
-2.128306150867814051e+00,2.086535081951244930e+00,6.556222250583060074e+00
-2.395365303633367304e+00,1.376350152782524372e+00,2.357961133069160553e+00
-5.271853530641083196e+00,-1.080107886358326663e+00,8.025863654835414529e-01
1.963203549669012560e+00,2.856260146623177398e+00,5.312898193553360571e+00
-4.258262628853024978e+00,-2.221833599788385349e+00,-3.792797473121611862e-01
-5.520553035703045452e+00,-4.072402100552086956e+00,-8.356534051242121564e-01
2.584881586402082432e-01,4.774295981481779805e-01,1.622995675518219549e+00
-4.693160705463986559e+00,-7.422955130110477917e-01,1.459497055208198280e+00
-4.292605014318272794e+00,-2.920587934093551219e+00,7.505413778236493805e-01
-6.205385673708638805e+00,-2.972651343508583288e+00,-1.511765558248883590e+00
-6.674135152165110441e+00,-2.001210612771319397e+00,-1.632453739043208341e+00
-8.707754233201050909e+00,-6.275728445988085547e+00,-3.288656893071347564e+00
-2.244264587575550252e+00,1.256231246974464533e+00,2.817942662918650143e+00
-1.068574504001092507e+01,-5.775935090202088062e+00,-2.470182069948206660e+00
-7.562440988860971380e+00,-6.040458997620318904e+00,-2.224139754466568863e+00
-2.243145693307281530e+00,-1.991317683297375130e+00,1.924627890997555379e+00
-7.378421815778372306e+00,-2.776483135981071104e+00,-1.797643482494597045e+00
-1.123553170899501907e+01,-6.877013814795468249e+00,-5.713362635918550758e+00
-7.815313111286078751e+00,-3.016336008007032277e+00,-1.541623226118812973e+00
-9.384985332339994102e+00,-4.771311904774198531e+00,-2.517617116567922864e-01
-9.889888647550602485e+00,-9.125200256814306243e+00,-8.520637408912216770e+00
-6.688284651052705421e+00,-1.913960683135984553e+00,1.745362194297240599e+00
-1.103675032893104024e+01,-6.329519053461464928e+00,-1.989760967909564471e+00
-7.482527857410850913e+00,-4.126792033231309276e+00,-1.649333089380255135e+00
-9.660616285480493559e+00,-6.734808623813355766e+00,-4.823779385496107963e+00
-6.432688585353463218e+00,-5.814381565478259795e+00,-3.618875989501902701e+00
-6.870979589839953050e+00,-4.959295288906519161e+00,-4.500207202421044883e-01
-1.567880470011780858e+01,-1.204806873142979029e+01,-8.574590674286637793e+00
-1.701877596786691038e+00,-6.351771088597883974e-01,1.595107525314280572e+00
-6.208665607179996826e+00,-3.970577569778648730e+00,-3.050167973058752757e-01
-5.812827290302180927e+00,-4.420257644875682956e+00,-3.028361938347224225e+00
-6.007189522755522759e+00,-2.682834680445063569e+00,3.287312666710473508e-02
-5.034145162295939002e+00,-3.292424035506874791e+00,-2.413836042983059649e-01
-5.670986404518814084e+00,-2.028117055894198550e+00,2.344830804784317380e+00
-7.148297380886622143e+00,-5.961847663868778291e+00,-3.340118263907474461e+00
-1.069525123434669744e+01,-7.259627199431522016e+00,-4.533893421013178049e+00
-8.674306765320189072e+00,-7.988256507079375623e+00,-7.091036223988545828e+00
-1.316280133958567866e+01,-1.262610299531903202e+01,-1.052923388124358262e+01
-8.490663315808850697e+00,-6.116498008971994693e+00,-5.168601324609467085e+00
-6.970052516341101345e+00,-6.273497640444725576e+00,-4.722954100281599565e+00
-7.855019979223218485e+00,-7.652316112737538312e+00,-2.751325272629205898e+00
-8.303659839622003602e+00,-3.513193535343635432e+00,-1.985777079635198561e+00
-1.369504211607216604e+01,-9.713456721806192462e+00,-5.941136447489665073e+00
-1.178476652792322454e+01,-9.209821345115894786e+00,-7.366548816118696053e+00
-9.332691777525543131e+00,-6.620742041330345273e+00,-2.150986015531816342e+00
-7.676431899923920277e+00,-3.626998141036202661e+00,-1.562516330818580546e+00
-1.008528703203946719e+01,-6.189610706085789005e+00,-2.208840692270023887e+00
-8.089426936981073624e+00,-6.494374048367259178e+00,-1.979220985397821764e+00
-8.054260897124118301e+00,-7.040538546474977899e+00,-2.987635490747195810e+00
-9.574522497035328428e+00,-6.515663060365907810e+00,-3.892337378215975363e+00
-1.199144185341673818e+01,-8.469276416381429584e+00,-4.336334632171994663e+00
-1.041263069159579580e+01,-7.463119524813463634e+00,-5.728597978340646435e+00
-1.001969249813188156e+01,-1.000144824335895954e+01,-8.753829448290739279e+00
-1.012889155234677929e+01,-8.412460238658281853e+00,-6.486124678546075550e+00
-6.564851873881035083e+00,-6.334488510183966525e+00,-4.906972619009353664e+00
-9.676254542554833193e+00,-7.052453161233116496e+00,-3.615444949005333530e+00
-1.309658155145913483e+01,-8.742343837326947309e+00,-5.595802831148610323e+00
-1.100078655293360264e+01,-6.161021965602881956e+00,-2.095140702330581028e+00
-9.703955232749411408e+00,-7.342350761861447417e+00,-3.983605284976474259e+00
-1.251717018410193383e+01,-8.722359506886748548e+00,-4.299464291852701514e+00
-7.344052557941790127e+00,-5.953243227763733714e+00,-1.096598312508485051e+00
-9.830176902231283265e+00,-8.034315525044924300e+00,-3.446880792843343144e+00
-8.440403658398086151e+00,-4.110181177799742791e+00,-1.416490059388832101e+00
-1.474979518713088034e+01,-1.413850340229463853e+01,-9.271208756433946263e+00
-1.059272423869418134e+01,-6.787265337177849744e+00,-5.424607016608440802e+00
-1.311940566220427407e+01,-9.187793418380389099e+00,-8.344072413361027785e+00
-1.159320588369912919e+01,-7.210201750510039531e+00,-5.234140622491622707e+00
-1.039622138284094532e+01,-5.667027576653669740e+00,-3.645528325537482850e+00
-6.240147996810787134e+00,-5.527755106904489679e+00,-3.392050315479937073e+00
-4.233515584388617192e+00,-3.867352241557296288e+00,-6.812448077865349561e-01
-1.627385140375471195e+01,-1.503725104011217439e+01,-1.007556853558400967e+01
-1.837315033563896449e+01,-1.388005644551542161e+01,-9.129045699607424069e+00
-1.153097109300328604e+01,-9.908239519406649265e+00,-8.333474802783186419e+00
-1.434151212849581469e+01,-1.042917673368681974e+01,-9.406517686753200991e+00
-9.990313002152319655e+00,-9.367882646465126584e+00,-7.498232432256884294e+00
-8.832641578940725324e+00,-4.047235384401631109e+00,-1.434873323747988927e+00
-1.919569852248181263e+01,-1.541065791449400990e+01,-1.081122011695145702e+01
-4.239468903760832852e+00,-2.901160682702481175e+00,-2.349375281173671226e-02
-1.207976252135408579e+01,-8.930788756393235772e+00,-7.858420114040873372e+00
-4.798506749958401763e+00,-3.167080966879995962e+00,-2.193656349185234333e+00
-8.860602833047741100e+00,-6.545068149460883333e+00,-3.283409681410686343e+00
-1.292654667644274724e+01,-8.484307997876980423e+00,-5.725832885901668057e+00
-1.312228944036776213e+01,-1.151427234393754162e+01,-9.750998784243142481e+00
-1.594779753994775717e+01,-1.106656409845773581e+01,-6.233945499837698634e+00
-1.020153435313675949e+01,-6.430702838746208627e+00,-3.432760488641778185e+00
-7.574444960394746573e+00,-4.365942682496982030e+00,5.210556922277014280e-01
-7.905751633532232425e+00,-4.950453966592457178e+00,-9.925041425648593041e-01
-1.183278607385914505e+01,-7.920401684962508071e+00,-7.225349932851078627e+00
-1.281672642825407316e+01,-9.038574697322230733e+00,-8.463407410224585092e+00
-1.474639669487136828e+01,-1.263446182189374767e+01,-1.261517162817603754e+01
-2.029890790303349846e+01,-1.611771004911109628e+01,-1.590980665270957850e+01
-1.515646840547272767e+01,-1.196953776546580883e+01,-7.872274400436593211e+00
-1.201572640075702125e+01,-9.252019877123878189e+00,-8.149342436282573487e+00
-6.790847573210729848e+00,-3.034854809384349039e+00,-2.576318070012305839e+00
-1.581662302863603031e+01,-1.233337333116460677e+01,-1.228040736439808889e+01
-9.844792444988065938e+00,-6.805250926641252640e+00,-2.391446949019925050e+00
-5.932038272397666567e+00,-5.418522552143620885e+00,-5.053511924428295110e+00
-8.085616579715640739e+00,-4.492518112838645550e+00,-3.838863134341447658e+00
-1.273344757443096142e+01,-1.162488071291236480e+01,-9.102365033820783324e+00
-1.108175424040057599e+01,-7.879154413009702651e+00,-3.045730820654048543e+00
-1.684871130448542687e+01,-1.532489090544614641e+01,-1.143714811312780100e+01
-1.558383680399453475e+01,-1.423789010716592962e+01,-1.020885182326673402e+01
-1.013761405108695079e+01,-8.701160549461894433e+00,-4.518764624886122405e+00
-1.146751885052911923e+01,-1.075090357892337956e+01,-8.421166006724909892e+00
-5.154050268262622581e+00,-3.100680154925789189e+00,1.498464626519527165e+00
-5.651099491745648962e+00,-1.249599352588202095e+00,6.138224954038773440e-01
-5.027713635501730671e+00,-4.681828600666278817e+00,-3.007296063969307820e+00
-9.156956988514187046e+00,-7.824767617659045271e+00,-5.211458943096358709e+00
-1.295108002771409694e+01,-8.469655585750796689e+00,-7.416913986987527352e+00
-4.326482032220511975e+00,-3.739880176394054789e+00,-2.793278160516328157e+00
-1.115670163223056832e+01,-6.299484673939573121e+00,-2.216918150762811734e+00
-5.558601305624752520e+00,-6.847818821088615948e-01,2.368933485194644195e-01
-8.565628336369609741e+00,-5.387273402526504995e+00,-3.459635960740377936e+00
-7.160268059806204732e+00,-5.835734613424199857e+00,-3.301278969838007171e+00
-1.012027506119076570e+01,-5.376011911980655533e+00,-6.167836150130989736e-01
-6.064387196356940457e+00,-2.013695264731454770e+00,-3.404597176163712824e-01
-1.002613753591877988e+01,-7.940675548139363826e+00,-6.286491085189573447e+00
-1.444505461538477809e+00,-5.279231620954671911e-01,3.747113668795792663e+00
-1.016109363996010728e+01,-7.310936068944100086e+00,-5.400687887584384228e+00
-4.911550726457591942e+00,-9.057444459483754429e-02,3.179095194573933192e-01
-7.550334011848708116e+00,-3.852248157377689886e+00,-3.090321924516245211e+00
-5.370113657749936209e+00,-5.329710902087107627e+00,-2.476407385608615286e+00
-4.156278772011263278e+00,-4.042288865958413524e+00,5.556601060885721921e-01
-3.668577302756897751e+00,1.233566236467513733e-01,1.328257528796310538e-01
-5.803075221601139866e+00,-4.417960012468080677e+00,-4.112577915397098494e+00
-5.709657618541813306e+00,-1.459070145892268577e+00,7.296251233884256671e-01
-6.378374383458594643e+00,-1.528487690474048755e+00,1.605255933656863032e+00
-8.338033554644486145e+00,-3.901786433305653556e+00,1.040296644975007734e+00
-9.123447794731013971e+00,-6.779230863987350197e+00,-3.369028124726175744e+00
-7.085671544153802515e+00,-3.558752780841652363e+00,-2.616882495703992451e+00
2.058176486504257330e-01,5.352197088339636366e-01,1.002919461139769375e+00
-1.389146196073098771e+01,-1.163918973480809882e+01,-9.393208637591740739e+00
-1.188055481376618516e+01,-8.942829250332257729e+00,-5.050213081292461048e+00
-5.586440970735390366e+00,-4.635735635049332615e+00,-2.551729130707732107e+00
-7.217601876209290168e+00,-5.625172014528584619e+00,-1.626234103595506575e+00
-1.040753422002797635e+01,-6.609303718468367173e+00,-3.387257980589194251e+00
-6.952406553907026776e+00,-6.041150726302665142e+00,-1.098788135650210940e+00
-6.374151286961684093e+00,-5.947983809001081923e+00,-1.582691050858297643e+00
-5.680417711141064530e+00,-3.490477075931201600e+00,-1.055581996842984704e+00
-9.102567292662659071e+00,-6.477586236770776829e+00,-2.779702991620182306e+00
-5.765800513041581254e+00,-3.596951963405461417e+00,-3.098453303837642725e+00
-2.271412643328183378e+00,-5.600824661439911534e-01,1.334921632027028737e+00
-9.198801491094702243e+00,-4.333313256047936157e+00,-1.745919593053040231e-01
-1.997118430986958515e+00,2.032578124624269122e-01,4.209564881052006768e+00
-4.980313010698441012e+00,-3.620190363898665886e+00,2.951784769757237470e-01
-3.449746204824855944e+00,-1.108585912552854547e+00,2.816470944833738166e+00
-2.235441093089586495e+00,-1.187787776557907016e+00,1.538540644708101812e+00
-5.785572298060932539e-01,1.474021225020735848e+00,4.630856836281576960e+00
-2.924202053556804071e+00,-1.416573763098421868e+00,1.002124385995361688e+00
-1.716492525269409875e+00,2.104243468907028181e+00,4.533102852006618555e+00
-4.644888679487360506e+00,-2.891581441470693736e+00,-2.561534264942234795e+00
-2.448290416990540397e+00,7.061537362806600271e-01,3.354595251190698679e+00
-1.599095401499200264e+00,2.509043280067993820e+00,4.434711100668639716e+00
4.297155015309133574e+00,6.527431515826609854e+00,1.034877580544451980e+01
1.579036500907930130e+00,2.340186306993162990e+00,6.819303110082442387e+00
-2.795467666440830889e+00,-7.110957169938808553e-01,1.940211938667596225e+00
-1.480606519441685975e+00,3.341942567573539691e+00,3.671241438835530779e+00
-8.472865448835364077e+00,-3.784266257844920656e+00,-7.808594961514581101e-02
4.329154046247364995e+00,4.458165476753867651e+00,9.061043095631845290e+00
-2.351615056869656328e+00,7.676908442457019977e-01,5.228356748369948903e+00
-8.571481895685536756e+00,-4.565878670410264739e+00,-2.254184100856103878e+00
-9.160135363693424182e+00,-4.716516488563629039e+00,-1.169316141633625961e+00
-4.072596900945860021e+00,-7.376125361076817377e-01,1.927513568288939272e+00
-4.018136955072012739e+00,-1.974961463291012631e+00,-7.238967135457683444e-01
-9.199429679169792706e-01,-4.497434636636723493e-01,6.595910231994330797e-01
-5.066866056329606849e+00,-3.124126606833112163e+00,2.425008734273381705e-01
-3.536524543432957302e-01,3.873858338405750779e+00,5.671048733481792503e+00
-1.193053832785679003e+00,6.244856073466656943e-01,2.834400245081592828e+00
-1.954090636680978932e+00,-6.422284166711549336e-01,8.824724869466538113e-01
-3.059297246932573433e+00,1.413474297025703930e+00,5.370834311798649452e+00
7.374525186920268816e+00,8.134669218742031305e+00,1.087684941970367625e+01
-2.864669413064837133e+00,1.795690531134207735e+00,4.424326031223058564e+00
-3.681401139528031496e+00,3.208364288662726160e-01,4.371856222533361702e+00
-4.123564561537289563e-01,2.724927187407361728e+00,4.980391294318484263e+00
-5.421985210743686778e+00,-2.051380161334419583e+00,1.342563400370698545e+00
-4.541510135659154734e-01,2.607282850329014412e+00,6.659301664378762808e+00
7.864689837808105821e+00,9.015157681372643950e+00,1.294108076827930631e+01
6.399691424555720154e-01,1.703747492383289153e+00,2.061946052808061314e+00
2.009360355388330799e+00,4.141626742696949748e+00,5.215703869996223929e+00
5.700378631863983081e+00,5.707404890144736953e+00,6.304175902945181598e+00
2.081357277804599448e+00,4.262822555419849557e+00,8.724102415322548154e+00
6.375671733548699649e+00,6.628799666026592874e+00,8.545746634972680056e+00
3.103067922792282385e+00,4.494494353625085203e+00,9.150367591596957340e+00
-1.944079324829521838e-01,4.058988268133475685e+00,4.092520321286993834e+00
9.751731327271047078e-01,2.768834507741090967e+00,3.463155920660032194e+00
2.825177631143146684e+00,4.403322017405232103e+00,9.127319142137745089e+00
2.100005669042392498e+00,4.951959341721671848e+00,5.622050617945859585e+00
9.090367651252480030e-01,3.471977268545117568e+00,3.954277159339925518e+00
6.784901836056466351e+00,6.800825740229014649e+00,1.046507573770898425e+01
5.167374462690062842e+00,5.275971096796276960e+00,8.304660145763680390e+00
6.881803764645146870e+00,7.210779696516863346e+00,1.162206812531284328e+01
4.783848910508400110e+00,6.594108596978811576e+00,7.949198790874014264e+00
3.848292205767799956e+00,7.904244075945234371e+00,9.015008260246224481e+00
-4.796066889633632258e-02,3.865498134686209841e+00,4.694309104240093511e+00
4.469342450847642034e+00,8.608585777605192391e+00,1.069858339759920796e+01
4.910917591190118614e+00,7.835133916130945231e+00,1.047861271060057753e+01
4.373857776048546420e+00,5.483349058251864250e+00,6.830606900675993742e+00
3.358494998201974724e+00,6.771851619872681027e+00,1.076768287861765039e+01
3.512805342563642519e+00,5.488667644170975635e+00,5.699314048594243509e+00
-7.932247782958934401e-01,3.831299761999003461e+00,4.223818202740247330e+00
7.008118301304124387e+00,1.011646118386465432e+01,1.427842114789284622e+01
7.487292355745168493e+00,8.437496903343538079e+00,1.181891262901004147e+01
7.835628101141332458e+00,8.318556478272782329e+00,1.130640701141071958e+01
3.255818192467757388e+00,5.030244696712607322e+00,6.510423752469143288e+00
2.489904171806772926e+00,5.687350375387085322e+00,7.532154514677339208e+00
1.030240234238143060e+01,1.072261111960476576e+01,1.457918554097910935e+01
1.034996765515926231e+00,4.247430168022171770e+00,4.726664827030068849e+00
2.000778227598642101e+00,5.712111789550112562e+00,6.739644873896123656e+00
7.577641043723993164e+00,8.610320605396941218e+00,1.028001706042580388e+01
7.353424467755939276e+00,9.295725036484666859e+00,1.187669488252811512e+01
6.978643727012447506e+00,7.068025476594127277e+00,7.137526618787013000e+00
7.371705092403797011e+00,8.277275874065914252e+00,1.236661223445370617e+01
6.469246802300388843e+00,8.693993575959931164e+00,9.622904868003020695e+00
9.588596799024541539e+00,9.955127354679520479e+00,1.071343872753792148e+01
8.167585378296429610e+00,9.305934110026594652e+00,1.385185523289941401e+01
8.259793359667803259e+00,8.262271151258602231e+00,9.945846123647804404e+00
5.322771313892638467e+00,6.037967132870365461e+00,1.081669431439022233e+01
-2.288353751375854728e+00,2.065117665447947282e+00,6.403374499565878786e+00
7.511110285421282562e+00,8.596274102084645818e+00,1.086450724408958024e+01
6.899345268537798503e+00,8.975733982207774631e+00,1.170754598239846267e+01
2.150173801177159838e+00,7.062188879909122363e+00,7.380496486162584802e+00
8.666235227094949423e+00,9.253330244311589681e+00,1.359922277185826900e+01
1.208580708924174019e-01,4.780865722958647979e+00,8.009165024167074876e+00
7.986167180177575986e+00,1.124023021262952327e+01,1.452805733908522967e+01
7.073607376949690106e+00,9.071388418315954993e+00,1.327955947142913473e+01
4.175979569038460681e+00,8.666599253497391686e+00,1.199441510094368368e+01
7.864168581635229138e+00,1.232477083941756035e+01,1.593016085920287317e+01
8.206089599813402913e+00,1.261657318487768187e+01,1.477533950669021934e+01
6.635186876195959371e+00,1.130684914149055942e+01,1.613775936949140544e+01
8.699495168058369643e+00,8.971228045945089491e+00,1.039034442054549956e+01
1.524045236567521666e+00,4.362567780900919345e+00,6.472052483169079551e+00
7.989743713790970148e+00,1.094025373860189632e+01,1.139289783208133855e+01
3.175009438570601361e+00,7.565430925847854482e+00,1.164223804208264923e+01
9.818969430345582339e+00,1.422737458469757854e+01,1.709868311617056946e+01
7.191673279239133798e+00,1.156128221501290554e+01,1.557794317234719550e+01
7.284083711805399375e+00,8.945751601183426160e+00,1.350133013516205693e+01
9.202741175490762870e+00,1.028108612603567629e+01,1.179005529614272163e+01
9.585132398673806620e+00,1.115053435120195147e+01,1.478867661960538982e+01
8.101719577838768060e+00,1.153622027187601518e+01,1.488274233927049650e+01
8.749513064687011621e+00,9.583346164061802952e+00,1.229420267469382289e+01
4.215810663608134057e+00,4.718916539651536013e+00,6.211990131240609614e+00
7.105090292081438719e+00,1.183926560849248588e+01,1.321888167805097325e+01
9.109506290598663014e+00,9.677317850141538003e+00,1.002247983484688021e+01
5.941256868351447729e+00,1.091116627227077274e+01,1.557859490619728859e+01
8.958870415229766238e+00,1.308194864165261606e+01,1.333956498673635416e+01
9.773524231350954494e+00,1.318819607688406137e+01,1.671940959254555281e+01
7.204772878723351148e+00,1.111290256870599968e+01,1.335456077203634528e+01
3.703440391065315751e-01,5.073511199297407792e+00,9.311041685680653046e+00
1.597188354808783473e+01,1.887110673192885457e+01,1.962549121463160873e+01
5.049958738730151886e+00,8.392343906945495036e+00,1.041070110506041857e+01
3.261123832241704878e+00,7.160584882849486910e+00,9.294416974143070220e+00
7.224481843680233162e+00,9.730548119743051672e+00,1.420859426209872645e+01
7.384458295261871363e+00,1.237334160016539641e+01,1.420987459221079341e+01
3.921180517745866290e+00,7.415962899116519402e+00,1.135836886107680321e+01
8.083323234360882736e+00,1.006118444262386014e+01,1.135789475995924924e+01
2.069472113608891384e+00,3.696773181063086611e+00,5.727862002122696694e+00
9.450003728378645107e+00,1.365864007220089604e+01,1.604250025429456983e+01
1.047526321684877360e+01,1.332688165655897627e+01,1.400685707962139759e+01
8.351013714308237468e+00,9.125346860085027600e+00,1.026840906806850739e+01
5.256652196623662121e+00,6.624670114492386297e+00,1.126820112232853077e+01
5.647499383020822883e+00,8.528310637229488123e+00,1.154069324397362450e+01
7.825387350403814501e+00,1.265513942984734896e+01,1.408812387819308043e+01
6.949676015531063733e+00,9.839463421370352236e+00,1.406193709882281162e+01
2.449168818887149435e+00,4.778478951486100357e+00,7.893231320466982837e+00
9.621597423383786207e+00,1.230616502634320675e+01,1.247701757191387983e+01
3.642512784200449882e+00,4.850312857808477318e+00,9.408856211143085346e+00
9.108694331471646422e+00,9.348750862281828944e+00,1.153459145817421572e+01
4.267675860043919300e+00,9.259050945152894840e+00,1.142082785858907101e+01
8.074632547395324877e+00,8.196878700141722263e+00,1.040207659846301347e+01
2.093619379179401108e+00,7.013321221099325875e+00,8.161796222337565965e+00
1.077904515482638992e+01,1.137790543448910441e+01,1.504356015458532170e+01
1.246970371506317221e+01,1.301364887064103293e+01,1.451380809069956079e+01
9.559152211397242027e+00,1.002170800624501723e+01,1.057645759001527885e+01
7.656607166770967865e+00,1.080594338235485807e+01,1.506432781799663800e+01
6.397722971082074217e+00,1.066541448965598349e+01,1.406785345925220376e+01
1.012147221774216987e+01,1.403853447653153097e+01,1.495238085213469503e+01
1.046105554304508090e+01,1.155867075184535686e+01,1.263156897232179432e+01
4.790017629482344219e+00,9.168251258907611501e+00,1.094367033950903512e+01
4.009160431786802370e+00,4.952070346980723237e+00,5.240726485733244289e+00
7.913484934859305042e-02,4.977897937112208737e+00,7.137812066111038689e+00
9.754113174783753948e+00,9.911579292418799980e+00,1.088775408337383688e+01
6.342883939871114762e+00,8.023012987608645119e+00,8.998016594634657750e+00
1.037476376175323622e+01,1.335796594044779440e+01,1.439173867154417508e+01
8.685868858543845050e+00,1.004735412423040941e+01,1.282513957769878665e+01
2.738315484857669624e+00,7.618673315421652603e+00,1.140587443341749818e+01
3.881866322204448494e+00,5.777669582886980848e+00,6.822284422706788476e+00
8.946518231133243404e+00,1.112343500377335737e+01,1.271450105850693824e+01
7.698317570298711665e+00,1.233844944882235595e+01,1.362258696725000995e+01
2.738392860629504266e+00,5.859759494011701264e+00,8.078507536903696717e+00
7.718945010035816345e+00,8.030130232977066740e+00,1.207015899043759788e+01
1.405286517704884375e+01,1.516787575816088207e+01,1.588520252105903197e+01
1.024615219569845159e+01,1.043433763160617467e+01,1.255650588683217883e+01
6.871110364207908106e+00,1.135021928015413017e+01,1.560990742871332770e+01
6.770385998798244209e+00,8.848494535528530491e+00,1.086657830271920666e+01
3.015597141425632621e+00,7.278976001361493253e+00,1.057094919971361691e+01
3.283190990754527583e+00,7.631740032437146937e+00,1.080976382550979764e+01
4.102949818291502737e+00,7.679685417788111756e+00,9.360245833465135945e+00
1.310935060751242887e+00,4.439365850813741687e+00,7.461356069629291099e+00
4.390894680298469410e+00,7.507768183075084423e+00,8.015139124347596677e+00
2.191095986802999995e+00,6.902308020582071713e+00,1.106226829720967331e+01
7.917660892269118733e+00,9.624466575197613949e+00,1.334956988420540469e+01
8.978559081340277359e+00,1.082866137916671434e+01,1.526718524618851447e+01
4.370904434025877805e+00,8.266863370380173492e+00,9.760057315186863036e+00
6.587952933775817144e+00,8.904701979124318711e+00,1.111303416775540676e+01
4.819271705491749103e+00,9.649991433761353932e+00,1.431789676978337944e+01
2.460425761851707804e+00,6.879756375658377721e+00,1.104929896590921246e+01
-1.337777895455905419e+00,2.320044785884695315e+00,2.677666323482890576e+00
2.691913749918763088e+00,7.385170197675019033e+00,8.301110678646633545e+00
7.238446193027429310e+00,1.032315083217989304e+01,1.242242025198744670e+01
3.791100091496772517e+00,5.790995751802107350e+00,7.279304169909236677e+00
3.370939713276554617e+00,5.007332028332801777e+00,8.357854281693278153e+00
5.714212344305648728e+00,5.935792285406215285e+00,9.055075360431573017e+00
1.475882815343305676e+00,4.237005994601739545e+00,8.743073701267713105e+00
8.526800498577369325e-01,3.341986131610791055e+00,5.186373346762103154e+00
2.887029962066001154e+00,4.309390367226899166e+00,8.390580733565037974e+00
4.550343243412150684e+00,5.687919113291165729e+00,6.387552894532495529e+00
4.033493740438281350e+00,8.431302848948220685e+00,9.137333407372894456e+00
-1.108453087810690185e+00,1.068146689317953424e+00,4.255592386053566045e+00
3.205415708149293774e+00,5.396648482807020919e+00,9.424953041100806672e+00
5.303778486925328828e+00,6.385594251681781408e+00,9.413689072885221165e+00
-7.752292207525274037e+00,-6.436150055182356944e+00,-1.613651407129775173e+00
2.065024867682065057e+00,5.114851500351091929e+00,8.380146126058880540e+00
-2.719669962642424998e+00,1.401341155966185248e+00,5.096693156132304559e+00
3.369865971261429838e+00,4.924807102883819176e+00,8.148439417984919331e+00
-1.994772364257023867e+00,2.967702596988928576e+00,3.066586673179823475e+00
1.564059244158961803e-01,4.159773337259626835e+00,7.264228654222817383e+00
-2.136494886965871753e+00,-2.468878069118147778e-01,4.022150710328832091e+00
-9.507787479005238573e-01,1.297570642068005764e+00,5.833190832880911003e+00
1.585068953775525813e-01,1.585613423338358530e+00,3.798482066506495336e+00
1.219314783364806143e+00,4.076814810736753003e+00,6.158486118199252957e+00
-2.054300393638768263e-01,1.294912780500350191e+00,6.238421099023042871e+00
1.056997558139244564e+00,4.797449218756538514e+00,5.596999707489081821e+00
-1.228875449586427138e+00,2.941739994507009293e+00,6.598416478860134049e+00
-3.744609676804691034e-01,4.554927021528988540e+00,4.676277270311726575e+00
-5.462183952506590501e+00,-2.995020487849895385e+00,4.498456266142674131e-01
5.764008332591611605e+00,6.932671590627625058e+00,7.185381526714389899e+00
2.955793148110083202e+00,3.009396113541283668e+00,4.418475998596916199e+00
5.020221811404489642e+00,8.502934097581537287e+00,1.330900386466441887e+01
-5.358960919267193646e+00,-1.409953265346529871e+00,1.245422848318381792e+00
-3.296271509506807806e+00,-2.429987498044968497e+00,1.026034454579030530e+00
-1.797649592424883647e-01,1.903484634821846599e+00,3.965593988771987100e+00
-7.609275210989689953e-01,1.401941994187485996e+00,6.310410444835769184e+00
-5.837284063103862941e+00,-1.232027976598561336e+00,3.686601176096273136e+00
-4.833746735673177142e+00,-9.581213882328309950e-02,1.655415921876454588e+00
5.345076356392988615e+00,7.121067383890299141e+00,7.740985889931393693e+00
2.058710049156490918e+00,5.173411051798805893e+00,5.718420027894950408e+00
-1.198383027645235632e+00,1.892600792317698843e+00,3.049559463762090417e+00
-3.404486831112451206e+00,5.524744990102546938e-01,8.019278135136752583e-01
-2.408946341650866962e+00,-1.456563419498915213e+00,1.827839417922520138e+00
-4.810445215594643109e-01,3.257452920952405684e+00,5.789843831836185117e+00
-1.695027893053748125e+00,-4.108255372124784977e-01,4.182530830004765221e+00
-1.555998042116756963e+00,2.525426435074797915e+00,4.587613113305869739e+00
-2.529402576740262809e+00,1.849891323742969718e+00,3.031860212420282252e+00
-5.760114747680174396e+00,-5.291989532565356313e+00,-2.049900238925664198e+00
1.543031825654009204e+00,4.495496793985307882e+00,5.133522085004450730e+00
-5.531655554408643205e-01,9.387729241431219673e-02,1.191533799401940819e+00
-6.565374094050718590e+00,-4.319668067634055753e+00,-1.419152881482865780e-03
-2.931424787798256659e+00,7.756822997075001336e-01,3.951674265870880554e+00
-5.976007963262028433e+00,-1.067392817385779402e+00,1.152999189373720146e+00
-9.128531959829352616e+00,-7.697640690125085783e+00,-5.386220003911253329e+00
-7.246258798098445197e+00,-2.674004117352106746e+00,5.540888610440095619e-01
-2.931683522239644457e+00,1.022661127468210029e+00,5.042440608214773690e+00
3.481239930838760932e-01,4.090659638286344713e-01,3.988085953286194751e+00
1.460244040103169771e+00,2.436367214318492902e+00,3.568301870825000499e+00
-9.323364954396069493e+00,-8.452363125872723870e+00,-5.824458877957447989e+00
-5.317873755836879823e+00,-2.582331253639583046e+00,-1.808733695047941570e+00
-7.200846891839112196e-01,1.690171887356338498e+00,2.863518556380667768e+00
-8.036393694645035168e+00,-4.039461351330365879e+00,6.875323064826872610e-01
-1.152754748824134978e+01,-6.750626646402087871e+00,-5.847505330099446397e+00
-1.026177056793967779e+01,-9.433241024537228014e+00,-8.008274549989273794e+00
-9.783309735533052276e+00,-5.130029352758693761e+00,-3.149013846798109917e+00
-2.935721618425729318e+00,-2.655917488348625177e+00,4.389911578905443257e-01
-1.240441974132494352e+01,-1.219800209357041787e+01,-1.021977280137281419e+01
-5.821525603227069467e+00,-4.295067921787401488e+00,-2.248415587019003681e-02
-1.018536419093211975e+01,-6.673628678798747771e+00,-5.243365411499197215e+00
-3.771068574193578105e+00,-3.514031847673837028e+00,-1.953929860603501156e+00
-5.087383633705208297e+00,-4.526599196607616449e+00,-4.203289538776921574e+00
-4.266744714915680081e-01,6.491998977329362930e-01,2.042935818833177652e+00
-6.479641960254085120e+00,-5.154755018879261463e+00,-7.369870575213459674e-01
-1.105496105486713532e+01,-8.452159885910472070e+00,-7.059609672352701537e+00
-1.137753937144913685e+00,1.780115150243670286e+00,3.016520205043425662e+00
-7.212956983793777255e+00,-4.474038352351346504e+00,-1.346750299072643209e+00
-1.012770208358016610e+01,-7.633873432629278533e+00,-4.592705898839770207e+00
-2.623974955960419742e+00,1.943352490513241548e-01,3.445259318259649817e+00
-1.426940350542555969e+00,8.236923714458486145e-01,5.110275371152930290e+00
-6.005858177843916401e+00,-4.117835295584765021e+00,-3.195799127979531029e+00
-7.146962305257747339e+00,-6.410190087605240450e+00,-5.057210284449855209e+00
-8.266027330261438877e+00,-7.216666069421412644e+00,-5.933245982248575245e+00
-1.115188406653018660e+01,-7.258807461919697168e+00,-6.391016837899431202e+00
-2.265966935730368892e+00,1.167840457686112998e+00,4.193926629379604698e+00
-9.238677317642101983e+00,-5.174294482536972772e+00,-4.569085735837828288e+00
-8.043785591626519960e+00,-6.627906844257770658e+00,-2.652088733410080224e+00
-6.496793172074019296e+00,-5.129340363950942283e+00,-3.385726183142247603e+00
-1.012999295910292652e+01,-8.100266770707513331e+00,-6.453494947083247446e+00
-3.670086301523217465e+00,-2.576426027317817002e+00,-2.312136255336891821e+00
-5.218552561737483941e+00,-2.890204426018467387e+00,1.009555765712480291e+00
-5.262448101999302352e+00,-5.210531164483125366e+00,-2.179394713985560728e+00
-1.202559417909385964e+01,-9.641944347358002432e+00,-5.652992901976785056e+00
-4.136988265309067714e+00,-3.994866993436493097e+00,-1.394857093198294429e+00
-1.023271070029392149e+01,-7.423405833979267676e+00,-4.229160228448795245e+00
-8.410700033618869753e+00,-5.556933907142144413e+00,-9.521659867129983468e-01
-1.064267986859509740e+01,-8.765276157726917816e+00,-5.702205425693870566e+00
-9.552547446780955909e+00,-7.905547549808364494e+00,-3.975618576594810438e+00
-1.617725550090267639e-01,6.478125288580658392e-01,4.993410576728272154e+00
-1.436956264069498879e+01,-1.370201368634909578e+01,-1.298739389632746644e+01
-1.090865649606617183e+01,-6.686254708364343102e+00,-4.425470362933665136e+00
-1.259187624258290228e+01,-8.836286267988688437e+00,-4.745679343136722572e+00
-1.765148422132150685e+01,-1.313149232575644021e+01,-1.116166503471739802e+01
-9.124554462785978259e+00,-5.745031913838795745e+00,-1.739769532458437240e+00
-1.411821148595307918e+01,-1.132067576316376645e+01,-1.100106079205892051e+01
-7.510759738260322393e+00,-7.136924772894182034e+00,-2.819320845411759535e+00
-7.885041305803833112e+00,-4.726384853471532033e+00,-2.903528354128292133e+00
-7.226776643358657992e+00,-4.434317622686473115e+00,-3.892203249698798384e+00
-1.691438968750922811e+01,-1.266304572852546961e+01,-7.765989595279567226e+00
-1.000163063161506116e+01,-8.351005194082807392e+00,-5.717281204619009571e+00
-9.461652718883451385e+00,-4.800412402989136851e+00,-4.283208230863381871e+00
-1.131339628747029202e+01,-9.712642340709791711e+00,-4.786574025913851393e+00
-1.031098936616378836e+01,-6.296676191850364646e+00,-2.727829367567561114e+00
-1.138143198404511125e+01,-1.044398388399155309e+01,-7.250546683093209488e+00
-8.964311279722586789e+00,-7.382967680385545961e+00,-5.562458463498733963e+00
-9.647296711601743624e+00,-8.908204318011538447e+00,-8.064035059063796140e+00
-5.995106839422964740e+00,-2.796495437524415983e+00,2.156085971446463745e+00
-1.235441907339162526e+01,-9.310177880269680628e+00,-8.450183741307938590e+00
-1.416599609578282504e+01,-1.042570419660604486e+01,-8.134002619702986436e+00
-6.463915153677322500e+00,-5.949548006842935166e+00,-3.026015802157404622e+00
-1.203676463831575916e+01,-9.869379435022896274e+00,-5.429198645760232367e+00
-1.020041571523131907e+01,-7.114975481881085528e+00,-2.316412999621869417e+00
-1.072694808007579859e+01,-8.730808892696959589e+00,-7.604530995398879334e+00
-1.462123268958746536e+01,-1.122667826408723180e+01,-6.291820612830946402e+00
-1.029451424918304170e+01,-1.019542257699691312e+01,-9.161871635383858958e+00
-9.935425844136075213e+00,-5.836365388788075315e+00,-3.443530187870757597e+00
-1.116038321870768968e+01,-9.848126593153040176e+00,-6.200896448943773009e+00
-1.154676606667189098e+01,-9.368779241754676690e+00,-8.158760353322133341e+00
-5.673026442942235903e+00,-5.602984193357362308e+00,-3.731284970130842371e+00
-1.165597656070800880e+01,-7.909778989177529418e+00,-4.644239333764421218e+00
-1.114337824834822754e+01,-6.729001357489634572e+00,-3.555509475504467609e+00
-8.426702100170665233e+00,-8.352397143615863939e+00,-4.073316967298221236e+00
-1.373219494395102558e+01,-9.250119170890695131e+00,-4.337597023409336394e+00
-8.692829007202522718e+00,-4.325988615588693520e+00,-2.923027146714682445e+00
-1.558567415597359762e+01,-1.203705034167835741e+01,-1.097658584838723250e+01
-1.747446496212031875e+01,-1.430132352593238210e+01,-1.419140164559873973e+01
-1.865688135458893626e+01,-1.548844216551724351e+01,-1.307910531070281479e+01
-1.001492249350271280e+01,-7.177170985016711136e+00,-3.410603411859857381e+00
-8.250089265287964935e+00,-7.867299141093480941e+00,-6.427969514510605720e+00
-1.121278459605806610e+01,-8.048507358682769564e+00,-6.261901262668895463e+00
-1.220725548994258958e+01,-8.947355701276244133e+00,-8.686928736130273165e+00
-1.692484296858665971e+01,-1.399951305256529999e+01,-1.384846918944538174e+01
-1.274188907401792648e+01,-1.014103961234343032e+01,-7.880864925806053023e+00
-1.375930234105287120e+01,-8.827498047107832591e+00,-4.262476060798579880e+00
-9.344302671115885417e+00,-6.224867135556927167e+00,-3.591981720931384015e+00
-4.627877633657810463e+00,-3.245535292534951211e+00,-1.072610671663859705e+00
-9.319096207710988011e+00,-6.750302615235273862e+00,-3.697684881098608045e+00
-1.368875589242935575e+01,-1.193973409497281324e+01,-7.741862176498178982e+00
-1.021140741150578890e+01,-5.868634216067436071e+00,-2.507904527289749552e+00
-5.612155625501075384e+00,-1.345007981463001379e+00,1.990160206838829104e+00
-9.044160939886044304e+00,-7.026802742517105571e+00,-3.390687088271983285e+00
-1.456954774828508015e+01,-1.111626508609176156e+01,-8.185660302571044156e+00
-6.635600181828717581e+00,-5.091479989842554232e+00,-4.738907220123479647e+00
-9.486910290526099132e+00,-8.472802782128727728e+00,-6.160877160182295142e+00
-1.052879559448597391e+01,-6.981246695993302609e+00,-5.759439337234683265e+00
-1.290779521739134594e+01,-8.152696552750404280e+00,-5.411609249150799883e+00
-1.010437112842430984e+01,-6.442528788784005478e+00,-5.119082476791462000e+00
-6.360514088309741076e+00,-4.302132081698208488e+00,-2.881471795428248051e+00
-7.250056264205937850e+00,-6.930051926269150897e+00,-6.661644412766722922e+00
-8.357153175664778999e+00,-7.132124664889949450e+00,-4.381729405605553573e+00
-8.424890182983931552e+00,-7.292983459636937837e+00,-5.587999141897847188e+00
-4.131361440141240848e+00,-2.606345910356935747e+00,2.076206897374821558e+00
-5.779175505141765257e+00,-5.448226126410848913e+00,-5.060641091059821406e+00
-1.181209901566047904e+01,-7.586672715791086041e+00,-5.038645646648584275e+00
-1.087640400338982616e+01,-1.001118414692097858e+01,-8.872780650640386568e+00
-1.169054006322348194e+01,-6.976424704426319678e+00,-2.229029175172262178e+00
-8.479220620864936109e+00,-4.236746387973801653e+00,-3.065976731482920492e+00
-1.144068738882123526e+01,-6.623998763577453097e+00,-5.464739648999842103e+00
-9.022154358230039861e+00,-6.380470289028598252e+00,-2.509567182314954792e+00
-6.692353370125919909e+00,-6.635771457819934049e+00,-3.268787842726949666e+00
-5.299068161091748053e+00,-3.452058514497471808e+00,-3.118410745166589670e+00
-1.125245247346575184e+01,-7.957020762461913144e+00,-7.206628131531106263e+00
-8.607365355372948557e+00,-6.613006469540849253e+00,-3.502807530146215598e+00
-9.535843818542314665e+00,-5.054746424397845495e+00,-4.403837233154428432e+00
-1.602754045044973452e+01,-1.163181606196696549e+01,-7.131065966847452309e+00
-5.160476156662513247e+00,-3.502538134882828835e+00,3.020280030598421206e-01
-6.558570742545006382e+00,-3.497884697259016740e+00,-1.686880123442786594e+00
-7.074976044958239285e+00,-4.417425021087069581e+00,-8.649291586565737155e-01
-5.695840030230379547e+00,-5.427875153599846847e+00,-3.405565830874860200e+00
-7.223552351959385831e+00,-6.500866634348250628e+00,-5.820216361922600612e+00
-6.361885682859607982e+00,-6.204586045422555429e+00,-3.167406258807867747e+00
-1.061386863064649155e+01,-9.574381880410363976e+00,-4.848312792810296479e+00
-1.094730298886511477e+01,-6.618679011218115527e+00,-5.591311912284472996e+00
-1.188602005770998460e+01,-8.955461924159024534e+00,-4.892456286365034046e+00
-1.058372710546081841e+01,-7.138995201537912116e+00,-4.037229529534518413e+00
-8.668047208355989852e+00,-7.689963661712868159e+00,-7.019214038988644155e+00
-1.018482474400900983e+01,-6.275657533255994736e+00,-3.462065222960442057e+00
-1.178527800409741033e+01,-7.481391139513624111e+00,-5.476962912800235728e+00
-7.971465487702783292e+00,-5.795843002444240000e+00,-3.708528720566287351e+00
-7.853948321397705712e+00,-5.071260950672792589e+00,-4.818083577014156127e+00
-7.763998987935461393e+00,-5.051153305744664479e+00,-6.133803994565516504e-01
-7.282903640967762549e+00,-3.002614217928311291e+00,1.473455829731386224e+00
-1.224384415466580656e+01,-8.395363313733948729e+00,-4.473699581812999426e+00
-4.964124684467547510e+00,-4.483753113129864687e-01,4.140781121959268063e+00
-5.128890476865450410e+00,-1.549594002210196830e+00,3.082864617796114093e+00
-4.531294980109928261e+00,-3.772429636752233417e+00,-2.883627563103700275e+00
-6.514319032737911463e+00,-3.510522323221100471e+00,-8.389009882464084633e-01
-6.483127622261138256e+00,-5.784663697334590182e+00,-1.935300901461889822e+00
3.668786582501881277e+00,4.029675125013111092e+00,5.620863619710251058e+00
-2.324929643010056779e+00,1.195095190862324408e+00,1.955128850199462587e+00
-6.906043742809341524e+00,-3.748192118612822199e+00,-3.538489568953099518e+00
-1.099489927841171877e+01,-6.294409017430421471e+00,-1.986150984930047159e+00
-1.370826097509123542e-01,1.146882091516158386e+00,1.506303497899482924e+00
-9.761089303464835609e+00,-7.427719652722419852e+00,-3.872454270805306464e+00
-9.991431194713875641e+00,-6.867023293668497175e+00,-4.626888386234832673e+00
-5.359207343363715736e+00,-3.546445815046779249e+00,-2.566366858163216413e+00
-3.964351368149516830e+00,-3.958880378766741703e+00,2.431492838746462937e-02
-1.739286693635048398e+00,-6.636125881762979795e-01,3.262280834502154558e+00
1.414713422657164266e+00,2.924384386273453540e+00,7.810617571226496025e+00
-3.254409667223744584e+00,-1.269647646479282077e+00,3.006155328289842554e+00
4.877186551036905016e-02,1.552314512172519478e+00,4.807003596581294502e+00
-6.444520664721878234e+00,-3.086110174962571673e+00,-1.949337244165825211e-01
-6.132101598892052419e-01,1.296753018090892162e+00,5.233185232725631408e+00
2.525080467659827299e+00,2.605527004263166635e+00,3.161480057362828333e+00
-2.013978459431741364e+00,1.931615434047464941e+00,4.014427499490357931e+00
-2.983717160588200912e+00,-1.053361953360229197e+00,1.085792521238240216e+00
-1.582198043934191833e+00,-7.512715966108565735e-02,3.355824436432517377e+00
-8.589117573890700186e+00,-6.989651564196705635e+00,-6.240794801513141365e+00
-2.064088729415263224e+00,-8.794998846391319791e-01,4.070320727688668150e+00
1.247244246489132458e+00,5.303980556084591846e+00,6.220672630150637872e+00
-3.587371007991237093e+00,2.699119545015229438e-01,2.908498640164109972e+00
1.003102940932779852e+00,2.383548099887632166e+00,4.193110174658111866e+00
-3.676618980672366366e+00,-5.247423918613192129e-01,3.662040348357417763e+00
3.793260975572029459e+00,4.169541129300024629e+00,4.605684441451587396e+00
-4.982930897554771477e+00,-1.479767314518736221e-01,3.142087194699138220e+00
-1.339308227311021948e+00,-7.455254902480790147e-01,3.669173702119108427e+00
-7.121122047854916204e+00,-3.974564907042418049e+00,-3.448691885921189471e+00
-7.344798600705253477e-01,3.545001636187479654e+00,6.211920507869170827e+00
-2.860488397893493406e+00,-9.526757997156651836e-01,1.097522426721555311e+00
-7.189194093604372782e+00,-3.578013455249587249e+00,-3.384778470325051636e+00
2.019429234189438205e+00,2.915619139006310867e+00,4.823833272740073674e+00
1.319585311614358325e+00,6.252382251986719375e+00,6.909882132222595175e+00
4.768293588290695162e+00,4.968186804772575016e+00,6.063060190659490090e+00
-1.152503061964785802e-01,3.159308239465365986e-01,4.212126374579105104e+00
1.136475439673580556e+00,4.509469790480573614e+00,8.528225093424884662e+00
-3.834951313710145637e+00,4.084467516175815938e-01,3.062182714032861686e+00
2.413363743207284529e+00,5.251578226422008555e+00,6.120766827999310600e+00
-2.306458116153935034e+00,5.506503181641750899e-01,4.232405968626014925e+00
-1.080680586641731278e+00,3.887099609770406250e+00,4.342237739483204351e+00
4.730683625733055564e+00,5.992832411475967014e+00,7.422877048832351221e+00
1.658431085517109826e+00,3.135415729940180363e+00,3.779704317369590783e+00
-1.056475916872744891e+00,1.905835161069858730e+00,2.822180686557722584e+00
-5.217503877337399842e+00,-4.100920986926377410e+00,-4.048903780054113888e+00
4.003779518627195166e+00,4.243585030947565784e+00,7.216956556265600398e+00
4.269934015590310494e+00,6.260050061951389466e+00,9.863903474583377573e+00
4.452997625295552098e+00,7.928598149987411858e+00,1.070161428467656783e+01
4.335128103021676615e+00,8.531241172398301487e+00,1.137338530766240829e+01
3.985660263323293151e+00,4.169470419105170578e+00,4.644348339139898307e+00
1.732959301698247412e+00,4.537768655260060235e+00,5.843159876417367116e+00
-4.398397812854426547e+00,-3.163382217657708217e+00,-2.912675429252806314e+00
-2.202348946623660098e-01,4.367451357369432685e+00,7.541964162507952985e+00
3.303755569925680202e+00,6.120986371238284818e+00,8.016177150528086770e+00
3.390687415067930477e+00,6.071533245434930670e+00,7.774017001147345951e+00
3.082725424756910915e+00,3.917710458602925438e+00,4.612866240003155482e+00
4.229595304119388999e+00,7.592907252742810087e+00,1.160376550170697740e+01
4.153336392992001969e+00,6.993152220724734747e+00,1.137988870361527916e+01
1.245798474376736298e+00,1.445289016970344065e+00,5.204531716995212776e+00
8.066768024190210440e+00,9.832873049979305335e+00,1.026833997410109589e+01
5.474178970577983527e+00,5.948772170697849582e+00,9.808522893612384053e+00
-5.076365934125476542e+00,-1.125007342274971123e+00,-3.437225641910306440e-01
3.691566543572105452e+00,7.102738556649092594e+00,1.046204855699688174e+01
3.603634383887785564e+00,5.993044136355438312e+00,9.506592489950403291e+00
1.042688896449396907e+01,1.331461031660354521e+01,1.389741107724042735e+01
5.394333158456484867e+00,6.788942006398933415e+00,1.128137496792379935e+01
4.369125419029630031e+00,6.199135606605794102e+00,7.999592576747479811e+00
7.935178697924582636e+00,8.539361777265472853e+00,1.326808818141237367e+01
5.428773309342743936e+00,6.838179922936454602e+00,9.378212943771909949e+00
4.834438271846028812e+00,5.612989574248657298e+00,8.020818732034825871e+00
7.435913742902749313e+00,9.945039537386758610e+00,1.374551428004401998e+01
6.855777620361177327e+00,1.062298640931157934e+01,1.447291459071402819e+01
5.439437099619320648e+00,6.974684930210212741e+00,1.075640140672513212e+01
6.467078226627831050e+00,9.119477080785559409e+00,9.483087326779367388e+00
8.044320462003444305e+00,1.066133794549401870e+01,1.319166494380596255e+01
5.312662462059290824e+00,7.592505374982083666e+00,9.416847751976579417e+00
2.652302038661509265e+00,5.539674870143308283e+00,6.184676518113656485e+00
6.536932026180664046e+00,1.026271385984091289e+01,1.108735185177938476e+01
-1.543999820307858428e+00,2.824899420118445192e+00,3.846357394261345597e+00
4.510683805883259012e+00,7.328166760024153348e+00,8.015608367655458366e+00
3.871403551249781749e+00,6.478375926029010579e+00,7.414562571507919309e+00
3.677877088523384685e+00,7.411741194904506003e+00,9.487677629567453863e+00
-3.585825180921098365e-02,4.540646743622755110e+00,6.292293363885225865e+00
8.700527101431609012e+00,1.300236336841841656e+01,1.319033702673746689e+01
5.794081951069227188e+00,8.330940701811563542e+00,8.551623857800723982e+00
5.076343475729466981e+00,7.598337220257086244e+00,7.648395076868379050e+00
5.146516174706342817e+00,7.017460499056927148e+00,9.115219567290285596e+00
6.551389871568131795e+00,9.954624359521444532e+00,1.424797392332041390e+01
1.548850869349438275e+00,2.834462127593392111e+00,7.181391507217561809e+00
8.461336543244524222e+00,1.006850663016475167e+01,1.391696618176150402e+01
7.879944121122437473e+00,1.075955254521702997e+01,1.096849429748083438e+01
7.474869186495443962e+00,1.156791095569526462e+01,1.304909329446962829e+01
1.116524743103835959e+01,1.245017897598640388e+01,1.406366625456519337e+01
5.860877758578562968e+00,7.378751337762952112e+00,1.222534441550870099e+01
6.307882261176178673e-02,2.714351670632549229e+00,4.497703221872189516e+00
7.434987197615954280e+00,7.530193941966956572e+00,9.530471664481757088e+00
5.250833200874366113e+00,6.711811820542505913e+00,9.421939994432069199e+00
2.647058606858783136e-01,4.011995060771342381e+00,6.213698852050954180e+00
2.791440399609261824e+00,5.612715438556463710e+00,1.003534327958273309e+01
7.863632696025694813e+00,9.462336374415084350e+00,1.051607023548997333e+01
7.652322673164194455e+00,8.904913959421527636e+00,9.480463348301954696e+00
8.125701241143232778e-01,5.018553116419441906e+00,6.322536853779315180e+00
5.547849260004299232e+00,5.856244332881987091e+00,8.237943481107135923e+00
1.173406215684878973e+01,1.187450737428694048e+01,1.496099795080164263e+01
3.917892593259842293e+00,4.728775340924173953e+00,8.464784331437158471e+00
1.338422242564236697e+01,1.369784251343262582e+01,1.412095447219316391e+01
6.321748511188900466e+00,6.901129976015575984e+00,9.038212169264541629e+00
9.660857920639266183e+00,1.095043940002574345e+01,1.366352718394338872e+01
6.447785830303247145e+00,1.066547454797238181e+01,1.245551923745202316e+01
9.799396316367282367e+00,1.204688094680058796e+01,1.287842977027996660e+01
1.768266033478000043e+00,5.703349922280873230e+00,9.688481421136176053e+00
1.222800699427185478e+01,1.598187401371624361e+01,1.642728897910236086e+01
1.336255115519754710e+01,1.663489032801669509e+01,2.132671015516996249e+01
7.428896272606879236e+00,1.219323148573842985e+01,1.340094005648139586e+01
6.196008884624277790e+00,8.896565675367538617e+00,9.105411592383779507e+00
8.466798485591695567e+00,9.374689779742482187e+00,1.064594863850284945e+01
7.390606136071188104e+00,8.126887876654908638e+00,1.177083496411684393e+01
3.768573265542754847e+00,8.734988283609588677e+00,1.293954790104841024e+01
1.248831289333791794e+01,1.303735553134300318e+01,1.392855220570163688e+01
3.802496666969955808e+00,5.144075856506493238e+00,6.564730419499890779e+00
8.906190905879519448e+00,9.839086891899530229e+00,1.466141331181273344e+01
7.808749053272077134e+00,1.071614238874882119e+01,1.172890828897589444e+01
2.989918118124243129e+00,6.959488475607037650e+00,1.004094241439402602e+01
4.970315372156958844e+00,8.894274155879987376e+00,1.061495325905012344e+01
1.214955151496618591e+01,1.498660642220610839e+01,1.936497414958966345e+01
1.115686543321094781e+01,1.204465085310419070e+01,1.616762313081866154e+01
4.715739635722602685e+00,9.449402822534393565e+00,1.092456880619548265e+01
7.588708411855564329e+00,1.012781367474639893e+01,1.151926162842798718e+01
2.883738006136399079e+00,7.649184963208400134e+00,1.205735117777675569e+01
2.752036048135449331e+00,4.651004614421035299e+00,6.763945903985941754e+00
2.967633701604824203e+00,7.816000510972662241e+00,1.086632943472047863e+01
5.775279085952663038e+00,7.790230962684638882e+00,8.686465204150197295e+00
8.529139739170659595e+00,1.023356296632423046e+01,1.136222525275209172e+01
1.106224358904893990e+01,1.214813500741728092e+01,1.377350270317102598e+01
9.510659736153822763e+00,1.186183537761400864e+01,1.656369629168419522e+01
7.946859528251533078e+00,1.183252793442459350e+01,1.404968473029694565e+01
3.081506738265256118e+00,6.706765616713682654e+00,8.039869876665930448e+00
7.784494552242241738e+00,9.292803100989848630e+00,9.327367478219866115e+00
3.401055355748011877e+00,6.526630395232891679e+00,8.401164663479669059e+00
5.968664842665775794e+00,6.628432203065660389e+00,1.015819848336418119e+01
5.097089226173379117e+00,9.045790582023190751e+00,1.269442909412336462e+01
5.971099418524858038e+00,9.365008392192368802e+00,1.037693188116843857e+01
2.213412410449970835e+00,4.961175855052455397e+00,9.610636225251157683e+00
1.043013705348773534e+01,1.076223372813884716e+01,1.455790048380091761e+01
2.225335423376158417e+00,6.729759481008064981e+00,9.632159157244808867e+00
1.053612971451388169e+01,1.102975541100807177e+01,1.286048323563214879e+01
4.647045636738597274e+00,6.573470436418041629e+00,1.112981866149862498e+01
9.034398589542288249e+00,1.375853265905888989e+01,1.557836839164310128e+01
3.990841198756591712e+00,6.099171045377209666e+00,1.052406774105505782e+01
2.723954375287158669e+00,6.944535218252983810e+00,7.472121587236260076e+00
6.936605578974506692e+00,7.445716594609265826e+00,8.130483642513137710e+00
7.173088103068252508e+00,1.025844052557582131e+01,1.051396493023438161e+01
1.019773428101192003e+01,1.198994289663381707e+01,1.383021794921139147e+01
3.207324103191228737e+00,5.075604623740582966e+00,7.363838696129858086e+00
6.085183952328542034e+00,6.834769572053430053e+00,1.118125506682305925e+01
5.049207910325513637e+00,9.355875415295843212e+00,1.376276478701599970e+01
2.394085299886366869e+00,7.303817495769599155e+00,8.754733030439245667e+00
4.855589089241788336e+00,5.173024448297974587e+00,5.193021211277595306e+00
4.593647941363538934e+00,7.199320151981046578e+00,1.086898274174427570e+01
7.516691370808549877e+00,1.096805813678659547e+01,1.315668510954782455e+01
3.767177857969032040e+00,7.802306728352232490e+00,1.110762312025921617e+01
7.681696397329308645e+00,7.842895538781435860e+00,9.219644262936760981e+00
3.833187883811494778e+00,8.278565600463714702e+00,1.240905748474781589e+01
4.672198272280116527e+00,6.293111888020630040e+00,8.385908036262406995e+00
3.768436098918139798e+00,7.183136842255061438e+00,8.849713439642108881e+00
-1.039851014472138679e+00,3.319887073352029816e+00,7.862169537571140232e+00
7.134157850198782569e+00,9.564354798921135270e+00,1.338877956576044603e+01
2.903996754212045950e+00,7.770712386394463600e+00,1.085013220655463861e+01
4.990593095988713479e-01,3.836589864164237973e+00,6.149618515533818552e+00
3.289839462837007122e+00,5.905612988179093747e+00,8.196825822019803809e+00
1.675110271063853684e+00,5.668073367350701552e+00,1.013383799606899593e+01
6.626330110722721933e+00,1.032946597926045662e+01,1.036576979577739799e+01
4.628277279083174989e+00,7.465567810344583499e+00,1.064676258439454948e+01
5.753599408630519996e+00,8.671490129974039007e+00,9.383166135312883682e+00
5.279857210126778888e+00,7.064340633193645580e+00,1.103365588567415756e+01
7.698994922865560753e-01,4.855288418849414533e+00,5.344402947347474786e+00
2.402210975962630890e-01,2.665107694002522898e+00,3.530368040753591785e+00
-3.480783871085697534e-01,3.358534528948907916e+00,4.408794066866098760e+00
2.835482364504839481e+00,6.882631434294412820e+00,1.173722259145623426e+01
-3.275651039871033454e+00,1.600926548960005746e+00,4.192280204170539371e+00
1.597351884851777370e+00,2.902881749334530248e+00,4.251919733058595163e+00
3.464101359287284687e+00,6.131724029411756760e+00,1.086220228742227079e+01
5.584213126418394069e+00,6.544516688062937071e+00,6.964699307756103686e+00
-3.839708724377066673e+00,2.592528428013407549e-01,1.257400267818413742e+00
-1.573883906103214159e+00,3.277951225969776949e+00,7.569831438098624687e+00
2.799112654983593185e+00,3.208666557946300291e+00,6.999908175793402521e+00
1.227041266983947665e+00,5.301272683869273195e+00,7.865795696384383362e+00
2.099300365271957958e+00,4.512885301630316093e+00,5.373156000664854659e+00
-2.618063593323397775e+00,-1.775786809751242146e+00,1.625869311374237292e+00
1.728553893508584238e+00,6.209472574548300372e+00,8.508370049046924066e+00
4.991181324812444586e+00,7.898010757109306113e+00,9.330922417416401160e+00
-2.545493633866057426e+00,1.856844013370087421e+00,5.401882428976961137e+00
5.269131446485411985e+00,8.815839832449325897e+00,1.187065858151203557e+01
4.084084514647062569e+00,5.030184009301397197e+00,8.883884207509087361e+00
3.213424374950835549e+00,5.220282753631888539e+00,7.631258598822450168e+00
7.012765090026794823e+00,8.151248741897266115e+00,1.188514988879710366e+01
-1.070969284165133040e+00,3.718313457204264871e+00,6.549971412869300735e+00
-3.131919787715319980e+00,1.756022185865317109e+00,4.823265708630838589e+00
-2.916039986498153436e+00,1.002973263647033875e+00,2.358953967935007778e+00
6.988776304488943936e+00,7.320362233122986062e+00,1.075662099860949539e+01
-1.325002390816762965e-01,3.044775465150686422e-01,3.287065682790168086e+00
1.070796662453468606e+00,3.785236497111834630e+00,4.750203428808399408e+00
-1.536339406511007866e+00,3.035950169468178750e+00,4.181112018057039137e+00
-7.033239849796193432e-01,2.606997762345800940e+00,7.335014270797064029e+00
2.547914418186558727e-01,2.865493007731718222e+00,5.172004552130744059e+00
-4.017712847178631641e-01,3.788692332008452457e+00,5.656531888951336740e+00
-2.352944914904880669e+00,8.396979189286419842e-01,3.017127111877743850e+00
9.872798975504908370e-01,1.760028743940938334e+00,3.326395148960309189e+00
-3.224798811145809019e+00,1.216385145045316252e+00,2.984822727112494523e+00
-2.014596550264557084e+00,3.262881071683522149e-01,2.961771324754144175e+00
-9.351718468153520369e-01,1.571591250862872879e+00,4.942551625147036276e+00
3.421152057502993671e+00,5.640005782079160035e+00,1.048545501212343112e+01
-3.676791180598693032e-01,2.185646990519020783e+00,6.721190227586160582e+00
-8.525461865546468232e+00,-5.093279717282121588e+00,-4.837003342708766418e+00
-3.397798172425005259e+00,1.817070723138564103e-02,7.150084555822705523e-02
-4.455421698178383849e+00,-1.086415450484199408e+00,3.136207016249876300e+00
-2.694052620982762214e+00,-2.136393482598694771e+00,1.625978402076599050e+00
-1.819058220438310114e+00,1.635426246138069528e+00,3.610355147126173669e+00
-2.058283166323660929e+00,-1.053386373740076154e+00,2.398894444786292546e+00
-4.089586701134257374e-01,-1.946517393652830719e-01,2.775489810483793729e+00
-5.493753498667075519e+00,-2.882652866822327908e+00,1.484638654295796556e+00
2.375671529952618322e+00,2.576927893681729032e+00,6.837609544185296429e+00
-8.519929073543874409e+00,-6.810333922688313280e+00,-2.977871244809108031e+00
-5.753961600264188903e+00,-3.501880356466842148e+00,-2.893730004358467056e+00
-3.785187290907648716e+00,-2.464512866218061760e+00,1.234940651501676534e+00
-1.218719914700449891e+01,-8.090637639719460594e+00,-4.795510813239721060e+00
-8.681702079342837663e+00,-7.035694087429082089e+00,-5.214316039834485217e+00
-4.409241100079206888e+00,-5.085566222892321520e-01,3.723092814115120497e+00
-1.630081359180793443e+00,-5.895999633756023872e-01,2.639489601338279812e+00
-1.632039469668728593e+00,-1.466721407742441752e+00,1.692899363160995652e+00
-4.531384270112864598e+00,-6.913809850427439230e-01,2.827906878392454360e+00
-1.173964401478169250e+01,-6.792873952316946351e+00,-3.644058060172476576e+00
-3.944144414981899605e+00,-7.404624474459922112e-01,3.451263733533530775e+00
-1.292188914371637409e+01,-8.906123586238289036e+00,-4.871063386174121490e+00
-3.937987106176966012e+00,-3.122060026831222412e+00,1.613946557859437636e+00
-9.844989155415397875e+00,-7.406566927171133408e+00,-4.930390187157541959e+00
-9.314272193345519923e+00,-6.282467903223363237e+00,-3.095969467690729893e+00
-5.976866995256080450e+00,-3.806201215322988496e+00,-5.128830137942657075e-01
-1.028704573940176203e+01,-5.797558830632508986e+00,-3.100485684860712965e+00
-2.742108802278161228e+00,-1.415746026260281454e+00,2.242572607624764736e+00
-7.407629620841849061e-02,2.776513367194000104e-01,4.536501899490268386e+00
-9.344429142838668767e+00,-7.792571534223873719e+00,-7.776066130119329678e+00
-8.248951868357595529e+00,-7.626148500848924705e+00,-5.783485710080070952e+00
-1.024926181618322119e+01,-5.515180687068011345e+00,-5.003999588372902707e+00
-4.428757322378769956e+00,-3.078217476931311314e+00,-1.879658338046741761e+00
-2.414300087001041373e+00,-1.264135306077873278e+00,-7.855843943604935431e-01
-1.756640624818682550e+00,4.416225422190569461e-01,3.001763313464816729e+00
-5.706114859261788297e+00,-4.010258712712455598e+00,-8.779321215100792664e-01
-7.516538941131766904e+00,-5.151088705537821610e+00,-3.929001237650848743e+00
-1.066538948289957656e+00,6.143389500451608143e-01,5.554523547548733120e+00
-7.646852773072131626e+00,-7.644532967463939066e+00,-6.706269834778914252e+00
-7.241404553409355849e+00,-5.750729681410778227e+00,-2.979865283195069381e+00
-7.408021853796227241e+00,-6.723626062772994239e+00,-5.536813679098753660e+00
-1.545686672908345471e+01,-1.191263022882659151e+01,-1.035281367884269876e+01
-6.965376509892481138e+00,-5.827259023903121893e+00,-4.792166348971604428e+00
-4.703418979723291038e+00,-2.966164918320640886e+00,2.031587490896106907e+00
-1.457415789360112157e+01,-1.208000182624128094e+01,-7.164467398460006464e+00
-6.429629100697269450e+00,-1.498468481745215186e+00,2.518732680310000749e-01
-9.095100599113141726e+00,-4.433484076560841203e+00,-1.059359050183935835e+00
-1.198741456058057864e+01,-1.057337377628808817e+01,-1.051417465912059157e+01
-1.302625724310632549e+01,-8.091278983472591335e+00,-5.228931387877649328e+00
-6.535503668224094120e+00,-5.289700124000909831e+00,-1.913932766579248934e+00
-5.643725074721912094e+00,-5.194676751967671535e+00,-4.961177152007463675e+00
-1.113633688111905329e+01,-6.164058274903139178e+00,-4.575695075647545629e+00
-1.028355933993315219e+01,-1.022262760112222679e+01,-7.204179577724055150e+00
-1.108638708728355837e+01,-8.849527859649862549e+00,-7.413787424631866685e+00
-9.534334164307145087e+00,-8.583684211514459150e+00,-8.432012441395032809e+00
-6.274155005098046800e+00,-5.687748467893348092e+00,-3.747254991296397719e+00
-1.293962140401745131e+01,-8.187645190930901151e+00,-8.002653888160596196e+00
-6.086459987664817106e+00,-5.372376020339450164e+00,-1.199610455652743823e+00
-1.433311013238718346e+01,-9.784149397330876852e+00,-8.833138926554804371e+00
-8.308094467799458371e+00,-7.628610775297393509e+00,-7.456244074218352225e+00
-8.450988690206399312e+00,-7.295180994634576699e+00,-3.069376564128092788e+00
-1.229359119920327359e+01,-9.855812680028490647e+00,-8.963986319372521550e+00
-1.195023678388163013e+01,-1.180827593969098643e+01,-7.564073126150987036e+00
-1.055478063365398711e+01,-6.602225934975944455e+00,-6.265370083144556013e+00
-1.314623404133495654e+01,-9.262324763463393396e+00,-5.574697318591508299e+00
-1.767910697723608848e+01,-1.274670420397418269e+01,-1.231015527411901189e+01
-7.261541494366849037e+00,-6.003004717398251699e+00,-2.955669822185088336e+00
-5.776220108383721907e+00,-4.417218667465396820e+00,-4.027092443170880109e+00
-9.206038840104957544e+00,-6.165728604961775439e+00,-2.939438994444593334e+00
-9.352625499944934973e+00,-4.962443790384258868e+00,-4.089787213172834335e+00
-5.320031540123822289e+00,-3.767683460565012243e+00,-1.033646983138071018e+00
-1.159153654415158030e+01,-6.947011625130024015e+00,-4.289056591417221398e+00
-8.048602695769488946e+00,-4.783876074020405156e+00,-1.695412827519593435e-01
-9.885424862260984824e+00,-7.728177682778630597e+00,-4.292613517351708374e+00
-9.636779590269888729e+00,-9.400724466620186348e+00,-8.843455421450565623e+00
-9.092720893378594127e+00,-7.187816517233581060e+00,-3.159260947219990179e+00
-5.144274957838462115e+00,-1.080285611016244651e+00,-8.029095379555657441e-01
-1.027257314527948928e+01,-9.670870487397010606e+00,-7.873062246881717741e+00
-6.144346815174888121e+00,-5.102537128774467412e+00,-4.375311564261548547e+00
-1.223674020756776137e+01,-1.195075519345817128e+01,-9.332647237869306167e+00
-1.482650590768525944e+01,-9.891131240136884273e+00,-9.103765620422830551e+00
-6.494140645822096047e+00,-4.915591308805097093e+00,-4.559623066565626104e+00
-6.526730485531209602e+00,-3.176983839049830394e+00,-1.714404697978984426e+00
-1.210999724960805501e+01,-7.654126967416887695e+00,-6.923504090167018177e+00
-1.056917402842431741e+01,-9.066942785575214714e+00,-7.743717180689245971e+00
-8.703091585261550023e+00,-8.178179893886857954e+00,-4.213809059713333305e+00
-1.267171561154129833e+01,-9.138075933204842016e+00,-6.624699952513406487e+00
-1.013184979827133070e+01,-7.695570797486355197e+00,-5.529017667098491629e+00
-1.469691458340154355e+01,-9.969709078943605363e+00,-6.121079412056247726e+00
-9.172897298746592654e+00,-4.438283527033643594e+00,-3.962140921272824468e+00
-6.180098011051928353e+00,-5.539445614147439301e+00,-2.931598864659098691e+00
-1.582288385480069337e+01,-1.320363882833079217e+01,-1.277920328388212035e+01
-8.137593681434122317e+00,-7.043805207411944380e+00,-3.694221822390594046e+00
-1.525575236426583459e+01,-1.222474825149384614e+01,-9.344228747513351863e+00
-1.315240448965740860e+01,-1.035891696309700372e+01,-6.190828026123973871e+00
-1.240744231053492186e+01,-8.747346711726001089e+00,-6.524204624815012288e+00
-8.230576326899299744e+00,-4.332420599125936356e+00,-6.369082336321780780e-01
-6.240514502773196526e+00,-5.449980834281012321e+00,-1.593032980214104555e+00
-1.004564062241632350e+01,-7.085068861396755402e+00,-2.330848961880201742e+00
-6.353661404501482757e+00,-5.748013310192351177e+00,-3.165569749231164298e+00
-1.287960212553530326e+01,-8.939272878003617251e+00,-5.491838426679008123e+00
-8.616543301167700619e+00,-3.929286424387364640e+00,-1.933597744739029789e+00
-1.569424109692653779e+01,-1.241694940187729479e+01,-7.915250972960418352e+00
-6.836364817108750991e+00,-4.119450510643837937e+00,-2.141317923146055513e+00
-8.473254148165009880e+00,-6.685875542822248718e+00,-2.359551976790707606e+00
-1.087989914606652420e+01,-6.659249712534984766e+00,-2.564690309131369972e+00
-5.859022216820062745e+00,-5.579193736705966522e+00,-4.008503220872837502e+00
-1.624739927745366685e+01,-1.284773241410989897e+01,-1.048902442277167069e+01
-1.080777122702452786e+01,-7.016135768237765191e+00,-3.875978193718991438e+00
-8.562122318502193963e+00,-6.183553064461019488e+00,-4.035124225236662809e+00
-9.187262906512163596e+00,-8.570300307396834683e+00,-5.594310063703257896e+00
-7.014228083662302993e+00,-5.370855138229576831e+00,-3.871828227735649719e-01
-1.263400228713545559e+01,-7.772232223834861564e+00,-7.441730868633357865e+00
-1.260592733288351752e+01,-1.035201907974453306e+01,-8.078148797901929967e+00
-7.665884363200307305e+00,-6.785523367479142642e+00,-6.149809595299419840e+00
-1.048245310507969563e+01,-8.796856011881761361e+00,-6.262964792983515494e+00
-1.287524737028373067e+01,-9.489124082432628171e+00,-6.303958956675407066e+00
-7.395651401543566372e+00,-5.961460468709443461e+00,-4.541908686210980761e+00
-1.293642251803659704e+01,-8.805852817642211505e+00,-5.184321470320745640e+00
-9.685112805727516871e+00,-6.575374733541958783e+00,-2.720129775536066052e+00
-5.887945007419807197e+00,-4.216169268987829177e+00,-3.321021278990127001e+00
-6.476917060636147916e+00,-1.864364872756201663e+00,-3.699145976662121527e-01
-6.286342235879220475e+00,-5.164381832809583628e+00,-4.301966323554958116e+00
-8.241041511453184754e+00,-7.640096887395857017e+00,-4.548176408273430837e+00
-7.752200591157249576e+00,-5.457616882853248974e+00,-5.036965125086938500e+00
-4.340387990097004156e+00,-3.767992459316836573e+00,1.365221953549964340e-01
-7.166255380708154377e+00,-6.023753719618055946e+00,-1.393960860487026387e+00
-7.240304502739039805e+00,-3.974222899810613718e+00,-1.630535809325567076e+00
-9.825574773884390822e+00,-6.404029438687347309e+00,-2.931011878994556064e+00
-1.102400134344342852e+01,-7.659400229658143822e+00,-4.333449349848764953e+00
-7.652604615287796008e+00,-5.638425411876110793e+00,-1.144221110686722831e+00
-8.456186556476552596e+00,-3.481442849573356035e+00,1.258187035459800818e+00
-3.136164919080925984e+00,9.172500658711868482e-02,1.376797478922889617e+00
-8.486940676520369209e+00,-4.333988331228008306e+00,-4.151596140475506402e+00
-5.207047398381503100e+00,-1.496396576528249422e+00,2.951528047522993248e-01
-4.982404048680908026e+00,-2.372024153479428854e+00,2.564442687230889639e+00
-7.269248899395320151e+00,-3.889886528296867318e+00,-3.106392186165738423e+00
-3.160851254325458548e+00,-2.059365016582375141e+00,-1.941611707960850808e-01
-3.165130594213493076e+00,-2.145586690784765604e+00,1.364738423361808728e-01
-8.595905880451354619e+00,-7.062607971241645188e+00,-6.994050905103864402e+00
-1.370506852090157324e+01,-1.140692168503148451e+01,-6.778109602132460054e+00
-1.026921218970398897e+01,-7.095407566291278556e+00,-6.376718623386524065e+00
-5.938164750432253669e+00,-2.276362137149555487e+00,-9.162411372253389530e-01
-7.082144941622495971e+00,-6.747335393217125166e+00,-2.034516007271057525e+00
-5.645480116993272901e+00,-1.365792969837230864e+00,1.104939543612686315e-01
-7.320900960828881310e+00,-3.471877397107084651e+00,5.947636551717372377e-01
-6.500051889319150789e+00,-4.458915879881399036e+00,-1.702790625053988371e+00
-8.989384043787921996e+00,-4.187969024939306451e+00,3.567767107179093955e-01
-1.360977153786972060e+01,-1.021811118105733307e+01,-6.253016338871128177e+00
-1.227390601514303725e+01,-8.319532118853080860e+00,-6.731761714131991425e+00
-4.121958022321040360e+00,-3.561490427823664540e+00,-4.321760581377249721e-01
-9.952631214860771180e+00,-7.179066720822243397e+00,-5.056220483480133865e+00
-2.007810500501177042e+00,-1.891795343673875029e+00,-3.912200424371883312e-01
-8.788807599130281645e+00,-7.862879078048232273e+00,-5.759334385009996282e+00
-1.004672988250497312e+01,-5.197482810157595168e+00,-4.016147930302868652e+00
-7.567566013503696176e+00,-7.339716729552989705e+00,-7.149371493091322805e+00
-4.525100658320859282e+00,-2.907349997149025533e+00,-2.850682484627740987e+00
-2.395134784067313838e+00,-8.699585989104490213e-01,1.994075239455148418e+00
-7.428601483378412418e+00,-4.717957998682551946e+00,-2.625884304472150266e+00
1.772999091277097428e+00,3.414245863982699802e+00,8.261399856424780808e+00
-5.503544984531950623e-01,-3.425263875747392994e-01,1.936680642228991722e+00
-8.221155754645167235e+00,-4.477787579030030329e+00,-2.411003755037693708e+00
-5.289488135871550867e+00,-3.049276755175680087e+00,-1.597404801341351765e+00
-2.368215053927633651e+00,-9.921135323657575000e-01,3.965253720092738465e-01
-4.999867520015615519e+00,-1.142196565122941321e+00,2.782934916486444976e+00
-6.661371430437768026e+00,-3.917494379982047192e+00,-9.169479185485149841e-01
-3.135365365950593564e+00,-1.754700243843768215e+00,1.050193500766720467e+00
-3.947719579818134150e+00,-3.568911186960204152e+00,-1.157652536742999061e+00
-4.147704865411888875e+00,-7.595291975033359178e-01,1.572593524887673677e+00
-5.431641293493077782e+00,-8.283129598812210004e-01,3.474759969430638584e+00
-4.910309435466113648e+00,-1.029735122368173661e+00,3.928445057878622304e-01
-8.556923581690750069e+00,-5.068080041059432439e+00,-1.674497596067030969e+00
-1.979179309202884207e+00,7.504657885674290707e-01,4.699681246160149151e+00
2.754010443300291211e+00,3.902849917390699197e+00,5.198516009568614038e+00
-8.497304987452620750e+00,-3.718839579283466534e+00,-2.728185552171273009e+00
-7.878920201029989911e+00,-3.064911753553353435e+00,-2.060906364907627797e+00
-3.178957665979391667e+00,-1.070043471485592868e+00,-5.494227589972334735e-01
1.500099239964491904e+00,3.414589056865995342e+00,3.821777378352972487e+00
-4.910616353509130505e+00,-2.963820827403242930e-01,1.184312386817298002e+00
-1.925576597264681222e+00,-1.301653418310482424e+00,1.050713746057544418e+00
-6.291956417145195601e+00,-2.276954624892256973e+00,1.195443982000104821e+00
-2.548918167170604043e+00,-2.339007968487493372e+00,-6.950987213365402706e-01
-9.100911226033771007e-01,1.670484491988522002e-02,2.759786141706010998e-02
2.318442431151776617e+00,4.736101262347692575e+00,7.094224318531901829e+00
-3.437667549414310297e+00,-9.170728171217015223e-01,1.694978499016861928e+00
-2.050477308160598700e+00,-1.614790653433737955e+00,3.052530616157004051e+00
2.321572805308980136e-01,4.688039289214018801e-01,2.539614878297442147e+00
7.022551527862832543e-01,5.433226623916596054e+00,6.357316689464862947e+00
4.552527160512734872e-01,1.448383271625396151e+00,6.010746792576608044e+00
-2.950775374548958663e+00,1.218494345437228343e+00,6.027832859348713157e+00
2.380938816391750201e+00,3.571884651295929469e+00,8.187003146852415369e+00
3.685356917632849783e+00,7.182850954329476068e+00,9.062450408711020700e+00
-1.862930346603735909e+00,3.069860071315381855e+00,6.991946392325315784e+00
-6.840976490751911498e+00,-2.499217491731277274e+00,1.425517784297512414e+00
2.306999845380502290e+00,2.872186047601866576e+00,4.600942568139468669e+00
-6.462888117023813939e-01,-2.064984642688516558e-02,3.218895728059536498e+00
-3.027472878958575642e+00,1.175438054777371732e+00,4.459395975034943227e+00
6.009719659483081955e+00,6.842982673508967828e+00,1.047098171906340269e+01
-1.839818836927642476e+00,2.832892112090634296e+00,5.134126022587430782e+00
-2.760132170507137772e+00,2.411677644833316592e-01,3.235642790592407447e+00
5.181386767415647299e+00,5.661924920327491506e+00,8.672125991527162014e+00
-1.960823862002039508e+00,9.335688163270834394e-01,1.220458296303611023e+00
-6.664136885490332673e-01,2.477935210802348465e+00,6.331115324548283851e+00
-2.524847101576689568e+00,1.317515031074753651e+00,1.722002666664989690e+00
3.200397896709781698e+00,3.564022521984464120e+00,4.549313995433142743e+00
1.922648807366214019e+00,5.706061624705895952e+00,9.604616574086161762e+00
6.583552291113090149e+00,1.000252812878028230e+01,1.130848770292839056e+01
4.638856943613063777e+00,6.756281262934749066e+00,1.029859300413983192e+01
4.441605704946503863e+00,7.856782413950842425e+00,7.978903745569179584e+00
-4.204795892024630888e-01,2.259010902396110243e+00,2.471770394283100636e+00
2.554108745606435082e+00,5.884063632400943433e+00,9.366019069716365664e+00
1.077879761757528954e+01,1.101663992534991721e+01,1.441235260821400388e+01
7.496133508888359387e+00,9.148763316910923038e+00,1.148378086696881617e+01
1.194562691184678904e+01,1.218685280089153977e+01,1.326373910135161793e+01
6.558017826116431692e+00,1.033999720750058415e+01,1.398299400145854676e+01
6.713201648099904162e+00,9.030980837761561020e+00,1.161278238899659954e+01
6.357586829990442112e+00,6.630655937078566708e+00,1.116997618411778248e+01
3.658876286835996083e+00,5.976408101401627704e+00,1.034014733786284879e+01
5.732146151351221519e+00,9.814916414702265612e+00,1.476530263163792966e+01
3.299623397500838884e+00,4.052563615609626524e+00,6.516208680767102024e+00
6.868053059692459605e+00,7.255158319993785021e+00,7.990201676422903354e+00
3.555702065610512719e+00,6.943996965105638353e+00,8.452785321838053534e+00
8.111458295038055155e+00,1.084775706866098588e+01,1.395572957711794970e+01
2.222103532003142590e+00,5.031711966410832737e+00,9.066399988508109686e+00
7.675074683033997758e+00,1.008793230233378146e+01,1.389543317159009739e+01
1.258001987405549471e+01,1.384134785921547106e+01,1.813787531800390695e+01
4.742091713285629950e+00,9.695402478368718491e+00,1.210206521883796782e+01
1.768404268330502127e+00,4.846168200137581650e+00,6.732169358655522018e+00
6.003761224895111326e+00,6.300153566031625907e+00,6.860011241774855328e+00
5.888081633117792535e+00,9.669957824688498960e+00,1.313160013962351691e+01
4.458978525455079556e+00,8.197501500699214461e+00,1.070813203162877336e+01
3.638740769065336167e+00,7.914900404788790311e+00,1.161682821570830981e+01
6.789284775472826716e+00,1.118464453713684037e+01,1.490384701905485088e+01
4.467886844052044282e+00,7.347270406548987332e+00,9.787857117301177468e+00
6.132307000761485938e+00,1.086103168495741933e+01,1.268799462656470389e+01
9.019545926684001458e+00,9.829722754848020827e+00,1.204123558539833461e+01
9.747806632141848837e+00,1.230523086827209056e+01,1.630274551791390536e+01
6.215038406827856576e+00,1.024678383490464029e+01,1.058943691349344007e+01
2.293985019211738585e+00,4.151564173556116621e+00,5.482357716349950394e+00
1.139712837636293941e+00,5.766716479117188321e+00,1.045071000812660422e+01
8.031897418478424200e+00,1.049258665944662638e+01,1.431665711337620195e+01
1.590205811324718610e-02,2.341070053822096320e+00,2.534629435282070187e+00
7.565891127024030105e+00,1.025870637983599742e+01,1.279197068068962650e+01
7.028943810936683079e+00,9.158879327014950888e+00,1.088361477955607626e+01
3.049919786407111921e+00,4.513013283614567328e+00,7.707187974127878149e+00
6.750712870402985288e+00,9.751142012748989174e+00,1.249143389313818986e+01
1.071493638833095652e+01,1.082695665391273465e+01,1.163095482786200741e+01
6.897944563377952143e+00,1.025220244616498810e+01,1.275912591504826921e+01
1.146401947498315366e+01,1.591392418940156972e+01,1.819027343299936916e+01
2.668987824507755846e+00,7.417584999176404459e+00,1.012366597566231263e+01
3.669486494765326512e+00,5.624822584589396435e+00,9.251081876030944784e+00
4.450221117273175153e+00,7.320036866102325845e+00,9.756706909165320241e+00
5.310332072441268814e+00,6.807033934645753348e+00,1.015496136990330278e+01
4.950058616249490839e+00,6.806143007967861536e+00,9.219070076208453202e+00
4.889215538796607419e+00,9.849032867261191981e+00,1.138057869242387987e+01
1.018790390842980287e+01,1.308270468103200201e+01,1.451606902684806499e+01
6.205451050550780501e+00,8.164023395694822938e+00,9.173362084331115440e+00
1.025185364028521917e+01,1.433493971475294870e+01,1.593728440040943362e+01
6.717989107250228464e+00,8.912411448755953813e+00,1.255884614171260338e+01
1.032461565590440067e+01,1.256852230401179327e+01,1.533585205570123122e+01
9.537491577581494795e+00,1.046376872560610849e+01,1.308232581950935192e+01
4.595784623888576448e+00,7.416065632355308246e+00,8.437529704535656094e+00
6.817293565349428874e+00,7.847181324981454154e+00,1.157760964178080698e+01
1.463410510062325365e+01,1.589068552864309325e+01,1.873939030460279298e+01
9.516582048183350295e+00,1.147699271887558581e+01,1.605816531861536234e+01
1.074607260800251929e+01,1.123964899289900288e+01,1.237978085656137139e+01
7.793242011883213749e+00,9.532857354136382355e+00,1.226863692082559432e+01
1.083132204457353431e+01,1.160871128249296014e+01,1.266930164584313800e+01
5.268143300850118393e+00,9.344630554094564445e+00,1.265385095952966310e+01
1.295545791016173709e+01,1.361684375777115896e+01,1.478910609007298049e+01
8.428472540224907661e+00,1.128710027427538698e+01,1.353937171041240006e+01
1.145752490753126551e+01,1.253436768810419366e+01,1.740818338327306947e+01
2.207208683027576779e+00,4.860402526508530663e+00,7.370359212960500450e+00
1.354064608185555940e+01,1.518628023891952594e+01,1.838152866517777539e+01
7.226139629517881247e+00,1.156536044361819116e+01,1.617062095867749605e+01
6.199615870503960124e+00,7.980913024560949864e+00,1.198383096896020206e+01
1.470502985573584098e+01,1.917666432150342359e+01,2.313799031321534727e+01
2.792020129006109741e+00,7.407933581510256715e+00,8.332733183647006214e+00
1.282437103027529623e+01,1.446646479499848326e+01,1.535873525950504259e+01
1.063310302779074590e+01,1.067356798511122129e+01,1.431616423943622607e+01
7.859331730090147516e+00,9.549048634921405210e+00,1.377425972736807580e+01
6.181933557520347122e+00,8.560920620091042821e+00,1.189886285843734548e+01
7.599512894148521269e-01,5.671486817238974965e+00,6.178762074228962398e+00
1.042556675864195093e+01,1.162494202880655081e+01,1.264256114029208078e+01
1.241223735280957463e+01,1.261656278421531496e+01,1.670896959258020331e+01
8.693291073645932343e+00,1.127554993710152687e+01,1.133113279564962994e+01
8.740752964591436580e+00,1.288390492369762264e+01,1.571473340295117538e+01
1.169320119400174285e+01,1.236490685695386382e+01,1.313370555593209232e+01
8.568515170401006742e+00,9.776813758637699081e+00,1.078807299501527872e+01
2.080444497426857442e+00,5.508713823144640642e+00,8.220508766394608813e+00
2.393465327909091833e+00,6.806464564576356402e+00,1.088091518656719003e+01
1.411242630969283596e+00,6.362381513773597064e+00,9.269879897352218734e+00
6.301061465690710683e+00,1.010936745939544323e+01,1.504195902145800012e+01
1.081939661200838643e+01,1.124021123372547670e+01,1.502919588189050870e+01
2.644873590592800028e+00,7.543497589866365871e+00,9.223170318310259574e+00
4.434346365142969759e+00,6.858769425062583025e+00,8.139792868248687085e+00
1.138063517420710014e+01,1.243072950519067099e+01,1.736212445777582403e+01
4.638295719897733704e+00,8.058627616948564665e+00,1.040367650086885121e+01
5.758744007888996208e+00,9.680606885691034336e+00,1.322123733362436226e+01
1.087728150280238282e+01,1.152339986578502362e+01,1.506455464396514188e+01
7.885735044168273866e+00,1.010203892708105933e+01,1.073669718265043649e+01
8.549058926310472373e+00,1.151451355099811380e+01,1.373422975658122880e+01
7.324986410803350445e+00,1.060710560123252932e+01,1.253104836782591747e+01
8.091856539772981805e+00,8.475923912766623047e+00,1.036378583721498714e+01
5.712464224219263365e+00,1.071201825841787247e+01,1.521317392997619322e+01
5.258622066101025894e+00,8.339881351916689667e+00,1.273057568520950866e+01
6.573897774925089976e+00,8.614704457938119120e+00,9.216591316004526746e+00
3.242775971501628884e+00,3.516030767499524146e+00,7.082004037899353399e+00
8.685195867782848467e+00,8.893337824452963503e+00,9.367026545963925699e+00
9.179294666197829855e+00,1.064530689767001803e+01,1.556978201608567325e+01
6.714724496913577312e+00,7.115224236843189942e+00,9.445192810762870650e+00
9.288982546017617636e+00,1.129857216046466917e+01,1.396674512009703228e+01
9.583625745757419878e+00,1.303175410359870412e+01,1.748300616166298482e+01
5.203085970588160691e+00,5.319040824037982951e+00,7.170115603463356635e+00
3.957444613974728131e+00,7.621981107668823086e+00,1.106458963468481116e+01
6.044462601997090623e+00,6.835261770774678780e+00,9.927064062632272368e+00
6.362319841461953729e+00,7.327840482286031687e+00,1.155335357297111543e+01
9.812195613673765138e+00,1.247254133463788506e+01,1.680820778662525328e+01
3.058779605166561666e+00,7.260665941008009661e+00,1.201618641405647736e+01
8.781280878584251326e+00,1.144524668895726194e+01,1.559692969412782482e+01
2.970926730266591154e+00,6.032920354823249731e+00,6.046495068075418367e+00
4.174254659043228344e+00,6.279783107767929806e+00,1.010628452120532472e+01
7.741835993727677057e+00,8.432834077371790471e+00,1.275721887026956836e+01
5.435695585246791417e+00,8.727459081726250290e+00,9.268427186373974891e+00
6.693875592383794704e+00,6.803573841945978806e+00,9.922280917647615439e+00
2.990250573028186309e+00,5.056598821128561738e+00,8.975769516837154072e+00
7.397148017333847747e-01,3.579196312759616028e+00,4.050241902612280676e+00
2.655430135932813407e+00,4.550469845779653966e+00,5.211956040580088434e+00
3.209318837302748584e+00,6.929942239189092135e+00,9.535884803845837254e+00
1.398220042262160945e+01,1.452624335901121988e+01,1.946888008222131106e+01
1.736426571155058607e+00,4.757898917791177240e+00,5.771071252873181123e+00
3.518760076792557534e+00,4.286283335483375367e+00,8.136281433925603324e+00
-3.198431911744046729e+00,4.421407250138997824e-02,3.642830661373444912e+00
2.018345999566516724e+00,6.237083970509589292e+00,1.073944149952276561e+01
9.293235288281517015e+00,9.375537207811436957e+00,1.058274323189566601e+01
3.540381753202471060e+00,7.963248681657914219e+00,1.254816631569394936e+01
4.755967809262578783e+00,5.830753208064400006e+00,7.372457180285409528e+00
1.607413937167727624e+00,2.408309662621899605e+00,6.823561104260443599e+00
6.085689726631660079e-01,2.231960783487177302e+00,5.840464456861506726e+00
6.123372851496178271e-01,5.266357560060322740e+00,7.448262865730779225e+00
8.871860688673297801e+00,9.408052771230316580e+00,1.271985302286623565e+01
7.929212730317152236e-01,4.276028396562391087e+00,7.982303752328633095e+00
2.716880327287356067e+00,3.492457322830174515e+00,6.788976379712127418e+00
1.874918411826335785e+00,5.217520118107564109e+00,8.148861510719559220e+00
-3.628401175570102666e+00,1.085048621525872115e+00,5.716695119291009597e+00
3.861690443479015578e-02,9.956295442267877327e-01,2.729594030901449475e+00
3.874902595090139457e+00,6.939460371654716297e+00,7.059771301277597999e+00
1.224947327374354966e+00,2.988087651027706126e+00,5.055244582058460168e+00
7.017315832224069183e-02,2.302768456278486475e+00,4.452891841757818270e+00
-7.812724802407348790e+00,-3.518890537195993762e+00,9.756425327453288610e-01
-2.851002340301969529e+00,-1.440147775753128911e+00,5.191166406888965135e-01
3.803457719217778976e+00,6.237442828650718418e+00,6.346452725299100095e+00
3.866050721404193702e+00,5.397597739185513888e+00,5.418097655314164207e+00
-5.988540129697092596e+00,-3.247341757810061402e+00,-3.474724823234911497e-01
6.162494275265322230e+00,8.497847256277344385e+00,1.276714157020329665e+01
2.316107739780309593e+00,3.073629102683010039e+00,7.909411856512307715e+00
-2.698096369908057346e-01,2.491092987139522652e-01,3.210818432923765897e+00
-2.540540936827198060e-01,2.389305523692258237e+00,2.524189415151092852e+00
-4.477676912071126836e+00,-2.426678695956297371e+00,6.660207797599322355e-01
-3.087471559138145860e+00,1.316708385071578835e+00,4.431752061180675994e+00
1.319067116569093034e+00,3.128333757216228861e+00,4.392940456797480131e+00
-3.729989114695350327e+00,-3.542727461800582844e+00,-1.526023637074436223e-02
-1.249627880943494418e+00,2.973497864448942707e+00,7.707036173771617094e+00
7.978016019991285290e-02,3.811395010123540317e+00,6.580979088413973166e+00
-2.992737535459152109e+00,-2.598071862238276353e+00,1.022953345492140453e+00
-2.149880600621668858e+00,2.198777830168120229e+00,3.691776123537682253e+00
-7.879201816642133593e+00,-3.419702394743856733e+00,-1.683747667289115180e+00
-4.949077773552785331e+00,-1.159344203300642029e+00,2.670026698670794563e+00
-6.535966153235225562e+00,-3.006772661971672367e+00,1.543023059131606534e+00
-2.208067161113502763e+00,2.707075894454143317e+00,4.143346415214964829e+00
-2.925998649586850853e+00,4.931284376776965406e-01,2.893843146427732549e+00
-2.546776707088358016e+00,1.153268580690693268e+00,5.999085264449090182e+00
-9.248397331268216615e-01,1.914707046706335847e+00,2.728769734423665660e+00
-4.869030031234727218e+00,-1.409050524276452387e+00,1.968482392311280860e+00
-5.790675439590983409e+00,-3.240412868241159927e+00,-6.956845862406773051e-01
-1.425317879286698730e+00,1.166044110819052460e+00,2.707216048347701243e+00
-3.979852254384114163e-01,2.945824510596639634e-01,1.466092340760096757e+00
-7.688739507764227987e+00,-5.949863334699386996e+00,-4.693448881097833869e+00
-1.871432508576797327e+00,-9.992800214133628067e-01,3.387289818800040653e+00
-1.117543222943304215e+01,-7.166904219402086440e+00,-2.969120518059336966e+00
-3.695756694787055707e+00,-3.640622292229771517e+00,1.208922675004007630e+00
-4.408189088213783080e+00,-7.748265701500414160e-01,4.164835175432720860e+00
-2.565490803177618684e+00,-5.233611550386627620e-01,2.486720956502809443e+00
2.588341408892184781e+00,3.401485617644846471e+00,6.181965919737686832e+00
-1.315090438662912753e+00,-2.773983766083656377e-01,2.215443121435530127e+00
-9.458884511745516477e+00,-6.833574277570637179e+00,-4.563562122013322231e+00
-7.254851522565593847e+00,-3.303121301288527434e+00,-1.259622639871830874e+00
-6.042317291913414934e+00,-1.334006814506447203e+00,2.794365984182122897e+00
-1.117219501683867477e+01,-6.897123273524947251e+00,-3.087363354313896746e+00
-5.049047076137988199e+00,-1.183550276752265873e+00,-1.041687477270452522e+00
2.546424904690926638e+00,3.192779115279797075e+00,7.511452472986449358e+00
-6.973234696619386774e+00,-2.511916645279222315e+00,4.482549187898658971e-01
-6.340888419777853002e+00,-1.983525927661359933e+00,2.403553446194626186e+00
-1.357396450167746238e+00,-5.342051715405045087e-01,-3.595912038726511994e-02
-6.212219093607274090e+00,-1.622610697813192893e+00,7.373097198548781428e-01
-8.821022676652461314e+00,-5.002584434478429820e+00,-1.132536293352202517e+00
-5.727349802603604267e+00,-3.926658820177880482e+00,3.313703003712897832e-01
-7.574471023718255758e+00,-7.264182244487930262e+00,-4.778567345821974399e+00
-2.556664652891569744e+00,2.345137670452437817e+00,4.613469975489925545e+00
-1.129751317856511150e+01,-9.427565158241833387e+00,-8.031967390154077790e+00
-1.020627196739245690e+01,-6.979489498876937148e+00,-6.786476461215960043e+00
-3.097208792932218735e+00,-2.220308432114069142e+00,-3.336389787559972397e-01
-7.261609517472975561e-01,3.120263464091222794e+00,5.129393128538440649e+00
-7.184459331111348490e+00,-5.787372419229794396e+00,-4.118913813155169024e+00
-1.599830867250847177e+01,-1.347837309400803818e+01,-9.247913964893321292e+00
-1.180804677860137453e+01,-1.004701798854577888e+01,-5.126572520652876719e+00
-5.046558637312529072e+00,-8.007011473213259123e-01,3.712732957387822275e+00
-1.146577347012459036e+01,-9.986541790503014937e+00,-7.254130772221574652e+00
-1.412323864920613659e+01,-1.403991472720420752e+01,-1.400475735099223051e+01
-9.285921828626124253e+00,-8.374284065030840551e+00,-4.301685539399562330e+00
-4.736706932040371854e+00,-4.674450853094464620e+00,-1.734085509514871060e+00
-8.384941753610478443e+00,-5.007005035398923276e+00,-2.230589745482538522e+00
-4.371804749451975169e+00,-7.835613107474115324e-01,8.962594628789828377e-01
-8.806348220772916235e+00,-7.573167230064076882e+00,-4.405507695047559125e+00
-8.997894604271152730e+00,-6.209858081223806892e+00,-5.506925284332750081e+00
-1.013127928773302067e+01,-7.762565339665517428e+00,-6.556364582280381548e+00
-8.564592977952553809e+00,-8.325989957506134687e+00,-5.320748121319059720e+00
-1.054551893469678348e+01,-5.680089085785212433e+00,-5.246840788331139649e+00
-7.674273441209224167e+00,-7.235527677160185078e+00,-3.343610220829846824e+00
-1.302015142634405187e+01,-8.238334872819889299e+00,-6.141191098078387256e+00
-1.379379077905990059e+01,-1.138294308632958618e+01,-1.104407651227464626e+01
-1.296630212952930705e+01,-1.098812084761949492e+01,-9.109054578894376419e+00
-2.803448673759429077e+00,-2.146860953773391145e+00,-1.023678564420270387e+00
-5.163380823990138424e+00,-3.876719511947005703e+00,1.538176650321521066e-03
-7.852195279482453216e+00,-7.485203841701891569e+00,-7.289333258093027013e+00
-8.369910335212470187e+00,-5.235617930302581158e+00,-3.233823777275548927e+00
-9.987293101842553256e+00,-8.458430507047127733e+00,-8.231867563935765020e+00
-1.166291767547006941e+01,-7.751340484172016154e+00,-5.774727654739221450e+00
-3.737202669336114891e+00,-4.084766509362136588e-01,3.776228963542685335e+00
-1.229719722184601594e+01,-1.182879981412823156e+01,-1.124785152093488172e+01
-6.230713094389884077e+00,-2.660043031601478702e+00,1.512955860984390277e+00
-9.641285776396395946e+00,-8.310157434504908736e+00,-7.434262788833464697e+00
-8.033921308366210212e+00,-7.276009750517546948e+00,-6.741915459341111472e+00
-7.380966079734942120e+00,-5.128061155173522678e+00,-1.844670371796549802e+00
-8.158519821378824588e+00,-6.706087828520383987e+00,-2.939471790879453650e+00
-1.322219805482319899e+01,-1.171138143623478101e+01,-8.569916795293702094e+00
-3.893002988794160402e+00,-2.761636286032673304e+00,-5.473313394313490399e-01
-6.933675589511418380e+00,-6.392518907214221002e+00,-2.452120108217060945e+00
-1.372404480132790283e+01,-1.347860236949032497e+01,-1.263014900252613693e+01
-9.162934677935091088e+00,-6.557741962911459943e+00,-5.451676933031062156e+00
-9.724878918864430233e+00,-7.533682967979617118e+00,-6.068708188526106717e+00
-9.984333413686655945e+00,-8.955889890219953742e+00,-7.583857459096330800e+00
-1.341352868978651180e+01,-1.296486866155015960e+01,-1.281956009758564363e+01
-3.841266913003008376e+00,-2.240330101552868491e+00,-1.932380800422925704e+00
-1.196408631642176346e+01,-1.047445548350912503e+01,-6.187777083096386299e+00
-7.260720464779411465e+00,-7.035882755723122273e+00,-4.388115843694720297e+00
-7.779881697416366038e+00,-5.496105160477948282e+00,-2.551852920750049769e+00
-1.155947297228902748e+01,-1.033070905823632835e+01,-7.424643622382181007e+00
-8.643553849748846218e+00,-7.460171372008031376e+00,-5.833906659049284293e+00
-1.238816316020404251e+01,-8.568829130774146208e+00,-3.973873164666716917e+00
-1.378269465191422682e+01,-1.186518288070335814e+01,-7.958513363282703423e+00
-9.530466708430246570e+00,-9.000963511880293311e+00,-8.912152506053363510e+00
-1.065963405376731288e+01,-1.007406421772360439e+01,-5.669020172645158340e+00
-1.163314371883968690e+01,-7.813514116133124077e+00,-7.493929898708283410e+00
-4.384281061325527418e+00,-2.425908499105755567e-01,1.397743601682577719e+00
-6.807415936499416453e+00,-5.582405969572494797e+00,-5.056926270279634039e+00
-9.526668065553058895e+00,-8.976708784460415202e+00,-5.859008194897365129e+00
-1.127173518166863886e+01,-6.615917727756309041e+00,-2.435328568677055827e+00
-3.917806313176458222e+00,-1.300950254814087437e+00,1.655831361607198904e+00
-1.585820169004062841e+01,-1.334500913291487123e+01,-9.269538934877811442e+00
-1.204736898398608780e+01,-1.114672342183694553e+01,-7.821257470719267246e+00
-1.277152069842418136e+01,-1.027474614206583503e+01,-9.774463060953809901e+00
-1.588350575512980534e+00,-1.031315292037174203e+00,3.004202449301507372e+00
-9.062750333629059796e+00,-6.178324003444931378e+00,-5.728591274451381388e+00
-1.274579558818064662e+01,-9.354331185910758961e+00,-4.763624004775772747e+00
-1.309896181700318252e+01,-9.471946185404846119e+00,-9.092717830627533360e+00
-5.452479966182545823e+00,-5.441374623177480885e+00,-1.823310103919252967e+00
-9.312171404582979761e+00,-5.494247900881713775e+00,-4.452742659390475310e+00
-1.111209832923920970e+01,-8.372855015804297807e+00,-5.954355393147951148e+00
-1.025087627302684368e+01,-5.947908935256562835e+00,-1.443338741812802972e+00
-1.545267164179896824e+01,-1.239573199462418529e+01,-1.102459879571114598e+01
-4.560163313412855857e+00,-4.259634582472465958e+00,-1.127238408977326856e-02
-6.785757088479505761e+00,-1.921910996236120717e+00,1.468411980638963055e+00
-7.076700820612912501e+00,-6.003218241667304333e+00,-1.965577694168197276e+00
-9.227339777737096682e+00,-6.581509095778192986e+00,-5.957210438397311236e+00
-6.603682392335109341e+00,-4.365233657244662169e+00,-4.162769485014576887e+00
-7.758060943906464502e+00,-7.717484041377304038e+00,-6.055667386451720091e+00
-6.507581651441403991e+00,-3.989191374127884604e+00,-3.158458190383482744e+00
-7.701913418081848484e+00,-7.312223352355305295e+00,-5.325082401675052424e+00
-1.086002938580096355e+01,-6.151063569451808988e+00,-2.290374958744036071e+00
-5.996328878722367861e+00,-5.714271809337294172e+00,-8.066070877618889412e-01
-1.415894134337563770e+01,-9.808334047013794077e+00,-9.705872426336901171e+00
-1.085184585221647069e+01,-7.434805127968338923e+00,-4.425625241948601740e+00
-1.280803128409317537e+01,-9.149562574345953436e+00,-6.808576988087674309e+00
-6.934322664690474980e+00,-6.871654709349107826e+00,-4.955359031321326491e+00
-9.459712069706972315e+00,-4.508661819690962247e+00,-1.511929762729637083e+00
-4.410931423258714901e+00,-1.285180698271535249e+00,1.771624432014548667e+00
-8.514853576123293522e+00,-7.232149591994882165e+00,-5.421783635207070517e+00
-1.153213121227911486e+01,-7.722744650133175348e+00,-7.051778881859115167e+00
-7.697633611629496997e+00,-4.173156040654430576e+00,-1.448733528004654492e+00
-1.177760235341589734e+01,-8.214811008463074771e+00,-7.694204372774683165e+00
-8.514043236947886228e+00,-5.504930578384413131e+00,-4.199626850425780766e+00
-1.428298259991228747e+01,-9.595827831207959235e+00,-9.150432891451371731e+00
-1.319853727620629691e+01,-1.177576048956203891e+01,-8.642541994532004779e+00
-7.888212143530900278e+00,-5.683794019287432775e+00,-2.734567821013404565e+00
-7.448589498327480740e+00,-4.087940784301345332e+00,-9.030827023858121194e-01
-1.170079650490134071e+01,-7.026491640573652830e+00,-4.865644870761264507e+00
-3.790130890848013578e+00,-2.177232622878529256e+00,-5.116743004552470886e-01
-5.281436559181736712e+00,-4.257888786494827826e+00,6.617624258492025291e-01
-1.527285040939329441e+01,-1.117268816055729808e+01,-8.059316666617311498e+00
-1.107777087299790253e+01,-6.245150370030689402e+00,-6.180304480291622049e+00
-5.499989519638789126e+00,-1.208984714033890739e+00,8.220069024799325774e-03
-1.136785174500417206e+01,-7.067595433084309597e+00,-2.288385196671442579e+00
-6.721290777031303953e+00,-5.112947029808275978e+00,-2.093949841644275445e+00
-3.906412057319621489e+00,-3.289673337112531293e+00,1.680893981832269013e+00
-9.270219842974427138e+00,-6.740285911500518701e+00,-5.035100987124847549e+00
-3.115113073989000947e-01,-2.434004290260327608e-01,4.604031170009929674e+00
-1.034175354395243396e+01,-5.575160626171029143e+00,-1.458804455740879469e+00
-1.199830727716218171e+01,-7.358906678311614158e+00,-6.995402180103625689e+00
-7.850861936981070599e+00,-7.385398498295371539e+00,-4.401450583008857720e+00
-5.565692944754539795e+00,-3.055816750071699950e+00,-7.063535800330589254e-01
-6.587954997673354463e+00,-5.953327652261110714e+00,-5.915622042542430847e+00
-6.989915526674869817e+00,-4.836830027359043882e+00,-4.019769626202510437e+00
1.552545532403620143e+00,2.824299812474356131e+00,3.378430384325205260e+00
-2.674759456785144263e+00,1.136238123910451314e-01,3.672365473208793141e+00
-3.528518016730818552e+00,-2.125238564268909336e+00,2.195558731421083820e+00
-6.175915295424142748e+00,-4.082229371627271952e+00,2.219652836001921870e-01
-3.966360378057758318e+00,-3.511105816491758791e+00,9.907001641515660317e-01
-7.359875821426242304e+00,-7.050385843917133855e+00,-5.748313381703301417e+00
-4.897828025321945944e+00,-2.927115954135722564e+00,-2.823417139602097947e+00
-9.102737991568877973e+00,-4.906428779864084433e+00,-3.018790723303978130e+00
-9.455150625965385913e+00,-7.967666418749320911e+00,-3.402060363873502524e+00
-4.257039179059036726e+00,-1.034623097772468192e+00,2.933755368093220461e-01
-3.914506269288078322e-01,8.630419357351519771e-01,4.014354068475805448e+00
-6.445289791611036101e+00,-3.835762269985476536e+00,-5.582559316134689809e-01
-5.134499362808682577e+00,-2.563649819457509693e+00,-6.500293197238826703e-01
-8.539667345482236271e+00,-5.147424385090253907e+00,-2.625447983901310955e+00
-5.595866781358265207e+00,-1.611761468576559109e+00,3.365815257441190589e+00
-7.639491363713123206e+00,-5.533274268615151925e+00,-1.949041592604882744e+00
-5.762421735846159798e+00,-2.845341089497135378e+00,1.831526210100891561e+00
4.555145282111809912e-01,2.124357994563279561e+00,6.242860542610098484e+00
-6.786163680133596721e+00,-4.317015029275534488e+00,-2.010953815480458040e+00
-1.560966308170661510e+00,1.137263310580875597e+00,4.057676748366613850e+00
-6.134065514165698119e+00,-2.237226918280966537e+00,2.026315723243665268e+00
-5.440430121345222858e+00,-1.341782152655325522e+00,-1.393008786405300903e-01
2.292132829046410691e+00,2.340659194594462367e+00,4.751718846777006178e+00
-7.700763669291879054e+00,-3.454789809478608476e+00,-9.002448331553183358e-01
2.003523390065369725e+00,5.012386831994367853e+00,7.373770934093256457e+00
-5.496831152820846889e-01,3.682382456797544945e-01,1.850390564016766159e+00
-1.495472950164575821e+00,3.174521513478909540e+00,6.864367272866430447e+00
-5.226021311371083833e+00,-3.139397092955809043e-01,1.360831901504139907e+00
-2.372240471260639083e+00,-2.223288786068999823e-01,3.874481478832554338e+00
-2.690165307672992778e+00,-1.386093077115148731e+00,1.767809159538759722e+00
-3.997008539682862960e+00,-5.212043079895354314e-01,3.745650929261246098e+00
5.437641700936328704e+00,5.909192192774879615e+00,1.004514859850518782e+01
-3.136034846656803765e+00,1.075062194410534300e-01,5.100287727630024470e+00
5.963090119262298705e-01,8.521366108257721894e-01,4.764961255986627897e+00
-1.147219577815637326e+00,2.564403173595665386e+00,6.526254662677885676e+00
6.081492939250468410e+00,7.827898212721702720e+00,1.014997368844277048e+01
-8.665817355691081136e-01,5.243684642488510850e-01,3.948159662202705533e+00
-2.536346506271822232e+00,1.185201792375074614e+00,2.852188970706417415e+00
1.164737992631668995e+00,2.138148868062121011e+00,4.529175924796311037e+00
1.838861224951884754e+00,2.783910261100980055e+00,4.937966497291558454e+00
-2.867667376688332492e+00,3.592620768878740378e-01,3.576338165287275661e+00
-3.898942722311579345e+00,9.671099082261642721e-01,4.843031928127492947e+00
-1.356316623666486976e-02,4.397081418686783927e+00,5.532920867942682897e+00
5.206390894967025673e+00,7.068514415832328979e+00,7.567293681661194427e+00
8.683422702446405239e+00,1.061908722712466968e+01,1.275779437052233511e+01
-4.797642918587369465e+00,-1.287153010383650376e-01,2.730930272852262419e+00
1.783061255928167110e+00,3.472269870208032128e+00,5.223142828238827917e+00
-1.425152486887450554e+00,-1.267420288852502797e+00,1.249948027071611900e+00
-2.977777979175382672e+00,6.859292001905776814e-01,2.110489351080429010e+00
-5.841936876450319893e-01,3.853303605916243324e+00,8.558015992988483589e+00
5.957573232859596501e-01,3.312542603787294482e+00,7.178424980834211766e+00
-2.186507623651964050e+00,1.208944511344359540e+00,4.080894532386783347e+00
5.022804723948747885e+00,8.995054370392260523e+00,1.137131954656673827e+01
-5.626512308590716493e-01,8.650666613528081861e-01,5.089254537097874120e+00
4.771056505738251907e+00,7.419369597597154531e+00,7.738991915351459916e+00
4.823065346182336954e-01,1.220700061207544707e+00,3.435708244989456706e+00
5.942509368866618402e+00,9.413500551902643565e+00,1.203421532707558761e+01
3.545719737294255047e+00,4.162888506317423243e+00,5.234953936178387224e+00
-4.062756599053312989e+00,-1.777785263487379197e-01,1.273746980162013376e+00
4.320469484013171879e-01,4.706020489645190708e+00,8.106537616964700987e+00
8.162507048593695913e+00,8.737346790646789430e+00,9.729837895776542567e+00
-5.479308916476441027e+00,-1.665404544394475828e+00,-1.024766445506823942e+00
4.659852774204652270e+00,5.962260071351522583e+00,6.234952635079531014e+00
6.012664337073662324e+00,1.002416570496120940e+01,1.317440369371180964e+01
1.184105857740324730e+00,5.300158973846167854e+00,7.326373425909341819e+00
8.756299208695267566e+00,9.844210319434088419e+00,1.359295422545061172e+01
-1.020034908402405627e+00,2.686110367030437374e+00,4.941915189318280888e+00
2.606711526729402095e+00,3.842653642191434571e+00,6.157167549310260668e+00
1.975857924637899332e+00,2.783961045519016686e+00,3.647178615852795680e+00
7.372371399082853216e+00,1.055585187630484967e+01,1.180317845375836683e+01
4.069802779267761572e+00,8.121076596807164094e+00,9.959642674586046240e+00
-1.421057820171749420e+00,3.111372888664983627e+00,6.653835297670029902e+00
6.914437233412296990e+00,7.375913723140200773e+00,1.049131591991878487e+01
7.750448119695466431e+00,8.307512201844673427e+00,9.361989770645855913e+00
3.978871696356968357e+00,8.144248713077955060e+00,9.696981799462975005e+00
2.657648434794224634e+00,7.267006459046274180e+00,1.063836484242995972e+01
3.089422171385976856e+00,5.887768960120528305e+00,9.032185272585225633e+00
5.222868621181369519e+00,8.794794630693163029e+00,8.961297994822070123e+00
-2.247114388475530689e-01,4.575970493045030452e+00,7.062229868114433984e+00
5.585406060775200743e+00,6.009274061465899486e+00,9.142735606197090803e+00
8.019902195874255568e+00,1.287456432831611153e+01,1.386553815116300115e+01
5.452568131177465638e+00,9.061483175978406024e+00,1.000931181544790860e+01
4.644157030083018611e+00,8.707672479302894786e+00,1.029992217289633416e+01
6.105060232315072000e+00,7.482197162560348502e+00,8.207342976527835177e+00
7.251684471524885822e+00,1.111641506257682721e+01,1.316257212517940189e+01
-1.853558412874303230e+00,2.392709745046111891e+00,5.238318180125506096e+00
7.244656910075365275e+00,9.365865962405646172e+00,9.598364861766752298e+00
7.273768828454667101e+00,8.665574242967652552e+00,1.093990712263437359e+01
4.938539375634358741e+00,7.155398066043458627e+00,9.134567446513919720e+00
5.006478731536669002e+00,6.096780148801309807e+00,8.828521049837029011e+00
5.682450898624872515e+00,9.487101519371069713e+00,1.093909902553466296e+01
9.881505534438264959e+00,1.096865507070141277e+01,1.454653281785605401e+01
8.959087360898264407e+00,9.298088824260716478e+00,9.653490019229291619e+00
5.012319511328723110e+00,9.882025130370138299e+00,1.301150184970426338e+01
9.873662510013865301e+00,1.043451319676983502e+01,1.300372341958690114e+01
1.510955326678426580e+01,1.521106652324902164e+01,1.848224906779368126e+01
5.254427873877901334e+00,9.608678368015537430e+00,1.044500015220769384e+01
2.974375861223896855e+00,4.453740674892650020e+00,4.953097896724881544e+00
6.872573635757561306e+00,9.809263027451452288e+00,1.010966621597786563e+01
1.431383077103960400e+00,4.882193066294795436e+00,5.709789372372049421e+00
8.373918106843905917e+00,1.046087386095363669e+01,1.068148957130370036e+01
5.860376229600188225e+00,9.022927670645069398e+00,9.079471119102061394e+00
7.427016026509090985e+00,8.943459678446247452e+00,1.033265725676334057e+01
7.274563453381691858e+00,1.198174311008009596e+01,1.562542189282295979e+01
9.616533421239491730e+00,1.139931800391038053e+01,1.383873558463302800e+01
1.011778493798669842e+01,1.420506068240560715e+01,1.573486893210513315e+01
5.766538676608232272e+00,7.905407847802472077e+00,8.110934404316479274e+00
6.388781242118815484e+00,9.604491620112774797e+00,1.280316815095203786e+01
6.109095176709631758e+00,1.007938659693696692e+01,1.303484474737475196e+01
9.010763201730348726e+00,1.170746193542058577e+01,1.322507679039682849e+01
7.713170389002087290e+00,1.084028644735915137e+01,1.425392204823036479e+01
6.105609482609771099e+00,7.950219497265342383e+00,8.543737658135155399e+00
6.995726688958267658e+00,9.761479156058134876e+00,1.204573933045502798e+01
7.700474896298869609e+00,9.759741652463670647e+00,1.335824519125397458e+01
4.641103505554555753e+00,8.757567033254019861e+00,1.025638392933157306e+01
8.255685759658907941e+00,1.040741604166299616e+01,1.217605745643118986e+01
8.258683227762105616e+00,1.244100585996550024e+01,1.680374246704265317e+01
6.950364133368271524e+00,8.786522276142180843e+00,1.000423093072136282e+01
9.915811573531529532e+00,1.203522739717440793e+01,1.698576511872151329e+01
6.760586218881383225e+00,9.576333851150877763e+00,1.173511995144228948e+01
5.978538237353451912e+00,8.828323415157839804e+00,1.032476897067864918e+01
9.207945110694060631e+00,9.904613641304715443e+00,1.216395755741580942e+01
1.379361902572616572e+01,1.499089026960588633e+01,1.953537351747652195e+01
5.596410973136790368e+00,7.626762330242901733e+00,8.301372184365597207e+00
1.052904902906955442e+01,1.200242628267015554e+01,1.293287118001298808e+01
8.437690541583272363e+00,1.070883074619298547e+01,1.351946514537188015e+01
1.045410243277468787e+01,1.176055603178607178e+01,1.489819335555150204e+01
1.033302135610828998e+01,1.133957457636411981e+01,1.580819074001741242e+01
7.946288785425364765e+00,1.055582879599354662e+01,1.419073178826661952e+01
5.515357598866049926e+00,1.045288397589014728e+01,1.104999208621714324e+01
2.303630940515533077e+00,7.269075303501792540e+00,1.091635560265043026e+01
6.301900189825583531e+00,9.055189701005362579e+00,1.397269337990109861e+01
8.577270610801214445e+00,1.253411566173034331e+01,1.329003127433086995e+01
7.490044736302695405e+00,1.137419919368391596e+01,1.533743333771090533e+01
3.708687841440555744e+00,7.624514569779649698e+00,1.241472724786581416e+01
7.097603792691318247e+00,9.373979240553483194e+00,1.387705937913157506e+01
7.484477334127532799e+00,1.028772259380998477e+01,1.064126135528571204e+01
1.110772325487265810e+01,1.184989840803627636e+01,1.555986902932693461e+01
5.322347189615349805e+00,6.949263279505464297e+00,1.059160390627776849e+01
9.874378992602689920e+00,1.339270423953800382e+01,1.630976102780731907e+01
7.695810202455731996e+00,7.924888981863935200e+00,8.663966319506172908e+00
5.092480786204810705e+00,6.188471679685680016e+00,7.276502311783524135e+00
8.586435043658807942e+00,8.735523774064224867e+00,1.307215289351956145e+01
6.681787556390463401e+00,8.741935007428274673e+00,1.085026684712793177e+01
3.551389831318865653e+00,7.318767946122772372e+00,1.044767446763344942e+01
5.308346985902526960e+00,6.653791325662409051e+00,6.987168430781133921e+00
7.317104865040975348e+00,1.188448140455458990e+01,1.425363035703642822e+01
9.526214331235795640e+00,1.088558846787751477e+01,1.427524876720727676e+01
7.002866187970906431e+00,9.437408640827891659e+00,1.230095583072885645e+01
1.121106089412672091e+01,1.204220278056444471e+01,1.512808270145263023e+01
7.978533876823808768e+00,8.836081108303302400e+00,1.277490889003106034e+01
2.823336165220042826e+00,6.481081149725715917e+00,6.529621476486759057e+00
7.935619031319935957e+00,1.257234939876164503e+01,1.525165328005103227e+01
6.689307161522536127e+00,8.361648421762462036e+00,1.096692811419921654e+01
7.080848515265346421e+00,1.088545036219201378e+01,1.221503276907743185e+01
-2.900413957858067882e-01,3.638302757591465486e+00,6.261897104131826097e+00
8.564117888431640679e+00,9.798081924116827324e+00,1.377789636110115445e+01
1.031018231918339545e+01,1.183228200516132489e+01,1.390184711416636709e+01
-1.350782943280867343e+00,2.855123225644464746e+00,6.335733273532877519e+00
5.390793281580584129e+00,8.775852924663647414e+00,1.248715002841238686e+01
-1.512079247420857975e+00,3.264449437552348954e+00,6.691576395985300962e+00
5.823134202530193093e+00,8.688767727595958945e+00,8.902334425538965590e+00
7.132322987344172915e+00,1.198866459241547489e+01,1.377851768486212514e+01
4.080186153786625525e+00,4.201557256201130741e+00,5.443902582763719522e+00
6.043519500408087275e+00,6.686417735106001459e+00,1.137154352604868990e+01
8.831598296768834899e+00,1.336148117451670458e+01,1.651470843941223166e+01
6.779714183159097018e+00,7.135202737468495648e+00,8.656201647295887369e+00
2.411431747314852991e+00,6.542997364104786939e+00,1.029209020222478443e+01
7.155318757902213278e+00,8.243657257905729452e+00,1.128569960721869414e+01
3.155601560136699568e+00,3.312686086000983465e+00,7.834227456630745934e+00
3.037451316292251846e+00,4.536481419162693207e+00,8.811181486213573777e+00
5.943121183470453595e+00,1.087325109424230796e+01,1.123113662407781277e+01
-1.719089627824009980e+00,2.685086029588486412e+00,2.773233708626118066e+00
5.867161056257804042e+00,8.278711531966532533e+00,1.143523294757985731e+01
1.589136944289924358e+00,4.474400845828816919e+00,8.761847880001528921e+00
1.231939881056651487e+01,1.251556250646652657e+01,1.305229279218001892e+01
7.075452955856091464e+00,7.740484773922674755e+00,8.407919330913976808e+00
-3.884613854067393568e-01,3.232619001679811532e+00,8.162658225294524783e+00
8.485643591726866219e+00,8.511941467254123594e+00,1.061728231915583720e+01
-9.187887257308666733e-01,-6.974588699200099384e-01,1.312430349363963078e+00
-3.266463415342119703e+00,-7.864904922055204750e-01,2.988742491192303063e+00
3.019133279243467527e+00,3.459632039887517774e+00,5.828842765997301001e+00
7.630694685431962832e+00,9.407908928631018242e+00,1.228881427065176624e+01
4.088800752293932916e+00,8.900726509148194410e+00,1.369512126937723195e+01
3.369751394025926494e+00,6.925327863991832977e+00,8.931085232265406404e+00
4.664981605367987783e+00,8.683132655042378190e+00,1.291970855041964406e+01
2.450205900030091311e+00,4.085872499709761740e+00,6.549296644066249229e+00
4.459081483953286629e+00,5.040189568851912938e+00,5.345054272295321596e+00
1.284560344995556491e+00,5.932911448320878911e+00,9.121112225270451290e+00
4.930544579704681851e+00,5.932120446933158320e+00,8.323713421935055479e+00
4.593201679943952342e+00,7.722480938834302755e+00,1.002296692943327905e+01
5.050572876036241610e+00,6.902735924816269630e+00,1.003233538164711192e+01
9.679748549390820855e-01,3.599441712976931385e+00,5.909051222167775563e+00
7.294761993188553006e+00,8.403975166115341011e+00,8.951818165929033455e+00
6.494468340820513497e+00,8.737318782919256677e+00,1.318787687866826808e+01
3.099795515063905160e+00,3.557371732088116634e+00,6.935650896353466877e+00
2.127419058040947331e+00,6.016143532779612002e+00,7.592593395465788930e+00
1.114828620308587093e+00,2.624244749733451343e+00,4.052762215047781780e+00
2.930395904004764240e+00,6.077261818796030113e+00,6.862176535803512500e+00
-1.932912863746172327e+00,2.335450839082040098e+00,4.499295384623342997e+00
4.685455498898752680e+00,7.475726807477804492e+00,1.189533203913817871e+01
2.350296659261222665e+00,5.157045520271303474e+00,8.392089313830492614e+00
1.067616918502993117e+00,3.014941625426053484e+00,4.243757850993293168e+00
1.209544125954007621e+00,1.821810008405224890e+00,5.069153235938197888e+00
-3.949182072798685716e+00,1.842476476296450727e-02,2.296786240719319139e+00
-4.643027472203906214e+00,-4.185027080233762575e+00,-1.368614800868967585e+00
5.229899848746132562e+00,7.226073745774509227e+00,1.198484423906182883e+01
3.383212614828345899e-01,3.447287920260408534e+00,5.163367226545674704e+00
-1.596961634920673667e+00,-1.335880639294334982e+00,3.545283962638590580e+00
1.140975452616247887e+00,1.314513506189497916e+00,3.372748066196431971e+00
6.472651016483994546e-01,3.613813655712876383e+00,7.732275849886992347e+00
-1.089323791015143872e+00,3.627308920311160811e-01,3.418779933749128475e+00
4.981503943094635289e+00,6.063694731652745418e+00,8.441548145529040426e+00
-5.262927242060040367e-01,1.905959364837832570e-01,3.506988066446471208e+00
-2.596560435009315881e+00,-5.912455338394693172e-01,3.087301732433970880e+00
-2.446688336140295128e+00,6.914244701015176409e-01,5.455805925752453156e+00
7.406243342054574796e-02,2.269904318256497522e+00,2.509025106085523760e+00
-1.966493243800914614e+00,1.299171088060230295e+00,4.834856933152238412e+00
-1.281751671618622801e+00,1.888329083041859757e+00,2.863865173899187599e+00
1.614293151846168506e+00,1.971474883922104127e+00,3.312417458003046100e+00
-6.506617484671588514e+00,-1.709060967229761419e+00,2.295606735774772034e+00
6.057345842708010686e+00,6.139719599381679771e+00,8.625506936765320987e+00
1.994084695101072668e-01,2.765126030485400399e+00,4.805839204824478017e+00
1.240824634645704583e+00,1.639737973745613475e+00,3.787784840904689254e+00
1.268288063323810277e+00,2.040783227897997598e+00,6.383766422396487172e+00
2.092884090036969624e+00,2.567064896844510891e+00,7.394295861300926198e+00
-2.519569951283233689e-01,1.898553679548700801e+00,5.475274852666619729e+00
-2.294127004291612870e-01,-7.920836946051501570e-04,1.749099238837865666e+00
-2.884166438025316914e+00,-1.045814263632387497e-01,2.714305512671423282e-01
-5.529066542565850284e+00,-5.948648313024593737e-01,2.121699836331115918e+00
-8.372796015271269710e+00,-3.957155518850075104e+00,-3.802777684863362317e+00
-7.485631588836440642e+00,-2.911281634530956453e+00,-1.653017272970962237e+00
1.550634932511335773e+00,4.052343265952217166e+00,8.033502211015166594e+00
-5.450449250931781009e+00,-2.676594576935753089e+00,3.067151017288081150e-01
-2.657528538371736193e+00,-3.827443608632354888e-01,4.131349855816148775e+00
-8.861468748294521802e+00,-7.722840148990800735e+00,-6.848198169309623218e+00
-6.618933883764261950e+00,-3.999739224243085811e+00,-3.420025194955539583e+00
-4.185805331001071217e+00,-3.348304952161455184e+00,-3.287673922894828848e+00
-8.035401687285400607e-01,-4.738681383936329539e-01,5.291756989712523840e-01
-5.132558925183074550e+00,-3.761632587122011095e+00,-9.976105361954452633e-01
-2.918163056008233003e+00,-5.336115143947006700e-02,3.457312263309485489e-01
-5.273015899877734114e+00,-3.003758523655567725e+00,1.531048902254901645e+00
-7.455377051982624570e-01,-5.957672635204973588e-01,1.305471691601792328e+00
-5.568427566521387817e+00,-5.194763398232043805e+00,-1.654153205263171778e+00
-4.532420812591746895e+00,-1.065234843868963832e+00,-9.064347717256591164e-01
-8.313895675448190303e+00,-4.240097369448395881e+00,-1.926091733040608212e+00
-6.192255508830422528e+00,-1.550760310479412318e+00,1.392040245343642013e-01
-1.342709231680467319e+01,-1.023193679159577663e+01,-1.002486567758980307e+01
-8.210536193601816635e+00,-6.691432510000189460e+00,-5.925882189177715809e+00
-3.602924345874276568e+00,5.359328007324641874e-01,3.005176405764207193e+00
-1.618567223272583533e+01,-1.143270392011412540e+01,-6.591777369967144473e+00
-8.111877541505434053e+00,-6.532929576869120680e+00,-2.335388647783918081e+00
-4.808833074982750588e+00,-2.758690444547784004e+00,1.707806084083110854e+00
-7.538977867564552682e+00,-4.469446638731623622e+00,-3.230805773806197934e+00
-7.774470342126484468e+00,-4.916179735691733832e+00,-1.281677144073864127e+00
-8.207495708779738663e+00,-5.951976292061844198e+00,-4.936725415142706908e+00
-1.250630768201404663e+01,-7.751295886198140472e+00,-4.348084158633339413e+00
-5.254595441501933806e+00,-2.990985130369568257e+00,-2.206265914846787801e-01
-9.843263844704146948e+00,-5.201983450026641975e+00,-4.295635146964713158e+00
-6.274390578820317366e+00,-2.944758417692646457e+00,-6.604358271503261157e-01
-1.090563914978289617e+01,-1.015439312852516807e+01,-6.445309325226563857e+00
-7.115483441462904679e+00,-3.319734972487785818e+00,5.853568273762199681e-01
-1.357250530730736315e+01,-8.957490591851126283e+00,-6.250666201455580939e+00
-1.514491303589867144e+01,-1.267382660631740521e+01,-8.377799046133199923e+00
-9.211683604372012724e+00,-8.954988208263792160e+00,-6.188253621474633981e+00
-4.116675319298523483e+00,-3.619671238944723868e+00,-2.046096069297672848e+00
-1.201817880536119532e+01,-7.510847084745816638e+00,-6.860056502841013426e+00
-1.333847524469477364e+01,-1.078763800084644586e+01,-1.003704816725027271e+01
-5.900350902750680859e+00,-5.282685750603254071e+00,-3.102391291221678227e+00
-7.710864516397449187e+00,-5.824176603625309312e+00,-2.835266063974386963e+00
-4.389505589430278576e+00,-4.120830487565060984e+00,-1.503411330650592959e+00
-1.103332833589563933e+01,-6.969056695663270240e+00,-3.111602324798330876e+00
-8.858510872094033317e+00,-5.975666794008563265e+00,-5.717692518746461339e+00
-1.258934817300624331e+01,-8.061697543792758935e+00,-6.788169118737543251e+00
-8.352665354857428781e+00,-8.022703659929952380e+00,-6.836109982924822859e+00
-6.601293239922801703e+00,-4.343241195157339973e+00,-3.739402937376895775e+00
-7.498401871262485585e+00,-5.469320653211839911e+00,-5.310287782647074906e+00
-7.062491464546168274e+00,-6.498330154324126973e+00,-2.963579189086325449e+00
-9.232410889476881266e+00,-9.194498329315063501e+00,-8.016383813202033082e+00
-1.434445195906182668e+01,-1.016653517240392901e+01,-6.915494589147213489e+00
-8.897347230512057337e+00,-7.365980463505708009e+00,-6.542596870345083637e+00
-1.437803553597741058e+01,-1.049526861006077461e+01,-6.877379186354946938e+00
-7.753333986933363953e+00,-3.152500169632973304e+00,-2.127704433440997356e+00
-8.180561833393692694e+00,-7.672748912262804311e+00,-2.974840342313960662e+00
-5.653909059314516483e+00,-3.146437163421607508e+00,-8.485456699133524516e-01
-4.340438505306644323e+00,-3.548415282241553115e+00,-3.256881203398909186e+00
-7.029126538673840408e+00,-6.383820958169700965e+00,-4.991652422679767831e+00
-1.439018852018149985e+01,-1.026867938262460633e+01,-7.226973352909353387e+00
-1.710540632515711224e+01,-1.510603177151823040e+01,-1.405785406301107798e+01
-8.478076523511411722e+00,-4.550950700240662172e+00,-1.289493528585827775e-01
-8.599187604213387459e+00,-4.714339776073249944e+00,-8.264026456646700325e-01
-7.414853485060864280e+00,-4.221515202953163737e+00,-2.002727830874489801e+00
-1.295864172945593040e+01,-8.214445836658534006e+00,-7.553627806907827313e+00
-1.498995492437454757e+01,-1.160470292830885342e+01,-8.894551211156562331e+00
-1.246133243913122257e+01,-1.085334612632072293e+01,-7.212329171482338097e+00
-7.305939715869863349e+00,-6.321319416780085021e+00,-3.648868595690675232e+00
-7.578965441183367346e+00,-5.416617505672682853e+00,-3.155357195815428728e+00
-9.364028428603539567e+00,-5.833037260383227007e+00,-5.660049778130336939e+00
-7.137586607489661006e+00,-4.404811524114194299e+00,-1.975187547104280128e+00
-5.386402626012402273e+00,-5.252702282909753606e+00,-4.977476254776549425e-01
-1.108489363224024338e+01,-7.297993901867745770e+00,-2.845665531961045325e+00
-8.968032286157843203e+00,-6.119501632125935231e+00,-3.226231494192481897e+00
-1.239808581842827984e+01,-7.652327311475290550e+00,-6.559842086801005223e+00
-1.365914654599434996e+01,-1.089530353431708676e+01,-1.011131329027575099e+01
-1.332224887163801341e+01,-9.047434402266869569e+00,-5.027266914608254034e+00
-1.119437738460290888e+01,-9.555553415500808612e+00,-5.845200159047380772e+00
-1.354371981737058661e+01,-9.414720936912999605e+00,-7.396949113961157174e+00
-1.076584546641485618e+00,-4.377717869597228528e-01,7.593784755876042958e-02
-1.258900991016989579e+01,-8.918384890285370403e+00,-8.677501273592191922e+00
-1.207690734824142531e+01,-9.179017000256932235e+00,-5.416400124607398503e+00
-1.273382807871144529e+01,-1.037778996754247984e+01,-5.938330860270075284e+00
-1.123018327920953219e+01,-6.267818906979012006e+00,-2.388705738554969926e+00
-1.090049914022658406e+01,-7.342233202872928466e+00,-4.418386555075250577e+00
-1.278020139689682821e+01,-9.655956065035242730e+00,-5.960055508248890632e+00
-1.127735920782792611e+01,-9.079015096351849223e+00,-4.614609398351405822e+00
-9.800652845716594896e+00,-5.005014640709341656e+00,-2.536450035756005583e+00
-1.393035359481570090e+01,-1.103614853425697540e+01,-9.503100334085507583e+00
-1.025108932685669316e+01,-9.638848652460820787e+00,-6.228885531556399791e+00
-8.669299629962569753e+00,-7.355030163693005107e+00,-3.503132510155397394e+00
-1.015732088426387492e+01,-7.195685751432486121e+00,-2.971835561523844760e+00
-8.702896224692391769e+00,-6.031067823679450157e+00,-1.399805189200224120e+00
-1.375012436228112023e+01,-1.026211736840292588e+01,-7.254791462842353766e+00
-1.392548080326993087e+01,-1.377890497702581918e+01,-1.085676167229820877e+01
-1.133751108709958366e+01,-8.007765149862866139e+00,-5.379735737896246484e+00
-1.260382121093825170e+01,-9.333881533777109496e+00,-7.606607743257409737e+00
-1.354973332074926695e+01,-9.502647268749525367e+00,-9.455143996621943714e+00
-8.951797407929724670e+00,-6.949996739948142377e+00,-6.241426636337470413e+00
-1.815741535251501304e+01,-1.560840786387338675e+01,-1.293613127488923098e+01
-1.077465347881231494e+01,-8.627921169301272286e+00,-5.295521490087876870e+00
-9.069274349901860433e+00,-6.548715082766061180e+00,-1.886936612936975344e+00
-9.475579127689471193e+00,-7.011862682535084268e+00,-4.328568237796828200e+00
-1.291031092025897209e+01,-9.885550602674003429e+00,-4.930001727846152093e+00
-7.129448826317553056e+00,-2.369741029890886530e+00,2.270754116982694804e+00
-1.006162101298461664e+01,-5.470752551533821340e+00,-5.428892044603799150e+00
-7.187540671873641429e+00,-5.747181653922822875e+00,-5.340592013479639633e+00
-4.931587183984912137e+00,-3.865757183902350569e+00,-8.888334962469106593e-01
-7.648247258196956722e+00,-6.808056270276512834e+00,-4.535268322503265281e+00
-5.826843808804094138e+00,-4.647985109892358579e+00,-7.623002837981749380e-01
-1.135884570850230624e+01,-7.264783069647196001e+00,-2.755419256690791130e+00
-7.243599681926149003e+00,-6.641035873172466353e+00,-5.159050234135382773e+00
-1.058560908283443780e+01,-5.894987132163815424e+00,-1.426330064980507295e+00
-9.130952106332035356e+00,-4.319978963076802181e+00,-2.982302889300082249e+00
-1.116060305910083272e+01,-9.044451466900518710e+00,-4.604496671910741412e+00
-1.575688292112182509e+01,-1.175639603668205346e+01,-6.879168165155570946e+00
-1.067122583025084026e+01,-8.644880106509049256e+00,-5.683416652116058287e+00
-9.000332510841907663e+00,-6.157774000205584741e+00,-4.012045514181750150e+00
-4.375862295254473011e+00,-3.601610449287642624e+00,-1.888578433873332241e+00
-3.380609387489216466e+00,-1.282479923749754391e+00,2.367853179901203031e+00
-5.040311998616905598e+00,-1.696465140455357457e+00,2.011735125496108001e-01
-6.931344811734338585e+00,-4.333909778058247397e+00,-3.869924858488649200e+00
-9.173275333805449350e+00,-5.300981743792126721e+00,-2.916034342403855728e+00
-8.782648564908857480e+00,-4.778785342481077336e+00,-1.975097593470795498e+00
-3.312116359322692993e+00,-3.151368939479239462e+00,-1.446978881285339025e+00
-5.407032683746813895e+00,-4.430852274624344389e+00,-2.553928418916005416e+00
-1.068372049317173555e+01,-7.151506569286652848e+00,-3.019433022070476369e+00
-6.118905531267733622e+00,-1.841158391865906463e+00,3.509655045214303826e-01
-5.075130734876323935e+00,-2.683129814202708907e+00,2.103740963531783414e+00
-4.447870140482239165e+00,-1.330418796458805453e+00,3.130275687920380356e+00
-1.582399933407544257e+00,-2.774391558997182372e-01,3.554810736563250639e+00
-5.810351706138722427e+00,-4.536674271936329106e+00,-1.885087613878048352e+00
-9.072737142814377265e+00,-8.340117826489478858e+00,-5.555042005182967202e+00
-1.318138401223881040e+01,-9.137700893576626626e+00,-6.395423425866221478e+00
-5.804702612075899104e+00,-3.168411642179940202e+00,-8.817824727178451560e-01
-4.388375626850915090e+00,1.202455377685298643e-01,6.307849757843433380e-01
-9.750988490651955942e+00,-5.038374846463536727e+00,-1.889192861582927652e+00
-2.658010943703755569e+00,6.491798651079658811e-01,2.991406479215593883e+00
-1.139754702813046272e+01,-8.326352118711660921e+00,-5.294361370148954471e+00
-7.405587731881836611e+00,-7.394832409794809713e+00,-4.857084586910874080e+00
-1.137567196315202978e+01,-1.129181733765843454e+01,-8.325802268955708740e+00
-7.191015156693730148e+00,-5.261121904321947262e+00,-2.295908066748196585e+00
-5.387078609954132347e+00,-3.192183416560336884e+00,-2.215049677142416407e+00
-8.482802034841920857e+00,-4.606601791457276995e+00,-2.174168437879007598e+00
-7.775146008207977744e+00,-3.542949426558743120e+00,3.196870018833708471e-01
-3.859125815044794017e+00,-1.319374759006574305e+00,7.356423458922600744e-02
-1.348577617854732402e+00,8.557885007407937117e-01,1.275281720912876171e+00
-5.746219764119354423e+00,-3.275877250202738900e+00,2.019094167290296227e-01
1.313287593178386281e+00,2.796167155408368465e+00,6.540455937914478213e+00
-8.673961342528054175e+00,-4.696424617716438377e+00,-2.011165732622239410e+00
-4.465215316132874257e+00,-3.242309728921924705e+00,-3.328143048492986367e-01
3.157681278319390827e-02,2.164703348537093675e+00,3.666262936634643754e+00
-9.685404924065286636e+00,-7.707709594358847838e+00,-6.849165666729110313e+00
-1.748701288051554004e+00,-2.736137495551427268e-01,1.552380864686391915e+00
-5.684671234616054392e+00,-5.144203317917718898e+00,-1.934096133043388122e-01
-8.266447751042619529e+00,-3.674256978444588206e+00,-2.765509536387871670e+00
-9.464739015212305873e+00,-4.533379166944012439e+00,-1.817365594099055848e+00
-5.501701651394398596e+00,-3.712008426279020501e+00,1.866701809678747992e-01
-4.447825438491504357e+00,-2.459953243876476847e+00,2.620952877228535094e-01
-3.028561416347424817e+00,-1.375162394790965692e+00,1.749621521639889821e+00
-5.365978010996618863e+00,-7.699874631504621814e-01,3.474545007311302669e+00
5.174818928903506254e-01,6.070128374585530562e-01,1.451761901060107718e+00
-3.157951124270991006e+00,-1.556175301276141898e+00,-9.495704461380432004e-01
1.426968661728101440e+00,1.440028388705500539e+00,2.682564852951524692e+00
-2.506910320477740761e+00,1.849497931175461796e+00,6.284419027897664378e+00
-3.134231262390794637e+00,1.644767022128580169e+00,5.065256635163182253e+00
-1.163962483922875935e+00,1.008921648027993667e+00,2.080702360676570883e+00
-1.417327819691411417e+00,1.548430459393084657e+00,5.452922893670786308e+00
-2.464320862408540869e+00,-2.872443150259458289e-01,2.041030571122030679e+00
-7.786866970001878885e-01,4.272333116154890531e-01,4.122242291053725971e+00
3.670093856489652140e+00,4.512090681048827712e+00,8.841898423436566290e+00
-2.280723760896712804e+00,1.373223926008806606e+00,5.306344058610641845e+00
-1.317583970439730523e+00,5.314729423594657387e-01,3.268331878524903367e+00
-4.191202850213217701e+00,-1.074602022291514025e+00,3.493538440053455041e+00
3.156082147999530463e-01,4.585111232013650451e+00,6.422015109570779146e+00
1.187115893823020851e+00,4.429180620304200566e+00,5.932845900572958797e+00
-9.489183395557221345e-01,4.020635009696768236e+00,6.426931043649703135e+00
-4.292566934199392392e+00,-5.575762586215287087e-01,7.072198161599669852e-01
1.666218561769219786e+00,3.773793150598996782e+00,7.351221797580262951e+00
-2.236899780779448843e+00,2.125114070800101285e+00,5.940600547414983446e+00
3.570378260061778608e+00,4.444310924255716166e+00,4.704746405320205938e+00
3.360424210343492923e+00,6.140291467182114715e+00,7.655754842451277575e+00
-6.068876830264002820e+00,-1.619586595693734754e+00,2.756687636902588334e+00
3.899922831606916773e-01,2.920778535356910233e+00,5.772690914371398918e+00
5.289124884124747794e+00,6.456666042642134506e+00,8.103044168722979279e+00
1.222094685222121946e+01,1.276798195954674497e+01,1.529498532522877063e+01
-2.379180014874354043e+00,2.240502568104663972e+00,3.411869360099878179e+00
8.247078189042655882e-02,8.841754793185376826e-01,2.172283324541261607e+00
-2.902941465564322421e+00,-1.623716531438008204e+00,-8.700488148033481695e-01
8.833571758112455541e+00,1.028459447319749387e+01,1.184912458217728570e+01
8.791688072344170379e-01,5.051785310977901844e+00,9.589112639057365328e+00
-1.340592333218815213e-04,7.343545395073816096e-01,1.770572065901843350e+00
6.054806959682061063e+00,7.162097343754661338e+00,9.523530629279465032e+00
-3.616481208611538101e+00,1.381352870377870801e+00,1.895748075656583875e+00
2.847605052230315348e+00,6.738060794847164914e+00,9.262134282329261836e+00
-3.054048269867850607e-01,3.617726834780568446e+00,3.871999129008756757e+00
5.898714670969764207e+00,6.010031533932106207e+00,7.359313315312993709e+00
6.585171352448289106e+00,7.535462485884908190e+00,1.220337106682584505e+01
5.709750203957680625e+00,7.221937875961862652e+00,1.116987006686599493e+01
-3.060310039399070536e+00,6.842586154427250378e-01,1.491258573664493436e+00
5.931247437952574586e+00,8.892658727315867040e+00,1.179101426542626463e+01
2.490194732054280546e+00,3.355923679600125720e+00,6.207016680416383991e+00
8.943540761812451834e-01,2.765236372639749973e+00,5.974316725587589971e+00
-1.049715921367765148e+00,3.141029121751841124e+00,7.096002622250640712e+00
-6.903256987351573670e-01,1.592039337299186563e+00,2.248611756823704511e+00
1.321942109650996677e+01,1.360789318859088937e+01,1.595008940309788059e+01
2.503947483746963965e+00,5.263872993158882352e+00,7.757804915502128473e+00
-1.186748564514590321e+00,2.438919580400024323e+00,2.510792517203140228e+00
9.985565473747852749e+00,1.017256627253788182e+01,1.437616691772962341e+01
-3.064513368535450866e-01,3.785497450634296435e+00,7.427368711227470222e+00
2.857617071889360094e+00,6.364141142019675179e+00,8.771732360786863580e+00
5.460469654273745199e+00,9.506651532733872756e+00,1.398592687398164358e+01
1.531076661250271975e+00,6.288783457103910735e+00,7.458692862980246474e+00
7.612142870168124631e+00,8.874570433766564292e+00,1.065366390462868473e+01
4.443106451608554330e+00,6.701341263499354994e+00,7.036227938918315772e+00
5.022228621549370331e+00,5.970488680281318850e+00,7.189206736474153203e+00
6.248549304736364718e+00,8.006276569351495453e+00,8.842960453949309851e+00
2.133806717030946487e+00,6.430291654081297992e+00,8.820630038305701248e+00
4.594356703706507616e+00,9.592843317405312931e+00,1.062912097639324038e+01
2.917400167484325291e+00,6.668712775225264622e+00,8.716438195317991244e+00
2.792464531667410821e+00,4.673849921890922410e+00,5.048560460540461925e+00
7.619601882266887394e+00,1.200214583463510820e+01,1.474493084524553765e+01
5.031696636608820938e+00,9.958316928731928641e+00,1.288973292081203503e+01
6.235060640323863979e-01,5.489777200004985147e+00,5.887573116041989074e+00
1.593215113965976037e+00,4.808412967632923696e+00,9.027285757327227600e+00
9.320855195194747367e+00,9.830741873674181619e+00,1.139667756177092883e+01
4.859651649322287881e+00,9.174998618258483063e+00,1.189358315851176151e+01
1.004635648504964252e+01,1.096174717197444437e+01,1.098175022591282612e+01
-3.853421885563284022e+00,7.675492497210818499e-01,3.604627185650151056e+00
3.874850055912322233e+00,8.413228237870733039e+00,9.744826948833221536e+00
1.049650726555040947e+01,1.430201859750437521e+01,1.870935297308565026e+01
1.099349760482128957e-01,4.456717307463396338e+00,5.926908322791824446e+00
1.284593734925633335e+00,5.254507042505761838e+00,7.884268796649124056e+00
1.135993889888680997e+01,1.200414893798077109e+01,1.689704286654015419e+01
9.957004511738066554e+00,1.338606369775033578e+01,1.763883872136456787e+01
5.418651944370862061e+00,9.448890837905857154e+00,1.322084482166377839e+01
9.954047833376412413e+00,1.129302045212021532e+01,1.607135041005474108e+01
4.429263097139793715e+00,7.597969401927962885e+00,1.088399889507559415e+01
8.300343294015403828e+00,1.059057321201522228e+01,1.343900326190080641e+01
9.479732434039949140e+00,1.207934989798209457e+01,1.438718085731388463e+01
5.203056608439005970e+00,6.430799295486538725e+00,9.831838438619598719e+00
4.370073539706487153e-01,5.227557795279451192e+00,9.034886186611398529e+00
4.282766836833938662e+00,8.150888517941908162e+00,1.229297571740142203e+01
7.258943073489501963e+00,1.196320985777795443e+01,1.389068335542895305e+01
9.869864648635600091e+00,1.227861566993471953e+01,1.253033503220445333e+01
1.054774456363836599e+00,5.494108496618520299e+00,8.821927202115354305e+00
1.169853332611300090e+01,1.524123511145174348e+01,1.968394050506787352e+01
8.639710786460657488e+00,1.275143152375201794e+01,1.306043181806493969e+01
5.538811571852415128e+00,1.024655547662017874e+01,1.041145329793213925e+01
5.244229308551501489e+00,6.596892192313926095e+00,7.282973679193020189e+00
9.179818138264600691e+00,1.207209622821740780e+01,1.328050747826444322e+01
5.840385879353242160e+00,7.170934956531553439e+00,1.089509598705648941e+01
5.966379632314080972e+00,8.422370918955106589e+00,1.306767359214951441e+01
8.731157544269363413e+00,9.150172167645756360e+00,1.281599586843752370e+01
8.067993262966645318e+00,9.795047827655267270e+00,1.247648386447420776e+01
9.366049988677954019e+00,1.210590721401082881e+01,1.559170697052364929e+01
8.188556103027593736e+00,9.456494977548670633e+00,1.327298971871308986e+01
1.136271373743533708e+01,1.150042371511901607e+01,1.600064551772616284e+01
1.097934778803741462e+00,4.773683982904148415e+00,5.637438238470134699e+00
1.159343779580508560e+01,1.417342253703161781e+01,1.531340446024059077e+01
1.291976617496308144e+01,1.422165938390765305e+01,1.485311324452072235e+01
8.024667838591234670e+00,1.165232064668791168e+01,1.219023409381272494e+01
7.003232274850855532e+00,1.156974489246135285e+01,1.570718467982404576e+01
6.040873106926389013e+00,9.888182488685934857e+00,1.320208912241144894e+01
9.250246573150809226e+00,1.122204978537886788e+01,1.259014422396630550e+01
4.293398059095412833e+00,8.248146340460083437e+00,1.039864826021144317e+01
5.477367145523611924e+00,9.722694927661276409e+00,1.059612643186281389e+01
9.831484676656588206e+00,1.067199368712075902e+01,1.166358285070824863e+01
2.564019301123694028e+00,5.318722175202658775e+00,8.824690677388289828e+00
1.290741891311705913e+01,1.451768279278605078e+01,1.530598456602821678e+01
1.009186682626243226e+01,1.082673221976179612e+01,1.352513705400337862e+01
7.234335108307186957e+00,1.212294112772125132e+01,1.397414331393027709e+01
6.711844916009646056e+00,9.931980022812780362e+00,1.116043090375794122e+01
1.061937230023986700e+01,1.179171169561238131e+01,1.580367135840357129e+01
3.967732901318851368e+00,5.696759342475949950e+00,8.867170585673168404e+00
1.073788352881276964e+01,1.353998328230801285e+01,1.541838781113630574e+01
3.719161156330510476e+00,4.946066686868390683e+00,4.957475106581841651e+00
5.491865404127979744e+00,7.868675364934314409e+00,1.100384518118413979e+01
1.020818531505959470e+01,1.259275902267520308e+01,1.500209245322119322e+01
1.097591284227528519e+01,1.468670801298685191e+01,1.845023837010878154e+01
1.244712236118077797e+01,1.487513485100113009e+01,1.785696937520576100e+01
9.824975958961637446e+00,1.260564991163166582e+01,1.589185877702366945e+01
1.047189205658216338e+01,1.072475970371063525e+01,1.176006284088175313e+01
1.254589257853773887e+01,1.680037344247041986e+01,2.017906664002955708e+01
9.461587301514006398e+00,1.043143426152242270e+01,1.224184159139251804e+01
4.967270493286337185e+00,7.509457309184972118e+00,8.604968200791592636e+00
7.467189246383322043e+00,7.627289461830188522e+00,8.362349715591641086e+00
3.432238653589279487e+00,7.127795693496628004e+00,8.781836816367984966e+00
8.819659473957269569e+00,9.424011000263313065e+00,1.290190861329580940e+01
6.492729471982570111e+00,1.089997878654538965e+01,1.514834588743366517e+01
4.725908258825676889e+00,6.080074070116097573e+00,1.054601334919249211e+01
2.128337420368812793e+00,5.550881299638477984e+00,6.546415688267043897e+00
4.330145988858754791e+00,8.235696253378062437e+00,1.251781908968933266e+01
6.653850401144667970e+00,9.477214257207537074e+00,1.391147115938703926e+01
6.338417312629351485e+00,8.085489446946374059e+00,1.024794054106981989e+01
4.651158420815473704e+00,6.575519188245595892e+00,9.819819640625478741e+00
2.909319420269039114e+00,7.545012676283412212e+00,8.080919110313313780e+00
7.508914170254970877e+00,8.840802714694849129e+00,9.261348277041784982e+00
3.379788180914858664e+00,5.356691586464092936e+00,5.452031552080397248e+00
9.099109117681912551e+00,1.018487996804774198e+01,1.164161154467674919e+01
1.002763422592160047e+01,1.095422554151902261e+01,1.165997649522293145e+01
5.401011774720542391e+00,5.976487382224071609e+00,6.485710515550421107e+00
-5.225549089453473961e-01,1.507075957286185819e+00,2.465478486356120325e+00
4.555325859512236342e+00,9.306014814357574494e+00,1.193444783328276060e+01
1.975782727123878590e+00,5.323869450317927132e+00,9.212801088141807426e+00
8.166381937539039626e+00,1.159973583264747887e+01,1.521677934591710546e+01
7.579379993360318757e+00,1.022412476670606551e+01,1.444622499432682261e+01
-1.654220482312517504e+00,1.802526019999355356e+00,5.660079584358563842e+00
2.744429702898331769e+00,6.896317030675343851e+00,7.103676276006211765e+00
4.666197287058597709e+00,7.714302878142914821e+00,1.208083206466434589e+01
1.650315494948811246e+00,5.014157693014436035e+00,5.179605165758330187e+00
4.863007543112146891e+00,9.368175580979531958e+00,1.409190181619051074e+01
7.648937023573210148e-02,7.715782432732591900e-01,3.443349549304546731e+00
2.061388322869091461e+00,4.952377476154972591e+00,5.520808024085352983e+00
3.222948980246227890e+00,6.048749285423214772e+00,6.174606820992772249e+00
8.515422178452633162e+00,1.229609412013527603e+01,1.287299282120690691e+01
1.283548443573375053e+00,6.134613802919155034e+00,6.471492706868329670e+00
6.222592824067807449e-01,3.547530176780683053e+00,4.211952906329797131e+00
8.101795940488919712e+00,9.030776380179714735e+00,1.337453210014647098e+01
2.385178616064096424e-01,1.595706093033776085e+00,5.936732245359433335e+00
1.265157629390497807e+00,2.969540873843942386e+00,3.179302994815007111e+00
6.518888655108503905e+00,7.058072894256659069e+00,9.794617732331866833e+00
2.557316182664758131e+00,6.727670387291042609e+00,1.025660562472584303e+01
-1.045554732658487751e+00,2.116702523224577526e+00,3.883249711919230407e+00
7.209725676930326621e+00,8.680288501540387003e+00,9.672003267181194630e+00
2.675671095428180823e+00,5.115956689477659580e+00,7.000303461713182074e+00
8.442538639671928635e+00,1.119768140428971392e+01,1.455125646849595356e+01
1.423057130100672474e+00,6.141286484401724088e+00,1.097821263460798313e+01
-1.223034705120191745e-01,4.858153279110679179e+00,8.086849785279756730e+00
6.355440200546814467e+00,9.055299179158154743e+00,1.090151470413915646e+01
2.070318031076720189e+00,4.113232313814255470e+00,8.074319019836170952e+00
1.324870226226927628e+00,3.381481277750480796e+00,7.031649848700780581e+00
-2.333059949658506049e+00,4.607703431032135200e-01,1.933012757838794116e+00
4.298209250230877743e-01,4.801137107613801192e+00,9.593811337676150686e+00
6.382275055852763224e+00,7.133355303431883954e+00,9.537624574609466777e+00
-3.277161308094402870e+00,-1.468021896714116092e+00,-3.373480415909118069e-01
-4.404204750074871555e-01,2.654090769324694676e+00,5.720883977341408411e+00
-2.351533646822908441e+00,2.613673234666280543e-01,2.875520308840800343e+00
3.371431812478607348e+00,5.615379950985825985e+00,9.898115890140710249e+00
2.510997435679069412e+00,5.754760951672093228e+00,7.320981733363263189e+00
-4.874824207116112973e-01,4.126790725694061912e+00,4.523697031050381234e+00
-4.823764027440591740e+00,-3.354091664396102956e+00,-2.671517799000979743e-01
-5.508862397088067908e+00,-1.772346302187432165e+00,3.152878925608462168e+00
-1.768681204969231535e+00,-6.110458232344075924e-01,1.945806039250129071e+00
-3.100631102996466826e+00,-9.639347292044466720e-01,2.034420483199756990e+00
-1.048207775781816453e-01,1.136782495684491856e-01,6.333539385260296140e-01
-1.120892061923601357e+00,3.170696053174490547e+00,5.911589767450118771e+00
-2.258079809021436457e+00,2.451019244574969225e+00,6.860749220150861305e+00
-6.143215140832762877e+00,-1.582943726829793007e+00,-6.272660459139545175e-01
-3.666690321150117615e+00,-4.032289175842120876e-01,1.369877601129124045e+00
2.461768788014437881e+00,3.115103755177168310e+00,5.166489196749810553e+00
-2.932343808226276050e+00,3.549684524823287779e-01,1.765336170609567379e+00
-2.272645801046291325e-01,2.196238498502944836e-01,1.064258713358439135e+00
1.049807457801827937e+00,3.162895410387297268e+00,8.079774390428305253e+00
-3.685322015672448437e+00,-2.923781370974600335e+00,-6.984953810287439779e-01
2.684047190579525122e+00,4.088067236830426943e+00,6.696625695692421942e+00
-1.888974589989995678e+00,1.228939722424454928e+00,3.906738899584179858e+00
-3.591295452777321540e+00,1.181805897702968178e+00,2.008497186220082220e+00
-7.764314943852468787e+00,-3.864796620471830479e+00,-6.477577340739784084e-01
2.104688786745152473e-01,1.797207887464918441e+00,3.890426847292767221e+00
-6.418613634037559912e-01,7.439861481094109941e-01,5.072225793038654729e+00
-6.897468212370818641e+00,-2.575993180846942288e+00,-2.271918104350371337e+00
-5.626757190255728069e+00,-2.045535201187072438e+00,2.381925699535525354e-02
-7.652360328913608178e+00,-3.413855554488796962e+00,1.089893796067354259e+00
-6.413116334195947843e+00,-4.905710020110939595e+00,-4.746745198856336501e+00
-9.026143724010154301e+00,-5.117904757324334142e+00,-2.208662140618456782e+00
-7.000831303107011294e+00,-5.882036435597243873e+00,-3.692146268191041081e+00
-7.172515053003024832e+00,-2.933838228864938724e+00,6.438031208690642160e-02
-3.916436391489265034e+00,-1.403907281577486899e+00,-2.643828568425679038e-01
-5.299360880562697496e+00,-1.252955111993676596e+00,3.357590703361132078e+00
3.133700751761886449e-01,4.553135501757421544e-01,1.745481443380588082e+00
-1.050875176154467638e+01,-7.253491491418069259e+00,-7.045751867302289639e+00
-1.026637842083097496e+00,1.624823240292569970e-01,2.302043455347189127e-01
-6.340299196709389129e-01,1.391667769630947404e+00,1.770158400267566545e+00
-4.556728054637863679e+00,-1.482305454839142334e+00,-1.310274454349675821e+00
-6.936104186071074817e-01,5.346267519961855896e-02,2.413541891590263777e+00
-9.783451707750412396e+00,-6.240759947299201471e+00,-1.939597955579935196e+00
-6.089937586330973929e+00,-2.025231631118341813e+00,-8.648347092056738461e-01
-2.018708377824138811e+00,5.978025894470335722e-01,4.493583962077222438e+00
1.144193892677167312e+00,1.870327779908772747e+00,3.413708112132109118e+00
-4.498769086133735939e+00,-1.879505370781985096e+00,2.879463691802155445e-01
-8.444251394345219097e+00,-3.699789026775950784e+00,-3.203151146039276753e+00
-4.307188511315901636e+00,-3.914409242935812827e+00,-1.768031275086433318e+00
-9.288634579190677698e+00,-4.458188612989733457e+00,-4.236050458483964221e-01
-7.202305100410806737e+00,-4.025598075222213801e+00,-9.906300558874736595e-02
-3.993282841110270986e+00,-3.325046373161478996e+00,7.970653640322833411e-02
-6.741170023019607882e+00,-4.065849441478533777e+00,-2.182168102824152633e+00
-1.029986080641364055e+01,-5.324875407413832917e+00,-2.069013753609642681e+00
-5.377087832716157756e+00,-4.200004827703960331e+00,-2.826998726999216949e+00
-7.785192980731808099e+00,-6.669237198730264105e+00,-3.766345675072826360e+00
-2.729112313169176574e+00,-2.630761404632832701e+00,1.755578404287795102e+00
-9.578815224545206064e+00,-6.812948879268616587e+00,-5.805857858306593400e+00
-1.215907368716990788e+01,-8.669217844513848803e+00,-4.973123428470056950e+00
-9.203840829379785760e+00,-8.268384109465030107e+00,-3.440061189786015383e+00
-5.267858687867367884e+00,-3.350926647700821270e+00,-2.667501496965673624e+00
-1.042494049529051736e+01,-8.954469905945616759e+00,-6.322680313399334118e+00
-8.834207052745094657e+00,-5.024772190055947441e+00,-3.782578932972936681e+00
-2.784162506539507032e+00,-2.064260946740406499e+00,1.418161092074492480e-01
-6.642253642252867074e+00,-5.602907990577326025e+00,-4.925412988998879804e+00
-3.586645580606863337e+00,-1.843452760198459828e+00,1.827918355749346802e+00
-7.819986989172075909e+00,-6.159761044141710329e+00,-1.494951795063728106e+00
-1.292591856721520749e+01,-1.186639791477336203e+01,-8.258382504890558806e+00
-8.203259180042616450e+00,-7.013133592818129536e+00,-5.069089269453174396e+00
-7.602470163798181524e+00,-4.338744275674967454e+00,-1.185135361411108423e+00
-6.771470669130476239e+00,-2.624242426413062379e+00,2.133993483886609699e+00
-9.993010799533220023e+00,-6.013425295848359831e+00,-3.026859604745939070e+00
-6.665750116148484672e+00,-5.305502553980661062e+00,-3.990107795212209929e+00
-4.632850578303171929e+00,-2.037430024372492987e+00,-6.566000138617045234e-01
-5.884362791311236407e+00,-4.947644785378392029e+00,-1.511158058671986382e+00
-1.710007443735115373e+01,-1.220016504146805403e+01,-9.651667743464180660e+00
-1.516815051995076047e+01,-1.074273667281157252e+01,-9.502150822213831560e+00
-1.037383420232693254e+01,-7.005624173364976670e+00,-4.455786135926080860e+00
-7.921915157760558657e+00,-6.407996959407371129e+00,-4.652041125876033689e+00
-2.583647667476956400e+00,-7.023637237603113093e-01,2.335538147080173932e+00
-7.810461854848510299e+00,-3.041852610569664161e+00,-6.841200593265877039e-01
-1.200992665336199394e+01,-9.116991052570110554e+00,-6.928133770013267245e+00
-8.506107780647628402e+00,-6.716670430080053933e+00,-3.687924567419829991e+00
-1.180992648103371323e+01,-7.866591716729412376e+00,-5.313947804375834139e+00
-7.859828915464961430e-01,-3.347865172224206987e-01,1.077581500431817885e-01
-1.270782537838722526e+01,-1.184448429122873314e+01,-1.174473396218073518e+01
-1.120559146175020437e+01,-6.882349035163971784e+00,-6.225565266393964237e+00
-1.467174167499951665e+01,-9.753345925552999063e+00,-5.652073909621106118e+00
-1.262779510836315744e+01,-9.876037538172120378e+00,-6.152922568191428354e+00
-5.743169086649551502e+00,-3.905116708149570570e+00,-1.524338188659941196e+00
-1.656883157167037979e+01,-1.167058469898797668e+01,-9.856402448988278664e+00
-1.074444556475107149e+01,-9.463498465444553531e+00,-8.381011548823256163e+00
-7.394052322560916934e+00,-6.599251949658002658e+00,-6.082439303747274373e+00
-7.675701075993913491e+00,-4.235960538674967246e+00,-3.816130776684824255e+00
-7.368975103386947723e+00,-4.025478960903278391e+00,-1.658622253280312098e+00
-4.154547767412839931e+00,-3.281436814153310344e+00,1.040498957994269169e+00
-7.962279899840322805e+00,-5.830263363816399647e+00,-3.344013331876421358e+00
-1.251772218765840528e+01,-1.057975182847145668e+01,-5.812819951318846101e+00
-4.372863887729638854e+00,-4.335999087430173482e+00,-3.468808724869953508e+00
-8.675994401503977826e+00,-8.163116953613013038e+00,-3.321754158303441784e+00
-1.754838922412865987e+00,-1.306641876116744427e+00,5.937011185559764037e-01
-6.996565139592702209e+00,-5.451339033580559601e+00,-9.054781077900990738e-01
-1.047108519193669274e+01,-6.738247286533809444e+00,-5.499706799461694828e+00
-1.081078472722933270e+01,-7.978885618523386292e+00,-6.063680870724589056e+00
-1.468300782332454979e+01,-1.115646505622815887e+01,-6.672900983849202383e+00
-1.204498959263447233e+01,-8.915028397208056177e+00,-7.143880291561796270e+00
-6.729118865902808722e+00,-4.003981339849408627e+00,4.919589568222360043e-02
-8.838224912818589019e+00,-8.109410589161331728e+00,-3.636652150121637561e+00
-9.004840954383896090e+00,-8.793425428492005480e+00,-7.051085236347967466e+00
-1.425651416251363202e+01,-1.028842924802295755e+01,-8.990802430519394761e+00
-7.837955155907923022e+00,-5.553708594532019482e+00,-1.443096336703799665e+00
-8.944823844396070811e+00,-5.483686032639472963e+00,-1.021512554283465768e+00
-1.055533013015469201e+01,-8.580183425773437733e+00,-6.110158376774469602e+00
-9.000622594425642831e+00,-4.310000565277109175e+00,-1.254222953955997255e+00
-1.195953266823884853e+01,-7.191489042590244019e+00,-5.029561131847858135e+00
-1.885037218067581932e+01,-1.499431891346318224e+01,-1.050698923965867237e+01
-6.711753080541294381e+00,-3.403021762651560422e+00,-3.166332228988708586e+00
-9.790132724414366550e+00,-5.302877833636011395e+00,-5.289701183522286243e+00
-1.272890446970772516e+01,-1.129729990190162603e+01,-8.704396260985630462e+00
-1.119084589650535300e+01,-1.027986747673833534e+01,-9.265923725476453043e+00
-3.058661920639980103e+00,-2.990225386892815251e+00,-2.656799837122254537e-01
-1.811406147688139612e+01,-1.325907743916021708e+01,-9.792523770940876560e+00
-8.028147017755228987e+00,-7.111529707762953123e+00,-4.452501591454925745e+00
-1.189890743768114056e+01,-9.647690481697448917e+00,-8.400185042221684384e+00
-5.294847404931137369e+00,-3.408367044334489115e+00,-2.861940140919052133e+00
-1.774067568523893712e+01,-1.389866485921718109e+01,-1.146779813813968119e+01
-9.844871679170408285e+00,-7.723191316285541674e+00,-6.034774266612347837e+00
-1.050812294734324404e+01,-5.842806343147537440e+00,-5.272839943965804466e+00
-1.053110565808968602e+01,-9.472868784097022044e+00,-6.837841250279263150e+00
-1.389799417909894430e+01,-9.043594261088344410e+00,-4.124770794605135293e+00
-4.681121127062508158e+00,-1.552507165770255604e+00,2.476891039520860982e-01
-6.566179040414385604e+00,-6.533344935974823464e+00,-5.219377671672199348e+00
-6.493682949825346107e+00,-3.964508724332815426e+00,2.886485340938271804e-01
-9.322761181218627513e+00,-9.169894904694775306e+00,-5.311441656301120418e+00
-5.829496308649955161e+00,-4.878578571031831679e+00,-4.907217373079548750e-01
-8.261631089423643104e+00,-6.886971465687994787e+00,-2.846506585693876268e+00
-7.867640268606552745e+00,-4.622154017062149123e+00,-6.973965327321351992e-02
-1.305606244486731882e+01,-1.195524960162115846e+01,-1.142787907241747547e+01
-1.137855353377546486e+01,-1.114556475897223109e+01,-8.228707254516933745e+00
-8.234680909015210659e+00,-6.908488710700932955e+00,-6.657005553945378296e+00
-5.111144580859107833e+00,-4.100000726541082052e+00,-4.039956975394761507e+00
-9.649282263353459399e+00,-6.586582266188019119e+00,-5.468329271543570513e+00
-1.258469466708854156e+01,-8.263232002810420695e+00,-4.203716417562963770e+00
-8.714255301010554788e+00,-6.968655636421498656e+00,-4.632119794225976861e+00
-5.451404679795125219e+00,-4.403315887304008136e+00,-2.951112914627415762e+00
-1.007916487113571691e+01,-7.651275060718226051e+00,-7.143879324846293954e+00
-3.856146937595379853e+00,-1.788539316823456460e+00,1.119435456199647128e+00
-1.364213465600664854e+01,-1.198151058679893666e+01,-8.037846324957856226e+00
-9.740723365512401699e+00,-6.504972477022146649e+00,-3.134052889196186520e+00
-9.573429888932338372e+00,-5.238960052973800074e+00,-4.542375620228295219e+00
-9.950001731755193646e+00,-8.444794770208654100e+00,-8.095095552662566973e+00
-7.830699347345342787e+00,-7.226049173292468097e+00,-3.972560608706518614e+00
-7.187138764889351883e+00,-3.146061603517011029e+00,-1.602503276897460083e-02
-1.152507030506482621e+01,-9.952440091051492743e+00,-5.626385679482040381e+00
-1.094678005700527024e+01,-6.362956199166685423e+00,-5.680158530560052377e+00
-8.168990680196870358e+00,-5.265719032288275869e+00,-4.471846251417887608e+00
-4.292059591653195838e+00,-3.638194030955018476e+00,-4.406483756803387664e-01
-7.638855832753597142e+00,-4.777686554874711611e+00,-3.901795513417509298e+00
-6.207400319629782004e+00,-5.291408178650899075e+00,-1.394131499241924921e+00
-1.010487588838093487e+01,-9.271822719057443152e+00,-6.499540705525198803e+00
-1.232816656255345222e+01,-7.464600053409522040e+00,-6.375688848766956518e+00
-5.465789918078565179e+00,-1.856281017304918457e+00,1.561097918895231196e+00
-6.108804121739852988e+00,-2.992926896363160338e+00,9.900059750353924493e-01
-9.100328159046828347e+00,-6.415266032625607906e+00,-3.015653185435211103e+00
-2.738161329153834700e+00,-9.086141306873241064e-02,3.132484929779865812e+00
-1.993842856365551475e+00,-1.115974444387261677e+00,1.498635866078494860e-01
-9.120167136545013875e+00,-6.447859109801719057e+00,-3.448567264844110802e+00
-4.984697534025685606e+00,-4.410228857407208380e+00,-4.126910733001287745e+00
-1.232912121330235067e+01,-8.060909822293780280e+00,-7.338227190847081083e+00
-9.446786731969920581e+00,-4.909689902404001494e+00,-1.075333610394627826e+00
-3.698386589544836234e+00,5.297902398848313155e-01,1.707314105489109224e+00
-4.295375252531624888e+00,-1.373559778788598695e+00,2.428798426249248354e+00
-5.798977973043925260e+00,-5.138581449779203503e+00,-1.117080195759379002e+00
-3.764858077771397582e+00,2.738678713336293313e-01,4.417425484358161292e+00
-6.449340798910196071e+00,-2.730397852521437851e+00,-2.380082952411126662e-01
-2.040723905327839205e+00,-8.913904256659261893e-01,2.223212396178483097e+00
-8.154156084474294630e+00,-4.322554715035137107e+00,-1.087615863493779145e+00
-8.266215894017616250e+00,-7.373247482317555779e+00,-6.770021953024330408e+00
-6.663699904823427111e+00,-5.183461455762621739e+00,-4.738823257561981528e+00
-1.181363997090271312e+01,-7.514831067280620225e+00,-6.019095997108665941e+00
1.880493620712503366e-01,1.084311012028602583e+00,2.018026214624994097e+00
7.391943901727922039e-01,2.918179639915809975e+00,5.090642316957549873e+00
-4.211756010506869430e+00,-3.868040259542484538e-01,-2.552880509760304673e-01
-7.078182830749003784e+00,-2.510367626740593217e+00,9.581414703795019250e-01
-2.090213184797688584e+00,2.082720875611307143e+00,5.402567583321658873e+00
-4.265091262205787714e+00,-5.755134063466113004e-01,7.977407058260351791e-01
-3.284031827690044203e+00,-2.802301060458525228e+00,-7.620186672414099860e-01
-1.307406202993878219e+00,-8.497133416039148734e-02,3.456332613769298234e+00
-3.075334480551401128e+00,-2.596542110244137724e+00,1.871086052384606901e+00
-1.943204292768991870e+00,1.539429667546853508e+00,1.918410409023474594e+00
-6.909844133553755263e+00,-6.545422553003046318e+00,-4.766437316894083231e+00
-3.761218509457122217e+00,-4.634770814080074741e-02,4.279355855955709664e+00
-4.570457963919101196e-01,1.783339309258218819e+00,3.867409268809356426e+00
-3.549752342142640238e+00,8.331634449163101142e-01,2.501257476651028266e+00
-4.275462034230425701e+00,6.302067161910006599e-01,4.586219293078058534e+00
-9.791821350029985993e+00,-6.287235485336991836e+00,-2.383546304382452075e+00
-4.858530718037679108e+00,-2.969386237845908827e+00,8.797400613407462266e-01
1.752561095483337716e+00,3.788071126297216207e+00,5.293567357500401194e+00
-7.026245737113973711e+00,-2.513956539420219904e+00,2.349533005424727428e+00
5.553794595869408823e+00,6.500255655023657653e+00,6.623957454134431266e+00
-1.244097511274661061e+00,1.695416755277508569e+00,6.595943827450986063e+00
2.217702952237389447e+00,5.415547001832861973e+00,6.020018085593110690e+00
-6.070803251835390490e+00,-1.129518916367390213e+00,1.158171262061487239e+00
-7.088009971783308494e+00,-3.085675281303190687e+00,7.465979831477653761e-01
-1.773764836261078059e-01,1.371371954673883398e+00,3.797338753380045784e+00
-3.311943668249051953e+00,-6.699818867121720700e-01,2.440642185332346337e+00
4.292808657667658956e+00,4.686731292401758786e+00,6.025188507637471602e+00
5.709501991875841398e+00,5.853487037671837534e+00,6.858936232983154468e+00
7.306926079409393537e+00,9.294819935018919566e+00,1.109548015125330167e+01
6.441586793358888841e+00,7.463474411309827694e+00,1.167198071179591246e+01
1.729644475227057887e+00,1.873680172621250417e+00,5.626505171709466069e+00
5.288362641141780784e+00,6.253812921227537736e+00,8.453093392269344974e+00
4.233712517843120970e+00,5.028321739413904368e+00,8.819199293036110276e+00
2.513018808995042264e-01,4.001520844540578992e+00,6.155742574998206429e+00
-2.828786770316932486e+00,-1.572680168787471189e+00,3.657524123487556622e-01
-3.878855885771592682e-02,3.178520891844191176e+00,4.004485797783950751e+00
2.399910111343763752e+00,6.793930475690554083e+00,1.120451686730243424e+01
-4.075673572650119425e+00,-2.120267694843320783e-01,1.969832638686340731e-01
4.850825693792409687e+00,5.053640700949777909e+00,8.422792259271497883e+00
-2.043955788364568704e+00,1.087829453394170365e+00,2.634049318496451075e+00
2.380170938393392888e+00,6.515456141598127360e+00,1.119687035433938327e+01
1.139532830024305721e+00,1.942913772992847399e+00,4.702093263228269038e+00
2.435169668692891420e+00,5.100527022764702600e+00,8.705733514603716472e+00
4.494029373327572685e+00,8.957197589951444883e+00,1.381277325758941288e+01
5.942198298105839882e+00,6.333195782147090114e+00,8.387332119774164596e+00
5.314551607197965488e+00,9.306963801140659243e+00,1.010627106201799208e+01
-1.102841359674077371e+00,3.118230247522940868e+00,7.613737217311799199e+00
8.410069769187577648e+00,8.980113824562328873e+00,9.089402925122644916e+00
-2.809434594899595350e+00,1.764469296714250124e+00,3.243085223913077186e+00
8.980263846832896135e+00,9.254516602901128763e+00,1.241157681925367129e+01
7.444973896595713292e+00,9.438932816269552717e+00,1.260456598357916924e+01
2.978059958937961937e-02,4.203623128428672473e+00,8.309669346272642088e+00
2.772365432974917887e+00,6.922926418658969183e+00,1.100411665402628891e+01
-1.422171992428315601e+00,8.287273964593460107e-01,5.356007681577453106e+00
4.753803637375104252e+00,6.087744815898222583e+00,7.683102326330740084e+00
5.434744903353196044e+00,9.588038108402912485e+00,1.343921245355453920e+01
4.039509153506578798e+00,6.140989744174667031e+00,9.804952311164676360e+00
6.408333044645721621e+00,9.933000257555150370e+00,1.057884675674671726e+01
7.878603089192448117e+00,8.162746981385845757e+00,8.586155292539785933e+00
4.646378697032861993e+00,6.902446071167021024e+00,8.517094397596695288e+00
1.344334866982513699e+00,4.178656252297568763e+00,5.111199986740097678e+00
7.390079296795179609e+00,8.273256050508491555e+00,9.332385341518948607e+00
2.712932318694685208e+00,4.899424746754327487e+00,5.134776609165518479e+00
-2.180955311655606188e+00,1.991198401472485280e+00,4.621515615433456681e+00
4.603985096923890907e+00,5.410953468685045564e+00,6.907627411814324603e+00
1.191377740956087194e+01,1.250560999331493051e+01,1.507835248147753759e+01
2.226956527593806356e+00,5.723366767185164683e+00,8.372127226384630916e+00
3.892810612857990904e+00,6.952257729105828510e+00,8.567918770742693368e+00
9.223818433410237105e+00,1.285889165857098781e+01,1.693000355927613398e+01
4.765040100638768372e+00,9.115186159151219769e+00,1.265517256039972338e+01
9.234785300687022414e+00,1.349076819606486310e+01,1.737980992343948472e+01
7.051475322093682330e+00,7.303887778935403752e+00,8.690158676734192511e+00
9.172807739990521014e+00,1.122271014282454971e+01,1.526256581830908132e+01
5.062040479744668531e+00,7.696924496880516386e+00,1.075912873238032930e+01
9.566412637322653012e+00,1.029621513184945414e+01,1.210468943095789385e+01
9.071126839570201383e+00,1.284890399469889744e+01,1.631818238480060046e+01
4.121895328691953075e+00,7.680761329375734192e+00,8.869740003595355304e+00
4.196614357671951012e+00,5.045091551286456699e+00,9.662949073522000276e+00
1.163166912205645076e+01,1.209599205007683587e+01,1.530566812879337846e+01
5.587641137640797950e+00,7.577117721089999591e+00,1.172537140887444451e+01
6.007379263287740301e+00,8.707753785013734316e+00,1.030311537668131905e+01
9.049392051265590098e+00,9.118676479148783542e+00,1.180728130402358644e+01
3.568933615804477100e+00,8.145606047442504050e+00,1.093246586740208492e+01
3.210626401253111606e+00,3.359250225556800196e+00,4.031046040832874766e+00
1.354899989598010102e+01,1.356341497460794088e+01,1.732954619000002339e+01
6.873323954139104686e+00,8.284552061372995269e+00,1.087188212524471531e+01
6.315245525352557898e+00,1.015742874446926081e+01,1.331646410012687909e+01
9.376350169526002531e+00,1.196536314049392757e+01,1.321451717172415918e+01
6.861540867220018214e+00,8.291340763388728163e+00,1.240977941533878237e+01
5.057757331789018984e+00,5.301823925098628543e+00,1.017499252688648781e+01
7.162871715130532557e+00,9.424877085503085894e+00,1.211118295624227059e+01
7.376018610724099922e+00,8.069172183503356521e+00,8.845337919753417211e+00
2.595591947334840999e+00,4.466389245489217785e+00,6.757162079488210793e+00
8.265550351752848357e+00,1.307447093277459871e+01,1.508883336604630721e+01
1.444503602851109569e+00,5.592734854017814783e+00,1.005220155609889510e+01
5.247102929539769534e+00,8.428374341577470119e+00,1.322177753251799004e+01
1.039167141557834917e+01,1.135746462973922988e+01,1.357104460647896893e+01
-8.912913361079128904e-01,3.917212837752945376e+00,6.151065634058769049e+00
2.305695111046749624e+00,6.918682315567779462e+00,1.121719447247811985e+01
3.818238703531402933e+00,6.201014292887528256e+00,9.541147497389966148e+00
1.027134212196063245e+01,1.251910228650780255e+01,1.494261590184741983e+01
9.411542249663117587e+00,1.240815293553881737e+01,1.476370386481880992e+01
8.832787393317030222e+00,1.310432667701450349e+01,1.477005110659021092e+01
7.587199796556037157e+00,8.564678725306695384e+00,1.095963536529135673e+01
6.011693149569791395e+00,1.009565576237536888e+01,1.475317886435059123e+01
1.006548513785770993e+01,1.319067137732310258e+01,1.449287585196206685e+01
7.401000977549386128e+00,8.566376329109772314e+00,1.199916347936111549e+01
1.240687354190627900e+01,1.449424844884518393e+01,1.707006859995644987e+01
3.576274736856621672e+00,8.478141352439628520e+00,1.024864443717360984e+01
8.597316724049195003e+00,1.344173460358807048e+01,1.444958660116838445e+01
9.558358017190561995e+00,1.428598089603432442e+01,1.636092240762680206e+01
1.203228893955142098e+01,1.331104268202142471e+01,1.822810216000864614e+01
9.871352244071976756e+00,1.274743919293079841e+01,1.456868880397952104e+01
1.279458597876260484e+01,1.377384584975628634e+01,1.602330343353027331e+01
6.619101143093867989e+00,1.154184692918659039e+01,1.292369274785375843e+01
4.816496701846705086e+00,6.522304707503846721e+00,7.385785621945696988e+00
5.215923585513309035e+00,7.871022288662421929e+00,1.136796969799539525e+01
4.538445274060245893e+00,8.077933372677271961e+00,8.914322593535219497e+00
6.076526806306874029e+00,9.346193066143413830e+00,1.363418537522239582e+01
6.566868987735402285e+00,7.919741156415661898e+00,9.370680388067313515e+00
1.119040494492132787e+01,1.383819442364757357e+01,1.575442257463675766e+01
4.429112567472372142e+00,4.802243020744951352e+00,4.835550523408683077e+00
6.998369929485670049e+00,7.721412215689847258e+00,9.570043606749019105e+00
4.755108802739552942e+00,5.949151151120698700e+00,1.007141996605990997e+01
2.885755771622869670e+00,5.638369079799268491e+00,7.154870224093269115e+00
9.091075569802768541e+00,1.076225917727413695e+01,1.189173641143168147e+01
1.491629194398844227e+00,6.416287074592053941e+00,8.111180187427214250e+00
8.792197266059980976e+00,1.032283651213418985e+01,1.060558557390666401e+01
1.101897485834727952e+01,1.312935443689364590e+01,1.484811722468740669e+01
6.479317629649163912e+00,9.222860809005256399e+00,9.583302081064031697e+00
1.134358470548632170e+01,1.187181094624838806e+01,1.374694294103160885e+01
8.552489869305400561e+00,1.109843928358323595e+01,1.407988197296000621e+01
7.689101596902273350e+00,1.072841613822212103e+01,1.262239513474050234e+01
1.182594540239895586e+01,1.499582311120783729e+01,1.843348373390892192e+01
2.622302446390435193e+00,7.465702696269011618e+00,1.034787647037985003e+01
4.056890627531972271e+00,6.182684589022778177e+00,6.357122920211002004e+00
9.880535317285511709e+00,1.481595170727036326e+01,1.939752128823847599e+01
3.350433962110205499e+00,8.071327292856313562e+00,1.000590279580531394e+01
7.122988231178172036e+00,8.589355613954898772e+00,1.097595026598481383e+01
8.326054518993110776e+00,9.270239887918080512e+00,1.223601529629099893e+01
1.312045383901260465e+01,1.403163246866560065e+01,1.683398726604895757e+01
4.987831327895962730e+00,8.500232098518337054e+00,1.178248313766084365e+01
-1.025458177889698064e+00,3.418853308172460359e+00,5.214121102379861483e+00
5.472213376225103509e+00,8.194663868601544721e+00,1.129643078923241717e+01
1.245539561674161178e+01,1.284445055622701304e+01,1.441566945874395600e+01
4.366677483041989660e+00,7.784384319631536542e+00,1.214602539524370073e+01
1.099567834427546842e+01,1.124859253480166821e+01,1.607195044326707389e+01
1.183130078604624913e+01,1.263746183883588614e+01,1.527241685620307976e+01
4.161452744942385706e+00,4.925790935385132130e+00,9.207302280296042696e+00
5.230360967644990922e+00,6.439772082849915869e+00,1.105262121766776318e+01
4.745034258456277243e+00,7.563303956408350182e+00,1.091473937315588394e+01
6.816452768611783952e+00,7.360715831383714658e+00,8.947661203742589109e+00
7.522973408826132413e+00,1.001998370193397392e+01,1.264341694936799243e+01
5.275382913131821283e+00,6.659426168976236404e+00,8.594429316100594463e+00
3.855502770081621122e+00,5.615718920142051651e+00,6.990701649668501716e+00
5.175749525198714451e+00,6.878191833050111725e+00,7.424917544849924056e+00
3.950126784439316197e-01,3.597218210996552479e+00,7.672750832057435133e+00
2.783931510934928077e+00,4.552575914504419785e+00,8.824247947090743338e+00
5.395901836886613623e+00,9.892408584637149005e+00,1.234199032496854898e+01
4.317793975306081222e+00,6.312274986806238886e+00,1.066834191672252530e+01
7.696016495209102359e+00,9.827723521499938997e+00,1.295916813083070096e+01
4.951255111393336961e+00,5.938658827463630274e+00,6.070113905812304367e+00
7.224438453991260722e+00,9.352290233819605447e+00,1.305198326997137492e+01
9.096045884357085498e+00,9.930955001692712614e+00,1.019161258611337750e+01
1.910940588840101206e+00,5.803367888254072682e+00,1.044503422040295249e+01
1.059956828427724318e+01,1.194892045605207187e+01,1.336416231598192184e+01
7.316088224234500004e+00,8.411145987028650239e+00,1.321266985193797794e+01
2.593096082387023493e+00,6.858475068307153144e+00,8.637475761536437702e+00
3.061053804042994653e+00,6.238029846491603969e+00,1.012439490635394534e+01
4.906925906969886952e+00,6.039592490682281323e+00,6.810887052612045522e+00
3.355520973374840565e+00,6.348375782169286552e+00,8.747907643355397056e+00
3.798153205827326406e+00,4.054999993726926988e+00,4.346640236431531967e+00
-5.259721961930479139e+00,-3.384793680637699254e+00,1.584231986819713001e+00
7.852808284226917124e+00,8.070462841677986887e+00,8.146799057109163300e+00
2.063763936101477015e+00,6.383906931240765026e+00,1.039926783380458630e+01
6.278163800769980263e+00,6.699042910361776570e+00,1.037781510916834549e+01
2.247759531595452387e-01,4.924376498709862382e+00,6.631591838384884419e+00
-2.794181285472517651e+00,-1.636962554217546995e-01,4.208510338066523637e+00
1.273807755345775394e+00,3.138521303762249470e+00,5.021207892319259791e+00
3.526332197135272573e+00,8.468086056729646316e+00,8.657525749505655455e+00
8.715894583749730362e-01,8.749782800594854137e-01,1.763211559443724319e+00
6.782126288714436235e+00,1.078621864222640525e+01,1.509316960534848562e+01
-3.066835510975819190e+00,-1.148884142585854917e+00,-1.191300978280498413e-01
5.870390341156237035e+00,6.183890592260961938e+00,1.083503036890077098e+01
-1.455254437369131182e-01,4.276032996757306748e+00,4.606092627193238087e+00
4.592755223139683984e-01,4.034432946961865163e+00,8.719666119345291122e+00
7.072709306176370170e-01,3.649464133330067916e+00,6.931703897359766664e+00
-6.739272115468857294e-01,2.675745552720052878e+00,4.397159492065020103e+00
3.991254444078474961e+00,5.933670435025415024e+00,7.771276620806192525e+00
-1.468765421904757673e+00,1.275304847552707344e-01,1.614209478894991889e+00
8.287987346919178933e-01,4.327910772103859216e+00,8.756125853616918420e+00
-2.372370300921015751e+00,1.085257319683078148e+00,3.589886082884196750e+00
9.258295628603012695e-01,3.706126041179582664e+00,5.800917404621924511e+00
-1.486950449455913592e+00,1.021401183506957633e+00,4.337313581087157033e+00
-2.206241578885315135e-01,3.992784967293603771e+00,4.543027128967644046e+00
-2.233879157518881442e+00,-1.283050217972998563e+00,1.493950434267796723e+00
-3.732259972490623134e+00,1.152172794380615706e+00,1.202851165197327710e+00
-2.532148196892766379e+00,1.509517763044498473e+00,2.926546083938549536e+00
8.953262096484067456e+00,9.395957462433035090e+00,1.416935090756436111e+01
1.619266941229923429e+00,2.869429973025400926e+00,3.297607101543770902e+00
-4.459875112077622550e-01,1.038222152050447988e+00,4.811618477142558525e+00
1.651094222342550655e+00,2.604853266106375465e+00,3.847060756826386374e+00
-9.886938959728258647e-01,-7.817397007560533684e-01,-7.033232307935316507e-01
4.098816952675611525e+00,4.513407632357444577e+00,6.117087817470824973e+00
-2.861143461678228306e-01,2.104442315733118463e+00,5.950917543332250759e+00
2.802781175723165319e+00,2.914029614152902958e+00,5.295909318923166076e+00
-1.561649965802065942e+00,1.105092143695964868e+00,3.567698293063170656e+00
-1.354398754697262675e+00,2.014166449878579623e+00,3.595597755543455953e+00
9.524101634103465663e-02,1.217761050312045734e+00,3.257425460331837996e+00
-2.847273810459879151e+00,-9.598592362989515347e-01,3.844269642540678156e+00
1.178764923538938802e+00,5.264715616889026784e+00,8.170107814728982731e+00
-2.417178893610895329e+00,-1.099077685659792358e+00,4.885038780068078346e-01
-3.305675268830680302e+00,1.248247385985594482e+00,2.405325157408530146e+00
-6.278782976371366509e+00,-1.904167197404565748e+00,1.836086834881106800e+00
-6.002590326917807140e+00,-2.103127289445933634e+00,6.001681705097441366e-01
-6.986172783292253108e+00,-4.392364662623682747e+00,-3.516210261738915932e+00
3.336544327311086189e-01,4.851934579583094820e-01,4.809691798243349581e+00
-8.449426194929225531e+00,-5.213352296067691682e+00,-3.176602691882018714e+00
-6.730218995492720957e+00,-2.673946323002570402e+00,-2.456507837257126070e+00
-7.013752009672286292e+00,-4.646003485041198644e+00,-2.794578688250409115e+00
1.155039561720079266e+00,3.195421925826033682e+00,4.277005022089453767e+00
-2.220391784940511037e+00,-6.369354610710336040e-01,6.091056646731507485e-01
2.238487103144102264e+00,2.239741380071480936e+00,6.093743594046799217e+00
-4.154019975638984619e+00,-1.131942864485564026e+00,2.680583604319712876e+00
-6.613533525438670679e+00,-2.570776600409105495e+00,9.164753778192609168e-01
-2.007017007753185478e+00,1.702242491835397775e+00,6.387309890432167236e+00
-5.093378691755082954e+00,-7.745194779175830213e-01,5.556489926369527765e-01
-1.403719498461622583e+00,-1.369081214909946942e+00,-2.396531251604556711e-01
-5.917329947779177424e+00,-5.684611742736858986e+00,-4.734576071409708931e+00
-4.367778712926016382e+00,-8.679536977612989368e-01,-8.169298103592748106e-01
-6.278837275201197166e+00,-4.299810198079101475e+00,-2.271122425825462976e+00
-7.842312456269559640e+00,-7.740744586721382881e+00,-4.176206592154163566e+00
-2.719039487586134562e+00,4.623304386837312485e-01,3.729853265448137556e+00
-9.167916008327580357e+00,-6.908510557043780587e+00,-5.948854229161049112e+00
-6.763480671068988315e+00,-5.262903960724639063e+00,-3.369577385944976911e+00
-9.209670160895374380e+00,-4.399061809597373696e+00,-1.614638607484324861e+00
-1.156819242420399263e+01,-9.597078389369492868e+00,-5.385316003881870373e+00
-8.980262864984920768e+00,-4.686487820412244432e+00,-4.013304508707290275e+00
-5.136434518789910086e+00,-7.802345037663900307e-01,2.275517070865606062e+00
-3.826592307764597134e+00,-3.749453666154071829e+00,-1.772899213301396770e+00
-5.813952768722012721e+00,-3.301079101165627083e+00,-2.846333887208855717e+00
-1.548730839146825566e+01,-1.198143912634454722e+01,-7.113458547534770027e+00
-9.856280366741827947e+00,-6.593253395112436799e+00,-5.820136884375432196e+00
-1.053075464528838801e+01,-9.964956155231915247e+00,-9.120348709044723279e+00
-1.593858982824107429e+01,-1.228539921456888528e+01,-1.023816344056168148e+01
-8.338310056673222448e+00,-4.299977465345314442e+00,-2.291542271862228031e+00
-8.918769994606250862e+00,-5.060260621539774739e+00,-4.897445809330429611e+00
-6.564083375207513171e+00,-6.082007784785094628e+00,-3.796597168690375668e+00
-1.084289979300636020e+01,-1.017477396973592008e+01,-8.333363922816888092e+00
-8.701577437791916836e+00,-6.424828292162841237e+00,-3.937851065817795870e+00
-9.742307582021286549e+00,-7.963696152372421011e+00,-5.276128959495243187e+00
-8.193608988168129770e+00,-5.834204418110620516e+00,-5.740878634879207354e+00
-5.807477641532425849e+00,-5.462639514174442823e+00,-3.974030449144227539e+00
-1.095136200774833490e+01,-7.328796543114379780e+00,-7.107234850144750204e+00
-5.415878406506578813e+00,-3.870663473066811910e+00,-1.848140178123803157e+00
-6.029323369294516510e+00,-5.896976108489766943e+00,-3.718949122250225336e+00
-6.424329939666249878e+00,-3.098669472505444666e+00,1.009930529915900266e+00
-1.699871774160137861e+01,-1.202839109893620417e+01,-1.049000784834424849e+01
-9.825197746540887067e+00,-8.170129573131221790e+00,-3.269855562784723446e+00
-5.632199256013116440e+00,-2.487148011869146913e+00,8.701961378689775373e-01
-1.270806668540343054e+01,-8.517137574591167493e+00,-3.569393735290281811e+00
-1.029632554765202102e+01,-5.849233170478063570e+00,-2.314657905750770794e+00
-4.373840078989474023e+00,-3.568940956295088007e+00,-5.265230034676453563e-01
-7.248706156694929348e+00,-4.962316606166679911e+00,-3.722654782079683145e+00
-9.943796527160291276e+00,-5.817565148947261733e+00,-1.603481093550977121e+00
-7.444127726764733666e+00,-4.248255510521780742e+00,-3.789812861831411084e+00
-1.379216450550551443e+01,-9.330628486146355982e+00,-7.211064900299168912e+00
-1.605968601485858471e+01,-1.268018747872205054e+01,-1.025077755242380917e+01
-1.155353965088816359e+01,-7.030297617757954143e+00,-6.754231788531622982e+00
-1.213289891451046643e+01,-8.630748568973972468e+00,-4.520274789711101526e+00
-9.236970066487437236e+00,-7.438046326888139603e+00,-3.216253003790446208e+00
-9.826391314587739956e+00,-9.804148824487562308e+00,-9.681490143528918679e+00
-5.276426280878378172e+00,-1.451534754070365807e+00,2.615422155912401792e+00
-1.657333742392676257e+01,-1.275234219824410253e+01,-1.047968036517015911e+01
-1.221161540238519905e+01,-8.960798650322512771e+00,-5.641204086235768855e+00
-1.605069571664006389e+01,-1.215375784334595899e+01,-8.069885911867856976e+00
-6.204932798143776296e+00,-1.224020150373335447e+00,3.110507207738899105e+00
-1.053129275421928135e+01,-9.349668237955441441e+00,-9.013264736480000039e+00
-5.895718542718070054e+00,-2.760979337586958238e+00,8.675832716626183938e-01
-6.687469040499680162e+00,-3.316002642658141042e+00,3.241865871414568723e-01
-1.108424279803602275e+01,-8.426693337046110344e+00,-5.265239686198179392e+00
-6.800527516011591445e+00,-4.823472519184132778e+00,-1.033511285142268754e+00
-7.074328615505507400e+00,-5.637652455115101269e+00,-1.629780721975858881e+00
-1.001933623675376239e+01,-5.626964888050327573e+00,-2.626904045928864839e+00
-1.044035158303269917e+01,-8.616167905153760742e+00,-5.743141770118844747e+00
-8.579721705635492413e+00,-7.360675045304011732e+00,-4.056599372812129900e+00
-7.162162097060341459e+00,-3.269347678544871627e+00,-2.978653891742257809e+00
-1.043546661911208595e+01,-8.827719372600448366e+00,-6.153507981082264600e+00
-9.134216790986155132e+00,-7.762909991335096294e+00,-7.420257812553655796e+00
-1.207573520291426661e+01,-9.271979536209945749e+00,-4.771544505139648784e+00
-1.516531376474133630e+01,-1.154721406254626537e+01,-9.844062014866903354e+00
-1.090376706095696946e+01,-6.735747595206881932e+00,-2.983825734198414903e+00
-1.590128229200254850e+01,-1.455930678119491084e+01,-9.567489838366029176e+00
-7.416980225988919706e+00,-4.473278636750299242e+00,-4.387774626966244540e+00
-1.569560156427662889e+01,-1.190804700829774276e+01,-8.756932270009059494e+00
-1.332462218479823512e+01,-9.946094663483782128e+00,-5.761566460424847769e+00
-8.560526050782792495e+00,-7.721315983330840460e+00,-3.177154733335106229e+00
-1.251209714513051097e+01,-9.181171877265931869e+00,-7.249831241689111749e+00
-8.265260218708826656e+00,-6.720618669073328277e+00,-6.470216848718380653e+00
-9.920789660283778844e+00,-6.341961933195261913e+00,-2.289614542283808341e+00
-1.444805842842908561e+01,-1.198804802205004627e+01,-1.003174861418995789e+01
-8.371398349219580481e+00,-8.065108830870189038e+00,-6.269949262220053221e+00
-1.504049162820645691e+01,-1.040354038400759151e+01,-8.512509957821627893e+00
-7.832554256299681938e+00,-5.064505734246784741e+00,-8.186408623506400417e-01
-4.962677698682556482e+00,-2.343438215169459049e+00,-1.125444071883360930e+00
-9.406475742038075794e+00,-6.939448130881688215e+00,-6.266062333719047750e+00
-1.701650856169617043e+01,-1.402115955033017158e+01,-1.015028526890088933e+01
-8.541376964279594475e+00,-7.402612092098792118e+00,-5.861288151157590498e+00
-1.632096596098151764e+01,-1.180816066786445973e+01,-7.638478725177001216e+00
-8.144327078089833805e+00,-7.975417623353719954e+00,-7.077255481281762961e+00
-5.013967275142203306e+00,-4.773912940962015128e+00,-4.674821244355470640e+00
-1.525802877480840358e+01,-1.169441176369571522e+01,-8.579173586163552301e+00
-9.051517886744909092e+00,-6.028806269417433583e+00,-4.764177332229377448e+00
-7.507665973661475256e+00,-5.304236416000200016e+00,-1.674311404000404568e+00
-1.250289452845177962e+01,-1.003429486236972856e+01,-9.623658874184563672e+00
-2.099089265592012765e+01,-1.683411626194664024e+01,-1.411704872987284176e+01
-9.474675137265467839e+00,-4.748885203773683727e+00,-4.022830037146740700e+00
-8.810102727361822872e+00,-8.691393317905953708e+00,-4.509743974793869903e+00
-1.141740875963973423e+01,-7.291352973551627592e+00,-6.622098676379058801e+00
-9.355688189980060798e+00,-5.095007386001956462e+00,-2.551160326017395619e+00
-5.844334408486832722e+00,-4.765688045573249099e+00,-4.566923776460235729e+00
-1.179850852669250472e+01,-1.082538861455062573e+01,-6.615484541199196045e+00
-1.050991963981711841e+01,-6.800672482756460191e+00,-2.486448603986400663e+00
-1.424238289335525920e+01,-9.270985963390387496e+00,-4.897144440368319529e+00
-9.944448009275440370e+00,-5.346110019405774239e+00,-6.719970060682332047e-01
-5.388223406235693957e+00,-3.924072352305647104e+00,-2.185875263359442933e+00
-8.393703778382025860e+00,-5.448572946720384280e+00,-4.203124540478934357e+00
-6.408941749585646441e+00,-5.111277919282105842e+00,-1.441816081650482140e+00
-9.865564956481000181e+00,-8.654313460154993365e+00,-5.289984717438545481e+00
-1.210975774200804089e+01,-7.557455637712345187e+00,-7.083440196377591924e+00
-4.063783141983813962e+00,-1.529361984280621201e+00,1.671112285464139369e+00
-6.178774313729702428e+00,-5.579443940644955191e+00,-4.810886578253135148e+00
-4.999300191940120541e+00,-4.482023917476252173e+00,-2.232105180153061141e-01
-5.519009319931759805e+00,-4.565485018127928285e+00,-1.714620469830540728e+00
-8.141080723293274701e+00,-5.025160680078827546e+00,-1.853917684212230910e+00
-1.078864354917820201e+01,-7.406096062112101031e+00,-5.458856147823789584e+00
-7.881950017580978241e+00,-6.609681379046735472e+00,-5.542677292390175481e+00
-5.331975326015216510e+00,-4.791241679004972553e+00,-2.069291137792857782e+00
-1.381783240241754562e+01,-1.031626287956283505e+01,-1.015978646371985050e+01
-7.504322666531753505e+00,-4.809031557073675245e+00,-2.089508645697766287e+00
-8.404485668358050887e+00,-7.256206005119376634e+00,-4.441992393671364781e+00
-6.414161365540055115e+00,-3.023874248477781190e+00,1.649367870291533311e+00
-3.372856210236576224e+00,-1.697307086755202477e+00,-1.068046947783989342e-01
-1.413278543351383476e+00,1.081558461927654591e+00,2.924708172192001854e+00
2.901490067795227112e+00,3.360082331897308094e+00,5.502217730432644949e+00
-4.988643757307010596e+00,-1.872212213712834306e+00,-1.202456334831190077e-01
-8.039516984867846716e+00,-6.394299473307087922e+00,-1.435141858170421614e+00
-7.687096017064261488e+00,-3.330841645182462507e+00,1.599857371402539918e-01
-1.232778140178220738e+01,-1.058500621386681217e+01,-8.355612430405614077e+00
-6.331529289359263402e+00,-1.591535585035126044e+00,1.415548547409113844e+00
-8.831305994628721123e+00,-7.862122319517927949e+00,-4.780197428027586959e+00
-2.155703251958581479e+00,-5.860744869471306018e-01,-4.376149596920846374e-01
-1.979035087811848337e+00,-5.762581054481024090e-01,4.378896089124118873e+00
-7.909770157545651159e+00,-7.306110831322483179e+00,-6.725778917774311694e+00
-6.342083787780099513e+00,-3.023846324603735258e+00,1.029906871397854307e+00
-1.242209145679696469e+01,-9.067480123163541350e+00,-7.161506482337072654e+00
-1.156225372368914250e+01,-7.406588526283142571e+00,-5.278304502278107435e+00
-3.769644565368259315e+00,-2.248431492904035878e+00,-2.025959996758406767e+00
7.635148063252041872e-01,2.168806062608125806e+00,6.381574768902072314e+00
-7.638346295830015009e+00,-6.610693300774213910e+00,-6.077940650369844100e+00
-9.298836105247998418e-01,2.640450242738800579e+00,6.736988486627859984e+00
-1.493056962419118117e+00,-5.072944744280216689e-01,2.553121983135793638e+00
-2.503766002241730071e+00,-2.336453133459059472e+00,9.032535953950056040e-01
-7.243512212644974468e+00,-7.114011815491178226e+00,-6.237637739364909173e+00
-7.611123485515392417e+00,-6.005956878645097419e+00,-2.595377598438956657e+00
-6.044457486281400449e+00,-1.252991894136319839e+00,6.116758678081537504e-01
-8.396014861435975973e+00,-4.552313339058513542e+00,-2.123147989075297559e+00
-6.109237447270196242e+00,-4.359675143027100574e+00,-1.668564791980090778e+00
-7.550401151435915281e+00,-2.926364789162419378e+00,-1.495580663015908973e+00
-7.245366864698267406e+00,-6.311425029893268146e+00,-2.745189578521712637e+00
-2.464773884890077760e+00,-2.264445671132055526e+00,-1.522835108263582704e-01
-5.798110748677215653e+00,-4.034212423664814473e+00,-2.607415882254940698e+00
-1.290888775298908442e+00,1.684100844835028088e+00,4.064517654605479535e+00
-3.050018638618701594e+00,1.931785570652345685e-01,4.223897757246787066e+00
-7.786109465438474153e+00,-2.928765089496097040e+00,-1.623123960695102674e+00
-1.420205806476529720e+00,3.107836490121067552e+00,6.838747546450848702e+00
1.122271671832079321e+00,2.132833029762927879e+00,3.032047024566091320e+00
-3.763484234082188795e+00,-9.779493372226055747e-01,3.075169961789816941e+00
-8.013590523178239167e+00,-5.383723214604136054e+00,-3.492976628866138800e+00
-5.329370529096616238e+00,-3.507983960726375194e-01,6.564650276455030742e-01
-1.090164706775572867e+00,2.330461269795297774e+00,5.164461114085301396e+00
1.484763433547316769e+00,3.175023048093324363e+00,6.328429926358738911e+00
-4.078440388899169378e+00,-7.668605426759076416e-01,4.151420368706919106e+00
-2.188197533908627257e+00,1.220198736540861972e+00,2.102425429295792902e+00
3.066253238307739437e+00,3.958017229152795302e+00,6.285685600303481557e+00
-2.779456934486864705e-01,2.927604140800885713e-01,2.004957526289913972e+00
-5.581890791700128140e+00,-9.495410953114695740e-01,-4.872425957201363955e-01
8.085426573686471663e-01,3.524903125824754291e+00,6.807726700537867437e+00
1.344636291220711044e-01,2.953457407915396793e+00,6.082553213580988327e+00
4.159512723732331496e-01,1.076050739397968803e+00,1.188040525934196623e+00
3.371457956965362435e-01,4.151384663206327374e+00,5.789284722018333440e+00
-2.975960045374391960e+00,-7.015623228782397192e-01,3.837862766180278662e+00
-2.083349270619996751e+00,2.172222419353916578e+00,5.484142093943157548e+00
-1.747760276765980336e+00,1.131118550438094950e-01,1.709592917526521427e+00
2.182585652205512261e+00,4.621704966947380200e+00,5.302069758390453025e+00
-2.560337763396169919e-01,2.721075558094269375e+00,6.957507670574348602e+00
-6.138875782165055028e+00,-2.196635826258779733e+00,4.329215135950459370e-01
4.422481703989979529e+00,7.487841497483250564e+00,8.921492560763201851e+00
1.428186276883529615e+00,5.483312783093579945e+00,6.544803809010781848e+00
1.311507565340512382e+00,5.176870984017755362e+00,7.534977172596448725e+00
2.072995329348972682e+00,4.662761569595215150e+00,8.593481357868093085e+00
3.928782318123180239e+00,7.870974575587234234e+00,9.977700618146215561e+00
5.346682861200138248e-01,5.003179323814556767e+00,7.793240744904496253e+00
-4.197842014415726908e+00,6.533702575668964840e-02,7.887177245867846853e-01
3.407737866382000824e+00,4.535563220279673402e+00,5.989057681302115910e+00
3.237807307579751992e-01,3.566981615368934211e+00,3.614965001145383550e+00
8.693717358896924097e-01,2.903355042458895419e+00,3.045214364554547526e+00
6.560238514674645138e+00,8.542450349680679622e+00,1.025528176424140980e+01
1.002971791855975781e+01,1.074578164266316271e+01,1.383000461773110068e+01
5.780547700656240906e+00,6.881463547977721973e+00,7.859981638785929370e+00
-1.037421387794740912e+00,3.188785308821457942e+00,7.571482119972456459e+00
7.550891296892435989e+00,9.948887806702298775e+00,1.036854749835034895e+01
-2.947959350640829701e+00,-4.239303640202995993e-01,1.647014739491310387e+00
9.317961040378692772e-01,4.815737584308156016e+00,5.647488459888526435e+00
6.083438455488026975e+00,6.607840472354408412e+00,7.885193270953544165e+00
7.591115871396355574e-01,1.573608650955335087e+00,5.787360787353194702e+00
2.017157465917269299e+00,3.437104212111638191e+00,6.826413383095268017e+00
3.760668915917166011e+00,4.364503782186619496e+00,8.498917516261286664e+00
6.278157671397495143e+00,8.551100863420238340e+00,1.282843164487819720e+01
5.207153358185480307e+00,6.612321596263247336e+00,9.339588133287158200e+00
3.225185652721093366e+00,6.386642600737918229e+00,8.854744496137691101e+00
3.922885535575657556e+00,5.214769379770340940e+00,9.108172096568054599e+00
7.665929048812213153e+00,8.064528019944605219e+00,8.784060149630489533e+00
9.779029126747587952e+00,1.017919442688294929e+01,1.167380619259770036e+01
1.499208875362936233e+00,6.367883004412338899e+00,6.998275808570186385e+00
4.651322762501972186e+00,9.568130834352151837e+00,9.838163922186838661e+00
5.612389371532993110e+00,9.980225460481621624e+00,1.353490503149492952e+01
3.793497029831425671e+00,6.179453143274365345e+00,1.045537615848983037e+01
6.645205497381897253e+00,8.173895008193001743e+00,1.043991781802855812e+01
8.259820322468788945e+00,9.791725023174139508e+00,1.474915502340888196e+01
2.935760951204273272e+00,5.797095011428926803e+00,9.710773436046517659e+00
7.491133175201250438e+00,9.024730246204127226e+00,9.284889007739321798e+00
5.003370818335104886e+00,9.445808926251819670e+00,1.130164788858361646e+01
1.940056915068610000e+00,4.716509596053663600e+00,7.108421206125502323e+00
4.731465641419551282e+00,6.143051519833161223e+00,6.989076787668772717e+00
1.830490570424446517e+00,6.161110963138654029e+00,1.086292224309275412e+01
1.081026213508657463e+00,5.547787838132069993e+00,8.144539198334555863e+00
9.110172636017196623e+00,1.230020346539537535e+01,1.299872961371376689e+01
7.386693338663601338e+00,9.132099867913646918e+00,9.139668143265486933e+00
7.556084092274900854e+00,1.023577895773590996e+01,1.238992363197484359e+01
1.593077338740692106e+01,1.904440469138562975e+01,2.049778508079263162e+01
2.971190899870538082e+00,4.896716335230899553e+00,8.254475641899579941e+00
9.874824546267573666e+00,1.068176534171086089e+01,1.374540511369371387e+01
-8.119613810604269233e-01,3.719533385579204321e+00,6.704905685977188057e+00
5.806155987204572710e+00,6.497971112158125173e+00,6.588407121610352135e+00
7.915454129142105444e+00,1.119493741858311964e+01,1.556615964688628395e+01
4.475232311427422616e+00,6.953621294695931709e+00,7.223555803094315664e+00
7.863583062973225957e+00,1.262812906410172964e+01,1.475848721296084065e+01
2.593867811689657188e+00,6.702846603485300037e+00,7.803551727551015560e+00
8.489859173952044813e+00,1.218745217794734970e+01,1.515001391730898561e+01
1.233714809598376227e+01,1.417555062330014692e+01,1.683659407366120320e+01
6.363803884143500511e+00,9.499445893700706023e+00,1.430303338822837489e+01
7.751771687665194754e+00,1.134821344405780685e+01,1.365962486699664069e+01
1.085806236514230250e+01,1.237752574746411938e+01,1.336497488676173795e+01
1.058226445939462934e+01,1.468844391223578327e+01,1.900876917315191506e+01
4.206505864392561911e+00,8.482309439683495711e+00,9.252464288040883389e+00
8.230010531519207362e+00,1.098875373030106672e+01,1.455758177475758330e+01
1.652607719288415211e+01,1.980019436703673819e+01,2.107445383964635965e+01
6.598277673449453928e+00,1.081540268962100093e+01,1.116018956104590210e+01
8.311835142149497813e+00,1.238747049135755240e+01,1.454542538409312513e+01
9.833522696676999075e+00,1.254657492630813032e+01,1.272184255438400413e+01
4.809769224378976027e+00,9.684935441709653148e+00,1.295026927458595623e+01
5.843440562142090400e-01,4.891142788752834036e+00,6.560596369480762746e+00
1.193537909516324191e+01,1.236121624632030525e+01,1.293450390250862014e+01
1.746160010702974219e+00,6.336813955621787287e+00,9.498275242692278297e+00
1.157117497766306791e+01,1.273940463483155483e+01,1.586678406194031865e+01
5.752684191138683012e+00,9.447921459403596955e+00,1.344508755609940920e+01
1.002526423101762987e+01,1.015340402795199459e+01,1.412781417305698106e+01
6.815453041808096302e+00,1.002576617864776765e+01,1.353851068488381237e+01
6.060463032545385431e+00,8.896592718749355200e+00,1.350172292648270655e+01
8.435461600924643477e+00,1.113100021352761360e+01,1.256811649199544156e+01
2.416312121511076327e+00,6.692338465620881749e+00,1.095142373477345998e+01
7.612294677333497184e+00,1.192022015338256047e+01,1.407080370770777122e+01
3.789260415403829185e+00,5.436288926311131142e+00,7.206604350242214352e+00
7.126508182108056921e+00,1.122651604936049985e+01,1.198199927615812577e+01
1.830059229072722005e+00,6.356784425796060845e+00,9.877544029198872977e+00
1.832917186591749292e+00,6.257540197854808639e+00,9.136778370013262318e+00
2.160055720312707983e+00,6.581977125506265125e+00,9.796841613902623536e+00
4.787664345014044365e+00,7.926459302414265551e+00,1.133998185587681107e+01
9.228055006768801860e+00,1.068238831039714043e+01,1.240901997017448188e+01
7.735825380854430833e+00,1.207386060322146903e+01,1.536991086343754986e+01
5.117249556819968959e+00,6.624984224244222730e+00,9.824466816803479219e+00
3.107784161654624455e+00,7.731535493881745325e+00,1.083857663876431410e+01
1.468178353816619097e+00,5.313080445955390196e+00,6.257800408696894578e+00
1.263722372406181371e+01,1.353242673394724527e+01,1.401586111212915853e+01
5.308480483811505835e+00,8.631929321516391695e+00,1.156422454615605133e+01
9.419898857452363217e+00,9.488147751714663514e+00,1.043083165269363732e+01
5.684416649283591028e+00,9.737752507132940494e+00,1.258911099530152811e+01
9.669992190753582406e+00,1.073334948282085222e+01,1.207572820779444456e+01
5.574202648191461051e+00,6.758889654766160326e+00,1.095534704261705272e+01
4.073295059996000944e+00,5.072078727309820678e+00,5.372698727886079162e+00
9.538601895677683018e-01,5.340845219999729387e+00,7.449653237815516249e+00
1.265007370449756330e+01,1.299842815925775419e+01,1.479546513155506560e+01
6.573749478277544078e+00,8.863653843396514631e+00,1.195675787501516574e+01
8.907411068436102752e+00,9.731764082011508776e+00,1.322649795280589302e+01
1.020712697042967143e+01,1.044586217798324768e+01,1.137597142645838133e+01
8.031471950605169496e+00,8.698994582663221564e+00,1.113513001750128240e+01
4.691443344394872206e+00,6.785259859217662282e+00,1.075845858297864055e+01
5.929220249247459940e+00,7.682572372060367805e+00,1.181828065105444558e+01
2.726496400930605191e+00,7.047041795550922139e+00,1.181564347335935494e+01
1.163878817823535528e+00,6.148573410090019564e+00,9.421268292113206044e+00
1.045822251778086631e+01,1.422849160927411205e+01,1.748870041032662215e+01
4.740763386814251135e+00,6.969916456107488223e+00,7.416248768529460023e+00
7.673433708308825985e+00,1.039379896020437499e+01,1.136318968282438213e+01
6.341950202537023351e+00,8.597942187639439737e+00,9.386668604032653462e+00
2.805840730771779423e+00,2.938657202358566423e+00,6.591270760717273802e+00
5.123265983688114922e+00,9.506043269936689910e+00,1.288865583043364182e+01
7.604744561724483987e+00,1.022394840748288125e+01,1.395128046368812669e+01
2.174366127282190586e+00,2.927611748184638429e+00,3.191421436922105670e+00
1.197679834064974358e+00,5.543997503186073317e+00,6.471296501486325070e+00
7.709464357238208443e+00,9.469808160170220646e+00,1.314393779013939856e+01
7.930562558856461663e+00,9.817576599958101724e+00,1.072728944887210289e+01
1.153548080843424906e+01,1.537023860223698435e+01,1.679370429527368813e+01
1.910117704969389152e+00,6.308663939680062782e+00,8.309760514619233263e+00
5.456841725878417648e+00,1.006698186826966435e+01,1.161478810098392245e+01
6.347201233435224133e+00,7.469427851830310772e+00,1.112187434873947822e+01
1.229968033338113109e+00,5.322320334515827867e+00,1.030331190748148629e+01
3.356725145667751598e+00,3.557880475454730629e+00,6.813415899590148150e+00
5.346077208089218047e+00,9.376642255293571537e+00,1.379253964359978113e+01
5.458206732645434656e+00,7.863063974676179235e+00,1.259083886846639544e+01
5.683376029511571836e+00,6.093335263921424882e+00,9.992428842529644584e+00
4.669820342485606623e-01,4.455168909216205897e+00,6.396840050787593768e+00
3.217662404167302981e+00,5.108880393930613550e+00,5.684199255078690172e+00
-1.432499734629217869e-01,4.159460637344483125e+00,5.638554426470452796e+00
3.638645190782408001e+00,7.747122615092302489e+00,8.196109117753081819e+00
7.116770834438446158e+00,7.394525496915035134e+00,1.197028902335991596e+01
2.050772246990936853e+00,5.234067153868013911e+00,7.787565996985978956e+00
1.646411140683028407e+00,5.510824609408761177e+00,7.644132421969424662e+00
1.178877876313762840e+00,5.492823361187479492e+00,9.564468446078404185e+00
9.627713624366016631e+00,1.281456403549571910e+01,1.460852509276132061e+01
4.193587569203396370e+00,6.562131620273116361e+00,1.126784898984519145e+01
3.593944123684350345e+00,8.008268246705512183e+00,9.143504962925867119e+00
-3.240929270681583318e+00,4.750762891381308251e-01,6.017154874559635935e-01
-4.156381216147632784e+00,8.262063870387565956e-01,3.112804264771171336e+00
-3.117564652491243926e+00,-1.005996220945268860e+00,5.820523870644107589e-01
3.477877300932846971e+00,4.294229344833398798e+00,6.560237119238551351e+00
1.311220339537229940e+00,5.941705077533437240e+00,8.045989654178494987e+00
6.000285410745108905e+00,7.644302270104432750e+00,1.165068343950491681e+01
7.364189600358406196e-01,5.027507168431641027e+00,8.560988183504569804e+00
6.223014001913584892e-01,2.087743243012154526e+00,2.695917702128966198e+00
2.997136743576014339e+00,4.241403638730162129e+00,8.446163520510292955e+00
1.463771881393003849e+00,4.346256617199593997e+00,6.434934275796891257e+00
-2.201910715092347370e+00,7.776752122987700133e-01,2.385721324551581368e+00
4.163889202880409535e+00,4.366574570026022784e+00,7.381782057181289325e+00
4.540418478708889261e+00,8.295953342199156921e+00,1.317380994714925180e+01
-5.136473041345999135e-01,3.250296413289861075e+00,7.766699018075632566e+00
6.044725326570282498e+00,6.062453040447998376e+00,9.872095456276003489e+00
1.428864105968279397e+00,4.698276081507867907e+00,9.624381454027972183e+00
-3.423153981306647609e+00,-4.375084607697283801e-01,2.126792614065000642e+00
4.272468804061681169e+00,7.003594258281316876e+00,1.025686580281182536e+01
3.924834736581930716e+00,4.250820495253337938e+00,5.074010453673172272e+00
-5.608509636289147338e+00,-2.948842278560804164e+00,-2.293912190690945430e-01
-2.675061545537901431e+00,6.393197213862409356e-01,4.016110003789792771e+00
3.036012342974298228e+00,3.722960283852480678e+00,5.795587781792905346e+00
-3.666649870393012822e+00,-1.901897177399112682e+00,5.323341491771289569e-01
9.813434248784580483e-02,4.354057930277601685e-01,7.984878493096383423e-01
-2.026748004512969992e+00,-2.096215034280604073e-01,3.669218218812995147e-01
-2.518543364576772969e-01,-8.518316307095519235e-02,2.273140232703894537e+00
-1.100984608052761438e+00,2.238208455659826956e+00,3.701836593076477389e+00
-1.519358101300018582e+00,2.543515822151068306e+00,2.671052042070649613e+00
-1.593761271496282550e+00,2.404747922708974528e+00,4.750790419536508935e+00
1.998791848544363425e-01,3.148401986333275282e+00,8.072225119509448987e+00
2.829823488057736203e+00,4.637792054728390845e+00,7.151552745364345043e+00
1.097806901787103939e+00,4.025890560473744273e+00,4.891133188056439707e+00
-5.153702631327484518e+00,-1.955169364360912709e+00,-1.453558286364136309e+00
2.054788694581588082e+00,2.849445764687600580e+00,6.555655566177162719e+00
-4.766215803279359342e+00,-4.404333770361029465e+00,-3.864647268610227115e+00
5.252934595716460819e-01,4.524850452913023346e+00,7.857149716092133751e+00
1.184686949754201857e+00,2.880070924853532333e+00,6.740356600508609297e+00
-1.540249397755312444e+00,2.633136887251779079e-01,3.669066361859004033e+00
-5.014430566641911113e+00,-2.450787912864441420e+00,-1.446008506968930796e+00
-1.129872672595535477e-01,2.512173100331268838e+00,3.794376110258620649e+00
-7.154101468069912428e+00,-3.949024056030180585e+00,-3.441005071191281850e+00
1.802097884770831993e+00,2.438267104359991944e+00,3.540600624377086447e+00
-2.667939681636848803e+00,5.261135606029005984e-01,1.587277028192850548e+00
-5.688328015046256958e+00,-1.485067898353555904e+00,5.264912530337668706e-01
1.087698961995874347e-01,2.675124320371995434e-01,5.110846872230667692e+00
6.841501220701111663e-01,5.671020576946586900e+00,6.424114765559616025e+00
-8.167616297689132665e+00,-4.397814243042497573e+00,-8.302685834219225569e-03
-1.434228626549987506e+00,-7.521615214648869063e-01,2.627083360351494701e+00
-6.665567521291575481e+00,-2.137490346391761165e+00,-2.089129707332059827e+00
-4.587795951943038020e+00,-7.613629739966141230e-01,9.054408484797207279e-01
-2.897342370824239843e+00,-6.349265859595598638e-01,4.169113095456357776e+00
-1.609334996146633223e+00,1.792591047990065967e+00,5.597988593913920674e+00
-9.876120925862844402e+00,-5.038783199003310287e+00,-2.040425426270210174e+00
-1.319339005816612342e+00,2.394150057262652620e+00,7.112703426594356060e+00
-6.209965317075052837e+00,-1.825285029405362414e+00,-6.822242598924017631e-01
-1.233803534270896129e+01,-7.504501017445900146e+00,-7.053787527039083294e+00
-7.433407620793841097e+00,-4.057607535693525946e+00,-2.156939453258875261e+00
-4.613130307582821388e+00,-1.475652061214537403e+00,1.114074831350941652e+00
-2.161646375563636369e+00,-9.629007586700728538e-01,-7.132875386481281055e-01
-8.000534816501790658e+00,-3.111585702872945003e+00,-2.479854033151901227e+00
-5.564690301875204526e+00,-4.130277245345013171e+00,-2.718547800489372612e+00
-1.957714706923723291e+00,-3.326422945135876219e-01,2.125425472744691291e+00
-4.669923483432564026e+00,-8.283258110437468069e-01,-5.374898196052806387e-01
-7.753668470482999453e+00,-4.299975004701126480e+00,9.456369195833502772e-02
-6.844017553874673254e+00,-5.820769756621179347e+00,-1.930584994364909157e+00
-9.313482698916992319e+00,-7.360034744835792786e+00,-7.252460511717515601e+00
-7.367144703948264706e+00,-4.135366212780501982e+00,-5.856357990049225748e-01
-3.266426475337817159e+00,1.572758815940321853e+00,6.514247294049413384e+00
-1.302887114906550181e-01,2.441276715509696160e+00,7.265145413336180802e+00
-1.251206148559818132e+01,-7.651602862551798445e+00,-3.261819858418625095e+00
-2.581211959305639958e+00,-2.000140960464560358e+00,2.245759225328315623e+00
-4.950722667150403211e+00,-4.499753770061584390e+00,4.550844671917788631e-01
-6.282518756831529494e+00,-2.742171828318804572e+00,-1.206068057143176553e+00
1.430151789395962325e+00,3.937558120337725676e+00,4.718343589178132902e+00
-5.981465244395072212e+00,-1.230398669937105893e+00,2.494544468541501026e+00
-2.590296773988814305e+00,-1.352903755050682832e-02,1.134112909788048906e+00
-7.962668153271731164e+00,-7.540390988965869568e+00,-5.931912792841448123e+00
-1.513181546818477230e+01,-1.130210030005364708e+01,-9.859538300100400221e+00
-6.532655560403245687e+00,-6.000926155128865069e+00,-5.559999121360244878e+00
-1.245854409988204736e+00,9.438650858790280651e-01,2.553569182768443024e+00
-3.329198852890351557e+00,-1.194144276052864662e+00,1.126130127928423263e+00
-7.099056692111688882e+00,-6.484737406410113536e+00,-5.554174572862300430e+00
-4.755822658239449829e+00,-3.738005601963084512e+00,-1.708352014751475689e+00
-9.226965447016381106e+00,-4.775328298079162259e+00,-1.411322894256282101e+00
-1.241735009858452798e+01,-9.584147409827654229e+00,-5.752379735431881969e+00
-6.018874687668489543e+00,-4.846683662321893848e+00,-5.768036057481955581e-01
-2.091620305558922865e+00,-1.774779016651115704e+00,-1.067512160372630081e+00
-8.643060483885541601e+00,-3.727818884466696403e+00,6.907756214189229027e-01
-1.394512909509206011e+01,-1.022710244060164797e+01,-5.825948712410692565e+00
-1.242332586713859754e+01,-1.177474518722231522e+01,-1.012000979409015144e+01
-5.886119120094469359e+00,-1.443331177728410353e+00,9.461357471043601031e-01
-9.097807941121921260e+00,-4.351048884150964469e+00,-2.965074950114429342e+00
-7.359243081406734888e+00,-2.496058611622445689e+00,-1.373469264002302737e-02
-1.832791516022453493e+00,-7.962923085778346177e-01,3.141516104767633877e+00
-1.077502101917000132e+01,-1.014567813216596726e+01,-6.389535160431409011e+00
-7.559608643576345877e+00,-5.241207301153708364e+00,-4.669988098714704883e+00
-1.048730009372031979e+01,-7.575282272869870326e+00,-5.673082827674708284e+00
-8.718297786705452523e+00,-7.209163440592636363e+00,-6.544175203021439735e+00
-9.228377599452052493e+00,-7.961003127981914673e+00,-7.319605417863455088e+00
-8.422433094701681000e+00,-8.358367838713308018e+00,-5.019810915190495493e+00
-1.008363995077592890e+01,-8.399242593170717086e+00,-7.465077307303475074e+00
-8.465507426917366018e+00,-6.213724209147378552e+00,-2.584008736232555226e+00
-8.456644672385325023e+00,-7.575981344729788347e+00,-5.591499116151464222e+00
-6.316799554925589533e+00,-4.215511973410331237e+00,-4.080221321502152776e+00
-1.067977296554067479e+01,-1.043979261777474932e+01,-9.397523732656365425e+00
-8.795981696236530922e+00,-5.905336803997367490e+00,-3.458583294707528566e+00
-1.272511608982211406e+01,-1.122718494202973716e+01,-9.847551688433682671e+00
-1.070624489200096541e+01,-1.020876501335794373e+01,-5.997312489387688572e+00
-1.115245150493564630e+01,-8.037654987785726846e+00,-7.978111624114880840e+00
-1.272339030560121742e+01,-8.254425748272144148e+00,-4.489607266355411852e+00
-1.086345857470488596e+01,-6.673583973372693379e+00,-6.507613822280984728e+00
-5.725653026055191219e+00,-3.982172459332172565e+00,-1.950357747137852815e+00
-5.293715887010609578e+00,-4.272566702685645090e+00,-2.835538870872422734e-02
-1.211476529058617402e+01,-7.968371893688713570e+00,-6.979912901228058075e+00
-5.769643923817281639e+00,-2.347265913581328078e+00,2.194454252356750068e+00
-1.253577367327093661e+01,-9.644852251944946886e+00,-9.172437917372327831e+00
-1.119706416884590361e+01,-7.915720832861131484e+00,-6.479648326181285611e+00
-1.188325845498960831e+01,-8.453369900485038002e+00,-5.781512517485047908e+00
-9.884268548835851931e+00,-6.052611610727019809e+00,-5.995862247416203772e+00
-8.846988193320957095e+00,-8.585298431275075970e+00,-7.240086331952516829e+00
-8.777984790336565979e+00,-7.938512743995355336e+00,-4.727901230531561971e+00
-7.901013708630863164e+00,-6.955792095861788482e+00,-2.352341546306536024e+00
-7.277969641010192170e+00,-3.815372546348155147e+00,-8.037749811736318861e-01
-1.371236327405399891e+01,-8.807695952490123048e+00,-6.324210912300331167e+00
-1.051509543923085488e+01,-6.415565166728836033e+00,-4.657572588707001415e+00
-1.199643790664137910e+01,-8.786374034991979443e+00,-6.265658157719656174e+00
-1.035466970450290702e+01,-6.753236952114661129e+00,-3.942065341330958983e+00
-1.336925684133793268e+01,-1.241421674541422426e+01,-8.449649835459419833e+00
-6.975085586212158795e+00,-4.668755026983538947e+00,-4.532768883588425446e+00
-1.438234392892675118e+01,-1.008608849390496331e+01,-7.382994432409770269e+00
-1.259865441082768456e+01,-1.166714496112608401e+01,-1.143562235623918788e+01
-2.901190874615048987e+00,-1.670470190864490334e+00,2.007316634274650902e+00
-8.152628083509696921e+00,-5.204737196113509157e+00,-2.033500327393555906e+00
-1.281529809503218686e+01,-8.816577611854160779e+00,-6.912672777878139385e+00
-1.255186460573916030e+01,-1.181279129669703032e+01,-7.152002718307970852e+00
-1.021955791778126965e+01,-5.501041240228068396e+00,-4.671731839476981563e+00
-9.090700174026904890e+00,-8.333824649727267442e+00,-5.737926730025815658e+00
-1.079266267612085173e+01,-5.872452369927867011e+00,-5.371189091706709995e+00
-3.101343827363101546e+00,-1.474013667989049203e+00,1.602145384094830316e+00
-1.018163041316514139e+01,-8.823053172456670978e+00,-7.417235467863028120e+00
-8.960103315232375465e+00,-6.609887031214090491e+00,-1.810919564874435395e+00
-1.412578264243297710e+01,-9.661796188080757020e+00,-7.991168749121925430e+00
-1.471426915952342895e+01,-1.028338462957247756e+01,-1.000992635776176876e+01
-7.426693586914609568e+00,-5.483884218257928822e+00,-3.810436962458527699e+00
-9.834123294889421274e+00,-9.607096117170117466e+00,-6.155911645927872655e+00
-7.628155670723280046e+00,-6.692725830053150915e+00,-2.421251371015737952e+00
-7.484739513754714579e+00,-5.770276541920834390e+00,-3.609570681439051576e+00
-8.746672891477766498e+00,-6.464483091726004993e+00,-6.185700538062198106e+00
-1.432254910910322288e+01,-1.257166561575263941e+01,-1.178823846507783202e+01
-1.322762475020425121e+01,-1.296863048810195096e+01,-8.732966494749565101e+00
-9.581939604550299805e+00,-8.448682628270193007e+00,-7.440228011371681660e+00
-1.177507023620997018e+01,-1.022297705592646544e+01,-7.993369790862304924e+00
-2.340293942800125038e+00,-7.556969362737220308e-01,2.078209659703229129e+00
-6.430820589357703732e+00,-6.199477634842551765e+00,-3.217107812487882690e+00
-8.426330355789160009e+00,-8.200561707553960744e+00,-5.193212364792216817e+00
-1.062450218355959564e+01,-9.275307362455775362e+00,-8.944469225599949169e+00
-3.279395999196522027e+00,-3.076973745197795651e+00,-1.509733732952471819e+00
-1.444013644537779584e+01,-1.057660442217280305e+01,-6.914109346292215186e+00
-1.054278158111663188e+01,-9.303331473965862131e+00,-6.061927505860344567e+00
-1.179932165910327058e+01,-8.053737424277930046e+00,-5.079100390975789914e+00
-5.169124213190949391e+00,-2.962722810305394638e+00,1.623970378525301683e+00
-3.308806097742970742e+00,-2.856802147568250128e+00,1.978766157238931456e-02
-1.075387634429329964e+01,-7.083213628035191611e+00,-3.562770271494849705e+00
-1.628289796007624801e+00,7.223281230546687581e-01,1.229841434160746427e+00
-3.789039451627253197e+00,-3.174873836550928363e+00,1.324096497465399924e+00
-9.680546648660605769e+00,-8.451680980686683498e+00,-6.450317726259624962e+00
-1.363415085014446682e+01,-9.602411666921499389e+00,-6.716686102491318699e+00
-1.186253113043284912e+01,-1.085077696773989686e+01,-7.483283623053944567e+00
-9.091107600356931329e+00,-7.533652424103490119e+00,-4.276163458035758147e+00
-1.228158245841141039e+01,-9.374343910053266171e+00,-8.451753028389290989e+00
-7.513252652709384805e+00,-5.233080574991321399e+00,-4.338476406738163149e+00
-8.303740664741328104e+00,-7.826255743020738009e+00,-4.532654156493538089e+00
-1.789649558291439035e+01,-1.361745986755491700e+01,-8.706262601606884033e+00
-3.036203998348378619e+00,-2.951583435055173954e+00,-2.429033708960036009e+00
-7.261891243028622434e+00,-4.394547820947575012e+00,-1.204585232474877809e+00
-7.897171637965592517e+00,-7.013964679735725127e+00,-2.764990274725054320e+00
-3.267970662024762607e+00,-2.090714471411317277e+00,-1.233175037990164480e+00
-6.810839847648928469e+00,-4.045469689650525780e+00,-4.042826682983030828e+00
-4.126993914365864491e+00,-3.810368473329899253e+00,-4.153568454196641113e-01
-5.334699821202702807e+00,-2.134106910333754215e+00,-3.159200492913605274e-02
-3.861765180263625474e+00,-1.523445061934744160e+00,3.488689812963876591e-01
-3.161492233748637748e+00,-9.319971344394932800e-01,-7.064718331291329756e-01
-3.032074422991983820e+00,-2.738216697470745586e+00,1.010966249990543186e+00
-5.364446591416133003e+00,-4.957408469931229966e+00,-1.573664218571732221e+00
-4.855189773662379693e+00,-2.752804442325675449e+00,1.752337975335332754e+00
-1.077833432715193496e+01,-6.665843388039600192e+00,-1.869377145738285506e+00
-7.346813475387445891e+00,-4.055079138025568852e+00,-3.861334007098819576e+00
-4.722030573276363441e+00,-4.317845851560050185e+00,-1.296793061624791576e+00
-1.147985652415902180e+01,-6.787115407898985708e+00,-3.044316948073932050e+00
-1.291869069596083719e+00,1.548041047713832441e+00,1.734310054000720580e+00
-6.979935959266619250e+00,-2.994273366702193240e+00,-1.121854142500433138e+00
-1.052947147998960453e+01,-6.302031533452650436e+00,-4.759762258021049242e+00
-1.329840743532176361e+01,-8.663113532371390590e+00,-4.974129088717427649e+00
-1.058369062714135467e+01,-7.477142225623852667e+00,-3.568510372813362252e+00
-6.993052138215511526e+00,-4.229811312902633347e+00,-2.368717222799114008e+00
9.948813423882429952e-03,2.761249349987155988e-01,3.210102567810587892e+00
-6.368762564420348049e+00,-4.336419348245057037e+00,-2.918291064668083301e+00
-8.842180472537235492e-01,-6.016069095851532822e-01,4.287205417879792257e+00
-1.634399898867636036e+00,2.973819889275498785e+00,6.616907929885854855e+00
-4.025389648325305103e+00,-2.423338947794890341e+00,2.069871093089573844e+00
8.766841790965027581e-01,1.601891303350136742e+00,6.575529049111834112e+00
-6.060439531196019303e+00,-5.264294084923918149e+00,-3.853399397133358217e+00
-4.262865690524044737e-01,-2.362595769418065483e-01,3.302830078410737835e-01
-6.375218783070824458e+00,-2.317429215158416600e+00,1.779568557415106778e+00
-1.304175831990551870e+00,-7.350802828029923131e-02,7.295477648271642135e-02
3.397002063647192038e-01,1.531235080382445268e+00,2.119121435631642125e+00
-5.693084814597112242e+00,-2.077302362846529693e+00,-1.322100043070650877e+00
-5.790330309523922026e+00,-4.665960051792648500e+00,-4.029894043309503182e+00
-6.254919885566041060e+00,-3.732639962400548850e+00,-2.085822816593165818e+00
-5.748994441848758186e+00,-3.857887928543920708e+00,8.509134967858971166e-01
-4.645339141098479452e+00,-9.719474605140900891e-01,1.927771696136299173e+00
-1.360488594585817834e+00,1.349523940138089573e-01,3.337480208469602250e+00
-4.871810618227764067e+00,-4.348488174207218115e+00,1.638151083554451048e-01
-3.929697661731678338e+00,6.477473008238170404e-01,5.523994416512230998e+00
-6.218495088247554037e+00,-1.755970366916802750e+00,-9.821450557759936473e-02
-3.436988250523976607e+00,6.109678027872882389e-01,1.519964711772608279e+00
2.076428260083492017e+00,3.767566045055213309e+00,4.731839754602047421e+00
-2.005600601758285695e+00,3.457358190078374527e-01,1.246974756405238027e+00
3.428511752279219671e-01,1.909599179447461825e+00,6.040639290839747488e+00
9.800913543196050348e-01,1.741957704519720540e+00,6.602140231588409236e+00
-1.333536016201094299e+00,2.012429947290640619e+00,4.226331863629974706e+00
-4.576013201420700227e+00,-1.149522168621329721e+00,2.951366090468555470e+00
2.822224022395755760e+00,3.129406431715588521e+00,3.470854227223900690e+00
2.825175445970127264e+00,6.533137576659989065e+00,9.339315277182887343e+00
-2.454289596920286254e+00,1.372279688521502727e-01,3.397073418098975228e+00
-3.665458077970018103e+00,-4.846595687722379253e-01,2.434880138417637507e+00
3.861983536459458577e+00,8.476787574679969239e+00,8.987847598648951220e+00
-2.724976342442163801e+00,-2.218215343011046059e+00,1.789667489152654944e+00
-6.976426399482349439e-02,1.505782665631418382e+00,3.610818427603381231e+00
-1.904991965992151481e+00,1.721986237404275588e+00,2.603449183241853149e+00
1.587362407153706023e+00,6.100769406476159951e+00,9.864863943830897597e+00
2.592020811288696436e+00,2.643889787926158697e+00,6.188678566646169443e+00
1.436028137385693793e+00,2.999926205103923493e+00,3.159814068932142117e+00
7.373894875850419695e+00,1.070103279009335928e+01,1.495334587616840949e+01
1.042839440436497345e+00,4.905962588833443050e+00,8.582604348304966990e+00
1.139731281670382401e+00,3.300664165212903178e+00,4.577921801291868320e+00
6.848591374451943992e+00,8.178084729429105693e+00,9.036024904802582469e+00
1.544065155113625076e+00,3.248161003894472820e+00,6.987721070541986990e+00
5.098235606671854825e+00,6.288174408595808451e+00,1.040390782219229493e+01
-1.182000255143283773e+00,3.026828191625634545e+00,5.365424360216807464e+00
7.578945272792614318e-01,3.148773154028990717e+00,6.836382491561061592e+00
2.530088076836211286e+00,6.989338575654047148e+00,9.656039910949875349e+00
7.556156693631451482e+00,7.771045879577791027e+00,1.012340939288021247e+01
5.839277073856392164e+00,9.826336056746452385e+00,1.044190020646491135e+01
5.337376044534410724e+00,6.244334922856504377e+00,8.193439611815126256e+00
3.044598673105941788e+00,6.012009672353856082e+00,6.763536300395312395e+00
6.239300008835851230e+00,1.003320588659136803e+01,1.102272302392180947e+01
2.291247385458276664e+00,3.636393760577244727e+00,6.915760938500087107e+00
5.980346418956806076e+00,9.777906539608871128e+00,1.360024305843121084e+01
3.763729536679283783e+00,8.295934593467787721e+00,1.244886843198089110e+01
6.874195435209414562e+00,9.031226174361972170e+00,1.047670514552899768e+01
1.459018825344678305e+00,5.087157904351270687e+00,6.394874439760963369e+00
7.623376908721312795e+00,1.040008144096954190e+01,1.368620888464290530e+01
4.072454325912747919e+00,4.368793884521446458e+00,8.168082700149366104e+00
4.439532402552293533e+00,7.449450831082311097e+00,1.070271076067242433e+01
9.170319289407096619e+00,1.025065375260325951e+01,1.361725235928774502e+01
8.540964707749473916e+00,8.637911572933566262e+00,1.354265022870333013e+01
7.143872524421720271e+00,1.090737465532585304e+01,1.465942709163968871e+01
5.241265561688579488e-01,2.945050891134874504e+00,6.873806361929576170e+00
4.218592039737526278e+00,4.840168616264956647e+00,5.727947704049942246e+00
4.101557048541637940e+00,5.491593625642970267e+00,6.400009042126968417e+00
6.809786068110729396e+00,7.141972475226239681e+00,1.107013959380642731e+01
7.936292408762538386e+00,1.165932652592494634e+01,1.643959470154899805e+01
2.429110627949289558e+00,5.265168352794315609e+00,6.368102790398274315e+00
6.916634774114942985e+00,8.275221981683555939e+00,1.057161361963783364e+01
-2.343610436569492084e-01,1.333934224762313825e+00,4.913263037481001128e+00
1.122670244303426301e+01,1.446691799469242667e+01,1.759275880270185155e+01
2.826703385058565221e+00,4.889058483244362208e+00,7.022721268763913116e+00
6.207518288988010724e+00,9.256131745745294737e+00,9.939976282566966859e+00
7.542965522328513472e+00,9.584909491863687236e+00,1.038097956215616335e+01
6.746973388728696008e+00,6.996219442428555979e+00,1.198140473763883307e+01
5.983399671836185263e+00,7.329672403405337988e+00,7.524455903380993682e+00
1.037684543054899322e+01,1.186620284175214834e+01,1.340821773200493183e+01
2.279122979394316850e+00,4.357744920486529061e+00,4.842886905891066185e+00
9.626255546408883035e+00,1.010334221205802230e+01,1.058332878861066462e+01
3.513821637532488662e+00,6.050140069914191621e+00,9.720207871453737880e+00
5.704567775023797083e+00,1.055314692635711182e+01,1.218590247381327174e+01
7.946621527598956902e+00,8.808105065862251948e+00,1.046946549723344511e+01
8.809197733003447439e+00,1.323239772990817009e+01,1.493080615169881220e+01
6.467066749179192442e+00,7.306708711555340408e+00,1.086457081260811464e+01
7.776749165695037824e+00,1.018569853107772438e+01,1.053015625402207966e+01
1.721591634291764095e+00,5.682973648990444104e+00,9.390226266637007768e+00
1.285524282199541091e+01,1.386207165260062446e+01,1.568926466163404321e+01
7.842867737303855336e+00,1.150811126512029681e+01,1.482765833783138198e+01
1.066985814626942464e+01,1.093505404542600346e+01,1.173250597654565297e+01
1.104655178877530730e+01,1.564031461201768813e+01,2.003870036056719783e+01
2.213584088739905198e+00,4.262843333323264261e+00,6.614061135038862282e+00
9.145773203369270021e+00,1.078228321627308972e+01,1.165955773623979574e+01
1.071962456869712277e+01,1.099797825752664693e+01,1.500815199940773148e+01
-3.109460120326978938e-02,3.395946668637574106e+00,8.305990635202762817e+00
6.750117256607498284e+00,6.932996140348185676e+00,7.504755793927678553e+00
3.429185519010403915e+00,6.910110822593801494e+00,1.092421151505636701e+01
4.146372970882666209e+00,7.033295959060984259e+00,9.360208911665500509e+00
4.849439196424635057e+00,6.554333196297831066e+00,1.011211011569911911e+01
5.751887728501618113e+00,9.270352519044960715e+00,1.092502536084229625e+01
4.384401751603212993e+00,9.371940921989347473e+00,1.331566043997182192e+01
4.909798360816004958e+00,6.971491347870871991e+00,8.682139509238634645e+00
9.890066419072011783e+00,1.065658544322893597e+01,1.543862258901812190e+01
7.768188177759728141e+00,9.090228274298524980e+00,1.390890450635246012e+01
1.028819704637901289e+01,1.500539979443718153e+01,1.969977844046368531e+01
1.269829576596290899e+01,1.518165605086679548e+01,1.554243976386791459e+01
1.024794535085238678e+01,1.135833665344113719e+01,1.227262414150811765e+01
7.258085120638715360e+00,1.072147832651203281e+01,1.224872107853208192e+01
4.318000823533169275e+00,8.038720887163105289e+00,1.164205181872276995e+01
1.018780802016221543e+01,1.019383755527379698e+01,1.119272931924502146e+01
7.801698604094023715e+00,8.575303711773864634e+00,1.102750742328994527e+01
1.354598026486197249e+01,1.432701155889027334e+01,1.887558243814995507e+01
3.536259237876745232e+00,6.770173963833546971e+00,7.003599256147588825e+00
-1.369979037696074542e+00,2.836218099108169355e+00,4.745696113846626929e+00
9.877297979211034473e+00,1.106963199506866324e+01,1.542887807194972183e+01
1.124698880355656527e+01,1.149431677833345411e+01,1.161848102193142296e+01
1.034707758850326087e+01,1.514964901135883224e+01,1.593890855128982231e+01
6.299534743659890523e+00,8.508312691605166123e+00,9.737179786440261609e+00
9.280036802433254906e+00,1.196085433611658289e+01,1.560707221657965604e+01
9.511533935011273755e+00,1.065433517902934568e+01,1.360201503433045289e+01
1.019343105821356232e+01,1.333244045431224656e+01,1.775029272298186100e+01
1.074523011906294201e+01,1.243527555261013617e+01,1.316206546877238814e+01
8.310210120070298245e+00,1.250719556551131895e+01,1.429745410575550579e+01
5.135018589527615696e+00,7.433198929126922927e+00,1.127329713439684511e+01
5.494919480105071585e+00,6.993110962654558449e+00,1.063026521067526886e+01
1.083598405685686039e+01,1.135317354346534202e+01,1.333113946752783008e+01
9.872914804368107866e+00,1.087451681997004194e+01,1.407033874410260132e+01
8.722531832821687203e+00,1.118190964666214171e+01,1.604590553460759139e+01
2.222922439771982006e+00,6.956187892817511376e+00,7.739036262244746389e+00
9.399596363634907803e+00,1.284449417389528136e+01,1.318426402530298880e+01
5.079316159905299166e+00,1.007349728990013560e+01,1.117303418333277776e+01
6.269991531581286637e+00,1.119873378648656370e+01,1.439675221551803830e+01
6.610308654429030817e+00,9.804085341762901251e+00,1.219182432769865798e+01
1.170879843201002402e+01,1.466071265702342430e+01,1.593879926552579462e+01
7.406607559827296683e+00,1.020881537244328818e+01,1.443086744126312659e+01
5.721125454214970318e+00,9.097472266738478197e+00,1.102303952827799627e+01
2.786936529008956498e+00,5.260931536722685209e+00,6.977657553728142226e+00
5.989065339379024522e+00,8.871973917938262844e+00,1.128746162801721553e+01
1.350792159168613971e+01,1.497114673737936741e+01,1.693172061160089470e+01
4.098430261106435601e+00,7.597406002290561844e+00,8.728594850476790512e+00
8.995286480380698890e+00,1.127467595652477073e+01,1.442223879373291950e+01
6.278051989548846024e+00,7.681771696139208849e+00,8.254803745884572663e+00
8.238423165868869802e+00,8.287794824333602151e+00,9.264296243976307466e+00
5.175854457336596326e+00,6.610933877681196336e+00,1.063800839434922096e+01
6.287020271292151463e+00,6.903313243834389823e+00,1.058985410087737478e+01
9.295572024659630728e+00,9.853440881759230052e+00,1.125074886991919421e+01
4.072827449865196847e+00,4.824636451581510777e+00,8.707632345565297527e+00
8.619418457140382017e+00,1.068252887289341757e+01,1.381054008381923737e+01
4.250321357717879778e+00,8.307907642026995276e+00,1.217834131550546140e+01
5.047205252538414122e+00,6.738903524488014440e+00,9.224533612820019712e+00
1.177017048911099195e+01,1.214622179082972231e+01,1.413040254171478516e+01
7.903969304705007914e+00,8.975122381971800678e+00,9.491758341533770960e+00
3.925419379112365714e+00,7.064913968393303989e+00,1.064901339559063054e+01
5.463357270844456437e+00,8.147843750877168389e+00,8.303420086515099996e+00
4.882735690695062303e+00,8.928478108162858362e+00,1.233023557829656447e+01
2.651012512149367062e+00,6.195963647181835121e+00,9.211438680776607768e+00
6.046048833653090426e+00,8.233080805688262060e+00,9.984923132913232635e+00
1.294303049691631458e+00,6.189651141821058467e+00,1.021498837433774831e+01
5.575828187595644359e+00,1.054612419697116898e+01,1.512529171126639227e+01
1.577081554002795816e+00,5.127179408966501484e+00,6.555670505018661665e+00
8.636516263302334906e+00,1.047204389701910898e+01,1.163260187447464311e+01
4.180242007308461183e+00,7.581265530787985263e+00,1.000550052351036712e+01
-3.342619488302572606e+00,1.170020080365556048e+00,4.151377369621438440e+00
9.192176132999335891e+00,1.228550610621648609e+01,1.436571363548133995e+01
4.144818071448105101e+00,5.875098801468924492e+00,7.150356349967537106e+00
7.502922428031997271e-01,4.794962000326135509e+00,5.987073530187373649e+00
3.800395733778819007e+00,7.866031622571016513e+00,1.284513634877288624e+01
3.877150508137743756e+00,5.757750733776292762e+00,1.051617753057497495e+01
8.811221193228409021e-01,2.264093829788779821e+00,2.654341812516754828e+00
3.345621944829249905e+00,6.855778571054877091e+00,1.076898826922989549e+01
9.233160218542595388e-01,4.998400849598906071e+00,7.279083098227331128e+00
2.844760072748484525e+00,5.693727227461634399e+00,6.444133205707038847e+00
-9.383070987686603637e-01,3.835129355404816476e+00,7.354895387383735716e+00
5.436793253226946732e+00,6.234448629114265117e+00,6.896205715637847788e+00
6.899210906078116601e+00,1.179617261285447682e+01,1.676642529652319524e+01
7.066031390638159770e+00,7.871045536097145856e+00,1.244116650098074928e+01
-1.942745262553527752e+00,1.076503067656114254e+00,4.214713528688951882e+00
7.095941072941897687e+00,8.262947368171996487e+00,1.323046589602941125e+01
4.056935134345827976e+00,6.961463627205368709e+00,8.996766378616612769e+00
1.634901848475385666e+00,4.537561641947969626e+00,6.261828157610731083e+00
6.556021159086587780e+00,7.728788727899432942e+00,1.224716233667347431e+01
3.378790781795667719e+00,7.814039692358300648e+00,1.091187947984479933e+01
1.851658357263739951e+00,4.910448777461917658e+00,6.427133211190291462e+00
4.036232657658583634e+00,4.856223312246934931e+00,8.136756161924559194e+00
1.646439971970811822e+00,2.813497743800072559e+00,6.479859514482585681e+00
4.959414486964154101e+00,5.383737748154924674e+00,7.260262907400998778e+00
-4.363174085150629544e+00,4.555662196692367161e-02,3.173037864800295704e+00
6.509103497609335598e+00,7.769761152643340552e+00,9.350766916389286365e+00
3.231716334324750584e+00,7.954523118473231236e+00,9.019833062005082169e+00
6.287127261825897762e-02,4.868271979220412327e+00,5.712606916685621705e+00
6.976010867008602290e+00,7.478950765508162846e+00,8.398663803911475156e+00
-8.607263173666312994e-01,3.860374844924454152e+00,7.479671080089557833e+00
2.301981656133738952e+00,3.384811555841864106e+00,5.290994511810016121e+00
2.607711273843662525e+00,3.577938636642757686e+00,7.604960409683338973e+00
-1.619369328914603834e+00,1.792376522002138373e+00,4.119275110164867471e+00
3.382939699770080466e+00,7.235378929328694753e+00,8.971595583187577105e+00
3.160119628625986277e+00,5.615541267516295676e+00,9.832723273812906228e+00
9.628485452583603887e-01,5.273552222198860662e+00,9.339024013516045386e+00
4.348572056398204211e+00,4.932347546859054077e+00,8.772228865168564482e+00
2.406435334983379803e+00,3.162716428666292323e+00,7.533155472211960024e+00
-2.120852760002290616e+00,-2.117619048721383734e+00,2.224844861627802040e+00
-4.711925041494545496e+00,-2.757422340510702785e+00,8.987981516579859331e-01
-1.627400498799584261e+00,7.717444209355284190e-01,3.510253494560665821e+00
-2.260027521309216691e+00,-1.931518615495807945e+00,1.005227250830998065e+00
2.247747565310589390e-01,2.195732512985290263e+00,5.015633619035368085e+00
1.027372528601867785e+00,4.475056525039698307e+00,6.878147101487636306e+00
-2.732227661772168137e+00,3.518874378160785632e-01,1.360608293257692392e+00
-1.686762518943464073e+00,-1.628814233989270166e+00,1.182313511521634330e+00
-4.502621712324364367e+00,-3.977086719008982030e+00,-1.908517598129349402e+00
-1.334518010122745579e+01,-8.566183836396266571e+00,-4.063901306474754449e+00
5.903907443330602689e-02,1.336821520137712049e-01,2.791040487662750369e+00
2.585212873359878483e+00,4.325263001821879172e+00,8.305975050612406818e+00
-2.884385575117704104e+00,3.191328401504595069e-01,2.336753867410780394e+00
-3.422651885454032872e+00,3.289137645823797529e-02,2.146819532255885399e+00
-4.456111775345007686e+00,-5.480450839717605493e-01,2.068271141331698537e+00
-8.679390979463630362e-01,8.269028331685139843e-01,3.467622212029960238e+00
-8.449345208185082612e+00,-5.122544254462768620e+00,-2.102880871894896586e-01
-4.449014270016266259e+00,-2.219197001246635104e+00,-7.637147631618468324e-01
1.291565137502335148e-01,1.470102675009233639e+00,1.985085626054911234e+00
-2.506681850731067307e-01,1.504421952593402168e+00,3.316777008448962505e+00
-5.134927119693703190e+00,-2.426489690201199423e+00,-7.543303773916514299e-01
-2.324681503311375685e+00,2.206192577584985770e+00,3.516848242787077083e+00
-7.424932710112329914e+00,-4.380020453377521328e+00,-2.247398468695602336e+00
-2.870921585912354690e+00,-2.864827365135876658e+00,6.646535139143958659e-01
3.509701960668719867e+00,3.641506583525505381e+00,8.130822504664056538e+00
1.886071225238836302e+00,1.890830530151894617e+00,6.448264175043920687e+00
-4.964537095612404638e-01,9.530565680472240508e-01,1.064176831011889757e+00
-1.014662759095359590e+01,-7.516735303969720228e+00,-7.047128731032894500e+00
-3.800367104989430533e+00,-3.337710175044020122e+00,-8.968116754484642961e-01
-9.970651065889803988e+00,-6.647747155604710301e+00,-3.215477734458483283e+00
-6.821824731901696692e-01,-4.700225930184140921e-01,3.172516036521235705e+00
-5.695688733243658319e+00,-2.236149063798082537e+00,-3.995765657910850255e-01
-5.592614078756998452e+00,-5.170763037550367258e+00,-4.023882076720807888e+00
-8.215064451815351276e+00,-4.957395951711882631e+00,-4.413155417881867493e+00
-3.878514830093117371e+00,-3.479021496262149959e+00,-1.544754912446690609e+00
-5.164116498198604077e+00,-2.952958400123683269e+00,-1.573160449082272372e+00
-5.940118784265570717e+00,-1.620411551836314468e+00,-1.084679961606870968e+00
-3.087980232905330524e+00,9.823657036878952198e-02,2.540405928068009800e+00
-1.268949899447671559e+00,7.990962969311539155e-01,4.924460634955769578e+00
-2.206415262220427387e+00,-1.187633098469844661e+00,3.501986310642166700e+00
-6.570622885095826149e+00,-6.006043535803256006e+00,-3.561674428871458353e+00
-6.438046346623635507e+00,-5.762960663683157847e+00,-1.968372170280406674e+00
2.927289191097023346e-01,5.189299688038975233e-01,2.640944140717039534e+00
-8.140710952259636812e+00,-6.545498291763495402e+00,-5.743937226431486742e+00
-4.542715695129031062e+00,-3.760700426520831918e+00,-3.653541789221890657e+00
-6.739908750581727226e+00,-2.208728039051552017e+00,-1.458439411894857152e+00
-8.233519689757541116e+00,-4.384542421448406557e+00,-1.388718711651498960e+00
-2.939242974474117087e+00,-2.775791351637151294e-01,2.061133084865010900e+00
-9.705591470104590002e+00,-7.947977408005892030e+00,-6.548027943100230175e+00
-4.915237029342422126e+00,-2.986464271096829215e+00,1.001657107590672169e-01
-7.082972824867693973e+00,-5.714372848785617798e+00,-3.957198556245968835e+00
-6.922402578301512399e+00,-2.303427641912577428e+00,-1.723008538664458023e+00
-7.302777697911338350e+00,-3.851223201169396759e+00,-2.674347876909070720e+00
-9.843956174459956188e+00,-9.317957682142147036e+00,-7.533431521542182097e+00
-5.651864469093990984e+00,-1.435102101364162053e+00,1.556064488610580554e+00
-9.574307037016243527e+00,-4.625929843998518365e+00,-3.895048684849541587e+00
-1.326390653502150663e+01,-1.122690586840001359e+01,-6.360792980193823887e+00
-9.137667146805664942e+00,-6.519592290230344034e+00,-3.677619992862987353e+00
-5.122302625957447120e+00,-3.101406361763825448e+00,5.168503867183660283e-01
-9.090138323168892143e+00,-8.465098986998869535e+00,-3.817684246609474918e+00
-1.531420056902945781e+01,-1.144430489873746026e+01,-7.931936893639878861e+00
-1.383459511091641758e+01,-9.054402126659491401e+00,-4.836155967832592495e+00
-8.205102108357921864e+00,-4.806774000149549586e+00,1.454768654382041504e-01
-1.426604339844622338e+01,-9.894441852487503297e+00,-7.413158103305404367e+00
-3.700627347752401874e+00,-6.381580494413743310e-01,3.435912070780130279e+00
-5.667449546314538900e+00,-4.807855342614972827e+00,-2.171325705767176650e+00
-5.678562111923347366e+00,-4.598613250522384455e+00,-3.065046339755293836e+00
-4.943884422340210527e+00,-2.810629863912156523e+00,-1.104447827858424880e+00
-1.570291821611029093e+01,-1.201926113178878275e+01,-9.415576969886341629e+00
-1.030274191124758509e+01,-1.018799640295118536e+01,-7.664995104349563881e+00
-1.071506510005083612e+01,-6.111700954130848906e+00,-2.909750625899540921e+00
-9.233964763085952043e+00,-5.468373519554712736e+00,-2.057947009786953885e+00
-4.647614866059483596e+00,-4.143294726608660383e+00,-7.820058773574611877e-02
-1.275933866974708586e+01,-8.122424853650004550e+00,-6.822626579310848705e+00
-8.442917882489352266e+00,-8.004991125466389690e+00,-4.314797727895255619e+00
-4.831276273250820985e+00,-4.273673474940356876e+00,-1.708152927503507001e+00
-7.029404273952733817e+00,-4.737054579321110737e+00,-8.887114663007609217e-01
-1.125886500809333945e+01,-1.046061646843636872e+01,-1.027857202384132584e+01
-1.158645113606997512e+01,-9.836393525394834469e+00,-7.719086169534328690e+00
-1.158290626083633335e+01,-1.107347842158063145e+01,-7.149538956442940574e+00
-7.554713028417995524e+00,-3.026238225558723904e+00,1.297181761298170422e+00
-6.559326859500423268e+00,-5.447942652314013756e+00,-5.144151805195160243e+00
-9.257730173214140379e+00,-5.101757744975353503e+00,-1.482757647032310278e+00
-1.056942772752983828e+01,-7.370891384483068798e+00,-4.594346599870309689e+00
-1.064394130148595252e+01,-6.666460014937817924e+00,-2.991777377826017492e+00
-1.108357853109500724e+01,-7.035351971979873831e+00,-3.718281892084917217e+00
-8.770209283141126022e+00,-7.419206818872526199e+00,-2.959093923134468618e+00
-1.491619125005707502e+01,-1.173810198345800160e+01,-9.033944483945655080e+00
-1.673876508862372603e+00,1.705722287495703426e-01,5.133674371335731124e+00
-5.710181876091510844e+00,-5.005053766422852490e+00,-2.114298376958953618e+00
-1.560543237162426777e+01,-1.395383850300223294e+01,-1.319711277262467242e+01
-6.431833453272071566e+00,-5.479979057301566314e+00,-5.683470212140200317e-01
-6.485151256420858878e+00,-5.636070452344323911e+00,-3.936701548108456183e+00
-1.182778919562509046e+01,-7.437679821484110221e+00,-7.316016094347151721e+00
-8.899125231747671450e+00,-6.860398638604986665e+00,-2.097547293202717711e+00
-1.726592463365054897e+01,-1.584005129869334105e+01,-1.543535156698739819e+01
-1.227026558834627323e+01,-1.175364815471892754e+01,-1.084486226260007591e+01
-1.009974304989626503e+01,-7.244291334860281317e+00,-3.149904897607465060e+00
-9.493500790971248549e+00,-8.573961815034827794e+00,-8.111135817052208097e+00
-1.292167403387617952e+01,-9.005844989892185737e+00,-5.852763117781571545e+00
-1.465988979812802917e+01,-1.143562528563325920e+01,-6.862011380348845613e+00
-1.403304766122107239e+01,-9.635608162052918146e+00,-8.495892554088449344e+00
-8.635965302183281622e+00,-8.454274499403483745e+00,-5.028902460815641184e+00
-1.212924715480143689e+01,-1.102366253702721366e+01,-1.094606885407806196e+01
-1.000695616330951054e+01,-8.559268888534724340e+00,-3.889506488000447959e+00
-9.354738678004988373e+00,-5.979291041846843235e+00,-1.305721359199424114e+00
-8.736343644976154010e+00,-6.934327148039706401e+00,-3.149042381015450864e+00
-9.430710364338500185e+00,-7.458966979304380907e+00,-5.860441105787232097e+00
-9.820736544683452252e+00,-9.810016777860155912e+00,-9.699277526293670348e+00
-9.105367754757221377e+00,-4.233231877824256806e+00,-3.327553791189462817e+00
-9.175652142555323465e+00,-4.872452603605035293e+00,-2.320697286439945994e+00
-1.098914396232323831e+01,-6.638634081770448780e+00,-5.326337234371284701e+00
-1.270584380902248611e+01,-1.231125759259496100e+01,-9.664463825697161781e+00
-8.275573818376479096e+00,-4.051060703303427601e+00,-3.675053961180007267e+00
-1.324014470688272382e+01,-8.544023729696929692e+00,-7.306385987387022496e+00
-1.296635606522510109e+01,-8.819291100643937398e+00,-4.573690188916825328e+00
-4.688233035434139495e+00,-3.921813155804463324e+00,-1.921936799824742748e+00
-8.652328734870446070e+00,-6.320526693679328289e+00,-5.719810168183321331e+00
-1.049938129185972180e+01,-8.139523873090281469e+00,-7.556321665741120519e+00
-8.461260369803374815e+00,-7.579288721444997101e+00,-6.096613667565777384e+00
-6.388217631736082147e+00,-5.991774881030513811e+00,-3.013789873825829524e+00
-1.122519299564955553e+01,-7.271549480894269557e+00,-2.434011459137790823e+00
-1.219289877079438966e+01,-1.136428202297969747e+01,-1.086123316657974058e+01
-9.494490618075808186e+00,-8.627711666632292165e+00,-3.900427208559954728e+00
-6.930505340334873310e+00,-5.185739727491075257e+00,-1.608752537371957558e+00
-9.062391590182329537e+00,-8.229519727626893655e+00,-6.397854677090667685e+00
-9.030587807673573053e+00,-5.382955476315335552e+00,-4.302254087691084194e+00
-1.329745967984492161e+01,-1.215608326637835646e+01,-1.074579382220344925e+01
-1.330953542304857606e+01,-1.007428534830637901e+01,-8.457280903168001629e+00
-9.277257311893794878e+00,-8.794993272953934849e+00,-5.696021688659679505e+00
-6.084683377224125778e+00,-4.718799457955626053e+00,-4.485902278629820827e+00
-9.534233411784299506e+00,-8.932664540280239152e+00,-8.081160665318174452e+00
-1.142668502391815721e+01,-9.091407890679413129e+00,-8.803733224674038738e+00
-8.490660647451745646e+00,-3.870204083717998067e+00,-1.347842086563494579e+00
-9.036834843793419836e+00,-8.216582213810134760e+00,-3.781733989706884458e+00
-9.135807586206109221e+00,-7.537862717562351378e+00,-4.823027543550947982e+00
-1.171899694619040844e+01,-8.203560870947638861e+00,-3.866705713176759929e+00
-1.205945841478263958e+01,-8.816201522553580361e+00,-5.935296554751993803e+00
-7.276767165641635060e+00,-4.396859260873263509e+00,-2.468366158180801406e+00
-9.092363905719924588e+00,-6.297684503537213985e+00,-5.464741680477622765e+00
-1.036145855542054939e+01,-8.867306014569152239e+00,-5.343310173915966743e+00
-9.733811124997348685e+00,-4.954809105685447079e+00,-1.817062963145399390e+00
-3.315099509291898450e+00,-3.101404404989129393e+00,6.833241217534746781e-01
-1.464909930696799023e+01,-1.074966932706385236e+01,-9.709361247667962047e+00
-1.212545729910731040e+01,-7.425696112856179809e+00,-3.476078441419989673e+00
-9.282812117903915805e+00,-7.052716994531210482e+00,-2.840659536371570759e+00
-3.958207947438642016e+00,3.541850828951691454e-01,4.373745297869318094e+00
-4.097301123477729234e+00,-3.427477709227223279e+00,-1.307224295950191184e+00
-6.390717862184321696e+00,-2.602267861465786591e+00,-1.158842407284397025e+00
3.392697048989399278e-01,2.359239043475195530e+00,2.671825778078562141e+00
-7.108964131523515917e+00,-5.236382150937256341e+00,-1.058637249352743837e+00
-6.729953387560354550e+00,-5.727829496358475048e+00,-4.638947423338857234e+00
-1.049742016222856122e+01,-7.393955131283387772e+00,-6.321585172212403236e+00
-1.251614665845161056e+01,-9.750521627897978050e+00,-8.806577425143714777e+00
-8.611316204063600210e+00,-5.882594652230352494e+00,-1.172710343287755919e+00
-2.000690449930393910e+00,-1.287214457292158887e+00,7.999118150258115456e-01
-6.240562043251905777e+00,-2.672598073746945690e+00,6.819926880218436516e-01
1.999002937129206625e+00,3.076385509559322884e+00,7.724166764102436744e+00
-7.405063568468431612e+00,-3.243239792023259849e+00,5.551633659630623718e-01
-4.973805256399806751e+00,-5.427693727951936609e-01,6.121811055044641403e-01
-7.002638592124370120e+00,-2.632425000737604659e+00,2.202331095235847247e+00
-7.210650798253943172e+00,-6.570223063583331857e+00,-5.052494395851232056e+00
-4.688301808895151801e+00,-1.342879078851951569e+00,-7.074041266061096289e-01
-4.229375251057558849e+00,-1.997884171253168972e+00,-7.752529278553832448e-02
-8.007057740148971092e+00,-3.326395778296813432e+00,-2.455697826394540151e+00
-1.037267551235406415e+01,-6.692078799145360080e+00,-3.104710228881768952e+00
-4.817616363307019256e+00,-1.792822044395192549e-02,3.871527261872256709e+00
-1.148746408876922587e+01,-9.974081216685355855e+00,-7.418113128857498850e+00
3.022730537769671155e+00,3.585227483717324137e+00,3.949290629984370415e+00
-2.427891806689022935e+00,-5.809728920374737093e-01,5.550811821982335470e-01
-5.679851518738873395e+00,-4.185470783531874517e+00,-1.575428392627388430e+00
-1.029185136027763736e+00,2.190137796361569134e+00,6.767275577004479459e+00
2.141066154503430408e-01,1.944297951286013237e+00,3.888184060204844528e+00
-4.840011263277888887e+00,-1.806955171991976306e+00,2.372791034982192571e+00
9.161626233301438660e-01,2.854182159350040493e+00,3.238396575390057208e+00
-2.920404705919433574e+00,-1.827006817729898369e+00,2.560777966863030830e+00
-7.718963402338437696e+00,-3.093173261540765218e+00,5.627125843765190538e-02
2.982419332145858082e-02,4.116238518150786563e-01,5.090115352448829178e+00
-6.160727556661360182e+00,-3.528995588026692776e+00,-2.911818567771908395e+00
3.516920480679482264e+00,3.976267744628851908e+00,8.591791346286571596e+00
4.438613433326978885e-01,6.219314418888762797e-01,5.131362930073614770e+00
-1.488181431573509794e+00,1.415068868674221658e+00,5.549190454611597545e+00
-6.760850856653135565e+00,-3.031665687734764525e+00,-2.056537714107803616e+00
-7.237209251307453961e+00,-3.961630035464195565e+00,-2.638564497733834280e+00
-3.546313822614709732e+00,-8.879818777364345550e-02,9.319665260478942059e-01
-1.053419222797807198e+00,1.625524130294921932e+00,5.942698592140761349e+00
1.967295637363791094e+00,4.562135175795226871e+00,5.155831557339557669e+00
-8.531211471711905858e-01,3.705626642604372911e+00,7.522286110530385983e+00
-3.158730328526109687e+00,2.146907859228630588e-01,4.131405149482903383e+00
1.824169787612675897e+00,4.185115166461901737e+00,5.382675978229045199e+00
-7.574420384212907642e-01,2.099245829266591201e+00,4.786615207666229388e+00
-1.308375038481364383e+00,1.304195631623569662e+00,5.544554810480439855e+00
-4.388254150928204034e+00,-2.902393125509682204e+00,1.998696995536300758e+00
-2.230516580844664087e+00,2.512632658224511761e+00,5.125558084094365086e+00
-2.011035757064532081e+00,1.704578351440689143e+00,3.330785426650713532e+00
1.381359793291880411e+00,3.461519066715901705e+00,6.051062033137921681e+00
-2.653341167136556322e+00,1.790979599273737177e+00,6.217013928838575509e+00
-2.341880905608190400e+00,1.193065964632254783e+00,1.856744055530709980e+00
5.959522965864598731e-01,3.558226885716606169e+00,7.879446120428463374e+00
1.671176156189635442e-01,3.904396223117975850e+00,7.813690440357104805e+00
2.584285744849561972e+00,3.277978714356894585e+00,3.685542969078059006e+00
-5.802281135134128576e-01,3.954297238860211117e+00,6.857675498310145557e+00
1.751935290313418658e+00,2.188148229141640311e+00,4.469059516288316658e+00
-1.542065713180651443e-01,2.747814597426936789e+00,3.698159493688876864e+00
5.165956314638725289e+00,5.313217367384818424e+00,8.527831090030092653e+00
3.694162194343267203e+00,7.205985049291419919e+00,1.107782695939127748e+01
1.895682814140151606e-01,5.163380105169848910e+00,5.450702450151223566e+00
1.947400271276773509e-01,5.030064423100395032e+00,9.428012986376391069e+00
6.541413060563119330e-01,5.169530563243474042e+00,7.000844633201822376e+00
2.273027005835894343e+00,5.631835496935660323e+00,6.721751407754141816e+00
-5.076512494421086430e+00,-1.337264050442848351e+00,1.740600662203190208e+00
5.250960570855193410e+00,9.908263219883515660e+00,1.028797706356176889e+01
-3.520616258546158672e-01,1.187228492822968384e+00,5.034772003233001669e+00
8.843508643050554952e+00,9.524261985751014237e+00,1.102517454292986798e+01
1.363712129944344209e+00,3.169340377848609336e+00,5.997680899008820177e+00
1.013974917219822025e+01,1.280121261337395566e+01,1.731657486599761953e+01
-2.312925896738978082e+00,2.290977419231055023e+00,5.745459161127186576e+00
4.068392169543487036e+00,4.799626442527918257e+00,9.346135347124739923e+00
3.093562037666857556e+00,7.916933426714763300e+00,1.031477957111133392e+01
7.555160104405926891e-01,2.456925930557694482e+00,5.401953714495776104e+00
7.036566513071752738e+00,9.735185630196911077e+00,1.313424993003809504e+01
-2.099964911476891238e+00,-1.908253177148834467e+00,-1.612658486224598064e+00
2.871307550663789065e+00,6.229418173977490092e+00,9.188213225066570899e+00
8.060958169162937281e-01,2.816760554091922941e+00,3.902647624771865331e+00
7.225196126494186188e+00,1.011202388176703337e+01,1.323790537780030263e+01
2.739808989616129509e+00,4.739847427542246194e+00,6.536241079913539309e+00
9.443357392261798822e+00,9.891288677030646070e+00,1.350822864007417934e+01
3.804350464783543107e+00,7.044272929000977790e+00,8.345924710297795812e+00
4.161180691360035766e-01,2.691192669574808960e+00,6.883186958896684082e+00
3.403844206955508156e+00,6.812385539496267128e+00,8.783879949802106069e+00
3.298130691567564554e+00,3.737233453582520681e+00,4.439272889750896844e+00
4.445961389854371504e-01,4.480888351332963815e+00,5.335551417364463589e+00
-1.532313060251833559e+00,1.613449101849226075e+00,3.255456582794256981e+00
7.418320524009155648e+00,7.826049737029654452e+00,1.251635389420946787e+01
3.709316476754747072e-01,5.357874806945551072e+00,9.083088808700676253e+00
7.680973634980118092e+00,8.275576847896495281e+00,1.139427760458985439e+01
5.155957682763747663e+00,9.900242447403462265e+00,1.481058056307245785e+01
4.688715487115473479e+00,4.822013001781032315e+00,5.568330847777517967e+00
5.494060501936719909e+00,8.902556466071562369e+00,1.201695985388399635e+01
4.756331906775338680e+00,4.788871955863914565e+00,7.803673256679028114e+00
6.341737266150593300e+00,8.329298980084470116e+00,8.370030080638668935e+00
5.757688793022291307e+00,9.542615253823836241e+00,1.431461003207701488e+01
2.939378958046610979e+00,6.832802428853440802e+00,1.097808351649221059e+01
7.956791974491778774e+00,9.763046429045544983e+00,1.061604706680732768e+01
9.585743103850672853e+00,1.246773995907757993e+01,1.453872996455587874e+01
9.296410339982575266e+00,1.126960643799682416e+01,1.289754210408228907e+01
6.232638191034066466e+00,8.842701924736475760e+00,1.105681604793883821e+01
4.766911770963889516e+00,6.303328566489818208e+00,1.017984367834301196e+01
6.358983319669123446e+00,7.577329767184216358e+00,1.085069001018611878e+01
9.234561329837548627e+00,1.018856080617352511e+01,1.472998810846426210e+01
5.404596789037897864e+00,6.337084426864556974e+00,1.116265275664211032e+01
1.475684123015183680e+01,1.556318032554185393e+01,1.641189205226470804e+01
9.125427144854162620e+00,1.225112508792409827e+01,1.390164621567759973e+01
6.064830435126634889e+00,7.188462365688668143e+00,7.377323958019830208e+00
6.569321706231249891e+00,8.005331133327713289e+00,1.070035629555626677e+01
1.043164999359742851e+01,1.224034059834422017e+01,1.308470893638929589e+01
6.573680550799338107e+00,1.027831556756276044e+01,1.179869437654055986e+01
1.102930161334291093e+01,1.162946278614629136e+01,1.515961682591618498e+01
1.763583813735906602e+01,1.823528034706353296e+01,1.852364500188435059e+01
7.370889223461510653e+00,1.229349500789012417e+01,1.250667396709063439e+01
8.845016360395637989e+00,1.239718805081592201e+01,1.452256987751276718e+01
2.532670928239872055e+00,7.529666393824035353e+00,9.354341128265396321e+00
3.767248789638444784e+00,7.167755812608893606e+00,9.909848640202328696e+00
1.097219728640071779e+01,1.124255190991886799e+01,1.285748208371461487e+01
9.454438136648811053e+00,1.185455181574588579e+01,1.322666075697020815e+01
2.952874749549157407e+00,7.566375662910671096e+00,1.242542151535235284e+01
8.720596614574615657e+00,8.984507374214304676e+00,1.015181952466623905e+01
7.003194488062675305e+00,9.382266384158482353e+00,1.248041680473463444e+01
4.110566675398757752e+00,8.084454884989110468e+00,1.128445515789069731e+01
9.497540277974502843e+00,1.163073845144319840e+01,1.499775752355000691e+01
7.150389722496438338e+00,9.467946387335889114e+00,1.125292894617868988e+01
1.162557669265924432e+01,1.166741518132895550e+01,1.635004646579668020e+01
7.356773864309563038e+00,9.731226157593697579e+00,1.137291834280993186e+01
6.882146479126070915e+00,7.162573113891890664e+00,1.096430720654348256e+01
7.981632761608337567e+00,8.215736060989700107e+00,9.835075050612577030e+00
1.111365787630295010e+01,1.238523260076045140e+01,1.244086862309475805e+01
4.678928415802913854e+00,5.864292112641424026e+00,8.856803473743619648e+00
4.810076133037199497e+00,8.757693902273018693e+00,1.316184648680047076e+01
9.227406867716759109e+00,1.230623730090908019e+01,1.621161209967534944e+01
1.715682054913371246e+01,1.925649251335686785e+01,2.354640609834348197e+01
6.765031662116289368e+00,6.816662207386015027e+00,1.095948109270578641e+01
1.004341115630386128e+01,1.021434542014108793e+01,1.167985255604055261e+01
9.439298262746934398e+00,1.194567912763148954e+01,1.435580679007710003e+01
5.334948183959169477e+00,8.352200736855582619e+00,1.273026034812076901e+01
7.719241387570480839e+00,9.158221075493507612e+00,1.154728708149797889e+01
8.150316895238578496e+00,1.036190096903806435e+01,1.067569506666642631e+01
1.056926217586343952e+01,1.250765668117981733e+01,1.305937082856106457e+01
4.085618834738987459e+00,7.716913124232912757e+00,1.061609034524068562e+01
4.881605982224478169e+00,7.851297264609650384e+00,8.983244425213133155e+00
7.022275522752462251e+00,8.710636667825221835e+00,9.625199876988570935e+00
1.149278282460729628e+01,1.183404898118829962e+01,1.234866923777805781e+01
1.113292018879359446e+01,1.328941284468764295e+01,1.452157395707218868e+01
5.724078732547248194e+00,9.055305621941451832e+00,1.242006385605071550e+01
8.864892699332376225e+00,1.106560941494558037e+01,1.333724380550441779e+01
5.412959837087695902e+00,7.571101697123260976e+00,1.112540818480037963e+01
8.999856856205029842e+00,1.044574996786219323e+01,1.439726637268035425e+01
8.416313873564311265e+00,8.483476081438334759e+00,9.234546355709676746e+00
6.379310834687243137e+00,9.806337226880945224e+00,1.460517325138541622e+01
1.030570641530372100e+01,1.312738923672446489e+01,1.545812688428974191e+01
8.693634689573539021e+00,1.135592755301572154e+01,1.172526740505330523e+01
-3.573481826816502505e-01,4.354892707677444186e+00,6.296086723938213225e+00
2.153851368835120184e+00,6.928540611752364242e+00,1.091422173866678058e+01
8.038115388805413986e+00,1.233421220209033642e+01,1.537292770286755328e+01
6.685158583168006707e+00,8.623528785032048560e+00,1.314135366750006284e+01
8.454044531828756703e+00,1.343726698545870235e+01,1.658086646984630974e+01
6.129375905517877143e+00,8.316847779048417877e+00,1.141823605692298749e+01
2.774095159875584748e+00,4.629522483550883472e+00,6.931379387165733874e+00
7.722966441546518901e+00,8.980499669053214618e+00,1.107606894513295259e+01
4.425595560016921226e+00,7.885734407908675081e+00,8.813477284700825365e+00
2.515409263497937253e+00,6.841644334372232628e+00,1.075437740847552881e+01
5.975095118039105202e+00,6.778914034313719306e+00,7.356634272078519388e+00
9.971155904536237458e-01,5.682812956822809625e+00,6.970280881270713991e+00
8.059944056651680455e+00,9.194649508975308194e+00,1.181838041663347205e+01
6.574527552576856948e+00,1.088529645405871094e+01,1.333464673404294487e+01
5.674665515333161991e+00,6.791138650695289769e+00,8.334939607986058263e+00
8.161331876686041653e+00,9.618635706908074567e+00,1.076813727229301421e+01
5.453134932221336939e+00,7.943338719937949932e+00,1.010540428537473900e+01
7.519023466710257786e+00,8.468207500429100421e+00,9.678490562843775180e+00
4.980306588063438511e+00,9.305480312599534898e+00,1.334505413548357211e+01
8.386434783604064691e+00,8.592613447328028897e+00,1.119484052487461412e+01
4.924050907405170818e+00,9.755060487688956172e+00,1.094293366604103745e+01
1.311612067275476079e+00,3.276558385411926899e+00,5.297654036970968150e+00
1.293110526491156875e+01,1.370253515204149330e+01,1.452725306191483767e+01
-3.246383817430054108e-02,4.123758263394742940e+00,6.076685281988619458e+00
7.615664114187190137e+00,1.067964620406591791e+01,1.152281507365512958e+01
3.110768827828835903e+00,5.180547720096585707e+00,9.111517337218332457e+00
7.063339873149486969e+00,7.588804074287331503e+00,1.193945136492578740e+01
7.680100256982313134e+00,1.176706270094265605e+01,1.575449614823271460e+01
3.478233008177692653e+00,7.426283756913672818e+00,1.042381546929204639e+01
8.780325779161580968e+00,1.034789727953923943e+01,1.509660715881224569e+01
3.248247975964209555e+00,6.292945719986014375e+00,8.029005661723605414e+00
4.985973336833580127e-01,2.876721351225889123e+00,7.644135849740103517e+00
4.416208448576398382e+00,5.972499391062669361e+00,8.364633046040289344e+00
6.045117520206770401e+00,9.767409222878661978e+00,1.149856723798329305e+01
1.041792944409962374e+01,1.134772269399262790e+01,1.329880541328421728e+01
-1.931311368144079221e+00,-1.168993223052905428e+00,1.824172642365019748e+00
4.185782851475219779e+00,7.775306701200696224e+00,1.139216251013737846e+01
1.158623304052408542e-02,4.395057767842275531e+00,5.750173960891220126e+00
3.661877275569295875e+00,6.773508546783854278e+00,7.313004497799748371e+00
3.041599854879069476e+00,3.534704196746190963e+00,7.648848613844569044e+00
4.225580073973890904e+00,4.655962261453348461e+00,6.025256054328485433e+00
5.239021277659677622e+00,5.614578306653130291e+00,8.344835234793634982e+00
2.095112981672092811e+00,2.933709140569946250e+00,4.289369584777508848e+00
2.749594643144666506e+00,6.995998257236431428e+00,9.609640310578683398e+00
2.383542709264585113e+00,4.667124506725490285e+00,6.935242263689166187e+00
5.627341666195327718e+00,7.422053623922361787e+00,7.712704782765462674e+00
-1.726424704527703025e+00,2.286029425228178535e+00,4.757202320910421278e+00
2.275482442755469847e+00,5.113242744171802023e+00,9.545600210368327510e+00
2.914875931746948368e+00,5.926533815474975597e+00,1.034438268285262907e+01
3.117360594611675140e+00,5.494892879329338342e+00,8.884657447973578925e+00
1.860628316212350253e+00,3.564197497194999009e+00,8.499985358234503963e+00
2.216419662157163017e+00,3.663089764100218471e+00,6.662109411515737989e+00
3.680691066427539848e+00,6.856096017594422776e+00,1.090459278649193209e+01
5.348516837039715810e+00,5.695213718455679697e+00,8.298022254743312232e+00
4.263660454845626724e+00,4.640780083974259895e+00,8.924832484722285741e+00
-7.756901677531169881e+00,-4.364498247182750035e+00,-2.156544800774399473e+00
1.959048487521360293e+00,5.462255940367599649e+00,7.855208918983414890e+00
-4.240326542904496065e+00,-1.770312901065734135e+00,-1.076149210551088142e+00
5.303596607621843262e-01,2.755740782839571690e+00,2.798025911851682146e+00
2.269242592450775309e+00,3.298051249859546452e+00,3.682405089191792769e+00
4.304305385453440103e+00,5.663147689385001016e+00,8.933302538798315595e+00
3.371934489168514570e+00,5.162125938811544579e+00,6.614834955174162090e+00
3.796655708204326185e+00,4.160068847949133897e+00,4.671790496118569891e+00
4.090499217026821732e-01,3.264741310871006164e+00,5.862389049687576126e+00
1.970433598076917647e+00,6.753780607533485636e+00,7.896973889990245965e+00
-1.901951169041059320e+00,-1.246912680074916180e+00,2.738803960269047266e+00
2.632563945286343188e+00,5.855497679839150038e+00,8.558004118435192709e+00
3.322583362820121788e+00,4.131912077969282393e+00,5.926332506159946334e+00
-2.424119111020026640e+00,1.885568516162109187e+00,5.643206175583120654e+00
9.486640028305570738e-03,4.686122638447937083e-01,4.848643982623858761e+00
-3.958152950617676247e+00,-9.327925476400025229e-01,1.678722093430316642e+00
-2.626354671070305180e+00,8.900229274275922586e-01,1.643148167615553046e+00
-9.270431955520090916e-01,-2.214227005871465259e-01,1.412246673581753598e+00
-2.049438996554609371e+00,2.783959736121705664e+00,4.914705873143583759e+00
-9.518583939463276522e-01,3.682464183101430422e+00,7.366189431824120781e+00
-8.875351295286101561e+00,-5.257512758687653331e+00,-4.480449867486320237e+00
1.641450210038768898e+00,2.460518797597566643e+00,7.424223927909563869e+00
-4.009974273914275855e+00,6.859722805987098493e-01,2.184920524062774483e+00
-1.763304121115631062e+00,2.704917221998416998e+00,5.872675529242532555e+00
-1.386543685030972028e+00,3.169766496033717296e+00,3.191751119913718959e+00
-4.783836094627858415e+00,-4.519163296785234651e-01,2.828910114493611960e+00
-4.382123021118552231e+00,-3.820396876763048510e+00,-2.015359142452824326e+00
-6.554747745300472772e+00,-3.615226564907841222e+00,1.335105949068534414e+00
-6.999594915785174010e+00,-3.503110056130007255e+00,-2.417968903186944019e+00
-2.153587092039730422e+00,5.745054721310376422e-01,1.683980598776924076e+00
-7.901759603327865200e+00,-4.022474790817065049e+00,-3.872441521282880217e+00
-1.074829659583970987e+01,-9.211700264699794971e+00,-5.245037304819545554e+00
-9.769121646037102202e-01,2.972461270853480553e+00,7.417923761671445959e+00
-3.423957159330297095e+00,-1.650135563638656988e+00,1.531364656671110547e+00
9.099975403733808754e-01,2.965826866322176958e+00,5.795716358756250131e+00
-4.772655569434280487e+00,-2.226987067380440610e+00,-2.294928849911972435e-01
5.231482468276400510e-01,3.706240045478153888e+00,5.185066913675674627e+00
-7.954234937544827355e-01,-1.412315357961988482e-01,8.954494048384853411e-02
-6.365031997565868238e+00,-2.883691512949851266e+00,-6.934283271449572794e-01
-8.859524548378839626e+00,-6.811922596147828912e+00,-5.793852636045419224e+00
-5.206686411534576564e+00,-2.283781355194354212e-01,6.684487924612524390e-01
-9.095476859526517188e+00,-6.112469849913557240e+00,-2.126675270165918175e+00
-2.781652540157633968e+00,-1.426804908134292837e+00,5.235189679604088653e-01
-5.712963731256633260e+00,-4.307074066748237229e+00,-3.247095101657939686e+00
-4.868014636127519168e+00,-4.429109397232815937e+00,1.329805761052682556e-03
-5.752766106058918361e+00,-2.382556599685216270e+00,-6.759793027892648798e-01
-8.136073626055051466e-02,3.622940011920290360e-01,8.030127058174952870e-01
-7.535909564277584849e+00,-3.449937924846971704e+00,-2.695339264409208901e+00
-7.156038689698233313e+00,-4.723280819787470719e+00,-1.740782230777620843e+00
-2.224246672684684345e+00,2.601976493474129626e-01,4.137413933478219619e+00
-6.308498208950474861e-01,4.009439321290556357e+00,6.026828812972152782e+00
-8.704274189973101983e+00,-5.723838768433124002e+00,-2.823057372852140645e+00
-3.524542706999022279e+00,-2.299866445069694620e+00,-1.283065394839479012e+00
-9.966457286605209021e+00,-5.952793797030329515e+00,-2.539209867312909097e+00
-6.377452685243127917e+00,-2.306773924655958652e+00,1.141469719765625612e+00
-5.900760061366385756e+00,-3.665311686246901068e+00,-5.561534872774309690e-01
-4.403314108446527264e+00,-1.320367233537657725e+00,1.400926941186387609e+00
-7.818310331652540413e+00,-4.212591760898324544e+00,-2.734204782988409299e+00
-9.956379178934802177e-01,4.228465676204846702e-01,1.339668665558083172e+00
-1.025484192118681648e+01,-6.064058473196975996e+00,-5.074226074969484301e+00
-8.808962917386001124e+00,-5.343418669448893432e+00,-4.122339573651174760e-01
-1.299623301212543325e+01,-1.019536850904288805e+01,-5.723947319899962416e+00
-1.196421434478459744e+01,-9.741723434239027313e+00,-8.687819539325422724e+00
-7.970904033137634848e+00,-6.453724399880959695e+00,-4.181844540130308374e+00
-4.915990691670018897e+00,-3.622565164660801251e+00,-2.519233043006597228e+00
-9.111548547399911158e+00,-8.515276159274320023e+00,-7.293925796896743030e+00
-1.033134685132947794e+01,-8.808522526521169738e+00,-4.735813655979152159e+00
-8.469788237977747158e+00,-8.004274207870027524e+00,-3.362505637232496625e+00
-7.105388549316276503e+00,-6.445929305982661006e+00,-4.333028162457883248e+00
-8.060598943774442304e+00,-4.720783280133376891e+00,-4.582670312380278332e+00
-1.210271982601761920e+01,-7.501508632669040999e+00,-2.667630840704186213e+00
-1.167472699126837377e+01,-9.820074174869148464e+00,-7.210167781583016300e+00
-8.749164585005603456e+00,-4.313769041070820265e+00,-3.578838252908866480e+00
-1.278191192681607546e+01,-9.228679121497815885e+00,-5.108722881521588377e+00
-1.061039889499876665e+01,-6.395662505561631406e+00,-4.661937580543199289e+00
-3.072805895262992415e+00,-1.930330448740850358e+00,1.651371578487513148e+00
-1.311710665774005058e+01,-9.812077440299459496e+00,-8.957980692809469403e+00
-5.307019845769010757e+00,-3.944391130243427579e+00,-1.938708328300702721e+00
-1.231588796135753761e+01,-7.343215437720336247e+00,-3.829656871059080814e+00
-1.112520602856069729e+01,-1.080926896846986907e+01,-9.902181534951644437e+00
-1.080227026359315090e+01,-6.692429110666964220e+00,-4.361045895234465064e+00
-1.185871830011529227e+01,-7.772143815310680104e+00,-4.485870183349289775e+00
-1.165922670501762859e+01,-9.033489996173008407e+00,-5.725918802777353100e+00
-7.730568368282959568e+00,-5.250695473852152517e+00,-3.307373414536598943e+00
-5.948322998726707667e+00,-2.039506777987692310e+00,-1.129375551456307303e+00
-7.807537330900768069e+00,-7.429369170044169302e+00,-2.904703261986655960e+00
-1.801522909084927804e+01,-1.433532626200598870e+01,-1.124594934514525590e+01
-1.117500815338290110e+01,-7.142453122452558922e+00,-4.697229928388340525e+00
-1.378040264026967954e+01,-1.075994550074824652e+01,-9.421331381170817920e+00
-1.800640695598781704e+01,-1.371150100832861263e+01,-9.914241859470678264e+00
-1.283062159651158751e+01,-9.396868833821976352e+00,-5.371337435719206965e+00
-1.386319955238129786e+01,-1.140668796542048113e+01,-7.994309069203910489e+00
-9.062965532645829825e+00,-4.863823947921178004e+00,-4.345955855746729490e+00
-7.727758185181207828e+00,-3.838137796938319468e+00,2.821492669546099563e-01
-4.786134332242288458e+00,-9.172157982495390272e-01,-6.934786947442952432e-01
-7.574108180510352284e+00,-7.298860027900593295e+00,-6.681190918627891939e+00
-8.776467026513802949e+00,-6.748061493237800690e+00,-4.045710810783250011e+00
-9.027952557883619278e+00,-7.852820091488409204e+00,-4.873821340086172071e+00
-1.366725756656891910e+01,-9.143584128742201500e+00,-8.208856217740869710e+00
-1.183252510769037436e+01,-7.697737305090345927e+00,-7.571549685730015966e+00
-1.210595455455155012e+01,-1.093265962800698610e+01,-1.064283102703272732e+01
-1.544123802055816697e+01,-1.107887964702070782e+01,-6.308359255192562465e+00
-1.658329008747939781e+01,-1.294455719558196805e+01,-8.404382665179410239e+00
-1.092479465558720264e+01,-8.593200719278561550e+00,-4.769661834571010672e+00
-8.087136704481292071e+00,-3.655753013894228687e+00,-6.439600615026153108e-01
-8.636150499458551622e+00,-5.807226319934425618e+00,-1.587536257747314217e+00
-2.170578180097636789e+01,-1.957483975044738500e+01,-1.481076011776960044e+01
-7.419647339873032266e+00,-5.912257309767965374e+00,-5.654911035348830772e+00
-7.307413172941583213e+00,-6.724361818325819584e+00,-3.406374141283840196e+00
-1.346293573522095777e+01,-1.037341282756594651e+01,-7.736687310015215147e+00
-8.498633898798271247e+00,-4.354853744464221244e+00,-3.791754706849195244e-01
-1.286105378048363690e+01,-8.536070558957741028e+00,-4.974157322161587125e+00
-9.431266734701624799e+00,-4.720090811875878423e+00,-2.048409273441559542e+00
-1.500385031401014402e+01,-1.017519165324618413e+01,-5.240394067276447743e+00
-1.055978623894807988e+01,-7.456153432393331393e+00,-5.900296222705561533e+00
-1.002747307706909652e+01,-9.595405791530057016e+00,-8.373788440392383237e+00
-9.689616206058190073e+00,-8.604119203984968323e+00,-7.001140533233890295e+00
-7.691618596542175723e+00,-6.308378822869123326e+00,-5.234193591679801472e+00
-1.019797575696342662e+01,-5.953274066145939791e+00,-3.711463024305297509e+00
-8.425810624720105224e+00,-7.280702964831185398e+00,-5.181946760998995316e+00
-9.800357216226581514e+00,-9.477708941713688162e+00,-4.782105228605442626e+00
-1.141763959799840400e+01,-9.113318367941362297e+00,-7.413839357110386885e+00
-4.282655354355620503e+00,-3.882142565660065880e+00,9.817942153617118528e-01
-1.010171682343236554e+01,-7.393521044697881628e+00,-6.310803874534042457e+00
-1.139905035840836334e+01,-9.056972779828260656e+00,-7.438075055154909521e+00
-3.717100513211453183e+00,-3.286851792855021159e-01,8.871310739456239602e-01
-9.779476149934502871e+00,-5.708147981154938044e+00,-1.083972546013422189e+00
-1.369515988064514644e+01,-1.095362843447160373e+01,-1.029547401686853192e+01
-1.588105991501491410e+01,-1.451903572390386365e+01,-1.377465028344003706e+01
-1.042694818299518111e+01,-8.541860270169889802e+00,-7.728963800248480176e+00
-6.843530975374012115e+00,-5.340355044837181708e+00,-3.636526450676557776e+00
-1.074029255234467328e+01,-7.031947441120313336e+00,-4.756162898589886723e+00
-8.094958178641956437e+00,-6.974125072972277906e+00,-5.843995612343788615e+00
-9.886382312108432657e+00,-8.578192884840950327e+00,-8.262715261068734662e+00
-9.680543547181244435e+00,-6.546862035754514864e+00,-4.001335878379850719e+00
-8.949099094330470905e+00,-6.213727137246531029e+00,-4.569671533963562737e+00
-1.199352695155455706e+01,-9.123498496552507220e+00,-7.170068525758201972e+00
-1.093728256178143177e+01,-9.407072185456488711e+00,-4.450604578558724711e+00
-6.079572939849523294e+00,-4.152978337502757356e+00,-1.720027900326699388e+00
-5.811192467891616253e+00,-5.223802437368524565e+00,-1.056021767227568908e+00
-8.390876344273944909e+00,-5.084146409019108859e+00,-3.606978631437947058e-01
-1.525544342288539568e+01,-1.231932927752315621e+01,-1.003613559218993601e+01
-1.035349137389300012e+01,-8.651338067248042663e+00,-8.460352757689925340e+00
-9.897873168962568968e+00,-9.871500644042958683e+00,-8.109593953556736068e+00
-3.622122674918588636e+00,-1.810847690032798774e+00,9.743480702014997163e-01
-1.236676053990806956e+01,-1.235894280915104915e+01,-1.072399571227856718e+01
-7.347395777017744045e+00,-6.357475766313859467e+00,-3.793015820621554290e+00
-6.047234648132034707e+00,-5.866714997500135809e+00,-5.840795290700128817e+00
-5.984370251974059585e+00,-3.403655385168137038e+00,-2.032717934472647592e+00
-8.610017599627454388e+00,-3.713789589563846416e+00,-3.494513477870436535e+00
-2.170480098807217484e+00,1.183248384636616635e+00,5.850254104062784677e+00
-5.723972172440561224e+00,-2.314244520317092046e+00,1.126355946153209331e+00
-5.839661233336288504e+00,-3.464667997345201922e+00,-3.459995095973421364e+00
-1.975574601614161985e+00,-9.996839935210868333e-01,-2.019843066560430556e-01
-3.833597888190031000e+00,-3.488339544999742081e+00,1.207294768630418069e+00
-8.342801201376746079e+00,-6.667181882580917041e+00,-2.799466113809349288e+00
-1.094709912521838824e+01,-6.952286756942202217e+00,-3.138606398848322598e+00
-7.766735193448340624e+00,-3.734530344942456725e+00,-1.364009330932766773e+00
-7.732007827283037926e+00,-6.170991047698475285e+00,-5.732468169858999651e+00
-6.356827867013942424e+00,-2.112686506165133871e+00,-3.523728093969973330e-01
-4.687480450907785645e+00,-4.268811108932341725e+00,5.785549311708280129e-01
-6.624325251118277080e+00,-5.458837178805096002e+00,-3.548667782504428825e+00
1.763598275027999929e-02,2.483957674495886891e-01,4.167486978394705943e+00
-4.764643362470728505e+00,-8.700028474594971861e-01,2.475339931208142552e+00
-4.066033943121697414e-01,1.502586434229549184e-01,7.888466618218833437e-01
-8.138944318590496607e+00,-6.467840310953646643e+00,-1.947497495023556624e+00
4.746406618749062112e+00,7.166794331523012929e+00,9.937973775925890152e+00
-7.736572622760462536e+00,-6.822313295251596799e+00,-3.287351393065864880e+00
-5.799331126160015337e+00,-2.556139287520449610e+00,-1.111025681098891660e-01
-5.656391504551327110e+00,-4.583522072222191213e+00,-7.940302028384316202e-02
-2.775108860678524358e+00,-1.822253557624660347e+00,2.944183554900488886e+00
1.767449809759609192e-01,1.318287157585237956e+00,6.081159955845994780e+00
-8.623981152326020805e+00,-4.173816088119459700e+00,-1.207192776212599128e+00
-1.123374090748210996e+01,-7.457179273631755478e+00,-5.947189217452843124e+00
-7.802657879070249436e+00,-3.401748433739601118e+00,-2.140398003796484261e-02
-4.987398422860700009e+00,-3.618496062169602290e+00,-1.420694698958128832e+00
-4.802326483487547648e+00,-1.065956068694553061e+00,3.664405227704228274e+00
-7.870090146587981117e+00,-7.500465475515422753e+00,-6.603587060106142381e+00
1.048399079937186062e+00,1.437348150043344930e+00,4.772242203291169105e+00
-4.336824522429138185e+00,-2.694689427224223444e+00,-2.018867556534500451e+00
-4.668593432403071120e+00,-9.619861615111167108e-01,3.625449017418485020e+00
1.313461612192706296e+00,2.184191312090683734e+00,2.968420998588606530e+00
-4.631992181087419169e+00,-3.675110726887139467e+00,-2.035794637117210648e+00
-7.291681477977887127e+00,-4.451251614812696822e+00,-2.959162638232198717e+00
-2.526664010046344444e+00,-1.460897962032664310e+00,-1.149797993791610740e+00
-8.125402342766274710e-01,9.964211424298485831e-02,4.666650710150949122e-01
9.967980796450870429e-01,2.136957040927513596e+00,2.629036576497355782e+00
1.649546012887947999e-01,1.038139745508684930e+00,1.800947042134772857e+00
-3.280638657919293877e+00,-5.098403048401145554e-01,2.195563688675559177e+00
8.123211975821509334e-01,3.241150129927546253e+00,7.643878422943821249e+00
-4.346605711878177125e+00,-2.267100358099772839e-01,4.380260333509818693e+00
-7.228355900862723615e+00,-4.753081197918467282e+00,-5.854546409304903776e-01
-4.366376426430370827e+00,-9.754237029900698630e-01,2.203129966443085230e+00
-1.430220821741344128e+00,2.138042086001389563e+00,4.932425480004337004e+00
-6.955431625284216324e+00,-2.991098193798131355e+00,-2.724398372839833549e-01
9.898040991845031833e-01,1.617164237483245781e+00,3.023377387897720148e+00
-5.260257935826771813e+00,-5.755580447849228953e-01,2.754698406496378205e+00
3.468206311692674237e+00,3.749740705438806998e+00,6.691167458819567315e+00
3.956526020438628777e-01,2.829830922954770678e+00,3.652610735229268712e+00
-4.281766765689610565e+00,3.169229847008450118e-01,2.080070921282862528e+00
-1.089728170399172580e+00,2.099400288703313411e+00,3.029101624875797150e+00
-7.683908200267403288e+00,-3.009941762093466977e+00,6.128364715806222662e-01
5.188787634434401497e+00,8.296154523171017203e+00,1.031670326626125700e+01
-2.544709062470085215e+00,-5.701121020493022939e-01,4.107954956197523710e-02
-2.550997695108566443e+00,1.023602483826274057e+00,2.391035275233325041e+00
7.065299469561185930e+00,8.267112834604830596e+00,9.287834825374684300e+00
1.582440778147051530e+00,1.585100541274459873e+00,5.173480799835285637e+00
4.143309188745229577e+00,4.768092337220824817e+00,7.858361541783789761e+00
-2.202080777648473209e+00,1.579618055686764722e+00,2.917253556201145237e+00
1.100112937405466340e+01,1.154925016321788256e+01,1.213252499750990232e+01
5.210093024701656361e-01,4.342401599078170804e+00,8.691162087135689163e+00
-2.428550028631412339e+00,8.447877091776017089e-01,1.800882983933269621e+00
1.887043380808103521e+00,2.051208215729835693e+00,5.841071287720311922e+00
1.517095169645068076e+00,2.278211710162879822e+00,3.462275906058550845e+00
2.373267484056748700e+00,7.084740803516734076e+00,7.245505380880725710e+00
-1.690993664419040421e-01,2.167992246775357401e+00,4.138654732101704425e+00
7.060979014750020655e-01,1.191423845149605310e+00,5.273250347084166734e+00
-3.863248157444728825e+00,-8.428204404072543454e-01,1.934219886848469461e+00
-2.399560079667731660e+00,2.403158943675657522e+00,3.109388876068476026e+00
6.472050108160705584e+00,8.138645908105063498e+00,1.044831893510485799e+01
2.468886114169389412e+00,5.497790906475932715e+00,9.193123369468208850e+00
3.463481122713035987e+00,4.744416545642722305e+00,4.977185667106025946e+00
1.031876592189959396e+01,1.060125517895474800e+01,1.375256712380880231e+01
6.083155399588680012e+00,8.069313303054862274e+00,8.914525826267514219e+00
3.519522117887629697e+00,6.702887179132599016e+00,9.965814126319797239e+00
-2.274295206301963024e+00,1.539691165285830721e+00,3.580641153738154614e+00
6.191261786288677627e+00,7.229271560741861613e+00,9.495805016078008975e+00
2.309865596181921443e+00,2.568771921232333888e+00,4.441903999211940679e+00
4.871197050993494315e+00,6.042573989326236905e+00,9.127500602247998529e+00
-1.341013334289297809e+00,1.831612027428853651e+00,4.007372790007407204e+00
5.473263241868822959e+00,6.287266844296284241e+00,1.040044719657008798e+01
4.832182866156998102e+00,7.069751788351505084e+00,9.135100986124655265e+00
6.927375161672626458e-01,1.897801461129733802e+00,2.827599322109428215e+00
2.572889887135560549e+00,3.040141072579428894e+00,4.345004381795389392e+00
5.844532035576272655e+00,7.690241668100052053e+00,8.119624802687411602e+00
6.077048611691516555e+00,9.927595508767623755e+00,1.289640434610452857e+01
4.937788783144625882e+00,7.057070519449069046e+00,9.747652106755706924e+00
6.416181365563913275e-01,5.354005660573601943e+00,8.860432334391390441e+00
5.327812294435272378e-01,3.554393718168375127e+00,7.341726536126605751e+00
3.272899593689123421e+00,3.372701729894228340e+00,6.020925160550087085e+00
5.931113867401330175e+00,6.881667388570752664e+00,9.765193129744432099e+00
4.755585403743352479e+00,8.443961378506877224e+00,1.046113258958192915e+01
5.001159231327799048e+00,6.028969274024674085e+00,6.303598806675974942e+00
6.644710812408593625e+00,7.542867667786817165e+00,8.838242271759613189e+00
1.198400155423041902e+01,1.492095821470460137e+01,1.858684450160770041e+01
3.078714398799898611e+00,6.489540935330823324e+00,8.114932510426609014e+00
6.416320400445551186e+00,8.240097336473510836e+00,1.255687004633452375e+01
8.799667662032739202e+00,1.076332498071501576e+01,1.406305657408514165e+01
2.918698746894348606e+00,4.768809346230043822e+00,9.573575433444869276e+00
5.439881945192373003e+00,7.899026910002043600e+00,1.088424403149209496e+01
5.368115944948982587e+00,8.282980173972422477e+00,1.250731828684473612e+01
7.813135900548870083e+00,8.397858971713459297e+00,1.322003952230754109e+01
4.916494302549248019e+00,6.056587971671740789e+00,7.511648211491710470e+00
7.314544051972495353e+00,1.019045532313770153e+01,1.078308695279818785e+01
2.689648603019363371e+00,5.987011337887487628e+00,9.068992218878314304e+00
1.046666535388135344e+01,1.283729566181919601e+01,1.591962849155930293e+01
5.309270297870711808e+00,5.537390981967157622e+00,9.765456934553780499e+00
8.215708298859594194e+00,1.160258581908676589e+01,1.522574226281653686e+01
2.313111049110422091e+00,3.080074469068605936e+00,4.825204856600018744e+00
3.195632136376346022e+00,5.150551615296852681e+00,8.293960162822024529e+00
1.263331318796801561e+01,1.314950754353771778e+01,1.671584164134124961e+01
5.886709158369588302e+00,7.871765559188744987e+00,8.847999564496060287e+00
5.833184188039272300e+00,8.129582895268793408e+00,8.197039183165820475e+00
1.082281085085882388e+01,1.118106265860428827e+01,1.392887028841909292e+01
5.679890290802285691e+00,6.547015170885469360e+00,8.976862665477293390e+00
3.805644831989202892e+00,5.659196420742537370e+00,9.436536627342317018e+00
3.877689069518839737e+00,8.647064906485415037e+00,1.192370944383266718e+01
2.938687242346398776e+00,7.372602481538367947e+00,1.175644961450348447e+01
9.729114155322903912e+00,1.080586081149723476e+01,1.408691677820676347e+01
1.300844112421520649e+00,4.398022318661730878e+00,5.597163960211572586e+00
1.071650713414953238e+01,1.189677862900224348e+01,1.462877049165717835e+01
8.251235286847798278e+00,1.081249214586218343e+01,1.532544692099008898e+01
1.180533803626270029e+00,5.832813983219308440e+00,8.057948003242186630e+00
9.265475645287228446e+00,1.187081998743801670e+01,1.433267527754647119e+01
1.136403057578573517e+01,1.337836950615827547e+01,1.558219425952344928e+01
7.590875848497831591e+00,1.177837801383201999e+01,1.539596339406474002e+01
9.245315311717286377e+00,1.309468218985769106e+01,1.597678146456471815e+01
7.842330890446308267e+00,1.058136993172091245e+01,1.284745521611720420e+01
7.859890047048481598e+00,9.175902991782596274e+00,1.051354522834435912e+01
1.156067419652014650e+00,5.100760815839826989e+00,8.677051368049781388e+00
6.354495913292742770e+00,1.074682810056746263e+01,1.435797346816607600e+01
7.873224580897002056e+00,9.367078642287813395e+00,1.050069762253139594e+01
9.281153059702274888e+00,1.071227502567567846e+01,1.155193196113051712e+01
9.011230811650614569e+00,1.199023055051161180e+01,1.381614726879223554e+01
6.920670321656057666e+00,1.105183385558025577e+01,1.138989939348473079e+01
5.316946407388951634e+00,7.594195781936955214e+00,1.217285715179946237e+01
4.001099887559639967e+00,5.723423823547826750e+00,6.803883968536286631e+00
1.111467382385863445e+01,1.370460414879595312e+01,1.469191075580052797e+01
4.780572625302786705e+00,8.222669768304534443e+00,1.287659959441202417e+01
1.066121434575230253e+01,1.387549644220651501e+01,1.410174940669696575e+01
1.267785340695135510e+01,1.455495243852558751e+01,1.523511940297465195e+01
8.033942502809797048e+00,1.093282091691683355e+01,1.097428440714609366e+01
6.901304578003518486e+00,9.307478681890103189e+00,1.102838382692741348e+01
7.924573441136091745e+00,9.676576269829945787e+00,1.258975587810294705e+01
1.205343378296843326e+01,1.325542403865719265e+01,1.733360743051118646e+01
8.067297553154975986e+00,1.021665075420063751e+01,1.254259400308529848e+01
1.226324803762442173e+01,1.620028426289690771e+01,1.735721972654011935e+01
1.119469461674643718e+01,1.154540941284788858e+01,1.547192782785154996e+01
7.363748382106692247e+00,8.752539292457081288e+00,1.075659186351272467e+01
7.062106976296933070e+00,1.106569932353938057e+01,1.545179680852414705e+01
6.299513255516282939e+00,7.918848285624275896e+00,1.268380110832250196e+01
4.945110725631849391e+00,7.413429243549624736e+00,1.177542618019956322e+01
8.933181974287219163e+00,1.376180209009029376e+01,1.477599312452194447e+01
6.450932298931555842e+00,1.064182826415593830e+01,1.264362261115769748e+01
6.306952686097382355e+00,9.643598306117523222e+00,1.328259637868353238e+01
7.681516085262758864e+00,9.038262210546433195e+00,9.738735485673760905e+00
6.355395019686497449e+00,9.239589332507982533e+00,1.415436549613651707e+01
8.833327348671199175e+00,9.734967856599576308e+00,1.062324587682900656e+01
6.443168534231020317e+00,7.520354606310400314e+00,9.735209821704280841e+00
7.076744125245143735e+00,9.816852895258024958e+00,1.253574107724807618e+01
7.646133319231869230e+00,1.084421562663388627e+01,1.187134360164138513e+01
5.081164905231189799e+00,6.574011692440925536e+00,7.545930044650973834e+00
8.627912756925665505e+00,1.150258995862853340e+01,1.154572322623977776e+01
4.297767070798481193e+00,8.979235665337679251e+00,1.273149750380743939e+01
5.422090623523400765e+00,6.717535632035280813e+00,6.725115894878602951e+00
2.854670641649728058e+00,5.367764668110835302e+00,8.110055647380931987e+00
9.263920514137852891e+00,9.282352826768882181e+00,1.247496069259754847e+01
7.687861873585511319e+00,9.557463523391357185e+00,1.014960884714504807e+01
9.778339793857352191e+00,1.147612999867799743e+01,1.329365683574072499e+01
9.694189261173416838e+00,1.189662646042147642e+01,1.598366712597070816e+01
1.068239524195493928e+01,1.249651872250811735e+01,1.309011832938988640e+01
3.595621042166699866e+00,8.215190182952124331e+00,9.706600869544294241e+00
5.550898073059060245e+00,7.689971982567286091e+00,8.959360973536997008e+00
3.291792092249472557e+00,5.366000943884648322e+00,8.699233412776866459e+00
5.437177948307531317e+00,9.630348463765653122e+00,1.142562675536434824e+01
1.267462839703824251e+01,1.476074906302140555e+01,1.575598988852945581e+01
4.921881912968627759e+00,6.175840135732340030e+00,9.427773992338734033e+00
7.365731948956150354e+00,1.183204526020178804e+01,1.269524793019364495e+01
8.448055005023448416e+00,1.035928606100167215e+01,1.442052514980911937e+01
4.152069380701129298e+00,6.980062430905101145e+00,1.009137731281875006e+01
8.196624713761828218e+00,8.740099338462677281e+00,1.204969162925411474e+01
-4.301268667350394814e+00,2.731937047470669455e-01,2.576734301959950457e+00
-1.025816737732113459e+00,3.790206788752009004e+00,4.048753262865971259e+00
7.482600961347954716e+00,8.805490276783299208e+00,1.333657146096341783e+01
3.448440819433050919e+00,4.905789687798231213e+00,9.518934559860214861e+00
2.838095323608794907e+00,5.832613987393226118e+00,1.013711854618615149e+01
-8.653980161913841229e-01,1.539792784380479951e+00,3.255257049859769936e+00
1.421054296239374182e+01,1.695137452031720215e+01,1.992829953666991116e+01
-9.295861500830184809e-01,2.086975791558875137e+00,5.736306100346421744e+00
8.672079169935191345e+00,9.826927357430179200e+00,1.261266859979294708e+01
-1.971347678773320844e-01,1.866044236973650960e+00,5.639928526590250790e+00
4.971432229329977304e+00,8.063885644135293518e+00,1.011391211603669760e+01
2.755438300168734145e+00,5.981274295271800767e+00,1.031747371249016076e+01
1.635467055899965994e+00,3.437778161949199607e+00,5.102762988427477886e+00
1.608476111988662360e+00,6.256320008479828942e+00,6.859931953884309763e+00
8.466331548001672758e+00,1.131034057488925981e+01,1.394184376312899509e+01
4.408419768567941155e+00,5.906753916955077344e+00,7.688174661795043718e+00
1.153041275524018694e+00,4.786674955033282330e+00,7.840467757235973778e+00
1.725522870855254354e+00,5.437217139174649994e+00,7.096719071596898409e+00
3.836963307855463690e+00,4.839870196269647096e+00,7.448081044365154391e+00
-1.878877502110372077e-01,4.357814293089729674e+00,7.277449531113269643e+00
6.795687843987238352e+00,1.163669038984558313e+01,1.470422334873669179e+01
7.970635120683633446e+00,8.906193940957532362e+00,1.281560509332941677e+01
3.572623281559688113e+00,7.249436775506101327e+00,1.162744740631924145e+01
4.275456391012284918e+00,9.069996592169914607e+00,1.351437251150467844e+01
4.595286067870645752e+00,4.886917501559652877e+00,7.045775865691346951e+00
-2.479674320532954113e-02,4.247435522960245180e+00,7.068776703562664743e+00
1.025967889473077044e+00,1.413862455036553278e+00,2.726815269215733473e+00
9.556355506868858818e-01,3.721039140606450246e+00,7.185021439533034737e+00
6.950944829906476663e+00,7.773506444287796135e+00,9.658421952513041475e+00
-8.205827519469652831e-01,-1.883211974453988802e-01,3.415268801340957783e+00
4.015568699387218388e+00,7.165304270191774627e+00,1.007965460126039403e+01
-7.177330216532600282e-01,3.707988750886543894e+00,5.793355389158767466e+00
-1.296394330080972601e+00,3.339284413322125999e+00,7.254250387178551307e+00
-3.658311014684212381e-01,2.052656856784508932e+00,5.672559892790541625e+00
-4.785861221852904634e+00,-4.020766542481664096e-01,1.042071187896965512e+00
3.928719809087433124e-01,1.051055450829001536e+00,1.415953877487196699e+00
-4.827992158024018821e+00,-4.237631951207493586e+00,-1.215432963706414071e+00
4.092933328310049745e+00,7.489071434076410405e+00,1.211252548182026345e+01
1.568858097720808864e-01,3.348623674401555395e+00,8.184419165077176928e+00
1.620080401260855396e+00,5.991030777999725387e+00,6.412863622588605317e+00
1.572552587737924057e+00,4.625577672759478176e+00,5.765739872298717650e+00
5.260338034396223605e+00,8.540625793767269158e+00,1.195211981095467202e+01
-5.344249887926362241e-01,3.690843851783764951e+00,5.228299971975840954e+00
-6.188645409345763682e+00,-2.200582313019195269e+00,1.480851067915470054e+00
4.363344703610259501e+00,4.880835312069737419e+00,5.699244969123410165e+00
2.288490762141206059e+00,3.275334878972155916e+00,8.131466390036576897e+00
-2.073036572592158677e+00,1.483177356082418186e+00,4.765080089007343034e+00
-2.533321943542046206e+00,1.161663605764171381e+00,2.738105051545141944e+00
-4.249158623837757887e+00,-1.247549593677904411e+00,-3.073268497867729376e-01
2.120427735831458271e-01,2.397813060824178777e+00,6.951609023711283974e+00
-2.279403804896590557e+00,9.544780498178839778e-01,4.377574051089613505e+00
-1.685724325423422432e+00,1.566956003498332528e+00,5.666536446596992072e+00
-3.063937947413179153e+00,-5.825677016696492183e-01,-9.255928389418932589e-02
-2.648982097339491748e+00,1.706442591192544267e+00,4.208720167007575341e+00
9.529234363056340307e-01,1.978298644803853978e+00,4.731355743711675998e+00
-3.264057118940967062e+00,5.377263295576332203e-01,2.603200591754526894e+00
5.496663746676722084e-01,1.883632706239974475e+00,4.257327225956321293e+00
-4.104974926043911232e+00,-8.795242469189296086e-01,8.990418308528967950e-01
-4.165314803198614690e+00,-2.459633141125833866e+00,2.439588036851856323e+00
-8.211779498343277695e+00,-6.371283229281610616e+00,-6.277403251274213503e+00
-1.184482673181445511e+00,1.046246687420134380e+00,5.125884700757858958e+00
3.181544160782268094e-01,5.253619781837779890e+00,5.996261588981674606e+00
-6.599877611163713631e+00,-2.480913750808741547e+00,1.509925824656145998e+00
-5.508612586509707754e+00,-3.082360900489656164e+00,5.193462091701648298e-01
-5.527276060347491082e+00,-4.331199694483441220e+00,-3.205144837071765007e+00
-2.191548129761576647e+00,3.930908360776230737e-02,1.115723384458239487e+00
-7.392981887774404015e+00,-3.208682500041896368e+00,1.688121561388316039e-01
-6.224245821285883551e+00,-3.035677184342858936e+00,-3.149390595329291109e-01
-6.666481247189932624e+00,-2.891728852550971673e+00,-1.480160302258572536e+00
-3.107180293415198413e+00,3.469161979549584274e-02,4.076338979738920898e+00
-1.265021032849011995e+01,-8.642092261016077970e+00,-6.368087621336627535e+00
1.201464207778541127e+00,2.352404423873792005e+00,4.044576407045536115e+00
-2.571529203762984217e+00,1.135254425796158984e+00,3.378405600139155140e+00
-2.474802816391656002e+00,1.218683116617995665e-01,4.544108760481271325e+00
-6.868961437875547027e+00,-2.193057470843171153e+00,-2.168144722550877646e+00
-8.806393381608685900e+00,-4.909817249462294697e+00,-3.839644081768905259e+00
-4.564266086575479164e+00,-4.250973784485427842e+00,-1.454228708444945894e+00
2.530100541520929891e+00,3.451786352104499578e+00,5.332429639758315076e+00
-7.261295452551978613e+00,-2.566669872112469886e+00,-9.243470957149790834e-02
-4.429458670651647445e+00,-1.888877441613186825e+00,5.505941128635933879e-01
-2.314430470029830822e+00,-2.228987216156139262e+00,-1.922276929449506788e+00
-1.146121268752048294e+01,-9.531020433923952595e+00,-5.370205105521068667e+00
-6.219164362204720575e+00,-5.498662806977499429e+00,-7.314024844436435302e-01
-9.590037069271449610e+00,-6.046498828269080583e+00,-2.111110592879621883e+00
2.505225490531548527e+00,2.942701331744514981e+00,6.665537433453700089e+00
-9.803898853817223369e+00,-6.682101676246522182e+00,-5.889899202841229808e+00
-1.196570088560191891e+01,-1.050003968355207462e+01,-7.526148709798953007e+00
-6.279514976068042209e+00,-5.451816505606544183e+00,-7.980476937134364235e-01
-1.254854166184522946e+01,-9.493289766885775194e+00,-6.218874062483369158e+00
-6.309176477321561727e+00,-5.304832939712325057e+00,-1.991237334466023690e+00
-5.499201270003380770e+00,-4.729254804980796756e+00,-1.068280806965494545e+00
-1.486518260558963078e+01,-1.255770210105750095e+01,-7.632587107831721340e+00
-2.015605250696181461e+00,-1.624044343946540181e-02,3.476128725971428413e+00
-7.821918350384992280e+00,-6.211420940371660038e+00,-3.258731263265118638e+00
-1.967307709763478796e+00,-1.346103663370981529e+00,3.601962603129594598e+00
-7.663975223747402588e+00,-4.798043760215275455e+00,-3.580250295224071344e+00
-9.450420347316928371e+00,-9.165411869965151226e+00,-6.837731774907206628e+00
-5.855455532779923367e+00,-1.675193055696615474e+00,6.667453869311419368e-01
-1.186237942247004007e+01,-1.156795358447464395e+01,-1.131131824242123862e+01
-4.248821744902775421e+00,-2.878986098303174757e+00,-2.058616551103704229e+00
-1.244469927845857882e+01,-9.274334451337583829e+00,-9.271349916957648318e+00
-7.187141045884702706e+00,-3.787406090048309082e+00,-2.905059298976591098e+00
-5.328390291732846507e+00,-3.192693213478219771e+00,-1.731971274819497086e+00
-1.032225543888319130e+01,-6.958669095484490974e+00,-3.020116376572379302e+00
-1.117956916542296497e+01,-7.795642762029563855e+00,-3.080487505830207695e+00
-8.282090433176145794e+00,-6.627277279831266910e+00,-5.493722059595848251e+00
-1.083236199969728730e+01,-8.123284324824197711e+00,-4.856736642661648062e+00
-6.531652058282294782e+00,-3.476229132760460416e+00,-1.226411406204070964e+00
-7.786846345719311557e+00,-6.509291051419803686e+00,-4.554108562364797663e+00
-6.184464604633276075e+00,-5.861705258030869281e+00,-4.047341378565080916e+00
-1.127704640565806216e+01,-8.275741032146937570e+00,-5.941971766467474936e+00
-6.033572069664271176e+00,-2.274112410908042392e+00,1.361200331148958220e+00
-1.222063543229364946e+01,-8.370102572452417178e+00,-6.826024312391059112e+00
-9.614362931412488322e+00,-6.627548771143579209e+00,-6.275223678475304823e+00
-7.727513853778312125e+00,-4.515805771444045824e+00,-4.487781102559543100e+00
-9.457081441683131473e+00,-8.298223708481112126e+00,-4.550654409883069462e+00
-1.115537228641048273e+01,-6.279530903493323990e+00,-2.960197690783912261e+00
-6.787513479822556484e+00,-5.513909263753006940e+00,-1.956557834684356401e+00
-9.057966661650581841e+00,-6.375219419745578264e+00,-4.256666219692748498e+00
-6.883745557964664030e+00,-6.366632267970099512e+00,-4.679467092192003186e+00
-5.081637637579365041e+00,-4.035382367580191421e+00,7.006255294817025359e-01
-6.250733163113172175e+00,-5.434732633829079340e+00,-4.018046513724758739e+00
-9.074081182476902541e+00,-7.362091506397233864e+00,-5.722313147403267131e+00
-9.754795294337000655e+00,-8.466597806512377034e+00,-6.741535499758862571e+00
-6.218635460675876026e+00,-3.669558599728166115e+00,-5.189912303033272778e-01
-7.871829852377714154e+00,-5.530613108501544417e+00,-2.572031088521177455e+00
-7.502691656644527640e+00,-3.341064787838272210e+00,2.748805336494140050e-01
-1.019474182256162642e+01,-8.496489949071561298e+00,-5.453565633962885961e+00
-8.363127997361662125e+00,-4.141249031984751028e+00,-2.726072090046014473e+00
-1.326878121509640707e+01,-1.127606023616038122e+01,-6.792499708652876222e+00
-7.146043002677762601e+00,-6.597447812778757914e+00,-3.786106248483027681e+00
-9.812937621335123595e+00,-5.418189457086973526e+00,-1.214067900377017395e+00
-9.105768172116153636e+00,-8.126871601075931650e+00,-4.224241270452168351e+00
-5.890092924221607795e+00,-1.743159963418579927e+00,1.852782144185604718e+00
-6.372812819305192278e+00,-4.518200200158860369e+00,-4.332492145322318855e+00
-9.146912909371197387e+00,-7.084671757915458556e+00,-5.813180008585527858e+00
-9.497098960949134749e+00,-8.470547736973095709e+00,-6.901525237359498632e+00
-6.565098936770348281e+00,-5.937480330574775422e+00,-1.644860310601872655e+00
-1.553594992752534587e+01,-1.192554584550894425e+01,-9.858587170120710397e+00
-5.289387718155511564e+00,-4.688122098239876578e+00,-3.707451868712336118e+00
-6.724103034837749959e+00,-4.261957667804326277e+00,3.318987941510957995e-01
-1.079678312718536759e+01,-5.884900718582956713e+00,-1.046313691872854612e+00
-9.867945568799378009e+00,-5.628636011771503078e+00,-5.423208445269431799e+00
-1.212842990212456584e+01,-7.271596843411746391e+00,-4.754371233055286083e+00
-1.416148976996004194e+01,-1.403338696545524655e+01,-1.034184818064534994e+01
-1.457009093813499589e+01,-1.107152301176584430e+01,-7.614276418682385028e+00
-1.412286731666941009e+01,-1.216563546220650949e+01,-9.367644329679908566e+00
-8.576080842798180726e+00,-8.083649803095180886e+00,-3.116445519795766117e+00
-7.555041628939295428e+00,-3.995674740098055011e+00,-4.091152973415423943e-02
-1.168244590479406497e+01,-1.009081072092547871e+01,-9.644093400191236398e+00
-1.494090257565917668e+01,-1.147955459422418478e+01,-6.991268416202761848e+00
-1.256512777855174789e+01,-1.013806235494245200e+01,-9.268858606614639228e+00
-1.528448807032105883e+01,-1.222833811041055085e+01,-8.687120648942839196e+00
-1.285418703964649367e+01,-9.436049708995868812e+00,-5.100377115489051150e+00
-1.017412230874391810e+01,-9.491179939963828360e+00,-8.386198294668364639e+00
-1.319081053177114882e+01,-9.957219894969512097e+00,-8.466073513670140827e+00
-4.570127823383881349e+00,-8.156956412909108778e-01,1.070857817650791244e+00
-9.358093874970975889e+00,-7.049372537823436424e+00,-4.904559157567703664e+00
-9.758613831309888909e+00,-8.242756100504868400e+00,-5.516605074315048540e+00
-1.155304623399851138e+01,-7.581384123195478608e+00,-5.907013480261477767e+00
-8.581880117893641469e+00,-4.256731181971544764e+00,-3.044492336394978960e+00
-9.768218512475398185e+00,-7.351226736401655693e+00,-6.003138183158520214e+00
-3.921689272006151583e+00,-8.010112335382588711e-01,2.083071012959196278e+00
-1.088457956373925128e+01,-6.386125180895347420e+00,-5.887556089333505938e+00
-5.571668250568654557e+00,-5.501014210256622405e+00,-2.707733109034313301e+00
-1.130609372560053849e+01,-6.455214412064569807e+00,-1.538917584099188218e+00
-1.158835811249937287e+01,-8.796230703046001409e+00,-6.143574306134588880e+00
-7.348175434784366189e+00,-4.795533791010116786e+00,-2.487524919357283260e+00
-1.389299812965373349e+01,-9.312671124266248768e+00,-7.014788423824879438e+00
-5.898985567825348220e+00,-2.831366591138528399e+00,7.896875545431827348e-01
-1.113775176655711974e+01,-8.634808990865696643e+00,-3.750722651297866861e+00
-1.264559308407201144e+01,-8.190638885111818368e+00,-6.741580979398147377e+00
-8.265109085784651199e+00,-4.584423739212780902e+00,6.188069975948184975e-02
-1.393745968125037926e+01,-1.151444126413611002e+01,-8.330001757667540474e+00
-9.377841511374766625e+00,-4.580432238400405254e+00,-3.431418554670604859e+00
-1.147779496290216450e+01,-9.041970021114460465e+00,-6.035882031790713143e+00
-1.310605392020757165e+01,-8.337813560985992467e+00,-5.853812603431492789e+00
-5.646690175578532589e+00,-9.840927315119500918e-01,7.636803212983500622e-01
-8.369057028029986967e+00,-8.296651770124565672e+00,-7.538879381669602253e+00
-6.281759897442207752e+00,-1.847999125001260623e+00,1.108268198345592204e-01
-7.868912546875174385e+00,-5.507407246962129577e+00,-5.166342964947197025e+00
-3.941658364745370235e+00,-1.357869231122200482e+00,3.207942848519713230e+00
-1.401919295942010280e+01,-1.036469102914590401e+01,-9.880932536503932440e+00
-1.296023597763371349e+01,-9.778202964748981429e+00,-9.240569145941476492e+00
-5.104339677912449247e+00,-2.329628926218000551e+00,2.882151143915927527e-01
-2.893806325548359926e+00,-7.552332317836540909e-02,1.001798521033645528e+00
-1.032686199272928818e+01,-5.442760149790539792e+00,-1.562114651932850595e+00
-8.096454471413411014e+00,-6.555357056470834998e+00,-5.513398653985779774e+00
-5.871606198364913709e+00,-4.629163726798056544e+00,-9.237385988767470302e-01
-1.170160508835076385e+01,-8.248867906138256600e+00,-7.651659333355310011e+00
-1.347421538379071571e+01,-8.494174047548774809e+00,-7.138408064266121400e+00
1.190782250896436079e-01,5.762875559704792039e-01,1.803994234629557658e+00
-8.863191411272346443e+00,-4.917988442883172162e+00,-4.372873207450679089e+00
-1.299466194061918767e+00,-7.743744986565541666e-01,-1.173541606165111606e-01
-9.775376935916650467e+00,-5.209164685082221524e+00,-6.619261902289839128e-01
-5.651305688637044078e+00,-3.348143743505542336e+00,-2.742128815452631319e+00
-9.767985273458803519e+00,-5.063272370819940527e+00,-2.258356530027775033e+00
-5.381214082323152681e+00,-1.429728459558290421e+00,2.091476490848123149e+00
-5.602989458250585031e+00,-2.159906942726215640e+00,-4.337195824285893231e-01
-1.590711421064080033e+00,-9.499587167410323829e-01,2.237421058274876806e+00
-5.202659787161383775e+00,-4.729138554047048970e+00,-2.948219296676895418e+00
-1.059599298963218850e+01,-7.726161817268440757e+00,-2.815803242418412289e+00
-6.800397775862911054e+00,-1.842714165071005938e+00,1.398224739035596409e+00
-9.236625650257961340e+00,-4.862018356715495315e+00,-9.407918534649364339e-01
-3.710950808470590889e+00,1.168884181732279259e-01,6.396948845989677279e-01
-5.792721839164756581e+00,-8.401332346349521529e-01,3.958956179743193360e+00
-6.661050670239423432e-01,6.198897740799766964e-01,3.607266110139165871e+00
-7.184046988478823614e+00,-3.753084992221294325e+00,-1.899516309635917999e+00
-3.688696184672016098e+00,-1.793896063528897855e+00,3.061535721577621771e+00
-5.000259532394665030e+00,-3.625337448882769209e+00,7.611514722873211625e-01
-8.826179205879203238e+00,-5.088026957278017903e+00,-2.478387896159080839e+00
1.406191706631063409e+00,3.122939283166902058e+00,3.675882343831861299e+00
-3.035420233525880640e+00,-1.001767821349268228e+00,6.068066594244163614e-01
-2.909238547453580903e+00,9.991145181039091661e-01,5.569721996032390265e+00
-5.289901825188982443e+00,-2.526631486810555494e+00,2.215731502930021968e+00
-4.437118707427231357e+00,-3.407662361185028743e+00,-1.099397340654294730e+00
-6.395339884360117466e+00,-2.378815783831356168e+00,1.640375063536710254e+00
-2.850312329134207623e+00,1.001548915282983288e+00,2.538888806023298361e+00
-6.710976978382050540e+00,-3.004161637079590719e+00,-2.820726204975789742e+00
-4.300305317129238247e-02,1.451877140059507632e-01,2.590313650481659735e+00
-6.688765735126759537e+00,-1.876853967836181525e+00,-1.867534179195447841e+00
1.525665809119778338e+00,3.763384030859545426e+00,3.777471185720045366e+00
-4.315630488036095613e+00,-1.139319330770904193e+00,1.039507105966948730e+00
-5.238113081718837272e+00,-4.317275870293502571e+00,-2.915595198697598533e+00
2.181993574230960853e+00,4.434634505519396086e+00,8.660798549431286020e+00
-8.009340699621372295e+00,-3.936474121361060341e+00,8.500091324792169445e-01
-8.852825396672602265e-01,-3.543068099356454503e-01,1.426610752553904682e+00
-1.026488953012088245e+01,-6.992282093073196592e+00,-3.584531505219611169e+00
3.151499659952650134e-01,3.678167875420594868e+00,6.217438546618199169e+00
1.528883272578153596e+00,1.590803482072545183e+00,6.363926944925291096e+00
-2.090595921023338910e+00,-7.539884972924379980e-01,2.486737056876839880e-01
-1.433202538965936856e+00,2.333900965024571228e+00,3.279633279061811457e+00
-7.355165606895814889e-01,3.496482204391146098e+00,3.799554718568312062e+00
-1.618178655109937525e-01,6.965784056046535611e-01,3.017683473536558303e+00
-3.024078638851656287e+00,-1.490623133079599816e+00,1.408795626287568936e-01
1.058025214512682499e+00,4.912273463316151556e+00,8.371712730298296989e+00
2.237949907481732836e+00,3.612233759757313312e+00,7.944262336611727093e+00
-9.872413772019710265e-01,2.974274044513967930e+00,4.185854921976852161e+00
1.174129271803766805e+00,1.854439887210475923e+00,3.716410259187161280e+00
-4.701232634756019380e+00,-1.719867405420188788e+00,1.498988857360053828e+00
-1.024272749066549526e+00,3.208933826205314421e+00,5.275310631191019617e+00
1.023300070578696541e+00,3.667916553216066244e+00,4.691733102224445062e+00
2.071642766249499168e+00,4.113112541871744909e+00,7.416489448665341655e+00
-4.992325626826747964e+00,-6.325724167204973547e-01,4.420779987734162475e-01
-2.315873327184758690e+00,-1.413509885021224655e+00,2.407289613498801994e+00
4.192353722499955637e+00,7.208464947966520597e+00,1.149575142003481787e+01
8.709851148693736889e-01,3.532237213255436714e+00,5.882267026251948749e+00
1.179399314259982123e+00,1.623574430085002351e+00,5.857118865260694918e+00
-5.117659421677185350e-01,3.460308798578007661e+00,7.912256879110456609e+00
-1.629317987685321878e+00,1.015857336941409006e+00,1.655557292701784977e+00
3.132597157404027666e+00,5.549450180391344745e+00,8.400739395445361524e+00
2.386912788140111985e+00,5.510186418601312752e+00,8.769724475352386861e+00
-3.487237998071102574e+00,3.788948728142980116e-01,4.694638060497442922e+00
-4.256308500667509875e+00,-3.000714962973737521e+00,-1.227968395507553545e+00
5.136376633774556666e+00,7.285973895649491716e+00,1.097780299778141888e+01
5.343426081798261507e+00,5.523333296667212622e+00,7.500136143214651163e+00
4.298879464501748515e+00,4.340621628486808881e+00,5.540308723356782927e+00
8.679631848709494335e+00,9.826227552516954233e+00,1.011067311360585030e+01
5.050486482759876772e+00,6.103579188721479198e+00,1.070243774684734106e+01
3.304205026705870019e+00,7.750286820944377375e+00,1.108868292525609611e+01
4.888319001533889541e-01,3.643493135229145974e+00,6.499083815744484127e+00
-1.900641625491268361e+00,1.176575700535582136e+00,4.933696647021735160e+00
4.290519381498666185e+00,6.919067187270071528e+00,7.966387691401772386e+00
1.861875083610742942e+00,2.766740529290998118e+00,3.973843471151870865e+00
-3.623992667928935596e+00,-5.828106726204023147e-01,-2.245185522336100581e-01
2.638030727989031821e+00,2.713355127145737899e+00,7.369240602035576515e+00
5.092647496084671488e+00,8.021952111747516767e+00,8.397062173634527227e+00
1.290207340811746928e+00,5.144805835835979835e+00,6.802088961780468068e+00
-1.050771680204438674e+00,2.508335787563015451e+00,3.855640602379883042e+00
1.752909386261638502e-01,4.509188002389253214e+00,6.468296614424592583e+00
2.291339202494651950e+00,4.812240950588585697e+00,7.683873352998888073e+00
6.819504752496309941e+00,1.091268317974102153e+01,1.232043190622344397e+01
6.020344032451435012e+00,9.111086235148009749e+00,1.009679944161863219e+01
5.020895921365263526e+00,8.371167546340517518e+00,9.966521477915154748e+00
1.243701145589174928e+01,1.345106899229376296e+01,1.472011298929650813e+01
3.159066344855256947e+00,3.375437281182951388e+00,5.555187955250982412e+00
3.208012700366563497e+00,6.346787322242027685e+00,7.521612508554641252e+00
2.887462380418415187e+00,6.795962970053531116e+00,1.086264135889017624e+01
7.600026264771550188e+00,1.031541710570623493e+01,1.348248656229956133e+01
1.065055709394431283e+01,1.086408164264079268e+01,1.377935889226708355e+01
7.105122034692742616e+00,1.094327138126598342e+01,1.096701156459675097e+01
6.752247841918944893e+00,7.687710424766671657e+00,1.191807535324654133e+01
8.965436710701048639e+00,9.765679532117538031e+00,1.241294678471307833e+01
3.520935318616706500e+00,5.993856310560472522e+00,1.047207529948710558e+01
2.165952515756672803e+00,6.953461337220319116e+00,1.035315062566956890e+01
1.291489879586319844e+01,1.496658556623585845e+01,1.882522010089822828e+01
7.006992436296952675e+00,9.939816300863954623e+00,1.389103231146156503e+01
7.275430691252219084e+00,1.124820187917950420e+01,1.209646008954714880e+01
8.308885376592103356e-01,5.305725730891797554e+00,5.608740182511701811e+00
1.349670569923775609e+01,1.516202439227165755e+01,1.899111163974350447e+01
9.082067861380282991e-01,4.064728082785816987e+00,4.287286457312703192e+00
1.356590761710013560e+01,1.607269570206475606e+01,1.970848213805505367e+01
4.190768059475910690e+00,6.576480551945218522e+00,9.610183031086624084e+00
1.793577069773561128e+00,6.165259248732778197e+00,7.317342019164579270e+00
5.529478978776330322e+00,9.213884275686433867e+00,1.227245851207300120e+01
5.511990353908944762e+00,1.030848186804907307e+01,1.520005930146396267e+01
1.018044190762638479e+01,1.103045824128230556e+01,1.354562054822006800e+01
2.703156532327437134e+00,6.123024684827673703e+00,8.873837788588661013e+00
7.907376472385731603e+00,1.130532158385878283e+01,1.460803370511686694e+01
4.085906078160292054e+00,6.607970454310414965e+00,1.029796952748243299e+01
7.757164581097269362e+00,1.155495185337131758e+01,1.248847916752529308e+01
1.235901672028903953e+01,1.352232385616659727e+01,1.582885180554472804e+01
5.478355420215008209e+00,9.040949211085083093e+00,1.207833813689429370e+01
3.624344112956102038e+00,4.824408575780965158e+00,9.471393121688578276e+00
8.707320400330916144e+00,1.095252507377297491e+01,1.453694058404900424e+01
6.106785340240265647e+00,6.774302382627029218e+00,1.078357284364641266e+01
9.772102988960979175e+00,1.247115009612543446e+01,1.382123171293461361e+01
5.595640019286669542e-01,4.835339489838903937e+00,5.030583840601892121e+00
7.564546154589400828e+00,8.983264164517919426e+00,1.311651235040544172e+01
1.376639875233920840e+00,6.299317120387170732e+00,8.957271720205071119e+00
8.467013713848526635e+00,8.900192865994654312e+00,1.325516077838458351e+01
9.604578493646833692e+00,1.078652798649356193e+01,1.436198022093596194e+01
1.511822981558811385e+01,1.524818115361341597e+01,1.749874035494725533e+01
1.083207003490769260e+01,1.196010297836472347e+01,1.480994634347204553e+01
1.524638906753515499e+01,1.612945328300057213e+01,1.987991336317323388e+01
3.448068787733886253e+00,8.098631973672716811e+00,1.091076517929870526e+01
7.901798645758693951e+00,1.033821368060447554e+01,1.268447253165332711e+01
9.608737396179641621e+00,1.323767650688332154e+01,1.623858228530070491e+01
7.323326079998910387e+00,1.103248394686360001e+01,1.264396921128264495e+01
6.715427630517314839e+00,8.823934612446521442e+00,1.190909949700605708e+01
1.910631158926450190e+00,6.270578134524065206e+00,6.337252230615242787e+00
2.905667521945591858e+00,6.222234475769140793e+00,8.985080860578761985e+00
8.254726538542090708e+00,1.101222643343473351e+01,1.280670720499410642e+01
6.707800752476650530e+00,9.762748812025444423e+00,1.086165594005622559e+01
8.069724647631197456e+00,9.362521208856980692e+00,1.358926022909334641e+01
4.393801991366704129e+00,7.082060416860697316e+00,7.847430048170669359e+00
3.642772141183025170e+00,7.866913184940694137e+00,9.697342554672644610e+00
7.411303680462261845e+00,1.079867940429317485e+01,1.413160602508509101e+01
2.351417141747804251e+00,5.491723739941911653e+00,7.239574423788430302e+00
3.047873819522917138e+00,6.963760175011632469e+00,9.845133732652854519e+00
5.839715005921402025e-01,4.487629300292521606e+00,6.943492851878643179e+00
2.293406094404585538e+00,6.955889408883193070e+00,8.878298431713204764e+00
1.116994424967270305e+01,1.602171293645363548e+01,1.627771986994491016e+01
1.062797856563707910e+01,1.115668310979536315e+01,1.485425931950922518e+01
1.041425447871357157e+01,1.111615811295780176e+01,1.506369794237743065e+01
7.409008452760896368e+00,1.007924797757303814e+01,1.151647075041409884e+01
8.925988502189550644e+00,1.007290909172528259e+01,1.110952429474525260e+01
5.492126369826054955e+00,6.702183156422218069e+00,1.048307548947332712e+01
4.301202541548506453e+00,8.472799560500455129e+00,1.061333452115005826e+01
9.552563970815288741e+00,9.783894336148495796e+00,1.023674572859551013e+01
5.220575434930159631e+00,6.691785490934295311e+00,1.156104852915234460e+01
9.154276868294685343e+00,9.283443382532867716e+00,1.178355151359586728e+01
7.346322225186202814e+00,1.081596866605269724e+01,1.104614435417616214e+01
7.933044350527766575e+00,8.347562658223115051e+00,1.265936884207658153e+01
1.363515304662317362e+01,1.535026782801615397e+01,1.999950964723858249e+01
1.131438272418851909e+01,1.277446454457027158e+01,1.494228670991567931e+01
8.908216585745863725e+00,9.359160293007567688e+00,1.030547713114192909e+01
1.141130732753573085e+01,1.147474735778135368e+01,1.640896863159495211e+01
7.600570572861830243e+00,7.804546840229670934e+00,1.158444132741147925e+01
1.083516649914006180e+01,1.119203328246343077e+01,1.286269363737371840e+01
4.415705619362723766e+00,5.947945202243875684e+00,8.098637652526452513e+00
1.859593499392764748e+00,6.713759939852377734e+00,1.005870698165533206e+01
6.910891441214923603e-01,5.049863659632889856e+00,8.118122350733889547e+00
6.512037544372215159e+00,1.143736105307921669e+01,1.628978143753657548e+01
2.056482228531109513e+00,6.700282892236413268e+00,8.220983751982604559e+00
7.107478190108109217e+00,9.786361561287037603e+00,1.358487611913256288e+01
4.067126683898329986e-01,2.606761856342243888e+00,6.024835326457640861e+00
9.064002334258347560e+00,9.859934551629535804e+00,1.301169628673522283e+01
4.171023728125067720e+00,5.972223498513054452e+00,1.064719151532711372e+01
7.853434971885983273e+00,1.062807288430316532e+01,1.422769403802096377e+01
4.085811271666756284e+00,8.540299543483532929e+00,1.121822192946024899e+01
6.417360282817944572e+00,9.822519745942331681e+00,1.082501870938310695e+01
4.592020573783487158e+00,6.939581651812622098e+00,8.983403965689809922e+00
6.113160393333492593e+00,7.913747384243703387e+00,8.459292525068930146e+00
1.620659897904428881e+00,6.327500964103400349e+00,1.089795322627438523e+01
5.568114792679149438e+00,7.224258742070237105e+00,9.246329161305208544e+00
-1.279375183930229198e+00,3.472132768548179982e+00,4.766898209449536239e+00
3.312184389299825948e+00,5.387331132888386165e+00,5.636451677555390560e+00
3.392915338234648637e+00,7.101108489947480784e+00,9.152570434069621896e+00
3.956247727319947671e+00,8.512159576159316288e+00,1.305735704757046101e+01
9.258850158327296853e+00,9.677058384235090571e+00,1.246252493249331650e+01
5.323460992278183923e+00,8.995001036274704376e+00,1.054349339571948718e+01
2.040179311881825441e+00,6.707771281102045791e+00,9.343892142064660788e+00
3.592808077109125087e+00,5.772740803304699853e+00,8.688315060079204954e+00
1.548832906336205184e+00,5.659416068096931873e+00,7.298631616711390713e+00
4.261990688764319302e+00,5.511871621500635143e+00,9.239795452488115401e+00
3.670768664597871656e+00,6.192975231360250632e+00,1.087673302014719923e+01
1.552841888420832372e+00,5.012878185379403106e+00,7.557596740779708000e+00
2.952967761217749842e+00,6.796835321510029893e+00,8.617880712569542467e+00
2.211752034727236360e+00,3.733850904778427626e+00,5.024844057900951455e+00
-5.451872027513782193e-01,3.146669133539473417e+00,5.671881914797608282e+00
-1.943882339046856478e+00,-5.180906475296866986e-01,2.691759005509771541e+00
2.178010096234892501e+00,6.537483308375103164e+00,6.633596171265218722e+00
3.128427010602319314e+00,3.790968713305676641e+00,4.078932207344957206e+00
3.655198259965753316e+00,4.136416058056780365e+00,8.603469268839260664e+00
7.328390212964432493e+00,8.028078293483909889e+00,1.083384486463283025e+01
-4.243118500976832408e-01,3.977519915486940505e+00,6.780818372679551231e+00
-4.200427245557591505e+00,1.308571136114906608e-01,4.537847274406335174e+00
2.205360295318900654e+00,3.075707976136508925e+00,7.854933272187700766e+00
-2.826082340550975402e+00,-1.450765249221070974e-01,1.167019090380120083e+00
-2.455111762673078069e+00,1.469566968936648621e+00,1.829195781963465217e+00
-3.605193319902517235e+00,-2.094077201794883436e+00,1.718757247064829130e+00
7.326035537346602844e+00,1.227712540032704425e+01,1.407105921845201379e+01
1.701218432692698457e+00,6.205988125055716509e+00,7.047024442257034949e+00
2.128085895316195408e+00,4.595651908375472772e+00,9.501912966859826781e+00
6.458948606049433216e+00,9.837706956894828991e+00,1.466297923969774253e+01
3.276498331124321872e+00,7.167146141183478036e+00,7.567788694538385208e+00
7.454939839110343414e+00,9.015816806629183944e+00,1.001429846484689001e+01
3.764945724777999381e+00,4.376678546252826152e+00,9.252111593928798783e+00
2.354726073209035597e+00,4.473880068662976939e+00,5.775513001292891246e+00
4.090204870642330626e+00,4.255712581110500992e+00,7.895562033710517902e+00
2.063127658088235172e-01,1.313901762333093748e+00,2.962369770553186399e+00
1.086010720550032449e+00,1.762752222607156138e+00,3.789007633473712833e+00
7.853580977926738704e+00,8.241018922015090453e+00,1.014343549647816900e+01
-4.162766096142841654e+00,4.511447737339340236e-01,1.071779098922588158e+00
4.771061034407472867e+00,9.715206924770612318e+00,1.324010047977103888e+01
8.547851443335593657e+00,9.454273630138406048e+00,1.312357674918926165e+01
2.546307997168775206e-01,1.502924014300361710e+00,3.229049857858854899e+00
3.032771989557154768e+00,4.771566353715897435e+00,6.713899956555706261e+00
3.089771745713942863e-01,5.041963927031559933e+00,5.548081567826449678e+00
4.709008823892419038e+00,5.520808006011923119e+00,1.018134651252839618e+01
-3.602649721102794800e+00,-1.383856808933637161e+00,1.889030866371643747e+00
-4.452625442524857036e+00,-5.081663649377754499e-01,5.062648595753242997e-01
-2.382748793693776790e+00,2.199371625893558502e+00,3.601703390920191872e+00
-2.473977303997464183e+00,8.132751837173690657e-01,2.413302401586116197e+00
-3.254291982281220186e+00,1.569678566197445058e+00,4.120803653319578430e+00
-8.080217204462492031e-02,7.028014743789274821e-01,3.953334332760652714e+00
-4.226685008840731506e-01,2.620831902166340655e+00,2.934860032491414916e+00
-2.099092776536914062e+00,-1.694956602631031206e+00,2.758219376044483528e+00
-3.863254169669943838e+00,-3.590812862694227059e-01,3.831471673623980667e+00
-9.167900269932996338e+00,-4.720916047905870272e+00,-3.969856667413733664e+00
2.510630671874121589e+00,2.618302100126152610e+00,4.959084827286384112e+00
-4.348784727345329060e+00,-2.407189404817845713e+00,1.199238821496344087e+00
-3.468805782702935492e+00,-7.507438238774811756e-01,-6.912173157042107441e-01
-2.125726345849009657e+00,-1.443216591474083543e-02,7.517237442443195361e-01
-6.611510298150626852e+00,-5.940224962913044138e+00,-4.174840376939632947e+00
-1.780358438762633000e+00,2.373765155331929222e+00,4.775813264088973220e+00
-5.196158731265225761e-01,3.303262363094939591e+00,7.036374349141548912e+00
-5.621719825324808184e+00,-3.424725341535542977e+00,-1.868176516661276043e+00
-6.514414716349460122e+00,-1.650443517048179043e+00,6.108529501543285001e-01
2.903783721678170338e-01,3.818352933221120793e+00,7.756636125963424888e+00
-2.170378343317796777e+00,-5.865693266920413151e-01,2.786555444132512882e+00
-6.628876243252113554e+00,-2.702019784627085031e+00,-2.233436230010998003e+00
-8.239215700886042271e+00,-3.411987267255394141e+00,-2.934686539683206252e+00
-1.248190462442698845e+01,-7.517038624486325205e+00,-5.353631561225247637e+00
-2.115953741859503801e+00,-4.257767360386233157e-01,2.134556812894772726e+00
-6.699926484089582246e-01,3.759874242299482638e+00,6.541969693773616257e+00
-4.344938754479507281e+00,-4.062243845651014595e-02,1.392993068120428335e+00
-2.089406013680164875e+00,-1.026906239182941993e+00,1.478020370667387784e-01
-9.590772723862023952e+00,-5.670472756368321043e+00,-3.168878226377360718e+00
-7.015894498750769870e+00,-5.711534636233621676e+00,-5.573974622898375308e+00
-5.346973310199203411e-01,1.130919837020851304e+00,4.998397512152838118e+00
-4.909376861475507781e+00,-2.408270649975006616e+00,-1.823793924094182950e+00
-5.623315592527490026e+00,-3.005506565004650188e+00,-2.219919415857447564e+00
-8.371647105260620947e+00,-5.247778702372120740e+00,-2.974485163616638062e+00
-8.005310963819448844e+00,-6.418549410715755243e+00,-5.359488417257426640e+00
-9.319176434375691542e+00,-5.832754691325413354e+00,-4.633310761759249274e+00
-8.964585935249772319e+00,-4.481750145973160571e+00,-2.328381768377418837e+00
-2.623801249060813578e+00,-2.235459383239031261e+00,7.036389009913950332e-01
-6.310873657903599110e+00,-2.416308591585024867e+00,1.571355381379260674e+00
-4.476460144688350518e+00,-3.632799149158075558e+00,2.640414558194095207e-01
-9.504870542197197736e+00,-8.398973550462272897e+00,-6.856293239469689382e+00
-1.185956855957577183e+01,-9.603896992463162974e+00,-4.767834154025544002e+00
-9.528340705703811864e+00,-7.084319373636583705e+00,-2.662694556333240925e+00
-6.149111085259312048e+00,-2.318677040954358670e+00,1.918985556149187754e+00
-8.102003630311090276e+00,-7.824473398467503671e+00,-5.332875083620383094e+00
-7.402322796321545439e+00,-4.515597733667288338e+00,-3.654319665346757340e+00
-9.668076303709575825e+00,-5.034907818499988252e+00,-4.840328134357130274e+00
-6.600444262372056059e+00,-5.188425230458355131e+00,-1.038194901012536420e+00
-7.026405605352222139e+00,-4.618487755924387983e+00,-1.714671907422905761e+00
-1.053086211844756015e+01,-9.375333500178269830e+00,-5.491873943224659271e+00
-7.720277050843219691e+00,-3.078470252853000133e+00,-1.334528980646096930e+00
-1.362211639502502791e+01,-8.901036792482209137e+00,-4.727361247111134368e+00
-1.182190917540242836e+01,-8.853280360530332516e+00,-8.137783986702382677e+00
-1.522115865644358124e+01,-1.220250059817393407e+01,-1.069372090287244426e+01
-2.803558216644137513e+00,-5.501872633779507638e-01,1.976886735646433024e+00
-8.272450331632599685e+00,-5.488731092374659504e+00,-3.170913726486211281e+00
-9.732168083012886939e+00,-7.608721649783056762e+00,-6.218122866432674201e+00
-1.085538365448301157e+01,-9.919772653955829966e+00,-6.490547532909241468e+00
-1.500204850556960601e+01,-1.069371688749633265e+01,-9.385118016977015643e+00
-7.224775168022409488e+00,-3.363074840602803484e+00,-1.907634808205710630e+00
-9.168244910806237158e+00,-7.087195830193788737e+00,-2.139631754987118661e+00
-1.206408325554944660e+01,-8.483386377512069032e+00,-4.373599556101188668e+00
-1.432865533988530160e+01,-1.297165422105526211e+01,-9.766505426147608304e+00
-8.475445179343193303e+00,-5.567495596592306306e+00,-1.211565310755264413e+00
-1.390326913124780006e+01,-9.854678041990094783e+00,-4.869854039756232211e+00
-7.266372090027407360e+00,-5.222626045896509694e+00,-4.968042073488411425e+00
-1.501744762358265817e+01,-1.120560858227831247e+01,-7.065581233684928186e+00
-1.302823809990218251e+01,-9.870033771854473059e+00,-9.144150464452753369e+00
-5.643957670332346410e+00,-4.505243006905025993e+00,-3.271355587840432122e+00
-1.070383014081869355e+01,-7.087556600984907362e+00,-4.513569731813376507e+00
-9.773840647703677220e+00,-8.406622858409669163e+00,-4.914496866925309959e+00
-1.548558645883415608e+01,-1.094560387775460342e+01,-9.977626898904084385e+00
-1.460362955891942605e+01,-1.139029860850843434e+01,-7.998541082836186256e+00
-1.207231319180811369e+01,-7.399048117292287507e+00,-6.611732398757498075e+00
-1.364110098417684114e+01,-1.096599945818949351e+01,-8.969976008382424482e+00
-7.100205454217958234e+00,-4.620777935600353103e+00,-3.237021564611013869e+00
-3.505920066047153227e+00,-2.007282248565449123e+00,-1.433733963140479073e+00
-1.355836285186854084e+01,-8.879910191286203514e+00,-4.744780309579973654e+00
-8.761631901118065002e+00,-4.218908176627603090e+00,-3.086957962193491500e+00
-1.162262180013959245e+01,-7.804002254948743555e+00,-3.460593313246624447e+00
-1.309087706159812470e+01,-1.261860690627014492e+01,-1.071275785630344934e+01
-7.187265604141185094e+00,-6.882985210767217588e+00,-4.757940512140290679e+00
-1.009492348256169691e+01,-9.788525707995967551e+00,-7.313504419295348669e+00
-8.152721871550433264e+00,-4.634041382923286712e+00,-1.934328727534031067e+00
-1.170754725303353005e+01,-8.416491919582446357e+00,-4.474380311227567297e+00
-1.036112893117611833e+01,-7.871335370098610618e+00,-5.663465429809848573e+00
-1.168591642130461850e+01,-8.875460294705856512e+00,-7.573914492990471814e+00
-1.281097911986110383e+01,-8.985957584061708303e+00,-8.485210377433983098e+00
-9.115175361627848361e+00,-5.436995658598128500e+00,-5.234155457036182568e-01
-4.821077723352337863e+00,-4.407628735338153803e+00,-1.634691795297788630e+00
-8.588622420761643284e+00,-7.576881255162077444e+00,-6.688513134687016581e+00
-8.274346215588469278e+00,-7.620935663302640606e+00,-3.015901129841736861e+00
-1.147192799556627385e+01,-8.249890781044836530e+00,-5.980921998799191286e+00
-9.402951195528000738e+00,-8.073925860056879955e+00,-5.773127717150955185e+00
-8.952151550312473560e+00,-8.612025072754406096e+00,-7.238178809624804089e+00
-1.715692298402027305e+01,-1.250272769469904155e+01,-9.514301172647407157e+00
-8.720184722264029631e+00,-7.975633164268582043e+00,-4.271411961850430039e+00
-5.798030273855034444e+00,-5.084045616396018374e+00,-2.795240137508466116e+00
-8.261751228003721081e+00,-4.148468908312237247e+00,8.509736063732171729e-01
-8.476335634040623290e+00,-6.360314283030989557e+00,-4.135945910938724879e+00
-6.787652124671297749e+00,-4.414897328375038121e+00,-8.280273555204620273e-01
-9.464040972820793485e+00,-5.661800625913806506e+00,-1.047409071389519220e+00
-8.096309403880418643e+00,-6.664837543498077110e+00,-6.630711086692184786e+00
-9.471468138702622497e+00,-6.002701734170684311e+00,-3.644318887521843742e+00
-1.347980316728022387e+01,-1.303212127558563616e+01,-1.156013265228686393e+01
-9.287478721184307062e+00,-8.863688173875514664e+00,-8.189763419139284295e+00
-1.467453737356574450e+01,-1.065481497528085875e+01,-7.547247459994972374e+00
-9.462341453045915785e+00,-8.198790310314928220e+00,-7.657310037324017493e+00
-1.122085769679773293e+01,-1.002652812400892657e+01,-7.576151144431392481e+00
-8.019988987243360512e+00,-6.571491959422459672e+00,-5.784561365620330520e+00
-8.387570447295548348e+00,-8.240832640472861570e+00,-5.337494628700367727e+00
-1.190133686923901024e+01,-9.360581460192543446e+00,-8.198230421949585178e+00
-1.271248633218287338e+01,-8.455964605087864072e+00,-7.869042011387681335e+00
-1.258763913533373469e+01,-7.976129596342975248e+00,-5.521428514235291907e+00
-1.341280997193351610e+01,-8.469111373480556537e+00,-8.233303549794822374e+00
-6.698844273113509828e+00,-6.654794860797156097e+00,-5.385321552401823197e+00
-7.966764475725728545e+00,-4.388567474500268517e+00,-2.486748196781112252e+00
-1.376554422672093736e+01,-1.005523009247519362e+01,-5.941733749631046280e+00
-8.754136428041935147e+00,-7.316019403129296883e+00,-6.180600098256560315e+00
-6.203916443050600193e+00,-3.835897185877090276e+00,-2.781032705167157282e+00
-4.056157694154698845e+00,-2.864893952910257724e+00,-2.381573842406520924e+00
-3.575716285152769736e+00,-3.162254699772675259e+00,-1.512870480688648822e+00
-9.252621035311301867e+00,-8.140505387324063591e+00,-3.229679891819225546e+00
-1.026487003565987521e+01,-5.557135756871409704e+00,-3.915260933797186649e+00
-8.785812469203284181e+00,-7.526409137228395885e+00,-6.986247869828345891e+00
-9.622787758385795698e+00,-8.833290061076169764e+00,-6.841849575655498228e+00
-1.024040942099745166e+01,-5.765649076811575569e+00,-3.872503063514180166e+00
-1.131895577538618447e+01,-8.588727003870079812e+00,-5.899257845322482652e+00
-6.463420737275896499e+00,-1.569277758371831588e+00,2.485208350954737355e-01
-4.273737215826339586e+00,-3.949013936800864322e+00,-4.780987534320102483e-02
-9.520861496811161118e+00,-8.638115725068553630e+00,-5.383928987280404144e+00
-7.199279399947082325e+00,-2.788590116711411770e+00,-1.051384922148734802e-01
-8.853314218035137628e+00,-5.885758137037353066e+00,-3.835682426339407591e+00
-7.123773962814051508e+00,-2.405716309548233234e+00,-7.494415349591188047e-01
-1.057912636926568517e+01,-5.964242195849356776e+00,-2.858444429165590162e+00
-6.255035918165985365e+00,-3.310703044423004560e+00,-3.510171810965956318e-01
-1.261895108817087419e+01,-8.840160945131513515e+00,-8.027760204107140751e+00
-5.587300788105012295e+00,-4.902136073455450216e+00,-3.077852891765671117e-01
-1.189350210113490647e+01,-7.565300721492416614e+00,-6.106999205474298975e+00
-1.370382173478076204e+01,-8.862459252730108261e+00,-6.200614074661165986e+00
-7.209520083334912677e+00,-5.204539617744467606e+00,-1.267693824263104840e+00
-4.026051984382549520e+00,-2.842641498103312347e+00,1.722390020765325769e+00
-8.958216052309888155e+00,-4.293471221547140892e+00,6.192946520566069424e-01
-9.985448573827200747e+00,-8.419221206712268923e+00,-5.971309418023616367e+00
-8.746651380849527868e+00,-5.074038118983614787e+00,-9.742689642706103825e-02
-3.801078021235015925e+00,-1.284019000470480343e+00,7.589227735636518979e-01
-9.124412894660409279e+00,-4.624754740559684052e+00,-2.144919726275001715e+00
-5.958457798746843892e+00,-5.374229872007484587e+00,-5.087729970273910496e+00
-2.558878658689605068e+00,2.138295360016459590e+00,3.329220464909432131e+00
-3.782712893034585022e+00,-8.671361541445183896e-01,1.585844267954368281e+00
-4.887063505112673845e+00,-4.193627287963717976e+00,-9.984049487586519334e-01
-1.228083955136933625e+01,-8.047249790512729817e+00,-7.827795758922754032e+00
-5.278844876435350386e+00,-4.282550378638000588e+00,-1.194670195369748722e+00
-6.262655566878475355e+00,-4.707740454662653562e+00,-2.380116467836807193e+00
-6.122711764112706234e+00,-3.041741130839171969e+00,-1.437067525948234836e+00
-8.108669791056415832e+00,-5.377146809504061764e+00,-9.585487646771984060e-01
-6.681038368088228374e+00,-3.343537225470925467e+00,-2.656075308082702868e+00
1.459168381466096065e-01,2.589877044614329549e+00,7.539198563454602819e+00
-5.474768208788098889e-01,1.927339899305146709e+00,4.330714924237520691e+00
-8.821655234203719331e+00,-3.962207684574615918e+00,7.266768403710512914e-01
-5.373714958563738264e+00,-4.093579668283378048e-01,6.726378617362813728e-01
-5.821310653795698897e+00,-2.355423908528591070e+00,-2.038944249959806054e+00
-1.098842659973737845e+01,-7.600315786503353266e+00,-3.678622730546883712e+00
-7.385439496989227415e+00,-3.876866468222696760e+00,-2.569940870465723393e+00
-2.623915090766363534e+00,-1.446233978475977011e-01,4.167070480056231929e+00
-9.338821336242109084e+00,-7.354063099423216343e+00,-2.511059790979171424e+00
-1.973001525133619705e+00,2.697572382413849557e+00,3.621545060588752030e+00
-1.125578387799323288e+00,2.737367391200578925e+00,3.524482169498024842e+00
-4.261750866803933668e+00,-3.855619758541594333e+00,-1.918953944798436062e-01
-4.994341467167817683e+00,-4.886149158900314760e+00,-3.763964640618350899e+00
-5.653510519722496852e+00,-1.275193071500472453e+00,8.890414523858423124e-01
-1.119374539603299823e+01,-7.083980028209023061e+00,-6.411504152040858884e+00
-1.699287151300788556e+00,4.508419744216489722e-01,3.234177989200209602e+00
-3.859613202876476468e+00,-2.746838359271027485e+00,2.078520064311875082e+00
-6.297582953120970828e+00,-2.319076060167285736e+00,-8.695997610700207936e-01
-2.454417934703766235e+00,-1.890787546534866692e+00,8.689621634427129315e-01
-5.467370831673523668e+00,-2.077172907591026352e+00,5.636456218908727500e-01
-9.615503853442861626e+00,-4.623687920177771637e+00,-7.201174062066959536e-01
-7.518629021730260931e+00,-6.118667717810836848e+00,-1.632507519353146641e+00
-5.630489560369014157e-01,2.882407009523465291e+00,5.780390312102950290e+00
-3.336333315443032355e+00,-3.226678135542859760e-01,1.147978899153920151e+00
-1.867394951639263834e+00,2.081934462590390389e+00,4.965896711785687145e+00
1.798845264425219526e-02,2.243676888530603097e+00,5.617338173889798725e+00
-5.816861824281862603e+00,-9.684361299172847826e-01,3.714985848118494971e+00
-5.376656167292245492e+00,-3.123525746997536601e+00,-2.890984649438380849e+00
2.176812754044241682e+00,3.465338830623823085e+00,8.245303581308807139e+00
-2.312227402851807501e+00,-1.534340977637792536e+00,1.325113234751678082e-01
6.965318713135466577e-01,1.784660074769462090e+00,6.499411426424546612e+00
-8.167323642010693163e-02,4.760237743215795625e+00,4.862583651961150721e+00
-2.393581089578302290e+00,-1.059294317698817656e+00,5.000825533541350953e-01
5.130835601232208276e+00,7.003254121768407003e+00,8.005208913694353612e+00
3.371472096530280016e+00,4.452503092462421819e+00,7.510499638370093045e+00
-6.986570784160415215e-01,6.901412365573840191e-01,2.693377589525935978e+00
-2.745716068340007698e+00,-1.602333496281911351e+00,1.909929865424814466e+00
1.412227631376248738e+00,1.569736216389898020e+00,3.879045945639986392e+00
-3.901471144553461112e-01,-1.256370021368260481e-01,5.362905388299232801e-02
1.123186326832276150e+00,2.108388361164510449e+00,6.465059545070930724e+00
-4.527972992491942072e-01,2.613495206209184296e+00,3.932529627512904469e+00
-5.748455920790359386e+00,-9.721827017860169562e-01,2.584811341738112223e+00
6.516636413389343296e+00,1.120210203840639807e+01,1.395882306945004458e+01
-3.278124483998684280e+00,-5.555340322616233451e-01,6.052503811858143123e-01
-6.826138830937786395e+00,-3.179215327967311655e+00,-1.713157000746991176e+00
-1.776333352657486486e+00,1.453023584883456731e+00,4.195539690785336617e+00
1.861173790944030682e+00,2.333786312955650200e+00,2.374072361645440665e+00
-7.220168959231922923e-01,1.204194262722958264e+00,5.643148065945527314e+00
-6.433683404708609110e+00,-1.876229381640309057e+00,7.461044169731141373e-01
2.499656976812695497e+00,4.056378661469649316e+00,4.429931628141882349e+00
3.804208199146827951e+00,5.624502831899167887e+00,1.041280605711779295e+01
3.515807703859141320e+00,8.312017974251041608e+00,1.057953806169750166e+01
6.190186393059317282e+00,1.014535710434650184e+01,1.326442099744896908e+01
1.010464440168963307e+00,3.483768054436202188e+00,8.291325395193172909e+00
1.640572027247876985e+00,1.842737132097527208e+00,1.904641659305639223e+00
3.554642789228981137e+00,6.083669318265192416e+00,9.300221506220410106e+00
7.705574236535131405e+00,8.006676990619640222e+00,1.195723760733443797e+01
-2.406811336067480767e+00,1.780544967452919458e+00,3.810864465298408277e+00
6.118498274170892870e+00,9.211761732978750672e+00,1.398331888778129262e+01
5.301445862093817851e+00,9.974582900661296492e+00,1.232295612618784375e+01
3.354260997705884151e+00,4.339456391622900533e+00,8.366490713877009711e+00
1.175128471793889240e+00,5.345553149833642159e+00,8.057854153425891397e+00
1.075608940624412035e+00,5.449991221911981043e+00,8.469375900989584594e+00
5.085328361413717246e+00,5.201167751344121015e+00,7.574228945751659836e+00
8.248331588837327644e-01,2.082534296058337731e+00,6.419815134660241895e+00
9.893648608035521264e+00,1.111095988413046953e+01,1.125223389784460437e+01
4.134772243804666125e+00,9.028054747176199157e+00,1.144458889059126605e+01
7.201454432058741695e+00,9.854958650605491144e+00,1.292222950524580227e+01
2.002911910430198894e+00,6.520746301200882833e+00,7.252640294135664689e+00
8.118520847434398391e+00,8.128709777150760374e+00,1.295805947729719421e+01
4.177533218334373188e+00,7.270935926245976511e+00,1.116954110250447840e+01
6.499971396976434335e+00,9.123368034055317821e+00,1.272509241538748270e+01
5.182910468780382196e+00,7.691823288000025016e+00,1.176089814551862034e+01
6.024159996389737870e+00,6.495400406534427518e+00,9.307525539146308091e+00
9.664657300505147930e+00,1.326315628097862742e+01,1.391025487073226685e+01
2.378612041872023131e+00,2.948962399489674091e+00,6.926558946381183191e+00
3.621823579497807089e+00,6.122360302942431609e+00,6.725027660302198562e+00
7.890422171071335811e+00,1.060055224252298700e+01,1.131824701857320470e+01
3.719405620561210046e+00,4.564312944434089303e+00,9.088591361749115194e+00
1.031612452987837081e+01,1.092759557023045858e+01,1.162778052398862805e+01
8.703075341795639019e+00,9.443425837458077510e+00,1.213774111523202670e+01
3.476300867674849471e+00,6.450948223509261226e+00,7.205069268430914775e+00
6.237685785164639007e+00,8.484693747882525727e+00,8.916115398646246248e+00
9.703045771745159698e+00,1.224265161210863440e+01,1.480989655934197735e+01
6.250923088069948008e+00,7.578997418642385853e+00,8.973477044502946143e+00
5.139145966927841869e+00,9.914564582535943416e+00,1.449762558465331175e+01
1.572979651396050116e+00,6.340070448312397744e+00,9.838757195097191044e+00
1.015217349495185495e+00,4.734411091700649443e+00,9.550360971119410181e+00
5.136085795563752221e+00,9.245710359172866433e+00,1.222772631965874268e+01
4.242155025342658092e+00,8.837372190060817090e+00,8.895795999355927464e+00
7.466680737696336223e+00,1.011278813113697161e+01,1.498342197262515008e+01
5.898025965194068299e+00,9.133681007858246659e+00,1.058964625310844454e+01
5.108478368153038573e+00,9.028616568668711651e+00,1.187700784784670560e+01
1.026934173430562147e+01,1.047370665216853425e+01,1.067997162881213136e+01
1.289240498993162021e+01,1.473351252358927255e+01,1.851273195094661261e+01
4.597183913795979571e+00,7.890236878373023899e+00,9.911971171512014678e+00
9.001485734327680177e+00,1.140186383495084144e+01,1.528839505225915829e+01
1.311147275485910768e+01,1.313505347005603774e+01,1.502635752366017385e+01
6.787519448924503429e+00,1.115184080498140418e+01,1.532289284093340953e+01
6.170874936448655035e+00,6.812286452197081843e+00,7.913291798014404854e+00
4.528643707410985542e+00,6.427812700867952422e+00,9.033761784934078776e+00
4.881819269503379743e+00,8.482627195422674404e+00,1.121802935034283166e+01
4.459693688929657007e+00,8.589610142960134809e+00,1.138689777015956039e+01
4.639421890323625064e+00,7.952500999525581982e+00,9.337062226059803294e+00
8.106805899554588635e+00,9.079781086715895455e+00,9.771853342508194373e+00
6.140422385889579004e+00,8.781793500228685545e+00,1.256034518367087571e+01
5.231127188311624820e+00,8.462917874184945788e+00,1.216365254542535723e+01
4.827459198893115477e+00,5.514954479450144831e+00,9.631829980649307288e+00
1.242693397096960162e+01,1.301306343696646728e+01,1.484338921895208507e+01
1.668153196813920047e+00,6.636491300989986186e+00,8.151072607980406559e+00
6.051814098885270887e+00,8.945814970620496354e+00,1.284227752140348677e+01
3.512054635944186209e+00,6.652423360421585663e+00,1.111038186700090691e+01
8.154916954277515728e+00,9.869293366842184057e+00,1.096086776293094545e+01
7.981225958385373076e+00,1.040932559226703269e+01,1.316858336805847607e+01
1.099096023444088743e+01,1.204755354983264226e+01,1.313367856549824531e+01
5.916654929387132889e+00,1.084667244692132471e+01,1.411928681067029423e+01
5.341588312687294504e+00,6.199728685576346265e+00,9.935038005826612562e+00
8.770837414167651502e+00,1.165986673950620478e+01,1.533918159615829602e+01
1.166264637994406073e+01,1.201621195789548580e+01,1.460569793786785731e+01
8.662789948432635612e+00,1.193695408953085568e+01,1.310281327935926754e+01
7.803788807711199205e+00,1.080038602085109112e+01,1.337564196546487771e+01
6.973825306007562119e+00,8.419293591802530230e+00,1.199581906274658571e+01
1.270270243949134503e+01,1.442160451152029665e+01,1.525413139414124153e+01
1.353380707942699424e+01,1.435752909950087819e+01,1.521270222620603185e+01
7.282450408962084509e+00,9.256602057711276643e+00,1.263543555154319620e+01
1.175310270521601552e+01,1.191945130326164204e+01,1.433623459534172717e+01
7.871226007872373032e+00,8.916689901186305889e+00,1.329788045339567759e+01
6.657170726762039692e+00,8.902278496670314567e+00,1.116663520902327633e+01
9.905992845985235107e+00,1.108528483670534293e+01,1.184348113772251310e+01
8.823830639088583894e+00,9.737239669608111825e+00,1.235390207112244099e+01
1.493630969460757907e+00,4.922888982191278018e+00,6.040347009356101360e+00
5.825074640894008837e+00,1.065867596299689879e+01,1.454768520181271541e+01
7.785923704312516236e+00,9.511020441476139453e+00,1.220876376044774503e+01
1.481085212978887355e+01,1.636882790232199625e+01,1.721814900270530657e+01
1.097378753439445731e+01,1.238985202919920070e+01,1.616257614136845788e+01
5.063857896062854635e+00,9.974427469262970192e+00,1.355075584091789054e+01
8.833031836332091657e+00,1.010586418258466068e+01,1.089384485744480457e+01
1.434677789058361341e+01,1.444021549903059132e+01,1.474620440254054188e+01
7.031762067432438812e+00,9.651254325260683942e+00,1.386536881526210152e+01
1.154984762136797194e+01,1.234374561506354873e+01,1.324898645019011845e+01
1.772121067447397280e+00,6.762610637956452564e+00,1.081608172993222716e+01
1.163278985063004711e+01,1.188103051944191790e+01,1.388712081561541112e+01
5.618810782126511860e+00,9.683914951183863806e+00,1.007806386505590801e+01
6.110544594492807846e+00,8.558034058558325441e+00,1.224249327363942008e+01
4.129115051118175117e+00,5.877831605448351482e+00,8.199426707462897923e+00
1.690320728694697294e+00,5.011700794877913090e+00,5.466415443920439543e+00
3.283104756986695794e+00,5.744398963946476755e+00,1.057142869202682434e+01
2.855095064454656217e+00,7.016717249997312500e+00,8.114458297639140838e+00
6.299204489935082307e+00,1.118616970643456199e+01,1.461084048642394251e+01
6.630064532397287325e-01,1.628051131966753218e+00,2.028876544331727594e+00
8.406371726174290515e+00,1.000637163381809280e+01,1.189535986143161139e+01
6.149463102386874880e+00,8.259295232998603353e+00,8.725034039210335379e+00
1.285591198692665493e+01,1.289991949955918926e+01,1.453594081537346661e+01
9.163978445950917262e+00,1.110474695437745396e+01,1.484082507932469497e+01
4.061901460758732263e+00,8.358853781091038826e+00,9.543518657476496969e+00
5.763971137720027116e+00,9.442896658922235176e+00,1.237404805353784809e+01
1.288620440719637372e+01,1.333552537379208758e+01,1.423123889206714310e+01
7.972509930124751065e+00,8.781272421664745309e+00,1.247048910555737322e+01
2.117831061586680441e+00,6.664810121324936887e+00,6.775325803062890451e+00
5.509295816171287719e+00,7.447410916938273395e+00,8.847714090931717124e+00
5.429614446690551155e+00,7.949445732774086615e+00,8.148403473721117507e+00
2.027889984671168655e+00,6.343384710466041021e+00,9.901275532560541492e+00
6.851821862680378850e+00,1.089765970162315867e+01,1.457776366530213963e+01
3.286502924145984217e-01,1.987140465844450254e+00,6.471254629951071813e+00
7.125734181700728698e+00,1.091359152907647001e+01,1.099563332711178099e+01
5.531570875032105761e+00,9.363335899909976945e+00,9.594295519786275150e+00
3.719950409186360218e+00,7.273568592313635506e+00,8.027203905096810033e+00
3.047663235705548868e+00,4.257775383287836668e+00,4.361845356905866389e+00
-1.128526972936176431e+00,1.851193770034234909e+00,3.145172424051997151e+00
6.543445186255270940e+00,9.995879126286570937e+00,1.209876815987884413e+01
4.051910875407632062e+00,8.946245432711318557e+00,1.123252361874732941e+01
6.467999909141270543e+00,7.430705847892297378e+00,1.080663965249131309e+01
8.231049695187914850e+00,1.027348601389454075e+01,1.089549918315620936e+01
5.413667777734681330e+00,8.357295924182736258e+00,1.001324319885062231e+01
7.567914095446758083e+00,1.060815297892016318e+01,1.397388198141356774e+01
-4.352039923524641196e+00,-1.548452488266126359e+00,-7.879993866223333754e-02
3.980992823053457030e+00,6.710146512213805536e+00,1.022088791454334000e+01
2.393824066780195103e+00,6.677219281019539210e+00,6.742786098633065883e+00
-9.273452074374319842e-01,2.068412920349281148e+00,4.768245455310836434e+00
-1.378458157095047820e+00,1.765595558932085751e+00,6.153028499477865232e+00
3.827240092024997153e-02,4.528304626564628954e+00,4.872221913603946852e+00
4.096779319970259792e+00,5.835768369345917250e+00,1.068418956898976191e+01
-1.372307656501298379e+00,3.452059095317074000e+00,7.079835163720662017e+00
6.561217961838929469e+00,9.031510057321005647e+00,1.204980508904213110e+01
5.786056851954368696e+00,9.992260028764773594e+00,1.448675545111903418e+01
-1.988409044252718694e+00,1.689166743933789849e+00,1.735415568079436976e+00
3.690153606392835961e+00,5.986746467203404976e+00,1.048284812094679452e+01
8.938398799770906678e+00,1.032683947325396367e+01,1.250892432200753746e+01
5.236072443756603079e-01,4.237077517464053145e+00,6.537597941822926195e+00
2.320584574119397558e-01,2.486568782911926956e+00,6.535033665461309482e+00
6.441908558094352699e+00,7.477032981476584794e+00,9.885691955835776312e+00
-2.322584334019030194e+00,2.382059402604990161e+00,3.336519237752039846e+00
2.441824964876569304e+00,3.577032203990829107e+00,5.001425113083772800e+00
-7.081192847845230176e-01,2.570141684632063495e+00,6.508651678382197936e+00
-7.448739610352728135e-02,4.015175237969603295e+00,6.681124059906860424e+00
-5.003786043410453743e+00,-2.758479281184594623e+00,-2.031926166397052480e+00
1.031831816260662116e+00,4.763796898536436508e+00,9.727194897256550732e+00
-2.197029222218069400e+00,2.363268264993960699e+00,3.065975806971447781e+00
2.800785286824721165e+00,3.330132731278715230e+00,3.667928156572270559e+00
-1.436797760026042425e+00,-9.660600031027373191e-01,3.244457898413653396e+00
-2.429823116441619302e+00,2.068930001458951562e+00,2.779925148762423692e+00
2.548255578367728980e+00,2.552220054505958569e+00,6.955202894032796124e+00
6.653893510372115294e-01,3.103029573281582909e+00,3.971064311503805122e+00
2.165933177296214929e+00,2.309057563155900716e+00,2.365595527045414759e+00
1.517969045083850332e+00,1.978318038518640298e+00,6.045406326384207496e+00
2.419400542171493473e+00,4.101197262986860714e+00,7.920896083402892529e+00
2.685479378858154575e+00,5.028985263438316089e+00,6.331048869827990089e+00
6.696673350807091474e+00,7.700952810358446143e+00,9.434390044546567822e+00
1.532343650649051980e+00,2.096801579940687610e+00,5.457294475972537029e+00
-3.947139916306142027e+00,-6.125769660866871025e-01,5.720245764420262002e-01
-7.711717940181865849e-01,2.966376883313702084e+00,5.491395561861162733e+00
2.659766596786345971e-01,2.979075675323691996e+00,6.978545227092817882e+00
-6.155473445052943582e-01,-1.136608512897419043e-02,8.410720641949799292e-01
-6.118611337622842372e-01,3.155710961500768352e-01,3.871511781630831095e+00
-2.509285836343650100e+00,6.100703193782498479e-01,5.374599656876569931e+00
1.717089124254829180e+00,2.297510116515375511e+00,3.129304634114276507e+00
1.299493250498344743e+00,1.629373295988770121e+00,2.388367002306662101e+00
-5.348601055907150403e+00,-3.509622599778874363e+00,-3.400944160234671720e+00
2.726253562565856825e-01,2.795541426538307839e+00,5.194085154162310758e+00
-1.292890314449655298e+00,-1.174571005379475785e+00,2.093236458267736300e+00
-9.593161116902757968e+00,-9.560975488895548935e+00,-6.341620568216956855e+00
-3.232964862894676994e+00,-1.220077706288118957e+00,1.676171760859164639e+00
-3.492278723409572017e+00,2.882979818507116487e-01,2.377740088625210468e+00
-4.563428934703937401e+00,-1.525009143074163465e+00,-3.133419253136053850e-01
-1.597487068307364755e+00,-5.674124685022757797e-01,-3.477590395659707623e-01
-6.019259816906309624e+00,-1.260349406562455421e+00,2.504112138346263894e+00
-3.624366330756395360e+00,-3.450614807991919442e+00,7.020659493485386093e-01
3.534216563327128746e+00,5.409961872654847070e+00,8.023476476390849044e+00
-7.034904002586963578e+00,-4.230751525245947775e+00,-2.050509326848728442e+00
-7.378694056675385582e+00,-3.209735597430443566e+00,9.287164679867077055e-02
-7.426884468142967322e+00,-2.730863981078259783e+00,-1.019314667990445233e+00
-3.490182567279660031e+00,-2.102161568397219682e+00,-1.471266915249440865e+00
-4.479882860569488479e+00,1.857785860837140035e-01,3.969005922109732243e+00
-5.661029686059562138e+00,-3.533376599908110371e+00,-2.771672117602556273e+00
-1.047866800795934417e+01,-7.101718767835937030e+00,-3.153528639179004944e+00
-8.378022864532013614e+00,-5.294946836987966421e+00,-2.431285969591565177e+00
-7.049418065417699886e+00,-3.073231880673257699e+00,-7.189024802584365048e-01
-1.386910041007982430e+00,-1.290525796846807349e+00,-2.693228610086642050e-01
-2.405327867980229239e+00,-1.999518153472553017e+00,-3.047336281245753842e-01
-2.490725104639488041e+00,-2.193421459286392761e+00,-4.442837829318779796e-02
-3.922617892062569389e+00,6.960287038136749871e-01,4.622754410638481914e+00
-3.646081312207740233e+00,-6.344058105466565678e-01,2.238299316115949900e+00
-7.333131146652007715e+00,-2.904939785360200588e+00,1.989138015243810287e+00
-8.754541728049355598e+00,-6.442364752588053634e+00,-2.517010464797832192e+00
-3.808630547528398580e+00,-2.853129751977279582e+00,1.239218952954255215e+00
-5.338232048101625438e+00,-4.803703977233068301e+00,-1.625902027887724977e+00
2.606410342913577427e+00,3.722684897787366332e+00,8.422558280606411429e+00
2.622687442861307616e+00,4.166080593537854426e+00,5.658873819403385852e+00
-4.925388034085861122e+00,-1.192356669091608090e+00,1.433705397045525576e+00
-5.346261660202473287e+00,-1.574921895857040788e+00,2.968606772081323619e+00
-6.477158141451604401e+00,-5.451340061993919406e+00,-2.477449338905949539e+00
-3.259348506283028968e+00,-1.758277257134895244e+00,3.109634331235074711e+00
-6.059910371793499451e+00,-2.869082527508945546e+00,-2.284981392564013891e+00
-9.102033726287656279e+00,-6.785443682785068376e+00,-3.867270595814606526e+00
-6.899261118433954287e+00,-3.334567787219943291e+00,5.177497658158483063e-01
-9.085169492617456655e+00,-4.961276299142094004e+00,-4.031200579719323329e+00
-6.988261168781884969e+00,-5.442462293975206755e+00,-9.680391912317052316e-01
-5.216880530896599311e+00,-3.451170546634500180e+00,3.037340446767005098e-01
-3.811200425049612317e+00,-2.325305800843922466e+00,1.022553934833133393e+00
-4.522661910808036367e+00,-1.217866038462970479e+00,-7.314270833847443809e-01
-9.103721051215945437e+00,-4.796389513002541349e+00,-1.252085182550714659e+00
-1.111645982297608271e+01,-1.090171261017911952e+01,-6.684769320916994495e+00
-1.249865406099901399e+01,-9.120147158574134494e+00,-4.217081471677829541e+00
-7.324805388213142976e+00,-6.528020856336589794e+00,-4.581504020682961809e+00
-1.237585320232225605e+01,-7.769301628317416331e+00,-3.372475981997819616e+00
-6.738933019032831595e+00,-6.206348547659628956e+00,-4.779173330070242365e+00
-3.025478293266180785e+00,9.769105877765049684e-01,4.092347825281273721e+00
-8.785078073550707245e+00,-4.999075680499583285e+00,-5.963316122247759310e-01
-8.228201537486087958e+00,-7.555980217764972195e+00,-2.938390706779147266e+00
-9.946597963591573333e+00,-8.926097862666638960e+00,-5.222713649730893692e+00
-9.488660300381873469e+00,-7.626399910762062362e+00,-3.504418226088817256e+00
-1.039910498917358161e+01,-7.017835496752940827e+00,-4.390671603107765719e+00
-1.064316613414048263e+01,-6.157599608354253462e+00,-1.407670369711877534e+00
-1.021362289738014617e+01,-8.790903585270832821e+00,-7.056925006811228585e+00
-1.387529730120087734e+01,-1.061251883933666562e+01,-9.904844183773709787e+00
-8.576045018370230366e+00,-3.699028538213806172e+00,-1.588763157752905997e+00
-7.752298060490029563e+00,-3.649024576196288727e+00,-1.711385054886644497e+00
-1.112092938354892269e+01,-6.637885721438304465e+00,-2.559521092681080745e+00
-8.905126878704626492e+00,-3.936734291296362542e+00,-2.047038841162945655e+00
-1.120064950982329854e+01,-9.661026469133691563e+00,-8.950039335149831743e+00
-1.072187309374690578e+01,-6.971118473399700477e+00,-6.199653086329769636e+00
-8.900887020332032051e+00,-5.411270651607654969e+00,-2.363640317742477848e+00
-8.583043043778639358e+00,-3.668640020842031557e+00,-7.275966815268088972e-01
-1.043043584633474552e+01,-8.364607517030378858e+00,-5.718042818587337983e+00
-7.277031244084435357e-01,-5.693466476093771433e-01,5.469431302863072553e-01
-7.445019806185792177e+00,-6.039672792276966184e+00,-1.366680455724567089e+00
-1.390912775457607609e+01,-1.090949439605192239e+01,-9.826348084991046505e+00
-5.767052768621175218e+00,-4.905141980631508858e+00,-1.795312566078365535e+00
-1.106129076316851290e+01,-1.089837400805699730e+01,-6.846616163945323130e+00
-1.419682810187811839e+01,-1.060722265547145682e+01,-6.596893903184271934e+00
-8.586910641926184695e+00,-8.087882563694174465e+00,-6.353747285051987603e+00
-8.498116993052727608e+00,-7.501154840104996779e+00,-3.090874350024772177e+00
-1.098236894339540015e+01,-8.283549961057218525e+00,-7.512219520086740765e+00
-1.334396614371980760e+01,-9.153528293740054167e+00,-4.893104529386208768e+00
-1.037386446477534818e+01,-9.132426785847133743e+00,-7.321806251049665093e+00
-1.345191035849457428e+01,-1.162624404000799316e+01,-7.702835850602916423e+00
-9.654922810381338039e+00,-8.337219084710547179e+00,-5.040319785241464956e+00
-1.087105425953447480e+01,-8.290370068045785246e+00,-5.921837677961645952e+00
-4.290030341210265163e+00,-2.735484656208059917e+00,-1.973601636106495194e+00
-1.505326178287436711e+01,-1.303174210568802849e+01,-1.161457672999473800e+01
-1.379341687721955978e+01,-1.013210608756554976e+01,-9.079502511291016376e+00
-1.079164028069347481e+01,-9.505769212367749077e+00,-6.239681246623656641e+00
-1.262563765875464306e+01,-1.020725622581133862e+01,-9.625405810587421840e+00
-9.717166861052090709e+00,-5.926891665874753024e+00,-3.893006164777297329e+00
-7.250094908413924344e+00,-5.740776980596272949e+00,-3.824805265909992702e+00
-5.394922320879062205e+00,-4.506378036244115037e+00,-3.940820590584659833e+00
-5.619569214904093002e+00,-2.424494449688247677e+00,1.608356254390820972e+00
-1.238159498970805217e+01,-9.940115947839515798e+00,-7.690607678989197282e+00
-1.168155248865590323e+01,-7.974602157734599572e+00,-7.360961487494270372e+00
-1.086001594603697562e+01,-7.151073847381071324e+00,-7.070218260477244776e+00
-1.418620965098284969e+01,-1.033793368334660912e+01,-5.747240325193702759e+00
-7.910572975471938939e+00,-5.375611171805326549e+00,-2.608297306948476280e+00
-1.129023655389299918e+01,-7.784508312407551145e+00,-6.193883336391758476e+00
-9.663686951929257418e+00,-7.367883134840510273e+00,-4.656549072843814585e+00
-6.594795579877375857e+00,-4.145533290554634931e+00,-2.608239923824091644e+00
-1.610369001614945006e+01,-1.403245901612045543e+01,-1.090445750560143523e+01
-9.131053470261734972e+00,-8.122593226260498511e+00,-6.408019989658463089e+00
-8.753025060075689368e+00,-7.768081146959042727e+00,-6.199757809402347775e+00
-1.021287276517629117e+01,-9.629336218436987949e+00,-9.018999992759255235e+00
-6.382748919430370371e+00,-6.266610770982918410e+00,-2.529673703627252301e+00
-1.527019882343366142e+01,-1.243114626643608567e+01,-1.115264495235410180e+01
-1.109982718527728984e+01,-8.904933512169650456e+00,-4.830526239573338820e+00
-6.395416047329879561e+00,-4.781268218493611499e+00,1.912302749348686604e-01
-1.039133131646541131e+01,-8.391279206141160074e+00,-6.726087728505838470e+00
-1.103637583929239696e+01,-6.957085002210185998e+00,-4.789170951205600879e+00
-8.422495180093610756e+00,-8.163936873601880251e+00,-3.750598408047522980e+00
-8.220777647135726340e+00,-6.673605160163354810e+00,-5.645843084711466453e+00
-1.509165830462056057e+01,-1.226009640282397584e+01,-7.819668038720950065e+00
-7.023243866608999575e+00,-6.881551743671609600e+00,-5.451234422001915547e+00
-6.367355917325433268e+00,-6.206851370237944643e+00,-3.509878450535641736e+00
-8.735560151068728629e+00,-7.363874928677361709e+00,-2.398094194697500292e+00
-7.118932399034033409e+00,-5.311901919103089398e+00,-2.455729220706182048e+00
-1.448992519983462834e+01,-1.035502401203703116e+01,-5.833132890437797258e+00
-9.499550370656791642e+00,-5.342580585863403897e+00,-2.081252377701739764e+00
-8.292576919969345539e+00,-5.235594543050734018e+00,-3.330368876592410210e+00
-6.565345078098816956e+00,-5.304432837709406989e+00,-3.992374940639651371e-01
-4.930427217687590513e+00,-4.335715137791700258e+00,-2.841790880585826073e-02
-7.506309301970993886e+00,-6.984782885843006994e+00,-2.731986602404220754e+00
-5.544702192414895592e+00,-5.033516546677461179e+00,-3.715761012884828407e+00
-1.121814555167551930e+01,-6.290456898556404219e+00,-2.911426227932588873e+00
-8.180404989901195023e+00,-7.529901378013446944e+00,-6.857086930489987076e+00
-8.958101857562477122e+00,-8.310878829028645498e+00,-5.996849239052959746e+00
-8.488006516351937591e+00,-7.232722721927569154e+00,-6.422436533909953837e+00
-1.035336900308739061e+01,-9.174905808282442621e+00,-7.220583888312603449e+00
-4.724011327469479049e+00,-3.247486722753315291e+00,1.537656995567480145e-01
-1.047793004899681790e+01,-8.727331768058130379e+00,-4.050683333538502851e+00
-1.655297174778717562e+01,-1.306719994415900743e+01,-9.835848282379567209e+00
-2.617163045082533834e+00,-4.789823914186186471e-02,4.330477617533049717e+00
-3.137964348142745941e+00,-1.368790893856790980e+00,-1.123134350868258302e+00
-4.273410576402340233e+00,-1.898262479499015498e+00,9.419207206791702092e-01
-6.884483587492461254e+00,-6.169570530516226725e+00,-3.013559290180582551e+00
-1.361866069982836791e+01,-9.303297350872972160e+00,-8.404995289678138803e+00
-2.125342574490706404e+00,-9.685296924432327259e-01,3.033307073266291454e+00
-5.137834487711573139e+00,-4.901373849817200146e+00,-8.696708830195465367e-01
-7.607749031504984494e+00,-5.044901782655768940e+00,-8.812860779184097382e-01
-9.400987395816535752e+00,-5.388213541577707488e+00,-4.471318292699847596e+00
-7.906208293661151743e+00,-3.563000492837211652e+00,-3.172756402135601839e+00
-9.515680925418523728e+00,-9.245829786580392451e+00,-5.483230196122240940e+00
-1.493705021428735691e+01,-9.986782339414080667e+00,-8.055788655768742146e+00
-4.255640063782310634e+00,-2.584849987003659866e+00,-2.456066303558133157e-01
-5.878648848748499134e+00,-2.128158676601193733e+00,-2.126395523661037679e-01
-4.770609626692152716e-01,1.342265799571392471e+00,5.078663263502765979e+00
-6.500705268824582106e+00,-4.016253409842907907e+00,-1.519327045785282770e+00
-3.773082760978470507e+00,-3.147594069334905598e+00,-2.090350087472230722e+00
-6.746662972163505856e+00,-3.160856311879394198e+00,1.790827307836604376e+00
-8.121273923104181947e+00,-4.045228345317958940e+00,6.376148511107677663e-01
-7.870538204846964092e+00,-4.658326156704856835e+00,-5.014314936529897793e-01
-1.406850734444358508e+01,-9.436633938196859361e+00,-8.894992930576078649e+00
-3.010327090196367905e+00,-1.796947457416611105e+00,-6.965829268121632722e-01
-9.581971944254771500e+00,-4.732218268389645210e+00,-1.066924944349978865e+00
1.836062793873045607e-01,3.329138070044297848e+00,8.193700797240772715e+00
-2.391029234682096494e+00,7.266804850977504060e-01,2.959436881813494846e+00
-7.367075498083268670e+00,-3.880935734688907068e+00,-1.955996012049331156e+00
-5.880677448420563724e-01,6.428583058633745573e-01,1.434161349206537484e+00
-6.131302662462548625e+00,-3.747526448880451611e+00,6.885704336780484880e-02
-7.362115296910764606e+00,-3.684688740475087432e+00,-2.914969325541356682e-01
-3.573860103745038597e+00,-2.765507124504498204e+00,-2.318253748375116885e+00
-4.148771847549338254e+00,-4.972920734818233601e-01,1.160254218100828849e+00
3.769346879992606425e+00,5.117907682207607500e+00,9.195023676477459773e+00
-1.610947752458344873e+00,-1.328047362607586823e+00,1.597299693997292103e+00
-4.915698824249592036e+00,-1.270988347990949396e+00,-1.269580585417102059e+00
-3.514292222513744068e+00,1.358176237909723971e-01,1.593166558541841304e+00
-1.418994705301361847e+00,3.099387837107723698e+00,4.402481644466465838e+00
1.227976751474894712e+00,4.105939017741451202e+00,7.843013161126639154e+00
-2.717556767112715654e+00,6.071179588414414852e-01,3.096454814697155999e+00
-7.381747610813039095e+00,-3.678626640310458384e+00,-5.179987220552968452e-01
-6.046450168895592725e+00,-3.408533525429028987e+00,-1.784961746450413722e+00
-6.898251943940793218e+00,-3.085024800423432190e+00,4.366759182860868727e-01
-1.916342046364210461e+00,-6.775013758733632319e-01,-2.175150734725127544e-01
-4.785006595146921171e+00,-1.832378218352367805e+00,1.605265326744578003e+00
5.628618787522514211e+00,7.230458929850344774e+00,1.146090553338891027e+01
-1.170729647466989487e+00,3.782991671459364103e+00,7.309244034204011697e+00
4.521960251455463542e+00,6.117417443493093465e+00,7.276297690026988008e+00
-3.325158831835688389e-01,1.695843590475074603e+00,3.699751802361341824e+00
