tmin,tmean,tmax
8.653818778075897944e-01,9.179157989584438848e-01,2.472449840920485364e+00
8.972753044659409483e-02,2.674367425817506749e+00,4.340220427621398258e+00
-2.410037457913322356e+00,1.059898802237001503e+00,3.673446495989230343e+00
-2.609821152384728560e+00,2.188515752423697780e+00,3.977577869978215830e+00
-3.166725263473231244e+00,4.425713942806881462e-01,4.621779716390650883e+00
1.847564870533523473e+00,3.115653806080900257e+00,6.886311185055502548e+00
1.141912731541500747e+00,3.108482731456476245e+00,3.752118489622708442e+00
7.948912059431653354e+00,7.967147446594220028e+00,1.168593520977984568e+01
3.047991174219367716e-01,1.236019511814125504e+00,1.491987682865753229e+00
-5.527725672666643497e-01,1.933272870431541612e+00,3.666763043578622483e+00
-1.511108312144111565e-01,3.307922691169170371e+00,3.844744168123546579e+00
4.926822998812549592e+00,5.590088846963537250e+00,7.610627388466542520e+00
-3.075061503750033953e+00,-4.730206459054393520e-01,3.647948947702674083e+00
2.888809230196898170e-01,3.217006877694386979e+00,7.729994103424297158e+00
-5.601938856807148426e+00,-4.513099676115355230e+00,-1.532002096123433965e+00
-9.767804738704732870e-01,2.299411575092517701e+00,5.928436833669120887e+00
1.492060883675977223e+00,6.435314374819288474e+00,8.775483486879757322e+00
-7.052994569694477356e-01,1.141298442345024977e+00,5.402331818114165074e+00
3.068312645924325732e+00,3.952267171350903219e+00,4.137407657749767154e+00
-2.814732172307681246e-01,1.936472050425897873e+00,3.172501323108908533e+00
-9.368345610604118523e-01,1.045792445215041777e+00,5.976209002446646323e+00
4.896172091464029208e+00,6.638613242560291283e+00,1.017844178452719284e+01
-5.641583951392661334e-01,6.878516536130589998e-01,2.204966372443936784e+00
3.585506903044930027e+00,4.801282870346218701e+00,7.662087221474974008e+00
3.814915711391253073e+00,4.945458642373421476e+00,8.537279155682249154e+00
-1.839120491181295503e+00,1.562250501497523203e+00,3.668598881444537607e+00
4.553264656183167780e+00,4.681149761372195073e+00,4.794405422504035563e+00
-1.159167582932457474e+00,1.504866502612208556e+00,5.700860645395660065e+00
2.975476060919789667e+00,5.969844417799738068e+00,8.148096725725109124e+00
-3.857089065744466971e+00,5.535051016679952696e-01,1.538482346801885337e+00
1.775363899702401049e+00,3.572486046283919414e+00,6.399033305636986135e+00
2.466659852998753344e+00,3.925007198740683823e+00,8.913569608040591064e+00
5.851635273717380237e+00,8.113239858393605175e+00,8.371850975099365044e+00
4.404142694800942337e+00,5.284559788563050198e+00,7.946964129936469057e+00
5.068225152867267269e+00,7.818506151295313344e+00,1.273922748726878496e+01
3.705693836671277275e+00,6.705525928802620328e+00,1.003866253059870850e+01
5.704660961087834714e+00,6.773274810758843856e+00,7.307599218934068830e+00
1.208329389539278154e+00,4.218379430279716402e+00,8.542779313295234545e+00
5.424719825350555524e+00,8.361584584301645862e+00,1.057550067522474890e+01
1.422860076966420806e+00,4.313893283574566695e+00,6.657751176003171345e+00
-4.341173396234012660e-01,2.752905404531844624e-01,3.981212666717692805e+00
2.236377611514721142e+00,4.901568428838083413e+00,6.898182809128861948e+00
4.188106026853605002e+00,6.986298537063635905e+00,8.192433309330310109e+00
-1.255104274335249404e+00,8.846843030169120325e-01,3.996910308035552806e+00
1.995708079634987753e+00,3.126675947971147895e+00,6.871651371293973298e+00
-4.387088034333057607e-01,2.166345755849627075e+00,6.474879307942205564e+00
4.056891483163451717e+00,8.293074371645550613e+00,1.076565959024240371e+01
1.004765665701517285e+01,1.102498471017610271e+01,1.470819364322656497e+01
3.356022388330097694e+00,5.449413066746576106e+00,8.422550484009061478e+00
7.207507517741960967e+00,7.743833968611655294e+00,1.090175391619161616e+01
5.867378542652279094e+00,7.735130987377900169e+00,9.406079735970372724e+00
6.048292961654354372e+00,1.094787085554336059e+01,1.311002406934459685e+01
1.005093534257471610e+00,4.395285424836142596e+00,7.533923102705347929e+00
5.236790907636123649e+00,5.758308662061911498e+00,9.497946347383493304e+00
3.843363048388696690e+00,5.459159065556579371e+00,9.453856811540255478e+00
3.731381494027329104e+00,6.769585407104241170e+00,8.355042856871689239e+00
1.233546880302472637e+01,1.411693360468008152e+01,1.777447045301188666e+01
4.005082390533992509e+00,6.755378966148401609e+00,1.009713416950497766e+01
3.364629918628530891e+00,4.156221524004472201e+00,8.091104885146565451e+00
1.710741495694440228e+00,3.312698090269613704e+00,6.412004426057979600e+00
1.001497383815800291e+01,1.058837296436804642e+01,1.219547417015288104e+01
1.060981944094026908e+00,4.305318409427235871e+00,5.676349070878488945e+00
4.523306002047768004e+00,8.924866985796853669e+00,1.223100898301395567e+01
5.930294291155728814e-01,4.944421395599551516e+00,6.921374906855154663e+00
3.061231188908043688e+00,3.231156902031418809e+00,6.111856718806932598e+00
7.196942434382833653e+00,8.892909948009695142e+00,1.113385182762146108e+01
1.823924166117315337e+00,5.229475235731059435e+00,8.732798571085417905e+00
8.302912865631084216e+00,8.440694939960161847e+00,1.228720830415822896e+01
6.235677298170147154e+00,8.703271872950541166e+00,1.148676573957329161e+01
7.393537578941777433e+00,8.883508504891040047e+00,1.098767743489394455e+01
2.925953816449127221e+00,6.477829486345785703e+00,1.036139850106707883e+01
7.441119988392848938e+00,9.376650894232739120e+00,1.283223855748939002e+01
3.294319720069225799e+00,4.584537228511416096e+00,8.744650554398992526e+00
-3.026848539593738785e+00,2.222265494308750533e-02,3.898155235277562802e+00
7.149944489047049601e+00,9.535718750636286600e+00,1.068126517554606281e+01
5.794429578945679893e+00,7.940585145513900045e+00,9.848012117905504681e+00
3.976981632482687878e+00,5.640564349683483414e+00,6.701433088390874815e+00
-7.133034082479290383e-01,3.082532301151101883e+00,3.514290607753904450e+00
-3.028158863667898437e+00,1.409645785761271419e+00,2.284769400250039162e+00
2.796824221677792544e+00,7.696192480935499347e+00,1.263853272137087203e+01
1.051515214504468432e+01,1.250708735125044413e+01,1.744619271441175812e+01
2.817661042432774821e+00,7.163003628836406733e+00,7.575155013569734308e+00
1.774147412384367684e+00,6.510790230527458533e+00,6.723362160050429637e+00
6.626411218440011908e+00,7.535982687135548197e+00,1.045896039136891886e+01
1.375547055953527753e+01,1.415915645153534541e+01,1.496779523648218913e+01
5.120411147902157900e+00,9.887870083463351278e+00,1.486130950790139238e+01
8.495234678700080977e-01,4.840206176771494562e+00,7.416253134095008193e+00
3.230669134080973670e+00,7.732173812539349989e+00,8.291667666957193816e+00
3.935797244066238321e+00,8.650256590291283132e+00,1.040802122756844383e+01
1.797181375237961731e-01,4.487165093689768014e+00,7.829032123616722849e+00
5.133606998533417176e+00,9.934978518812027204e+00,1.425836825779111905e+01
7.641908617273118765e-01,5.203679929481842770e+00,8.362451710081995060e+00
-1.043835119085008145e+00,3.121957535796370919e+00,6.907613289603063755e+00
7.070919894431613173e+00,7.879035548951049073e+00,1.112202000571726401e+01
6.657282391371515118e+00,7.398160123972307822e+00,1.174544073339995620e+01
7.303960359602196029e+00,7.633709356302038174e+00,1.256894270726841434e+01
3.330012112061603524e+00,5.333145442750161003e+00,6.186292211257338636e+00
1.061830502074409210e+00,5.740205420380523726e+00,5.967335351529763798e+00
8.636982224610116887e+00,1.098751039715503452e+01,1.483864603677754701e+01
7.326469152410843400e+00,8.910221529569348320e+00,1.155439487908335394e+01
1.197627274037395662e+00,4.699692355606405414e+00,9.459574460613008995e+00
1.185469286316924942e+00,1.698982482672074745e+00,2.485116001246673534e+00
2.242794331902898897e+00,4.787148807873233380e+00,6.879523613623467426e+00
5.925827669726558611e+00,7.979808473144890613e+00,9.464615987825656163e+00
2.784400408999223142e+00,5.587824401544003727e+00,1.000426608237258463e+01
4.523957793974096475e+00,5.328579496663415682e+00,6.405011144142203960e+00
2.308051848499484748e+00,5.662169337497413579e+00,5.943157608933934632e+00
3.813045758155071407e+00,7.181866755970103711e+00,8.754147510286790279e+00
7.933169352994239532e+00,9.722439009994314318e+00,1.175018587910881607e+01
5.586162030438536874e+00,7.334099837897110952e+00,1.154014794429477320e+01
2.755874594806082101e+00,7.486216881807627566e+00,1.022627425838856929e+01
3.679737144780589109e+00,6.589129638955285806e+00,6.941545179022461376e+00
2.161252925058301244e+00,5.727212566863304488e+00,8.647706931683725173e+00
9.615884197294940705e+00,9.867856816332942316e+00,1.085998515169145939e+01
8.360765146284400373e+00,9.370482248247213874e+00,1.022532200796401014e+01
9.942330973711689168e+00,1.323556074682557515e+01,1.787775882360442026e+01
5.071298224389087395e+00,8.886174851180884460e+00,1.127304227725045038e+01
3.492072881230170456e+00,5.512329371152580038e+00,7.444619897698692590e+00
1.238817320035891623e+00,4.245052108515016798e+00,6.041155403237699062e+00
8.637023371259296312e+00,9.767633227202882296e+00,1.278184776008079737e+01
2.458473722063146294e+00,4.412000789201012019e+00,4.482624934920181659e+00
9.121567878894243364e+00,9.232723446728115846e+00,1.060340650250020822e+01
1.906616138759740231e+00,4.468727136294059044e+00,6.239924674634002244e+00
7.619044334790333828e+00,7.739320096728093290e+00,8.855078915494296155e+00
2.972307460337181073e+00,3.454404003710261684e+00,8.197564010517343291e+00
7.349410153806703150e+00,8.913580531949335750e+00,8.987412389926815237e+00
-4.911681189283907401e-01,2.811648140999927215e+00,3.973887843539012810e+00
4.435082430461701364e+00,7.268763705616721360e+00,8.022490978664160721e+00
8.720429198842580831e-01,5.792109095496581261e+00,1.064340502832324731e+01
3.345396246458079759e+00,6.625313004909608949e+00,1.016132611401991248e+01
2.935899622073001147e+00,5.065294078531257682e+00,9.876190805622101720e+00
2.807606526852317153e+00,4.926304628708321864e+00,6.123644615748623288e+00
6.001501260571948215e+00,6.578394308591468231e+00,7.619020810163396717e+00
1.751423568443333245e-01,3.036209876487943493e+00,4.261668466184438842e+00
-3.254847488582273130e-01,2.945762393379496302e+00,4.856684992804729539e+00
3.856699445807718618e-01,4.820034471666993170e+00,7.612424808994879832e+00
1.514779473645984975e+00,4.627799739152365532e+00,7.410598754115750531e+00
-1.700600756584126572e+00,2.727243114370994093e+00,3.044340954016950818e+00
8.101273307172121463e+00,8.438016842625847502e+00,1.194671806724958962e+01
7.428142978530907214e-01,4.582633808093982353e+00,6.750580899503821897e+00
3.063987258888085208e+00,4.825513299159402081e+00,6.215238630186467716e+00
2.691747610169925586e-01,1.441149190184731310e+00,6.000942138577757490e+00
1.007999090420962318e+01,1.155568863601548557e+01,1.479608261507146949e+01
8.602393485944233475e+00,1.253786738786234345e+01,1.264770028010024738e+01
2.660844995867761131e+00,2.830215745283694240e+00,4.495902768470540600e+00
5.283225594532678926e+00,8.763304316101194757e+00,1.006729749241294414e+01
4.714735266316035123e+00,4.722151718477286764e+00,6.162891218196872245e+00
9.269732181308015129e+00,9.720386264525579634e+00,1.081745279348719535e+01
4.162277506209340672e+00,5.828227509705828702e+00,6.468514285049588253e+00
1.496433567380309082e+00,5.028257204618609144e+00,6.307858364649550964e+00
-6.165850951701959737e+00,-2.860376955177147629e+00,1.347873089286992787e-01
-2.581107087165967595e+00,1.909120351302712404e+00,2.348786213026058611e+00
3.440039381723656753e+00,4.513079938541980418e+00,8.838972083761859722e+00
8.425397970286860883e-01,4.953197078957152222e+00,5.913724864867405451e+00
7.882619205989449540e-02,6.175062517905152149e-01,4.898713574891484512e+00
1.088968485063285918e+00,1.979658769186809497e+00,6.335207299540785542e+00
9.238922175060588771e-01,5.729465714394762266e+00,6.833498907273114042e+00
-4.380080174564433548e+00,-1.781421749596585613e-01,1.941013274951656875e+00
3.303953886665729200e-01,4.274287512434051806e+00,6.311265217328267951e+00
7.135861400086108475e+00,7.487839393754692985e+00,1.105131575682301381e+01
4.077126447389725961e+00,4.830569646907621362e+00,9.465695093491117262e+00
2.491402614751169864e+00,4.580134029854676214e+00,4.990134769402573944e+00
-3.730306723307274197e+00,-2.587906649437302420e+00,1.724681437901170789e+00
-7.003532587379857066e-01,9.050740893827802225e-01,5.186714064281227721e+00
8.569669917149489891e+00,9.431103609110234487e+00,1.177219422699670659e+01
-3.023148126434687999e+00,1.368149332498393544e+00,1.610173494114676362e+00
5.334296544310544341e+00,6.855682458208646857e+00,1.140494040540257537e+01
-1.856769330881019364e+00,1.125862307659196482e+00,4.707022962769869423e+00
-2.190044395289365120e+00,2.020597797672671447e+00,4.638579929018255221e+00
6.923875388764511030e-02,4.296068258995645373e+00,7.489891112337685897e+00
-4.820119267516891348e-01,2.946240326065821424e+00,3.710512601906518881e+00
-1.011905668362254929e+00,3.683188477811264683e+00,7.663610229985843070e+00
-1.293342216873411221e+00,-2.236223613766386009e-02,2.877611095777601324e+00
-2.964475241476772993e+00,-1.082145717170967636e+00,2.219864276878590115e+00
-5.406097512137609584e+00,-4.373632961252584828e-01,-2.086313104070327551e-01
-4.245972466170476523e+00,5.166457236476458270e-01,8.786023843658969934e-01
-9.849250680640737610e-01,1.318898111139816143e+00,3.729444114106996722e+00
3.667913408097792427e+00,5.011535681096835226e+00,7.845032111395267904e+00
-2.115262653882941546e+00,2.054558077810192618e+00,3.524368983866558391e+00
2.787013146761449178e+00,3.139037835022137291e+00,6.300456338228449304e+00
-1.756042824031942118e+00,2.002682821709316663e+00,6.775297870689667157e+00
-2.673460700567309889e+00,-1.875837466350395166e+00,2.630961862673631302e+00
-9.957739203996924804e-01,1.414843465545869483e+00,2.593634650666077235e+00
-3.165775622610803364e+00,1.647966728370543255e+00,2.840113081052158428e+00
-2.391976103872672788e-01,3.428023318292392041e+00,7.352457210313039226e+00
-4.317392999020150057e+00,-2.164797736900590408e+00,1.285126486734135209e+00
-8.049827328003861027e+00,-5.187441952857605010e+00,-4.227278190692016935e+00
-2.443890040603400760e+00,1.355549369964291540e+00,5.995630094146463307e+00
-6.617402351004497696e-01,1.781450038495250965e+00,6.753001308829041704e+00
-2.064732351906836350e+00,7.509421576746688753e-02,2.473777094124602005e+00
-2.778589537158246969e+00,5.908980327099266905e-01,1.519748753831645649e+00
-1.472721260266060206e+00,3.037008789469972214e+00,7.043372775167307864e+00
-5.443654104584595643e+00,-1.081567672625698640e+00,1.966225224894738277e+00
-5.065323428692142471e+00,-6.465836227946776260e-01,2.753278813595597896e+00
-2.236502706257539330e+00,3.213017926712584682e-01,4.980255812594837295e+00
-5.878602002051742659e+00,-3.680003157944236492e+00,-1.177153880484866910e+00
-1.428295123240203690e+00,-5.805764691064554395e-01,4.157718580188346280e+00
-1.525247642116740021e+00,-4.199835998052114938e-01,5.870960211531217610e-01
4.073018718433627505e+00,4.578991739589481469e+00,6.845788995349325390e+00
-2.697417648848056793e+00,-1.329344899457642226e+00,2.374560103199572225e+00
-1.474886618058481647e+00,6.272148296178525761e-02,3.666572791583757152e+00
1.136999885956642364e+00,2.116805299838090626e+00,3.266634516838506475e+00
-7.283498596730703767e+00,-3.252627794523177851e+00,-1.397160034899358472e+00
2.727690704797727683e+00,3.286560582821191900e+00,8.093579608263231862e+00
3.464171296431101332e+00,4.351132078649158075e+00,5.102117671958945166e+00
-2.918197339202705187e+00,-1.126287022444606434e+00,-6.481181762879889563e-01
-3.534349896609546349e+00,-2.756268016853701930e+00,1.475954970821045542e+00
2.788199513745370339e+00,3.645733792293713194e+00,4.202867860606405159e+00
-3.345368239552663159e+00,1.054419444853647914e+00,3.273401985415822946e+00
-1.968414304908449264e+00,-1.182599597846311745e+00,1.724987554676285839e+00
2.549304120387148043e+00,2.756833319766742285e+00,4.893746092914515344e+00
-6.066103142810619353e-01,2.344958817595655276e+00,7.130558968902198202e+00
-4.352532770616278412e+00,-2.720208951692578037e+00,1.105046530989643561e+00
-1.721240991541941323e+00,-1.057741922016294911e+00,1.110169828153704685e+00
-1.280766702176034944e+00,-1.650930527736909070e-01,2.297246126608180283e+00
-3.985997273405654795e+00,-1.899837979076262728e+00,2.999087270723304499e+00
-1.083567906663747493e+01,-6.248189077034250971e+00,-3.337159578704063989e+00
-5.861419088595544835e+00,-4.978870199019945098e+00,-2.194085241910515016e+00
-1.028674473882859353e+01,-6.326333347209732061e+00,-6.136197787323197872e+00
-3.029285132933993374e+00,-8.591383896598767667e-01,-6.459038155126037850e-01
-7.196011658543605805e+00,-5.976221970803987205e+00,-5.515648672799343899e+00
-6.732918089087399416e+00,-1.930026677961987458e+00,-1.085883414060211383e+00
2.154958080815693400e+00,2.905477492496952863e+00,7.765752324851748156e+00
-9.685256231618120104e-01,1.611310828353555102e+00,5.401235985376292348e+00
-9.901377078273554844e+00,-8.264803822425879076e+00,-5.600500292751601883e+00
-6.702245554818635931e+00,-6.667976994430020454e+00,-4.623884637542940546e+00
-8.014930528778608121e+00,-5.239481596558838383e+00,-2.667430779063219681e+00
-8.522879480286416509e+00,-6.493781044202636465e+00,-2.554242725480403209e+00
-1.053183005405111317e+01,-8.023625920782574639e+00,-4.843023302552877496e+00
-4.091955073960532374e+00,-3.168849415790397916e+00,1.138651066265221612e+00
-2.908004090191112390e+00,-1.093823180742955259e+00,1.316694985889357739e+00
-2.179422297751871795e+00,-4.184483986286395840e-01,4.041087481407132032e+00
-9.277713536099037483e+00,-4.774012801287873309e+00,-3.652591078236658184e+00
-7.998489279009749708e+00,-4.234916500198081302e+00,-3.720498771657084980e+00
-2.568613542630701740e+00,-2.419361776091710325e+00,1.763558791409349347e+00
-4.533476129529934617e+00,-3.877585401930209841e+00,-3.103671812625250936e+00
-4.217512503514374345e+00,-1.184571207044358143e+00,2.899271375675508633e+00
-3.336072937464491517e+00,-2.388068337259280582e+00,-1.817107163697782912e+00
-5.255949285234590818e+00,-4.869337557730325727e+00,-4.745105499803059956e+00
-9.952462150795181373e+00,-9.370066401504821840e+00,-4.656606853661488188e+00
1.623374899222691514e-01,6.387500528445784198e-01,3.626544923220182071e+00
-1.057804774912016299e+01,-5.973215804540012996e+00,-2.834115100659153175e+00
-3.061066040823008816e+00,-2.897337268206270799e+00,8.473176787354130823e-02
-1.428856280072666252e+01,-9.773236266523783300e+00,-8.160441091123150414e+00
-5.677386661314817395e+00,-4.109247013460595177e+00,-2.864929069956559715e+00
-6.352442906225537200e+00,-3.824719971494136672e+00,-2.635005740947408803e+00
-7.347209794162279373e+00,-3.728265937167130950e+00,-5.039572000690704101e-01
2.816529997057762191e+00,4.820398073905716174e+00,8.433173362877072421e+00
-6.652057465641449951e+00,-6.159575933442872575e+00,-2.411933916522374766e+00
-4.862324089998207199e+00,-1.847783182079694608e+00,1.302631196353495557e+00
-3.105255165092594805e+00,-2.781936663980172586e+00,3.087383946612161090e-01
-8.898309978692891420e+00,-6.427699859565429108e+00,-3.998387347980710160e+00
-3.622469338251928850e+00,-2.013202339296106480e+00,-1.975132922594764695e+00
-7.073055446513023092e+00,-4.959868446282230003e+00,-2.955287325153537203e+00
-3.990154651832365840e+00,-1.876127615239183033e+00,1.183842417661033597e+00
-1.516982903900367941e-01,1.347832780910725781e+00,2.694750027081899368e+00
-6.602998987878217818e+00,-4.114092590511816638e+00,-1.152504210585617361e+00
-8.276168293013409283e+00,-5.439526159729904720e+00,-1.031317489071970961e+00
-5.315081670721890639e+00,-1.469361378997787959e+00,-1.208411897122739997e+00
-3.277536952779947388e+00,-4.601598770394526028e-01,1.628911170409931497e+00
-9.129440160162403117e+00,-7.324183693075616119e+00,-2.534704162453548015e+00
-8.339748013699500362e+00,-6.055769101059238047e+00,-2.458594626215051093e+00
-7.526738018427877819e+00,-2.691303168643760291e+00,-1.936302489131705329e+00
-5.405607745562330813e+00,-5.132526434817566319e+00,-3.564425287582452029e+00
-7.838681868499138616e+00,-7.616460541762612557e+00,-7.032637485495181195e+00
-8.105134863200859741e+00,-3.146585750596663900e+00,1.654308773242167518e+00
-6.224037239902960650e+00,-2.767573945108478206e+00,9.973610529130509939e-01
-6.499196769879726610e+00,-5.796736381664598703e+00,-2.820558501892889147e+00
-5.391292307192373734e+00,-4.619228585151560651e+00,-2.727297804640548939e+00
-8.267571854465945336e+00,-6.540846727516879788e+00,-3.471044421574849270e+00
-8.501312527283580778e+00,-8.102846983402780978e+00,-7.585536633794268901e+00
-9.362148096996463664e+00,-6.312488475936291366e+00,-3.131900191238159437e+00
-6.301221214838136575e+00,-4.601809088622332844e+00,-3.867453449674904675e+00
-1.367973571338544758e+01,-9.249336134427386114e+00,-8.984592145205724023e+00
-9.681597893441491465e+00,-6.094720305417928863e+00,-5.394496714776007451e+00
-7.742824825418126444e+00,-4.555955283283393165e+00,-1.237676048638895132e+00
-5.251680373870439844e+00,-1.230382188693587509e+00,7.447432226585997128e-01
-5.854191155673307279e+00,-5.745208814509404682e+00,-1.689961884664441527e+00
-1.075670436895943816e+01,-8.536364272066768066e+00,-4.300915174078864922e+00
-9.296945720442106875e+00,-5.417020972137372326e+00,-2.925486865974048278e+00
-1.147229099009162923e+01,-6.475293945128496986e+00,-4.164918559949450483e+00
-6.587283643899951358e+00,-3.104760543665154415e+00,2.442585559490906277e-01
-8.349225250619069172e+00,-5.758891675451183190e+00,-2.832140230429998518e+00
-1.685197294592371620e+01,-1.285892913703354878e+01,-1.000086279806155787e+01
4.116669722627951167e+00,6.367411249049682809e+00,9.677823622167561979e+00
-4.436335802588260435e+00,-4.258790625729660384e+00,-3.712821250707771803e+00
-5.022047774489570848e+00,-4.394915874385649346e+00,-2.266077556645415658e+00
-1.362040501520693780e+01,-9.261528815951642457e+00,-6.045055827117533198e+00
-1.386711364110652411e+01,-9.004021247121475113e+00,-8.804316400183711977e+00
-8.467424146822814635e+00,-4.857388922530208042e+00,-3.286381135578964052e+00
-3.658906411490875143e+00,-3.542479229435719468e+00,5.871542202358481788e-01
-3.225801331707336850e+00,-2.412333614560557837e+00,-1.341959065748556501e+00
-5.474616364251610356e+00,-3.772287070998985747e+00,1.694985133053630300e-01
-1.112955486177161113e+01,-8.006601965914896368e+00,-6.682296286679951791e+00
-1.276705910695587853e+01,-1.192461241532893013e+01,-1.137687123031960468e+01
-5.421672781630974214e+00,-4.672589916782172281e+00,-3.318641513927289566e-01
-1.054625871805277626e+01,-5.932841852306014019e+00,-1.093052814278157037e+00
-1.224958424898474973e+01,-8.075924826593658068e+00,-3.638973201476908947e+00
-5.840153795339631415e+00,-1.759636293022503573e+00,3.030642552207647000e+00
-1.315271988527784686e+01,-8.924465177556047735e+00,-6.614451769466367814e+00
-3.915360255030600367e+00,-2.299088683240837483e+00,6.219707610169940004e-01
-1.137193649052544053e+01,-8.331019851487161176e+00,-5.456447156921592878e+00
-7.180947396451461628e+00,-3.647315682846631546e+00,-1.524327883454366095e-01
-1.630986214232578169e+00,-1.195014794608191266e+00,2.325974641289514366e-01
-9.405790473067224156e+00,-4.956489535990942663e+00,-2.006314265806033337e+00
-4.597172874973494139e-01,1.182906203459664241e+00,5.435199451375046564e+00
6.790021097611873557e-01,1.924213537988900491e+00,3.970212859870053901e+00
-4.440231874866177542e+00,-3.058958016505837207e+00,1.297791602422161183e+00
-5.727270827449940427e+00,-2.085827393447785116e+00,2.153008298015621769e-01
-5.127342395475158021e+00,-4.658382331143453570e-01,4.171385669602234891e+00
-5.508791387927795213e+00,-1.951166257115567904e+00,2.508801909131210373e+00
-5.804679909228855017e+00,-2.207714302133482409e+00,9.333450355786059305e-01
-7.129103132419428057e+00,-5.025188042786890463e+00,-3.657839232262836582e+00
-8.748428026865843421e+00,-8.447141233447016617e+00,-4.442791375913011542e+00
-8.096844341562009717e+00,-7.486028937390457827e+00,-5.434282734091424594e+00
2.728920657436546993e+00,3.902091728663184433e+00,6.175223224014388279e+00
-3.780438871295860093e+00,-2.205519743958762824e+00,1.942949487315847712e+00
-8.727366126126913315e+00,-3.836473319927803605e+00,8.713005589066349366e-01
-2.346478711132643280e+00,7.653708827368821410e-01,5.661753620250291164e+00
-7.200470052182552649e+00,-5.196856760952943688e+00,-2.584419541209187265e+00
-2.405985635697187597e+00,-1.121736475150940660e+00,3.368176185597186123e+00
-3.459338646366268755e+00,-2.560793040686467403e+00,4.916443259283291844e-01
-5.329617842598949551e+00,-1.332347249163107872e+00,1.644646484970557321e+00
-4.034372495708728579e+00,-3.640496406360228754e+00,-5.832620126145071637e-01
-9.278383862144323757e+00,-5.442987251586864694e+00,-4.503846457322112862e+00
-8.618744251156801539e+00,-4.933979971381065255e+00,-5.410914310124343984e-01
-9.664623899595671475e+00,-4.732331425985962348e+00,-2.682035107064559831e+00
-2.429588476145351450e+00,-2.303776563273187694e+00,-2.083815611629518116e-01
-1.017749734380027427e+01,-6.876358142989962730e+00,-2.419532953491196459e+00
-1.055278030587696669e+01,-5.862251344260567265e+00,-1.314372409100213801e+00
-4.914156361670364959e+00,-1.624357499074919442e+00,1.788257713825934125e+00
-2.335817831048781823e+00,-2.323898795238486414e+00,-5.052425781936196181e-01
-5.813408573761555509e+00,-1.279127393179436467e+00,2.168960927891759205e+00
-4.232536732467259810e+00,-1.892932977093916724e+00,-1.371670902676768611e+00
4.660425227161383965e+00,5.892008556832813326e+00,8.666621145920284874e+00
-5.678260877343481283e+00,-1.190753309334791288e+00,-7.116915711065637806e-01
-3.382226003590551144e+00,-2.613448781713119118e+00,6.615766001325584789e-01
-2.547947110135260651e+00,-1.077198452649928750e+00,-2.286794950918794589e-01
8.835364312465135983e-01,1.775716256682443372e+00,4.238782387165313637e+00
-4.254510046653285471e+00,-1.335788766442489672e+00,3.185958567225309679e+00
-1.683787675793782412e+00,9.652982689166451635e-01,4.421666176388811209e+00
-7.054194116700240880e-01,1.980103518214770819e-01,3.765311786373223946e+00
-5.005369741194763300e+00,-1.761901796519068641e+00,-6.809914837863122461e-01
-3.804758785282432942e+00,-4.578714600053865880e-01,5.995887616172685952e-01
1.139188875164643289e+00,4.107077750764372759e+00,7.451326273791377908e+00
-3.325771981353144113e+00,1.409807413837723677e-01,4.687313705071575853e+00
-8.183475417121359285e+00,-3.444288642135341139e+00,6.067011198714671316e-01
-5.735904950068832164e+00,-1.342164384154985290e+00,-1.245519968612220918e+00
-8.436589436344949178e+00,-6.623248892693267109e+00,-6.424637820238560337e+00
-8.889089168209438618e-01,2.353178699736386825e-01,2.143939483873671392e+00
-4.744676498467472747e-01,3.863409900744109837e+00,6.422180331708026380e+00
-7.236757191801818756e+00,-3.992451936262883194e+00,-2.178373962843255907e+00
-2.428663062480747037e+00,5.859164712696205424e-01,4.663598965904520277e+00
1.692138976129152539e+00,3.198345886014666739e+00,7.859629375825361031e+00
2.554579178081765711e+00,3.621146657507821054e+00,8.217653190190926438e+00
4.151643611022635127e+00,4.293131337757113641e+00,7.006892726505938640e+00
-9.970615759643610687e+00,-5.044751245813334783e+00,-1.995857612027255978e+00
-5.929687053233725358e-01,2.181339409857506961e+00,5.593690643632314163e+00
-5.189901649071622103e+00,-3.743390409961782517e+00,-3.473813714572464573e+00
-3.370063244380572698e+00,-2.114741998471370010e+00,-1.233506162720173771e+00
-1.167116752687226366e+00,3.450729431243968470e+00,7.712039574555740629e+00
-1.982992188213028584e-02,1.568739495910669746e+00,5.749086027376154817e+00
2.322173848349150749e+00,3.380937291589821925e+00,4.378833559987710622e+00
-5.315703295714156340e+00,-1.478026150912479686e+00,1.566269119240715213e-01
5.513596224248177968e+00,5.837559421371059543e+00,9.437492326043468438e+00
-1.358828580666274988e+00,3.589178319795383487e+00,6.419066893929958439e+00
2.981127594169663553e+00,4.299465470773528253e+00,6.163993939174158498e+00
-4.744846069930456878e+00,-1.501598276936378040e+00,2.005299783928197854e+00
9.286801355039884243e-01,5.360341249984251988e+00,9.904518111580070894e+00
-3.301631520652383411e+00,1.004761040597597077e+00,4.247215671721967567e+00
-2.022745623089777567e+00,2.265162260066420075e-01,3.623043647894579777e+00
7.105169690823984752e-01,4.043344255879759430e+00,5.133258862407700462e+00
1.485357110894931498e+00,4.023125257905489249e+00,5.064199077592524745e+00
-4.656303087363545146e+00,-1.606841824367806204e-01,1.455555360566497702e+00
4.627542509128464765e+00,8.654672454424041206e+00,1.054080777871418739e+01
4.215820734723556562e+00,8.034501442527371751e+00,9.139063716801349102e+00
6.931712487969003966e-01,4.511887336454686093e+00,5.409547508927863291e+00
1.638857380497068306e+00,4.092945081821229181e+00,4.661078805768219091e+00
1.256145587099816385e+00,3.895635991150071753e+00,7.999207741607324174e+00
-5.417346208613918357e+00,-1.639611446006168372e+00,-1.386035369299944975e+00
9.915416323227557172e-01,3.452429489024092746e+00,7.713556041065420921e+00
2.652405786203932969e-01,3.515758030208449458e+00,3.811764625305476883e+00
-3.646942454889812169e-02,1.591690692671835716e+00,4.374625136325044572e+00
1.630449433418392324e+00,2.493706809490214393e+00,5.903277145499032486e+00
-6.794920457395135394e+00,-3.620688410569713689e+00,-2.608467009759399602e+00
-2.419809575933398627e+00,3.321802480411162328e-01,4.390773027525053607e+00
4.615500623391948665e+00,6.489634122277855965e+00,7.724566997279731950e+00
5.511115560802861246e+00,9.017218428068101588e+00,9.371239998125103554e+00
-3.071124102566380465e+00,1.092244932869625984e+00,5.809539769190187108e+00
-2.549852808473005439e-01,4.568949745002761631e+00,6.731643516581153008e+00
4.296781835967596663e+00,7.412796040805345044e+00,1.169961882815794674e+01
1.536328962600375991e+00,2.653448912815047578e+00,2.791962256605076576e+00
4.415623384293769327e+00,6.338454546719987093e+00,1.076030984180832206e+01
1.777740148604340487e+00,4.303099706331782848e+00,6.954194448893212588e+00
4.612177984693282440e+00,8.069548210872723004e+00,1.094213451274399773e+01
4.715671416634784618e-01,7.439503368535724803e-01,3.548250962588538560e+00
-1.870201963026353997e+00,1.369592291411423357e+00,4.577571180522917338e+00
1.971270555199875041e+00,5.612991350590028183e+00,8.212592736075757571e+00
6.527548843678721013e-01,5.153048873128683205e+00,7.474351940251395376e+00
2.193561626418235821e+00,4.784493991479145336e+00,8.686022772893789323e+00
2.602780385369378280e+00,6.768955263946432765e+00,1.001076259893674703e+01
1.704551051081752533e+00,2.336417114398359196e+00,3.996177585213220418e+00
1.005094404305441724e+00,1.105872166105633880e+00,2.583121206888092214e+00
9.473211533337670964e-01,3.798542609640809253e+00,7.824696306375169996e+00
1.289319967374639830e+00,4.217568835386278359e+00,4.417042113996459740e+00
3.317993137703295403e+00,4.613525437069773361e+00,7.503833844331298408e+00
5.807828460286773797e+00,9.353067068300392251e+00,1.368533631839753184e+01
3.098894982818115373e+00,7.937121063529058773e+00,1.239605416999155096e+01
4.967641132182552433e+00,7.304281066621639340e+00,1.103892862209542258e+01
5.245342809148814567e+00,6.447981808020238681e+00,6.767135780557077318e+00
4.280200638905149901e+00,4.555545709235028440e+00,5.762074132631068935e+00
3.183382161437529057e+00,3.371087587168324795e+00,7.622449656843303778e+00
-3.467925024334883588e-02,2.414924537062551391e+00,6.469424740521445116e+00
-7.045014063161447737e-01,3.994989977974198858e+00,8.964529410726768788e+00
1.334656866930684416e+00,6.020476914323912077e+00,9.603260900178820947e+00
5.437220299259104550e-01,2.753620289130730647e+00,5.743544484436688080e+00
2.712557449885470540e+00,6.795039289433302265e+00,1.128281181497997387e+01
9.872874119676238180e-01,5.769629754987028569e+00,9.422658250271977565e+00
2.526282576098965116e+00,5.226050321707276680e+00,1.006790887080856223e+01
5.172938908624706400e+00,9.966063717463665483e+00,1.235382790538972131e+01
-4.081664132157882818e+00,-8.383721796847414254e-01,3.207963559775958373e+00
3.287399029050821930e+00,5.452794562474864826e+00,9.599682695890564332e+00
-9.516440787581530447e-01,-3.943667163319712898e-01,2.011391887931435640e+00
5.022979006169087768e+00,7.436041500613979949e+00,1.085932678145349151e+01
8.480669469668963956e+00,9.062734520545749461e+00,9.578786687797157029e+00
-1.725854732240044598e+00,2.777119329787501201e+00,4.295826652054309136e+00
1.579297278147108630e+00,3.213909169687301670e+00,7.098216903162737346e+00
-2.353385674896446567e-01,1.839206613068200546e+00,6.003825383562793938e+00
5.167077705694851808e+00,7.174421361514939477e+00,1.097742019255364809e+01
3.382320493920261129e+00,6.008870283168851856e+00,1.068801091486000665e+01
4.604402091136111430e+00,6.241346955929451212e+00,8.054799931125161905e+00
1.167862336343918450e+00,6.017794917564009971e+00,9.705420407396234239e+00
3.807841360179966550e-01,4.243620829139663542e+00,5.723504573875075607e+00
7.940823135654842879e+00,1.060104512210051908e+01,1.216875004924669312e+01
6.762390375951961019e+00,8.061734810248516681e+00,1.073794074838460055e+01
-1.210518193406885601e+00,3.728284927842532959e+00,4.801398163914310402e+00
4.003860481783415359e+00,5.216459777221111871e+00,6.432104718944586352e+00
7.774585823867870005e-01,4.735969890453237241e+00,7.288380196026559510e+00
9.678438834899967702e+00,1.160227711855467447e+01,1.582122629039063000e+01
8.061246857521879861e+00,9.548700049324558847e+00,1.150978954269763221e+01
6.696242463766689745e+00,7.064345260233832136e+00,7.658895769608916382e+00
1.190880730298117918e+01,1.259246263658697451e+01,1.432733882879848331e+01
9.231695070235321765e+00,1.185212137267378907e+01,1.185584294711919462e+01
5.877586442342830786e+00,6.827247999841991266e+00,7.705498100797146144e+00
5.042532225994569295e+00,6.309266469937153232e+00,7.139671100203299758e+00
5.497996680548984827e+00,6.473637586368541363e+00,1.139303939118853037e+01
1.746784794449490086e+00,4.720436090222554171e+00,8.533901914488538409e+00
8.700002850600139226e+00,1.279671973600358292e+01,1.613512272313330698e+01
1.069447355310229941e+00,4.589848705446445187e+00,7.751265928122866633e+00
6.979586671859866698e+00,1.022645406209135643e+01,1.486870220827932876e+01
8.775094426853051743e+00,9.703786796230440714e+00,1.107743697536178651e+01
6.260041253108276749e+00,6.726333997201964010e+00,1.091295631202332395e+01
1.083422079368714819e+01,1.307799741182639153e+01,1.761352021456401218e+01
9.172783273500133561e-01,2.975656893581875018e+00,5.188727683989426076e+00
5.175325284051717212e+00,7.417107790489632535e+00,1.047957325139466178e+01
2.359827572133524232e+00,6.190448156962835569e+00,7.946909537548929592e+00
7.388058504615863775e+00,1.053888577172746288e+01,1.155872295551213647e+01
5.945256908434837229e+00,8.715492430942086699e+00,1.144841693016048723e+01
-1.974829976809197696e+00,2.468749351432236949e+00,6.947975470680873400e+00
8.927010242184852729e+00,1.136306603368273116e+01,1.148606336257465088e+01
4.870050478592979459e+00,9.093160231683825145e+00,9.096272584509684123e+00
2.129335532312014223e+00,4.520603709849732255e+00,4.619554498017016009e+00
4.803549487854354538e+00,6.566505959634469036e+00,9.750329389967339111e+00
1.846511155861050302e+00,3.702515671131453967e+00,8.336972464015735440e+00
3.870632440493618542e+00,7.074450607717662542e+00,1.030666997049136313e+01
6.148099257570881271e+00,8.020284487417729480e+00,8.213002108899027931e+00
2.856233072570772524e+00,6.547131690030552065e+00,1.012835534275287941e+01
3.528379379572214258e+00,6.179004514591301067e+00,8.260344710879754970e+00
-2.189510053232446296e-02,2.669690149510782540e+00,6.403767170262709030e+00
4.931416787177626659e+00,8.495343941116953346e+00,1.178589225275790398e+01
-2.834720015411626548e+00,1.684166321605020222e+00,4.733608208106537596e+00
7.450340971276002477e+00,7.522889209001188959e+00,1.061320838717746184e+01
-1.060274256269813087e+00,2.002521972081583890e+00,2.350702789608774879e+00
5.381421170998323511e+00,7.520069942578128774e+00,1.077555125236976608e+01
3.794494277230684887e+00,7.317000435970943961e+00,1.178224856216076333e+01
4.303535816740894582e+00,8.510440720290297634e+00,9.093199766844959342e+00
6.806645747821454151e+00,9.850567881008526427e+00,1.283297493699175895e+01
8.849308741692338387e+00,1.036804833008033633e+01,1.128857686066979937e+01
1.357463109275857782e+00,2.355006404245364671e+00,3.242745249445981415e+00
2.937339523240452444e+00,6.968657885315384881e+00,7.710623138605826377e+00
1.181058376079855954e+01,1.313254364750758718e+01,1.422148567011615761e+01
3.847499499461088046e+00,7.411783661506246901e+00,8.203763133466905444e+00
4.393203152628634811e+00,4.513527915671028623e+00,6.384655025262189199e+00
5.194431350772644507e+00,6.719902656527578344e+00,8.708426181306332836e+00
1.988720928558969092e+00,5.757799624125849114e+00,5.819634168601657720e+00
3.139048962047086277e+00,3.327586970734880190e+00,4.605810130063918706e+00
4.964783520383795334e+00,9.410825951782925358e+00,1.025619845477174330e+01
3.516337008889953708e+00,8.501526792797987397e+00,1.252998962315482245e+01
4.076349633838045605e-01,2.688317729029868097e+00,6.427628955272901123e+00
3.759758272174079874e+00,6.353833896858642305e+00,9.183795220057938025e+00
1.970674811812468619e+00,4.874533521406723580e+00,8.118136085724829698e+00
1.404064613799824279e+00,1.707885563952773467e+00,4.790376088634523910e+00
-1.379309564623893536e+00,2.205433344668660034e+00,3.759049019852224394e+00
-2.305144725590164700e+00,2.587749426776620343e+00,3.309974856833842072e+00
1.592391820260502300e+00,6.144604432902438518e+00,9.526851472631021167e+00
1.557274189462420910e+00,4.878846580406088762e+00,9.258959880004415055e+00
-8.521254719696433888e-01,3.306520584533555240e+00,5.033692746030798304e+00
1.411552596120742908e+00,4.938401607699299589e+00,5.191414521133939530e+00
5.965137765164882921e+00,8.285229926293931513e+00,1.297411622991550395e+01
5.669469631189080872e+00,7.039916870195693122e+00,7.289770815523276326e+00
5.986564433740859670e+00,8.901289393447937570e+00,1.067678820878024126e+01
3.236854213655608437e+00,5.135271564151641321e+00,8.047557499435717077e+00
7.443158781087952036e+00,1.055110407782904858e+01,1.273771390573902274e+01
4.171866204029910818e+00,6.709612414977329742e+00,1.167589119870635628e+01
-6.664379968081508565e-01,4.119301793364623876e+00,7.655887153486144570e+00
4.976957702523931104e+00,5.784355337218843651e+00,7.584155757156514355e+00
-2.735934810110209892e+00,1.679506310323918949e+00,3.797335891219843607e+00
-3.546125834455970960e-01,4.422225663435820131e+00,6.863734579730962793e+00
2.237742220851794528e+00,6.546587891877427623e+00,6.723482389517418056e+00
4.835601530828632200e+00,7.006420004792506262e+00,1.050772925853828710e+01
-4.632641576159031160e-01,3.854558504100310756e+00,6.902722968206449927e+00
1.233295302255236869e+01,1.319926315225796287e+01,1.762823397842089790e+01
1.518388443250610287e+00,4.392454256620395903e+00,4.932545165373952045e+00
-2.534887762873963002e+00,-2.156538759247901282e-01,3.279063091706688748e+00
6.113693542760008981e+00,8.368772274341905515e+00,1.272272281066467770e+01
4.340342002423769330e+00,6.458813575227628334e+00,9.376077022893433366e+00
4.184152554438997029e+00,5.240004734448511670e+00,7.803436484674069362e+00
1.942468706878173190e+00,3.056755256541818344e+00,4.182690996289113450e+00
4.137725157708330492e+00,5.537237868924540507e+00,5.758234206162915925e+00
8.302507922896721126e+00,9.119056131595559833e+00,1.124085925826086552e+01
4.115569673699404518e+00,4.770872167236084316e+00,5.437795919821487800e+00
-5.180635239693857308e+00,-3.409760977904738866e-01,1.794510718195557519e+00
-8.407235733434728076e+00,-6.388572235322884652e+00,-5.049893961122970509e+00
2.464541227641249055e+00,5.026777023178590653e+00,8.007101531468856948e+00
-1.274689434290260159e+00,8.162381755072036782e-01,2.785280757782627958e+00
-1.271108108355272215e-01,3.375022607384747353e+00,8.123906111815340836e+00
-3.242669423596383549e+00,1.146440931316548006e+00,1.739542265843493363e+00
-2.431722606330003256e+00,8.298207455061943350e-01,8.650588080112467937e-01
-2.090468867976488898e+00,1.074990018777667089e+00,3.396757963402331271e+00
-1.211693233131748038e+00,1.243872028587417411e+00,4.184000067847975401e+00
1.781066144140098562e+00,5.494343050584696186e+00,9.141632063824417287e+00
4.560790051243793997e+00,4.783185208977197789e+00,8.465657140484664112e+00
-4.814661396051244324e+00,-6.655814927054750640e-01,-3.247183705274627741e-01
-1.975877880288396060e+00,-3.611448768999645509e-01,3.599175507260188311e+00
1.421139357834695804e+00,3.886673436343207388e+00,7.361128780392987458e+00
3.290089336399685482e+00,5.801668374390358096e+00,1.069278062343118840e+01
9.691098402185938099e-01,5.650075204550401686e+00,7.055801414081397382e+00
-2.505342103014867039e+00,-5.759179942973968735e-01,1.580811994879196103e+00
4.773577482218051671e+00,5.294599146935976108e+00,7.314973881333206585e+00
-6.982796461843442160e+00,-3.108557355910304576e+00,1.125924051335277287e+00
-2.925716855186677456e+00,1.504946897004628248e+00,1.577741897862002363e+00
-4.762086086037840005e-01,3.467821585138008089e+00,5.980960007564180891e+00
-5.367501224090776013e+00,-4.336705499947580478e+00,-1.842980387390400487e+00
3.849802148582473826e+00,8.071104481991435264e+00,1.024235132079456534e+01
7.130266734311101473e-01,5.665332076426230046e+00,8.748747999768754724e+00
1.070073355321977893e+00,3.518891701050686827e+00,4.993338340387441399e+00
-1.479874641653986966e+00,-1.424619328458831324e+00,1.628122454987690704e+00
-1.728753717984313987e+00,1.158724013797524321e+00,3.742795789960152497e+00
9.383586371916852187e-01,3.626880907085000771e+00,7.844492762804822661e+00
-3.804080669932125236e+00,-2.219731046730971435e+00,5.315386732700639882e-01
-2.900194350976978530e+00,4.995437783157526956e-01,1.548638412958557531e+00
-9.591548832146958858e-01,3.664942192020423484e+00,7.350554815889976723e+00
-3.923504081646718600e+00,-3.657027080866351199e+00,6.685064088232941515e-01
-2.932176560009130739e+00,1.717174166791474832e+00,5.685524407910249600e+00
-6.782183262613274977e+00,-4.651060254144931072e+00,3.208242444439957097e-01
-2.946884433260962499e+00,-2.324704936206407169e+00,3.583242705614697599e-01
-1.965040183669422236e+00,-1.113086163306724830e+00,1.083657850924376609e+00
-2.801605638014736943e+00,1.835515895113163598e+00,5.806821537121495069e+00
-5.823438111489251057e+00,-1.913028403837551128e+00,-1.437593989284442486e-01
-4.210513254400487071e+00,4.608376328172156811e-01,2.302142286087180079e+00
-2.282110712460594826e+00,-2.082243533860906659e+00,1.106762778443914463e+00
-3.529973192938115290e+00,-1.716735110308648782e+00,-9.481106691310682288e-01
-1.150059434714604478e+00,3.523230875555853459e+00,6.709428545727070592e+00
-8.485467885649208952e+00,-3.782819438098055986e+00,-8.679260266276465074e-01
1.523145697140432464e+00,1.842463995269293608e+00,1.992166563821174075e+00
-5.043311068308009126e+00,-5.405038932965617882e-01,-3.468642089030217202e-01
-5.441587568969005417e+00,-2.365708583055107894e+00,-8.758295458432829861e-01
-7.831032811337083288e+00,-4.392742115822247051e+00,-2.969129972236516757e+00
-4.465480351352030475e+00,-4.279369499104580754e+00,-6.251771351100074980e-01
-4.710926843114238594e+00,-3.156413691796514431e+00,-4.024190554971012190e-01
-5.359090480838005988e+00,-1.489761381162007403e+00,2.024355127988020087e+00
-1.070316450029594302e+00,6.725390759936427099e-01,4.411672372125129193e+00
-6.764747295769966584e+00,-2.136342260644538360e+00,9.135307019356839753e-01
-5.549936032320170298e+00,-2.032405729097452873e+00,2.297134969304428953e+00
-5.898680963201126559e+00,-1.680477881804734785e+00,7.752875562417793631e-02
-5.051868048646144693e+00,-9.336506476417927303e-02,4.946493547107411182e-02
-4.617147149306586762e+00,3.163907095372280320e-01,1.546376376470269154e+00
-8.074519768809693687e+00,-5.872334516533453730e+00,-1.453890827409883180e+00
-3.871799803780772375e+00,-2.650155611143680368e+00,-1.526247435693384835e+00
-1.428802275448207038e+00,1.786741535492204935e+00,5.313994163468588994e+00
-5.971741350904816059e+00,-5.934387929899680003e+00,-3.682166750020746449e+00
-4.298183522377632571e+00,-1.852638632974532573e+00,-4.934626343647618985e-01
-5.407172272460071483e+00,-2.676623699315547888e+00,-1.903735670954765258e+00
-5.569600769925878936e+00,-3.951571760638885156e+00,-3.853755928661430907e-01
-1.934496034948334664e+00,2.434436654398185684e+00,5.381331462964213053e+00
-2.686880289535120259e+00,-2.312657592829130415e+00,1.081071755996077854e+00
-2.461834779029822506e+00,2.026154325418663582e+00,4.547724540402073856e+00
-5.041812201110615455e+00,-2.573352370595288985e+00,2.383715526666153384e+00
-4.472720996159902818e+00,-1.291232058429688134e+00,2.738912449901146129e+00
-7.716685834785944387e+00,-4.484218408404885281e+00,-3.379639975585331246e+00
-5.950544527991592503e+00,-4.530153608010262900e+00,-1.201624814265554342e+00
-3.962245383632238216e+00,-1.681889733272681875e+00,3.398492178080252391e-01
-1.815877370550726067e+00,-1.703617603643760248e+00,2.718227733349721120e+00
-5.690710538225746795e+00,-1.268221589041811370e+00,1.036634034581771058e+00
-5.509989578879358696e+00,-2.006293535750949708e+00,-1.117196767074393637e+00
-9.737442732923872413e+00,-7.218387610004901589e+00,-5.024059400505625383e+00
-8.982724398992637305e+00,-5.699656544934548208e+00,-3.351427039213528136e+00
-3.292927043955171662e+00,-8.007556306103600363e-01,6.778066544564249618e-01
-9.536717336984219529e+00,-9.294601495461318308e+00,-4.709472700374365495e+00
-2.669729904486287442e+00,-2.608571786949166693e+00,-1.201949644142531692e+00
-6.125822924591812324e+00,-3.887769013620306247e+00,-2.292307242158293512e+00
-3.827235283231037233e+00,-1.067645932914685236e+00,1.240419142937895902e+00
-3.706680546868452275e+00,-2.429299367550555200e+00,-1.989198713023355491e+00
-6.420041479234471993e+00,-5.732365126313624160e+00,-3.300764780028553780e+00
-1.015793525137818065e+01,-5.928207581449483676e+00,-5.425013121839582730e+00
-8.812727108609712090e+00,-5.426695182592158773e+00,-1.466239453364113210e+00
-3.558641185668806273e+00,-2.174779794095165641e+00,1.166417670164331621e+00
-1.430994396747736985e+01,-1.087665424406278625e+01,-7.337690588930654734e+00
-8.005368385292744193e+00,-3.551322927295306187e+00,-1.558692604839779783e+00
-7.942846713342413878e+00,-6.724401024985282582e+00,-4.005176685548933690e+00
-3.865741826836039952e+00,-3.552999960658962841e+00,-1.883395309656702876e+00
-7.556704428869199575e+00,-3.140578795300010384e+00,-4.802909940789454879e-01
-1.139133804423229712e+01,-9.207961523034335016e+00,-7.879541969529180179e+00
-6.198698516595341879e+00,-4.946820093064467905e+00,-3.763759986262871671e+00
-7.989233133148442079e+00,-3.843064792549033104e+00,1.082037068415015124e+00
-6.761775901148422641e+00,-4.087783734782861167e+00,-3.688616648918794816e+00
-8.513580970586517083e+00,-4.758385740910565431e+00,-3.731136238089645119e-01
-1.274901396322849045e+01,-8.092873108280929983e+00,-4.948996378174004285e+00
-1.020719389372354691e+01,-7.672789727429448980e+00,-4.570153155097384179e+00
-8.700752824295788557e+00,-8.635999236230890830e+00,-5.358899859737141114e+00
-6.421150343112896230e+00,-2.872918376835156273e+00,7.372333613542854103e-01
-7.728560692380986197e+00,-4.913201787833919809e+00,-1.412979931227108299e+00
-7.945572144053651087e+00,-4.751410190402689970e+00,-4.173768091191194074e+00
-1.423234410897589086e+01,-9.740510261963709837e+00,-6.626872723524261488e+00
-8.389899619041226941e+00,-4.750927766626093174e+00,-3.036490167038838450e+00
-7.369697440096846464e+00,-2.773499858951419483e+00,-2.604210280079635176e-01
-1.361744651446113785e+01,-1.022241655616785039e+01,-5.461506253178354697e+00
-1.090420548506675757e+01,-6.323791760402458273e+00,-3.099797906708919193e+00
-1.027618475587404845e+01,-9.447477798207824407e+00,-4.694635643339745812e+00
-1.093498921354675169e+01,-6.014310726991912937e+00,-5.497327250081835537e+00
-9.723134337587135079e+00,-7.471645926995617693e+00,-4.730368107764734376e+00
-4.099724293648606022e+00,-3.639316591303987103e+00,-2.690916844005687203e+00
-6.974387379091362860e+00,-4.285860423694497712e+00,5.295868155587770687e-01
-1.067811543886927561e+00,-9.287616642431375524e-01,3.633453706541231121e+00
-9.466401918826957029e+00,-4.973361068580003597e+00,-6.874678926472217455e-01
-5.689425942675263137e+00,-3.801671299354042244e+00,-1.347553613314028897e+00
-8.512390297626527769e+00,-6.494417100997164738e+00,-1.756486168853022001e+00
-1.073955319170532086e+01,-8.132800092835790196e+00,-7.729737049500575274e+00
-3.690080387505124015e+00,-2.319781165949237334e+00,-9.615101375465950895e-03
-5.860696012609185601e+00,-1.092916351020213117e+00,1.751839102091315770e+00
-6.182841693186878373e+00,-2.702478577346850486e+00,-2.259879340677713788e+00
-8.807297779303331353e+00,-4.420677549679592033e+00,-1.725586439610655276e+00
-1.233585447626668241e+01,-7.729712413563639473e+00,-5.502328986610859118e+00
-4.789192686182852654e+00,-1.373772701458263690e+00,9.804202671765711585e-01
-3.762302634704701720e+00,-3.049512987133149444e+00,-1.689263097356441978e+00
9.627633229242086310e-01,1.299049795130110319e+00,3.500381509689010961e+00
-1.147127577686369726e+01,-8.224568059556963462e+00,-7.006011680508716921e+00
-4.609416483655374819e+00,-2.157476192622354905e+00,1.373904785684598728e-01
-5.747012212188044700e+00,-3.079909757671342341e+00,-2.156986422535949632e+00
-8.403464297322166487e+00,-5.733543855287899227e+00,-3.912516071352043046e+00
-2.024585104688378046e+00,-5.943758598931374593e-01,2.335534210224940566e+00
-4.195638977545673498e+00,-3.455454960037743106e+00,1.047838292999635712e+00
-1.212224205029408175e+01,-7.447977985345506369e+00,-4.144929536369095224e+00
-6.481103946078535571e+00,-4.965330498059868702e+00,-1.835301147927799192e+00
-1.043573580346118845e+01,-7.428118470820448849e+00,-5.471863562673766168e+00
-7.392776609393728826e+00,-5.956540372527181049e+00,-5.114275610966015684e+00
-3.494116771599868887e+00,-2.407197571471615838e+00,8.579520462711882622e-01
-5.946249562580073089e+00,-1.516777907251118496e+00,4.080023674261605837e-01
-4.394635777551557432e+00,-3.785138355042398040e+00,-3.721106846786151223e+00
-8.690965493169306555e+00,-6.661437217857379522e+00,-5.498602461925335305e+00
-4.839875442505688241e+00,-3.227097607461486106e+00,-2.018748234932508101e+00
-5.481457086979528270e+00,-2.160718926605719403e+00,1.031852577618242783e+00
-1.476606751253002514e+01,-1.020454488997595632e+01,-6.705820315752587746e+00
-4.719081543220813302e+00,-3.894374640246629049e+00,-1.364024937063996745e-01
-5.674643637976273247e+00,-4.768304325214076655e+00,-1.975299895495276736e+00
-1.674252482808833431e+00,-1.288861435381869036e+00,-1.052236150543625737e+00
-5.264688394971200225e+00,-2.943538431850220238e+00,-2.418620624637703109e+00
-4.129859659588674958e+00,-2.596526635178268094e+00,-9.023597436114880743e-01
-9.289805255042617560e+00,-5.442670659806943867e+00,-3.779270133908460672e+00
-6.409235362395971691e+00,-3.937734437786812425e+00,-7.480478778431143283e-02
-2.080289924898545806e+00,-1.055798390649135943e+00,2.968688570540702454e+00
-8.183058622512273672e+00,-4.024084637702442180e+00,9.201493381434788787e-01
-5.466712743691610754e+00,-3.246474349370081391e+00,-1.393227706067900362e+00
-1.182788175342085779e+01,-8.317855400544802436e+00,-8.027099814190886917e+00
-4.052342498694827100e+00,-3.853584941045550050e+00,-2.178630623717015879e+00
-1.326802071977338038e+01,-9.620445278890365159e+00,-9.038173060499847367e+00
-8.245612804066063006e+00,-5.067878563003883841e+00,-3.720352236505671151e+00
-6.520806524705431428e+00,-3.262433161277929816e+00,-9.775525418313031345e-01
-1.659738700933673705e+00,-1.083980324460168454e+00,1.524337493546958910e-01
-7.411791297463331318e+00,-6.313222527997954359e+00,-5.490299564453104075e+00
-4.465685159234952017e+00,-2.123957917211066970e+00,2.649369779373911271e+00
-2.057860405742315990e+00,1.232583595712619662e+00,5.412593753203159608e+00
-9.927055418058044367e+00,-5.021654472900675792e+00,-2.318541156932837133e+00
-8.856120038216694468e+00,-7.665769659784817947e+00,-3.026714624566885448e+00
-5.573882916554980582e+00,-2.078962971196189891e+00,2.715743331538893912e+00
-9.702212105277002507e+00,-6.447052296999382648e+00,-2.571327246853024384e+00
-9.702545835681533504e+00,-5.249364861787141123e+00,-1.453118304186733933e+00
-2.755647787430067996e+00,5.758107263354261818e-02,2.417185733940904857e+00
-1.117455646912842049e+00,2.999431027651384696e+00,6.859360091754826527e+00
-7.383128798395261150e+00,-5.550974678740178803e+00,-3.059314842029409842e+00
-7.852579751436840283e+00,-4.677625972008378596e+00,-4.535774876747641571e+00
-4.938129206089760359e+00,-3.700285706431528432e+00,-2.449213731074749045e+00
-8.354447584289562911e+00,-3.938289786883000687e+00,-2.280851019401544111e+00
8.662080008784021068e-01,3.591924939867970235e+00,7.749857274889111025e+00
-5.010138050974328294e+00,-3.711668988257648572e+00,-3.092883600923327592e+00
-7.935985167783148775e+00,-3.194186135240912883e+00,3.292285449299017230e-01
2.022389929127028196e+00,2.907658757527734839e+00,7.006216527591034193e+00
-4.055426128009554709e+00,-1.197930613316287030e-01,4.067912426045799279e+00
-1.811675585180032577e-01,1.199895324753143200e+00,3.442793691697997982e+00
-7.851549399039568833e+00,-4.383180682899000757e+00,-2.429842811751975695e+00
-3.511368521915948726e+00,-3.161507660834619315e+00,-2.479258890857439113e+00
-7.580932431775325497e+00,-4.595364906288173401e+00,-2.719523908295065073e+00
9.962901703244506635e-01,1.023190829372989441e+00,4.857463464253479302e+00
3.080620385259797978e-01,2.391580752501784701e+00,3.960427179731446756e+00
-6.553822601110130819e+00,-2.986226705854633678e+00,-7.106826109226167532e-01
-5.655766322665856549e+00,-2.181610775704920790e+00,-2.115620363798807801e+00
-1.998698306925267953e+00,-1.951597736501145652e+00,8.479119155507446326e-01
-1.044338721696820116e+01,-5.532327045825662815e+00,-4.170540856234002725e+00
-6.226432875763579844e+00,-2.811965089930203554e+00,-1.950677375416791648e+00
7.236689367477899815e-02,1.630110052478948024e+00,2.020484504854987762e+00
-7.618475456849626681e+00,-3.214509657065403037e+00,-1.662322649299587507e+00
-1.359612220022116347e+00,-2.072799830071661575e-01,3.445740909192336332e+00
-5.304890804201292553e+00,-4.307690026148828899e+00,-3.106313223656913536e+00
-1.230591145185027546e+00,-7.125098768814545069e-01,4.101849669092930029e+00
-3.105030461651420381e+00,-1.866841714043025346e+00,3.111474799968886984e+00
-4.618538786798027651e+00,-3.737791581955633102e+00,-3.634532332064782878e+00
-2.075544410617402136e+00,2.402923656604014191e+00,5.303009915804592467e+00
9.195503514278859925e-01,2.676600351348529472e+00,5.243298663633785495e+00
-3.970200442838261790e+00,-2.666565668301118741e+00,5.072285831070031392e-01
-3.383162426375644571e+00,-3.008196346628132511e-01,1.001418105356334243e-01
-3.966756632858416065e+00,5.866838701469672124e-01,2.889310581272509282e+00
-5.860045773571490813e+00,-4.884275113160372328e+00,-3.347355815980294302e+00
-7.855840407348051890e+00,-3.524731633160019584e+00,-1.608805773249514015e+00
1.822352598444233696e+00,4.632158454422375726e+00,9.370607128837132649e+00
-5.573708466171500397e+00,-2.315126278261668169e+00,1.063457441366341794e+00
3.519067791363161390e+00,4.761911977173538091e+00,8.103387902313460955e+00
-4.910656613756680500e+00,-2.941642892794173569e+00,1.613569530204196134e+00
2.530718160740023315e+00,3.178412400292908835e+00,4.606614148611049231e+00
4.541069775055039948e-02,3.754143409616096383e-01,2.279933586811614621e+00
1.625879526372741024e-01,9.044512834193290107e-01,5.130170055731383627e+00
2.466768248928210561e+00,7.091984258874124869e+00,1.043911248289770377e+01
-2.647661789992091563e+00,-2.130988790062895433e+00,-4.228343819507940360e-01
-1.299162821547453106e+00,3.523296640192242535e+00,4.204802759989743954e+00
7.241596069058799934e-01,3.506606520019862394e+00,5.271253899997675241e+00
7.021152877253630464e+00,1.201696593801793966e+01,1.344391126122699909e+01
-1.410058750670060146e+00,-1.171197424252843344e+00,2.339716649870493992e+00
-1.344697395988085686e+00,2.889992552324640585e-01,3.576906425005578427e+00
4.197996856966762280e+00,4.721256791039334821e+00,7.336572795690591064e+00
-9.717695878359555728e-02,1.778980783229642926e+00,4.462816453122796290e+00
-3.170745436054450472e+00,1.096616553651232451e+00,5.960352993457609827e+00
1.698323432737527394e+00,5.463984178327542907e+00,9.298275754429532469e+00
-7.476038435887466527e-01,1.897076605108215741e+00,2.384076324399596825e+00
-3.209140129126727636e+00,1.261576024819115460e-01,8.650569613942720171e-01
3.856602493761475348e+00,5.084907776655127165e+00,8.622820342006084715e+00
8.512794855429426377e-01,4.136242456133427225e+00,5.707872164082331778e+00
-1.684753641426080861e+00,2.175467538441774984e+00,6.872046460653050026e+00
-5.900693774808591918e-01,2.136228728241141184e+00,5.524662023326590621e+00
-7.838919857860511264e-01,5.750059365652901988e-01,5.429041159778760672e+00
4.228520331912047681e+00,5.597044890840992437e+00,1.003409001208508400e+01
-2.196480237180015394e+00,2.442865321813580515e+00,6.041008294833260628e+00
-2.743475810908651891e+00,1.314461327695080062e+00,3.603745366645882076e+00
-4.730244201069847776e+00,-1.325102538195777058e-01,3.580720971376123885e+00
3.366370839204761989e+00,5.000090796876528465e+00,5.174816635153730360e+00
-3.072780797664580454e-01,2.396638052017947107e+00,6.599889675723574101e+00
-6.320962756253776682e+00,-2.017622161892269617e+00,2.157971465525418964e+00
-5.658897434243368441e-01,5.078426836812557355e-01,2.638585081680743905e+00
4.441739076149988641e-01,3.513303183522361373e+00,6.851085643862527164e+00
2.020179912133709621e+00,3.693097020264636932e+00,7.156308639016942585e+00
7.193570046222470538e-01,3.673842041960311278e+00,6.507719915491069429e+00
3.494979221760674548e-02,3.350073910893992757e+00,6.366913555224867238e+00
-6.706317856431008861e-01,1.637413876502087362e-01,4.535823024476608900e+00
8.568278379046461168e-01,2.059676605267229732e+00,5.782120511429202026e+00
7.443421438421625069e+00,8.325704803213898941e+00,1.163053686752003557e+01
3.494696159990787976e+00,7.973114953986570441e+00,8.021667530839691196e+00
1.788932695289842556e+00,6.687321027991289135e+00,6.835700361290812488e+00
6.453122490981717974e+00,6.509960595454988841e+00,1.079776108714148108e+01
4.299113516747696373e+00,7.842633532268042273e+00,8.371686821909925413e+00
-2.835279744486078890e+00,1.851794788493618782e+00,5.211455994307836903e+00
4.842434316307370423e+00,5.397652033997832888e+00,9.700420013620115967e+00
-3.829212017593079942e-01,2.021603059539693437e+00,3.412271509874117648e+00
-1.969181680215703167e+00,2.156023570947686707e+00,5.848255839402071388e+00
3.534905736759271555e+00,6.650124747479585707e+00,1.114269050814340112e+01
4.159721590198211416e+00,8.466120640539056552e+00,9.600078932763508988e+00
7.295832839806859482e-01,5.123014055887738394e+00,6.993213253756267456e+00
8.570112641754542793e+00,1.072898432076081043e+01,1.559064625640365520e+01
2.694092414789205581e+00,6.493464057518304244e+00,8.100893829330932050e+00
3.629370119364394576e-01,3.602566460269125415e+00,6.299188141594683543e+00
2.163194958289693659e+00,2.746211143517598430e+00,7.184972833467515585e+00
5.023497563770427554e+00,9.132904981940374256e+00,1.302145676637505822e+01
3.738853288741259107e+00,6.534620226626322470e+00,7.638807428033413061e+00
3.827234877589203776e+00,8.246715024187174947e+00,1.001154324228207670e+01
-1.788000354911973844e+00,-1.687409765136250073e+00,3.221461123594534293e+00
2.781174722625191720e+00,7.086960239734779066e+00,1.020036201692438560e+01
4.820587293710699939e+00,4.882622990848172861e+00,6.021203276722193465e+00
3.993696619903763789e-02,2.300186406078160495e+00,5.440611022310262612e+00
2.814664074424910289e+00,6.355436658138176043e+00,1.029680014714577752e+01
7.101119170857944418e+00,9.879423799293022057e+00,1.316034093854992548e+01
9.405416988738799944e+00,1.346163047981561789e+01,1.706083703146963870e+01
2.672749042759651417e+00,7.446810703793183883e+00,1.182004020578362713e+01
3.801943612087284041e+00,4.648750001064403392e+00,9.385845634649806257e+00
3.501050310050446424e+00,4.521930272873506240e+00,9.478249201380688049e+00
6.265831297557037161e+00,9.772479007557070219e+00,1.291013677126366943e+01
2.321869869417322541e+00,3.943483750740890414e+00,4.609021375322880587e+00
8.219912439711873020e+00,8.850777521958724137e+00,1.318365348490967648e+01
5.750069450661598580e+00,7.912278681659786983e+00,1.071153796597538133e+01
2.967434784566032491e+00,7.626615322752869019e+00,8.903388846802615220e+00
-1.402333360756480296e+00,2.417354066379277633e+00,4.769677875570387471e+00
5.029770119968818065e+00,6.093543415564505850e+00,1.035840181846654318e+01
-5.687961909091812096e-01,2.830949676339570509e+00,3.305558089224021501e+00
2.771184589458427716e+00,5.479970565903338198e+00,9.738789826869638233e+00
9.699017481629173432e+00,1.003369152273688236e+01,1.211506550886461042e+01
6.985201582201480797e+00,1.101127393478531147e+01,1.530306033533635457e+01
4.117208280655237473e+00,7.994022162328320746e+00,9.522570037461100867e+00
3.138824067688298136e+00,5.673471870833532549e+00,9.379861754158433484e+00
1.141640146362993846e+01,1.217934022835721741e+01,1.515432904464429775e+01
2.091173103688091395e+00,5.693041729732950529e+00,9.943001076538250160e+00
3.505380987014415695e+00,4.063739606298383933e+00,5.712113079261130544e+00
6.877169744899260806e+00,9.585439490826587416e+00,1.309072399039929024e+01
5.242401332351818155e+00,8.892582809976421032e+00,1.015887867983721904e+01
5.843851643445123756e+00,5.913234703531060177e+00,9.382319593559998339e+00
3.315773706070428872e+00,7.861405142769288368e+00,1.184899036828648455e+01
5.792825329371570575e+00,8.905155844684665922e+00,1.379300804744266884e+01
6.040249023285767294e+00,8.205832913757543423e+00,1.083108166869802425e+01
8.924469259724906678e+00,8.985903079516818437e+00,1.371565989368537863e+01
3.187663256466930051e+00,6.104396531129113512e+00,8.058396450657212995e+00
8.988070856785723706e+00,9.210892536222749172e+00,1.102298785785477087e+01
7.675614936244238962e+00,7.693605444622507505e+00,9.315281134613199399e+00
1.475155915881356528e+00,6.232430536223979800e+00,7.003767357375961566e+00
4.188236024679474312e+00,6.915291570126636422e+00,7.848378170651247210e+00
3.445580534112193227e+00,7.362476185653049399e+00,1.017446522184630986e+01
2.310253548839114046e+00,3.321433640600512049e+00,7.652640131794777645e+00
1.827009667037685858e+00,5.747128581205119602e+00,1.050363522833288421e+01
7.846370420131767887e+00,7.849511384594940466e+00,1.013509612058033582e+01
-1.401544721224452061e+00,3.597661781265157011e+00,7.653601366124207495e+00
1.628426057712494490e+00,5.784856716999631665e+00,8.890519030631221398e+00
1.122621173760954960e+01,1.479070999802573816e+01,1.881734129194377658e+01
3.777900963315441452e+00,4.239304201274942230e+00,7.702207119328591034e+00
2.387061035878664583e+00,6.464101536042359264e+00,6.668430474467819558e+00
3.615752677826936434e+00,5.101018580461507135e+00,6.721076659875718562e+00
2.963442696301830104e+00,7.236354672707092206e+00,1.113811162069142924e+01
1.843068201355787306e+00,5.125175555933320304e+00,9.148791460147663201e+00
4.554195292766554104e+00,6.821343796055098885e+00,1.119574674756565358e+01
4.203677693244816993e+00,5.374756908760184082e+00,8.897641316259445432e+00
9.464538781905019960e+00,1.067329470577379347e+01,1.087260457282790505e+01
6.307774470667060207e+00,7.728530669765969030e+00,1.019306481221911298e+01
2.314320659483577458e-01,4.448612141304218781e+00,6.992894587966004494e+00
9.056287212922020657e+00,9.952040225787481376e+00,1.491587008078609600e+01
3.174824256185507121e+00,4.525189596088628363e+00,9.451663221580560048e+00
-2.005358703156804090e+00,2.676314704384315846e+00,5.388522247587531844e+00
6.866414574227202472e+00,7.326229987435767477e+00,1.080330404470814187e+01
8.793610782530539183e+00,1.302219909027461142e+01,1.524870458867215817e+01
5.855160471266291911e-01,1.780718343856084296e+00,5.794839167419367776e+00
5.069301702405875076e-01,3.232319298620231152e+00,4.220469322697620207e+00
4.695017987018301753e+00,9.442711191855687858e+00,1.418320232528158087e+01
3.381063478655821353e+00,5.216311845878744968e+00,5.536327391587445135e+00
5.781624022818508735e+00,8.935566695567054296e+00,1.052170036848437817e+01
4.210238930187037987e+00,4.542015235187284006e+00,9.001047307530114949e+00
2.442877295801093140e+00,7.433458868802498287e+00,9.185486437353906908e+00
8.468696495081074360e+00,1.219242781200205172e+01,1.252128177340281923e+01
1.476501306204267117e+00,3.325028504002420338e+00,3.868787334250624266e+00
9.651494186725672719e+00,9.928243872543255577e+00,1.287219907509073380e+01
4.832478839442002183e+00,8.842633777058162892e+00,1.110748503276676580e+01
-3.401591875296343659e-01,2.280736364675174599e+00,3.634386449801222607e+00
4.686610112222497904e+00,8.368546516591571560e+00,1.017391285230082332e+01
6.514580933265528451e+00,6.852076034897166323e+00,7.679614590025497733e+00
6.204863472466692897e+00,6.847206498694279553e+00,9.026595445692375819e+00
7.196152433966045869e+00,7.522215806882783795e+00,1.155463741921796128e+01
8.587682337416957523e-01,5.398794183849201289e+00,6.640765079860784681e+00
4.168376991095044559e+00,6.595925775004809921e+00,9.191241096987655013e+00
2.119244886061962596e+00,7.044250968351694731e+00,7.372348860284580141e+00
5.151467558958267468e+00,8.490879397672744133e+00,1.021970431373698851e+01
-9.064296898762225219e-01,1.602601370687051663e+00,2.687774224163904435e+00
9.185496985154358640e+00,9.986708386035466845e+00,1.120453487949729343e+01
2.220444160289313018e+00,2.576753981579859243e+00,3.967205467488134740e+00
4.802959360909300202e+00,8.254713970818688296e+00,1.151212364704086966e+01
3.361537240438887686e+00,6.134018268400568630e+00,6.135955333252791633e+00
1.347831130893239582e+00,1.976741129913295314e+00,6.191088273156616140e+00
5.969177066073267035e+00,7.327868914896130015e+00,1.188886335779174530e+01
-1.543577727595241811e+00,2.829152846296340229e+00,3.603788016967217178e+00
4.301680517596098596e+00,8.792440728861716792e+00,1.193161488167432260e+01
2.215613659703690175e-01,3.372995392644003942e+00,7.636394720511981760e+00
-1.086502947460211033e+00,9.387758752772379367e-01,4.615092357376134657e+00
6.603494605519943050e+00,9.942316387288013146e+00,1.379988972688764548e+01
2.499691468705647068e+00,5.800636214908331034e+00,6.200910218191888923e+00
6.309429846228788108e+00,7.772984857780684820e+00,1.247258922289429250e+01
1.413503593053179408e+00,2.530629536333798946e+00,4.891931541346849599e+00
-2.462479619208240766e+00,-6.778397404345435362e-01,-2.463461237972339735e-01
9.028741313410636238e+00,9.934684758349593636e+00,1.136802036463945242e+01
2.483655385539561777e+00,4.800247813967823518e+00,9.172867742173494321e+00
3.624944969927663685e+00,6.203026380807051154e+00,9.462551184721407438e+00
4.477443246988703329e+00,6.607219005473405460e+00,1.095753076523246961e+01
2.256578420852251021e-01,3.538765112535693369e+00,3.991916378232624574e+00
2.742700536334040429e+00,5.130206572663701614e+00,9.266377595214965623e+00
5.470779335033941315e+00,9.139056098361550085e+00,1.366561183726105710e+01
3.026344512117235652e+00,4.164683706964678045e+00,9.050544527949176299e+00
5.566888965125043498e+00,6.992277304474371569e+00,7.243176692433141106e+00
-4.382979413431998594e+00,-1.904616277449560968e+00,-1.352922585067287020e+00
3.936217200149695117e+00,7.342771905198057780e+00,1.184555325894367961e+01
-5.299630911847083681e+00,-6.929145527544871008e-01,2.342271660677819334e+00
4.125880917114102431e+00,6.802205271388029217e+00,1.177216238741441146e+01
1.948925825996520977e+00,4.846054420925972828e+00,9.483346039987107901e+00
-1.297063480585217476e+00,3.285911772135110986e+00,4.733480751390145791e+00
3.105027656584559370e+00,3.173783034472199116e+00,5.369625073463108578e+00
-1.694231541992589740e+00,2.612619138564464372e+00,6.793290223986343968e+00
-2.211856387659345557e+00,8.064895500064253042e-01,1.589781600117847971e+00
2.009767679596634604e+00,2.547706249246051158e+00,7.321116168139115921e+00
7.579442652168422612e+00,9.686431062094708722e+00,1.292723614576342150e+01
2.335983033305410572e+00,6.865305108082234042e+00,1.121477098968519215e+01
-2.593466144019590303e+00,2.410497666337594325e-01,2.680575669497609947e+00
-1.239261356509926415e-01,3.552369929916954661e+00,5.300598392017509042e+00
-1.948543828340683071e-01,2.932098767793087202e+00,3.047860935841294250e+00
-2.009792007973878913e+00,2.111770795779010168e+00,7.101932171876963906e+00
-5.349056603663520093e+00,-5.755241418691401378e-01,1.223950060819932517e+00
1.008852395434441718e+00,3.664358805655258955e+00,4.845443621273918033e+00
3.243529410070460806e+00,4.758466436790154575e+00,7.045196945053303850e+00
-4.123500441433426644e+00,-3.880959071655949444e-01,-2.986839529713881669e-01
5.904495857104025802e+00,7.873366509179671624e+00,1.065585110079666364e+01
5.389804075950097584e+00,6.465719286884035633e+00,6.858112777364235413e+00
7.391610899971041704e-01,3.437030386588745490e+00,6.626080309017643444e+00
-5.214924032392282527e+00,-2.009912580510057722e+00,-2.269906553320939491e-01
1.595296682227270280e+00,2.782105661922606554e+00,3.884037857002108574e+00
2.113779598642794966e+00,2.316399298929328054e+00,3.239816058754186656e+00
-1.190529919360222344e+00,2.902500716184412966e+00,2.917757044989795379e+00
5.807570201878495375e+00,6.027013214665142726e+00,6.662107916060477919e+00
-1.480871422960162498e+00,6.203314904186089107e-01,2.289020662242315041e+00
6.295266920724643001e+00,7.184446210997035287e+00,7.739193581531540467e+00
-2.541009004130161841e+00,2.153303680568726008e+00,6.709554787033675360e+00
-3.904124644462396265e+00,-4.463160253099507369e-02,1.215478271089843521e+00
6.299541493763262778e+00,7.918031653849343598e+00,1.124725649516708614e+01
1.644429859290319706e+00,3.102924334778879523e+00,5.756038400915659103e+00
-4.113785552307788862e+00,-8.573663303428649130e-01,1.738615152221917537e+00
-1.413082398014868346e+00,6.533414205608852887e-01,2.392811488348480342e+00
-1.688201459692037165e+00,2.200548122520429750e+00,5.895543097408612709e+00
-3.744384497391757272e+00,-2.632441766749654133e-01,1.610141389298092252e+00
-3.392767065776784108e+00,4.859160659646135638e-01,5.274434225857397962e+00
-5.917067527006830474e+00,-2.472169931424372358e+00,-4.326736760747795785e-01
-9.162874700521761895e+00,-5.180468386386916535e+00,-2.133958006126265516e+00
-4.297880905037329669e+00,9.050432043154232886e-02,3.656416978652390792e+00
-3.761651705448199934e+00,8.794856330632161434e-02,3.425130878987665994e+00
6.862585547935413643e-01,1.146360848101302787e+00,3.571946947808792849e+00
-2.548330732499177742e+00,-2.265881358190206196e+00,-2.813559307499557960e-02
-8.242845342905262385e+00,-4.660710399953131855e+00,-2.554433041525392856e+00
-3.644298287505883138e+00,-3.636147027833938949e+00,-1.789721562329795512e+00
1.987445776760394800e+00,2.326240692712167046e+00,6.229222635207470660e+00
-6.859070400604638351e+00,-2.940312554145388724e+00,1.091580392709736280e+00
-2.517477073748537908e+00,-2.365841116909866315e+00,-2.204494572485793391e+00
-6.592477317248575552e+00,-2.075230523968897067e+00,-1.456811122561818994e+00
-6.443904140958248483e+00,-3.093452988737822373e+00,8.838189722431262219e-01
-5.651424174702258441e+00,-3.412105656049296165e+00,-6.797451924783626254e-01
-5.178781523618942728e+00,-4.041877905739251098e+00,5.761218699752292949e-01
1.169266070427083637e+00,2.678271584624233981e+00,3.767327531504613081e+00
-2.204733323632656283e+00,4.222843019764868089e-01,1.374852916480737264e+00
-1.401433917256560413e+00,2.032024229632802825e+00,4.607601477994052175e+00
1.805065517413848797e+00,2.544087787468768624e+00,2.880319879245135439e+00
-9.629877382555472209e+00,-8.945109908850502833e+00,-8.261986633126701562e+00
-2.519916768234729876e+00,-9.556641426555869678e-01,3.210689103300665703e+00
-4.120583307490730540e+00,-3.834113206016366071e+00,-3.193668512204513199e+00
-3.281586686634976324e-01,1.186337245134839513e+00,3.953003139653948228e+00
-8.290372802774967909e+00,-4.475958600556735334e+00,1.299986621825759414e-01
-7.560801611028233893e+00,-5.500360567823017632e+00,-4.971186495706884756e+00
-7.792880318202842105e+00,-6.725302601392060708e+00,-5.289064449957970204e+00
-7.345793845825413726e+00,-3.415305623350684439e+00,1.791096465648145397e-02
-8.904248157644625294e-01,1.546018012564140953e-01,4.348329326573955100e+00
-6.199277297547729049e+00,-1.903498075798947919e+00,2.508695798994283965e+00
-7.735519620670685548e+00,-6.360498677032374815e+00,-5.691847452456979539e+00
3.106317654067313860e+00,3.626104688968671219e+00,5.626543456167136803e+00
-3.107940456942932972e+00,-9.613164055445584388e-01,3.379733584326322759e+00
-1.993259853576145213e+00,-6.544796292714742947e-01,2.479981078892085300e+00
-3.148159855898212012e+00,7.929036932255990600e-01,2.138668165322607617e+00
-9.392673146377994442e+00,-8.056975162492015841e+00,-4.711198850723995690e+00
-9.574108646655403732e+00,-5.943427244756295025e+00,-1.144614038466082562e+00
-5.061219797312833890e+00,-8.115164440244839739e-01,3.298740575324987212e+00
-9.244370391607390047e+00,-5.782799273120875938e+00,-5.190366105381187367e+00
-8.290451942928857676e+00,-4.244245816016451123e+00,4.323628133012791253e-01
-5.673204552422200564e+00,-3.719615469959876908e+00,-2.151305678029499457e+00
-9.996753093903109288e+00,-7.384344882302515067e+00,-2.602066879956896450e+00
-4.953004452599880203e+00,-4.698843081732683835e+00,-1.154439878116926721e+00
-5.008994939744151331e+00,-9.356532737073237627e-01,3.008092559910354957e+00
-4.385934642586356347e+00,-1.552062617734714767e+00,3.050752368128839098e+00
-1.133732273459881590e+00,-4.611134806420897903e-01,7.646395030772206169e-01
-2.363498657652967516e+00,-8.287171422290127154e-01,-7.853300937710103735e-01
-4.550693445136856141e+00,-2.697347159099296121e+00,-1.894047969956240252e+00
-6.613108471257815424e+00,-2.989977710467953020e+00,-9.152136748309644965e-01
-6.785766215505892873e+00,-3.263468980046637213e+00,-1.795202631318939535e+00
-6.616027502173073671e+00,-5.956438765065063201e+00,-5.296493647289657325e+00
-8.231658787431451074e+00,-7.215340025242574562e+00,-6.639261562138118578e+00
-7.345599562702203045e+00,-6.242864193169817888e+00,-3.347692469772617141e+00
-6.480749798738951739e+00,-5.199069723920679564e+00,-3.484336916500519354e+00
-6.497368563986313461e+00,-6.233698646290902978e+00,-1.772653183441914138e+00
-3.759085607893010383e+00,-3.068280647498026426e+00,-1.324951469480642796e+00
-5.643344624107103691e+00,-3.745948372415550676e+00,1.146829727159990320e-01
-5.881526651934427363e+00,-3.463812385402016858e+00,-1.549030941312228737e+00
-6.855359844043785955e+00,-3.375986351091556870e+00,-3.909125975822549393e-01
-1.270586741071293879e+00,-8.799138221362245993e-01,6.835874339016951851e-01
-9.420616588126986102e+00,-4.527575945130640989e+00,-2.110899929977173350e+00
-3.630912136905660059e+00,-1.509946787850582783e+00,-7.603477814520541722e-01
-7.212084057802386816e+00,-3.016733188476614203e+00,-2.350193801016317696e+00
-1.732668583581033150e+00,-1.207249862619294234e+00,9.877518900044948147e-01
-1.963374824114982875e+00,2.198595727306891234e-01,5.127204506133532291e+00
-3.557838067770190182e+00,-2.920170634905266738e+00,-5.010351415500533534e-01
-5.369332886370932201e+00,-4.363106325883472358e+00,-8.542868673085113329e-01
-6.363408765454732219e+00,-4.404974380115088017e+00,-1.162634933111053925e+00
-7.820127140991200321e+00,-6.128071222853061606e+00,-3.305341289684137873e+00
-8.593431719241166888e+00,-6.247746843301576369e+00,-4.375921955949814368e+00
-4.734736976207570613e+00,-2.047113012867646020e+00,-1.281196276285894164e-01
-1.168977500054742613e+01,-7.659681111625515904e+00,-5.183493110361085066e+00
-4.453361517975214845e+00,6.227481445788196623e-02,1.176296018068801352e+00
-5.809368271611325518e+00,-5.248748872685731648e+00,-3.343912075144073182e+00
2.864660991290994829e+00,3.782958798223171826e+00,5.748555763741810765e+00
-7.927528523053954501e+00,-6.890473801167374290e+00,-2.549392256301496573e+00
-6.906090594674132888e+00,-4.066567945725858557e+00,-1.578621620817668436e+00
-9.815567937138469645e+00,-5.876842466796989406e+00,-5.225007400935098190e+00
-1.148793201638245165e+01,-7.202858413779868130e+00,-4.786338122748666990e+00
-2.314833565006191307e+00,-1.632667417383341757e+00,2.464389913260519371e+00
-1.044322014691413081e+01,-8.139344094854870093e+00,-5.116341382570390728e+00
-1.131571362524047686e+01,-6.847669195984313006e+00,-2.394211034882236078e+00
-7.519497250105718678e+00,-3.055402792323457462e+00,-9.708154963586750341e-01
-6.320578726159860494e+00,-2.572549317259596791e+00,-1.406195018538586083e+00
-1.313019842806932580e+01,-8.974313485421664183e+00,-7.265701953425068638e+00
-5.362572588200546164e+00,-3.043010278398063484e+00,1.413947962570813566e+00
-8.417586050580123214e+00,-4.388886292609210038e+00,3.736697330866523004e-01
-9.331831231560723694e+00,-7.514466282421834009e+00,-6.759039934133922678e+00
-1.166387241776170924e+01,-7.111820302371158142e+00,-4.646048366824341080e+00
-1.527458751159385386e+01,-1.082758355614094015e+01,-7.167215592474548203e+00
-3.929143498761177966e+00,4.448710288490023146e-01,3.718485707370078330e+00
-5.701479324174731467e+00,-1.639619255571428624e+00,-1.037939261348390874e+00
-1.337139888190937143e+01,-8.529925435846044124e+00,-7.625029322636968310e+00
-2.363089721073298399e+00,-2.240575881585158413e+00,4.134609931362644986e-01
-9.891941795164511220e+00,-6.332380481085639445e+00,-2.750288309833202050e+00
-3.533274666242277373e+00,-1.837110440462012217e+00,1.932048741544579062e+00
-1.025201420571249855e+01,-6.039213933847886295e+00,-2.989155221980739796e+00
-7.538698353515181694e+00,-5.608738317414689867e+00,-2.540865396583619873e+00
-9.660793847983377702e+00,-5.349641846226761643e+00,-8.472830420416936903e-01
-6.578424517041925768e+00,-6.420841381394432723e+00,-5.808848589489555181e+00
-2.359687020282441594e-01,-2.133984623888718346e-01,2.248812449410233061e+00
-3.858296526804436688e+00,-1.676341889403120788e+00,1.052666419555458255e+00
-7.419305885315175431e+00,-4.001072225478792710e+00,-2.172153515789279510e+00
-2.257391506116099844e+00,-1.214505162299372998e+00,7.595967296289263260e-01
-9.170081114509850195e+00,-9.125026111075758450e+00,-4.977792726797793499e+00
-9.801742764403897468e+00,-7.883111265669180412e+00,-4.769169553425681940e+00
-4.349959027068869943e+00,-2.726330914536697847e+00,3.477310296632079023e-01
-4.596173226954617164e+00,-1.893996259011051286e+00,-8.511996095827405462e-01
-6.337979225052219334e+00,-3.211359100829370039e+00,-2.663247004048659772e+00
-1.205045102004078572e+01,-9.645021785899013267e+00,-6.045631490952552589e+00
-9.875006771360663294e+00,-7.129693162197364487e+00,-3.398337824925570683e+00
-4.002890639024184516e+00,-2.637077700548294601e+00,-2.392985050595749286e+00
3.170119540750291343e+00,3.449971428932189887e+00,4.793598855559097593e+00
-2.155080482119973606e+00,-1.167450213895193656e-01,2.570781005489419346e+00
-2.766377083496013078e+00,1.021929390193713871e+00,5.219976807656416362e+00
-6.097193434980131777e+00,-2.628788565493006324e+00,-3.127437918795892280e-01
-3.909407511562695170e+00,-2.586972432203904937e+00,-4.479608078342716126e-01
-7.986881116261503877e+00,-6.619900356697341337e+00,-3.497587287342368789e+00
-4.688547977778315889e+00,-5.975136753037766368e-01,1.993430042597943874e+00
-3.833815188833188170e+00,-3.604617815536888870e+00,1.094125324045578829e+00
-2.708965630262702540e+00,-1.237545571250870058e+00,3.335006121343212282e+00
-7.218292801613509724e+00,-3.152951288978568911e+00,-1.087325722432073150e+00
-2.619060179042274505e+00,-2.335541343121546820e+00,2.402978178992488001e+00
-6.657875560607169341e+00,-3.362607224649674542e+00,-2.114337311702719546e+00
-5.018417818325915825e+00,-2.350736801148166855e+00,8.261157432346259988e-01
-1.081549805455207292e+00,5.174683026823689858e-02,5.194493294518467419e-01
-8.007077593771491308e+00,-6.669749864598175648e+00,-6.431736523290046748e+00
-7.621068971536208103e+00,-7.271136420311911763e+00,-6.488211202845629799e+00
-2.226867872797740233e+00,-1.434836019557218512e+00,-1.950780948906361001e-01
-2.996690065700452266e+00,1.690456095244192269e+00,4.569556209616205678e+00
4.168036209868537512e-01,2.529329520687522148e+00,5.348327863582559516e+00
-6.167155170993876112e+00,-6.138597405092353299e+00,-1.664862856520690215e+00
-6.250866030681916818e+00,-3.589300325412191128e+00,-1.331047000267684410e+00
-1.144052108654460476e+01,-6.732511389641448574e+00,-3.080470967222879164e+00
-5.546891680940943203e+00,-3.859787480729494291e+00,8.209999265552303527e-01
-3.011409339013954245e+00,1.248578785953795567e+00,6.021247432502153885e+00
-2.550725429394230304e+00,-2.069605742337725207e+00,2.706818704598020542e+00
-5.776910095225881392e+00,-3.062495900868104748e+00,2.985794970936730408e-01
-1.275759225135109753e+00,-2.145647267159018767e-01,4.874427235439092732e-01
-4.539896131403010848e+00,-4.142958643523003914e+00,-2.031393182799391184e+00
2.007345682684152255e+00,3.114093030813744889e+00,3.522207574312077316e+00
-6.324444674226448626e+00,-1.549113694582991085e+00,2.117843021654695512e+00
-5.270865103132972962e+00,-2.681592562130989510e+00,1.035144851906558916e+00
-2.677336965835623417e+00,3.799538956523769162e-01,1.270116865053797728e+00
-1.633472610318498219e+00,1.533709609784592587e+00,4.938770954102281507e+00
2.413667926350083981e+00,3.601022122137680803e+00,5.201745358532617658e+00
-3.635296824563383211e+00,-1.718793525766585173e+00,1.293939672634603522e+00
1.634002116414142058e+00,2.268042026695979985e+00,5.985432644220806786e+00
-2.317141584107965002e+00,-5.870202302911444736e-01,2.871842868172975294e+00
-7.289075886489999156e+00,-2.624638919572326756e+00,1.724734314219950271e+00
-6.708028826234249564e+00,-3.020123178824558607e+00,-2.053488260568365753e+00
-7.539576317506676340e+00,-3.879204474629133426e+00,-7.002574447989817763e-01
-6.574041678849921411e+00,-2.711307566289472337e+00,1.632762037902527386e+00
1.406111192329422721e+00,2.963486762523892537e+00,6.185007124624799957e+00
4.639307355899273677e-01,1.839621661863260371e+00,3.571046358046435554e+00
-6.503735939387304654e+00,-3.900513218110851277e+00,-1.729696259450130391e+00
-8.315102903600799067e+00,-5.311949891249138744e+00,-1.518142539355614495e+00
-6.330214222272658731e+00,-3.305114099250554105e+00,1.543888373728290020e+00
-5.884090402597504266e+00,-2.193490356995972945e+00,2.731568775313932385e+00
-4.384950283594651665e+00,-6.677466633242189475e-01,1.871847697922274012e+00
1.811292511476003675e+00,3.866321326944510695e+00,7.544623277627437119e+00
-4.625044708500555046e+00,-1.189422755769380169e+00,2.154400762683484238e+00
1.992590907624024688e+00,5.601510128754997098e+00,9.962370694988408104e+00
-5.512854668645788436e+00,-4.374053130942026080e+00,-1.549579486469437661e+00
-3.289098355101427451e+00,-2.725924169648856754e-01,1.191691772060345045e+00
-1.702847655166747298e+00,3.236900418655247247e+00,7.164590000386345636e+00
1.922647896990822503e+00,3.528978409517750769e+00,5.321150187858165737e+00
-3.503834483009993228e+00,8.745626119064042747e-02,1.449233686573536684e-01
1.886987681851901577e+00,4.207189370224290847e+00,5.922744230735422555e+00
-5.241018488480082560e-01,3.745912991013264470e+00,7.702387543257879443e+00
-2.290078520657536920e+00,-6.295938870551021083e-01,3.694391000438736583e+00
-2.099038106732144193e+00,2.468961923605498043e+00,5.231256169276802481e+00
2.946225951833320700e+00,3.742410965123685429e+00,7.594051379365025056e+00
-1.689423451447923386e+00,-9.270225130944509395e-02,2.543704698889565741e+00
6.701170557516544335e+00,6.929113880153884963e+00,9.429565993239442889e+00
-2.454162735536052686e+00,-5.528400693341226635e-01,2.877486396869872731e+00
2.288555286545808531e+00,2.492473686326351245e+00,5.617201047006084025e+00
-5.442158681386080943e+00,-1.582378313515749646e+00,-1.518487580346430832e+00
-1.166246193830696942e+00,2.583570529529353621e+00,3.234590665905121565e+00
-4.311727864742039174e+00,-8.214472873772336037e-01,1.454934594501304357e+00
-1.156574531700141906e+00,1.603381999858693119e+00,3.290118252012756983e+00
-3.395675002242333207e+00,-2.168342970605244169e+00,-1.813106180318498240e+00
7.727721775905100898e-01,5.096222114996542984e+00,8.148368193174952978e+00
-1.043420833753600618e+00,3.870574962850986900e+00,8.122834464875570148e+00
1.820342637183538947e+00,6.168508973279280383e+00,9.157757376692645224e+00
1.562249415800114560e+00,1.966962938130337957e+00,6.533944248459720328e+00
5.926118255156515247e+00,6.515549425902698921e+00,9.101279472695544825e+00
-9.493064698525075507e-01,3.334972220705712420e+00,5.697012292322316540e+00
2.830876358885274335e+00,3.659228129673189667e+00,5.525212373207741834e+00
4.821977500501371416e+00,9.763914301550782326e+00,1.476271023400699534e+01
-1.485014071477818831e+00,2.069160878760893940e+00,6.509122425533170997e+00
7.085342491057736503e+00,7.306376131880639946e+00,8.686234006793096540e+00
3.318412322529665115e+00,5.163210069398825652e+00,5.223198306739734953e+00
2.231052684288274968e-01,2.107913046413570690e+00,2.573070971710571975e+00
-2.611732192711514688e+00,-2.468568263348025482e-02,-2.589138138829993885e-03
-4.311008141272836269e-01,9.211486287084742486e-01,5.252565641879531455e+00
6.444383176575604999e+00,7.509673446176927669e+00,7.833890594421668574e+00
8.168638648762904353e+00,9.417292571010179358e+00,1.355508610102761224e+01
1.648092907174161681e+00,4.584029724646818238e+00,7.514401571334522245e+00
4.833244022598122136e+00,4.836114080935632664e+00,7.196870150313688264e+00
5.499612346559956677e+00,6.827702545066136608e+00,8.508747606148110876e+00
1.817775455578391153e+00,4.811208643918997829e+00,9.182907519545771891e+00
7.074137762435961818e+00,7.982422291625350219e+00,1.182353240996808452e+01
5.404729708558962287e+00,5.649240595751149563e+00,7.282886425314196721e+00
4.176491065985444173e+00,5.271054514384701406e+00,9.848974432749477259e+00
1.965837606647533597e+00,2.855827138476780824e+00,5.748986729131838835e+00
1.381735716136937464e+00,2.205651544913136863e+00,4.573070121296536783e+00
-6.415897739389563981e+00,-4.348898232564160082e+00,-4.142112271394920775e+00
4.787191432292513760e+00,8.916529400795534244e+00,1.281709297637875267e+01
3.469753907720983577e+00,4.859045768060009429e+00,7.929021452539775083e+00
2.367864572869339046e+00,4.181212477273231087e+00,8.027348193673004673e+00
-3.852777190327080881e+00,-3.903549089127933414e-01,6.197999668701603682e-02
-5.953491899276088795e-01,3.625591636921706051e+00,4.522722162396916268e+00
2.440261435955775937e+00,3.310809948282744664e+00,6.979544322380502486e+00
2.403986890509218100e+00,3.320242197463028067e+00,3.932226965170170896e+00
5.102577317447783756e+00,6.780491453590189010e+00,1.097405385760607288e+01
5.340812944807098006e+00,6.224856735969704680e+00,7.920221701558805449e+00
4.177655037732619370e-01,1.849035256659544046e+00,3.629339580258974074e+00
-1.458485472371862102e+00,2.112873499416616507e+00,4.140201404338557545e+00
-1.618408534309086821e+00,2.179474872395127161e+00,5.381490563636964097e+00
9.775325231563822825e+00,1.158082114210840885e+01,1.374202505014456221e+01
7.178627215461101940e+00,1.069674077575361792e+01,1.337051784164476942e+01
-6.121177882122514902e-01,3.729583018924682136e+00,8.395500111308518143e+00
-3.165375453484942092e+00,4.231611767067713359e-01,5.369196775818166678e+00
3.819394348277769691e+00,6.802078285374444810e+00,7.001232236927982022e+00
4.098025081905952050e+00,6.622285362541768805e+00,7.772331759471063251e+00
5.825668746027103495e+00,7.494234647948646355e+00,9.944584908689661162e+00
7.352850853707495915e+00,8.828104875761653147e+00,1.037621306958750367e+01
6.007975798693376390e+00,8.018057480744287702e+00,9.450344219525842249e+00
2.523529911418655125e+00,3.371034887324892537e+00,7.198836200181453648e+00
5.682254220571802961e+00,7.658313032441023793e+00,1.181709953489082565e+01
4.978323720862726454e+00,9.391908668435869245e+00,1.314672609919496793e+01
2.727710942142182571e+00,4.711076752351354813e+00,8.317687317458727136e+00
7.057872992574278470e+00,7.833975514467143242e+00,1.113955431024490572e+01
3.294992911202706320e+00,5.325153230972011542e+00,8.603375305930635264e+00
9.245791313896006614e+00,1.301974427460462280e+01,1.583317671477113109e+01
-1.155632347712991503e-01,3.096829730503170452e+00,4.164469387529460498e+00
7.626058872060799132e+00,1.058955664560745902e+01,1.289192808958370406e+01
1.171544018163572787e-02,2.151979737967672612e+00,4.203558509824144807e+00
1.102996096613288834e+01,1.258458110606223102e+01,1.411125441799437397e+01
3.215334278277208746e-01,3.820065567580406274e+00,6.609064346758628972e+00
7.701529633325032265e+00,7.851290170143353286e+00,8.093916320537701381e+00
-4.200743406129312518e-01,2.430520664628201821e+00,6.661938058654002681e+00
3.082343806745750037e+00,3.302232862790532408e+00,5.838267533341100268e+00
5.822057673480842688e+00,1.007773455100935500e+01,1.009997444150350177e+01
9.120559627675344672e+00,1.049952916568437544e+01,1.509913025741457915e+01
7.754542311146574995e+00,8.161890428104431550e+00,1.119687281560186420e+01
7.157135745199484589e+00,9.694044078196119685e+00,1.045244089394051024e+01
1.041819176510743006e+01,1.063062681503815554e+01,1.314356232376065847e+01
1.791199145924061042e+00,5.466850090869358247e+00,6.353063977492245940e+00
-1.125210107438099350e-01,3.344078133358138416e+00,6.075994692118625196e+00
5.730387167498536272e+00,7.519619295452202756e+00,1.084177177657796598e+01
4.887188432518601466e+00,5.847072320437721515e+00,8.131728925195028879e+00
6.014135923380582227e+00,8.760660831205081323e+00,1.105413853253286582e+01
7.265665166601014135e+00,9.253172050886856681e+00,1.295774024872804020e+01
2.296083911489445128e+00,5.576588744101194095e+00,8.773899170908279643e+00
5.285479807835470112e+00,9.744483032403280731e+00,1.471198631917726907e+01
6.767324393625546719e+00,9.603347059726585755e+00,1.134468644820013594e+01
5.923438091591026300e+00,9.817814837500099756e+00,1.052831015141426363e+01
3.865022870573783909e+00,6.429568725794680084e+00,9.052111135567876943e+00
5.078608850263765184e+00,9.995948187912027549e+00,1.495098226284559928e+01
5.221504802405495305e+00,9.217575493809928133e+00,1.158265393273782706e+01
6.841531305310668998e+00,9.577660255184586191e+00,1.117636841277670712e+01
8.538932008693091547e+00,1.268816052708216091e+01,1.642089149626069045e+01
4.776831018087333902e+00,8.633957457207948494e+00,9.327339147983458645e+00
3.830571173899266491e+00,5.823741030450971579e+00,8.510499482560692996e+00
3.682121626627783861e+00,4.305411469911728517e+00,6.148526601829693128e+00
1.057372516364893755e+01,1.101088777571998989e+01,1.580509391209464454e+01
4.931149654219870726e+00,8.687466302099991822e+00,1.179120690702380081e+01
1.158795421337363685e+01,1.261223638100837441e+01,1.428287356689574672e+01
7.758836013988932301e-01,1.498308110965692386e+00,4.178906245770713568e+00
6.199351899756912587e+00,1.030193184869758483e+01,1.039711445714664251e+01
6.251117811183787509e+00,6.767661159670512738e+00,7.914410029376080402e+00
2.899501313770910915e+00,6.469835029566350038e+00,1.093973422341308677e+01
1.448426052346087900e+00,5.213487736218546331e+00,7.838225487073019693e+00
9.656770777691404462e+00,1.018233259826275727e+01,1.395690447004519186e+01
8.769939942174152847e+00,9.298138644043552503e+00,1.103658791949051654e+01
2.462547021677877979e+00,4.002504579171080934e+00,5.798621896129113829e+00
6.247108540950712552e+00,7.894753757954180884e+00,1.174065234153773218e+01
8.628279593352086607e+00,9.486898263160680855e+00,1.371612851369747332e+01
3.578087790123222867e+00,7.869389027511910051e+00,1.032401814162546572e+01
1.009318297488920457e+01,1.062392671733549143e+01,1.350096291241370317e+01
2.288938239940327080e+00,6.393595098936200039e+00,7.840962695057958953e+00
-3.726527076968345398e+00,4.622100440140979316e-01,3.846804307587488925e+00
2.809054680963686934e+00,7.745286884677864414e+00,1.186884370212119322e+01
6.677651032464941849e+00,7.685153352929865456e+00,9.930173650967407895e+00
7.515738159927446205e+00,8.033280483940487215e+00,8.381633318006608491e+00
6.845148045560369710e+00,1.037541924991622899e+01,1.494007827378628050e+01
-3.717695006681210224e+00,1.150182576695049086e+00,2.502514347839381426e+00
5.234699413550977454e+00,6.243556122847605749e+00,9.044655558153756658e+00
3.136523655662589061e+00,4.140824021063378879e+00,5.620359471404471563e+00
-9.532613726163372547e-01,3.232870277775887757e+00,7.285184560159418510e+00
2.111250013455511443e+00,6.586616388473224504e+00,8.997833963115544620e+00
6.033506540346606606e+00,8.853935208813926039e+00,1.270688274962742526e+01
6.398357094345734630e+00,7.594684759943729269e+00,1.171015271635691590e+01
4.483302981677289800e+00,4.571090380822065313e+00,8.559389824881202813e+00
2.257969931059401691e+00,6.137509670321936284e+00,7.646409419534902163e+00
5.662790650611033705e+00,9.302352441416523732e+00,1.037232051223178608e+01
5.618116264007291250e+00,8.499279452276683244e+00,1.200221332685834241e+01
1.153824446484904787e+00,4.727318858497728371e+00,9.641994533609526741e+00
3.557376257010576914e+00,4.467404566238895924e+00,6.871397710691685035e+00
-3.297269621976633758e+00,1.103253099219166700e+00,3.910816129569170574e+00
5.139053429537518980e-01,4.895850470074202931e+00,7.066144357035377688e+00
-3.070073200389142887e+00,9.066839052466040272e-01,5.256930400314263174e+00
8.011637224362782916e+00,1.224383407291584369e+01,1.660065929570175314e+01
2.306700624743228012e+00,3.404474107779395631e+00,5.599394760855926023e+00
8.349766181229583140e+00,9.222625536521881884e+00,1.012533142373500183e+01
8.835392242729291468e+00,1.127452878198536013e+01,1.607496755553163226e+01
3.432480199862515846e+00,6.392036731368082592e+00,1.066126221428794274e+01
6.794100221074650392e-01,5.365329994721133922e+00,5.798206789041490339e+00
8.086383443258089443e-01,1.618958295223548838e+00,3.073167196113830268e+00
9.078142032365490444e-01,3.991699543201408851e+00,4.300345635681865453e+00
6.302356762403109158e+00,1.023562931170044976e+01,1.055457289631364404e+01
5.602379923222011726e+00,6.394538961045935110e+00,8.303078281896874913e+00
2.553110540333978218e+00,5.341709823574116278e+00,9.749233193275786746e+00
4.289132215036417506e+00,9.107781108023726091e+00,1.353099172824776986e+01
6.638693529536450200e+00,7.173916817961049297e+00,1.033006424423424896e+01
2.345399565750394988e+00,4.553972426350769709e+00,5.182933516907050731e+00
2.782283136844376337e+00,5.557844993107052822e+00,7.341136521034192342e+00
7.863939417289933509e-01,2.515333138210747332e+00,2.987558731766775555e+00
-1.848416069127919670e+00,3.045848759225653346e+00,6.675648260344754448e+00
2.616864719200527656e+00,4.018535775902622120e+00,8.605911562090131639e+00
1.476915477052783032e+00,6.217351458703830325e+00,1.026922567528729502e+01
-2.587146808809413834e+00,7.094290117470158918e-01,2.591312110359958343e+00
2.414186773359536353e+00,4.585919312113401425e+00,6.860975579285248926e+00
-1.651392361841691248e+00,3.092420913413476136e+00,6.893093936892936924e+00
3.114183132263637077e-03,1.463185699817032503e+00,4.586388634590884195e+00
-5.385266940919475331e-02,2.915650014167340487e+00,6.976285010698278555e+00
-3.469261754823027122e+00,-2.992719774910252539e+00,5.136381826789087057e-01
-5.551688244788044457e-02,1.600332319178295659e+00,2.248492522740241029e+00
-3.183348502323267049e+00,4.755181530596592765e-01,2.133748272401758239e+00
-8.162060865835853996e-01,2.834412631769866131e+00,3.646597382074780125e+00
-8.195334790920256296e+00,-3.265695668535053997e+00,7.513444098671149263e-01
2.599466998642893767e+00,4.045225928624396339e+00,7.747847198933927260e+00
5.420082929058791521e+00,6.099082307857058183e+00,9.366269568700911208e+00
2.618424668127496968e+00,2.916608991647418492e+00,4.583546290482174435e+00
-2.303020212601136762e-01,4.662010705349318940e+00,5.266612576389931633e+00
-1.463058001841227584e+00,1.524062160363714336e+00,1.877089090193350573e+00
-5.052484453246386842e+00,-1.705478395599575592e+00,-3.121676307968450637e-01
1.309255258770044783e+00,2.859133266058019096e+00,4.548145942534108421e+00
3.764658780762700996e+00,4.790442853890747088e+00,9.498729779245737248e+00
-5.858162310715930410e+00,-1.329003098739179656e+00,3.021073051180274582e+00
6.107415621085792168e-01,1.142969295842519051e+00,2.310193488376290460e+00
-1.369669971228749006e+00,1.691459325330047392e+00,6.543314332279186019e+00
7.856800875566716691e+00,1.088088778709013660e+01,1.251639659546431638e+01
-1.196655424944732093e+00,2.890365131205920424e+00,3.567517880703753086e+00
-8.011830005829825296e+00,-3.603120588556586679e+00,1.270263362041059718e+00
-9.290073717963142741e+00,-4.451810448214579274e+00,-3.713327631135602047e+00
1.343168495820625363e+00,4.091206029968622815e+00,7.015801178192835330e+00
8.273036685623239350e+00,9.247629637724635643e+00,1.198151637385901580e+01
-2.390364796171143169e+00,8.423230736942253216e-01,2.487131797429521729e+00
-1.022982824721357931e+00,5.554210077933923184e-01,8.566135066832940570e-01
-2.021339976793299797e+00,2.762787822828721040e+00,6.780867462873532148e+00
-4.829099992028732302e+00,-1.031854337506403763e+00,-9.229597377971487937e-01
-9.498388986450574833e+00,-6.376843463490084574e+00,-5.473700786200534907e+00
9.514591655690445293e-01,4.260046822095529429e+00,7.365824276972656293e+00
-5.058206701495240765e+00,-7.985799131756841085e-01,4.785905633983209562e-01
3.946835345280327090e+00,4.084144240051589492e+00,8.654698636931215106e+00
-5.999382588878336975e+00,-1.456202446479241130e+00,8.230952587645556928e-01
6.947971214761055059e-01,1.085237416111724418e+00,3.575082360284147942e+00
5.576733733007936955e-01,3.177744477184692773e+00,7.286371836051253936e+00
1.323809619141922411e-01,3.717888183745169606e+00,4.071911063388120589e+00
-2.427030398434857794e+00,1.099657656165829778e+00,1.778354998822263777e+00
3.972062091063898182e-01,8.445663443538269366e-01,2.837602001528268580e+00
1.661639410047516918e+00,2.048457444218394485e+00,6.194802413143380093e+00
-8.389448630211921998e-01,1.476701062012219401e+00,4.411719840322808395e+00
-6.778423340471213976e+00,-3.894100722950147642e+00,9.964482087996442417e-01
-8.520044391606246492e+00,-3.941131856874718231e+00,3.045084370521236039e-01
-8.472277091430907348e+00,-6.555930956865232417e+00,-5.830432454340312098e+00
-9.919459133877768231e-01,1.967389099147599740e+00,4.168969474697931332e+00
-2.749820509768392540e+00,-1.622187247705260571e+00,-1.133726671399671648e+00
-2.571869873796710504e-01,1.923279499257289915e+00,5.177618100864524564e+00
-2.554864864653834999e+00,5.720842040323366184e-01,4.441691403137788541e+00
-6.080226797926593818e+00,-3.747453663304801896e+00,-2.139255787002078080e+00
-3.894829963571634135e+00,-1.201327878411643457e+00,3.673702420435350557e+00
-2.530397462746536874e+00,-2.304944772514951001e+00,3.383842436447657143e-01
-4.513591112167778086e+00,-2.867268600289267333e+00,-2.340517405677460694e+00
-5.654806858162735317e-01,1.607872144004282244e+00,4.813692793918614932e+00
3.655778094546485057e+00,6.296605930765566406e+00,6.442488282087516005e+00
-8.794495706621594522e-01,2.016137751779847775e+00,3.176150670783401964e+00
-3.216759089114937797e+00,-1.509376313910031353e+00,5.164740238561238428e-02
-2.037741398086169831e+00,2.254825140788007332e+00,2.492690228969779653e+00
1.780706442761645469e+00,3.520690202880107478e+00,5.494771887189115134e+00
-8.982721754167261707e+00,-5.888550436748801076e+00,-1.943726194350598568e+00
-1.767692886151022602e+00,1.870632802173846088e+00,5.633743318631943886e+00
-5.483595418392064325e-01,4.135755396780558257e-01,4.972261908404463249e+00
-4.924142960753665754e-01,1.578329101229682951e+00,1.633874255983124302e+00
-2.976195846695020020e+00,3.642850637292927019e-01,3.384299058951867778e+00
-3.477066885973524535e+00,-2.847278710527628043e+00,1.952059316519066279e+00
1.039244787655675850e+00,3.847066941719250899e+00,6.193386873264182135e+00
-3.309726583172481362e+00,-1.319115472985441961e+00,-2.698585810173597110e-01
-8.490210127575274157e+00,-3.726146081515514297e+00,-2.153528861371660774e-01
-3.827365589919491384e+00,-9.893468452931553081e-01,2.166654163690539647e+00
-3.875148573406249852e+00,3.269537188550630802e-01,3.505555123762444492e+00
-2.960670143653763464e+00,-2.387716498796895070e+00,1.098759295327698116e+00
-4.397491610521114147e+00,-1.573144731057267931e+00,3.258575807254593393e+00
-6.235367409170167186e+00,-2.566771335806047105e+00,-8.467567559047393111e-01
-5.567148780360072990e+00,-4.890159523321193191e+00,-2.478756560974148648e+00
-8.848954756486760331e+00,-5.452183352427846685e+00,-4.565805762893226927e+00
-1.051785301997471933e+01,-7.270631648532136282e+00,-3.142572858467606700e+00
6.324808136026378591e-01,1.417731705525559605e+00,4.946660223563981162e+00
-4.220664741380705465e+00,-3.879376573381630777e+00,-3.839626158947962775e+00
-1.372644925170349772e+01,-1.356327582006317023e+01,-1.040575293184721595e+01
-7.027795314638855650e+00,-2.160985051217918063e+00,1.695876209480844832e+00
-3.563770385931885887e+00,-2.291724085729399008e+00,-1.933280653225158741e+00
-1.216936720492206803e+01,-9.086096559957162810e+00,-9.069952134195906623e+00
-1.001224546277278726e+01,-6.049317341412549176e+00,-4.833714712617937614e+00
-7.741344018889138923e+00,-6.245258639014551250e+00,-4.525363703647118818e+00
-9.723730706731084084e+00,-5.905965998139650175e+00,-4.577256640386105246e+00
-1.524451171512783310e+00,-1.020967020775280787e-01,2.602862988690873181e+00
-6.561792753890829388e+00,-4.246790110745003233e+00,5.310583334268788036e-01
-6.457032328453218284e+00,-5.140049418049854602e+00,-4.680593201697310413e+00
-3.252706482491375617e+00,-5.477991095452678927e-01,3.747987838166393360e-01
-4.552103471225394493e+00,-2.483969969845936099e+00,-1.547980252019299785e+00
-1.365124547792151333e+01,-9.246396034296138211e+00,-7.609147872701121251e+00
-9.799505707515628217e+00,-5.925168180806889673e+00,-1.182151215235732522e+00
-7.862372493564352638e+00,-3.159619592678896360e+00,-5.356141094289892379e-01
-1.189201808874621236e+01,-6.975742556846216580e+00,-3.696056464964015298e+00
1.225237907509139301e+00,1.867682591015121574e+00,6.309567306306308687e+00
-6.271030729872709486e+00,-3.927584521104822812e+00,-3.164113082135152855e+00
-1.052701365872871087e+01,-6.569904881682347764e+00,-3.447889843794325504e+00
-1.213106980866997020e+01,-7.720464950616452882e+00,-3.583852634000738391e+00
-3.209752248236054761e+00,-1.609200117455562573e+00,-3.276272924587075863e-01
-1.004293910096823872e+01,-6.373796359820765645e+00,-3.507232037587508344e+00
-3.676507151530362894e+00,-3.327133100614702244e+00,-2.418944104137419338e+00
-8.713182572644246449e+00,-7.956415338592638165e+00,-5.007430924302644470e+00
-4.753273030618677453e+00,-4.324461714780907684e+00,-3.285957030321794647e+00
-9.201029435132539902e+00,-6.474146956064499747e+00,-5.808862906518585945e+00
-6.783692791930107546e+00,-5.542333712949711888e+00,-1.008378543784956172e+00
-1.049845992394732619e+01,-7.012872331585398911e+00,-5.478465191719194216e+00
-5.960016153189070742e+00,-1.573240541417665561e+00,-3.218165000678432364e-01
-9.092836551845429938e+00,-6.147423000272446814e+00,-4.304951312051207069e+00
-8.888016463998729577e+00,-5.127269417204118440e+00,-3.269332637514445583e+00
-6.247308189926719990e+00,-5.002999826563778285e+00,-1.964476789225227726e+00
-3.626322247256362541e+00,1.003799613274756197e-01,2.782198402254711489e+00
-5.663980169077859728e+00,-2.082538740628053553e+00,2.754228619480958429e-02
-6.373858684748508807e+00,-2.396627959448970557e+00,5.284954382737598877e-01
-1.049695288523103542e+01,-9.515702961307699326e+00,-5.061944445805262482e+00
-1.094687606642849076e+01,-6.762756276781289877e+00,-1.943195230917184269e+00
-4.082461315511961786e+00,-1.237418733658524950e+00,2.141286186827698224e+00
-1.264181614809003307e+01,-8.323919966943471138e+00,-8.060963306477637147e+00
-9.126117228246121371e+00,-4.565094061301673278e+00,-3.209276956845219519e+00
-8.302297577292151232e+00,-8.017079168834097658e+00,-6.829044234630318400e+00
-1.065012772223632531e+01,-7.718327905378273179e+00,-7.479092911669736665e+00
2.144646569606232234e-01,2.182884885731137814e-01,3.415101854235156331e+00
-4.931806324120792340e+00,-2.664869586932286261e+00,1.556781668144059161e+00
-3.157761425970927682e+00,-1.870024991677847304e+00,-4.664869700521041551e-01
-2.850869498122685197e+00,-2.463137478576852502e+00,2.294209210628586071e-01
-7.054818786265186326e+00,-5.225296836796317734e+00,-3.526757594367689208e+00
-9.161610716541360944e+00,-6.873447345450793833e+00,-2.625010461507272908e+00
-6.520254691624812082e+00,-5.994311712296665817e+00,-3.376343574695851668e+00
-6.333240414492384396e+00,-5.351065396018467091e+00,-4.289109409237219062e+00
-7.161140610481577795e-01,5.675619991465072900e-01,2.864570462781814264e+00
-1.122624523599036372e+01,-8.754244989453084713e+00,-4.396688681295314538e+00
-1.084877432134095265e+01,-6.388213618152120077e+00,-3.454892602931711298e+00
-8.853373131729210144e+00,-7.446352353459879225e+00,-3.354167398912031750e+00
-5.480420875623414290e+00,-1.516010907941009123e+00,2.473756255558840156e+00
8.170364551940564324e-01,8.988743727059036459e-01,4.668193662739902550e+00
-7.974537106135930031e+00,-3.710939820481357287e+00,-6.857751289315228149e-01
-7.193486934396905674e+00,-3.437265944705886866e+00,4.435850894387103338e-01
-6.840496308973749606e+00,-4.307579280385304799e+00,-2.394756993087110430e-01
-7.200011126032643816e+00,-3.238556258527264919e+00,1.341965526289410793e+00
-6.806078705611441571e+00,-2.199210545017932894e+00,4.493623700419719924e-01
-3.365147704670991224e+00,-3.207678504293303146e+00,-3.112143972049566276e+00
-7.646905879606753054e+00,-2.952272371575610066e+00,-1.265466942100213599e+00
-3.972635512898877508e+00,-2.084969497607158662e+00,2.645706494029180789e-01
-1.103575215841877899e+01,-9.706757172412759260e+00,-6.754686198354189486e+00
-8.247993008022707073e+00,-4.324891050041453688e+00,-3.038182864837482899e+00
-7.087888816857740082e+00,-3.372582528003250868e+00,-1.248681171049925709e-02
-5.623283737809821048e+00,-2.995366423781506970e+00,-1.368155938551336437e+00
-9.074266013592545477e+00,-4.710393715367944267e+00,-2.696413356807813244e+00
-5.541056043340260473e+00,-3.667740702219129290e+00,-4.608864450302849747e-01
-1.086198342897286295e+01,-6.260325140477020156e+00,-3.720235546873499555e+00
-1.298756926446196758e+01,-9.374115946689814294e+00,-7.089700822209772824e+00
-2.141564711781274610e+00,-1.047526456747087220e+00,-4.277648254551770224e-01
-8.027436581639525670e+00,-7.345804399142630281e+00,-7.239175819840051318e+00
-7.132726274842637437e+00,-4.368214889402086243e+00,-3.712684992532063966e+00
-1.040532604220310020e+01,-6.076834337497628802e+00,-1.162346714157568961e+00
-1.488798810841942100e+00,9.905448230634341655e-01,3.238914552814097902e+00
-5.689280025780613315e+00,-3.948917648744749265e+00,-7.587829211979837396e-01
-7.619469680783685916e+00,-4.579334220710101100e+00,-2.862423616073830779e+00
-3.056681027076604718e+00,-1.340847768394088924e+00,1.883171398188909329e+00
1.772476367435635858e-01,2.949978547895447001e+00,6.542755686587288011e+00
-6.942873000805164452e+00,-2.235911253284362132e+00,1.662046551713974196e+00
-6.039059632977926029e+00,-4.517331092809387272e+00,-7.217189235560010907e-01
-3.476083390139019791e+00,-1.225960753577957085e+00,2.662321199860508525e+00
-1.239590390611844484e+01,-7.963047553366069842e+00,-6.713350807716558677e+00
-4.226833894830356542e+00,-3.033608837180574280e+00,-8.704842958098475414e-01
2.624780720875343754e+00,2.882450089115427438e+00,6.310879785499960981e+00
-6.299874102426334943e+00,-2.551368704559529910e+00,-8.242186780500753152e-01
-4.951576139378139452e+00,-2.625149873894510044e+00,3.266330617316333118e-01
-3.177140886395489972e+00,-2.809151656317987467e+00,7.473360130093080755e-01
-6.612306336390403771e+00,-3.978797982645179587e+00,-8.574865715315675985e-01
-5.388110639633719501e+00,-1.768957735379304008e+00,1.608835968486473700e+00
-7.820557069259085337e-01,-3.054477634977490474e-01,3.607512617081224171e+00
-6.594597396356729035e+00,-3.544364487188047974e+00,3.003972284720379804e-02
-1.124513059192504194e+01,-9.937621966864600864e+00,-8.830485870943313387e+00
-5.114287692672738750e+00,-9.838263033688081638e-01,9.681196211454929923e-01
1.227778991228199779e+00,4.104512603253590797e+00,6.862489965084674459e+00
-6.262570938001620569e+00,-3.336736825736526413e+00,-2.989204688404055510e+00
-8.045823875547027271e+00,-6.533455647464099236e+00,-6.201052950032011069e+00
-2.399496313808358927e+00,1.308562534911850150e-03,4.511801964569857049e+00
1.344742213983873169e+00,3.290623130555268450e+00,7.202871900208471345e+00
-1.697933081478977035e+00,-2.617012868038262052e-01,4.019627573380201824e+00
1.318782244032620010e+00,3.416297788404941027e+00,5.192384866659426557e+00
-2.771234449643668274e+00,7.161635730453110860e-01,3.279949984324223689e+00
-1.137015877950244835e+00,5.495843457256666120e-01,8.400454931130496572e-01
-3.863408500560628234e+00,-3.030211881477629099e+00,8.314067041553032666e-01
-5.128031674284842190e+00,-5.243731364748069890e-01,3.198182874018326016e-01
-4.219767848542904431e+00,-1.372561741001876001e+00,-1.201693271305608324e+00
-2.832328046258942855e+00,-1.378110760010049729e+00,8.658290350922082101e-01
-5.529871527339341952e+00,-1.850482190845294417e+00,-1.629942923496201956e+00
-4.219440394023590279e+00,-3.132871390095097741e-01,6.999516825170855050e-01
-8.577348873625918912e+00,-4.779690018401314688e+00,-1.652335959471415983e+00
-5.322284342802996449e-02,1.644656341193481364e+00,5.263413745149351897e+00
-4.504537389222056376e+00,-3.322924470152443632e+00,-2.224284675073048057e+00
-1.647791609616823916e+00,-1.339067818744244631e+00,6.263180503762597606e-01
1.692095396995274559e-02,5.054541094833642223e-01,2.602958636281591964e+00
-3.214471238328198588e+00,-3.165453357942895174e+00,-2.390036622154006807e+00
-1.084175603387160791e+01,-6.179896330410610261e+00,-2.202087249558550841e+00
-2.506836237055248162e+00,-1.326018283377523366e+00,2.265441751979220264e+00
-7.708478563732614752e+00,-4.366069608355431342e+00,-3.481441538136405001e+00
3.134055310963437257e-01,2.168698166150090145e+00,6.737226878958274767e+00
-7.017381865909156247e+00,-3.323792449880904165e+00,4.779535316515577392e-01
1.878086990861148831e+00,4.697517159534293718e+00,8.025216153209823844e+00
-2.213340291128834458e+00,3.303520902126928505e-01,4.034821106893860865e+00
-3.032387822396171106e+00,6.312504047123076445e-01,7.866663425735422877e-01
-8.540755700609633294e+00,-5.381883737410816160e+00,-2.232815418789913409e+00
7.645346045754884967e-01,1.101134432573646516e+00,3.153040758441861158e+00
-3.961180223359376029e+00,5.327653947022732428e-01,5.299959518218844146e+00
-6.928067432096456812e+00,-3.017012693530364942e+00,-2.259656748676114990e+00
-6.244321151313978469e-01,1.249167668808875753e+00,2.161934414894322476e+00
-3.359851582869528563e+00,-9.917090206645240436e-02,3.766551354496922244e+00
-3.867262977937387269e+00,5.515656151856214162e-01,4.854807992527473637e+00
8.909193117701998954e-01,1.386968950074754181e+00,2.015338984969968550e+00
-4.545971613302519643e+00,2.387451407824814353e-03,4.221309610997487916e+00
-3.834442612836319597e-02,2.263546399118836039e+00,4.413806858004601708e+00
-1.392093708575340649e+00,1.371904665840260051e+00,4.355083915248375348e+00
1.886124654397232092e+00,3.157207456568755788e+00,5.175916273955017743e+00
-2.838351073264167468e+00,2.601137474304215935e-01,1.291450677775982658e+00
-6.235679676449127129e+00,-1.241513488283072064e+00,1.731837731771146416e-01
-2.828486938981600751e+00,-6.641054887160180442e-02,2.704387419790683644e+00
4.237497800352590716e+00,6.494923942298110653e+00,7.702641225683832360e+00
2.314624150484315024e+00,5.141389512161912201e+00,5.596461588912465146e+00
4.085279191954890976e+00,6.019909758632559615e+00,7.141170733712578489e+00
5.713022428512407380e+00,6.333911298357139508e+00,1.096132595276292676e+01
-2.307219032877926956e+00,1.192495541838439310e+00,2.036639953544105541e+00
-1.162761582752815492e+00,3.584217720244765815e+00,4.664178260983553592e+00
1.851185503183858216e+00,3.029251822170051067e+00,3.695603699895358751e+00
1.245627211986034766e+00,4.884892889143449324e+00,7.739270052317928972e+00
1.851618034282590086e+00,2.142873696356943469e+00,2.269373443431758286e+00
7.296323576540633127e-01,3.392929796532716757e+00,6.650585756146151439e+00
-6.804203651990712309e-01,3.433947717380262166e+00,5.825312338157958791e+00
1.533860557338786457e+00,4.916512951134071940e+00,8.584791255919515862e+00
2.323642523819234640e+00,5.388905988709764117e+00,7.149987250546896433e+00
3.144724455459090073e+00,3.804201870597305302e+00,7.041894593244814260e+00
1.524897315515154617e-01,3.995971390613513918e+00,4.945106983883322371e+00
1.927515714594692398e+00,4.401849310002099003e+00,6.388076233936870629e+00
7.734766607392566939e+00,8.763281985019148124e+00,9.989847734328332507e+00
-2.455977126832236568e+00,-1.267606385193856156e+00,8.270483872729683661e-01
-8.409447952373492186e-01,1.111364796421520751e+00,3.882258457555382680e+00
5.672634392638040701e+00,6.138687841951219859e+00,9.044939521472528554e+00
4.914216745567520306e+00,5.023447187016582660e+00,6.310322828718187615e+00
2.587268595571484919e+00,5.097958665468770079e+00,8.532640182392055905e+00
2.550627171139346672e+00,6.406955289212332261e+00,6.584761870544235229e+00
2.452886485132996341e+00,5.140320924967966221e+00,6.912503887581087803e+00
-5.610894809295352559e-01,2.913455120511772023e+00,4.332353931069942377e+00
2.851131449901907366e+00,6.569749598039159366e+00,9.580934137222454794e+00
8.886734141708254597e-01,4.837035332758827799e+00,9.759005123115471747e+00
-1.021230849062121138e+00,3.521699036758713319e+00,6.488150010989800265e+00
2.555736667652996452e+00,7.024547554692869511e+00,7.789996618966890551e+00
6.779378573569239563e+00,6.994554358178982412e+00,9.660220607697054263e+00
9.008164021796414289e-01,5.772665282873944648e+00,9.321347520083481442e+00
8.839824445035436185e+00,1.036553646295359243e+01,1.370939322698914253e+01
9.079808572514330933e+00,9.279347138037838505e+00,1.163244524134026392e+01
7.201697676575336438e+00,8.387976093641981379e+00,8.633966851453136471e+00
1.191431179513882199e+01,1.316386369866974881e+01,1.677616585530859084e+01
2.350595816911810410e+00,5.106539728245613752e+00,5.223714219682888960e+00
2.182779569413169973e+00,4.231468335183150131e+00,7.992323857851109103e+00
3.512627289248673179e+00,8.285650757065429417e+00,1.265743861136060033e+01
5.016481373999599924e+00,5.024080130149462420e+00,6.117590115283563890e+00
4.855209802115733275e+00,5.893894223325161441e+00,7.959367373463873463e+00
-2.536096624439592162e-01,2.975163160267745077e+00,3.740508464674058509e+00
3.247981702250715585e+00,7.826375172277996839e+00,1.171195974638519033e+01
-4.311708938648197709e-01,1.665488792773396121e+00,4.585456174144356467e+00
3.150918189516570322e+00,5.859928215928769113e+00,8.771078494314153318e+00
1.871929408383617321e+00,6.172505677131459478e+00,7.173103874384826106e+00
1.559793645584715893e+00,4.978363488963980288e+00,5.513527489651410818e+00
-1.214520013235754980e+00,1.081299860709464156e+00,4.260494205451989203e+00
1.061543969279612032e+00,1.124052275013533553e+00,1.664383595050249021e+00
3.786613946689492138e+00,4.242947793813353741e+00,6.116410831819077742e+00
5.050589888877405897e+00,8.160634673269644423e+00,1.314045982559782466e+01
6.200363355946902466e+00,7.470757782655486068e+00,8.150555440113432581e+00
4.539826302124943425e+00,6.613639544063037334e+00,7.343516707405319366e+00
3.943865310781075273e+00,4.066588023773219263e+00,6.886383318714798918e+00
3.401723868602754663e+00,7.799586434732293405e+00,1.210383696033574807e+01
9.294072442192766736e-01,1.433350108312151150e+00,2.170734684801586045e+00
-2.762171491546328905e+00,-3.065665257544605282e-01,1.532016074937745165e+00
2.689518740713604750e+00,6.204891454554553043e+00,8.679596455614143835e+00
5.244750349647763876e+00,5.345341243084349436e+00,6.768162134481512382e+00
5.563289651264332392e+00,1.007074900472330903e+01,1.262829313909491091e+01
3.561518721906939078e+00,7.551262480422733958e+00,9.562742976807371065e+00
8.689097526790014570e+00,1.207391576602120864e+01,1.291893185220600593e+01
1.837106480048684265e+00,5.519772816157101580e+00,9.452678048241178743e+00
8.215038629399163739e+00,8.665739924978892006e+00,9.582293640245358901e+00
4.173435013659231529e+00,6.487881381606745101e+00,9.675065063644902708e+00
8.239978037694543289e+00,1.142743471056875926e+01,1.476844961344730578e+01
3.133872648347878265e+00,6.705948883346376732e+00,9.234782071950746740e+00
7.041119108036128615e+00,9.915396554292959408e+00,9.957427223334446964e+00
3.318632987851827032e+00,4.151636514563008085e+00,6.644456725037596101e+00
2.441439011528048653e+00,6.169404301879828800e+00,1.021402880199682350e+01
3.546964934816331017e+00,7.191683395219090613e+00,9.623697011645138133e+00
9.854663962379461850e+00,1.126105170161379831e+01,1.348463250282135206e+01
8.579552736018472014e-01,9.044297640521206105e-01,3.894227044611247024e+00
6.148612822380156828e+00,6.521447342929963753e+00,7.248397817298524615e+00
3.311638954765366627e+00,6.441522057026681125e+00,6.508265418755427412e+00
-1.537967779594707096e+00,1.329808886877446028e+00,4.521709323478845022e+00
2.245193528304506803e+00,6.186568595888901179e+00,6.526721235706513191e+00
2.958136680045620803e+00,2.972794997028213260e+00,6.807084466677499002e+00
-8.331736154848936593e-01,6.170957805109003047e-01,5.053121888128802475e+00
5.909759659699246548e+00,6.834602630323067807e+00,9.762131407066787503e+00
6.196673719321637464e+00,6.743722041092377495e+00,8.757172783114418380e+00
2.495749208150012777e+00,6.906071182994664603e+00,9.947808725046858314e+00
4.958351659695660274e+00,8.406436838528094313e+00,9.536288490548843200e+00
4.010007853452091098e-01,5.014755387185363844e+00,8.132167588924477997e+00
1.249932231266495108e+01,1.302874973376406587e+01,1.310651097294700307e+01
7.478074044820523625e+00,7.557686627389839096e+00,7.813745588469107162e+00
6.958318398741287325e+00,1.151639771009935664e+01,1.330829135844833644e+01
1.123934475623814322e+00,2.615097113350447700e+00,4.697825730076286455e+00
3.099188036169321592e+00,5.147045937156091711e+00,6.339512315603975878e+00
9.244432069651310258e+00,9.703572117576063860e+00,1.024670508070306951e+01
3.961138744740508866e+00,6.957082235876321796e+00,8.941257494075149026e+00
-1.047358059614662551e-01,4.407541133619624851e+00,6.726224686057996394e+00
-4.178043004853391196e-01,2.099653578061403181e+00,6.740878484542680127e+00
7.293577735317818167e+00,9.801781432768795099e+00,1.231169132054034776e+01
7.725956547947163244e+00,9.541771449413667838e+00,1.309383075133073326e+01
6.338754318837647617e+00,8.299892659595943911e+00,1.124150351159539696e+01
3.826377874934255630e+00,6.063354593574647566e+00,8.707078898404077449e+00
5.599143551191865242e-02,4.191127931320449029e+00,6.259793038033944157e+00
6.198577606875921298e+00,7.348966636974213706e+00,1.020056876421422487e+01
-1.149880347037024908e+00,3.537663745671128179e+00,7.003723849816218205e+00
3.660961651082883073e+00,5.202777870500107760e+00,1.001774702963358976e+01
9.499817892655974205e+00,1.121340239848804998e+01,1.612967251758278309e+01
8.875335115023924581e-01,1.847482154784709785e+00,6.845729826487373160e+00
9.021610502277370713e+00,9.401138751820370842e+00,1.296733816044863019e+01
8.115737373852617509e+00,1.181794530408167887e+01,1.521581873890564651e+01
5.861151137171281889e+00,9.749184975402634734e+00,1.210834968364051178e+01
8.187779633003660962e+00,8.458349365883199411e+00,1.024711582955563927e+01
2.622992038813407145e+00,5.834564524814149777e+00,9.065799761318565686e+00
4.271500877504515792e+00,5.247470039071115977e+00,6.512496070620516164e+00
-2.034607242887575662e+00,3.988834465246631211e-01,4.041936060085760118e+00
2.946750519617087782e+00,7.210741034629368329e+00,7.643165274833982004e+00
1.219661031464783107e+00,5.847760609825845002e+00,1.048641892255571939e+01
4.873800400039385750e+00,4.913469110529248951e+00,7.445516988905759526e+00
3.963041629001903488e+00,6.898762949208546935e+00,9.667330094825750564e+00
4.017047598041030732e+00,7.095905885681998981e+00,9.612662294996697554e+00
3.481254981196801879e+00,4.950289550030181118e+00,5.428811480833756420e+00
1.060085868464899228e+01,1.164275573759226035e+01,1.534403130653214831e+01
7.734959862149294096e+00,8.940277455309173504e+00,1.308882913344782217e+01
7.363238785463460445e+00,9.380680620486087307e+00,1.145305989497671106e+01
1.981255591481462908e+00,6.323749297391120017e+00,7.395193438773094208e+00
7.159535482237362025e+00,8.107631665736519722e+00,1.303466369337567698e+01
1.122527104441640056e+00,3.825549305731985150e+00,4.778152826020265920e+00
7.619643187623347913e+00,8.448667337847535208e+00,1.275699218447756422e+01
2.773191240549040870e+00,5.772421076236398108e+00,6.347612347645227970e+00
-1.180597354593447612e+00,3.253943088187853050e+00,5.473468116590957777e+00
1.237619206706511932e+00,6.184405567358469469e+00,7.593207205787907199e+00
2.663836222830596956e+00,5.307922380071627089e+00,6.173423783734780734e+00
1.088472878477496053e+01,1.308325867822490451e+01,1.396594642327158198e+01
5.812652323602575777e+00,7.348807756197233587e+00,8.698136445297077302e+00
9.293511319438231055e+00,1.070898098072419202e+01,1.555811253768084867e+01
9.097311860717493204e+00,9.289544289658408616e+00,1.177385191652545693e+01
2.787322936380244531e+00,5.933551957701885371e+00,9.237358829921911152e+00
6.395464563290578219e-01,4.412274896993983120e+00,8.217101938125880523e+00
-4.332821891898916533e+00,4.446930202808845323e-01,4.223032793299433152e+00
-1.145222834471231188e+00,2.973223411394577020e+00,5.634800487657679824e+00
4.205393562293759047e+00,7.493760281410378532e+00,9.884381865546348678e+00
3.135257778709093834e+00,4.517343012731261709e+00,6.084258414211594967e+00
4.665578332668517625e+00,6.468242049394453019e+00,8.171458788822169694e+00
-3.499965565778950349e+00,-8.341602528444056475e-01,4.039983736886050281e-01
3.948745460130087537e+00,6.531956027788858421e+00,1.111316258359297038e+01
6.344670699881564957e+00,8.374489844191758792e+00,9.487720166499405750e+00
-2.063962477911551296e+00,-3.296829997287016312e-01,4.054753472793246161e+00
1.315279588054136362e+00,6.023769205156660256e+00,1.045720367099863424e+01
7.413394154556935511e+00,8.850132211330052456e+00,1.078935977968625437e+01
4.894561523665933223e+00,9.769230646334808199e+00,1.138849219967319115e+01
2.437635028131017734e+00,3.126934451104718793e+00,4.537405472660060113e+00
2.064841678217680609e+00,6.884729305417362610e+00,8.964106557837265399e+00
4.071477690183373355e+00,8.740887389833398302e+00,9.261298461991142261e+00
1.731064632117513824e+00,5.561342493186351987e+00,6.028059479592108083e+00
7.129761537111675374e+00,8.117240160593102161e+00,1.119775136731868237e+01
1.885997585704052959e+00,4.058388395200744903e+00,7.391759659419910200e+00
3.850356337213476365e-01,5.252067093954694954e+00,5.515635727572157698e+00
1.148528975081400727e+00,2.106662334853806939e+00,5.307781947548668278e+00
-1.103334382709833861e+00,3.379297868242156611e+00,7.367537418461401089e+00
2.747214881166283540e+00,5.075127308916618674e+00,8.802500684338806280e+00
5.438149792691406859e-01,1.584302784434856282e+00,1.652955742306315257e+00
5.283142930740902798e-02,2.902914680934483016e+00,6.969138035898096994e+00
3.587951044034769499e+00,5.755168740936398741e+00,8.601412593180167931e+00
7.417579044962471002e+00,9.528485018164769116e+00,1.209867451752494105e+01
-7.301548685533189698e+00,-2.879817366608605766e+00,-4.891168200949893574e-01
9.057987154764191473e+00,9.095365087107040836e+00,1.309460829879279586e+01
-8.059481707133895334e-01,2.282638536299140597e+00,5.934605220977118734e+00
1.347648551106980896e+00,5.853084582810199166e+00,7.284155763962552932e+00
3.821987795841454094e+00,6.337337402176282275e+00,9.349755148905675384e+00
5.715842222278320506e+00,7.442798044756731457e+00,1.167313380652583632e+01
-3.027555215604870842e+00,4.602756838944204176e-01,4.127313602959676864e+00
-2.177199141428333373e+00,1.862837200454630082e+00,3.153258107012546496e+00
-1.456188717140300515e+00,2.272020231184586958e+00,6.141054528936090051e+00
-2.957599409511900923e+00,1.254363323743267644e+00,3.697052476251722730e+00
3.655586394094920255e+00,6.176534471563662976e+00,6.667425572069515027e+00
-2.377487749090800850e+00,1.883117045000348266e+00,4.550557988563673995e+00
-5.821074345334149136e+00,-2.848900737113057247e+00,-2.241697454682444413e+00
-3.008444587295592054e+00,6.680722360821178540e-04,2.106098227116117716e-01
-7.558710203558844931e+00,-2.942666370355592420e+00,1.375020989657393500e+00
2.864304926023675257e-02,1.000230167416359839e+00,3.969233497699518942e+00
5.820332051584129474e-01,3.595528807672729421e+00,7.612690881182593294e+00
-4.277566536436657074e+00,-4.929647226751336930e-01,4.473251355208962110e+00
-1.600267392047644011e+00,1.539359936251916139e-01,7.770982527138259321e-01
-2.436034078977298734e+00,4.313245207813521942e-01,4.251282891114927409e+00
1.415143742460027720e-01,1.570481135774204784e+00,2.751512970064149410e+00
-1.423058168462042694e+00,2.589214807936377483e+00,6.357826266562491391e+00
2.338597087707648292e+00,3.355556926393581385e+00,7.701909946370241400e+00
6.919661786966568862e+00,7.593308873262364145e+00,8.139507999621327983e+00
-6.651483555621660049e-01,1.090387826730327081e+00,5.523050791523495207e+00
-6.565730466382966313e-01,2.820627796657754427e+00,4.794220709413928638e+00
-5.042089529764631095e+00,-4.255834912505270573e+00,-6.884523488920484269e-01
-3.732593400416607032e+00,-7.368573029750435932e-01,4.201557252370610840e+00
-4.344198932502115973e+00,-5.164016234293914431e-01,-5.781841387034525326e-03
-6.503681060333407871e+00,-2.862605763280251736e+00,-1.575370535698000563e+00
-6.333264230149934448e+00,-1.523785735272845221e+00,-1.427417647901791486e+00
-1.534766224992913708e+00,-3.430132734030915120e-01,2.151978609156032896e+00
-2.034216918726913459e+00,-1.638874916457616404e+00,8.143925526337603138e-02
5.090574049652270894e+00,7.576748915711887911e+00,9.811415179245392082e+00
-1.098235003975154722e+00,1.204691121361848971e+00,5.599806381058618499e+00
3.041615922179158105e+00,5.568070290005747935e+00,1.027330454413523242e+01
3.201982895810004504e+00,3.940641299630398109e+00,5.341921737160570061e+00
-5.839364792651963398e+00,-2.556785916682294157e+00,-1.141173007170886766e+00
-2.363872563402716676e+00,-6.274922163324589963e-01,3.877648773705496765e+00
-4.837930315056202524e+00,-2.145134441031037120e+00,-4.718306612344516093e-01
-5.309505784836233921e+00,-1.425946895381670299e+00,-1.072623125130654165e+00
-6.787212218095834970e+00,-3.968899167064772637e+00,-3.470550556331911007e+00
-3.346849830233060263e+00,-2.462595819986230339e+00,-2.150368548538713842e+00
-4.665482980191738349e+00,-1.570678362777353509e-01,8.395445756144725991e-02
-2.915189242325119778e+00,-3.331070026241845783e-01,7.917800072963098179e-01
-2.586239384675157460e+00,-6.682962161890195762e-01,1.799984707210133150e+00
-3.953023320149918529e+00,-1.702722613731042056e+00,2.037713335627816758e+00
-3.595207103622111156e+00,9.642095276585180841e-01,2.465570598082012399e+00
-2.605269653833818921e+00,-2.482567168053524398e+00,1.987160010645638408e+00
-2.523194791125868086e+00,2.370725537371102476e+00,4.537481409235425645e+00
-9.717207574350386068e+00,-7.438263187604245985e+00,-6.717482635172871142e+00
-2.393212247292474171e+00,-1.559499681254861159e-02,1.501151183092320540e+00
-5.582364305260018256e+00,-6.104639675793377407e-01,3.137758534538814814e-01
-6.080725019742144966e+00,-4.187791359679855496e+00,-1.105281449686836837e+00
-5.042855830506874248e+00,-3.317238071394881693e+00,-9.451203761347453103e-01
-5.810956647609160086e+00,-9.435384814047786950e-01,1.596818398849212395e+00
-4.226961470355593775e+00,3.246407220134943650e-01,5.400550657398915932e-01
-8.354762114916775673e+00,-7.755670395407597617e+00,-3.033112421642012002e+00
-1.349151341806226867e+00,-7.054957833657526933e-01,2.977260193589436277e+00
-6.274971303816299972e+00,-4.044953283055552795e+00,-2.011211637055776436e+00
-2.672785880108677681e+00,6.233154412717158976e-01,4.261319567565855060e+00
-1.300954462499406361e+01,-8.349698223565532373e+00,-7.065270779189559924e+00
9.355626830372765212e-01,4.425964571344358944e+00,6.137393659707647942e+00
-9.233178500001713473e+00,-5.645129775586825716e+00,-4.934549145984940210e+00
-1.060011977100988823e+00,1.227700771551658576e+00,2.145849409933275886e+00
-5.026113404676562091e+00,-3.343882255813175775e+00,2.342647814991845046e-01
-6.831874287972866000e+00,-5.665125040593038008e+00,-2.240705521508099096e+00
-4.964909468890501998e+00,-2.485208498653067810e+00,-2.025025713370002478e+00
-2.196681380268009409e+00,-2.632079541873393325e-01,4.082823060613918642e+00
-1.302377429126732977e+01,-8.077319801485593587e+00,-6.232714314896801611e+00
-1.656000619698437593e+00,-1.381626963604948521e+00,-7.306880920744087682e-01
-7.529406282106227977e+00,-3.588664212384031771e+00,-3.097288464356395821e-01
-3.310319283741968377e+00,-1.885259287632762071e+00,7.123352590430642728e-02
-7.701988009973740112e+00,-3.646236853745881135e+00,-1.580687118956540349e+00
-9.234896862632671954e+00,-5.456030803452200928e+00,-3.980002296534371986e+00
-1.076358621363501555e+01,-7.139527220660130347e+00,-4.807540005132958427e+00
-4.567180835762350455e+00,-1.840409427460325542e+00,1.153256134291523960e+00
-4.166026432109072530e+00,-1.913152959610544102e+00,4.175251388754288584e-01
-3.311739565787747530e+00,-1.983196462324627429e+00,2.945625428228207721e+00
-7.269747582288713872e+00,-2.740672302044770525e+00,-1.037581639508435849e-01
-1.414347710567218641e+00,-1.241200647784770794e+00,-3.990607935098288150e-01
-4.176974071952358258e+00,9.270198522819228515e-02,4.746762350627011351e+00
-1.060978621990188664e+01,-9.803325697029670494e+00,-6.130732415245690348e+00
-1.436149065373568590e+01,-1.124637410585553710e+01,-9.729449256099924170e+00
-1.292835750557270291e+00,8.876212675763603954e-01,4.273968404453974301e+00
-8.839394975719295999e+00,-8.332915406705339478e+00,-7.387702147075350112e+00
-7.776938742322621501e+00,-7.610363880977162765e+00,-3.099355253910612618e+00
-8.124106764864549746e+00,-5.254625817187443815e+00,-2.637488638143828723e+00
-1.292332848806073642e+01,-9.392125284978202870e+00,-4.450374166550866484e+00
-6.472852169598704464e+00,-5.611665727412735727e+00,-4.946135639759362768e+00
-8.820127624887158291e+00,-7.346173300337333956e+00,-2.826452501487136004e+00
-7.292380755649746860e+00,-5.235077698445439687e+00,-1.267593907759391847e+00
-4.741606147030429597e+00,-3.726965347692810404e+00,-1.258938135892195831e+00
-6.264117844545546099e+00,-5.626765148813245077e+00,-3.562273148659599542e+00
-7.117581620929188446e+00,-5.806171786620468289e+00,-3.059013807389448836e+00
-7.778163049843503707e+00,-3.876131984467538594e+00,8.157198722726022311e-01
-2.960749587374069680e+00,-1.541535681049624351e+00,2.174122797497080040e+00
-4.315966478090176750e+00,1.119952083199846626e-01,7.362545935716344747e-01
-8.302848886700271436e+00,-5.373187746174192370e+00,-2.313956203181841698e+00
-6.236884593168885438e-01,7.382370521963022014e-01,8.508098502422623000e-01
-3.406858730937059043e+00,-2.123343998518513409e+00,8.003290376877796319e-01
-9.446909158269717111e+00,-8.464695596202377104e+00,-7.027969698161710355e+00
-1.210528015952622738e+01,-8.565667859069820977e+00,-6.574089901216037646e+00
-6.852569600368041414e+00,-6.525442665781682194e+00,-4.529613244680824380e+00
-5.468307755427895600e+00,-4.694629310660918264e-01,8.357947631009499112e-01
-7.641512109626048321e+00,-6.315229467375132799e+00,-5.465797394078121485e+00
-1.185239209269168725e+01,-1.049420517918568052e+01,-7.620438662113114603e+00
-1.033095794280449198e+01,-5.507947282714863668e+00,-2.469470921352122872e+00
-1.281456000322011590e+01,-1.076532204183127384e+01,-8.817153896462388118e+00
-8.110154833887051495e+00,-7.989025410830112861e+00,-7.976313899830611120e+00
-1.056973446543686457e+01,-6.583766730539210243e+00,-4.132963417965447306e+00
-4.536486007453350844e+00,-4.370438942287535156e+00,-2.940303718335716354e+00
-3.525284358628546943e+00,-1.741874939247554543e+00,2.174569510671850558e+00
-4.896957435989520491e+00,-2.725023919992517474e+00,1.221476954138456694e+00
-1.150530187142553373e+01,-8.336631617081557977e+00,-8.170950585001060418e+00
-1.074662124088940018e+01,-5.903177720541142648e+00,-4.996012537164504330e+00
-5.924557075290985964e+00,-4.546459266750527028e+00,-4.999891241439016198e-01
-6.497116902614042289e+00,-5.547917582176742357e+00,-3.542478663640338699e+00
-9.878017464735869169e+00,-5.553061373969378600e+00,-2.366699992961011301e+00
-1.140586224369027590e+01,-9.895459246258552000e+00,-6.675210638629660131e+00
-1.222878708565015593e+01,-8.165664707962653424e+00,-6.146218294973382790e+00
-8.753073470301002246e+00,-5.894700047920268915e+00,-9.550616236599660525e-01
-1.876498164541686009e+01,-1.394216743014687410e+01,-1.139698087046048514e+01
-3.196072222484980685e+00,-2.715365939930982186e+00,7.880445041365362613e-01
-1.007145468377084008e+01,-8.728350748369848588e+00,-5.380976107658884899e+00
-4.279805640806681133e+00,-2.521027649715697816e+00,1.072764542694125467e+00
-4.590858004377228241e+00,-2.754245212957909583e+00,1.951731173939855513e+00
-6.833119523716875143e+00,-6.149755161427967742e+00,-5.807730975816854269e+00
-5.388950552098910052e+00,-1.482955065849154153e+00,5.236747347779262540e-01
-4.547061271583837438e+00,-2.219183321635694206e+00,2.449902979459761987e+00
-8.287700590317129468e+00,-5.338097000592705754e+00,-2.037243759227464146e+00
-5.734531346259507778e+00,-5.637201714222651816e+00,-2.284629678625302418e+00
-2.980984163147032628e+00,-1.039219483485560147e+00,1.261852829133314202e+00
-7.632418731037788007e+00,-3.592168136033810910e+00,-9.732001726246668483e-01
-6.044073507992239414e+00,-1.109719460234953825e+00,2.874336183795481059e+00
-1.500761489432725604e+01,-1.136465715307429392e+01,-8.421223867254107986e+00
-5.916523519874941073e+00,-3.854539910552199355e+00,-3.590178242323334601e+00
-8.925312724495533701e+00,-8.832833187342835402e+00,-8.599039354732092022e+00
-8.921129181612709402e+00,-4.126947262056914312e+00,-2.510886687746458179e+00
-5.358524547294212681e+00,-1.855477135626405261e+00,1.116095885930448173e+00
-1.583607699125495039e+00,1.274730848063187594e+00,4.170938667518647947e+00
-8.212832602225208944e+00,-6.701353485372358421e+00,-2.268690757881146602e+00
-1.000259098844939487e+01,-5.406559854697560397e+00,-2.183930928413750028e+00
-8.376827842723042039e+00,-4.057081737791415676e+00,-3.757176653193439186e+00
-7.135533063387586417e+00,-6.633576809604275759e+00,-3.838245686635688436e+00
-4.944820849687939557e+00,-7.122856456961317306e-01,8.648613602079602281e-01
-6.535008591461564542e+00,-3.794729010668906888e+00,-3.744926353248502870e+00
-8.086722945439305477e+00,-3.153572884800975196e+00,6.813314567602075655e-01
-3.399556186723731166e+00,-1.592460454136151338e+00,3.322603699144427214e+00
-4.062347203529468764e+00,-3.600207257040108466e+00,-1.279328430186978505e+00
-6.062616507178306691e+00,-5.768360082169622594e+00,-4.093534974710063779e+00
-4.530891961670786117e+00,-3.434071062516774298e+00,-1.851316796611140569e+00
-1.047848727614243103e+01,-5.741440695913932579e+00,-3.605505712279496677e+00
-4.399784264706178227e+00,-2.775480208404349725e+00,4.283816918534393281e-01
-3.450643687544565630e+00,-3.379773221145576656e-02,4.885046599357568020e+00
-9.203706580649635427e+00,-6.473417719184450192e+00,-2.710599500103356263e+00
-9.378999378013030963e+00,-7.468174281716781771e+00,-6.613011050498284860e+00
-4.793796480826106432e+00,-2.644619333607558964e+00,-5.507401401500104932e-01
-7.118896061171116507e+00,-5.015828602705633799e+00,-1.538724803164154054e+00
-4.565742531610531785e+00,-2.536030975242751673e+00,2.234782671683631428e+00
-6.501442179807970234e+00,-1.587693767886621199e+00,1.029113379192262201e+00
-1.168864548481434618e+01,-8.896425438747757042e+00,-6.858293580030887071e+00
-2.089098444613155525e+00,-3.111305362294443100e-01,4.615502143546879488e+00
-6.007155478601022836e+00,-5.803871135172467888e+00,-3.753439971475134307e+00
-3.031698389175313757e+00,-2.274996453262204010e+00,1.356404888384073804e+00
-5.070340888753690933e+00,-4.098112505509579506e+00,3.251161364776127272e-01
-5.559191317622171447e+00,-3.686801436015409106e+00,8.989422284677828223e-01
-1.791812493569020948e+00,3.141000156857223669e+00,6.996857226188110346e+00
-4.007809679339203512e+00,-8.920194335625488691e-01,-1.425111100517253426e-01
-3.709038845799615292e+00,9.562628347661825678e-01,4.840596119275239140e+00
-2.652246894886673090e+00,-1.212018001223598374e+00,1.130491670588695152e+00
-4.925291688208233154e-02,2.890721126574500310e-01,3.584073724701940744e+00
-8.503980903323828944e-01,-2.240747468209360882e-01,3.033581677650035502e+00
-3.974993681428145909e+00,-6.172253746739805313e-01,1.005919884639613571e+00
-2.705994538784413095e+00,2.037318856645493170e+00,5.932131386016930463e+00
-3.201055511938262654e+00,-7.173872367772844427e-01,3.875458699655877304e+00
1.487342589876361920e+00,5.766558909661022803e+00,9.227650038447320568e+00
1.126640605243580673e+00,1.891467177052141846e+00,4.376836804653128077e+00
-8.631391522019171703e+00,-4.309277159210205710e+00,-1.264819424967687400e+00
-4.047705207530392535e+00,-1.320147983600189256e+00,3.455973017891336596e+00
4.188038797159470139e-01,5.015442066601498716e-01,5.617761313281343094e-01
-4.918866237287405241e+00,-4.547636365940099790e-01,-2.620775614678805265e-01
-8.832388123167200789e-02,1.574394687294373263e+00,6.194522096258963550e+00
-1.448345957331085287e+00,2.007417011745260993e+00,5.248211541064979002e+00
-7.644259676669976855e+00,-4.359268100891744879e+00,-2.771053206646260314e+00
1.013686428801575889e+00,3.666354383864481647e+00,6.816219704098806176e+00
-3.091806155520528065e+00,-1.563229527062464763e+00,2.413590051958165894e+00
-3.364689943283175388e+00,-1.755948149455592633e+00,-1.398727381952939774e+00
-2.667921779291716255e+00,-1.660648910371148146e+00,3.814031816866736424e-01
-1.872499754342288547e+00,2.667779686378556114e+00,4.746588145741041487e+00
-9.024913443952041758e-01,-4.534723365249897498e-01,5.288114966469277256e-01
-4.259264543646214207e+00,-1.536927112083502411e+00,-6.486470885667808828e-01
-1.031640284912111794e+00,-7.118672241074361917e-01,2.862275102784013647e+00
-8.639265407203026825e+00,-4.717528430725554500e+00,-4.643622546736665413e-01
-5.972856953328087748e+00,-1.753186146532427658e+00,1.431117537994515132e-01
-6.510846145175063882e+00,-2.838496234713254740e+00,7.919806270517293356e-02
6.303315176454427071e-02,1.798546609307765110e-01,2.187845209470109520e+00
2.822783145000935967e+00,3.087177941176596274e+00,3.503958218378089740e+00
2.583544535954485522e+00,2.863556771671381451e+00,7.668289463164667197e+00
8.585702021285301910e-01,5.079575156132364988e+00,7.275097543633265218e+00
3.278690203949408133e+00,4.518677542772291389e+00,4.880931690387509292e+00
-2.217594883954454588e+00,-6.161362648289947508e-02,2.940150778805010745e+00
-2.296731300404538878e+00,1.688785315154289757e+00,1.946590246042512629e+00
-4.481163188385539620e-01,1.641233768744773780e+00,6.525520996912343108e+00
-5.210623195882354786e+00,-4.607020518819265220e+00,-2.605523544889801091e+00
-3.073809458288902619e+00,-1.698532840210426720e+00,-1.028336063178878490e+00
-2.636393436215458408e+00,1.558335004989477079e+00,5.043911056709354135e+00
-4.095180908550606347e-01,1.648264330320349025e+00,3.493600744033852123e+00
-3.282787011851606707e-01,3.810465096157173548e+00,4.264384324415870786e+00
3.036530847186145632e+00,3.770697249442776400e+00,8.303447289910467433e+00
-6.912341352706369513e+00,-2.826308082452724690e+00,1.048080730403442296e+00
1.027360295211560359e+00,4.147239916730637077e+00,5.609490174597571155e+00
-1.441389492921422377e+00,3.232543533380668688e+00,5.691887642054027197e+00
3.268756702738040865e+00,4.671854358560051601e+00,6.499727391624844586e+00
6.022668999314277904e+00,6.106874075293950987e+00,7.382669384434179527e+00
1.641948970403112718e+00,2.581729513685930844e+00,3.259512724041902842e+00
6.690072070299172502e+00,6.850772036199943571e+00,7.985149253287242566e+00
3.133833249004203125e-02,5.489319228420654895e-01,7.746338139121397015e-01
-2.040999052216446730e-01,4.825113902703237478e-01,1.494528207903812467e+00
2.628259270338093589e+00,4.708070895901590447e+00,7.626549327105238696e+00
8.055568254945848494e-01,2.416886137661165890e+00,3.123183215055388207e+00
-2.927224136190664794e-01,4.408896732272998165e+00,6.983165293377805227e+00
5.993699943810756992e+00,9.703101607289461583e+00,1.317527731363381349e+01
3.579629158023433622e+00,5.004112943661946922e+00,7.803422570570089256e+00
1.548075026089082762e+00,4.558895605349297497e+00,6.317850725765737252e+00
-1.941090183300730576e+00,1.412742644119402868e+00,5.366125401314929100e+00
-2.803343120798703403e+00,-9.822903672596439151e-01,-9.077135095476840387e-01
2.249774456524359145e+00,3.996454144678777354e+00,4.580532162011820674e+00
6.732281308923778518e+00,7.510320754840728696e+00,9.340068139566604088e+00
2.397549280839674335e+00,3.435654771890241488e+00,8.110099538824798060e+00
2.438715131525285962e+00,5.702729743212783475e+00,8.294550540433863972e+00
8.822172660633222918e+00,8.870794374015190442e+00,9.388883090244094731e+00
4.945481883834052184e+00,8.887871117405463650e+00,1.083658993260300818e+01
5.833355525974074141e+00,6.060821506566941963e+00,1.018861697552982903e+01
3.861519943412486722e+00,5.374750009399401840e+00,7.306228119270514298e+00
-4.474278819255234296e+00,3.975665339499085960e-01,4.751302391223201083e-01
-4.557531149253866154e-01,3.150868850802162502e+00,7.895289732361117530e+00
3.966800472252384857e+00,4.286098384017348550e+00,8.616483505843085311e+00
5.759756989872721888e-01,2.657184166667463376e+00,7.047166745768480567e+00
4.502853758133165130e+00,6.044226722585278821e+00,1.095754032508491882e+01
7.882102013581884670e+00,1.111734906193887795e+01,1.425280086412566405e+01
5.988534843821813780e+00,1.001805175822835636e+01,1.220098210643852354e+01
4.984221359190515344e+00,6.277569519732383085e+00,7.592220483327817959e+00
6.311152785072531302e+00,7.964171539205917583e+00,1.105093471207699451e+01
-6.732001399721392332e-01,3.518748513086994656e+00,6.016637905225948657e+00
8.157009924384730937e+00,1.017425107613870949e+01,1.414348976959398385e+01
-2.761282454592066671e-01,1.172211288546152197e+00,4.617387633740315245e+00
8.142381437144670997e+00,8.671407540777146039e+00,9.237598872020100771e+00
4.272888545914506508e+00,7.493165929737938491e+00,7.906918501115945297e+00
3.035676549370982524e+00,3.810932369122951968e+00,6.932777654924763056e+00
3.331864123686434809e+00,5.522882609193064063e+00,8.329364873589423013e+00
-2.068899782733926607e+00,2.815814780210551760e+00,5.975619969870349379e+00
5.730585156040124417e-02,3.011559872816778949e+00,4.912250279783934026e+00
-1.574605840174892357e+00,1.579782134822173667e+00,1.644779763315876941e+00
5.933886016225892845e+00,8.720487262939018436e+00,9.064974065491954391e+00
8.996638687416862012e+00,1.009749992210879732e+01,1.291310493304156992e+01
-3.281692647003426444e+00,5.806009554317359544e-02,1.982042797546740731e+00
1.002400016683720629e+01,1.211889974678417303e+01,1.460901177585359356e+01
2.831547871923118631e+00,6.626920910645942797e+00,6.715059768596779222e+00
5.354573102681022156e+00,7.589913096456166741e+00,7.661281085990299111e+00
7.632419610298266655e-01,2.358951264193741792e+00,4.958194370759863467e+00
1.039331877458609377e+01,1.079291519292350188e+01,1.321898283280536290e+01
2.860962682734428775e+00,7.483832200861975537e+00,1.091054388938235853e+01
6.439321468129427295e+00,1.035058482751346531e+01,1.325265591859645298e+01
6.164275445082531668e+00,1.064607034531866603e+01,1.138041680544546708e+01
8.786928213921513020e+00,1.103585837994474517e+01,1.402102455185716323e+01
7.650921116660871490e-01,5.132468819547622019e+00,6.672520046858197773e+00
6.492183923513221266e+00,6.497823812342041094e+00,1.136989436755769312e+01
5.199425277390612443e+00,5.329311798054936489e+00,6.091145434253607327e+00
7.780480791394833950e+00,9.890712438636258597e+00,1.237256150362556006e+01
4.071050670798932458e+00,8.243380457944857298e+00,1.048247020752317660e+01
7.752564446960755973e+00,1.048971013021505883e+01,1.148970948447565732e+01
7.810523138190809789e+00,1.065631663389031303e+01,1.239823534881756650e+01
1.676736334659679084e+00,2.170397741038940786e+00,6.902712197782157943e+00
1.102838237258016640e+01,1.143680379979710615e+01,1.482619845170543726e+01
5.726659339934078830e+00,1.026762510457311350e+01,1.116364837568833224e+01
5.150550650799890384e+00,6.336138981444998208e+00,8.469672807157055061e+00
7.047627540383798461e+00,8.520177381314283593e+00,1.231534308000030542e+01
5.434214994795274478e+00,7.124981872328125299e+00,1.205415957442113140e+01
5.073611555610979984e+00,9.367547718160828651e+00,1.384426838708254692e+01
6.108451867856589779e+00,6.426773294193953490e+00,7.308315591339374251e+00
8.150669142973747228e+00,8.997511177567909968e+00,1.235733441844612912e+01
7.721034921231566983e+00,7.780591792107403037e+00,1.181272279198741337e+01
3.562984587989409313e+00,6.298214680116180020e+00,9.129779838053147856e+00
5.492812838124194741e+00,8.179494949329253473e+00,1.085622439794561522e+01
1.475151946310755768e+01,1.574094983627530908e+01,1.715684844537046772e+01
3.137460224859529578e+00,5.575547514026906626e+00,8.964770001639138286e+00
5.531332357995780491e+00,6.891101158087954204e+00,1.092177578307548913e+01
1.590559063028802456e+00,5.643524901933948179e+00,7.012921937714025944e+00
3.162973297473194112e+00,5.963296700243708948e+00,7.707910972914021386e+00
9.150076076395544433e+00,1.010350475358237787e+01,1.413350453256161998e+01
4.847809939159882120e+00,9.805216030692552209e+00,1.263381192165434364e+01
3.069782286652509740e+00,7.639515810950975094e+00,1.085035984867498371e+01
7.905066085730637404e+00,1.073368459362392002e+01,1.313440899386111482e+01
8.852389940447951133e+00,1.003096477391464347e+01,1.045224113032681856e+01
4.945945554280516632e+00,7.157625144364731185e+00,9.964174712109016951e+00
4.879325664153828512e-01,3.035180837527503783e+00,6.513034014572566477e+00
9.155934401747829909e+00,1.011642831958553224e+01,1.188744321415135730e+01
6.046700780548238896e+00,8.124537136999570919e+00,9.057153664891130163e+00
3.136519738788840606e+00,7.668840807149476468e+00,1.107639809421406341e+01
5.729508892826117084e+00,6.188820624537956228e+00,9.752810823873900858e+00
7.064939402584733408e+00,9.803877432687208682e+00,1.242357976665297059e+01
3.647633047680495011e+00,8.596561923217899803e+00,1.168756602909579456e+01
2.336272920821404142e+00,6.819913885802972864e+00,1.138765858633359329e+01
3.324454456303333583e+00,3.831547615007584451e+00,3.873358896905434001e+00
8.511072315253921161e+00,1.068740686224755798e+01,1.453383176745267136e+01
5.151266005008850790e+00,9.272245781661510478e+00,1.320971601483101665e+01
5.959419561555193923e+00,8.195859354126190155e+00,1.194567994680881107e+01
-4.164215163793924646e+00,-5.703325411630260078e-01,9.987637136609923694e-01
6.411269698576695042e+00,7.254872499771089167e+00,1.036196608588106827e+01
3.226314378396775595e+00,6.611746339307199349e+00,9.451599793646739300e+00
4.379021029636421147e+00,5.444918762091653264e+00,6.828285363868932478e+00
5.983985208999902383e+00,9.526416566296600053e+00,1.433952838648269612e+01
4.645685158049932539e+00,9.369863165829354301e+00,1.196815389791581907e+01
4.062810980122977256e+00,8.495608353950318659e+00,8.642864355476984173e+00
5.951188181029479551e+00,1.025694878901785501e+01,1.263770290619148895e+01
1.251887771843072095e-01,4.032825451725897459e+00,4.060739999663056210e+00
1.350715863860187049e+00,5.693519785705206004e+00,8.668417897609579370e+00
6.030797134871306753e+00,7.231949126132386496e+00,8.969364398309888742e+00
4.089669543505682903e+00,5.092999978161841135e+00,7.215028767391256537e+00
7.440274953776043532e+00,9.090305110178659831e+00,1.176282099543871595e+01
1.216436688271618216e+00,5.290358897736256338e+00,1.020173522364107477e+01
9.441335196866305068e+00,1.069862340050216609e+01,1.123116471396627780e+01
1.976654663208256224e+00,3.954990912721331409e+00,4.672762293476568907e+00
8.916594883446332886e+00,1.308779589386810471e+01,1.559342029154992382e+01
9.621737803073379780e+00,1.272154971511661614e+01,1.347461248649858412e+01
2.541620950824224678e+00,6.289665030007057567e+00,1.115757408968185871e+01
7.539248202843599422e+00,9.951174460304919478e+00,1.476346098425813658e+01
5.075027066363994699e+00,5.248607535570794624e+00,5.427221104642571348e+00
4.625423839074693788e+00,9.425488392871651300e+00,1.292681638002679101e+01
4.848510063740492981e+00,5.791958698860517174e+00,7.611332694323363235e+00
-1.423794541501575139e-01,2.396385885490706080e+00,5.909574563334428987e+00
-8.624502893091548827e+00,-4.414370092215401442e+00,-4.001088068649427676e+00
2.025039740905753671e+00,5.307910358350322433e+00,7.691467426540036456e+00
3.891701159598237592e+00,6.879812536813377122e+00,9.422470569869888735e+00
7.707312603940899010e+00,9.960777856488174820e+00,1.098834183738675563e+01
3.643878505241504584e+00,6.005558067036400161e+00,6.953833757245248215e+00
8.605883127323574300e+00,8.828940562462154418e+00,1.069806301720226571e+01
4.256829170372016691e+00,4.381607864119536622e+00,7.194332679229535010e+00
4.291573588586631516e+00,4.653535855287517897e+00,6.841304066721916044e+00
3.847446924098416154e+00,8.748161110974553623e+00,8.797568714069242901e+00
-3.722796384141570769e+00,-1.888523545860079089e+00,1.477790733944423174e+00
4.668101131702589335e+00,5.462685654802118762e+00,8.266353862652710660e+00
2.849945230433419852e+00,4.140897023511532993e+00,5.254740481432661703e+00
4.863581062024699087e+00,9.338498815754457283e+00,1.035490121065525848e+01
1.703914041730765216e+00,3.586672595557278242e+00,4.434660119930064148e+00
5.215361382535596668e+00,6.634800081304184083e+00,8.100333481916067058e+00
6.128277658908808156e+00,7.762142777694140960e+00,1.096747746182776595e+01
-3.281674211862641855e+00,4.312895036950310512e-01,2.984638101351222428e+00
1.349037421078545851e+00,4.401417325682966286e+00,8.467761060599571010e+00
-1.563741910643497768e+00,3.434061396058598170e+00,5.716591327777212683e+00
2.794138926204152718e+00,7.476311404167381269e+00,9.928161869309914067e+00
2.660185031561771218e+00,6.570183794019342827e+00,9.436299019760877371e+00
-6.682842865462230719e-01,3.751911839639605617e+00,5.995427847723401982e+00
-2.264100836888792045e+00,1.214974169597060616e+00,3.546550265688000358e+00
3.091310474979479750e+00,7.376447481662939509e+00,1.234829087737485409e+01
2.746440065789742313e+00,3.963015025419301729e+00,6.334709841455578250e+00
-1.192288433162017602e+00,-7.860050343600821776e-01,-8.102781229113675820e-02
-5.271402093897216368e+00,-6.256511826693573752e-01,2.092417699785348972e+00
3.210418545352053954e+00,5.185998631482362953e+00,8.543411278020130339e+00
-2.854246220609588214e+00,-5.343977900902885381e-02,1.390148835827099916e+00
8.120030709082005416e+00,9.253103240383000028e+00,1.220430199042852593e+01
-1.788646087782700400e-01,7.624629472787538553e-01,1.458323451139683868e+00
1.879527709688855186e+00,3.471465522024160144e+00,7.778170837741502197e+00
3.664051112503240670e+00,3.848148317117384920e+00,8.014479585230830594e+00
-2.024504290523222227e+00,1.080364890626578145e+00,1.282228678411507561e+00
-6.564040588539173271e+00,-3.553846006597715768e+00,-1.423748982835783217e+00
-5.706989181105912579e-01,3.634939122416125379e+00,8.170932675731354067e+00
-7.338008005668128497e-01,6.986650054212701910e-01,4.619515050701869185e+00
1.654660438445692883e+00,3.203674585050390267e+00,4.681851871744594717e+00
1.419122862694824461e+00,2.382314566218963314e+00,5.774759707631051953e+00
2.125607627165356561e+00,3.434035022299203099e+00,5.758326732413805438e+00
3.163621049397620233e+00,7.224261486776203611e+00,1.118382569531316584e+01
-3.482953556615018709e+00,7.942594898619304011e-01,1.599582056383057616e+00
-2.014332923203897785e+00,9.201308882078138573e-01,5.494330112421302204e+00
-2.987390792725652222e+00,-2.777140361215424402e+00,1.195493503776433375e+00
2.968622238012823544e-01,1.528048294736861656e+00,4.876316270991733148e+00
-3.506729950085420988e-01,3.236352225136948757e+00,7.864278016589787867e+00
-2.094772205650532459e+00,4.492249064642925838e-01,4.690380446917007617e+00
2.815235147953414341e+00,3.041825210951521363e+00,5.144539112238112111e+00
-1.044873692315811731e+00,1.152720951028809004e+00,3.844113330246955229e+00
-4.735621303777349134e+00,-2.328918929938049054e+00,2.510888674476725591e+00
2.013722653544858687e+00,2.406420507785246521e+00,3.731503817430877668e+00
-4.097605420413850119e+00,7.455384868338710280e-01,2.972051217879015717e+00
-1.231893398662916361e+00,1.623893862024009316e+00,2.029021583566296805e+00
-1.972850395174796878e+00,-5.525959953627788135e-01,-3.543375020551995380e-01
-1.612765309381821055e+00,-9.252410969428801479e-01,2.241332991998140844e+00
-2.412089254019949003e+00,1.406023065246372106e+00,5.756447449745177636e+00
-1.122363714404731372e+00,1.349581883263952786e-01,1.799277396341689483e+00
3.045742894034618509e+00,5.892734781237905395e+00,6.311164098577632053e+00
-1.024151129742366440e+00,3.009440171202104164e+00,5.425900464746199248e+00
-2.685689654540574622e+00,2.141848108932618011e+00,2.728428154061167454e+00
-7.982026554921738404e-01,-1.317507507826852775e-01,1.611135669802671977e+00
-6.817032285366142474e+00,-5.783221288472699229e+00,-2.300270544501412218e+00
-6.967498167146662702e+00,-2.233445879171976678e+00,-1.783923329396391644e+00
-3.068869564485547485e+00,-1.857687898923191749e+00,-6.681971587599668805e-01
-3.390877599117011698e+00,-8.455122793059504094e-01,1.414614932688048166e+00
-3.859294323262162152e+00,-2.249632921330534108e-01,3.438192811988903586e+00
-1.124301068624178113e+00,1.739471248653892799e+00,4.694582544613954411e+00
-3.724280169593483514e+00,4.873017798388550315e-01,2.471983968601064063e+00
2.980896906357066722e+00,3.042611647837454303e+00,4.107763091601242422e+00
-1.649828710870488102e+00,-1.473018157429364594e+00,4.944629565658618109e-01
-1.656736810968992613e+00,1.324413161793487337e-01,6.255909888523248918e-01
-3.483768889592816720e+00,2.913590647445094550e-01,3.056662734772523926e+00
-1.231990253223611109e+00,-1.034817247315394928e-01,3.692148654596509427e+00
-4.344638339122246506e-01,2.905192126297752253e+00,3.863167825292147306e+00
-3.542716844455058745e+00,1.371724808742996959e+00,2.258855138020631870e+00
-8.954700810771246466e+00,-5.096199490979828717e+00,-2.547670754292727935e-01
-5.206128679113795066e+00,-1.578617778055470877e+00,1.750267568695439424e+00
-5.891001454233871115e+00,-1.374394220140181533e+00,-2.873325071182031287e-02
3.640337226918105351e+00,5.026115979247196996e+00,8.231917922769138585e+00
-6.923760581274514436e+00,-2.513071682816775176e+00,5.737990590010619840e-01
-9.450713239608411698e+00,-4.565469458060848140e+00,-3.450957911227084729e+00
-4.525859815676542830e+00,-3.964618013879785963e-01,4.239856439867940807e+00
-2.447986312804528719e+00,-3.129743230424075762e-01,4.496938310619241541e+00
-3.127527210018532067e+00,-2.116789107740635778e+00,2.647380558573146914e+00
-7.160851374930915725e+00,-2.646811077652486688e+00,-2.316081716838703564e+00
-1.835523476247335584e+00,7.711345638648463563e-01,3.415329821350131301e+00
-5.009753285203803586e+00,-4.724886150704667109e+00,-4.527230350167270601e+00
-3.299888923507363625e+00,-3.274405019434659003e+00,-6.518608023401668561e-01
-6.223438904917880876e+00,-3.904360885072051257e+00,7.979400827099039084e-01
-8.530128058614951936e-01,8.585187734290098405e-01,4.149655751085762567e+00
-1.688615353758283977e+00,-1.650798280555247022e+00,1.666893948445903550e+00
-1.035251639842688931e+01,-5.785216278292329761e+00,-4.011376494967040962e+00
-7.135804415089317843e+00,-5.565518906171189606e+00,-2.435369581808439765e+00
1.224931161925078893e+00,2.867691489212510270e+00,4.879783366595066063e+00
-9.478020421123178885e-01,4.177806622041186912e-01,2.142226693598796139e+00
-3.782334541604463141e+00,-3.852814794488246264e-01,4.226594452682099323e+00
-5.865546532204339414e+00,-2.949969153624506291e+00,-2.899801908982857945e+00
1.437741225500350772e-01,1.463236931543852037e+00,6.224429574806099374e+00
-1.099815157369996754e+01,-6.446542754549451359e+00,-5.868306556546690977e+00
-5.492307607715813944e+00,-9.502222923791752152e-01,3.872422822815426713e+00
-6.233230513175691101e+00,-4.610371034373991428e+00,-1.105336987357653733e+00
-6.897176325590282708e+00,-4.097264248022134403e+00,-2.412015955268240308e+00
-2.008516509346745416e+00,-1.241837604754145286e+00,5.927635157730892779e-01
-8.556048894703062402e+00,-3.917066037510499754e+00,1.391758403562315394e-01
-6.509600948011058819e+00,-4.856228294796536282e+00,-2.117851534742436481e+00
-7.131672873143447333e+00,-5.101864479595540125e+00,-2.770675239631484654e+00
-1.344425359232370099e+01,-9.638200162296193696e+00,-6.923169157541892105e+00
-2.356035746420228172e+00,-1.450813429361270224e+00,-1.056352903385748832e-01
-9.659016994328885275e+00,-6.820047684940873545e+00,-3.355949885294875923e+00
-8.237186835364629367e-01,1.716883453376432556e+00,4.817936115082408044e+00
-8.724691343529425325e+00,-4.777806585652027316e+00,-2.050847004611718205e+00
-4.927651063320675817e+00,-4.169381305917951863e-02,1.136149445954437898e+00
-1.404899561036480016e+01,-9.450554358414532174e+00,-8.212255384427743721e+00
-4.539071081875892588e+00,-1.880848199707384261e+00,3.986856543056647162e-01
-3.024255002142323345e+00,-1.159838656545298718e+00,3.653834686458822034e+00
-1.624889056046767255e+00,-2.633812517168161449e-01,3.110964269998492071e+00
-1.282544095267216200e+01,-8.805098092608112381e+00,-7.820063864561271672e+00
-1.124014135535102099e+01,-6.374376723323361915e+00,-3.641174344794364970e+00
-7.152699312746815252e+00,-2.580246004681532312e+00,7.391592936376705225e-01
-7.153442337959837971e+00,-3.906308084075975628e+00,-2.178377637875059669e+00
-7.364654671001606090e+00,-3.511703953871166739e+00,-3.362772367871778467e+00
-8.290172776865720294e+00,-5.511070366266892506e+00,-5.350375050249718711e+00
-1.348869154216860711e+00,1.854902096772503839e-01,6.669691107347003323e-01
-1.234416064885437869e+00,3.323539076870100750e+00,6.464840909564371074e+00
-7.565668401697969614e+00,-4.223115317327149398e+00,3.252680412816122413e-02
-6.871387902210638998e+00,-3.206225525898360740e+00,-2.585247645161564023e+00
-7.515110901953885758e+00,-4.427419235656098628e+00,4.634344163087549262e-01
-1.842449187920288001e+00,-7.718697332867172634e-01,2.326699922309035440e+00
-4.980842092678704702e+00,-2.162770522072043455e+00,-2.045402930979918210e-01
-1.264672970513843886e+01,-7.873552786809998594e+00,-6.091550858734967377e+00
-7.003406077360089910e+00,-6.535003863928947609e+00,-1.722288944958294543e+00
-1.139156439726236414e+01,-7.745463363185207228e+00,-6.033213985094063148e+00
1.945478467564552671e+00,3.348036593013123507e+00,7.988169916063422527e+00
-4.215279031857019909e+00,-2.847529152056044843e+00,-1.617407885745389962e-01
-7.630504268644644483e+00,-6.555728912612195813e+00,-1.579655843036284146e+00
-1.065624214546166115e+01,-6.808699214103316244e+00,-3.970524513334763306e+00
-6.107017540986996451e+00,-2.377885295072941219e+00,2.203954537931165802e+00
-6.904135404270814291e+00,-2.088514432167869916e+00,1.841579989959422736e+00
-6.662134223091422669e+00,-2.416804381425291304e+00,-4.278347584933059888e-01
-8.052921757480852705e+00,-6.093806781616020629e+00,-2.052323517897559846e+00
-7.701889417124585968e+00,-3.903763722809199255e+00,6.011447952961224139e-01
-5.155909317066438291e+00,-4.490860846249900895e+00,-1.036795252788903277e+00
-1.087109075637634703e+01,-7.632849587334778363e+00,-3.640250385567111557e+00
-7.724924964822077911e+00,-7.602163040289517504e+00,-3.470900811960755838e+00
-5.215683807824947671e+00,-3.583550541432203751e+00,-1.479398863318444057e-01
-7.307806533802231996e+00,-4.225008675937214520e+00,-2.024017071789606881e+00
-6.877514287040488838e+00,-3.147376617581176372e+00,1.658718034496376337e+00
-4.042963005267361964e+00,-2.425588105657947580e+00,1.316591310187870789e+00
-1.862578290769176803e+00,-2.898930665515990768e-01,3.938372635028812851e+00
-9.289665020653501415e+00,-7.103299191206366991e+00,-4.856970520900345534e+00
-6.729990518343522687e+00,-2.870587612661097410e+00,-3.897391152757001542e-01
-3.830802336482917347e+00,-2.497579246778440343e+00,2.480105421568683965e+00
-8.764747474447190712e+00,-5.663620509872069775e+00,-2.437872726130926537e+00
-7.574782293024714619e+00,-4.341872703835925940e+00,7.492262659939630254e-02
-6.464916198849687490e+00,-5.545556170590670853e+00,-5.249798644717987628e+00
-2.702218144646648668e-01,1.663280744760137431e+00,4.487806647302478247e+00
-5.751288934519275919e+00,-4.322740828637226862e+00,-8.767058061811776604e-01
-3.625378017788873031e+00,-3.255798123102458863e+00,6.977492323149285802e-01
-8.963925038757732722e+00,-5.373494940262745878e+00,-4.303771004391957256e+00
-7.482168118153698089e+00,-5.989896925123009197e+00,-1.954886700930306809e+00
-1.229137323228638579e+01,-8.424684017195845698e+00,-4.355853230526213871e+00
-2.796208393236832013e+00,-1.184994168777768309e+00,3.662861748588871258e+00
-5.720154011090547108e+00,-2.143462864220690989e+00,-1.817458927236917265e+00
-7.703176191462858924e+00,-5.314501921408139040e+00,-1.991766694045126851e+00
-7.916283539574511252e+00,-7.073032577839384771e+00,-2.564187944540179842e+00
-7.561735766970366868e+00,-3.791192261218200521e+00,-3.384033422552355841e+00
-1.034729061437704623e+01,-5.781300073147711771e+00,-3.759451672600427230e+00
-7.172286059077659814e+00,-4.909938671235744678e+00,-9.943978691022969940e-01
-1.120840318082567677e+01,-7.988414763824735587e+00,-5.800771287597006776e+00
-4.796909747939775315e+00,-3.498786459666495929e+00,-9.143077998173727572e-01
-6.285495057370429350e+00,-3.389596320468468704e+00,-2.349345821054562578e-01
-3.790729334805467143e+00,-7.654130868775714802e-01,2.321104394637389934e+00
-6.827850441364525125e+00,-4.449162466561876528e+00,-1.639723271565800111e+00
-6.386567944274108122e+00,-4.943377020795630017e+00,-4.151502444373433853e+00
-1.159181432767460862e+01,-8.557135898412475683e+00,-8.322142439027633287e+00
-8.525974114728622766e-01,-5.265625937037237136e-01,7.100173872361081884e-01
-2.063648729609605326e+00,-1.092013666893925539e+00,7.785519903125288632e-01
-5.480212244888059026e+00,-3.623768180998198751e+00,-3.039490902251788196e+00
-8.868173043204052419e+00,-7.635657995655019903e+00,-7.612812147558598141e+00
-8.982845519064055040e+00,-7.228026467836460967e+00,-3.245850580020532838e+00
-6.491561683695832308e+00,-5.160761741221982390e+00,-1.944021010994909204e+00
-1.048578601718848757e+00,-5.573027078586374472e-01,-4.958793490538649928e-01
-5.006042412420868004e+00,-2.514059802188968629e+00,-2.066394213785662792e-01
-8.753410256354905883e+00,-7.795814264287352913e+00,-6.362889482447208422e+00
-2.185731638467332871e+00,-2.032374603820710668e+00,1.956624779153128824e+00
-7.196749836576586290e+00,-5.690336354886336601e+00,-4.593054257750187830e+00
-8.689348060628198311e+00,-4.666059555290244631e+00,-4.469691056417352648e+00
-1.532025942445555566e+00,-1.093968570517294125e-01,1.204365452642811141e+00
-1.966833663440967106e+00,-6.519705910249600223e-01,-5.944917952638955061e-01
-4.265120223851800674e+00,4.082383710857655501e-01,4.728964366122978547e+00
-4.934234983061510427e+00,-2.861769698619218261e+00,-6.345950220722009760e-01
-2.684127304645226975e+00,-6.335607887535399385e-02,2.328223284457607178e+00
-8.285344046430527243e+00,-4.389675589767829678e+00,-1.947575946418958370e+00
-4.265725486132844857e+00,-3.321602133531603940e+00,-2.736742699569346460e+00
-8.035603591901242737e+00,-3.444246425176511028e+00,-3.202333129231682562e+00
-6.796886481757792531e+00,-2.309083764531588479e+00,1.143312196306349726e+00
-8.177862315836645024e+00,-6.154338885242955470e+00,-5.218446641851070211e+00
-4.435378367673330047e+00,-2.882967310938219008e+00,-2.335988171810114977e-01
-1.049248313080988204e+00,2.235006405361927406e+00,5.692368530150563544e+00
-7.544983435746079437e+00,-5.308514877096827789e+00,-3.438644410112478678e+00
-9.770424962712496608e+00,-5.928837507741838486e+00,-1.301770321279177800e+00
-1.016821203221539349e+01,-5.595886978936215783e+00,-2.837783122961547999e+00
5.832674370201614167e+00,6.227775958129333489e+00,6.594225016064346079e+00
-2.284064594901072276e+00,-2.702861212206943975e-01,3.393981453242336244e+00
-4.868484938402076523e+00,-2.381764764331559370e+00,7.550467565101635081e-01
-5.487843918994469661e+00,-1.271248594226882300e+00,-1.069570675792666403e+00
-5.316758528152313978e+00,-6.976756109940049910e-01,9.568113408685459120e-01
-3.439435585438741505e+00,-3.205498798036687358e+00,9.716438826857394240e-01
-7.409323974223326559e+00,-2.738553844437403129e+00,1.104556214919449886e+00
-5.584513419750630980e+00,-1.561936203598182082e+00,2.794605564362000472e+00
-5.776210463197751999e+00,-3.164392806089890264e+00,2.379215931418818819e-01
-3.513716796638037820e+00,-2.081458887054701279e+00,-8.329563123992573814e-01
-2.775937357839591613e+00,2.687758753397946343e-01,3.941814707024872799e+00
-5.666850919533318987e+00,-3.681148130672153407e+00,-1.679692728517347966e+00
2.470426279314435369e+00,7.241594119113436534e+00,9.833896087975707800e+00
-3.158177116027040654e+00,1.773244263036468205e+00,6.087457596366529167e+00
-7.392175571301496717e+00,-4.193887318294314603e+00,-4.148209353662188903e+00
-9.193843479137298047e+00,-7.714217670796687187e+00,-5.625998748565674390e+00
-5.503462654374263074e+00,-2.239388105698337128e+00,-2.617727402536111914e-01
-2.158814606992107699e+00,1.980304818217410556e+00,5.294831175901906661e+00
-2.326253748390425535e-01,1.503175051488993663e+00,5.425345288205098093e+00
-1.711278835149527611e+00,-1.958272633003648733e-01,1.181057728825796738e-01
-2.425058347008292259e+00,-1.562276915022449808e+00,-1.548574451158490017e+00
-6.526414765280036612e+00,-2.364663364057421724e+00,7.708791154904668375e-01
-3.606867946164989291e+00,-7.540213923989016465e-01,2.556219880371914499e+00
-5.745121298267463317e+00,-2.477129673259631293e+00,3.503700310188428979e-01
-4.742136950946615137e+00,-5.300867226032718316e-01,1.674648327578330598e+00
7.421107173018830494e-01,4.766157952790498697e+00,8.699326376201716116e+00
-2.430989165773935312e+00,-1.433464986502154925e+00,8.353519115719731936e-01
-1.354654618234889529e+00,2.820006501574414681e+00,6.974282460886829682e+00
3.264836758269252570e+00,3.384869569308427639e+00,4.500120181456363611e+00
-4.156246870006656380e+00,-2.036874886736048218e+00,-1.801103120065501439e+00
-2.523915074659363711e+00,-1.220791960185895419e+00,7.070723422289071358e-02
3.550738491905363059e+00,4.623580401842797727e+00,6.606875295251827040e+00
-5.318169470268082399e+00,-1.253115600679861830e+00,-3.254739447696697319e-02
-1.451222694695589510e+00,1.459113865260740273e+00,4.247004166675555581e+00
3.769233103393777817e+00,7.858853517914606179e+00,9.828850545578848852e+00
3.667791209857892643e+00,4.785634300530487550e+00,9.243237545454448423e+00
-1.955798189708402912e+00,2.208937125725503936e+00,5.316455523761728585e+00
4.116189879419374087e+00,4.582386760036576412e+00,4.662975906102747814e+00
1.086064274094072468e+00,1.999187379800719366e+00,2.982380171983241901e+00
4.646948345711672701e+00,5.328185433152095030e+00,6.639092289660611712e+00
-5.448466739485986920e+00,-3.759023933204180157e+00,1.316806532676695340e-02
-1.479639258459185758e+00,2.067971434721645352e+00,2.589868043191621449e+00
-8.553104874089296317e+00,-3.667570006420419304e+00,9.312626443100135987e-02
2.363681181614794014e+00,3.180847478714864174e+00,3.803330333364676186e+00
1.655466687505487755e+00,2.093201118808068362e+00,5.752144452102779582e+00
5.807034049934529207e+00,6.988466852296173037e+00,7.353306828212277324e+00
3.036722490702147503e+00,5.145860537842847471e+00,8.689352694844883374e+00
1.296218340873589447e-02,1.535744262639504809e+00,3.948972124729414723e+00
1.035109673828399801e+00,1.998484514778610555e+00,4.144227119134870740e+00
2.667104184950666035e+00,4.461815342076320690e+00,6.631407418013846922e+00
-6.244854464044040654e-01,1.704072547835148832e+00,2.165566756379757152e+00
2.959228653070504311e+00,3.426070414423070254e+00,4.729123333697627274e+00
6.995301461381287389e+00,7.574093231960697281e+00,8.838014800197843357e+00
1.114044779245549011e+00,1.236764697164850713e+00,2.990461750926209028e+00
1.413553627564000603e+00,2.480604625280832920e+00,6.941336374670131093e+00
-1.290698021568764009e+00,3.000089952408989458e+00,4.502184152077567170e+00
1.111719848604334615e+01,1.349462405863181580e+01,1.827358458569032251e+01
3.321895171940703939e+00,5.942377040134896760e+00,1.018454339197489134e+01
3.478425123577725486e+00,7.610299007642835178e+00,1.231674386813140210e+01
5.085583934856310329e+00,6.614087150651293712e+00,6.831315531886465564e+00
6.390881722295387313e+00,6.910650391028161366e+00,9.767137985587876159e+00
3.267672996789777518e+00,5.919062857593541338e+00,7.411328023463767956e+00
4.443543669040090904e+00,5.687110156036719211e+00,9.234017304101456602e+00
-1.371426145704191413e+00,3.310882143087736651e-01,3.350847143972797149e+00
2.286499580249027552e+00,5.847967512790413380e+00,8.000294399289469283e+00
3.572368468865694258e+00,4.539399796248499541e+00,8.843300601517503523e+00
6.122181643263631123e+00,6.589836389507620851e+00,1.073718980412645152e+01
6.454774026736309622e-01,4.828875283411642627e+00,7.683871609505387390e+00
4.270478429137400944e+00,7.417858686255543788e+00,9.207943991677590034e+00
3.826055603785349035e+00,8.033976714417461196e+00,9.352495142224405811e+00
-6.236493458600879336e+00,-3.437613140210306284e+00,-3.428638962910029786e+00
-6.184894726265612874e-01,4.080726056982699745e+00,8.822208678033071294e+00
-3.659477163156195090e+00,-1.073937374208728812e-01,2.008805421862035701e+00
5.369708091306530484e+00,6.262763598164744927e+00,8.725078028366432648e+00
7.666918278332444103e-01,4.723744189569430318e+00,7.750112298789559873e+00
7.134564013661375270e+00,9.772046870915168881e+00,1.401926793754857137e+01
4.838047329988081735e+00,6.403717009534936722e+00,1.070353686074150623e+01
2.204254133299149210e+00,4.401521146990553746e+00,4.413590303695501760e+00
5.088927638555070132e+00,8.748637677055413064e+00,1.313785460028138630e+01
2.629985230559928500e+00,5.051789425656285637e+00,7.325528771431812913e+00
5.572757340502914047e-01,4.584517861705220021e+00,9.008391596485891384e+00
2.458018594383545974e+00,7.330119123332444531e+00,9.058370578935402762e+00
8.084043225822222567e+00,1.105748705949714505e+01,1.517207878385364594e+01
6.187876123325242617e+00,8.847135740942942306e+00,1.115640240690635743e+01
5.194076626579708922e+00,8.053737032538391460e+00,9.838072028874899289e+00
1.371041068641876848e+01,1.467079115690187407e+01,1.500394672395129980e+01
1.234331082514309230e+00,4.284234904750276129e+00,6.179906712160248006e+00
-1.354348401067158036e-01,4.279330176157131405e+00,5.394126071668851274e+00
5.487133389604322176e+00,7.040691639648883005e+00,1.189322282078343207e+01
8.426568749295483940e+00,1.120802477287060483e+01,1.294178998711719331e+01
-4.091760661006258459e-01,3.895295552941844264e+00,7.612171000618276118e+00
9.174192894058501579e+00,1.203990756363815073e+01,1.648540601816529971e+01
2.043262852165672161e+00,2.513070474203741966e+00,4.485540191853284675e+00
2.466677250069321481e+00,6.519427769197937650e+00,8.449142739146246583e+00
2.820820471396775275e+00,7.454503105205516178e+00,8.217108745444740237e+00
2.652413103255369276e+00,4.335599634421729576e+00,6.464312445168295618e+00
1.732721585634507733e+00,5.167532016984331733e+00,6.144279427445250796e+00
9.417883408211784158e+00,9.467202585111227364e+00,1.434974915604735735e+01
6.952591569076103539e+00,1.144637706355535656e+01,1.294748749049414727e+01
-1.596817264645083778e+00,8.205869347554157756e-01,3.265187986690599953e+00
3.400004428659042510e+00,7.746132206790353081e+00,1.073143291252362630e+01
2.772630945216876697e+00,6.904786059006226218e+00,1.146475681573147298e+01
4.774698946484207340e+00,7.604464605047196457e+00,9.031876943740725139e+00
3.874261768655115734e+00,6.367800797870010854e+00,1.062214884149093130e+01
5.626194331954041949e-01,3.480715305186682151e+00,7.959324838857486206e+00
7.534204295859445288e+00,1.201138434226935203e+01,1.387818244250104271e+01
8.652461548287671889e+00,1.089303102626806208e+01,1.428259982747291090e+01
6.576523788245893343e+00,7.131846064310843225e+00,9.459632151504623110e+00
5.258932218589672303e+00,6.005859444305368555e+00,1.024564036493720032e+01
9.537465462203194022e-01,5.667668700058598574e+00,6.375413077715891497e+00
-3.574286119155586139e+00,-2.375789921761386481e-01,2.945137153316435441e+00
4.802048654942506545e+00,8.602422660115816910e+00,1.208132092447614880e+01
8.816055048392136939e+00,9.901700224969118835e+00,1.135776349619572656e+01
7.166221148118122386e+00,7.992382226458651928e+00,1.259810222176702332e+01
4.726669761207914711e+00,7.335787086802837642e+00,1.221659284720746363e+01
5.762627482918619037e+00,8.009236740082830153e+00,1.077285259629680780e+01
1.115393563553933376e+00,5.061863173536306881e+00,9.047981472646142720e+00
4.977743759898291209e+00,6.133491721392958063e+00,7.574906052041814775e+00
6.652898659438492679e+00,7.141932847176187593e+00,1.116925535505276557e+01
5.768584216661015951e+00,9.737891825127727330e+00,1.014418586592074512e+01
1.050235802328642798e+01,1.178952097671179544e+01,1.403885602719265435e+01
4.259843446592866734e+00,6.968738164507434441e+00,9.581459259825653163e+00
-3.921643993825778551e-01,4.523212039088100767e+00,8.343839288117578690e+00
7.198107582095913948e+00,7.764046693205195027e+00,9.231558582910649235e+00
1.196213199234930080e+01,1.368926817558334719e+01,1.526500851283720550e+01
8.474872996538791448e-01,4.777215582030510888e+00,6.580021908975744793e+00
7.840016348399263535e+00,1.030214994384181182e+01,1.296942078305523793e+01
1.029253836483039564e+01,1.164465673127193668e+01,1.325813571517347178e+01
2.647046872158400177e+00,6.547034716262065679e+00,1.088044953579429297e+01
5.327969027302970062e+00,5.513369540836525751e+00,8.539142342713175182e+00
6.159862905676025235e+00,9.327040464547458498e+00,1.301358647228510890e+01
5.177381136919963822e+00,8.646615002979597620e+00,1.303373745879620671e+01
9.261891538042842598e+00,9.654253099300920127e+00,1.159611429194943000e+01
9.861754219700946678e+00,1.377220146040181170e+01,1.800510152004060771e+01
6.707695482936264497e+00,8.031537674339555011e+00,1.095795789454026448e+01
3.027411632374488626e+00,3.931236709796012363e+00,8.185708459042260188e+00
4.031388817857409101e+00,7.683539563112601556e+00,8.793864958108292385e+00
5.063334730732075961e+00,8.182200494810022207e+00,1.072880237480271504e+01
9.937022909472673859e+00,1.123115656555414965e+01,1.569676957295119557e+01
6.070499769421688896e+00,6.809696257895858196e+00,9.146995271139271466e+00
3.227360346778090694e+00,6.141351770033114832e+00,1.025908000166839429e+01
2.470875899396500763e+00,3.221775461234418714e+00,6.267648502226718321e+00
8.909845473972804797e+00,8.942644193447065959e+00,1.305555076461922326e+01
1.613467004150926698e+01,1.730833228722067219e+01,2.091290885697588919e+01
3.548121164841647079e+00,6.557510111315705714e+00,6.808147026104244048e+00
7.624848985582060479e+00,8.540999065939001156e+00,9.879702545377595513e+00
1.066139044822852711e+00,5.499777484769737157e+00,7.903794428132839833e+00
-1.311649856686628368e+00,3.255866233839904034e+00,3.493115736547274697e+00
8.324370405034128950e+00,8.357189773614717154e+00,1.309842287714134201e+01
3.472552653382619425e+00,7.092137186886545486e+00,1.100872117795480953e+01
-4.776684463860276786e+00,-1.976563933518846738e-01,4.725037068140594876e+00
1.125032275272853965e+01,1.173888359228838851e+01,1.253034031289891814e+01
7.161987326373632889e+00,8.104854571142690034e+00,1.219694286507035841e+01
5.247450471476476253e+00,7.025200037472714598e+00,9.991557273637393877e+00
1.206428965687572408e+00,5.482538525694975462e+00,8.898337724467491938e+00
7.580650306978031772e+00,7.907727276845527342e+00,1.013609656046964425e+01
7.650345247521011416e+00,7.987845505557452874e+00,1.038206322898524903e+01
6.681375013168224797e+00,7.777888590133227531e+00,7.784429587758712188e+00
5.650883282077917791e+00,9.716642241038142558e+00,1.456355646305244100e+01
5.515042009742075813e+00,1.033570541859665326e+01,1.183163138741327103e+01
8.258540038718589216e+00,1.240240808903280545e+01,1.579629259610739211e+01
-1.910148056120180016e-01,3.809367145884664296e+00,8.040557387197299732e+00
-3.689526555421540621e-01,4.532441039714506736e+00,5.291089228049729698e+00
3.418900852024699510e+00,7.267630971946209328e+00,1.093839899235623037e+01
2.338098931906211764e+00,3.776778120348798673e+00,5.739715899366041540e+00
3.304789555268372148e+00,4.188579793640837323e+00,8.754945759069672206e+00
2.998838698903058209e+00,7.395517322899415547e+00,1.046569239590652423e+01
6.040060036098246599e+00,8.598210035521779204e+00,9.762651837439022984e+00
5.699976231496140855e+00,9.647994016645977666e+00,9.689018578247937441e+00
2.851655806651074432e+00,5.165589264511314838e+00,9.468345150143099076e+00
3.962404982332000003e+00,7.054831654495765214e+00,1.023044586235390874e+01
5.960790142972886230e+00,6.314327271070107273e+00,7.747850918299633349e+00
2.189161215706784347e+00,5.558472243687694103e+00,5.806558749953107501e+00
1.321027905041145534e+00,2.975706672469318192e+00,4.745429490268664452e+00
1.755585940034665171e-02,2.511147804571563835e+00,4.323024066494882689e+00
4.986101853745958046e+00,7.256689541065473925e+00,9.991676273293487398e+00
2.031214133161446611e+00,2.672953340844132164e+00,3.575330414214117347e+00
-4.408266273665568669e+00,-2.457113018871792676e-01,2.053128410461808606e+00
3.126547530587277191e+00,4.902307899819494885e+00,7.071715470727890640e+00
8.400705628475527931e+00,9.274798392535508640e+00,1.047403466629850399e+01
-6.142640777534727370e+00,-3.565023064702055322e+00,-1.770390583194733081e+00
1.486699363829819376e+00,3.863979878855875683e+00,4.612503242963572170e+00
5.880734598042137051e+00,6.663076259657295886e+00,8.582791357820443778e+00
-2.819839191538625833e+00,-9.255510280616423557e-01,3.491110689562291647e+00
3.644262277519819460e+00,3.811519181213906204e+00,8.775796389476623105e+00
-3.843788708944920529e+00,9.388265871875889346e-01,3.650081340477571601e+00
-2.353315758193124552e+00,1.240473051582011710e+00,5.916746338990737542e+00
1.702749202841649101e+00,2.958718732109584693e+00,4.536871772430126626e+00
1.450575752552148989e-01,6.996809922457938313e-01,3.518911578871066315e+00
-4.446539735676366956e-01,3.525879047849769243e-01,5.006940986771748925e+00
1.537568851107675716e+00,3.695403086637421008e+00,8.293836717640800771e+00
9.429896472724216494e+00,1.045539598089458622e+01,1.392557835332624272e+01
2.709430321647574580e+00,5.947390711915727657e+00,7.945769114169870306e+00
2.113556465942179940e+00,6.605272101471810764e+00,8.779282356083092154e+00
4.872182361029936182e+00,5.864335013352523163e+00,1.074926191908400241e+01
-9.291354343939763893e-01,1.278271580598817181e+00,2.318636468987491206e+00
2.382831493278454005e+00,4.200994795685597083e+00,7.268542078371531545e+00
3.898580189906330595e+00,6.458717867963192916e+00,9.634302982114526515e+00
2.237979840320431180e+00,5.547266232912816619e+00,6.164171391477005990e+00
1.967613177965553684e+00,3.542037997833200613e+00,7.285542951774539588e+00
1.162362539015441953e+00,4.414198784782742635e+00,4.855940468913150454e+00
8.562191690953337542e+00,1.013792961844254670e+01,1.479454036529161520e+01
8.524276501356231606e-01,5.162490929552830288e+00,8.515705192450440109e+00
1.228853950532925676e+00,1.593173053215079182e+00,4.628448986153673950e+00
2.149756850051415924e+00,2.210697509249507142e+00,5.516329535097973746e+00
-4.491847083571814281e+00,-8.357893385390386953e-01,1.650428759483423047e+00
9.242326168880040882e+00,9.261359390885134601e+00,1.259440998290457792e+01
2.826508896670822502e+00,6.925209324365376062e+00,9.854546664271239820e+00
-1.289606157530399422e+00,2.256381366128392685e+00,2.707988162739242810e+00
4.865560637096783658e+00,8.442169895477704245e+00,1.151313470568578090e+01
2.034635219445807941e+00,3.689733844599980550e+00,7.116403821124054119e+00
-2.835207137398171540e+00,3.927072746489290722e-01,3.390008474643500413e+00
3.382510388946199598e+00,4.297237405528313126e+00,5.778346029321835609e+00
-2.290518149202788400e+00,2.666395709625886568e+00,4.831941579933983988e+00
3.579472604583439743e+00,3.876605222358119995e+00,8.371631776427257421e+00
-3.716315618297550749e+00,-2.851655181172715992e+00,-8.340560838527339982e-01
-2.672683384628323111e+00,-1.282688817323338837e+00,3.536688448485476144e+00
3.615886067850342833e+00,5.506378962399330668e+00,9.049963781951106512e+00
3.021288257619295869e+00,6.013203117279645404e+00,6.228078975288913632e+00
3.150522712858592644e+00,5.072096105356962426e+00,7.022205918388777057e+00
2.426674117468123448e+00,7.375840744490681722e+00,1.143548424978343192e+01
-1.937917851247408674e+00,2.345353529360199918e+00,3.912959379466073528e+00
3.828123434541466086e-01,2.028085419020845492e+00,4.606113961199739038e+00
-5.494004713592056888e+00,-2.338929049949879158e+00,1.302538390625286091e+00
-5.550754544513027966e+00,-1.446745265582087603e+00,2.919265831120682719e+00
-5.898573417417799725e+00,-5.775443863247595289e+00,-1.794964447987927425e+00
-3.934450527238525730e+00,-8.802655782733574963e-01,1.780158319063990691e+00
-9.338469071227621043e+00,-6.196137386935951952e+00,-1.786446158090010172e+00
3.915592470900697286e-01,3.118013718627890452e+00,3.928953748122726353e+00
-1.247442793127935490e+00,9.364429578487645234e-01,5.558740625644821520e+00
-1.048306142709588329e+01,-6.410642642559610138e+00,-5.395414635484954147e+00
-4.575307756927544212e+00,-1.004589003062706487e+00,2.765446043834511869e-01
3.622969645222493984e+00,5.365654630173883888e+00,7.710241450052905954e+00
-3.220394108141825917e+00,-1.016045968838367175e+00,-8.696468354376457599e-01
-7.605332574406697965e+00,-3.735286449505870632e+00,4.966435213363618040e-01
-8.851883584119676129e+00,-6.197167385723028943e+00,-5.332411971380835780e+00
-7.447108582281061651e+00,-6.207418454854341405e+00,-5.575747401058603003e+00
-2.803895275958432354e-01,5.671417440694239698e-01,4.949128712967368671e+00
-4.840421653999774421e+00,-2.439607699449795497e+00,-1.884540360196117925e+00
-3.562333215619201798e+00,-2.288606905675766967e+00,2.458900175474713734e+00
-5.168041614479074397e+00,-2.621713163782703582e+00,-4.354168217936305041e-02
-4.477451379239893114e+00,-1.849227060232051079e+00,-1.291142988391566604e+00
-1.005675542849274962e+01,-5.205187135189508929e+00,-4.782758398448436310e+00
-4.169894872420984555e+00,-6.697027669841676412e-01,-3.808786721967277744e-01
-8.197515673180621576e+00,-5.979556821087992802e+00,-1.481165456057106589e+00
-7.913681567962576047e+00,-4.071458856037505569e+00,-2.398078747871486893e+00
-1.619726253288685136e+00,1.137012576443811707e+00,1.963385854534990926e+00
-5.638014266687440212e+00,-8.574130695642503408e-01,2.685973649179068445e+00
-1.890000570600594232e+00,-1.853176571726145028e-02,1.571141210054128656e+00
3.093879742752050799e+00,4.287073490528452879e+00,8.219671236796475711e+00
-4.603578273799598719e+00,-2.430507021742542850e+00,-7.794209165204195600e-01
-6.799639253858043020e+00,-2.273530518656955657e+00,-1.522440780799652948e+00
-4.535305357303513141e+00,-3.216127886983775497e+00,-1.492299324584525078e+00
-5.136780760332833040e+00,-3.837523332590719427e+00,-9.105081264851939693e-01
-8.627162026024532082e+00,-5.622006468509878729e+00,-5.348261606091798015e+00
-3.142450613119447844e+00,-2.419805292795326412e+00,-1.427161510898601993e+00
-2.039048404410575444e+00,-1.687408061835474538e+00,-1.063598115338909356e+00
-2.797818509466425851e+00,-1.599561564538312997e+00,1.285414724005320419e-01
-6.673385903730862267e+00,-2.716840843418028228e+00,-1.627315448971403899e+00
-3.558326719301329710e+00,-2.081975620845879504e-01,8.120753583903383976e-02
-6.265077348108917477e+00,-2.973872716590213461e+00,9.997233116858250668e-01
-7.388273805539711248e+00,-4.364234061316561331e+00,-3.357272609442143896e+00
-7.642129444228230817e+00,-5.990089374916200526e+00,-1.964182630609890623e+00
-1.008733561198736695e+01,-7.927476149531087479e+00,-6.651302909889224679e+00
-3.632796438124684002e+00,1.030661244753011019e+00,4.217435527805964313e+00
-9.544942828454397343e+00,-5.516369275713298492e+00,-5.393859851181776577e+00
-7.960077857143354585e+00,-6.263394941327855570e+00,-3.968910429412870755e+00
-7.741851172072495402e+00,-4.804743401393681168e+00,-3.854883969043025882e+00
-6.941325658529071241e+00,-4.451557894933152681e+00,-1.023431056484714663e+00
-4.930059015146208701e-01,1.236374381945499756e+00,4.693585397135795034e+00
-6.673135798320954493e+00,-4.724865596461751416e+00,-2.377548584602878989e+00
3.428528726799103588e+00,4.099993229660436889e+00,7.356366059969458249e+00
-4.788631589758714391e+00,-3.667253149641854115e+00,4.769974955936078231e-01
-5.111010445280612657e-01,2.256115810706723401e+00,5.057399558782746496e+00
-5.850607973173432619e+00,-1.288225361104888833e+00,-4.512118045574575742e-01
-5.591522390220536209e+00,-2.940349000832204851e+00,-1.029323948602766770e+00
-4.173373239089103848e+00,6.582471364092814525e-01,4.621817370649533352e+00
-4.546320795405105031e+00,-7.588164722598347289e-01,2.617903084136132819e-01
-3.456651131493631901e+00,-2.270034902251850895e+00,-2.124130765292706613e+00
-4.608765546454760553e-01,2.731800255066803018e+00,4.585977164257707628e+00
-7.321602419795107508e+00,-5.761398947923442648e+00,-2.576242820368917386e+00
-1.143795496711769388e+01,-7.294516890834969125e+00,-6.629369160869004851e+00
-1.097363351557400790e+01,-6.380326246044165650e+00,-6.208970100562610561e+00
3.895049875123228755e-01,8.650366886879927719e-01,5.055677384297864840e+00
-2.541449619668378457e+00,-7.793048558060799991e-02,4.618343785773777022e+00
-8.350956316887081954e+00,-6.042691333930978459e+00,-1.412076404152102782e+00
-1.276395925890440886e+01,-1.156581113075093725e+01,-8.483563016908055587e+00
-1.012493021321935771e+01,-5.152590198490583084e+00,-3.272276158202344742e+00
-7.613555610732329448e+00,-7.606282188187932114e+00,-7.286021160777737649e+00
-1.037325640472647237e+01,-6.077958386992913020e+00,-3.618530211219475490e+00
-1.047084806560530268e+01,-7.787257073666782325e+00,-3.790126550288312579e+00
-1.353662864949236777e+01,-9.478733605779547489e+00,-7.091627065852264877e+00
-3.315101853748672944e+00,9.752020300932358055e-01,3.317326821791620084e+00
-1.012300931614534072e+01,-6.747902444275267086e+00,-6.581093288967533539e+00
-1.169566508698556717e+00,-4.795695743900445507e-01,3.777530611878034073e+00
-6.966135244635302648e+00,-5.400543133113979266e+00,-3.726823430140994375e+00
-1.146083310215432505e+01,-8.145877116459583789e+00,-5.183186362809857783e+00
-3.652408267740782755e+00,-3.241465064495839599e+00,5.873601067616269766e-01
-9.041325810576175570e+00,-5.955213663027583593e+00,-1.678554398744228848e+00
-8.092366981208218846e+00,-5.414882430963414706e+00,-3.343258251045716278e+00
-6.225259366742319500e+00,-4.368557078125966164e+00,-4.346462446895971610e+00
-7.446687141148037092e+00,-7.247766027924589238e+00,-6.591708901521289299e+00
-1.432823070184248948e+01,-9.680543768027938256e+00,-5.277291106316760683e+00
-7.461085275229617508e+00,-4.975103500254745015e+00,-4.074121533175480536e+00
-2.662409834155869515e+00,-1.931853031248546237e+00,-6.512000631946266438e-01
-1.207245639128421999e+01,-7.528842246754763323e+00,-4.921501951576838785e+00
-8.381003937622896416e+00,-4.360794712864546341e+00,-1.827022940475437895e+00
-3.350160818270772278e+00,-3.029242294140184200e-01,2.747588845922156686e+00
-5.240345462924698161e+00,-5.083656580889733156e+00,-2.857313990730180997e+00
-8.869393819863432782e+00,-4.549148634720234341e+00,-2.103655475238226380e+00
-6.809697267575161916e+00,-4.633020160937943999e+00,-2.000292289728062389e+00
-8.738909401407516597e+00,-6.835074211723365600e+00,-4.258074373977136950e+00
-8.432373668678177836e+00,-7.755649588158354923e+00,-2.915915661147480797e+00
-7.899733016720708711e+00,-7.729083316800467784e+00,-5.313046162271209738e+00
-4.690588767298842221e+00,-3.640626105342676055e+00,-3.348847075688168751e+00
-5.712139079133962127e+00,-2.453612186497504677e+00,2.472294105487700566e+00
-6.040240309486509140e+00,-2.292215539230175736e+00,-1.022112202311186824e+00
-8.288454374224526688e+00,-5.821509061768836979e+00,-5.572601281875532386e+00
-4.040916071963792433e+00,-1.382564782519447810e+00,-8.852487917479531232e-01
-7.688245655864916372e+00,-3.715207441429265955e+00,-3.431675446440861865e+00
-4.444891613366485750e+00,-4.398086783863582205e+00,-9.030159095601675290e-02
-1.931232309286608739e+01,-1.459961203732186519e+01,-1.416684191157173878e+01
-8.397805356562882295e+00,-7.003222061189789294e+00,-3.294735669527220079e+00
-1.178023706512819402e+01,-9.081969738802641245e+00,-4.335785674123076916e+00
-4.549279576984512907e+00,-2.603379521761438831e+00,-2.586765075340577980e+00
-4.262403557968146295e+00,-4.163675360620395338e+00,-1.339403080416304626e+00
-1.138769873663389731e+01,-7.627171747244110733e+00,-3.674086657395803091e+00
-8.016420388679527775e+00,-3.458835193244572448e+00,-2.313462488828122332e+00
-1.229342446594281668e+01,-8.601394939097673387e+00,-4.465904462863352187e+00
-1.160087570629863407e+01,-7.419498949059556203e+00,-5.361781104581023527e+00
-9.504389991721858166e+00,-6.374474957934201491e+00,-3.616648440717433743e+00
-5.564755638323875431e+00,-2.577325964481488096e+00,-1.167169784846248337e+00
-3.367842405531540795e+00,4.832983600112328304e-02,3.598416387307355357e+00
-6.838373193436129149e+00,-5.858631271466521184e+00,-3.640469078482373444e+00
-2.192733696178139624e+00,-8.220581477179322860e-02,3.662547427170453229e+00
-7.187242410076536636e+00,-3.854727108829676396e+00,-1.473747956008155224e+00
-6.496931655108430625e+00,-3.234275106408451173e+00,-1.919967080322118047e+00
-5.240006385280837620e+00,-4.078266973243132476e+00,-2.878668709473359844e+00
-4.568875075648874073e+00,-4.421386698949808292e+00,-9.660053921465685534e-01
-7.381823342163494672e+00,-2.452582906348028224e+00,-9.074221985919139755e-01
-6.138186755314708698e+00,-1.489019946672470063e+00,1.543693100182097488e+00
-7.426470069676867070e+00,-6.301798742971463696e+00,-6.242475557254127061e+00
-7.771003925884311769e+00,-4.152346783280554732e+00,-6.694756083202033636e-01
3.421146727730408621e-01,1.488381336740681959e+00,3.151906782435643706e+00
-7.411647568083878923e+00,-2.921413871503057980e+00,-2.135247316328897860e+00
-6.702210485235990944e+00,-2.524991144626434814e+00,-1.678873932037705297e+00
-2.222572759432231759e+00,1.860629192602543114e-01,2.680889357784015381e+00
-7.109192077655000830e+00,-4.748743845475358327e+00,-3.309096000135913762e+00
-4.541602127547908374e+00,-3.274778483077520619e+00,3.909953619127790603e-01
-2.027272701894291984e+00,-6.488881859580697409e-01,2.400688670068521269e+00
-3.541102636205042398e+00,6.920957992181810958e-01,4.877268022887591314e+00
-1.087966976362278793e+01,-1.004391272288369663e+01,-6.770224508048523049e+00
-8.092463309153556494e+00,-5.081067650076624531e+00,-3.671145095861673813e+00
-7.744734965379604930e+00,-5.787465060414406004e+00,-4.361899937268063354e+00
-5.769230863071490134e+00,-3.083905062650059037e+00,9.342319271174961415e-01
-9.786801810180413952e+00,-5.399285128259062816e+00,-1.785167162270546726e+00
-2.973839637055696095e+00,-5.565878311859977501e-01,4.233888586748572713e+00
-4.767530786207863969e+00,-1.948135728815435286e+00,4.445977148121422751e-01
-3.996976426126459092e+00,2.868916888574228885e-01,1.210008332545455811e+00
-2.252334805307104615e-01,5.641582458139837719e-01,4.476870602935592913e+00
-4.523548698180900551e+00,-1.706945463205880031e-01,1.931793619548763941e-01
-6.947767660508855414e+00,-3.127337152524363173e+00,-1.005028550451677827e+00
-5.236731890896453301e+00,-1.718097775392656734e+00,-1.043251095068693513e+00
-8.188559141251566587e+00,-3.323495377956147134e+00,1.082906092342634796e+00
-7.973890579198529949e+00,-5.944027937858904487e+00,-1.477233807192130044e+00
-3.371067468518697208e+00,1.103561167168555901e+00,3.409826291743653037e+00
-6.651463455320294926e+00,-1.917035945639718797e+00,2.967249682276709599e+00
-7.164868198549730671e+00,-6.078804503681249471e+00,-5.745471105453245464e+00
-1.521110040133636376e+00,1.346388800115105866e-01,2.578815185474004679e+00
-2.515822555186139287e+00,-2.052440561602701496e+00,-1.349142774197913397e+00
-1.232205639860301005e+01,-7.463560788711183669e+00,-3.777057807079345686e+00
-9.682781762004257331e+00,-5.308091415704130789e+00,-4.523185215305680629e-01
-5.081442079479953300e+00,-3.190720282975381128e+00,2.485994249141323387e-01
-1.278701338204200288e+00,-3.585913660535136049e-01,2.399744637806428216e+00
4.240124992595963871e-01,1.473404889160546904e+00,2.275559703656355737e+00
9.785897768166345045e-01,1.470807935441427627e+00,4.369490748261642743e+00
-3.630355723689540071e+00,1.118900272979052701e+00,1.730009247234268965e+00
-3.202913535707877735e+00,-6.913412588060582342e-01,2.743999327517895104e+00
2.201162958671809111e+00,4.680471362172520244e+00,9.239350984073869455e+00
8.845023759540877606e-01,1.715980629243299527e+00,1.836796934281278659e+00
-1.529781645263613932e+00,3.858089642320182699e-01,3.163253008240922259e+00
2.503506098655530199e-01,1.522886066906079305e+00,2.365053805538913867e+00
-5.294071292459976874e+00,-1.269882140071140864e+00,-3.270061796532010012e-01
-2.353376474728106960e+00,-1.399654349661835495e-01,4.632440117774847543e+00
-9.172668019257372407e+00,-6.109143850909211970e+00,-3.620526587131124963e+00
-2.719443682390112471e+00,-9.181925190259998537e-01,1.683734746213198630e+00
1.955859502468130895e+00,5.627394805218689733e+00,9.740030997797427759e+00
-2.350385031131236868e+00,8.988536527909080087e-01,4.850438926413357166e+00
4.381406572325943216e-01,8.802295803080109060e-01,9.521018309890563192e-01
-9.696323073806301096e-03,3.662358831469919362e+00,4.970879182610395297e+00
-2.541609859671113192e+00,1.846781392189164928e+00,4.526034780490034493e+00
-3.871801741300967770e+00,-1.479197001523740784e+00,2.384896860799891716e+00
-2.647144828769767866e+00,1.058335188989421027e+00,4.579717850939308832e+00
-5.760564023682422707e+00,-2.311059243679724595e+00,2.659207422111973251e-01
-2.879612099144906789e+00,1.752765580732551509e+00,6.205972629369391314e+00
-2.850950901021541029e+00,-1.203926193719207394e+00,2.819546502583695879e+00
-2.539086425790140211e-01,4.201633926983660672e+00,7.292908782612100183e+00
-2.784441310582330686e+00,-6.545347041753357686e-03,3.352888390931438423e+00
-1.657843901904020090e+00,-8.425406145104845645e-01,-4.058222334633303507e-01
-2.700345288360980867e+00,1.400406086474593970e+00,4.267037222001737184e+00
2.329805535059205290e+00,2.942312986735535763e+00,5.023903122459882908e+00
-3.159922077251900774e+00,-1.668750220000719153e+00,2.708639551127701495e+00
-2.039705661257958269e+00,4.963952444720545198e-01,3.383957974988270223e+00
1.305988528181287300e+00,2.482440552822983371e+00,6.477758290779688011e+00
1.638089144168124456e+00,6.288595582151255137e+00,1.025106732564361778e+01
-7.670670648035023298e+00,-5.206374932046092141e+00,-1.030930273226775107e+00
3.391464679084147171e+00,4.331259034896194571e+00,4.898327335090837842e+00
-7.503425813084767526e-01,1.440753020139724061e+00,2.348425355532759440e+00
-8.285190723922886136e-02,1.212950873332373281e+00,4.138534666738700629e+00
-1.261161635699821648e+00,7.583539332188893312e-01,5.087745331271093185e+00
6.865288340907758080e-01,1.814590561466414620e+00,6.798544056296679017e+00
3.075862955153859435e+00,4.872830034785829767e+00,7.449844288082028143e+00
8.419873627502996172e-01,1.503647911793878578e+00,4.400142975524578226e+00
3.386484859787596058e+00,8.192909331962074049e+00,1.193989822134713208e+01
3.971053303516601574e+00,5.191326104264192942e+00,7.404384658434507216e+00
1.888504130808341230e+00,4.015670700953578809e+00,4.505409538916128831e+00
-1.404230483261495355e+00,3.025020420126834697e+00,4.932300670001934506e+00
4.722263594379923823e+00,7.193561649900397370e+00,8.649800524283239866e+00
6.970236174092243608e+00,7.732214308030931349e+00,1.224276740688829967e+01
1.524938930867829612e-01,3.394812813872865043e-01,2.338878787967939576e+00
-1.836784462175243160e+00,1.816692672559669042e+00,3.360982263563999428e+00
3.694151364439797636e+00,5.924294399251026633e+00,8.746680654421602696e+00
1.952283824766425369e+00,6.927691885945462147e+00,1.071919857494979311e+01
-1.522504523212448113e+00,3.313072345571503874e+00,6.778799715518307067e+00
7.371109954162831102e-01,2.082375435878630832e+00,3.519819481078775070e+00
5.279851541356750388e-01,4.640306670971896530e+00,6.778874126955272139e+00
7.077301570818275600e+00,8.928422537834629580e+00,1.365389266969932081e+01
4.648239503662109584e+00,4.714405336015869530e+00,7.339239762025179914e+00
-2.983883418200107940e+00,8.914998682389896345e-01,4.572344949151324833e+00
3.265251590803947224e+00,5.103123526493856588e+00,7.781365085677923510e+00
7.184788313677562321e+00,7.212674787116934993e+00,9.886826135625589984e+00
1.697327614912752747e+00,4.649333746909861453e+00,9.023290434870915533e+00
7.762266871734206930e+00,8.815953220784713551e+00,1.294168178282375692e+01
4.135580360847483483e+00,7.725912914624024630e+00,1.105606723905402333e+01
3.056963108377055871e+00,5.028902229880854335e+00,6.866074137069107408e+00
1.911992880479444601e+00,5.428298992648370458e+00,1.037941506390937896e+01
-2.169643399962619679e+00,-1.428746040690969110e-01,4.450124283914482781e+00
6.162721743157946186e+00,9.095447154979996895e+00,1.343627542282930420e+01
3.471425653018163082e+00,4.557377888227829743e+00,8.368538261950270396e+00
2.512815515932596000e-01,4.425999105302384606e+00,8.586844804809015130e+00
1.314437460754565024e-01,4.055000639573100862e+00,5.575978788236655603e+00
4.542324612685963103e+00,7.152075711602593699e+00,8.650599612476952416e+00
7.572025405501521256e-01,2.472032074093716503e+00,3.978126492034729011e+00
1.559269472372828647e+00,2.980404712381027554e+00,6.447513074923849175e+00
2.597502997467467711e+00,5.848821494040555180e+00,6.870142667156176053e+00
7.413769341314506711e-01,4.198970534631620843e+00,5.654313514337343527e+00
6.146351926777111174e+00,7.154943599526122355e+00,1.089120300153576082e+01
2.634564587536031066e+00,4.448905051580181791e+00,7.295657673203500337e+00
1.007096900702210363e+01,1.107158880935023504e+01,1.414005799597983426e+01
7.393349484105574021e+00,8.433316657047177145e+00,9.267701274215184526e+00
6.527961334548181505e+00,8.460604193473731272e+00,1.241091339054830911e+01
3.783908011064591292e+00,4.666579752364829581e+00,5.251712589932703956e+00
1.360228424799271885e+01,1.376052271030179774e+01,1.584035149295393907e+01
3.876824831022119611e+00,5.286950155506670690e+00,6.747492408568164457e+00
-3.881949252896248481e-01,4.521514788686112674e+00,5.492131803211218966e+00
6.548446020094620401e+00,8.840581272691697023e+00,1.377242212888672412e+01
7.208783906659900431e+00,7.361874169769964560e+00,1.084516139314676764e+01
2.519870253438273977e+00,4.375285014705372788e+00,8.905773082764206094e+00
8.910916218991845383e+00,1.347062340762721533e+01,1.540668708732366099e+01
8.753587276376759263e+00,9.860904602778081340e+00,1.200092179428218131e+01
2.168979914107265650e+00,6.995511287179252413e+00,8.402504232781520699e+00
9.327976513865557706e+00,1.423456550503071938e+01,1.833152299401485408e+01
8.172389922288036956e+00,9.509651579968988244e+00,1.346499891538349480e+01
6.837009710982339783e+00,7.086006926642975046e+00,9.826323809414938992e+00
1.222198526193032642e+01,1.400873095777426158e+01,1.614341094969280022e+01
6.818105560463740389e+00,9.182377250835028093e+00,1.169594105183134758e+01
5.808387184369808054e+00,9.090448556814743952e+00,1.257433369572605741e+01
1.244712473601358838e+00,6.123232656693838649e+00,9.937126000316244046e+00
4.027351803233552019e+00,7.466340681817557723e+00,9.428635101471124713e+00
5.531056903826793381e+00,6.120097226263020218e+00,6.414039323491361522e+00
9.315277094634122790e+00,1.170370064625984696e+01,1.504498420939615144e+01
-6.639994552684962414e-01,2.586799801023572876e+00,7.351106901899163049e+00
9.629275063984335858e+00,1.154142493019603499e+01,1.468034399639404697e+01
3.994023862303412997e-01,4.838771495631566388e+00,6.859160278521548193e+00
4.933511213332272050e+00,7.322226977585700958e+00,1.193709145714010589e+01
3.882521753644042395e+00,6.633731518794610871e+00,1.063178121012007082e+01
1.302385795709107619e+00,5.980504976822961893e+00,8.835795169602970844e+00
9.084147053495039259e+00,9.630081898467066637e+00,1.373858166733901065e+01
3.474197411161401128e+00,7.563108238142919326e+00,8.138034209860496304e+00
2.851109352077631165e+00,5.591700110155436221e+00,8.027128287417058417e+00
3.835258141624481532e+00,8.071072805156457974e+00,9.444211967444783085e+00
3.401892394379503415e+00,5.533280935809507639e+00,8.557236159505176687e+00
3.432604943294594868e+00,6.018830906499686328e+00,1.079400227996744555e+01
-1.654143973907720166e+00,3.149142664756245047e+00,3.557005118678259414e+00
4.807700158904573584e+00,6.296935120378750916e+00,6.334609198936604457e+00
7.046257693486646545e+00,9.135559436010062484e+00,1.244625470041640902e+01
5.411132541871090496e+00,7.767556447300415279e+00,8.103465815101131398e+00
1.212297847120246175e+01,1.310275965870377668e+01,1.396921640020600819e+01
1.293991729328420170e+01,1.549555874207882056e+01,1.888395882079328558e+01
4.680512533101321537e+00,6.262139648854413210e+00,6.914439970572590966e+00
1.157693373956003580e+00,5.150681614318848744e+00,9.442490798398480933e+00
9.651636274296452100e+00,1.103407734152020581e+01,1.313781585332624502e+01
8.232744275875431228e+00,8.642399789007757960e+00,9.780886104977557949e+00
7.199700236532522446e+00,1.103470212678344353e+01,1.286069157482115166e+01
5.788574140598413464e+00,8.812035467607174155e+00,1.354295786952359393e+01
3.400907646914903992e+00,7.019096876020376463e+00,9.286357799089142162e+00
5.186507988081896947e+00,7.020909539910765496e+00,7.973544614715593504e+00
5.087560555533529261e+00,8.868260920436410899e+00,9.430387016234115904e+00
6.610763026893615724e+00,6.917731478787818133e+00,7.441874855108116193e+00
9.974374809479826354e+00,1.118890174380347169e+01,1.432451881815372730e+01
-7.057511285284534530e-01,3.600899538160731606e+00,8.564011553466238880e+00
7.468629725740456138e+00,1.112605046479061954e+01,1.185593594319372102e+01
4.488040777983179908e-01,1.837327868445768786e+00,2.497261589812619142e+00
7.287198605804149132e+00,7.864957513373068920e+00,1.070362075607998165e+01
1.873245967774063381e+00,6.406861252308321042e+00,9.828493058984848929e+00
-1.183762826136106838e+00,2.819488160165725787e+00,5.359971966951099454e+00
-1.221306323570968466e+00,1.155299199697977564e+00,5.842722030636284813e+00
3.980386166113838442e-01,4.007861806939169824e+00,6.304567359983835217e+00
5.737851477726939819e+00,7.400763710284764763e+00,7.866401175874131013e+00
1.313816121724022956e+00,5.418730676988366746e+00,6.265349141485021534e+00
1.487208352307270331e+00,4.062287498859619816e+00,7.248683695653193482e+00
7.479728767160971792e+00,1.120011929348178370e+01,1.161683708406424920e+01
3.349736265148598680e+00,3.403166960041740019e+00,6.933209439264642171e+00
6.819877576862634960e+00,9.091833950661465380e+00,9.997510750152997616e+00
-5.695557488525606615e-01,4.340581311428355349e+00,8.297352087690917699e+00
6.980229305680092367e-01,3.590588236369902653e+00,7.101123700848344100e+00
4.322164282063932994e+00,5.097281564299359857e+00,9.908407539633717676e+00
3.734874188507286696e+00,8.716709583743677214e+00,1.195893713243752821e+01
-6.524468898460984434e-01,2.689116117367661651e+00,6.211408746044629225e+00
4.281903782298167371e+00,7.610834899492004979e+00,9.803539041703064782e+00
1.106183766247654354e+00,3.809564952352092249e+00,5.223195939802957710e+00
2.057117455660622429e+00,4.291357037571192912e+00,6.471873567552034245e+00
6.335147124509530769e+00,7.775849236076286530e+00,1.170937333351243836e+01
1.098475157547937009e+01,1.303311159736110625e+01,1.579168799219514341e+01
2.936388131204041407e+00,3.716840747133818734e+00,6.091675248036883872e+00
4.737993993131256687e+00,8.545270649148619668e+00,1.076789884468324132e+01
2.593049642295940593e+00,5.381756561531950034e+00,8.890289482114734909e+00
2.883597343540623914e+00,4.828475216625768951e+00,6.594887979499370445e+00
8.969502709715447608e+00,9.398212500071757347e+00,1.230957447188788123e+01
4.868951866688764341e-02,3.583482263982483040e+00,6.489744571510499327e+00
1.162658604913306970e+00,2.580285330373233599e+00,3.891969711865869819e+00
6.552917898006231034e+00,7.350355964036783263e+00,7.585310118987847794e+00
8.545644178911517841e+00,1.068003436004246964e+01,1.148263596630178895e+01
4.616205769228347577e+00,8.070194274182842520e+00,1.287885932169831094e+01
1.154972585649414407e+00,1.522380363574517226e+00,5.987159281929560706e+00
5.307931894875745904e-01,3.819373631975100380e+00,8.120768535522476128e+00
7.750054532154360132e+00,8.524848788119221865e+00,1.305725893087899081e+01
5.459471454581922067e+00,1.024883056187353603e+01,1.478240110663576523e+01
2.182369986700175790e+00,6.109868143916635574e+00,6.561389430217143826e+00
2.499608113309626400e+00,3.603263469855748635e+00,8.168939525393509982e+00
9.047600233169488249e+00,1.019472171930346072e+01,1.193329188088889303e+01
4.695246252245345531e+00,4.947630725031234356e+00,8.088095748106386651e+00
4.511148387843970653e-01,3.267619450130819558e+00,8.076477789669102236e+00
-1.788928921269364203e+00,2.672794255164959942e+00,5.202513709475030446e+00
-1.722664070142923443e+00,1.324022445119696467e+00,3.390006545894778345e+00
1.265797385183541479e+01,1.332026953887446652e+01,1.765922251606739835e+01
6.244151389670506092e+00,8.991844294698180917e+00,1.111880491412782135e+01
2.326224685355581467e+00,2.668551715527764490e+00,5.995468757301384954e+00
7.742091522969801076e+00,9.740416051748510995e+00,1.100889538314894622e+01
1.667658091180935997e+00,6.051424450026605228e+00,6.969583621688666852e+00
3.204422952594083274e+00,5.779522324802659483e+00,9.758302417920166505e+00
-2.137117562308804786e+00,2.108256303254583131e+00,6.201783302852668101e+00
-1.859539855754710924e+00,2.623591820777809058e+00,3.335378708585783780e+00
-7.604401030650853599e-01,3.941852558892581904e+00,3.995867221373396116e+00
-3.204676977833783802e+00,-1.925156969079953484e+00,-1.504963238025864847e+00
-2.315027764791354414e+00,2.412637911066225271e+00,4.532316177895737930e+00
2.211100668596345464e+00,3.787447692987808257e+00,4.622885010642658443e+00
6.823627941771603034e+00,7.602717478973870513e+00,1.067237590918863077e+01
1.488610330188914643e+00,1.724031162151032248e+00,4.695683038308793300e+00
2.035715170445375755e+00,5.908962031439408236e+00,8.914036366233570874e+00
-6.943562881806832010e+00,-2.810669041577036786e+00,-1.484375521334748704e+00
6.383731046697041833e+00,6.769588634755320911e+00,1.037454171937286596e+01
-3.676057768155473138e+00,4.645941838008966762e-01,2.972976866628167070e+00
-6.500119631520528962e-01,3.453072736791723774e+00,5.742668514068055785e+00
3.184776163653403991e+00,4.177414333265701885e+00,6.549384421300091574e+00
2.404844729510548618e+00,3.484597974268639486e+00,5.844755828208667126e+00
1.691210651078521865e+00,2.428968446973194251e+00,3.356778804106291147e+00
-5.494951405421881319e+00,-1.080387578036076324e+00,-5.010966750082709309e-01
-1.251343030537469758e+00,-1.299716300604534247e-01,4.847628623047814500e+00
2.542011777254176597e+00,5.422104357708109390e+00,8.351200443505437221e+00
-3.690321907256603584e+00,5.345324748550610572e-01,3.156130657299847986e+00
8.014549995384947501e-01,1.910364766955768623e+00,4.022697548459689187e+00
-6.137664891389309929e+00,-2.362658623236999933e+00,1.999583568979950154e+00
3.216443216895351842e+00,4.582462341886827772e+00,5.892338662582794484e+00
-3.696780612281874490e+00,-2.058739581242896133e+00,9.223139180379922308e-01
3.147876807509644159e+00,4.540422135541369641e+00,9.006106762844332536e+00
-6.392926698015493514e+00,-1.502888754433924223e+00,1.892710858039249988e+00
-2.300946053089809595e-01,4.621403874952244806e+00,6.060656217448594063e+00
-2.574807725772804812e+00,1.501044040154910331e+00,4.893267239378699784e+00
-1.629196455132533972e+00,-3.132373018123486563e-01,1.278799099410988127e+00
3.613697331623381359e+00,6.056825664140307097e+00,1.001504234681288175e+01
-3.419422670212717286e+00,9.416886758137719138e-01,4.111423894571302640e+00
-3.652352268859782036e+00,-4.447040773813326631e-02,1.274777280336728325e+00
-4.421332350935625044e-02,3.661144425381505307e+00,6.686043490339553585e+00
-4.729217936338639738e+00,-3.614613410107188507e+00,1.136321447904809823e+00
-9.425894825393957177e+00,-6.861596778319670520e+00,-2.889286681021443925e+00
1.459124721592414797e+00,4.087188555629239772e+00,8.751872137311767830e+00
-2.708467828615533257e+00,-2.002070905426541536e+00,7.287022234262470199e-01
2.868783919581796571e+00,2.994558929881055320e+00,3.981526892571625620e+00
-9.717963507276635715e-01,4.333361722908898317e-01,2.796386527777624753e+00
-7.403492775821856497e+00,-3.302629488701374516e+00,-9.693569858689126129e-01
-8.998962796896181615e-01,1.906039717852352489e+00,6.526311521258904236e+00
-5.033732013639745873e+00,-1.251069691129440997e+00,-1.000052750052418116e+00
-4.239218756490511275e+00,-3.356905802882727219e+00,-3.165818242226391188e+00
-3.727924068285275006e+00,-3.382642764392850943e+00,-1.688368754453112963e+00
-9.169943685217791796e+00,-5.530651165886524723e+00,-4.308886702033587923e+00
-1.187354592381734797e+00,7.740767199759535089e-01,2.743450027194050289e+00
-6.295047221918663283e+00,-3.343514470207193945e+00,1.121080565617994296e+00
-5.659350316598651176e+00,-7.432138994457010428e-01,2.279840922193706376e+00
-3.810693501322215404e+00,-1.285341102129011981e+00,2.124037323036983338e+00
-7.005486858456431598e+00,-3.665330621346319262e+00,-1.045601307966937732e+00
-9.193959254026616179e+00,-5.509177759939136720e+00,-3.052820745014603876e+00
1.579242196631574835e+00,6.561534327891806129e+00,6.806520845126335928e+00
-3.499665519247400880e+00,-1.283587410410307550e+00,7.015343091176033941e-01
3.830045926690801572e-01,4.234524377403440454e+00,5.188651159440516913e+00
-8.040312309056218965e-03,2.162337177729574123e+00,5.652059861004627095e+00
-5.407962447893101654e+00,-2.392003116309045829e+00,3.336060410740455673e-01
-3.155579889090074808e+00,-9.808042270609387270e-01,2.779239774158856591e+00
-4.394396041702213651e+00,-1.162270402150858306e+00,3.211284724579210437e+00
1.561695447301914008e-01,3.821163976979409682e+00,4.523201799228146136e+00
-2.412120615806611301e+00,6.855695930164933394e-01,9.082617591523444167e-01
-6.254143066094808745e+00,-4.317288754630371983e+00,-2.257600221021491382e+00
-5.205586076244651750e+00,-9.311715590756421967e-01,-2.931302518986900196e-02
-2.880341804677077455e+00,3.373657199393496064e-01,1.299300832867541722e+00
-1.043339959062939926e+01,-5.690048834640428765e+00,-3.042564171399361861e+00
-4.310165780555387016e+00,-7.690969564129956915e-01,2.463629995972039577e+00
1.803629500340275804e-01,1.698555569883473115e+00,6.204544371999107355e+00
-8.131826317886506672e+00,-4.995582974308192092e+00,-2.443992877320483981e+00
-7.307040060415650018e+00,-4.665236593167806589e+00,-2.117839724567849302e-01
5.955861655421490486e-01,8.911835297134995670e-01,2.836493990168935220e+00
-7.942846304197425766e+00,-3.734708665102361103e+00,-3.547132430473881826e+00
-8.894485218491917422e+00,-5.698579121881239828e+00,-3.682258206181904914e+00
-1.207970805524924973e+00,-1.850534530147744938e-01,2.871970883270254848e+00
-5.334674628819091602e+00,-1.179369613841742437e+00,1.157328157889570219e+00
-3.437215201161374800e+00,-2.703528254056299929e+00,-1.172772154946486456e+00
-4.595201153716348408e+00,3.115650965287368734e-01,8.670245301480243860e-01
-3.529977679592466444e-01,4.505773329689910511e-01,5.401466572518346609e+00
-7.868100673900575437e+00,-3.457593555460986678e+00,7.805016821774835023e-02
1.887512380555638636e+00,2.642428647860809221e+00,3.845174397118877430e+00
4.986745508980330310e-01,1.399585571224547742e+00,4.554359846277526103e+00
-1.136644518762505562e+01,-9.372100748923134717e+00,-9.133205067947667288e+00
-8.033207295398041126e+00,-6.576745781765520604e+00,-2.273479651442264604e+00
-1.429821584241279808e+01,-1.031800417533947822e+01,-7.102945155493406659e+00
-5.018254090476724549e+00,-4.590536519506026814e+00,-1.765824238082833730e-01
-9.985406564404286200e+00,-7.312817520663011273e+00,-4.839937470512776230e+00
-1.085369736831838239e+01,-6.183379483407262178e+00,-6.139159348781876524e+00
-3.307939060369742279e+00,-5.284530261958764186e-01,3.427768929747654347e+00
-9.441284316084212591e+00,-9.122831942806641337e+00,-7.336971605732294677e+00
-8.413187635713146761e+00,-3.525761713114611062e+00,-2.466831454831372561e+00
-6.254881044985586058e+00,-3.598983877955809874e+00,1.313612522169660402e-01
-6.222498385557600820e+00,-4.270629123022922968e+00,-2.231262889734242805e+00
-3.999302977880207166e+00,-3.682961217363859951e+00,-2.732494475260607292e+00
-1.522539711290595932e+01,-1.082235098532801842e+01,-6.730762783244263581e+00
-8.125928313518535617e+00,-6.602735702203193391e+00,-4.694179207298582845e+00
-1.794031296586333202e+00,4.080208215238965153e-01,2.137738962895244121e+00
-1.112639258949374721e+01,-7.856834068591616926e+00,-7.792691914233475181e+00
-3.710783701864671436e+00,6.900565777428253611e-01,2.193302045505921782e+00
-1.293396856507521875e+01,-8.572101255943522347e+00,-6.300172167827086334e+00
-1.285455973733352764e+01,-8.972904778799634329e+00,-4.844005584241402929e+00
-8.791991118787349180e+00,-7.285547000631185099e+00,-4.083922955046671355e+00
-4.116726610516026064e+00,-1.079656730629067418e+00,1.300413778955255228e+00
-8.488063141703829473e+00,-6.140219757217472818e+00,-4.614203405528900959e+00
-5.049786682076798705e+00,-3.498834124036988680e+00,-7.580760826768142557e-01
-4.506931586309242732e+00,-4.345578496362503707e+00,3.227434135111071356e-01
-8.009433635564416676e+00,-4.759537020715509215e+00,-2.542319321566105295e+00
-1.110705663275767474e+00,-8.016756526063053556e-01,2.348386898009044099e+00
-2.424278865602185196e+00,-2.335565551881360058e+00,1.063770423578727087e+00
-8.465742904006507530e+00,-8.103120666386596227e+00,-4.822609717587529765e+00
-7.553049014972248010e+00,-5.523610183220005077e+00,-2.210467708971020961e+00
-1.797401519415797733e-01,5.127464759249500403e-01,1.099661021963754148e+00
-5.014865241118982908e+00,-3.777745036069601436e+00,-1.720188444953344664e+00
-1.054215715447605639e+01,-9.277002395076209496e+00,-8.866925473194259055e+00
-1.070492743294652271e+01,-9.079786941413217960e+00,-5.550982440764379078e+00
-5.027037687449206871e+00,-2.111607166530124591e+00,2.705015608567611363e+00
-4.865875467398224963e+00,-2.686267162445481915e+00,-1.022255386755589246e+00
-1.103576924502093348e+01,-7.567371606557265373e+00,-5.507577659242268275e+00
-5.659783327421613386e+00,-2.568236983755482150e+00,2.163199419076335062e+00
-2.514904438205236570e+00,-1.895829550911454220e-02,2.471916733947532752e+00
-4.323550754206406666e+00,-4.477181370699288010e-01,3.332665138845074093e+00
-2.591929260636669508e+00,-1.077202868268223312e-02,3.128297158012700585e-01
-8.061537114104240231e+00,-3.157602144831083368e+00,-1.271000039684715643e+00
-6.939193051294861192e+00,-5.355660969051115217e+00,-4.479268026303779848e-01
-1.038756200093198245e+01,-6.026885916462116910e+00,-4.375802707274651482e+00
-6.408067863671559117e+00,-4.866522584906719295e+00,-1.261751871736172426e+00
-9.107081175953801733e+00,-7.435501663478408574e+00,-6.178341847656383834e+00
-1.077490762993250506e+01,-5.876553395296193472e+00,-3.048002206376692946e+00
-4.775169795426102759e+00,-9.626816891513820806e-01,2.602593109308072084e+00
-1.338042903142127038e+01,-9.602799058170706559e+00,-5.085849177252989683e+00
-1.188714705038069930e+01,-9.383305385911498320e+00,-5.616414489603824833e+00
-6.237653054724566104e+00,-2.253583883109209651e+00,2.478339044370894584e+00
-9.343231561609531610e+00,-5.777748046346160571e+00,-1.314669049421764768e+00
-1.095958182921854274e+01,-1.048439132821873443e+01,-9.853908358678340917e+00
-5.661613917075483116e+00,-4.869882969523770200e+00,-4.145817609306577722e+00
-5.712449221758928886e+00,-5.274855159752209310e+00,-4.661986230820870603e+00
-1.091010375377118180e+01,-5.930552329434547687e+00,-4.569627181682268002e+00
-4.943435905518168916e+00,-2.553195369792187641e+00,1.554881477885062147e+00
-9.172652126325328226e+00,-8.581128755885902848e+00,-6.994303724342033846e+00
-5.308467082879834820e+00,-4.512036981791855084e+00,-4.199256401654821502e+00
-9.955360419080669487e+00,-5.151593515928126976e+00,-8.598043358371114664e-01
-8.767614333569945018e+00,-4.371124359218654831e+00,-2.772369355676840286e-02
-1.041816800194796322e+01,-9.645333830820653986e+00,-5.720349349650126314e+00
-9.618515261345233824e+00,-5.979159252508809530e+00,-1.352082450385898582e+00
-5.409226656851707560e+00,-4.312615295535874083e+00,-2.242393361157601461e+00
-4.182081495154345241e+00,-2.707438931584941422e+00,-1.417849840000940054e+00
-2.010928575633495363e+00,1.250979861980693997e+00,2.070696610967889484e+00
-4.150001397288216154e+00,-1.825965799122318600e+00,1.407236438011667978e+00
-3.465784663466051185e+00,-2.814269328115837521e+00,-1.529368641427148345e+00
-5.172401114291110602e+00,-3.355708247694537683e-01,3.641575833583469812e+00
-8.396846647501366334e+00,-5.012073266064419386e+00,-7.322272305579247131e-01
5.423604906134690262e-01,6.122027513079411065e-01,6.425749233085106260e-01
-1.408952570356063472e+00,-6.391193904777110468e-01,1.837166206611160479e+00
-8.130191496940772922e+00,-5.280322961111506785e+00,-4.711880303901200051e+00
1.523584127885672324e+00,1.885012227139072571e+00,6.026682882623478399e+00
-4.810981901436868213e+00,-2.488639494071576141e+00,2.473832634873038838e+00
1.661690616055332193e+00,2.808423911620410607e+00,6.044429472119551505e+00
-6.822377570023713034e+00,-2.800436742368686005e+00,1.562754037695062159e+00
-6.865349487958775754e+00,-5.333754410595810569e+00,-4.367352496059729638e+00
-7.017528171228782696e+00,-5.887055304632255570e+00,-2.553341456949669741e+00
-7.198323509988872715e+00,-4.586674319127930666e+00,-1.591717405980537681e+00
-5.269507750456559947e+00,-5.166864660547625832e+00,-3.211998615195614803e+00
-1.121649367462869140e+00,4.290929629622008967e-01,4.747999416684724139e+00
-7.283958877541238053e+00,-3.402665431292782205e+00,-1.254806109494315258e+00
-1.123972627073089825e+01,-8.087078365308599359e+00,-7.848681396599615390e+00
-5.720140923716867221e+00,-2.533883669758699497e+00,-2.047858692986477713e+00
-6.292977651018009766e+00,-2.722883746422949613e+00,1.463084962449174853e-01
-5.932899971334908429e+00,-4.430433758123877297e+00,-2.576233776511499762e+00
-2.596164688580423707e+00,-2.145706776414643357e+00,-5.317644243413441885e-01
-7.837604128258308656e+00,-3.003389576777196091e+00,-5.724652636913001302e-01
-3.262277649496113430e+00,-8.910730392368821917e-01,2.255070905710862217e+00
-3.409711985106656851e+00,-9.874929364242537311e-01,7.900525623906304862e-01
-2.234166099625073176e+00,-1.536558229281443033e+00,1.615017961552535297e+00
-1.019008415492263708e+01,-6.445472041025918308e+00,-1.829958776113814523e+00
3.876614149605430715e+00,3.891683432464796422e+00,4.224985488534741762e+00
-1.154566423908367767e+01,-7.048635929202002437e+00,-3.892858231604079400e+00
-7.470544538912770705e+00,-2.680993156751991346e+00,-5.267701861416438369e-01
-7.574688506863077819e+00,-5.491252655614541567e+00,-3.769929758627683203e+00
-1.645045633562493448e+00,-9.309510142139125755e-01,9.622135305249313042e-01
-1.688955918208790763e+00,-1.615713217240601018e+00,9.308532071276731656e-01
-6.683222951448594351e+00,-2.447171915857367708e+00,-8.411881474042939288e-01
2.230295573257240260e+00,2.703496355864024814e+00,7.572302972633808693e+00
9.227973330316300293e-01,1.567685377436759175e+00,4.211172861334255835e+00
-6.692116529377017287e+00,-2.646188093106419004e+00,-1.384462056130080221e+00
-3.366012385036804666e+00,8.414353144413508900e-01,3.626561017975458157e+00
1.558152540858480428e+00,3.217830940264069461e+00,7.546277020917083078e+00
-1.186559456670323254e+00,1.923441309894430962e+00,5.000363442833183569e+00
-4.212853212933673319e+00,-1.692804627251058180e+00,-3.191171915823947103e-01
-7.482108533207366463e+00,-5.957806302598644521e+00,-5.517410938301491541e+00
-1.333561623146237718e+00,-1.149430922325116455e-01,1.274182337968649659e+00
7.221960016394756154e-01,1.015703464796798183e+00,1.567277148192413483e+00
-4.550770709530218561e+00,-3.199505766841699739e+00,1.867568487567528024e-01
-1.644038010633247726e+00,-7.228630554771173777e-01,1.886384943962217786e+00
-3.477868345587575405e+00,-9.383520181099311852e-01,3.231838380008350775e+00
5.290587367276589070e-01,3.574877763685607501e+00,8.159873157154812873e+00
1.934716110571130798e+00,5.075222957148138647e+00,5.202801146144389932e+00
1.234549948670712993e+00,3.142010308145745334e+00,6.637250188426309094e+00
-2.912783665120652454e+00,-5.371741930231818118e-01,1.559815156084722432e+00
-9.145766392085841190e-02,3.266270490558448536e+00,4.694934888816438168e+00
-2.671302671572706622e+00,1.873587486886477249e+00,3.939305491839397710e+00
-3.349022415594206326e+00,-1.929333610065426252e-01,4.718732971844434410e+00
2.486487984985229716e+00,6.413889134755371479e+00,9.072004928612827257e+00
-6.268942792487871785e+00,-1.972004851240695578e+00,8.301837411048686999e-01
-4.880948839269949602e-02,2.159457684746996176e+00,6.526722409736972708e+00
2.836632973136674618e+00,2.972409757591389479e+00,5.009740441407434020e+00
-2.017448603194255341e+00,-3.024862703480246662e-01,3.267945261462385176e+00
2.281030033891032982e+00,2.343961109660101183e+00,5.648223503682471502e+00
1.877990716362577084e+00,3.609796895985468268e+00,4.099263791199991402e+00
-3.287496235848060167e+00,1.614157672829786394e+00,2.675301362083642331e+00
6.591996977086265197e-01,2.404849342446794491e+00,3.440082288843691494e+00
-1.899064487257228873e+00,1.410891499202882038e+00,5.323473069543662284e+00
-7.087147697560736148e-01,3.594489403451831322e+00,5.149480493172649886e+00
-2.000379301746383121e+00,6.223876559111982676e-01,3.938675780192153475e+00
-2.666248134898089539e+00,4.813567407038654711e-01,4.061492708782892258e+00
-2.262779538404088964e+00,1.585856979819684653e+00,2.073223760176204244e+00
4.341022612029754590e+00,5.182577735488079540e+00,8.854182983058525025e+00
-5.886565064153271187e+00,-3.503187394603923366e+00,-1.368018439241063255e+00
-3.159171046174025665e+00,-8.819704207860543654e-01,9.781596463707473710e-01
5.825218352470168170e+00,8.780555915375131804e+00,1.039718362865201229e+01
-2.983167161887805285e-01,2.885760286765713278e+00,3.898945864359747659e+00
-2.842599073224113315e+00,9.458454948546686225e-01,4.853845367725922344e+00
1.765441358883304446e+00,4.658045440006534754e+00,6.504662753754253401e+00
-4.729150595515285715e-02,2.469136022915519035e-02,6.323537224857220806e-01
-4.221032376681819187e+00,-3.822597312738481357e+00,-3.771572186994151643e+00
4.475069709569767795e-02,3.655849556600212935e+00,8.436183356282182189e+00
4.485890853908163223e-01,5.044304118848912388e-01,1.067883420862210997e+00
-1.197475148733492922e+00,3.105904148015863342e+00,6.548415395397070959e+00
1.870927699403076350e+00,3.894479681884591038e+00,8.858462269221167418e+00
5.686202317972020026e-01,3.436726940747177217e+00,6.784722004494318170e+00
-5.278860745253806996e+00,-2.012978911076243715e+00,-8.994707606317731141e-01
8.553537633959695796e-01,3.295975812283430173e+00,4.378032305035057803e+00
2.106208924442082520e+00,4.653531575480200466e+00,4.807437669523231705e+00
-2.688219348436230227e+00,-7.784234641777678654e-01,1.082626900264574754e+00
-2.492485012222020124e+00,-1.034331902962896343e+00,-6.381871921367107126e-01
-3.437910020459279625e+00,4.169252808529004817e-01,2.519199602293060725e+00
1.894583570230477854e+00,5.964449464036695403e+00,1.014308565364449066e+01
-3.239306465821640835e+00,-2.171319516312692599e+00,-6.466894731857308898e-02
2.806838516144824602e+00,6.411708542190001303e+00,8.909189310564483932e+00
9.212298729307804024e-01,5.196571024945635386e+00,8.054416063512668700e+00
1.972383617248181231e-01,3.345143201017650725e+00,7.280260523741176826e+00
-8.389055348444856008e-01,-2.277949967019292643e-01,2.693446192888344193e+00
1.493158036521747167e+00,1.920307380342485271e+00,3.223062998027677928e+00
5.687322416981272610e+00,6.750180949104166217e+00,9.585561402413368626e+00
4.049005959174495572e+00,8.268517851126759410e+00,8.932565898879339272e+00
-2.344768535299772694e+00,1.497214102935651603e+00,2.212544730049395891e+00
7.160554144323583614e+00,8.108912708565718219e+00,1.269361369484104785e+01
6.783353764352707316e+00,6.831999541885980243e+00,7.817719748053673534e+00
3.766138523740927724e+00,4.843918980133019581e+00,6.253321797037902030e+00
9.228417565657496269e-01,2.739900292037930285e+00,3.255790351231591551e+00
9.550113200778440614e-01,3.297282719493013659e+00,5.294034556312459117e+00
7.472464601958218822e+00,1.059713365653446715e+01,1.493472182687797378e+01
4.260903142929639564e+00,5.749504443609092519e+00,8.481943314907065101e+00
7.431585109058786998e+00,9.288471959759711183e+00,9.489723365201360394e+00
2.001701640709532271e+00,6.107078461344997322e+00,9.278160661304688972e+00
4.095811851592792152e+00,4.106673203469207500e+00,5.354532904482290689e+00
5.753253450599285834e+00,7.298200475544169841e+00,1.135585817819987753e+01
8.295808487337620107e+00,1.209937453937110874e+01,1.408009380004870614e+01
2.985500396303835569e+00,3.772211477697061444e+00,5.702372240603933662e+00
4.472858122479612675e+00,8.523589734474363411e+00,1.078554653605762859e+01
5.850287081815297441e+00,6.429638023244573120e+00,6.622375385249859470e+00
-8.230735304876191094e-02,1.584369008401721679e+00,2.326183063505952386e+00
-2.134430621689397345e+00,1.590775270618864035e+00,2.984559340719340703e+00
3.352941337734396399e-01,4.722559288570586489e+00,7.809305735451044228e+00
5.223389832757907136e+00,7.191708631829634157e+00,1.024199640345275242e+01
7.377821933582104030e+00,8.853691798744268482e+00,9.560311193933161533e+00
-3.247147120337226411e+00,1.573740854279771284e+00,4.389548082028191800e+00
8.274396090891350752e+00,8.311036697165373965e+00,9.862607728643252969e+00
5.265132319117962645e+00,6.062804789746269130e+00,7.353721355693962458e+00
6.212828759758725283e+00,6.491406358426399237e+00,7.716834498299141032e+00
4.894238722418072562e+00,8.309319225081988947e+00,1.241236696204075685e+01
1.010533907051911662e+01,1.184229915868162664e+01,1.445462790142377330e+01
7.364918037223851854e+00,7.573871021774755796e+00,8.027875023897269813e+00
-1.094781757684346601e-01,2.650142533698531366e+00,6.853027087872272993e+00
5.774972406891451193e+00,6.214912232161298178e+00,8.307645575091369139e+00
4.534716672617615352e+00,9.386840011868351041e+00,1.308080273874398891e+01
8.550196010710076067e+00,9.538212112111112972e+00,1.096408344794029155e+01
4.191998068113368170e+00,8.931579230470489961e+00,1.003651769584476128e+01
3.248865007404547534e+00,5.453401917358229767e+00,7.231452185293483659e+00
4.775650590843891763e-01,2.927759218929051777e+00,4.110660153760131941e+00
5.504082264754242892e+00,8.845834414576017934e+00,1.001878934542154909e+01
4.684924854786629567e-01,3.478999257227859854e+00,5.267845814710187646e+00
7.986070411886456277e+00,9.243451071519031004e+00,1.271846422465170612e+01
4.459092234195349391e+00,9.285291126496311165e+00,1.363216833435192399e+01
5.407456997061935944e+00,5.841633959660543773e+00,8.113702900599053081e+00
3.470985937455695947e+00,6.944885668222888775e+00,9.757964875170419106e+00
4.282349660394709545e+00,7.914133826077275558e+00,1.278973453508356251e+01
3.796373144868227190e+00,5.507732193892337591e+00,9.362097989266866094e+00
2.769096718620966513e+00,3.239453305805329641e+00,7.588194471901073435e+00
3.405223188329356443e+00,7.297384400135250360e+00,9.902221695149334479e+00
3.533744112390218461e+00,7.638911462441024369e+00,1.097202868871550763e+01
8.792810008987776982e+00,1.155394117268455290e+01,1.628394373230321079e+01
4.498688287139768427e+00,5.150014372192659451e+00,1.011485273160091580e+01
9.952704818297002376e+00,1.072486920361063412e+01,1.312574901354007118e+01
2.942699015246506900e+00,4.099753999529275106e+00,5.459322246742388529e+00
3.677629997272955364e-01,3.526922854964275267e+00,3.700473568897831633e+00
1.972354650572301082e+00,6.676088544001521186e+00,8.074199163495736187e+00
3.409406532196642026e+00,4.772069358772928815e+00,9.089888008379025663e+00
-2.909421406489287598e-01,3.533238792487745528e+00,6.891848447425523716e+00
1.272273981023987410e+01,1.345453206325335671e+01,1.730261565878336327e+01
4.473383037787677097e+00,6.277214494436125669e+00,1.124665773108513278e+01
1.121859496701422998e+01,1.457484269214140937e+01,1.875430806448303400e+01
9.947342458140537858e-01,4.663660704137312152e+00,7.634852417861411666e+00
-1.054289113649221843e+00,2.527306156927465075e+00,5.514725302114241501e+00
1.127405789697147043e+01,1.153005085021127485e+01,1.325766655350023449e+01
3.895511161111367748e+00,5.477598755003601383e+00,9.047464795365506518e+00
5.192837711363660347e+00,8.073703715511362233e+00,1.112614772901139304e+01
-6.470135233075904324e-01,3.587894382777934155e+00,6.214430077318320755e+00
6.444909462611057016e+00,7.536295461641583593e+00,7.598493845865299967e+00
2.732261825416383516e+00,3.529749492872096717e+00,3.682644949533446788e+00
6.229728277060356589e+00,7.415052869777229105e+00,1.059003882560554821e+01
5.448186896588896211e+00,6.205281677273084995e+00,6.614897826110063939e+00
3.452073531772862580e+00,8.306346465151957403e+00,1.329087158478951736e+01
6.294126967962929697e+00,9.479244529374135197e+00,1.002207649764663344e+01
4.202601521680250585e+00,8.310204682164764378e+00,1.100627314676125934e+01
8.012702194330485028e+00,8.923070211824706277e+00,1.180153119040504173e+01
7.027064523367740456e+00,7.223975139733825657e+00,1.208633069043096064e+01
2.094614413795849117e+00,6.224441909512952620e+00,7.528326496784188748e+00
6.823707844541621270e+00,8.918267305033023007e+00,1.089468520753559133e+01
2.841805248755146174e+00,7.149276108972775212e+00,8.922447931439624114e+00
6.997699932760509611e+00,7.237600765851445850e+00,8.311045014869964831e+00
7.545037263304208430e+00,8.622885550629987961e+00,1.336909079061191896e+01
-3.199311899361934053e-01,4.300342650111414144e+00,5.803309085072184459e+00
1.164355305285462450e+01,1.165738855340256563e+01,1.424237670796555122e+01
2.601088098701400231e+00,6.587287708065400871e+00,7.930312617799302188e+00
5.477730534917469640e+00,7.672950665164887774e+00,8.536896687998529742e+00
5.493176039230736052e+00,7.130152386812013354e+00,1.092441740114646542e+01
7.042106151831444727e+00,9.183512525033883378e+00,1.141986674384921407e+01
4.254920982328270540e+00,8.202679215285673564e+00,1.201754292684794478e+01
6.057740230544258253e+00,6.993504204106140598e+00,9.069865101184694467e+00
7.201694161174816422e+00,1.144598334223804059e+01,1.372967175446055244e+01
-5.864372286236172016e+00,-2.555554871600932643e+00,-1.025744125049287359e+00
1.043780267016608754e+01,1.073559547797581004e+01,1.156009063570645168e+01
7.711047790688014381e+00,9.719652251418464672e+00,1.148698739336304797e+01
-3.076856257294934949e+00,1.401347546660694832e+00,4.129460899057815659e+00
6.509034109812566804e+00,9.644811095283099434e+00,1.308822466876399737e+01
7.320786071872228185e+00,9.978915723840518837e+00,1.382714407069869544e+01
4.518257165952289434e+00,8.433759587615069719e+00,1.019068944652850739e+01
1.590656846860822871e+00,2.014582614321997589e+00,6.946353756038829985e+00
5.468512298390074911e+00,8.681615801002024568e+00,1.222619616681827992e+01
5.812035004357702483e+00,9.595515036958875754e+00,1.266033214549286967e+01
2.441536275706313042e+00,4.796043623185057392e+00,9.719392094481962729e+00
4.135006234709582174e+00,7.773293285054785784e+00,1.200253709283721193e+01
3.127628354009686529e+00,5.326005211619261104e+00,9.849892707072992692e+00
5.315269403373566348e+00,8.976024664781355966e+00,1.270666461700928807e+01
4.877529306670647102e+00,5.312185525332928648e+00,8.399469052598673713e+00
2.767648407919789388e+00,4.443732082283258222e+00,7.788740411514448958e+00
3.155090522012395482e+00,5.996161068552996021e+00,6.552108602111517577e+00
-6.322700645232721683e-01,2.017668649307426953e+00,4.273960848833290527e+00
1.671865168764431253e+00,5.554082628682442291e+00,8.067273983634933643e+00
4.576150344659768443e+00,6.981961182656943876e+00,1.057941607411916607e+01
5.087148515644055458e+00,8.430087966408441602e+00,1.338935985957572861e+01
4.730539217973377397e+00,6.490302721698715693e+00,9.932085565524186421e+00
5.312750733741836706e-01,1.367567852622660673e+00,5.390371638797899934e+00
5.712089385528082097e+00,9.642867478078084531e+00,1.327197090354062858e+01
9.218721602580860264e+00,9.813975427270452911e+00,1.475169836473114948e+01
1.048382916705548062e+00,5.761435933905717732e+00,7.611893344582802534e+00
1.983767865454377777e-01,3.084956208733163674e+00,7.529391059442829714e+00
1.188591439184507603e+00,3.661811391812967997e+00,6.657628091535072734e+00
1.544629991421317516e+00,4.560844287342482595e+00,7.807119126090285022e+00
3.043548745591542648e+00,5.921050541186881233e+00,7.950771655854745212e+00
1.386739201010223965e+00,4.084136025160839623e+00,8.441349434144191477e+00
-1.986601843985015492e+00,2.333914884382734201e+00,6.196643618686931809e+00
5.818019868540621253e+00,7.888557903153981421e+00,1.181842066252163548e+01
3.561546626590662346e+00,5.500828362538714877e+00,8.821171849791705100e+00
-1.356825100658110905e+00,1.480315596370751940e+00,2.980438931153253979e+00
3.154478248158913978e+00,5.418869640440132862e+00,9.570678436830331037e+00
3.733663753497236115e-01,4.937130416154396961e+00,5.963607561402833213e+00
-7.803446411796555182e-02,2.203039585012042334e+00,4.370567375780181507e+00
5.402080186394256245e+00,7.847156672435628977e+00,1.273028501012340286e+01
1.976928408796444270e+00,4.570640974497593767e+00,8.721024415493502602e+00
9.957436649138085016e-02,3.419259736395800608e+00,3.955214244978313864e+00
2.427607645452551921e-01,3.721044770014150238e+00,6.956340593506205039e+00
1.412504255333601133e+00,5.204848728827912829e+00,5.577091336903592378e+00
2.350890755882337757e+00,3.557428555697214723e+00,7.403872004464006729e+00
1.579449875903602640e+00,3.432529740455533496e+00,7.986624524565907990e+00
4.183216960494194225e+00,6.771569005332882973e+00,6.776704673180882210e+00
-4.276845098988669491e+00,-7.826652843658079561e-01,1.784654571949303214e+00
-1.969318779392079888e+00,-3.838470001484153293e-01,-2.816435081323650502e-01
4.605657026186435132e+00,5.599388188312926395e+00,6.407357779949936827e+00
7.498913724286277116e+00,1.041318444638709195e+01,1.426095454892578829e+01
4.518708095954818482e+00,5.691740180023598050e+00,9.180355851161339231e+00
4.051890071171186491e+00,8.551011363946217969e+00,1.165894147066895847e+01
-2.327293668811502236e+00,1.550944461053876955e+00,2.572101988655026705e+00
4.633715781685844304e-01,8.380641879216361723e-01,2.665003194136275066e+00
4.687261734601260166e-01,4.013760797821946724e+00,7.444253744397384409e+00
6.242017985640773148e-01,5.399598004289115849e+00,8.549490103122199258e+00
-3.558266480769014528e+00,-1.501844175803767278e+00,2.483812957460868276e+00
9.216701745420748937e-01,1.687009732745802459e+00,5.752121424487688373e+00
3.095477152889041239e-01,2.139200044114085042e+00,2.909250089225297931e+00
-7.337136192136317625e-01,7.698950097862367059e-02,4.994976977459034018e+00
-2.796037035028232864e+00,3.200767776748187909e-01,1.191399749285224630e+00
3.086104752303504117e+00,4.428917442354952883e+00,6.289316287813008444e+00
2.922089801743138260e+00,3.201587153007518616e+00,3.743665735074362289e+00
2.718293210810482918e-01,4.080600793074744992e+00,8.014970641178768673e+00
-2.352669201735629212e+00,2.588503855087241678e+00,2.926485781823008558e+00
-5.595226794427274442e+00,-1.149304736321681952e+00,4.367754918987432067e-01
9.930911143154337317e-01,2.632344043046436433e+00,3.268755302448724365e+00
-6.532159194060286111e+00,-1.600658309336590701e+00,3.304287875206776359e+00
-4.111154406524274663e+00,2.129936371654446159e-01,6.668940703916271806e-01
-6.276027620971048826e+00,-2.067779492424870469e+00,1.105290473239164406e+00
-1.542749963396538693e+00,-8.988727336251247646e-01,4.099160526071841115e-01
-2.347926190974655380e+00,1.098194466516346335e+00,5.115398338420149571e+00
-4.893007009638225213e+00,-6.525717797558546751e-01,2.066579425538740189e+00
-4.709338178434681943e+00,-2.036238595354825431e+00,1.384806468951421454e+00
3.161499911025345000e-02,3.920227745275792763e+00,4.773156651452899801e+00
-3.657271796168483746e+00,4.191650158797993742e-02,1.750349447366546185e+00
-3.207728186953656913e+00,-1.288935082341945204e+00,-9.003702579629355718e-01
-5.999962239766212235e+00,-3.057858428424868436e+00,-2.590757940751644117e+00
-1.009747021518396792e+01,-5.531792196599683464e+00,-2.426940665296579702e+00
-5.638109437220503395e+00,-6.867001616295722588e-01,5.415606015234544213e-01
-7.657543723851294004e+00,-4.259540904523106519e+00,5.626090371026801762e-01
4.144644087218747330e-01,1.907355730280265282e+00,2.388968972730733054e+00
-3.413544203183744408e+00,-2.436613195757539319e-01,1.586834514251038941e+00
2.874796242291497883e+00,4.240084410842145601e+00,9.208022664559198489e+00
-3.638636097676825720e+00,1.319105828397793001e-01,2.558883747901967709e+00
-3.069037895024916196e+00,-2.819020908110085433e+00,-1.860942520540708411e+00
-7.874088552062119994e+00,-6.380196425697240770e+00,-3.944213417865815252e+00
-9.072781944068348814e-01,1.578971013417962865e+00,1.702637829534325187e+00
-9.554104749213717440e+00,-4.837323399128845125e+00,-2.123287501936314658e+00
-2.362667562494793039e+00,-2.264031727567865637e+00,1.242644243309860119e+00
3.527517347601753173e+00,3.884274907189179338e+00,7.490127031565332771e+00
-2.910136837870153315e+00,5.973255662687284584e-01,5.521941386628085091e+00
-1.873063904886208775e+00,-1.628768098459745239e-01,5.587596479350673828e-01
9.451137542960887927e-01,1.404460117522507101e+00,1.763090468388480936e+00
-2.854214691957845496e+00,1.197451317636217816e+00,4.790191666774836321e+00
-1.754754535824244677e+00,3.124821547810208600e+00,4.670751747889097416e+00
-7.533488407198730918e+00,-3.517976141224516518e+00,-3.052905663998346064e+00
-7.453383404297799331e+00,-2.933983942206040307e+00,-2.674832398158192959e+00
-8.602041815777113243e+00,-4.662624403736622014e+00,-3.125846779556667343e+00
-2.990086010643502767e+00,-2.084120977891736892e+00,1.438451660690974077e+00
-6.951665650694600629e+00,-2.472275491831991800e+00,1.348354705084446881e+00
-8.994448125294457697e+00,-7.428948399931927682e+00,-5.661095125457246802e+00
-5.159770236557593037e+00,-4.213247262112689739e+00,-9.293929770749631558e-02
1.443970132219460911e+00,1.979438303865010962e+00,6.495507940208762321e+00
-4.696210469873505211e+00,-1.690539234771498256e+00,1.253735543713485834e+00
-4.550192376636365665e+00,-3.610850361541397824e-01,2.976581220819215723e+00
-4.473064281071967407e+00,-2.951867989880562426e+00,-1.204292379296429516e+00
-9.198551254599587779e+00,-8.333280298976408318e+00,-6.012964089482323971e+00
-3.689235475839449663e+00,-3.138461647112561259e+00,1.267208895218097098e-01
-5.529271151240864324e-01,2.932170904459354688e-01,4.612875955848860343e+00
-9.969296632392403268e+00,-6.466983697750990245e+00,-2.009427425094712838e+00
-1.180748134248073677e+00,-7.455931963136226415e-01,3.246953476197388166e+00
-1.257170142183711903e+01,-8.167677796695404169e+00,-7.944828752155146390e+00
-8.071134457923566430e+00,-3.075754681917683531e+00,-1.572533101126521560e+00
-2.634175549598264610e+00,-1.575569478552758973e+00,4.989566377333964908e-01
-4.260065048412204902e+00,-4.216888087605478397e+00,2.126435423636623412e-01
2.724375919490577225e+00,4.066830332303605466e+00,6.674787833845573282e+00
-8.016574308606374544e+00,-4.898776710517114275e+00,-9.433177315189675838e-01
-6.472672790604777404e+00,-5.221642224500582685e+00,-1.635910387476305683e+00
-3.526956996058442595e+00,-2.938652590847749213e+00,5.825232485966655993e-01
-1.047778860563117220e+01,-5.881310942843390066e+00,-5.456179601077263186e+00
-8.586689711285004023e+00,-8.003175707208754375e+00,-5.217038207555273033e+00
-7.265435723669817492e+00,-7.033433611954889031e+00,-6.096481065510143793e+00
-2.477157869824052838e+00,-1.526197187900807606e+00,8.800401257557055601e-01
-6.015598586779802304e+00,-4.773163440227466303e+00,-2.395549162379478236e+00
-1.414785026098380527e+00,1.191093915298730543e+00,4.844315852983502424e+00
-1.002368291431887393e+01,-5.293721940614657839e+00,-2.774985858783217463e+00
-3.666956923630865006e+00,-1.891930196169596456e+00,-5.984131309151294875e-01
-5.716057382438213708e+00,-2.542771324917569409e+00,2.171814232709610160e+00
-9.317232834489626470e+00,-5.493958275620797416e+00,-4.463445116178908378e+00
-1.127701959548527810e+01,-6.810498942307845027e+00,-3.132932401886645124e+00
-1.005611717720790566e+01,-9.416392871026115330e+00,-5.852380793131303882e+00
-4.053635760053428960e+00,-2.606858473022295897e+00,-1.498751863717471267e-01
-2.216153235756431528e+00,-7.149966652993375860e-01,-2.947004755941887710e-01
-1.296434395928780248e+01,-9.121426035871007088e+00,-4.978007242330386717e+00
-6.663012693356296090e+00,-5.503117686552693399e+00,-4.304927096955049493e+00
-8.580754180460342440e+00,-6.430965539417142551e+00,-2.373618943900238420e+00
-3.199138544762972547e+00,-2.812798184529199830e+00,1.230758581952366981e+00
-1.010143013660520950e+01,-5.487815331827342824e+00,-2.680294492877806078e+00
-8.680707856479409346e-01,-5.661133781009670685e-01,7.816504211804047308e-01
-6.276601205841523701e+00,-5.719668835314665856e+00,-4.423250981567552031e+00
-1.236421089859278410e+01,-8.305300851132264128e+00,-8.026961904992608865e+00
-7.449564080321421145e+00,-6.030445906061464356e+00,-3.445692092934007356e+00
-1.009616805774851045e+01,-5.725963175318737441e+00,-4.476052345733866566e+00
-6.987747021099899314e+00,-3.096111238415482525e+00,-1.782658647210308978e-01
-9.199302085439935439e+00,-5.817454998541465194e+00,-1.508611760668011392e+00
-3.529361712491660086e+00,-3.397283443966413685e+00,-7.486160459489683561e-01
-1.084395425499324972e+01,-7.107883219840463340e+00,-2.684867938844979207e+00
-6.300965483625112995e+00,-5.637494542186219704e+00,-3.930236353585699227e+00
-7.516552022896212826e+00,-7.123773064420412027e+00,-2.949102645375997866e+00
-1.160879960035542879e+01,-7.321967861257210330e+00,-4.904041286879188277e+00
-1.073054908836428956e+00,-9.690784421216354083e-01,-4.580876958346747907e-01
-1.007045419290527555e+01,-6.948663595523076886e+00,-2.035567666108299534e+00
-1.004826225331860456e+01,-5.853941867121817744e+00,-1.864330786939727869e+00
-3.773170730632070313e+00,-1.683321325818573300e+00,3.242739934913864808e+00
-6.696154721543660315e+00,-2.571290467237142607e+00,-8.930263594169334240e-01
-3.642439633507028596e+00,1.000155108345506250e-01,2.262630108029110687e+00
-6.677941227386124723e+00,-3.375662876506963173e+00,1.474606407344077219e+00
-7.856137457055562656e+00,-6.623879680719625185e+00,-2.648868725781339251e+00
-1.599883334094354126e+00,1.351988271806088271e+00,6.101842838024630566e+00
-3.740436235172096779e+00,-3.068119685402384889e+00,5.304278088235996336e-01
-5.457283521685740268e+00,-5.271517766512809011e+00,-4.038750363441447888e+00
-6.230533222968132279e+00,-4.626260572637542090e+00,-2.464981770177375520e+00
-9.076696081316020681e+00,-4.250196195692041101e+00,-3.912189187044575966e+00
-6.330935978992415336e+00,-5.486021657226201498e+00,-4.470785526298975299e+00
-1.100884652616661441e+01,-8.888863014588746836e+00,-8.585363668868177811e+00
-4.692110272350095812e+00,1.349874603752487801e-01,2.934245916266358112e+00
-8.859166015432906605e+00,-4.792731500820048396e+00,-9.302393479999810921e-01
-7.461098396543341948e+00,-4.156972716435801907e+00,3.650743767193072031e-01
-2.963366883107526384e+00,1.548551677680989336e+00,2.187410826005076192e+00
-1.122198769058531020e+01,-6.712346194964142754e+00,-4.092891018049601648e+00
-4.011191493227723726e+00,-2.670842925818232683e+00,3.716594084639619489e-01
-8.391727499494104237e+00,-6.987209499946589020e+00,-4.592170186684440658e+00
-7.700667805151077516e+00,-3.618478561874795663e+00,-3.457488682148268655e+00
-4.861920945446324360e+00,-3.946475987616565373e+00,8.364373879977402559e-01
-4.372364607816134452e+00,-2.146872740669865109e+00,-6.302515182926042847e-01
-5.476491596353451285e+00,-8.600938898827674706e-01,3.695975664808100802e+00
-6.408550915498622658e+00,-6.187338630009509011e+00,-4.374948547980057612e+00
-4.725296314775150996e+00,-1.611880659170292773e-01,7.376717808611568117e-01
-2.800547600579196938e+00,9.051994703638044371e-02,1.694410015387149304e+00
-8.763701165156783546e+00,-5.080873994559159001e+00,-4.289561621487197662e+00
-7.288223300070110433e+00,-4.307957398466191634e+00,-4.307915237409670084e+00
-6.989680102737185763e+00,-5.726861325187697638e+00,-4.916035267634175199e+00
-6.163212131457129317e+00,-5.114058571546997278e+00,-8.119271100164375810e-01
-1.233440509469535940e+01,-7.760422167360790269e+00,-3.985264302316212870e+00
-4.718531258700627617e+00,-1.767998609447145597e+00,-6.137160301318744793e-01
-1.157407030929743286e+01,-1.020046341717094052e+01,-8.651014551645129558e+00
-9.973249615431880599e+00,-6.088222312952115800e+00,-4.823800773768615713e+00
-8.948122869244391708e+00,-4.081175742392822769e+00,-9.885813610832538956e-02
-4.986049923757969182e+00,1.253869122301765060e-02,2.308431508209038974e+00
-8.411820071678910438e+00,-5.465179146697331625e+00,-4.063171421242060433e+00
-5.505650938433271691e+00,-2.486928003257069086e+00,2.382573423470151219e+00
-4.104836924410759202e+00,-3.952935848569296251e+00,-2.506491886525341162e+00
-2.219078979598366530e+00,-8.126081306469012944e-01,4.099241194579493985e+00
-3.120935064819734706e+00,-2.457688127699923619e+00,1.604112779450254322e+00
-2.401585022488167631e+00,-1.028815790809946229e+00,3.274199108580669204e+00
-7.543639086623951329e+00,-5.104884579922397414e+00,-3.893579154160511369e+00
-9.975812468342118322e+00,-6.427147390388888049e+00,-2.219243573365438316e+00
-4.565053786542307535e+00,-2.214357740481939008e+00,1.355588638089843201e+00
-5.616107024367027023e+00,-4.708194404739155736e+00,-2.013350084835607845e-02
-3.564172533729447423e+00,-3.081925001823849986e+00,-1.972171456967057424e+00
-3.589396885346084254e+00,-2.147598054961538327e+00,-1.383833053605778129e+00
-1.332289963530984167e+00,7.011116973473283664e-01,2.989791836837844219e+00
-3.181717199926223483e+00,-5.887709121974573634e-01,-3.847731744194023973e-01
-6.009620645599311750e+00,-4.914090295712415291e+00,-8.752740396523117639e-01
-1.028045912748817159e+01,-6.227435854639252533e+00,-4.577402095867518561e+00
1.038417546032364136e-01,2.409713561789427416e+00,3.326978200437499034e+00
-1.148994526651102888e+01,-7.379245814401692805e+00,-2.595827206174495139e+00
-5.363177174071404707e+00,-3.906412872788876278e+00,3.276762987786341341e-03
-2.291577972146401798e+00,-5.296322909957882352e-01,-5.164626831234978566e-01
-4.630337113101061775e-01,2.535604921645025378e+00,4.587598188691311307e+00
-6.656025334155105000e+00,-2.863850201679305485e+00,8.799701990094273008e-01
-6.856079839367953177e+00,-2.125923618755453326e+00,6.317142579128809388e-02
-7.157607281740103744e+00,-4.745047763986565137e+00,-2.743021227087148350e+00
-3.135776440370511953e+00,-1.651082055256912984e+00,1.538129019292947319e+00
-9.531519414712143146e+00,-5.391335599899379716e+00,-4.602282227174800511e+00
-9.009873494405582051e+00,-4.100676855605490445e+00,-6.816400374308848598e-01
-3.366685792834018809e+00,5.338692883208513429e-01,5.528142217804370873e+00
-5.485729997312157380e+00,-2.965572514417604388e+00,-2.609116231613126224e+00
-2.770680479842818400e+00,1.180778154851798156e+00,5.534608292908854921e+00
-2.748716963730499341e+00,-1.936731213198623625e+00,-1.816044103985925862e+00
-6.166232471980313434e+00,-5.487114087346901314e+00,-3.867282016846123049e+00
-2.400458230641972168e+00,2.220946956285356766e+00,2.233282925406278707e+00
-9.151871332100132150e+00,-5.132881853465759647e+00,-8.586081724085072864e-01
-6.949510963838845257e+00,-2.894249333573936767e+00,-2.483177555355446930e+00
-4.985174781478376005e+00,-1.589224787199601474e+00,3.180293330296475318e+00
1.525016953375436302e+00,2.126830795986486056e+00,2.285239787065219019e+00
-6.738248483181619619e+00,-2.369953324721972621e+00,8.546950172940670498e-01
-6.702017407924864223e+00,-3.469840079222106688e+00,1.352317065414350594e+00
-3.949062846994927156e+00,-1.002349290489326084e-01,1.886989499125690140e+00
-3.307328325803699176e+00,-1.128122739301987920e+00,-4.046578394229501940e-01
-3.306054234367318045e+00,-1.785804899873842722e+00,4.412136775344448480e-01
-9.364782079225453248e-01,3.689489259686855593e-01,4.948313166689808362e+00
-3.846680264556624707e+00,-3.787666896464398469e+00,-8.525564480625593689e-01
-9.096339398682637523e+00,-5.238298753501373639e+00,-1.577753771118484583e+00
3.229290894298296966e+00,6.447955689943448476e+00,8.499633162930635422e+00
-4.143109615696480397e+00,4.492765478302053750e-01,2.094008237682544848e+00
-2.986077517126042746e+00,7.645931142936160940e-01,5.397847973285759160e+00
-2.640155498710524018e+00,-1.998237384112864667e+00,2.737167855982636233e+00
-7.333391548233008095e-01,3.146824351411652287e+00,6.229782666617643017e+00
-2.907439060339175541e+00,-1.040445532214364199e+00,3.480881593684435948e+00
-7.912111198389093047e+00,-7.691896517319526616e+00,-5.532751240092005141e+00
-4.710964364124326842e+00,-9.277948762038616959e-01,3.127907336081977796e+00
-9.753773091813242591e-01,3.601517747269378233e-02,2.740384375520990012e-01
-3.537143936853095028e+00,4.771118394149118647e-01,2.586573178020821651e+00
-2.200555082907617033e-01,4.975631421220723105e-01,9.254048826627271351e-01
-3.936012634624307616e+00,-7.328147820571306870e-01,2.181274545954394739e+00
-5.185191399124973621e+00,-9.152395156174879531e-01,-7.574044542550671943e-01
-3.819322075331328836e+00,5.228140905063375365e-01,4.959029637534612789e+00
-5.643750130148140975e+00,-3.412251742835512580e+00,-3.028919503741704933e+00
-8.974933791550050444e+00,-4.241217768538476207e+00,-3.881068241897621895e+00
-9.203080310629645489e-01,2.033068521167944898e+00,4.498851034532050264e+00
-1.985090129498923162e+00,2.190342152141368182e+00,4.703376415671166377e+00
2.245846102150562906e+00,4.591447510680796817e+00,8.994698242575257296e+00
-3.526551308493681702e+00,1.293499105330498722e+00,4.039849647324533777e+00
-3.687547657788410760e+00,-1.413928003579812298e+00,2.741547712492198308e+00
-7.700917819001382725e+00,-3.545450512052226166e+00,-1.948541931625565882e+00
-3.171934144145384771e+00,-2.908158670353655495e-01,4.797690397426324083e-01
5.756187091224265195e-01,3.753328656019038423e+00,7.923273723733288421e+00
5.978220999223688104e+00,6.915796423584812835e+00,8.531031655208572317e+00
6.143667337217557645e-01,2.859038152333919669e+00,7.084438472962990119e+00
-4.495884913585553200e+00,-8.390348573821708733e-01,7.453170838179385971e-01
-9.486522634979612789e-01,2.665155048539737948e-01,3.745039055084578905e+00
-1.935176665343768754e+00,4.642606598568930210e-01,3.432031782603906400e+00
-1.347445775815004465e+00,1.896041520565271865e+00,4.689475188224859536e+00
3.514459410095582825e+00,6.579819559505814652e+00,1.101733532206793953e+01
2.575459464469934900e+00,6.916454101857324233e+00,7.661625468154471541e+00
-2.749693175881118279e-02,2.904986641170308470e+00,5.101496624516526524e+00
2.644798728591573500e+00,4.072399103917497598e+00,7.228136151006489207e+00
-1.323092310654919945e+00,1.231325359795692798e+00,5.105845686444691722e+00
-1.872725033263614947e+00,-1.405570085305133610e+00,1.078336615553829869e-01
9.059731489399441173e+00,9.188642783538256253e+00,1.291844155171565767e+01
-7.607360828065763414e+00,-3.045074163023679503e+00,-1.081924597804930777e-01
-4.572012971248909707e+00,-1.487117172918712704e+00,-1.254991564600759890e+00
6.987960126911276326e+00,9.506866618092331578e+00,1.214122778118334622e+01
4.069067775713538282e+00,4.263940204510650034e+00,8.175875903258562616e+00
-4.596353933895211963e-01,9.319652937520119806e-01,4.549200327808261335e+00
4.437952951991075423e+00,6.452579686340197185e+00,1.143081037358073537e+01
5.756476432698938162e+00,6.817502163734610043e+00,7.108680120187612417e+00
-4.306281845586233281e+00,5.932456204162095403e-01,1.812455710794034225e+00
-9.186988727348754935e-02,3.084786048305660167e+00,4.957627147381801436e+00
4.204972150705456713e+00,7.403111434878757002e+00,1.038340438198613214e+01
-1.122656072130414184e+00,2.413713334315900294e+00,2.505930114199359515e+00
1.618985811030627886e+00,5.799956896800632755e+00,8.193286217901828650e+00
6.721625334074587066e+00,9.315889342431802334e+00,1.137101529763243235e+01
-6.996001097917022626e+00,-2.049088686551787220e+00,1.958768183921731243e+00
2.633467167834591116e+00,4.190434042983633312e+00,8.105790416927405317e+00
3.898807293153130793e+00,6.083774929429452527e+00,1.043384164290769078e+01
-1.479761226723272927e-01,6.256353650350376938e-03,1.783288846912739700e+00
1.726837029677493085e+00,3.875932809486101860e+00,7.597180708122188264e+00
7.767924533718587377e+00,8.679425866664201905e+00,1.011083133863342809e+01
-1.064775850315573535e-01,3.512923876899762821e+00,3.897142172948866889e+00
2.459606776628533442e-01,1.251582151498075390e+00,5.018414963207282753e+00
4.796835238954660241e+00,9.174478493619087516e+00,1.281861874760202724e+01
4.555924731318724774e+00,7.191616156972989948e+00,7.686922662926869876e+00
1.590225468103318995e+00,5.726354183004796816e+00,6.346549168860373236e+00
3.785829052257443372e+00,5.711221317814548115e+00,5.963718039541213933e+00
5.614982468303969299e+00,9.163357942701049197e+00,1.168083276466711240e+01
2.494789187357381977e+00,7.032827854434565040e+00,7.726540332407463296e+00
4.059579576600294004e+00,8.155409328484356735e+00,1.070875311827199994e+01
2.378318915016182977e+00,4.208780831802219069e+00,7.426615261232373477e+00
-3.351207739700122090e+00,6.008791102737287559e-01,2.802305477329949834e+00
7.119658255273493275e+00,8.283686656962249373e+00,1.286263240445375544e+01
8.219260058107355604e+00,9.784248778827301152e+00,1.477543099831484241e+01
2.033173139183371614e+00,5.869797783966000715e+00,9.308893658534294957e+00
9.205254310550760266e+00,9.267252949710194088e+00,1.150990957935231762e+01
3.145001862588821417e+00,5.657307241025709033e+00,7.539189221959665232e+00
5.698390495363197417e+00,6.448255997870234957e+00,8.285508219145775399e+00
1.165860943015574414e+01,1.203347613611078870e+01,1.348807073461099826e+01
5.537481403194304264e+00,5.955877781309614427e+00,9.717995050422038261e+00
2.475587277829123245e+00,5.831373743701290024e+00,1.053103942784664326e+01
-5.754765712994842630e-01,1.324167538577625258e+00,5.255172328556992234e+00
6.115678849643774839e+00,9.053714863318411687e+00,1.228423200378149716e+01
2.164404666596015048e+00,4.901711015418013240e+00,8.797511717721718583e+00
7.309029020569565382e+00,7.518986180142309017e+00,7.921426999714836548e+00
5.696973723842549298e+00,6.176592573723500124e+00,7.620046244036677408e+00
2.871395928025706645e+00,5.827039875767652255e+00,9.055127623439984674e+00
3.289216229879954767e+00,6.852234580827478716e+00,8.256050700251266861e+00
3.871092031683162737e+00,7.122155751175410110e+00,7.710605714965748092e+00
1.076061666678773321e+01,1.081051271708101957e+01,1.428391665483351858e+01
8.300674752393433664e+00,1.187873579479635389e+01,1.498944933441690708e+01
8.009971775695442275e+00,9.304321521180428434e+00,1.394166382408955762e+01
6.820783232896814319e+00,1.119916114854805755e+01,1.377686395164393396e+01
5.031785888289650899e+00,9.977484643516108420e+00,1.147058242629359270e+01
6.471984513457128330e+00,8.927655936808950088e+00,1.356726479607453051e+01
9.525617224588151188e+00,1.183622788760573030e+01,1.419126902633166765e+01
3.173603687629734882e+00,3.570566694300266963e+00,4.627298691749698989e+00
4.676667948451105339e+00,5.465994078519591959e+00,8.292323430488160341e+00
3.485800000656826825e+00,5.078257855740302418e+00,5.463410151720651697e+00
4.106703742467376017e+00,6.656565704142211715e+00,1.000265151228791360e+01
5.953743265769974258e+00,9.636376952382230243e+00,1.382396648938917494e+01
1.839704059942205205e+00,4.249486034041850324e+00,6.202545321451960803e+00
5.696874873668418715e+00,9.117483805056394885e+00,9.184307568413855094e+00
2.692725428629867857e+00,5.860358360596323202e+00,7.888767981174245492e+00
4.326588812256959571e+00,6.590965243943123220e+00,8.072312911024825510e+00
7.605801334243715850e+00,8.242178922174231204e+00,1.024930224304527293e+01
1.115059486722254789e+01,1.269160651801754014e+01,1.749219838244999536e+01
7.982075413839462286e-01,5.515904700064078625e+00,8.735491025460168757e+00
2.897394960955233856e+00,7.415901512945995755e+00,1.117227540178345890e+01
2.693435529359303082e+00,4.422892974993182236e+00,7.442396311364706030e+00
4.389645303883308536e+00,5.491263171880738980e+00,8.927304426599818044e+00
4.168732673539045308e+00,4.392770533043158565e+00,8.549479276538408001e+00
5.468841029786621455e+00,8.384990151331429331e+00,8.677181884945023072e+00
4.561748184272364171e+00,8.920554010909709675e+00,1.330906106543503853e+01
5.433843913190014696e+00,9.697923103081603102e+00,1.356943298717521884e+01
1.976503086701519862e+00,5.366130163019501964e+00,7.350675772412417430e+00
8.457676673196447226e+00,9.139372509628724828e+00,1.058324888479483405e+01
6.206084959034582127e+00,7.941470650791753627e+00,9.731852987615710049e+00
4.586259117176509470e+00,7.413707192813118851e+00,8.455621233541979365e+00
2.897356457471379709e+00,3.845662102815130101e+00,7.430475612488834258e+00
7.973330911734161752e+00,8.010833663886742784e+00,8.758430840951879404e+00
5.910477462653501490e+00,8.085267873943358552e+00,8.830683704542831691e+00
3.014033833696307063e+00,7.813096590291020327e+00,1.116361634763273436e+01
6.519924270716323633e+00,8.683771828438956675e+00,9.245048567772936821e+00
7.615385638629030396e+00,9.541317089402170382e+00,1.279432543279197354e+01
-7.084902893740911978e-01,4.135580727416244606e+00,6.499017545620248804e+00
3.287839954431881928e+00,6.749901184893911221e+00,7.726696171527526857e+00
5.797691222133684263e+00,8.915858075812000294e+00,1.011113257534708509e+01
5.539502726530453280e+00,6.530172987109181371e+00,9.076275795459515905e+00
9.120355001272210771e+00,1.017867648844021033e+01,1.378531412456134930e+01
2.847563265849752945e+00,7.534246220681442452e+00,9.502256732655116167e+00
-2.517918771767648778e-01,1.360515139956868680e+00,2.239939607970415025e+00
7.751438822028759112e+00,9.703420959966235770e+00,1.250159141262652085e+01
4.927119299183273071e+00,6.791966364148635193e+00,9.907347456643059047e+00
-1.521528580314497336e+00,1.790588494451565538e+00,2.279736304525292301e+00
2.808698845104671271e+00,6.297612375152731978e+00,1.079920002971109128e+01
3.071218457683588365e+00,3.202479200731129794e+00,5.959240253725426761e+00
6.199028023860049252e+00,9.218399892628045933e+00,1.276747656797987318e+01
4.872431185633951500e+00,6.801274504629537532e+00,1.089482608891380977e+01
1.386243016545122941e+00,4.085725347726045342e+00,6.130408355545545085e+00
5.639774079367644966e+00,9.236057558050482896e+00,1.387293521607691815e+01
4.064037897073306205e+00,8.124046115960645409e+00,1.277737000590261474e+01
4.654876924139131233e+00,5.984550734290177587e+00,6.577115588723717821e+00
2.251175789060031462e-01,2.896865329700265779e+00,3.119017453910310600e+00
6.735542437370316549e-01,4.046503088343310850e+00,5.246510704671083047e+00
1.668538936368949788e+00,3.940289378409557841e+00,7.218098581106148437e+00
6.273906810032451098e+00,8.689383326889782211e+00,9.869693629722513961e+00
-3.058915558735512796e+00,1.342937041244935514e+00,5.165613646445172513e+00
3.172826775694319146e+00,6.178189243541580389e+00,9.670890561583576073e+00
3.425222920560204720e+00,5.501852408699900110e+00,7.381312890791683401e+00
8.490143645505055403e+00,9.290701524147545243e+00,1.330865896139623672e+01
4.907039143682043303e+00,6.812260369588114095e+00,1.027388024209350093e+01
6.148545909583896574e+00,7.648255866188504726e+00,1.162820216682169594e+01
3.867531510524941485e+00,4.393748567189470045e+00,7.518819563864923339e+00
-1.835285149140905681e+00,2.202688408066443948e+00,5.503939637999032186e+00
1.363203197304409642e+00,4.843782230679910761e+00,7.473727007768630415e+00
5.279759678019584790e+00,8.074919663563413508e+00,8.404386857911589459e+00
6.736028922309264644e+00,7.990044657337158185e+00,1.159968839085557768e+01
-4.328157602466173870e-01,4.294291350041707034e+00,7.003196138006407168e+00
-7.046881670865801084e-01,2.923268494202062140e+00,6.341167847273704083e+00
-2.743224811959162679e+00,2.253696793371811502e+00,6.228718988464409634e+00
1.792664595073584888e+00,4.930901263999444950e+00,5.506697842566742551e+00
3.853008686372531688e+00,5.666318716355601914e+00,6.919813494060049308e+00
5.322607853181684057e+00,9.590986019424013520e+00,1.182185108907200899e+01
2.778539110685471769e+00,5.455037445450524380e+00,1.027915394389746595e+01
2.655470842859138259e+00,6.838889851111472851e+00,1.078799115231200467e+01
1.856575250231619290e+00,2.567673522373605355e+00,2.681515634057202391e+00
4.316889485998227194e+00,4.944631265292041888e+00,8.646047918363835905e+00
3.095617076126616851e+00,5.149206064927009052e+00,5.736553996822726376e+00
5.207425623766392953e-01,4.215840080145462743e+00,5.188760244314513770e+00
1.534265332716911345e+00,4.479481880972983276e+00,8.187195984902002621e+00
1.789870208449968025e+00,4.830173332677469844e+00,9.798356036875102149e+00
3.629495157310282494e+00,5.800308760128162433e+00,7.359334198177976738e+00
6.763378123344361725e+00,7.769361523843953954e+00,1.028825967972204225e+01
-6.893069720960331992e+00,-2.630670019703483575e+00,2.103905929941101149e+00
2.550062840362261163e+00,7.410337205058366905e+00,1.006722889743993932e+01
-4.187236062444459783e+00,-1.160934334713516591e+00,1.746764488697329476e+00
2.469524827613870599e+00,4.799386804373690474e+00,5.560585875957379187e+00
1.051357227272504424e+01,1.084086570655294679e+01,1.302405518504106396e+01
2.615701417906472592e+00,3.546539894294813866e+00,7.979798619703110774e+00
3.052314942708687084e-01,4.113731218600671369e+00,7.205764738488628751e+00
2.304708680863691406e+00,2.541768556334585316e+00,5.652995627201375939e+00
2.267253466826006925e+00,5.372599460431279894e+00,7.568655749075290373e+00
1.066358811846169985e+00,4.355123766256340900e+00,8.644696421247434870e+00
-2.652440918691396643e+00,1.137493350798977065e+00,3.504664365395366410e+00
1.407772172315775006e+00,2.719194664012980489e+00,5.108381146334055600e+00
-5.126778715665222919e+00,-3.969245356035937533e-01,3.703008259428051119e+00
2.362036589746634885e+00,2.497235038504116211e+00,6.412051293557993858e+00
6.384029726260005422e-01,1.491191162184879015e+00,4.346747827373734552e+00
-9.788035560438586025e-01,3.053784132855942968e+00,5.860226247646939335e+00
-1.610394196724015625e+00,4.089094333822074212e-01,2.015247617281431758e+00
2.640122548390220203e-01,1.789513457784698502e+00,5.976650979999828195e+00
-1.772271313198303222e+00,2.352983176799734455e+00,6.469866418334332181e+00
1.041859579000942615e+00,2.455504640916217785e+00,6.450093496995085829e+00
2.753277087255940447e+00,2.936451295152272767e+00,3.968732605225710142e+00
-1.088275684889196793e+00,1.484239261469090909e+00,3.517970074461902907e+00
-1.019812721836670821e+00,-4.603714376177157064e-01,-2.517691383257550930e-01
-1.017102153235765805e+00,2.038753527683782263e+00,3.606159946740947309e+00
1.068864399400752507e+00,1.148673050709093868e+00,3.303146201995997178e+00
3.117981129590147393e+00,4.651816710290550105e+00,7.534853459901066586e+00
2.736199963467891294e-01,4.922689796967010700e+00,6.462021477400201164e+00
-7.738889010204045960e+00,-2.753206418782141451e+00,-2.322982182189564426e+00
2.665693226047046949e+00,3.107084043049187727e+00,6.671883723071721839e+00
-1.416729134779188826e-01,3.601486137538194576e+00,5.715842114235785587e+00
-4.426765398651458128e+00,-2.996527415562614038e+00,9.734829464038545765e-01
-2.108985624223058686e+00,2.672209099325618453e+00,7.621718565831841374e+00
3.423522768211801903e-01,3.514622677751702007e+00,7.215196337503931190e+00
-6.240272855151948406e+00,-2.129039879905660904e+00,1.865309208892079518e+00
-5.062737748727299980e+00,-9.577623464450557567e-02,3.956383026575776007e+00
-2.247067008458460080e+00,1.065795137990218411e+00,2.946874836325174218e+00
-8.778671985623294205e-01,2.112065834019392518e+00,6.513863086473071107e+00
-4.197869488930525250e+00,-2.670469174385983191e+00,-2.517206399522571303e+00
2.024447958055326957e+00,3.660358997127896252e+00,8.461509291981471392e+00
-9.974189787525142847e+00,-6.003851931367045758e+00,-5.068152527838723387e+00
3.890672646805500179e+00,3.950677526340291124e+00,7.296274600771122998e+00
-1.369126009792717813e+00,1.525917609406562292e+00,1.940827514033873102e+00
-6.924050313409177093e+00,-2.094068181231005799e+00,9.948978391281020350e-01
-9.965222799512591934e-01,2.261082624749900294e+00,6.529071599197386888e+00
-5.263711400593578560e+00,-3.578395057378649824e+00,-7.871301330408564390e-01
-3.073445708990878877e+00,-1.925040736899901184e-01,4.644273712947592614e+00
-5.809653925780776662e-01,7.646710509464926808e-02,3.871032465273383849e+00
-2.907525219408597206e+00,-3.176917671485002259e-02,4.195125983113179302e+00
-7.519571896806388267e+00,-3.359813249153345449e+00,-3.299661740938157450e+00
-3.710983503375402393e+00,-2.428710134595406522e+00,-1.524623420086550496e+00
-2.967916800095419916e+00,-6.593635610461350272e-01,3.867073748723052873e+00
-3.343251344756609900e+00,-3.318221061375297154e+00,-8.772611825903515737e-01
-4.845233274119427946e+00,-4.212660980476266026e-01,4.209796082086624480e+00
-6.461344094651980008e+00,-3.174851078130532134e+00,9.739104100960767063e-01
-4.884810453078092252e-02,1.571492866393910504e+00,3.001290215828835706e+00
2.918758477051579536e+00,3.164356712632440782e+00,5.680369827966375240e+00
-4.789570334621632064e+00,-2.510410272024080847e+00,-6.508328185903775598e-01
4.826676972317255343e-01,1.049338193092406613e+00,2.203153987213637421e+00
-3.459223185762900776e+00,-2.440845106643543705e+00,2.278996904544011048e+00
-9.537065793421163562e+00,-4.704764106775590093e+00,-4.687656082480538444e+00
-4.115920794947757422e+00,-3.263181290405303692e+00,1.180722710781958007e+00
-2.010568505378490300e+00,-1.818868082052770285e+00,2.898389480898558190e+00
-9.425287953112439610e+00,-7.524964681206420813e+00,-4.831535868354693619e+00
-4.193672812297361219e+00,-3.745747064925615266e-01,8.449507484532341461e-01
-2.583218791075239551e+00,-2.079848751922797057e+00,1.969892246937898328e+00
-4.344665211203723842e+00,5.784668529747096777e-01,3.872356947641525160e+00
-4.808989781357880133e+00,-6.828682291002032834e-01,4.023693733560051555e+00
-3.373287942201494971e+00,-2.230389034836853579e+00,-4.783592643010519119e-01
-4.834634900221876919e+00,-3.739504532431271677e+00,-3.430585672534496311e+00
-1.845347703092865554e+00,1.816031283485018299e+00,2.544319301634227593e+00
3.214198493865813244e+00,3.677745478391098111e+00,5.465919831512263904e+00
-4.230161110236227984e+00,-3.927380539198696674e+00,-3.029588952665884793e+00
-2.095355931358674484e-01,1.401704445631200002e-01,4.526559478602917963e+00
-9.081103715472250926e+00,-5.182431765713282346e+00,-8.848577272037445596e-01
-9.241041634996678411e+00,-4.899386257681856982e+00,-1.768409789883609307e-01
-5.301132511402888881e+00,-4.367859683488143574e+00,1.321856368074127985e-01
-3.851696962840096550e+00,-1.226502451978253028e+00,-3.953473269030355342e-01
-9.854191055958313683e+00,-6.575324172073619522e+00,-4.940321561052681609e+00
9.983398946666790508e-01,1.230687281761396967e+00,1.623927209025152862e+00
-2.791356659085697522e+00,-6.727767393468884194e-01,3.459641000823159729e+00
-3.122721945345812600e+00,-1.567583100126120010e+00,2.263046216079980688e+00
-4.776555347582410072e+00,-4.497835533339830327e+00,-2.529173026916004208e+00
-1.827901423733155895e+00,-1.190700156192596726e+00,3.127041520554203036e+00
-1.733220390529313448e+01,-1.249251287109743203e+01,-1.086443431373541557e+01
-7.421766679984928672e+00,-2.477453376066995894e+00,1.284084425090080472e+00
-3.384148057748904037e+00,-3.377978560613164483e+00,-9.516196816901905109e-01
-1.374411881714785011e+01,-9.573615631860732833e+00,-6.904238725768031770e+00
-5.501058134423944423e+00,-2.751254257200545617e+00,-5.127561423349602521e-01
-4.225980430217346040e+00,-2.250786082738271965e+00,-2.113802293547433653e+00
-1.274516080366896276e+01,-9.636495497805716681e+00,-5.802863815543089387e+00
-1.163670932255793922e+01,-7.685820107036976268e+00,-4.562639407812896231e+00
3.127090525310558533e-01,2.019095300742735688e+00,2.132143643152222712e+00
-9.258940148841315221e+00,-4.780042412555671305e+00,-2.634811320668644541e+00
-4.345219876887794541e+00,-1.339342633567412566e+00,-3.665622576623024376e-01
-1.639148679710209056e+00,-9.293700900807477794e-01,-4.952815260411574938e-01
-7.163649604714443342e+00,-3.169823578622501081e+00,6.247998773987628596e-02
-4.445855122740754339e+00,-1.340058827994834445e+00,3.256929910441733078e+00
-1.156243681943064594e+01,-1.076887562333305048e+01,-9.917528864275020339e+00
-6.105839618203496855e+00,-5.158493870531795977e+00,-3.041646719205347793e+00
-1.811476212455079704e+01,-1.374365344949112000e+01,-9.336282819189912985e+00
-1.272627476574069760e+01,-9.773336083056161527e+00,-6.482621593738886467e+00
-1.069334447144302302e+01,-6.204532753368957820e+00,-3.083437976050471097e+00
-7.741302178689703162e+00,-6.592303789513094259e+00,-3.067733447855396367e+00
-8.349252933571081670e+00,-4.499799063001588273e+00,-1.323075946927451785e+00
-6.079918226863064490e+00,-4.712070909651445483e+00,-2.712481661683745493e+00
-6.626145823189476758e+00,-4.273183784955772779e+00,-3.546691694183873089e+00
-6.433885158852900688e+00,-4.172768886552975509e+00,-3.366781769906970645e+00
-6.216063530722911956e+00,-3.718804810358633084e+00,-3.464751017594702276e+00
-1.235622189561530604e+01,-7.613564435809292874e+00,-6.381840114460008095e+00
-9.262913010181701878e+00,-6.927841460893656489e+00,-6.764080578231866703e+00
-5.842912023165597546e+00,-4.879304412167106975e+00,-1.413079452999220109e+00
-5.405074959942036017e+00,-4.846071944247566599e+00,-1.705326139427010723e+00
-8.049705667034269041e+00,-8.039361209862569524e+00,-5.714314580884252592e+00
-5.165314941722555453e+00,-1.558596738106116764e+00,3.072867576462539940e+00
-5.100906368488114850e+00,-2.636725488026045561e+00,1.565936860667087593e+00
-1.140924153536453112e+01,-7.396284761756247050e+00,-5.917430876418697139e+00
-9.820060814360182633e+00,-5.446392694801788892e+00,-2.244977795755508154e+00
6.840895728094942285e-01,1.205012813241292946e+00,5.900576796220694753e+00
-5.225721064185940179e+00,-4.342337356516653202e+00,-1.990532620035184053e+00
-5.967450573786753587e+00,-3.635623646061254988e+00,-5.094405303567368648e-01
-9.971036156847384646e+00,-6.646252328454997915e+00,-5.481713180261313489e+00
-7.515910687241387222e+00,-5.753698244653214111e+00,-5.030747221499452415e+00
-9.035324630053797046e-01,-2.734537927576035088e-01,3.851882983461176302e+00
-8.212380641496915601e+00,-4.458773939861493396e+00,-2.245356506717271827e+00
-5.480372009877466866e+00,-5.000825590662830500e+00,-2.751216873813065344e+00
-6.224941243772838639e+00,-4.752662775048829502e+00,-8.630666729112723701e-01
2.391655484191223202e+00,2.874852156408309156e+00,5.131694925133595042e+00
-7.582688405070376447e+00,-4.625753186920841920e+00,3.028730791444340653e-01
-7.665500025896903047e+00,-7.217459369936539915e+00,-6.647657009101710202e+00
-1.161376076047195127e+01,-6.673514959389446055e+00,-4.645389187074931314e+00
-6.062184029328862245e+00,-2.343612493338137703e+00,1.573764419116598035e+00
-1.052073083131628550e+01,-8.947933785251716898e+00,-7.876432750545713901e+00
-4.666005955831471042e+00,-3.285549955567856451e+00,5.364171696228838826e-01
-1.098416328731145697e+01,-6.781766032184966875e+00,-3.284241346328481637e+00
-1.236398856741155861e+01,-1.015785071886713453e+01,-8.845033435074522998e+00
-9.617455089582060523e+00,-7.491209877111423943e+00,-2.918576778965195295e+00
-8.752052311839804588e+00,-4.436074603054835919e+00,-2.819193565958051817e+00
-1.938801942827198976e+00,-2.990978624753175552e-01,3.600772386419337501e+00
-3.841657383493185307e+00,-1.708787120570580242e+00,1.154826921902723846e+00
-7.403871968418886063e+00,-5.292283266601042868e+00,-4.080589167419230279e+00
-2.399630503471916310e+00,-1.455361659193278534e+00,-7.576530620246293424e-01
-5.458371230417849773e+00,-5.401257328195793406e+00,-3.998175044676611556e+00
-9.544787360049308944e+00,-8.687744408494470605e+00,-7.397992275016935793e+00
-4.559568105940535077e+00,-4.180548058441351245e+00,-2.472751243476016381e+00
-1.131532986357465198e+01,-8.715536915036437904e+00,-3.992679840330841223e+00
-3.511130097233163383e+00,-1.775770279155398867e+00,-1.620655383296904617e+00
-3.494787576091452408e+00,-1.682965659414084492e+00,2.403155777869415921e+00
-8.390227891146111006e+00,-6.689491558187411258e+00,-5.230838205238695693e+00
-8.155120945747967198e+00,-3.560145240187071014e+00,-2.073998849213915641e+00
-8.385850306212075722e+00,-3.534541886609797512e+00,6.286368155443633476e-01
-4.692212749625954693e+00,-1.270963154759076730e+00,1.720668212305356715e+00
-8.688553099471850061e+00,-7.564650200743155750e+00,-3.912658016867456290e+00
-3.707711095466688533e+00,-1.972020445860262150e+00,4.561903549813797198e-01
-8.180635168524938550e+00,-7.660291258235133682e+00,-6.179520708531503814e+00
-3.961995958601154832e+00,-1.316398619045290985e+00,1.023807948866464645e+00
-2.113918946080545869e+00,-3.963531705725986676e-01,1.963296605213380897e+00
-9.252848806370305823e+00,-5.528218135848790737e+00,-3.231590314925413487e+00
-2.326375593456171842e+00,2.044067651659906559e-01,3.710137171218205410e+00
-1.231524561278547836e+01,-8.107171596970246696e+00,-5.472852707683487417e+00
-4.757870437422889509e+00,-1.699236201038178962e-02,1.750244855446263514e+00
-1.924165400733164333e-01,1.070358366866549282e+00,4.535807707810281642e+00
-3.014199718114815241e+00,-2.135451034919170432e+00,2.364388227563393841e+00
-5.618871133153474418e+00,-3.686000218841891662e+00,-1.952569449757182163e-01
-4.938269046766766479e+00,-2.087351434317076482e+00,-1.815397139871526511e+00
-8.305151485292325830e+00,-4.759757948560836560e+00,-8.097342975420200872e-01
9.045660611669603668e-02,5.002818760097727413e+00,7.083457092277991585e+00
-7.066620852440208544e+00,-4.551963012669455466e+00,-1.776263294870075171e-01
-1.062128085882099171e-01,1.239773756498039781e+00,2.185486920130727206e+00
-5.519500416180941116e+00,-4.854949050751084627e+00,3.631201516753534975e-02
8.897243310823719220e-01,2.241520508795224131e+00,6.028493007937735015e+00
1.323283220909181601e+00,3.571618993303369738e+00,4.774495866826340418e+00
-5.789375384181905559e+00,-1.222706386147040192e+00,1.096331122568521721e+00
-4.264670789700756970e+00,-1.434893820605269266e+00,-3.224264029851444668e-01
-6.698451239246269395e+00,-5.077689675921869927e+00,-1.339251906403350567e+00
-7.062192191219072157e+00,-5.346968327899142892e+00,-2.817175577820746568e+00
-1.708963962067651554e+00,-1.137186576165641227e+00,3.113145732101576080e+00
-1.254204387489776362e+00,2.433703769546621043e+00,6.237428039503456034e+00
-4.385355453706880624e+00,-3.494429463396623525e+00,-1.018648699576630623e+00
4.728278886000576442e+00,4.865985279287967202e+00,6.441430668278997018e+00
-5.235377486555970350e+00,-3.495279882721340936e+00,1.073170984962405594e+00
-5.846706783714409994e+00,-8.827927890574991387e-01,2.205936718691696274e+00
-3.364004189306947001e+00,-7.801604340403249793e-01,1.420284237317704701e+00
-1.776678121365597995e+00,-1.685196934441008931e+00,2.315385796773296700e+00
-1.077476064039540304e+01,-7.415631419827236392e+00,-4.169202668860201300e+00
-7.089339844761950893e+00,-3.044122899602783150e+00,1.596148108376078234e+00
-2.437619024600107043e+00,-4.899689300834756400e-01,1.642045553993915608e+00
-6.153777780144983112e+00,-1.278082829325813297e+00,2.044041425856761407e+00
-3.238802441310844493e+00,1.017952912217212180e+00,2.125800605236090490e+00
-1.053670756554603294e-01,1.480008879324313131e+00,3.438035015300625830e+00
-2.994589539187255234e+00,-1.409923975348584602e+00,3.011311095104078017e+00
-6.033096239972450370e+00,-3.475545260676459414e+00,1.292690270337566893e+00
2.552115325452472661e+00,4.158727546528108832e+00,4.344950697845270327e+00
-5.140327192720117289e+00,-4.450020094303315688e+00,-3.364667931229190945e+00
-5.266277317709715966e+00,-2.066428813791296726e+00,-1.160989330319179391e+00
-4.634250641982102792e+00,-2.726758022206404952e+00,1.250176098471168284e+00
1.542800659161728039e+00,2.166595734801990858e+00,2.568996426308214343e+00
1.282980143023471520e+00,3.982831291580451349e+00,7.473176388149683547e+00
-4.939127800257732126e+00,-3.843618587873615100e-01,2.925521506028736951e+00
-3.799513639479795479e+00,9.313807494115443619e-01,2.154010964154909225e+00
-7.506012079004631410e-02,1.634046220885817080e+00,5.830594613097449752e+00
1.810471014499785980e+00,5.865740116696203543e+00,9.190191912547156505e+00
-7.290831607807313652e+00,-4.760710078416357405e+00,-4.672153114080612291e+00
1.496992456383867687e+00,2.899212243402862654e+00,3.690899771100616178e+00
1.647005305396555652e+00,1.902879389140542887e+00,5.783277985361923612e+00
-8.888246782602272633e-01,-2.322641644914176240e-01,1.554800299419572873e+00
-2.921241527742802990e+00,1.966042859579336888e+00,4.011809986449265786e+00
2.609553111742609399e+00,3.317085057845572837e+00,6.765896940100640577e+00
-1.098291333625100119e+00,2.951417206320109177e+00,4.347170691680942056e+00
3.738070439572418913e+00,7.784825481241511191e+00,9.142430874905763005e+00
-1.666364336466366058e+00,1.799194854263485244e+00,2.423212951980812324e+00
-5.342226756999448600e-01,1.604892068143211281e+00,4.207361793970991748e+00
-2.538743130861869979e+00,1.087674755883825561e+00,4.337830705271585430e+00
-8.688754372190921060e-01,3.397838562846693833e+00,4.319293902404628405e+00
-1.556269999819426264e+00,1.749962744888553079e+00,2.388713256486978409e+00
-3.975264000765366124e-01,1.992873205713106666e+00,4.615660857740889078e+00
1.977367499528897898e+00,2.113684616461584564e+00,2.465468096526278075e+00
-2.433231127573287189e+00,1.763127927272495121e+00,3.197069717706369829e+00
-1.283254221634216874e+00,4.474715270844498161e-01,3.649502661626743638e+00
2.530518842923993095e+00,3.634091975425964627e+00,4.598404892020038659e+00
-4.770784185583003545e-01,1.630626728796624958e+00,1.925610196023510134e+00
-1.523630302085772215e-01,4.432488221819378182e+00,9.133032679064520210e+00
7.880839784432978057e-01,3.029084800803368616e+00,4.075281810877340760e+00
-7.108627885829863491e-01,1.642010184639024262e+00,2.141676134283065025e+00
5.611781945054017839e+00,7.600768527474376590e+00,7.969096270905327906e+00
-8.273878419915554616e-01,2.703440675408916860e+00,4.082008425962557752e+00
2.379178952743715492e+00,4.982476368945123468e+00,5.050173120448345543e+00
-1.505997745465088578e+00,1.117184566544901614e+00,1.133524255355287114e+00
-7.382853118036729612e+00,-2.756892242006559357e+00,-2.511027740090598925e-01
1.220424343374187037e+00,1.720756822463826108e+00,3.426030753389853967e+00
-3.119493012777508678e+00,-2.889157345622676232e+00,-2.346801815747339148e-01
2.301694358696136700e+00,2.913410437958344978e+00,5.278948043522509792e+00
6.602556872555873646e+00,8.130096291373147821e+00,1.193801330382381742e+01
-1.303503756682267589e+00,1.107772656920067433e+00,5.348699111192897426e+00
-7.102486478321072383e+00,-2.395744584025625734e+00,2.451879757258933701e+00
7.220192990634290098e+00,8.521174753112525480e+00,1.235901820312950328e+01
5.010306611676389466e-01,2.691584762640639283e+00,4.822450544343970691e+00
-1.742732272196727550e-01,4.166878843993245596e+00,4.895223360169402405e+00
4.285498382629077341e+00,6.674549922409371838e+00,9.638966120978475161e+00
5.643369952652611765e+00,5.973987088039711679e+00,1.029655835901364824e+01
5.178183962463679180e+00,6.749879504432283461e+00,1.003397774136248088e+01
2.652189516518216550e+00,7.292589524495713960e+00,1.089136312099769732e+01
-4.985074393851210317e+00,-5.550217200539799833e-01,-2.072983090008786444e-01
-1.932342747062145705e+00,5.313306233415371338e-01,3.355491251766625993e+00
4.932745158143086783e+00,8.377939561313896277e+00,8.962230831109240015e+00
-6.756981485872870508e-01,2.608248251684075480e+00,3.338216006031237804e+00
2.685451212379006858e+00,3.023515248442306458e+00,5.370111287965870339e+00
-1.662038188530038152e+00,1.339838241578613420e+00,6.130426380269924813e+00
5.062081960043087747e-01,3.999335332927473452e+00,6.956289140354261491e+00
3.178094238191457421e+00,4.250918742673572837e+00,5.011140576746899278e+00
-4.663436754234564496e-01,2.570022448425101746e+00,3.684767645197767560e+00
-1.227506715418814842e+00,2.305518745616273346e+00,2.877904204923643405e+00
4.803740093689871316e+00,6.501919210765879420e+00,1.036735302797499081e+01
-9.523238769810817850e-01,3.202861522466144084e+00,4.929065390208680952e+00
2.852025037296731735e+00,3.885624688220567613e+00,8.676623994041781529e+00
-4.582231986916182720e+00,-7.768520161899363785e-01,3.258444422898826964e+00
1.055895355456505591e+01,1.167271180397476726e+01,1.379490504415391428e+01
8.417351489739520076e+00,8.758395145942762028e+00,9.305392587041904306e+00
3.417183420363901547e+00,4.521978639157788749e+00,6.038151793596848727e+00
-1.604656292246804394e+00,3.381267722413064281e+00,5.491710548293289307e+00
2.692530356436451999e+00,6.181909271106252213e+00,1.070414515476934270e+01
4.938687961895718459e+00,6.168972120885767296e+00,6.892583096304743862e+00
1.242289320204982950e+00,2.458580307679533838e+00,6.870688742714778030e+00
-4.627094721223320661e+00,-1.298664550073116430e+00,9.580110661292802199e-01
7.383040996206684525e-01,4.839717833786878032e+00,6.023350048280920355e+00
5.954645484321998694e-01,1.791341421130214329e+00,4.627441881241666444e+00
3.107309740891981864e+00,7.057623527154078147e+00,8.355416111729811135e+00
6.088056205757265360e+00,7.138227898311678032e+00,9.508101395007226841e+00
3.072284075472407672e+00,3.743307525530736868e+00,7.482366263422940200e+00
2.229946067237091434e+00,5.116600678859294149e+00,7.679306724304032272e+00
7.703997779282757641e+00,1.206531484688322209e+01,1.572812397002718221e+01
8.409474561456400821e+00,9.155823521241794438e+00,1.125798261345258311e+01
3.919970834206157662e+00,5.526323609234760958e+00,9.536670799309451496e+00
1.021480016815122838e+01,1.380998408900750363e+01,1.617003452803415797e+01
-7.255493972160405036e-01,3.392683147460501480e+00,5.443018837541201194e+00
5.753907858370146400e-01,4.593150937331270001e+00,4.753525411991416760e+00
6.072673752279941439e+00,6.745768634980449541e+00,1.052564067424674832e+01
1.956742425826867304e+00,2.528688639892708423e+00,5.947493842724812296e+00
8.917476525489323791e+00,1.253534551612701975e+01,1.584632230206662840e+01
3.663718540512580724e+00,7.754879166540250779e+00,1.031296451714707096e+01
3.896808855368467661e-01,4.874866199154251234e+00,7.722347337506624498e+00
6.086271548739274451e+00,8.625636392389630203e+00,1.117257294186484273e+01
3.195856682189204712e+00,7.756267769612290586e+00,8.974747948546109910e+00
2.963045749622109870e+00,6.438222961478125228e+00,7.651301902303057290e+00
3.298073014932179081e+00,3.758947907671048583e+00,8.527667295837249029e+00
2.457779556909494012e+00,3.106406454688641183e+00,6.537372712425513654e+00
1.188142299391186896e+01,1.400421662333117112e+01,1.818972345648241884e+01
-4.534164887898848306e-01,3.412594426395405556e+00,4.131436549119068324e+00
1.025080342452423565e+01,1.258988714513036378e+01,1.272754855375774596e+01
2.837485669099115260e+00,4.985103239419434118e+00,8.486182350718303624e+00
8.750279069018963796e+00,9.911060138929549623e+00,1.396122717191777163e+01
8.691204593333894834e+00,8.957028724302926292e+00,9.129860535103862418e+00
9.437669238711794861e+00,9.574931979018597161e+00,1.097506633681951271e+01
7.455310164067686429e+00,9.790839207322665771e+00,1.032807426867189093e+01
-2.209328626843984900e+00,2.774389347610545009e+00,7.772194755111237363e+00
2.993491307658360689e+00,5.592503138386505590e+00,8.432550812034026677e+00
-1.106028372529036297e+00,3.528013525850809629e+00,7.376977422365556869e+00
7.369096722372003860e+00,8.208835114415453660e+00,1.217127968952416062e+01
2.523127438995065752e+00,3.677829104460362153e+00,5.829068238117229406e+00
-9.527369021904812385e-01,1.709804325606796738e+00,5.294800820699606447e+00
6.192998195184356902e+00,6.943749683795579664e+00,7.324598957736079718e+00
-3.300285154981416724e+00,1.030331494322011210e+00,5.164293950757253171e+00
5.816994195492635633e+00,8.433320905077774654e+00,1.174513992428855502e+01
2.853996698891156925e-01,3.881906267683358891e+00,6.264563053012881966e+00
3.842743215285984171e+00,5.128895643191031084e+00,7.535857679213753713e+00
-3.950610171911095314e+00,8.033797829702722382e-01,4.992542350782952276e+00
1.025934420807664438e+01,1.258708170433575901e+01,1.371497687119947528e+01
-1.209737504712742329e+00,3.238334634804288292e+00,6.429540087725439612e+00
4.499839788197496304e+00,6.523539570349962347e+00,7.081827275494907425e+00
-1.531863548107385675e+00,2.226954638663961816e+00,3.811816501326557471e+00
2.048431688004901385e+00,5.079961259424785602e+00,7.928047419698733833e+00
9.327280542238906236e+00,1.282539592841089160e+01,1.551350146657200213e+01
5.291445605235862715e+00,8.443503371728439788e+00,8.851215465457700660e+00
2.033111661935552039e+00,5.359505025278124890e+00,6.330459501271624490e+00
5.445487195784394885e+00,7.405390817697928618e+00,9.968063430910200751e+00
2.367556503882642716e+00,5.801942386547494834e+00,9.514079101846123265e+00
3.655655002248789032e+00,7.180268372711117841e+00,7.655795667791451820e+00
7.726736955433167964e+00,9.661256811388286181e+00,1.106458217247512188e+01
4.414587852631611575e+00,6.406695474457849926e+00,9.641061396687547358e+00
7.063926061599964612e+00,8.028529692894583292e+00,1.053902653526367672e+01
3.620486087426055377e+00,8.044843942678955528e+00,1.170047823048344071e+01
2.695143319414194050e+00,6.321968875361444695e+00,1.056555076582096930e+01
3.059707798556530634e+00,5.055932761593579627e+00,8.853346928618906375e+00
5.356210895374085013e+00,5.649732993514140489e+00,5.931867815410046596e+00
7.623696672191075052e+00,9.282689956978384060e+00,1.026692478757430926e+01
6.897833241416799765e+00,9.490526159640978676e+00,1.040653846565314566e+01
-1.191531381163851933e+00,3.686338000022011840e+00,7.941863655418615942e+00
1.358845457604188844e+00,6.271513952849099738e+00,1.031032907962233125e+01
-6.741753401283467895e-03,4.748806729267965210e+00,6.589332868456406089e+00
6.869337935638849757e+00,9.358863324994008082e+00,1.055783253108144137e+01
2.316158007164496269e+00,5.495188325728330270e+00,9.436339834847697006e+00
1.096602204400255509e+01,1.345973289484544466e+01,1.494159708792198060e+01
4.918844587273431657e+00,7.457205556853060635e+00,7.771681656135045912e+00
6.688861221539110780e+00,1.029445848064156621e+01,1.255249333790167476e+01
-8.431586277953200259e-01,3.648012464956153611e+00,8.264264011286845957e+00
6.041300043743767390e+00,6.668824095566944443e+00,1.164937903215752790e+01
3.573331191439560683e+00,8.422443764063762828e+00,1.155810083033851399e+01
-7.144759804698130878e-01,3.412762382062274114e+00,3.504947279738216626e+00
1.658992154074562464e+00,6.510919852528347818e+00,8.792489484973602387e+00
4.992704882696965107e+00,9.541205994779225819e+00,1.146683027337279093e+01
1.396661330758762976e+00,5.337543669460372620e+00,7.427272956902340795e+00
1.883914994271335352e+00,3.697448067298283014e+00,8.431327081071756879e+00
8.097405167755340472e+00,1.159296283723884891e+01,1.579336828923367264e+01
-1.179758958603520647e-01,2.598814791623257570e+00,7.190558517414225470e+00
2.810494611451377356e+00,6.510296895902261127e+00,6.871135149674386433e+00
1.064574277529439783e-02,3.844999563369106088e+00,3.938551899190126271e+00
-1.060164356289483134e+00,3.085180254009572298e+00,4.744510515000353479e+00
5.053757686860413045e+00,8.045181406419166237e+00,1.179206649817387387e+01
1.941999963661253048e+00,5.126824770796503117e+00,8.488675926929573734e+00
2.419703442808396332e+00,6.883032160140946765e+00,8.752892075260046312e+00
-3.915108849081958553e+00,-1.179383099986787364e+00,-3.047395787732511963e-01
4.677143843176685856e+00,7.014859254033916969e+00,7.765041108156164995e+00
9.401870213679330845e-02,3.261946432644371008e+00,4.883203385463321666e+00
-4.590847183998646663e+00,-2.957747812956776912e-01,1.422113368814352352e+00
9.476714404498082445e+00,1.091088386555913203e+01,1.336723784783270474e+01
6.097808526052528322e+00,6.974452059980619900e+00,7.993482699531335278e+00
1.851147033571683309e+00,5.766877410632694989e+00,8.253004424117154514e+00
7.714138698386409310e+00,8.745848418909655919e+00,8.903462455107103324e+00
3.319398042105115465e+00,5.651785330251869688e+00,9.364935982268701053e+00
6.677358991188568904e-01,2.423686220073851150e+00,3.663507568414244631e+00
2.222170064425911917e+00,4.204067866869280579e+00,8.999715590796983022e+00
4.865225540118713887e-01,2.602333024102440717e+00,3.900523461730419861e+00
1.976668931377711935e-01,3.043879593108633319e+00,7.097598301938312204e+00
5.667454421224854544e-01,6.784069322394281620e-01,3.468915363384901251e+00
-2.734425462670484031e+00,1.447136593444256825e+00,2.525255375090319276e+00
2.337349094101361935e+00,6.945763991608695065e+00,9.834242096695646751e+00
2.578567484514647568e+00,5.162199671625390174e+00,9.980507258929012693e+00
1.911826929043781043e+00,2.560085505047778653e+00,6.260791335908031385e+00
-3.205462032765323599e+00,8.873944208510087250e-01,3.330177007343700701e+00
2.624529019239368210e+00,2.656907404839634612e+00,5.278589935536230904e+00
-2.045130253750577332e+00,-1.277570609613678521e+00,1.535281998839201467e+00
3.609594649845258019e-01,4.054052557845216676e+00,6.709409706989636568e+00
3.256078193898897410e+00,6.410088246334439965e+00,6.929815947984902635e+00
1.008823704402745491e+01,1.057346567827305783e+01,1.482816946380103929e+01
-1.856130530231370201e-01,6.103625094411313512e-02,1.482536069909168308e+00
1.291422550983662099e+00,5.979905446188942264e+00,8.274241013688618196e+00
-2.328692152209080657e+00,1.044000748042563043e+00,2.152452589317300102e+00
-1.675679441991791752e+00,-3.231150405855940377e-01,2.221887696683825464e+00
-3.618809652254095788e+00,-4.283094108398852740e-01,4.373996194606027288e+00
4.041666288534830898e-01,3.276266481481961534e+00,3.756111971212620748e+00
-1.877669760562576950e+00,-4.307314814471840947e-02,1.177764787494128829e+00
-4.483821386734112568e-01,8.236239642033380548e-01,3.350561211237684578e+00
-3.658849832610606700e-01,1.217447132596239268e+00,2.663991548306359647e+00
-4.627189796385663634e+00,2.129050083465653387e-01,3.132698139071108834e+00
-1.419982953180324525e+00,-1.110888068621358471e-01,1.268258321488407780e+00
-9.122368307038785318e+00,-5.067227740509180123e+00,-6.348486143986793451e-01
-1.020696007732206034e+00,2.374460018370352810e+00,4.531694140944471094e+00
-1.613113327456307644e+00,2.209756725987405801e+00,6.896666182827097202e+00
-1.323327846860700152e+00,-4.923250100291616249e-01,3.816203231553441988e+00
-1.370426570814660572e+00,2.873686520900161412e+00,4.706196332683499683e+00
4.417038576759583002e+00,5.875969123693440821e+00,8.702519854085878137e+00
2.871503879327792497e-01,1.648619282471771141e+00,2.375505808971751343e+00
6.958441037864888656e-01,5.461238631704615543e+00,7.918067582171746110e+00
5.716150230009140465e+00,8.077430648810281610e+00,8.707946372930669199e+00
6.326430138989151075e+00,8.847194465156755783e+00,1.256135954212959582e+01
-3.656686122774820191e+00,-2.416454605261533217e+00,-5.720113193556131126e-01
-3.402798990145854852e+00,-2.508222547226206522e+00,-7.328439818122696181e-01
-4.705907097592445076e+00,-3.994993475896571056e-01,7.858010063048497251e-01
1.065195538147402754e+00,1.212903528232321504e+00,3.894019474293859417e+00
2.582394759857633115e+00,5.479856033260851689e+00,7.124409654308001549e+00
-7.128714144070258385e-01,2.494972297991474797e+00,2.684482433685519531e+00
-4.805894847617521393e+00,-3.103026058487945882e+00,-2.380166706417512046e+00
-2.583311016808488958e+00,-1.434280571701427087e+00,4.783913019208616557e-01
-2.298204481130393440e+00,1.688484330602844086e-01,6.348458060683890292e-01
-4.784736940571375108e+00,-4.278141030755425511e+00,-9.079167417837550325e-01
-1.895464182136008757e+00,1.251978314525060976e-01,1.007807597226022756e+00
-4.760451293381633420e+00,-3.585865893613944699e+00,1.441534680152178893e-02
-5.335842459790372416e+00,-5.077048194635308320e+00,-2.533332607782369461e+00
-4.871315688800722299e+00,-3.069709486211436023e+00,9.860262391553167305e-01
-3.049606835838500452e+00,9.009282613056663891e-01,4.346936421007400853e+00
-1.146569485366567775e+00,7.773492063872975422e-01,3.933530554852200822e+00
-3.446594218793284536e+00,-2.473504868092963882e-01,1.413648871189905343e+00
-2.064080939776969714e+00,2.335793465291495785e+00,7.260081122697209288e+00
3.443762268199876964e-01,1.916576084048410067e+00,5.922712589399971250e+00
-2.732057884058996855e+00,-2.275165515964743257e-01,2.090745432721256680e+00
-2.674147591656562906e+00,-7.413330674455614888e-01,7.187935108326116707e-01
-5.248497354805722992e+00,-6.509580438382915890e-01,3.053117165756196627e+00
-3.784440022840807494e+00,-1.580925372286807518e+00,2.176897707728183029e+00
-1.135165110710331682e+01,-7.758652660760478881e+00,-6.421965151698248775e+00
1.193319856448763261e+00,2.073981361008661928e+00,6.255477317835778983e+00
-4.292969781248975103e+00,-2.359387161567898517e-01,4.748374644176763582e+00
-5.269496959535604041e+00,-5.172680476561548168e+00,-2.470777042574742399e+00
-8.411816447663689189e-01,2.665432109765008661e+00,5.578132420726576335e+00
-7.033587828479010540e+00,-3.481377694456222027e+00,-2.795071620917402910e+00
-2.134818630739995449e+00,-2.127238489889611728e+00,-1.662078218981584588e+00
-7.250427951857054687e-01,1.175256270153200777e+00,2.819922709537037164e+00
-5.695625620374293874e+00,-1.325609993571050138e+00,-9.079786214305611836e-01
-2.829805133301133147e-01,1.930550221426287738e+00,6.719662412461508083e+00
-5.734914924613547349e+00,-3.220396185053574722e+00,-2.558395747173014989e+00
1.365638781337784380e+00,2.821974643011956552e+00,5.955932064175815555e+00
-4.731267391043113335e+00,-4.671319998229455095e+00,1.691816338669003272e-01
-1.305182178452933162e+00,1.529701968496099518e+00,5.050397872781742237e+00
-1.179741408870754782e+01,-9.302608547112470205e+00,-4.512987545908493381e+00
-8.836915398039240088e+00,-5.890810140330968281e+00,-2.580891678311633797e+00
-6.082289128107353449e+00,-1.778101310914925737e+00,2.529681974379641485e+00
-4.094746904162168910e+00,-3.953890160053266101e+00,-2.537385773335908645e+00
-4.287709103890500195e+00,-3.056118441824690724e+00,-3.022893959217645588e+00
-7.168892316998618064e+00,-2.784979563537128833e+00,-1.199279214949111161e+00
-8.294181481558434044e+00,-6.559417800925697151e+00,-6.061305826811023145e+00
-1.135857807918177542e+01,-6.409971633435075589e+00,-2.278715958429558874e+00
-5.299273815782949981e+00,-2.439962250189414039e+00,1.419689528266108169e+00
-9.093689188075719798e+00,-5.208123684457986791e+00,-1.924467171717680891e+00
-1.275048660076001372e-01,7.425510620862034727e-01,4.344125353927518418e+00
-6.774512840131256652e+00,-3.926425755354799652e+00,-3.060662179483508716e-01
-3.980217739359759754e+00,-1.262951669930814980e+00,3.518733640412950336e+00
-5.292965656016718867e+00,-2.157838503544654785e+00,7.105637087994263190e-01
-9.569552962856636924e+00,-5.355611887930820991e+00,-3.459429111812931890e+00
-1.113634622212693870e+01,-9.557377896188882005e+00,-7.041533728964314065e+00
-3.046676379964860626e+00,-1.243388228996793465e-01,9.780718024998846793e-01
-1.008855908448848027e+01,-6.677151517279666493e+00,-2.665278031547926751e+00
-7.898030784521882453e+00,-5.011431632980726469e+00,-2.396613822660463633e+00
-5.784083233523029222e+00,-4.310872088301123561e+00,2.370430307797093405e-01
-7.840502302992608641e+00,-4.068003640518091935e+00,-1.666569301087561961e+00
-4.379671786855960924e+00,-1.084137217779996831e+00,6.002596162617968023e-01
-4.305076212286108372e+00,-4.005989086596659199e+00,-2.986351017502339111e+00
-4.854800184335660518e+00,-4.457359534081173358e+00,-1.916481126087485443e+00
-4.180456139329697507e+00,-1.070137984445694634e+00,8.320934768699563833e-01
-5.022886189292707471e+00,-2.372115039149762072e+00,-1.944940569234918648e+00
-1.027748522661463149e+01,-6.427693112190237201e+00,-6.263782874987093408e+00
-1.087981486232810013e+01,-7.707686944499073434e+00,-5.540954236065504190e+00
-7.699893920788796642e+00,-6.780875188549531529e+00,-4.165595834930313934e+00
-8.404034416010587094e+00,-4.499293271172948749e+00,-2.431681197819565377e+00
-9.968489335094609771e+00,-8.129944207073936724e+00,-7.417642275296222998e+00
-7.130831335494038470e+00,-4.157951407351491824e+00,-1.788283740853646719e-02
-7.661208316260385232e+00,-4.854500564860845913e+00,-4.029062753847535205e+00
-1.543555351604177339e+01,-1.212941436490102731e+01,-1.197870554135918475e+01
-1.294385038979929270e+01,-8.753580648156301436e+00,-4.146104730505673963e+00
-1.620892244276245009e+01,-1.322373999346657669e+01,-8.814839989488055139e+00
-6.050387551145657739e+00,-5.627859655657478477e+00,-4.486137184980277581e+00
-2.988292179348254862e+00,-1.401988994391025756e+00,2.463844542263351478e+00
-1.274329246629703505e+01,-1.032209324112649007e+01,-8.580355931590679219e+00
-9.431620030080379635e+00,-8.641271534279560740e+00,-4.588056562662401916e+00
-5.290728537108907226e+00,-5.188111434264556898e+00,-3.501759106540669464e+00
-9.122710097247736627e+00,-7.908832070727829233e+00,-7.263780337727975933e+00
-8.802656193243997507e+00,-7.942448704773783952e+00,-5.473463424093313989e+00
-5.258964658162213368e+00,-3.128682184282773004e+00,-5.368361692080920733e-01
-9.891458419138407621e+00,-6.253356568001610327e+00,-1.791712749560679718e+00
-9.834528114160818291e+00,-9.242217754422739517e+00,-8.828828463180947494e+00
-1.265850005916824550e+01,-1.105672678414497412e+01,-8.325221032076679961e+00
1.322511677116330997e+00,1.821948429045923135e+00,5.401807350251513817e+00
-4.206671446651618851e+00,-1.426200356990509288e+00,2.316106165899985303e+00
-7.961603755997571419e+00,-6.172034743852911731e+00,-4.166551902565322152e+00
-8.595578449356718664e+00,-4.557720621059919708e+00,-3.222673338415211752e+00
-8.196283964779794928e+00,-6.289199325441018118e+00,-6.221734319473300800e+00
-6.069302142912500031e+00,-3.292698277645745186e+00,9.646207231843506591e-01
-7.524781049307124547e+00,-7.385324614815093724e+00,-4.316376099439546365e+00
-1.067620798845175756e+01,-6.448965324492078821e+00,-3.979305901105801624e+00
-5.013267603852207266e+00,-3.448159398484699878e+00,1.534759667709622910e+00
-7.700105647521188201e-01,-4.458544367685890464e-01,6.062629622091020298e-01
-7.000635010780341894e+00,-2.574411937752787871e+00,-1.087877585351269438e+00
-5.185532607344274680e+00,-1.086299301271402395e+00,5.797071685285990483e-01
-9.772742822771382620e+00,-5.712838045391764652e+00,-2.284194222446971789e+00
-8.972939614591993518e+00,-6.630327430968073976e+00,-4.015600795237901366e+00
-1.144861685496727510e+01,-1.056031911361026587e+01,-9.980899370534332959e+00
-8.095348151903847267e+00,-4.510634200271884886e+00,-2.677682941898886781e-01
-7.180175184826151025e+00,-3.570321160474410505e+00,9.940023689941810403e-01
-1.003628875865797099e+01,-5.585896687684066109e+00,-1.694960294749898289e+00
-1.148322898399917591e+01,-6.992594383610590825e+00,-6.156476364574116289e+00
-4.563893917284866042e+00,-9.070885804311497047e-01,2.861294436969937571e+00
-3.484783493314225211e+00,-2.714900617646678338e+00,1.833015742192359188e+00
-6.869918718814306269e-01,-6.430656979540767537e-01,1.529959283438299344e+00
-7.519125759617236504e+00,-7.411730511419252210e+00,-4.794941282359588719e+00
-8.704159180491707559e+00,-6.643378411734884637e+00,-3.528068726157194135e+00
-4.707288903538083602e+00,-8.750683131989780428e-01,2.967807832194447659e+00
-8.201924597385012561e+00,-4.590816595677866374e+00,-4.081429386790859759e+00
-8.205717553846890056e+00,-6.118524923124448733e+00,-2.038772432798311662e+00
-9.141968847356046979e+00,-5.870467939936076185e+00,-2.465328415297437292e+00
-5.498789578929434541e+00,-4.364159418881541797e+00,-2.738860114177411376e+00
-6.058410261155211529e+00,-1.279354206750573653e+00,2.955272079540995023e+00
-5.549958205170763215e+00,-4.725349521614146120e+00,-2.001884166685735877e+00
-4.278672776123212174e+00,-1.826136439482750617e+00,3.921628565673329625e-01
-5.100929727942370207e+00,-2.747861871072441176e+00,4.665806782901373850e-01
-1.157137013136258474e+01,-6.735623046977638140e+00,-2.358996350673631781e+00
-1.106260186157610192e+01,-6.686969843557994508e+00,-3.170086178207440764e+00
-5.435675707720734273e+00,-5.347737536458492258e+00,-3.145434871764801521e+00
-1.050883372904324631e+01,-7.953202553170925171e+00,-3.740746028042605253e+00
-1.004348017318758934e+01,-5.429269867458978993e+00,-3.171540443513551910e+00
-7.914433557082447557e-01,7.108548114025428077e-01,2.397628323886807244e+00
-6.757965303184921169e+00,-3.864654024046914049e+00,-2.489794239898232675e+00
-1.056303513188467136e+01,-6.009341503480964519e+00,-3.916081598961448584e+00
-2.851051718932883006e+00,2.099269123397530024e+00,2.646845360095723798e+00
-7.315693505115325124e+00,-6.376297333750647667e+00,-3.818343905503217783e+00
-1.074661972156920875e+01,-6.405092855345277059e+00,-4.635327305726551828e+00
-3.951862160337852536e+00,2.354772109614700071e-01,2.362740143352208388e+00
-5.666078704273518341e+00,-1.401118529112921340e+00,-1.396137723680412890e-02
-6.065377993468612949e+00,-3.705919255221186148e+00,-2.312262675049232108e+00
-1.825401275194265427e+00,-7.492836476538893287e-01,1.356444953834210931e+00
-3.944630374803711703e+00,-2.271096613686264032e+00,1.664638168003316654e+00
-1.039619290793581996e+01,-6.658000122970285872e+00,-4.865233107121897049e+00
-1.517873482160349852e+01,-1.021736501565976241e+01,-5.348175941257755639e+00
-9.239685685878342269e+00,-4.650518297489325548e+00,-1.717978332496597815e+00
-1.677840478892767440e+00,3.837132303043340187e-01,1.948827974516346373e+00
-4.152939751079967934e+00,-4.077779406406427221e+00,-9.187457472771622946e-01
-4.097947706968822601e+00,-1.332138157426183245e+00,1.817219420394287077e+00
-4.957585015322932165e+00,-2.077810453143456471e+00,-1.389230745742349171e+00
-1.110630216398339520e+01,-7.629405213558921872e+00,-5.827226339957396917e+00
-6.266027998831622980e+00,-3.684553833081088303e+00,-1.856284964400626070e+00
-1.414040178979984130e+00,-1.304040827865335483e+00,3.078728278706136745e+00
-5.399971609291203123e+00,-4.656304392819820670e+00,-1.745439078960548951e+00
-7.711222140717643114e+00,-3.295567072651989893e+00,-2.188920824533840737e+00
-3.004797886047320787e+00,-9.447242229029546579e-01,9.439356866049568584e-01
-2.259142796382636487e+00,-1.813040394233587094e+00,3.045459597511213090e-01
-1.197536869884981758e+00,1.199855560777403962e+00,1.332842221213904388e+00
-3.139528043454110406e+00,-6.988092564590946409e-01,-2.296586187491033160e-01
-9.087665666082465066e+00,-4.625352369300641087e+00,-1.374563629226297490e+00
-3.379616868549425668e+00,-3.097482205620434748e+00,1.037732884742119666e+00
-3.318077005622155795e+00,-1.510079758628580127e+00,-3.819940625856137473e-01
1.269429315671753322e+00,2.539035396290832303e+00,5.527628333115871762e+00
-3.208935372839633260e+00,-2.801170699581375878e+00,-2.507445018292233208e+00
-9.619420510919876932e+00,-6.481855278042631063e+00,-1.572307931026666772e+00
-2.282344959284251740e+00,1.347971121634699010e-01,2.201213747281909328e+00
-8.091670065753783447e+00,-3.355681552024089243e+00,-2.150728646576220537e+00
-6.048736665784669952e+00,-4.846031500110076884e+00,-3.204509348067494656e-01
-4.068901925508432882e+00,-8.342460275136202030e-01,-5.653270855753603774e-01
-1.241782970828557264e+00,2.128104068773666757e+00,6.228261775056200378e+00
-3.781096799504726214e+00,-2.411330210794911277e+00,-4.968658393873304213e-01
-8.691557164160679250e-02,9.014675178177680159e-01,4.068198865226985816e+00
-1.761458926465513386e+00,1.559515419505167699e+00,1.902194576595028330e+00
-1.396766876351969389e+00,1.991756378243527026e+00,5.284029299001161917e+00
-2.652996364465752599e+00,-2.477324072350655992e+00,2.995263083237027502e-01
-6.609816592013483927e+00,-3.540124424085157706e+00,-1.389346138175973522e+00
-7.533622323457432657e+00,-3.027036445480117077e+00,-1.385189848494511544e+00
2.068797524496859719e+00,2.404689384506087713e+00,5.763954359359363622e+00
-8.872035299586893409e-01,2.138897731757908538e+00,7.084190284672717830e+00
-3.785942738575506894e+00,-2.629401333694197263e+00,-6.519294016251457879e-01
4.439763852146029421e+00,6.745662836949277263e+00,1.105320227288183688e+01
-4.848204037477383821e+00,-2.775364078831875858e+00,1.085377543792965138e+00
2.773688869719072247e+00,3.558402502325353822e+00,5.607324471051446935e+00
4.450655622057873906e+00,5.225542863637709701e+00,9.973937188342805626e+00
2.137914415098551846e-01,1.102577963302125985e+00,3.197941631054307621e+00
-1.840220734296372118e+00,-1.428917119496448951e+00,3.178000490493960495e+00
-4.375365267105594036e+00,-1.256271429926589356e+00,3.556009882978647063e+00
9.696935315831656244e-02,3.083275292671971979e-01,1.183220074038162650e+00
2.544297269843986076e+00,4.444541403075800368e+00,7.551340911054017724e+00
-3.937892139967017258e+00,-2.290303774606927689e+00,1.269066327385025339e+00
-4.925195740764229058e+00,-4.099548006355897556e+00,-1.096365213464851163e+00
6.205106014404435655e-01,2.610341489980142704e+00,5.151546383472743074e+00
5.282440613159691267e-01,3.376409366670391154e+00,3.675888767972424809e+00
3.022689085422510580e+00,7.642810391806834858e+00,1.157326956756313763e+01
-4.513098340152417620e+00,-2.300819396453795296e+00,4.365280956833061943e-01
1.386147919495665182e+00,1.548825934632090506e+00,4.038562602172262039e+00
3.414127626427200468e+00,5.545707332804248324e+00,7.418133667399493092e+00
-1.547220529637251651e+00,2.529540138550969708e+00,3.439162011166128075e+00
8.056211186870592122e-01,1.687172366357100772e+00,4.295561496846052485e+00
1.313769707374177642e+00,4.749488851623857144e+00,4.861691499167179131e+00
-2.041599919998158263e+00,6.876025312266864642e-01,2.181098174870330642e+00
1.361274649115477242e+00,5.145682239220491283e+00,7.490041774103541883e+00
-5.234283987839988050e+00,-1.063907662551448752e+00,9.209722150500327942e-01
-5.892008040094019350e+00,-1.756560296222525963e+00,1.825975124848356224e+00
-2.055773678320423681e+00,2.085513255632192031e+00,6.147615571715522975e+00
-7.111313021056467676e+00,-4.679490928639854275e+00,-2.839033888045845888e+00
-4.576179690019985813e-01,3.368106235398413695e+00,5.175726619313110177e+00
-2.427533595523220011e+00,-1.980550743592928598e+00,2.313672493441471190e+00
2.180996128779660204e+00,4.166987313086109701e+00,4.830007066901453427e+00
7.457485763960529646e-01,3.978132639845803897e+00,8.426998879002333354e+00
-9.855259899318853378e-01,3.319301615082253409e+00,6.091535718710611391e+00
4.492869455943888646e+00,4.933225041030365965e+00,8.416240450323909883e+00
1.292604152830338915e+00,4.336747653598247432e+00,5.387489348294416835e+00
-1.558075368451564024e+00,2.944625913156205144e+00,3.377964599334877249e+00
7.550216637414477461e+00,9.415407930188335328e+00,9.888073195821618810e+00
6.406115775905112386e-01,5.200335860732273829e+00,5.377256506279633363e+00
4.304549430426227730e+00,6.433373314546027899e+00,1.074226674791466785e+01
6.176421526905962800e+00,7.433333222417086716e+00,7.958394575226062528e+00
5.679136494233891774e+00,6.314158152142409719e+00,8.338833623193156797e+00
8.450058253381115492e+00,1.059296754984667999e+01,1.418335223664466227e+01
3.806719579736073555e+00,4.996362900060264955e+00,8.505561298032652928e+00
-4.244613769115908042e-01,4.570418518351258896e+00,8.891672883007698758e+00
-4.432657891943438955e-01,2.734605914294537143e+00,7.434168419560036156e+00
-9.499938282040512050e-01,4.005552034081649282e+00,6.856921490887170734e+00
1.302606237641064091e+00,2.670756866273887198e+00,7.245673164264248456e+00
2.764127542025663686e+00,6.985101419963754665e+00,7.408157727483184907e+00
-2.377369467534100167e+00,2.304504041377068546e+00,4.135603227403061410e+00
3.739312773538453705e+00,5.349742317765950439e+00,7.066089103586636000e+00
5.292728229017422237e+00,6.892819803877046070e+00,9.472945701433017618e+00
2.850969984655085554e+00,5.749838593512648366e+00,7.878015780634942899e+00
6.317650987682759123e-01,2.694659884770793656e+00,6.381228857898454621e+00
7.546464030871844919e+00,7.561601722261460878e+00,1.229603403003294559e+01
1.717742527949938314e+00,5.289910808630920336e+00,8.826173451548008586e+00
-5.102084157250844854e+00,-2.992267326207918465e+00,1.836666781983492314e+00
2.752890229001122790e+00,2.754506387405192491e+00,3.136913437985331399e+00
5.965058217631011850e+00,9.985379733340504771e+00,1.367888413901410338e+01
8.954299120103900833e+00,1.031107660092574640e+01,1.328487600156917203e+01
4.850992431790444925e+00,7.511256687714253921e+00,1.014683040848221474e+01
5.380797208080061012e+00,8.358603730013605571e+00,1.332728021507706195e+01
-1.193096130376678499e+00,3.743628585612631010e+00,8.652037056787447611e+00
2.625387668454514767e+00,5.368809623189700453e+00,6.959279087701375488e+00
7.124122498878575627e+00,9.924672691057640606e+00,1.303811515779117869e+01
6.007035400229193023e+00,7.564225743909697819e+00,1.072810531875339279e+01
3.437817920658295279e+00,6.547789288355119197e+00,1.106514635001326141e+01
4.669501738430803073e+00,5.857519927657827807e+00,9.345569056625002702e+00
7.751074152062206402e+00,1.000488101753287751e+01,1.065445939097509331e+01
8.328666781067003200e+00,9.909580147633890945e+00,1.019596531986903543e+01
6.956334291374276724e+00,8.552998450635939776e+00,8.898066687018355125e+00
2.234545539315154983e+00,6.861770818804146188e+00,7.370500602202831431e+00
1.563377222207366302e+00,5.650084024525288129e+00,1.018071607637285325e+01
6.516878140028946831e+00,8.855230930003109791e+00,9.124862010010868829e+00
5.457799903766202831e-01,3.524708407505465324e+00,4.698550326287708856e+00
3.316080360242042779e+00,4.199372378601847089e+00,7.033191827855272749e+00
7.989200516555152731e-01,2.580832025844749467e+00,6.232724910077159564e+00
7.732929440710986313e+00,1.068918471735481290e+01,1.483589108596178718e+01
4.577305921042806425e+00,4.869235239392899928e+00,6.043830463018717403e+00
5.454386087230066238e+00,8.289334507359106041e+00,1.269147566958643125e+01
2.677878909826985065e+00,6.745037273893072616e+00,1.014269396857121386e+01
1.298667481573647819e+01,1.585703499260928595e+01,1.901433117762151781e+01
7.463100651940711927e+00,8.531139412519918253e+00,1.150710535011595503e+01
-8.105174542749220556e-01,1.658290492117604487e+00,3.580462897300470182e+00
6.369930222519925245e+00,1.080858280796509518e+01,1.495566143170049855e+01
5.772969035144972949e+00,6.156647333901563712e+00,1.108529454178312079e+01
5.599471793145519349e+00,6.749392808008503053e+00,7.826089744718017549e+00
6.478753875217391212e-01,5.366956619105359039e+00,7.590968758948701378e+00
3.975056269222827510e+00,8.001879787191349180e+00,9.442891182310969356e+00
3.625497463746969906e+00,7.991353044025954588e+00,1.215287687088321178e+01
2.936974190696406861e+00,5.534367548779511203e+00,9.059647348043236903e+00
1.151416220574882132e+00,5.971557025616951009e+00,8.231784225254266119e+00
5.352214708180898839e+00,7.823239081532251227e+00,1.143725784240133159e+01
-1.419364826503662691e+00,5.127679767783961395e-01,5.318916600181981202e+00
3.034058193117416646e+00,3.236237042549480414e+00,5.253126521504661639e+00
9.019396831222589839e+00,1.258865216642340101e+01,1.473555529553122412e+01
7.282016177044379646e+00,8.578259223562820779e+00,1.064553001135175947e+01
1.626775266377239682e+00,6.034359254400738948e+00,8.769395517104577209e+00
8.577416570568652254e-01,2.533292621198531158e+00,5.890907542079702353e+00
4.403983604044247713e+00,7.463208908664520358e+00,1.026544298563051072e+01
8.640721853490074267e+00,1.059650820721597952e+01,1.095750974532172606e+01
1.246182293921990336e+01,1.556548041478286315e+01,1.766442423183784882e+01
1.118529469054347913e+01,1.332911513181355190e+01,1.449951730496337987e+01
3.748267630971989561e+00,4.995367633040697086e+00,8.932674159233124911e+00
3.773346080450789231e+00,6.170170057631477079e+00,6.716659603669709711e+00
3.013353805738055335e+00,3.242608630204887987e+00,4.366185966599096524e+00
2.692620709006702917e+00,5.129829637944729015e+00,8.216080106319829213e+00
6.293711544422932569e+00,7.012105398057458139e+00,9.181400630107642513e+00
6.180455798702168657e+00,6.543216712564941417e+00,6.731846152677724682e+00
9.483737286125993649e+00,1.380047698264841571e+01,1.709214808083360637e+01
-2.244604587982457211e-01,3.681008468309878268e+00,4.590395600366959705e+00
5.869471510329503872e+00,7.480259926429955186e+00,9.699216442490520507e+00
-1.878380594710159279e+00,1.411791129157769831e+00,4.086009967970054113e+00
5.822350786523374566e+00,8.579637026030303204e+00,9.364351269927958299e+00
1.170879483466269910e+00,3.544814563310410449e+00,7.663806003632490871e+00
8.311647829156179057e+00,1.085895209108077353e+01,1.185766113607525618e+01
4.590334386328912331e+00,6.657320335163988467e+00,1.043136350975561832e+01
2.626996354023296565e+00,3.301958451815640849e+00,6.204275377097603794e+00
-3.651059295331968713e+00,1.175514295933455244e+00,3.077023844882132764e+00
4.303411430539336280e+00,4.521617646364864740e+00,7.687137666463543795e+00
7.912275749822658355e+00,8.147793326517916768e+00,9.105821648307326655e+00
8.422544004884915836e+00,8.664530385648353317e+00,9.517783449825319764e+00
1.598580240735246960e+00,5.873241327599448169e+00,9.547497916028621745e+00
8.403485385988773260e+00,1.011274858003309696e+01,1.459843768777131068e+01
5.672660598963181755e-01,3.893177138569462681e+00,6.131910117004881755e+00
-1.859133203091375197e+00,-1.517468796921959573e+00,2.136138045626421622e+00
6.195313387858823795e+00,8.072944015555020059e+00,9.587089036777797446e+00
9.614056573501127190e+00,1.105542164042330455e+01,1.109396777014544000e+01
7.328051051679125294e+00,1.104127706568785605e+01,1.176782875077424784e+01
5.970690776601346172e-01,3.200293271981420773e+00,3.280700282002533275e+00
2.280985954421909323e+00,5.420402394048450923e+00,7.267864137772243716e+00
6.025295126970386050e+00,9.179032383796490890e+00,9.628507118877067228e+00
3.746018482078639522e+00,5.077687711969274709e+00,5.629221676833836341e+00
3.994598137295263030e+00,7.224952026893514123e+00,7.767719506282567465e+00
1.622130697032703850e+00,4.707641754700496506e+00,5.381094109614666721e+00
-1.181425913138679729e+00,3.535347114777781297e+00,5.617250501801616558e+00
3.426397765871228351e+00,4.059348163751629102e+00,4.268400415736014253e+00
7.911907754958267702e+00,9.559020524219945969e+00,1.401595264563444232e+01
5.955930132498434837e+00,6.675005942201969411e+00,1.062916627989138618e+01
8.302710241451340067e+00,1.038956938416976428e+01,1.440420863786343730e+01
3.702468448146875701e+00,8.073925192390934313e+00,1.306301298042767733e+01
1.092830002837138181e+01,1.126928741153944458e+01,1.525079371516780924e+01
8.491389058312828197e+00,8.839833477053824495e+00,1.041379703594880368e+01
5.366754910765052955e+00,8.597916183970943038e+00,1.083435835903021527e+01
3.064957508765483229e+00,5.891241885109112175e+00,1.072220248974183043e+01
1.111842040923116315e+01,1.521170420031124593e+01,1.703005198621523419e+01
3.452422182254328842e+00,6.452145356245757135e+00,6.694560496431206431e+00
-2.142136282325197705e+00,1.223549033798585484e-01,3.164337580346532341e+00
3.200343550521607128e+00,6.773929197221426612e+00,1.128151564112215866e+01
1.533515073233526982e+00,2.948806240869938033e+00,7.459658408231888416e+00
5.563682142787840235e+00,8.871274723114233041e+00,9.259503334516420381e+00
6.019218360669627899e+00,7.920882780326932604e+00,1.030385837401943405e+01
3.328395485282624300e+00,5.090831814083898621e+00,5.670530164691184538e+00
1.644522091207751835e-01,2.922375023059313737e+00,3.581142171014992659e+00
1.369641056197121287e+00,5.944777088310147839e+00,1.027104239234995120e+01
1.123954451061228266e+00,3.500032744522206141e+00,3.838775975019612652e+00
4.943166002134616654e+00,7.704193050530637521e+00,1.066537660531931309e+01
2.482598346388206423e+00,6.924712343971741291e+00,7.262299929123275710e+00
1.051878739392155282e+01,1.397931125797704510e+01,1.679333571549004489e+01
2.875828888262108141e+00,3.749701556641126476e+00,4.358368795029801568e+00
6.175608315674891990e-01,4.087314984236125603e+00,5.786419375780990748e+00
-5.549480159526503087e-01,4.444750464275942115e+00,8.914766261856033935e+00
1.657984281162232065e+00,4.486571647691425468e+00,7.695229576406566352e+00
7.015774699010934867e+00,7.810207512200851632e+00,1.228023101539176665e+01
1.513725856769120082e+00,3.808394728492200620e+00,6.415164726623723723e+00
6.096437989400084412e+00,1.046208342001324709e+01,1.049333506743538358e+01
3.726610255597766930e+00,6.198343258994257532e+00,9.332176523634004184e+00
2.103440154131876128e+00,2.899990176881142023e+00,3.241492194515825709e+00
-6.364003448477157932e-01,2.038270338660655767e+00,4.775915626307381423e+00
5.637337405558473513e+00,7.288589935441017076e+00,1.169974632060492681e+01
2.649262185895709720e+00,4.154685118302736235e+00,6.737082491581557697e+00
3.065094980583269013e+00,3.998670175510679936e+00,4.054471702917398446e+00
-5.248160649355737561e-02,2.077657661991076932e+00,4.712399528317071429e+00
-2.337575250993677578e-01,3.589641756526004368e+00,5.833501878015477260e+00
3.636353083854659829e-01,1.757296207163843160e+00,4.778479566202305406e+00
5.752932313284326860e+00,7.658808169034739599e+00,8.825931787901547310e+00
1.071988222907824806e+00,5.623728154862181583e+00,8.307182120589153840e+00
1.844119545726625065e+00,2.846505900734146888e+00,6.201062572104193649e+00
-1.315294210485535853e+00,2.700093859178922973e+00,6.492762636566074441e+00
4.444705346523365463e-01,3.442157589853842126e+00,6.040265761507459530e+00
-8.409853023667395178e-01,3.045633112951044552e+00,6.586244133510382071e+00
-2.769809153394873658e+00,8.757643780054191751e-02,3.376179261586011560e+00
-3.691392305297192866e+00,-2.848263082953884862e+00,-2.748595391914076647e+00
-4.299474790183509754e+00,3.562057236120037551e-01,5.032629199575353596e+00
-1.681245098814557082e+00,2.258608806088701293e+00,4.120129818616287132e+00
-4.286019498428607077e-01,3.251515316555524393e-01,2.111812136942255780e+00
1.259655285446086292e+00,4.890822619230005941e+00,6.566822445082263648e+00
-2.340359271834169697e+00,1.639205443533039208e+00,5.004271966084645307e+00
4.691074214067459280e+00,7.840972272132106013e+00,1.249215650542378242e+01
-4.037964077588613421e+00,4.291173733472986029e-01,3.987444707660234844e+00
1.432654986661306973e+00,2.428892653416721004e+00,7.123513777022330906e+00
-1.024879871666424247e-01,1.033124270668020372e+00,2.896040047240408200e+00
-1.022037993904283404e+00,3.111867882939515439e+00,4.155153421798882363e+00
1.689483713886436256e+00,4.882499914487512527e+00,7.171681816144475974e+00
2.825561160856691068e-01,3.402722660750209016e+00,8.192976515689014860e+00
-8.663744908672853740e+00,-4.621923514162242341e+00,-3.142810333816378865e+00
2.576248384991740803e+00,2.862619718947525094e+00,7.697841383352509226e+00
-4.702876161375556308e+00,-1.777014029047181420e+00,-9.114883319936784023e-01
-2.916597255863824678e+00,2.189461190196367868e-01,4.300283950521122112e-01
2.171344041870630903e+00,3.108954032541816126e+00,6.272106134503636632e+00
-4.437878648104067736e+00,-2.425492082657641824e+00,-8.000334468191954151e-01
1.017128697347112976e+00,4.294601946907950385e+00,8.626619530874252817e+00
-3.733213161303477357e+00,-3.402576649235885542e-01,1.976944538110292804e+00
3.831741598079904776e+00,7.126060753472953202e+00,1.060432183217997704e+01
-3.162384293250111611e+00,7.128688079108397302e-01,2.248110726358529377e+00
4.944551385334707838e+00,5.516719881676867665e+00,8.926120182739715858e+00
3.282462855561558257e+00,3.887886730557355897e+00,6.197959841131861936e+00
-2.797484507791283104e+00,-1.643976342482432962e+00,1.637887345506872094e-02
-6.174002762198940175e+00,-3.820879724070803896e+00,6.600034395018345990e-01
-3.081795529081083451e+00,3.203229632764293955e-01,1.178506436290122306e+00
-6.270051309177265608e+00,-1.872814149529717032e+00,6.299008746147047866e-01
3.489132762697572776e+00,4.510402692458425733e+00,7.147593542455949134e+00
-2.027340783178134931e+00,-1.072712418389208944e+00,7.639130925145816153e-01
-5.363829069053492660e+00,-1.336209802128582425e+00,1.956867912904141971e+00
-7.114717350949607777e+00,-4.725007619082671972e+00,-3.592810912536847479e+00
-7.922435350676861887e-01,6.186035229081703335e-01,5.509785570157147205e+00
-5.977524279465654899e+00,-4.262840464432391840e+00,-1.182202711163676145e+00
-2.012090777200679970e+00,4.866501608348374752e-01,6.021705989517786017e-01
-3.923577415054249506e+00,7.997965619713340857e-01,1.239442871460262108e+00
-6.582162215877905176e+00,-3.288623495421674647e+00,7.664977850339758092e-01
-2.011923503761033238e+00,1.731749960577576797e+00,5.778001548363645767e+00
-5.758850901254577437e+00,-2.060250798751166457e+00,1.676100360339272122e-01
-1.022757722136921288e+01,-5.746204261163455840e+00,-1.183998817123180558e+00
1.022580419702967980e+00,3.207354809103255988e+00,5.631236557342447213e+00
-6.722341846058534465e+00,-4.294109861303322617e+00,-2.899595764791080388e+00
-6.714892458077997839e-01,-9.680612425286283518e-02,1.213091490283904728e+00
-4.654573709974516582e+00,-4.340546676761771749e-01,2.281226471674402845e+00
-4.887368203743051254e+00,-6.363774601407108378e-01,3.089432227312221890e+00
-2.522957341748845117e+00,-7.798847687611529800e-01,1.466777334566651270e-01
-7.732690039978759700e+00,-4.896590978419823159e+00,-2.173074502819885012e-01
-1.198604533683930828e+00,2.998471500186753236e+00,6.817648963171635046e+00
-3.116214646278176126e+00,7.046557626767127047e-01,3.343422239681875574e+00
-1.674006640878320074e+00,-8.263747970778507757e-01,6.013480052763491290e-01
-9.226304199194613531e+00,-6.336840005278775223e+00,-4.755072880543203873e+00
-9.266102441533519141e+00,-5.358268646399054980e+00,-3.492184840695601977e+00
-1.104393408807803345e+00,-5.349110103467868971e-01,3.377810754819575045e+00
-1.209193723778347973e+01,-8.601286321418969649e+00,-7.335502054142469142e+00
-6.561464295094724619e+00,-1.655888146561771190e+00,3.600594714665570351e-01
-1.014838764130383275e+01,-6.746084273780806662e+00,-2.193842072455869818e+00
-6.215950856217201448e+00,-5.435967914645839727e+00,-1.040858961292560281e+00
-1.066269946926678180e+01,-7.143135147022050546e+00,-6.305321277243234768e+00
-5.570951639504807318e+00,-2.248390729197626392e+00,2.124487359526602503e+00
-3.708175473235132191e+00,2.869015666855174729e-01,4.089936429264595219e+00
-2.898956566842919802e+00,-2.092275825176621140e+00,-1.139155272547903275e+00
-4.574207957151010362e+00,-1.835625682225906274e+00,1.065104401030925629e+00
-7.494794144425331872e+00,-2.776673826332656247e+00,-4.332671530498788393e-01
-2.815016792751388053e+00,-1.302503756444528094e+00,-3.486392002914202592e-01
-2.288803335880813528e+00,-2.017948556501263813e+00,-1.674680684347107373e+00
-1.450252272534758902e+01,-1.163168809345752130e+01,-1.075037830304346897e+01
-5.091293980431990107e+00,-8.332085034278287061e-01,2.149150595529241148e+00
-5.537368438710286611e+00,-1.212935649449061071e+00,9.243735118484512903e-01
-7.744986392746721293e+00,-4.766101417738041413e+00,-2.138959902025946214e+00
-1.459642821870295037e+01,-9.663044470386315865e+00,-5.678945004169921873e+00
-6.049735800617213499e+00,-3.072735389641273240e+00,-3.980544309323619245e-02
-4.122370914478862503e+00,-2.878362351191905866e+00,7.954023659069200392e-01
-1.015058369873441535e+01,-5.236419383889581169e+00,-4.589262856157194648e+00
-6.596220022202475164e+00,-3.409914032356978097e+00,-8.205074247555059763e-01
-5.059996449910728167e+00,-8.079404864553794141e-01,-8.077061374973468766e-01
2.434343454564255715e+00,3.117267891582319095e+00,3.302631822176774534e+00
-4.499461177182923599e+00,-3.684794835333135232e+00,-1.451134336893895593e-01
-3.870688232661983808e+00,-3.172331110750390870e+00,-6.067585376545325815e-02
-1.103337718840560733e+01,-6.692348399804453507e+00,-6.519230610127497272e+00
-5.904329029392942907e+00,-5.770396949992310454e+00,-8.211555784532613700e-01
-8.084276581833574227e+00,-4.717903754064211697e+00,-4.014427645352167673e+00
-2.351939864008431691e+00,-8.184799144365100254e-01,4.106545851928586899e+00
-3.070992483748178792e+00,-1.934909613478496215e+00,1.829223212162028656e+00
1.519390974568786135e-01,1.357849483184991435e+00,3.350187635604680914e+00
-1.334110542120373211e+01,-8.937584162470450622e+00,-8.795389456261730743e+00
-1.000923797685996064e+01,-8.473062179916256653e+00,-6.037098637913036470e+00
-4.356279972780830789e+00,-1.228806283646620479e+00,-1.087598008838926766e+00
-2.273262965663949586e+00,-2.199081334706507462e-01,1.501527776054644825e+00
-4.631099117103669727e+00,-4.496766107511753319e+00,-2.719927553674871934e+00
-2.267928296659824383e+01,-1.802084152101566161e+01,-1.664769930734870584e+01
-9.808663348126493986e+00,-6.880706860538719383e+00,-5.390228323692291212e+00
-4.201260721604834991e+00,-3.667930118451297350e+00,-2.219312718249902172e+00
-9.748932486728339342e+00,-7.395136792178210960e+00,-5.914094802946012308e+00
-7.283041119124705531e+00,-4.162194513354399383e+00,5.832490965553622786e-01
6.128781229570585687e-01,9.592359430425219102e-01,4.544257746414177568e+00
-4.813480794888144176e-01,-4.750660440172485011e-01,-4.699585487645276949e-01
-3.006590271724111751e+00,-2.341993498172432187e+00,5.765902279581647250e-02
-5.215411103317437735e+00,-4.975390928743268049e+00,-1.364632089936257398e+00
-6.423991013288546270e+00,-6.277583287674848300e+00,-3.800424414042091303e+00
-5.910514123581307899e+00,-2.530020935312848884e+00,-1.342267905348098367e+00
-7.631434248772290374e+00,-4.734943563177840709e+00,-3.426036488348378484e+00
-5.708507690979632621e+00,-4.638021387549751573e+00,-5.460743157870728837e-01
-1.113950820109801398e+01,-9.474941494694814281e+00,-5.405043659856867855e+00
-8.051744344720496827e+00,-6.967197285827730902e+00,-5.187869433239288952e+00
-3.081781136367643725e+00,-2.568487068069054136e+00,-8.598512659774959488e-02
-1.003385349588167585e+01,-8.125882033907213753e+00,-8.096098935613069258e+00
-6.346600017728192711e+00,-4.022324379254237137e+00,-3.650251197015462967e+00
-7.761631363326979560e+00,-3.576851134475771410e+00,-1.108385262840643648e+00
-6.845021785463710984e+00,-3.394768302845755148e+00,7.109116752572179898e-01
-3.373754101417299811e+00,-3.117864572666035006e+00,-1.431875818402278622e+00
-3.030451909334604732e+00,-2.904862774623989896e+00,-2.656729844775239435e+00
-6.836127565171117304e+00,-6.646965308985814502e+00,-4.257432602976830793e+00
-1.141765013764889503e+01,-9.164259899820764943e+00,-8.858057669155879665e+00
-8.677624265272509518e+00,-7.365781933514545798e+00,-6.143325955980685649e+00
-4.020541352043033534e+00,-2.537465681581002386e+00,6.663463123631645502e-01
-1.179533839704868292e+01,-8.310002035930814657e+00,-6.614644886680297375e+00
-1.174886572910942029e+01,-7.807712540155970160e+00,-5.718411660121329732e+00
-1.041293586181017616e+01,-7.800922407584408802e+00,-7.073174405486934546e+00
-1.133969948452016396e+01,-1.017522226419032805e+01,-6.537446087085887036e+00
-1.293653773023044096e+01,-8.051326547632037034e+00,-4.528058769482627532e+00
-1.851343238650494438e+00,-1.580351309540101390e+00,-8.658945435381223410e-01
-8.930179894188572831e+00,-6.701287184517322970e+00,-3.038422870052621239e+00
-1.059515279149959532e+01,-9.765490501753852470e+00,-6.011384818791278839e+00
-8.798710227494119351e+00,-6.019531607697515163e+00,-2.146815713894633326e+00
-5.705321779294174611e+00,-2.917133708729491293e+00,9.548218089482451987e-02
-1.114726621286455277e+01,-9.903530882739772778e+00,-6.302582198100632915e+00
-5.732063780611017734e+00,-1.511991939349522696e+00,2.844462099744587746e+00
-8.801125549643924018e+00,-8.653860286555866921e+00,-5.530871281724920152e+00
-1.042235224213476741e+01,-5.474660571216860561e+00,-2.540082288452413906e+00
-6.324951332969330764e+00,-5.468606295326232214e+00,-1.080565841285453743e+00
-7.203587324535501324e+00,-5.882055250282663295e+00,-5.656987952476616677e+00
-6.496990136177094755e+00,-4.344400297055154070e+00,-3.843036829977492630e+00
-2.341136298692456208e+00,-1.764924864504621826e+00,5.515208726076843426e-01
-7.235403543885805533e+00,-4.171986483506251453e+00,3.549738247874110186e-01
-9.340223411006435938e+00,-5.813958740943846237e+00,-1.600942982829244521e+00
-4.629565607600394372e+00,-2.570643534901434268e+00,-9.776850591687067382e-01
-6.229263448284438454e+00,-3.265062114193282294e+00,2.124357229397126900e-01
-8.679208342829443978e+00,-5.837956118572089181e+00,-4.515349749039916816e+00
-5.492198197003724580e+00,-3.643578750311705861e+00,-1.402055220032167426e+00
-6.037770535317884324e+00,-5.967011014841371974e+00,-1.567817087724966640e+00
-8.802231866248035885e+00,-6.245181017254731515e+00,-2.490031281166241062e+00
-2.026598222402672178e+00,-1.167041732122320319e+00,1.616176724978498846e+00
-6.809223392814428344e+00,-2.178567535221646700e+00,-1.107183607401060144e+00
-2.871121932849992398e+00,-1.141840928748984574e+00,7.997749270035552360e-01
-3.396205262194737617e+00,-1.479687204459347427e+00,1.523425766362454414e+00
-7.946251707743604342e+00,-5.977400474804184682e+00,-2.607127992338858835e+00
-2.663966198920873829e+00,-2.411645574209959619e-01,5.469650758301940474e-01
-8.808559125577012594e+00,-4.065717948219530697e+00,-2.868136230982784696e+00
-3.124119045573300557e+00,-3.117694059521598504e-01,-8.299217818038662209e-03
-7.993069124913145806e+00,-3.399960724530734169e+00,1.240019709150299576e+00
-3.831713198451168978e+00,-2.008993578729487695e+00,-1.404092773124184790e+00
-5.691298072627235527e+00,-1.841377490549451768e+00,-5.301141094290913180e-01
-3.855846172598440980e+00,-3.527679855134118192e-01,4.222973000087124618e+00
-1.056725955808802375e+01,-7.616068115500528535e+00,-3.309880560450662479e+00
-8.483702197926067612e+00,-7.360459936606939202e+00,-2.808306179528837099e+00
-1.666994494418075679e+00,-5.337717344091945648e-01,5.952288288051295062e-01
-5.795623772153312814e+00,-1.396279356982049524e+00,1.378238063992876850e+00
-8.704817833441111929e+00,-4.707609763770934208e+00,-6.951660311052423324e-01
-4.436745498988934777e+00,-1.201938899256496107e+00,-2.565702870745628639e-01
-9.892303407023218753e+00,-6.431833231879837243e+00,-6.113659898059189857e+00
6.669562802569270588e+00,7.672903033412741713e+00,1.088746219525962289e+01
-2.635265215676248829e+00,1.903783768821303291e+00,5.762247817002133843e+00
-1.736254421986441532e+00,-7.396562977312193254e-02,4.044543273589376930e+00
-6.455917345371208427e+00,-1.622930883917071743e+00,3.682082167923006466e-02
-4.548113667174615848e+00,-3.613986508510481421e+00,-2.626414225033893768e+00
-7.597018896092578188e+00,-5.595400781869448892e+00,-5.333783742997805000e+00
-4.351223216153436546e+00,-1.912436493775683033e+00,1.749056202558194162e+00
-6.707789439433907930e+00,-4.055491740336665707e+00,7.947594917708906692e-01
-6.093423338637368403e+00,-3.784919354694195270e+00,-3.718625128984686334e+00
-7.885040563639671873e+00,-5.534418790172176195e+00,-8.850080082500406675e-01
-9.172212104391455068e-01,-4.379144425167799115e-01,6.769228401500536618e-01
-5.797663657008950366e+00,-2.219867324460773617e+00,-7.493638967290572328e-01
-3.211117412693698547e+00,6.150871830924373729e-01,2.711708370561298764e+00
-3.499694309141474946e+00,4.806413149732282619e-01,3.238305992448632153e+00
-5.144481330056523971e-01,-1.021049664122555267e-01,1.828576307480915597e+00
5.622390532046095402e+00,7.288632182350690769e+00,1.133903816370656870e+01
-1.241529140347434446e+00,1.882862396966511920e+00,5.769866439493950949e+00
-6.128672396144171586e+00,-4.267923601571824932e+00,-8.092073050678645352e-01
6.664043055087177647e-01,9.925762410080480880e-01,1.176193529166145835e+00
-1.879902754807464493e+00,-4.425633724003188441e-01,3.425932513637536481e+00
-6.871907347474921934e+00,-4.201469962764402766e+00,-2.157361009316031364e+00
-8.820848913030030047e+00,-4.337675770834255928e+00,-1.850867752458071891e+00
-1.675571599015091229e+00,1.391374119977385915e+00,6.320517189602298913e+00
-3.825989803430158709e-01,2.229360872381167979e+00,6.146873945448854570e+00
-4.965848907218666675e+00,-2.896721129566772746e+00,-2.715019001828193890e+00
-9.141284335768191660e-01,3.258231917502301567e+00,7.980254887285894938e+00
-8.634391105593768323e-01,1.308471011375469839e+00,3.826652354260565048e+00
2.026898216028560462e+00,4.147587719050733313e+00,9.132116801948079399e+00
-5.813975268008069186e-01,3.935407741039805618e+00,4.140914976115543489e+00
-3.597098951862141014e+00,2.979943991130564740e-01,3.302178122360575507e+00
5.661345082662609940e+00,5.787053601552328175e+00,8.010614991117940065e+00
-3.133543538309484955e+00,-2.384985617942950498e+00,1.980253160084660458e+00
8.201987861327800999e+00,8.265481645207906070e+00,1.263101068328590060e+01
-6.138623715837022488e+00,-1.434427972585984312e+00,-1.069505640109785771e+00
-2.433872194275380263e+00,1.165315468459574344e+00,3.909776430487697407e+00
-5.056198407871883127e+00,-2.848148049558592021e-01,3.705933599698814529e+00
-3.078266669168240099e+00,3.938035546330136416e-01,5.021352157939653615e+00
9.600483444715864678e+00,1.040223210043503776e+01,1.228203204069010468e+01
-3.863969306839596829e+00,3.507399891757958521e-01,8.586672748910259001e-01
-2.777740991684654048e-01,4.399462646225160256e+00,8.125239954009209953e+00
-9.496276303523516482e-01,1.247037036659554676e+00,2.940643867518332399e+00
4.131814309395161366e+00,4.869846325206056648e+00,5.338213949698995542e+00
-1.583497814175568230e+00,5.344750806297984269e-01,4.749967542966806455e+00
3.826335262702622586e-01,3.041886214519187170e+00,5.297630112095273347e+00
2.670654669555549532e+00,4.265867262253459913e+00,5.050616818848962630e+00
-4.630161410351383289e+00,3.203350638370370262e-01,4.489980289319287499e-01
9.305547977355583811e+00,1.086462748603481998e+01,1.471152471117780536e+01
2.136814262502501727e+00,4.739605043720770183e+00,6.308879547792262343e+00
-2.839874578395031435e+00,2.123821950074035847e+00,5.219670170131893272e+00
-6.612051539634604680e-01,8.145737618171056127e-01,5.054339477825263494e+00
2.534726744093524164e+00,3.285547502930791453e+00,5.603417877026529936e+00
-4.731930687822769599e+00,-5.339867065807046842e-01,4.384303555232831329e+00
6.648731113635403034e+00,8.564019076071033965e+00,9.254567370086055789e+00
1.778839468285578818e+00,4.613487068590220730e+00,9.333452259314849897e+00
-1.702625578317737975e-01,3.157796123260782739e+00,6.168593819926357469e+00
5.114662452436789408e+00,6.661122336646842612e+00,9.692821435816927789e+00
-2.963935283187772551e+00,1.459454704158187344e+00,3.337084648123026298e+00
-9.539917812570539724e-01,2.562764884646742125e-01,2.661064348398850310e+00
1.552289536342192466e+00,3.433228507963807186e+00,5.782858475462135495e+00
3.826369736876030547e+00,4.305017937165710684e+00,5.986067934247082611e+00
1.479423365382257494e+00,5.612162399853254158e+00,7.613767945924903913e+00
-5.150660202009913924e+00,-3.111846966832860772e-01,3.233039359312919192e+00
1.014960567721778339e+00,2.845143500441613682e+00,4.103461943014029778e+00
-8.367524299950744648e+00,-4.940684364489523972e+00,-3.428451914597640648e+00
-3.777042818934890356e+00,8.574212803539884575e-01,1.439100687238667575e+00
6.500425173839827764e+00,6.644126846697890443e+00,7.749260723957979380e+00
4.441284315077585809e+00,7.474379981583647137e+00,1.164918999194431137e+01
4.066682220562891636e-01,1.257308571775323180e+00,4.180922866807411431e+00
3.079794696613799676e+00,3.800560196538467217e+00,6.616453438191246761e+00
4.850337648249934297e+00,4.941249038811355909e+00,7.730284480906465916e+00
5.578916907659660751e+00,8.187796097485467328e+00,8.402035793791267082e+00
6.181652927080515170e+00,9.628737382883953089e+00,1.249001014159421707e+01
2.472126178481282466e+00,5.587612573740634581e+00,8.236482306323869906e+00
8.223609234912001575e-01,4.432329034223224440e+00,7.057348355793237715e+00
-3.643562737008539720e+00,9.677861076250824368e-01,5.685332772444999350e+00
2.073234757144979401e+00,5.706612215163755053e+00,1.026542220348678747e+01
7.073760374908738768e+00,1.168953448471430434e+01,1.299952680338303423e+01
4.446859193703298629e+00,9.416507584050719970e+00,1.075369172857357825e+01
6.057748171354016442e+00,6.150444211908146386e+00,1.096156902878466788e+01
5.496104674554588954e+00,6.614694885255683054e+00,9.535299201568015803e+00
-1.136906847598800674e+00,3.716433939776136341e+00,3.963685916373746565e+00
3.440144421776502259e+00,4.786704190052126329e+00,7.830824053070357671e+00
2.562930301355989648e+00,6.375720584271706848e+00,1.041255281853142023e+01
2.039072933964187762e+00,6.458299820093942323e+00,7.300479947502732436e+00
7.260573673859306965e+00,9.110760328095405924e+00,1.268203157810532566e+01
5.458941487565552642e+00,9.035491677630766105e+00,1.057576507211457084e+01
6.259158037152385390e+00,7.780273230311977706e+00,9.383483298060134814e+00
-1.171359466412321915e+00,3.289041481625608832e+00,7.836595295065599487e+00
3.394560795224355498e+00,3.468698173148554886e+00,5.093780131091819818e+00
1.794093509581931034e+00,3.754271145483127903e+00,8.666198572006290846e+00
2.467186783523731108e+00,7.188025881448739440e+00,1.032965145546516439e+01
2.354940162309466789e-01,4.645205227150279725e-01,1.420605796195091308e+00
4.414126680472914899e+00,6.585157980935790079e+00,1.138033610542472474e+01
1.041535182347733368e+01,1.088887376991887024e+01,1.484563553056381480e+01
7.764872520958460811e+00,8.720831585867571789e+00,1.126008712369807085e+01
1.889152854589270625e+00,5.724006938111619647e+00,9.186483678291073929e+00
8.569326043503098234e-01,4.735671701179565929e+00,8.803635154717536437e+00
7.771515651791762735e+00,9.300227775691519483e+00,1.112038075241272495e+01
3.773558834153483588e+00,7.852272206356387230e+00,8.045487765453785300e+00
3.671924537830439039e+00,6.244198025627214044e+00,1.084622110222943903e+01
8.391225108970878921e-01,5.264142475062510762e+00,9.285662163256173329e+00
7.198715924810846545e+00,7.306460116166053176e+00,1.174489550741704313e+01
1.654279711447011358e+00,6.212599544060688928e+00,9.530949847179435608e+00
8.022987240867069048e+00,9.517556731993623842e+00,1.196719358871185435e+01
7.115833234509159055e+00,1.092893033834855920e+01,1.499407373229562523e+01
1.426243358919324855e+00,3.142963286325485939e+00,4.773298933289448875e+00
-7.608925475814043438e-02,3.604816820588826687e+00,7.036596230495690385e+00
8.796282744015492483e+00,1.136226878766481008e+01,1.346357110372738219e+01
4.563834326520818330e+00,7.849633041847530635e+00,8.011799643547405481e+00
3.611093618739329436e+00,3.989541497768963829e+00,6.854975270926488840e+00
9.313403347551080458e+00,1.036479705125788797e+01,1.423871702732197697e+01
4.607049057641838807e+00,8.468868930667989403e+00,1.201867933375659447e+01
9.562522939281404177e+00,1.408053636750007520e+01,1.478471105828002052e+01
5.493883868105103652e+00,6.790085555279612883e+00,8.051581918301264906e+00
6.933549293030818461e+00,1.084549267347343893e+01,1.345221596464735114e+01
1.931080168411372533e+00,3.194459118910302209e+00,3.876594828018901762e+00
7.283730431228037538e+00,1.174881210455130365e+01,1.520945733815728040e+01
7.768531094665864778e+00,1.041115605276280931e+01,1.523851039034604682e+01
8.159883943729209221e+00,1.240783869198341272e+01,1.329844557065328914e+01
8.400174198384721791e+00,1.094082716714928338e+01,1.337122042509485809e+01
3.102964453866958294e+00,7.324396558182002970e+00,8.069836915400978583e+00
1.859846524109494137e+00,4.118777711393375895e+00,7.301480478082547521e+00
1.108500157377005024e+00,5.834773230780548658e+00,1.033109790539536021e+01
-3.048284099808640235e-01,2.364410939238681841e+00,5.398014892388113495e+00
6.282420476445258473e-01,4.890248763275330646e+00,8.612190089340401755e+00
4.537087695430875200e+00,8.933765741051599818e+00,1.341341881271044301e+01
3.351379915163500200e+00,7.514310015308789836e+00,7.561201064778185099e+00
5.431666535663240758e+00,6.986335900518240827e+00,9.003920838191845633e+00
1.885909588457659325e+00,5.275486089974089410e+00,6.809790997613933250e+00
7.156471995451065826e-01,2.333437854856858173e+00,4.334453052709470455e+00
3.414209039976195292e+00,8.190877042155122467e+00,1.037666627487697824e+01
8.070894525020340993e+00,8.774255640316052762e+00,8.806034673700670723e+00
3.469325310016518671e+00,4.652388615598377797e+00,9.346443083955804809e+00
1.240259785411630844e+00,6.015222463502487571e+00,8.660229243243847463e+00
8.996754054383639954e+00,1.222857077831598716e+01,1.620816082772167377e+01
1.078602041922946597e+01,1.106545854528800454e+01,1.293699504075429019e+01
-9.457961233659917255e-02,3.116656900151407505e+00,7.607924047003855605e+00
3.663016198558466829e+00,7.297164004240129564e+00,9.047471333283525041e+00
7.345353469395520030e+00,1.189526506132661865e+01,1.521836230258141498e+01
2.707471834229111529e+00,6.858648264741760592e+00,8.786185973902799873e+00
6.665995787636640912e+00,6.676789991385840395e+00,7.507632961353367662e+00
6.099855906075577927e+00,1.073574299242310914e+01,1.090136316116567095e+01
7.410662087439304990e+00,1.039085838711505083e+01,1.243649592098842405e+01
8.058006067916119619e+00,1.020589948032076677e+01,1.220999122599182840e+01
6.245471881433511285e+00,6.582601023596877710e+00,7.194253504474138694e+00
9.009324754093567478e+00,9.324021498559330823e+00,9.593560794269491154e+00
1.135658934307835821e+01,1.178464235912033686e+01,1.526772831804701092e+01
6.543063634082214364e+00,7.114089635198015849e+00,8.421554963719499298e+00
2.730308280105836705e+00,6.015054199386510980e+00,6.576382513117242645e+00
6.324070876882139203e+00,1.087535211964205928e+01,1.326277300964930461e+01
8.464308001711813745e+00,1.327959545340599590e+01,1.424214914649737018e+01
1.329161370832788869e+01,1.344473564452489178e+01,1.639614268480726977e+01
4.287255520423105537e+00,5.930947456688274499e+00,8.792900167303928427e+00
3.817200734490613367e+00,6.185451588084293739e+00,8.471232423371699127e+00
-3.843691350849196553e-01,3.871519036435937977e+00,4.830689056230004219e+00
4.764779845272575365e+00,7.262954418312427940e+00,9.342975726286912419e+00
2.657575418722024629e-01,3.634604647758791884e+00,3.885267981350519761e+00
2.576510852197397838e+00,5.223613062039420996e+00,7.616316344688610407e+00
3.983955455531835277e+00,8.851858512459070738e+00,1.263096759145760828e+01
7.086884082230934467e+00,7.861777175784441241e+00,1.040784937031345336e+01
-2.717190878422508504e+00,1.201493732808265769e+00,3.824340560386246146e+00
9.501297512988594818e+00,1.128480136377624987e+01,1.316807824616888212e+01
1.416655116712886686e+00,3.251674846072464931e+00,3.351447225020617537e+00
-8.589078537881489339e-02,3.567089945459605005e+00,6.621508740959187733e+00
1.325474832219610599e+00,2.668862442884268660e+00,5.818979309186863347e+00
2.792396772249171821e+00,4.336043677538802044e+00,5.552950429012635247e+00
-1.434779949560116563e-01,3.562286445018675529e+00,7.607834494128804970e+00
4.382410213268292942e-01,3.566784147254587811e+00,7.487517282243981498e+00
-3.107266029259132534e+00,-1.278765458632180163e+00,-9.197465018861235020e-01
3.407979145774838070e+00,6.432407186918940312e+00,7.712288432366616320e+00
2.778627349591986651e+00,6.666024081826205538e+00,8.456561857499748314e+00
9.275537989551791540e+00,1.262890318425885994e+01,1.539323376969645807e+01
3.191809210727532431e+00,7.279233151306069516e+00,1.144076025988229617e+01
3.912176761735190134e+00,4.253665446629680602e+00,5.729243735343509059e+00
-2.291167859515704563e+00,2.063227828461589475e+00,4.083175977178668425e+00
2.722877966836392272e+00,5.297224683991010430e+00,6.213943619080398051e+00
4.088237237888222353e+00,6.851668576325414151e+00,8.174743236534681046e+00
-2.324795800238828036e-01,3.913688310136235415e+00,4.914911882982280211e+00
3.724553116768893446e+00,5.523829151224844303e+00,5.999199063250920005e+00
8.008817067246180699e+00,1.094872748337406421e+01,1.565858780522503579e+01
3.153301529897711397e+00,4.019081099379248734e+00,4.117766946897658542e+00
-2.687597163743606465e+00,-5.752814917835653574e-01,3.166794311936016459e+00
2.742549016605295265e+00,7.618052231864362867e+00,7.874447569683475479e+00
1.922232388233942046e+00,5.852041823531422438e+00,7.695412186812411903e+00
-1.076105270545697490e+00,-3.074477832690707402e-01,6.540780002587416320e-01
1.392482917659883412e+00,6.011901730145296163e+00,1.005868940496201347e+01
8.519563124972373558e-02,1.643841016265357613e+00,6.344792343508169452e+00
5.342638949193121434e+00,5.868905478675980447e+00,7.481587694840889924e+00
6.908702612098081453e+00,1.017330845743002499e+01,1.517040383969589179e+01
1.498081732363667040e+00,3.826290317815551845e+00,7.879864759916705985e+00
2.932491528381342860e+00,7.511820990712127610e+00,7.559963109868406583e+00
-9.641922409516312520e-01,4.805114016585148029e-01,9.823101668007931941e-01
-4.369434021586336314e+00,-4.891327763707380427e-01,2.346119358098481822e+00
9.545801712674490958e+00,1.002360143142742821e+01,1.212722330700249707e+01
2.226696520952861746e+00,4.796543381932444561e+00,8.285300596791771000e+00
1.786567444356031764e+00,5.683988622771540378e+00,6.123349632512792518e+00
4.691999689436502585e+00,7.130227668108290118e+00,7.935844847464862184e+00
-1.776048404367323252e+00,1.990229370962872890e+00,5.278573540510793194e+00
2.332892006723294998e+00,5.947896777383990141e+00,6.322868063864639510e+00
2.839821840805501374e+00,5.391444905562920553e+00,9.594348173371459509e+00
-4.182623346740927062e+00,-6.159163540099776846e-01,3.692823541132006060e+00
6.674068345188251428e+00,7.704591019374250394e+00,9.139094356408872244e+00
4.776439924078689003e+00,6.982835377506042107e+00,9.599121082399207694e+00
-2.153581065838240605e+00,-8.927667413851398948e-01,1.013420032010008853e+00
1.970510582812146083e-02,3.454918626586445107e+00,6.681825318849128337e+00
1.503703078344557742e+00,2.056068512196258524e+00,6.984581724490712240e+00
4.085357580013910805e+00,6.899083687861605085e+00,9.316895618491459530e+00
-6.529420806376191599e+00,-1.693184893547806880e+00,-9.915376836030400653e-01
1.052168683633225754e+01,1.324005360067488546e+01,1.726544151034978114e+01
-1.913061010166821063e-01,1.803212343119678485e+00,5.484735803316490355e+00
-6.022766648411170820e-02,4.435587045589818089e+00,5.743852481230840468e+00
5.068794921096460016e+00,6.276095144043155827e+00,8.079522821048991332e+00
-6.734633280825259583e-01,1.418744227801616908e+00,1.973966083242418623e+00
3.984388405898031671e-01,1.554883882391537853e+00,5.921024013448999312e+00
-2.548914376206011134e+00,2.840410282791645535e-01,1.623142480771022633e+00
-5.689124056537190555e+00,-9.711503508969712151e-01,2.900405165290929066e+00
5.813054825716323926e-01,2.393457227347082217e+00,6.220671554531336689e+00
-1.915596197366644660e+00,1.064665253711068793e+00,4.483757103648399855e+00
-1.772334276354381899e+00,-1.650877074475647355e-01,8.823894987251585942e-01
-1.365174701075713148e+00,-9.727144630516981749e-02,3.214008525367152425e-01
5.217659262910672169e-01,2.876954015947897680e+00,4.908120427832747268e+00
-1.364422477772072373e+00,-1.351724116021828737e+00,2.930109218666256510e+00
-3.216449757124690834e+00,1.928963374107872664e-01,2.426602096679752130e+00
-1.312346027105999013e+00,3.522760099820119173e+00,8.225468150788117327e+00
9.860918017447861672e-01,1.461576443938008563e+00,4.537272636066742137e+00
-6.620541579579787950e+00,-2.535429164357217768e+00,-1.670669909713247581e+00
-2.045882377216238224e-01,4.352221242886435970e-01,1.734111019412241772e+00
3.134007903079927271e-01,1.711756517150465617e+00,6.536679578096519450e+00
-6.397210221912126293e-01,3.262665630665555039e+00,3.561355152564213089e+00
-6.009204191707219422e+00,-2.076797096553641975e+00,-1.228599504820695021e+00
-3.377606496378206202e+00,-1.591396709273641408e+00,1.201328363184428483e-03
-3.467946945247772472e+00,-2.106039086596797283e+00,-5.622489232647382984e-01
-5.832453035178062350e+00,-2.061445392138558041e+00,-7.286759127089017518e-01
-3.017359985392288113e+00,9.862604992887518129e-01,1.441345430337729105e+00
-1.524517070379355577e+00,1.451332486279606648e+00,5.766336850166188022e+00
2.321226704913168071e+00,2.717712552076989585e+00,5.892151203134897486e+00
-3.368920722830043513e+00,-8.108369640989221416e-01,8.488687090485969033e-01
-5.358389069274078764e+00,-4.855016380669560760e+00,-1.472589899252238155e+00
-2.786529467718148467e-01,1.268236874780495960e+00,2.962832052743244127e+00
-3.951193218664966533e+00,-3.632295425845551984e-01,4.363538276893670798e+00
-2.428757402004197985e+00,-7.605701795746659943e-01,2.973095189619920475e+00
-9.672853761690895169e+00,-4.889808624432246731e+00,-4.400673873213723830e+00
-4.371507169514512015e+00,-1.725497423291584287e+00,-1.669675748112934288e+00
-8.942478993263765830e+00,-4.816588839254606569e+00,-3.382135332418538809e+00
-1.550415676699593348e+00,1.134217918864819374e-01,3.549856483126748063e+00
-6.664088369382623611e+00,-2.718189297949340055e+00,-7.182380419681977379e-01
-6.409901665542133919e+00,-3.082301328174040123e+00,1.699470728820458021e+00
-1.066399567477873056e+01,-6.229484197319398397e+00,-2.723013652997398726e+00
-3.345469927317624048e+00,1.369849519234217716e+00,5.749539760914199604e+00
-6.224670740579680839e+00,-2.579625375601811044e+00,2.006613419664047271e+00
-5.721480526598761607e+00,-1.634528205538287038e+00,8.767422865160849899e-01
-6.703907856704750756e+00,-4.192498340817480518e+00,-4.148544388768421243e+00
-7.178551154406013879e+00,-7.027302484221372936e+00,-3.296164509370978379e+00
-6.532812953205498374e+00,-3.758968452456966869e+00,4.582214620838831465e-02
-8.114483100138503602e+00,-3.366169004147191224e+00,-1.103515726314736156e+00
-1.901859240587842725e+00,-1.459631235987360443e+00,1.673165975617565193e+00
-3.986931314003361315e+00,-3.488262252100150285e+00,-3.817472964275840930e-01
-7.301021689118907254e+00,-4.662327469506115207e+00,-1.101241947983892189e+00
-8.855049963327520146e+00,-7.100252177755520755e+00,-6.380943172864674828e+00
-3.707691718351422416e+00,-2.526639240114638252e+00,8.915325066068868765e-01
-7.533062374200737210e+00,-5.142234462936545292e+00,-2.438147058955752122e+00
-4.844450928744747920e-01,1.130547019180093038e+00,5.314057860098048813e+00
-7.456767738002060497e+00,-2.459492340004956645e+00,-8.984617985322389533e-01
-4.893659515064807231e+00,-1.300401456445561044e+00,-4.449002354263190684e-01
-7.520708468632093968e+00,-3.808548787684889358e+00,-1.654291932514905028e+00
-5.559015978698425897e+00,-2.532487527310941289e+00,-1.344684372171367936e+00
-1.013955445247551523e+01,-5.881270776303407111e+00,-5.014594236660104620e+00
-1.145823419549063260e+01,-6.815206991806118886e+00,-6.508965153771531398e+00
-4.745098803979857394e+00,-3.305191057010775424e+00,-4.904635686619731594e-01
-6.000373352114616310e+00,-1.708030433648078716e+00,1.177093850000121567e+00
-1.040439727391306590e+01,-9.323828821650709031e+00,-5.028661889252809658e+00
-8.030249742683555070e+00,-5.049439188824885960e+00,-3.887704339913075735e+00
-8.992430214480338080e-01,1.909974788333411944e+00,5.286471096700990913e+00
-5.644117546300913446e+00,-2.241480270752956194e+00,1.378542773887934114e+00
-3.606176376558028807e+00,8.725138138832555512e-01,4.996624059918358896e+00
-8.740777330655099320e+00,-5.702292321910247708e+00,-5.541465294686162224e+00
-8.979673901255806001e+00,-5.232062058584721953e+00,-3.572649453388283547e-01
-2.542602080958640709e+00,-1.014768975173526488e+00,2.019724109163118619e+00
-5.942785184855753577e+00,-2.099452139262075079e+00,1.095992758029090020e+00
-8.919359458650523820e+00,-4.306614988545545586e+00,-1.939915190201700224e+00
-1.052207857238909838e+01,-7.862844691108694661e+00,-7.671627739274166302e+00
-5.156056528394193705e+00,-6.549499674000021088e-01,6.564640919772439798e-01
-1.535493083698320937e+00,3.356612287773017123e+00,4.367144097980993678e+00
-1.020385873126707033e+01,-8.936580339138531670e+00,-6.513452168704947809e+00
-3.357863746663033222e+00,-5.536336281425846551e-02,2.147959675978489358e+00
-7.473761948815684342e+00,-5.714679290921886867e+00,-3.014244402201588180e+00
-1.014353156394326305e+01,-5.352039973722753530e+00,-5.422799925868853066e-01
-5.223088361839643312e+00,-3.582864418947669272e+00,-1.820712137454747470e-01
-1.165634187121649390e+01,-8.046780386258888029e+00,-4.779694744952106333e+00
-5.143372241451165117e+00,-4.578320970322979022e+00,-1.880942711974202375e+00
-1.315187618945262926e+01,-9.335618151375847162e+00,-8.331570368964664297e+00
-4.847851771957227385e+00,-3.106807620019802929e+00,-2.087805425059395592e+00
-2.299965920803786368e+00,2.134676851475390436e+00,6.427334931745239288e+00
-7.360760541644636668e+00,-6.514744940015537722e+00,-2.711993766092917646e+00
-6.950140284567609683e+00,-5.130259945304162628e+00,-1.699405026413879582e+00
-7.475394633412250300e+00,-5.008553903060722234e+00,-2.648659230761601258e+00
-6.121429354810602241e+00,-1.715005292926460534e+00,1.469816034947922123e+00
-4.659020439115935552e+00,-3.480180725289609089e+00,-2.926385936877740512e+00
-6.623569168168621957e+00,-1.956534953111760622e+00,-1.189605195420616379e+00
-9.925518768809791226e+00,-6.255136409180526158e+00,-3.775888823516436510e+00
-4.153084402054560087e+00,-3.452757488342862224e+00,4.305205496085795502e-01
-1.939451011385425971e+01,-1.487208743309042092e+01,-1.426455439577468098e+01
-3.115099516663242252e+00,-2.779655376261707556e+00,1.469594380306147752e+00
-1.095172443512494809e+01,-8.446957240359461494e+00,-5.074280955224246270e+00
-7.993458211857828566e+00,-5.786056525645046911e+00,-3.723915243472332826e+00
-4.073669870856379660e+00,-2.575374194745907896e+00,2.392665839353802504e-01
-1.022444374205538686e+01,-9.425404203526586144e+00,-5.839250354884011784e+00
-4.300145007685175713e+00,-1.552996261385656052e+00,2.684607968822737778e+00
-9.801591126836878942e+00,-5.196520573016226052e+00,-6.935867545235057108e-01
-3.470876584228895556e+00,-4.647220111577823332e-01,1.128949514336511584e+00
-9.317062194086702220e+00,-7.531213988768811873e+00,-4.268533667471705151e+00
-1.381764435413360559e+01,-1.025780884810245475e+01,-9.451381172854185664e+00
-9.890948748646660960e+00,-4.901202065082304493e+00,-4.363686570002025533e+00
-6.081664733118303801e+00,-3.046203546566084164e+00,-3.910850750819632182e-01
-5.740787294651623185e+00,-2.785846405308437745e+00,-1.170220879119083790e-01
-8.484055956204915816e+00,-8.194505341825893296e+00,-3.214878246351121405e+00
-1.455587044896057591e+01,-9.649485243217959862e+00,-7.027725510546625642e+00
-6.740012616335723905e+00,-5.698268130541938703e+00,-4.783557684311015024e+00
-3.481086385901909441e+00,-3.195843724937723174e+00,-1.365489498642533661e-01
-5.721051677192015461e+00,-3.329868925976775085e+00,-1.248310007840388369e+00
-2.617149950816016535e+00,8.916754872702270518e-03,4.373181388668243130e+00
-6.159839361317478001e+00,-5.806246104754700710e+00,-3.085799767170081864e+00
-1.370226419490134795e+01,-1.019717971998545281e+01,-5.343735638900205309e+00
-4.745760352441622310e+00,-1.047299585107839270e+00,1.693273130956658878e+00
-7.858571116254719158e+00,-4.024727506904376639e+00,9.605636295498296562e-01
-8.178650098582469496e+00,-3.734978318008378650e+00,-3.289496908132981012e+00
-5.123861801931322013e+00,-2.249722050050888100e+00,1.682648728504052116e+00
-4.087122673773883719e+00,-7.277452609848307219e-01,1.357094053023926161e+00
-6.165881867009792572e+00,-4.553659995404374605e+00,-1.418635322428537293e+00
-2.980964085505966921e+00,-9.191204564262855925e-01,1.040867203925677220e+00
-6.938512928866154894e+00,-2.754803795663429700e+00,-1.176526679736993319e+00
-9.563289727787136485e+00,-6.338670042571553864e+00,-1.971502852506856307e+00
-8.139492826786534962e+00,-5.030633256984163637e+00,-2.566696395406005582e+00
-2.614491104866117688e+00,-2.437977584061286507e+00,9.698851878120660075e-01
-1.135791539448606002e+01,-6.370285258071066714e+00,-2.328132491539703253e+00
-4.710688555378684583e+00,-1.538357623606726232e+00,8.073648866456157869e-01
-4.797065684647022543e+00,-3.675444699068965537e+00,-2.148987049588226839e-01
-3.842260796695556202e+00,-2.955751209135263124e+00,1.479491044022858581e+00
-1.498008705194641355e+00,2.719342310538328533e-01,2.270916278317184123e+00
-4.007445177333284647e+00,-2.927237127935462979e+00,-5.189253709107308765e-01
-7.130726478199548524e+00,-3.728454027438181662e+00,-2.214558176245973620e+00
-7.643806662262194962e+00,-4.134618689385167301e+00,-1.031707619291585942e+00
-6.095357687273796010e+00,-4.233416318133837564e+00,-2.669395262000839875e+00
-7.140231688399766519e+00,-2.833584923953981871e+00,-2.773909878738875179e+00
-3.199543112635174769e+00,3.799854471306396420e-01,2.466254775310034120e+00
-9.071752474375532671e+00,-5.483293613066409833e+00,-2.945728496330682677e+00
-6.066119977429925036e+00,-5.646816790584925805e+00,-7.365550435213297220e-01
-9.455197643622892389e-02,3.356757306649744699e-01,1.127849970993623163e+00
-7.253097056594666192e+00,-5.151420654034288837e+00,-4.283037299365410888e-01
-4.202149291729712743e+00,-2.736788108855768620e+00,1.065225940996401555e-01
-7.698317355633347958e+00,-5.091135092089624337e+00,-3.440397485716115256e+00
-1.176512589218288163e+01,-8.283463722690751041e+00,-5.776152069161060609e+00
-5.469654176426340442e+00,-2.578221037497880008e+00,-1.527443931078582784e+00
-4.386664496607830976e+00,2.460808063243433708e-01,7.989360605207527222e-01
-6.662121599622762069e+00,-3.210775449995019848e+00,1.218705102927569506e+00
-7.813561789263835600e+00,-7.393458532136139461e+00,-7.249698413685123910e+00
-4.209618254026528561e+00,-2.543849528239258362e+00,1.405890138097492859e+00
-8.647055894821955135e+00,-5.060223307302758045e+00,-9.494378800590572709e-01
-1.255843772740286646e+01,-1.057094500221120015e+01,-5.602149910548848588e+00
-4.704448488750812452e+00,-2.873917963649279539e+00,1.152998043160638364e+00
-2.749883858277346604e+00,-9.958517480516257958e-01,9.636710891269406609e-02
-6.155956828752358057e-01,1.067749682433610126e+00,2.031138504847879389e+00
2.244332367795407901e+00,2.889885400681351690e+00,4.709704937599502372e+00
-1.076029521564830338e+00,-3.420585941471916414e-01,2.169585313529893700e+00
4.156884932940861921e-01,5.927496242486478550e-01,2.749388414943700898e+00
-1.076368945644677844e+01,-5.973661849428488324e+00,-4.179437289126211041e+00
2.146340349731770125e+00,2.834547012976235791e+00,4.360530664796291589e+00
-2.095182683948239255e+00,1.861206882717910904e+00,3.429502362160740336e+00
-4.868648135591930881e+00,-2.951168450849102065e+00,9.927641317767221807e-01
-1.015624469020507181e+00,2.871780017689387066e-01,2.678631403757605334e+00
-2.374794451383027694e-01,7.836248651400312681e-02,9.487153980604617898e-01
1.792435376025516724e+00,2.839671920343769251e+00,5.157579902119907800e+00
-6.034435049314399002e+00,-1.929533149730944253e+00,-1.569823452752987514e-01
-5.521730511269725916e+00,-3.619291721834492659e+00,-2.114265395817750637e+00
-4.356599253492051460e+00,-2.754143979832577749e+00,-7.366219779525784439e-01
-2.993532067367981941e+00,1.503484351781506856e+00,1.625365004949034020e+00
-9.971424685972069213e+00,-6.848498037419095574e+00,-2.410083512302679587e+00
-1.206614830718799958e+01,-9.981347859115679455e+00,-6.726779813264716523e+00
-1.136480943614425865e+00,1.792091954912800489e+00,3.485249432446861917e+00
-6.531716984073204779e-01,3.391753581465595246e-02,1.132003643136806348e+00
-9.215242533990920526e-01,-6.342985829023224387e-01,3.189338684603269414e+00
-7.168929764599709209e+00,-4.504894027695488745e+00,-5.767261596267321266e-01
-7.066878169341968885e+00,-5.615894863407994819e+00,-1.592534166354035108e+00
-3.833242272705398079e+00,-2.287220353250916993e+00,-1.680550601132987598e+00
-1.864475488414717441e+00,8.045781546141934637e-01,5.531055945656251360e+00
-4.006115633746729188e+00,-1.934145388586617331e+00,6.427978808409704481e-01
3.710764107174484572e-01,2.627523470121735372e+00,4.914697477670895154e+00
-3.902189149158994841e+00,-2.830412657922196651e+00,-7.180008038609897447e-01
-3.905821803582372631e+00,-1.421316951733278655e+00,2.302975408226262566e+00
1.652494472443429618e+00,2.351653632459914434e+00,5.209723221759768208e+00
-4.093979909675597106e+00,-7.830142915353301980e-01,1.130948990231638529e+00
-3.274143924030414432e+00,-5.283220600381690613e-01,3.025388197889984809e+00
-3.695961168530274232e+00,-1.370455112723262481e+00,2.962994907345559703e-01
-5.943791788763753914e+00,-1.820275676386467367e+00,3.123808729651361915e+00
7.526594430375330713e-01,1.835837207010662997e+00,6.282810943879171717e+00
-3.957710254040875952e-01,2.331373295179919758e+00,4.570989607466908744e+00
-2.797007740492216232e+00,1.668807965072298227e+00,6.220502294721324432e+00
-2.117236473549980680e+00,-7.539526863045047378e-01,1.037908671453936726e+00
-3.662167839154217841e+00,5.974533691315823125e-01,3.051576020314984206e+00
4.656984542200008903e+00,6.097128013756144327e+00,1.090800763421416164e+01
-3.931690455814311314e+00,-2.846500040416271471e+00,2.051860145196715557e-01
5.042268258537562886e+00,7.181850359558150210e+00,9.438358108815883440e+00
1.400789792550301671e+00,1.930730651245790686e+00,3.216422178149206612e+00
3.635374170192580134e-01,1.198522881479517466e+00,4.946647231385662202e+00
1.217550550708049073e+00,4.706272545751427394e+00,8.676792275927427411e+00
-7.744866835639981240e+00,-4.248552436656297893e+00,-3.605000397862864858e+00
1.308193858969287859e+00,6.201153760182066321e+00,7.143737782617220589e+00
5.987882780111418057e+00,7.740131122587917467e+00,1.127451743415728203e+01
4.835163894813752528e+00,5.537408535918970642e+00,6.389939560907738958e+00
-8.309959466403492812e+00,-3.927083745896917666e+00,-2.267008995704672181e+00
1.450351589824245835e+00,4.778272817247928295e+00,9.072015276390182237e+00
2.663441742454979000e+00,7.529445387414097191e+00,8.580873841668172020e+00
6.710387714396670589e+00,7.325028277226643070e+00,1.102871300634090090e+01
-2.363542055302547684e+00,-1.422532928053017010e+00,1.478418085399543003e+00
3.292121970704824374e+00,5.955347807178201336e+00,8.754964308372002790e+00
5.148125438693924139e+00,8.397089640387289222e+00,1.265155002049104738e+01
1.843314069117799381e+00,3.202404481197761665e+00,5.978621171516257604e+00
-2.824395513523755064e+00,-1.140970383847956349e+00,4.526998336381180543e-01
5.703585779410284218e+00,5.805683529561781242e+00,8.802695744527486710e+00
1.720800432493873267e+00,6.583328231450217949e+00,1.038960987610477815e+01
1.891596132387168394e+00,3.105564280598997584e+00,6.686188384637562265e+00
-1.434698637646238950e+00,5.182867082461628527e-02,3.820075428296140441e+00
2.395109677813277216e+00,6.669771499864475928e+00,8.341418768783727344e+00
1.506267145620169945e+00,1.517201126284745794e+00,3.042288482481271483e+00
4.085145276761618760e+00,5.114427168373550714e+00,8.207500073939389296e+00
7.244538427673093750e+00,8.694902845113782419e+00,8.875134335767862481e+00
-3.515418133107147902e+00,-8.587452382426636888e-01,3.514683136803411045e+00
4.680690912624184463e+00,6.937385984407070438e+00,8.818873338411599150e+00
2.797382442203394604e+00,3.689963924056738342e+00,5.626875221230410951e+00
2.207914113551749047e+00,3.862508941118538264e+00,8.837123799321194184e+00
5.888944023812532791e+00,6.041291549195157096e+00,7.235533436003773744e+00
1.934005498303564163e+00,2.277150461616971100e+00,6.564242019308644593e+00
-9.282822401974892834e-01,1.158264766928454481e+00,5.139613539742949655e+00
-4.038980945324693650e+00,-5.782104723304382077e-01,4.061947432678495673e+00
8.440897492956979775e+00,8.559718701685017805e+00,9.596442871464967439e+00
3.282851635412380453e-01,3.838449125632244829e+00,6.764568055775823652e+00
3.277972770798374125e+00,6.751274020405082510e+00,9.628672643150714805e+00
7.681635160092068482e-01,3.673269583426602480e+00,8.336139718383188679e+00
-2.877563671583468263e+00,1.728897490845052509e+00,1.918880862666344278e+00
5.187462110099867019e+00,7.255804763544404956e+00,9.808657872344383577e+00
4.576769846853713020e+00,6.366292232655041516e+00,6.614084331181345533e+00
2.392577843934446058e+00,4.754069518281228923e+00,9.632551419647377600e+00
6.090561721732209222e+00,6.451618124563166745e+00,1.053501025737169350e+01
1.766152809289482928e+00,2.744415654399421811e+00,5.628390372027523014e+00
6.951207263427997773e+00,8.886360782821286719e+00,1.063140206061770954e+01
5.307098921074614672e+00,9.659166939735730040e+00,1.452654069995367081e+01
6.202689193243913657e+00,8.136024790392456296e+00,1.133824165410325513e+01
2.034897032865102151e+00,4.816965780237650208e+00,5.201573789535763659e+00
5.978632724903686579e+00,6.184437183188841836e+00,1.005146182639755104e+01
8.812348600753766803e+00,1.078501987379051386e+01,1.232289059387622743e+01
5.064827700844958258e+00,9.992741532240408731e+00,1.041889152343102154e+01
1.085486740215320900e+01,1.220018016120490500e+01,1.648418852407456114e+01
1.869929666477942565e+00,3.944923456283953467e+00,6.866158949724027849e+00
3.500396413217039537e+00,3.742307284732566242e+00,8.343766804480560850e+00
6.136462797749534737e+00,6.821056419083212141e+00,7.887886900026581216e+00
6.918171207897749753e+00,7.702152285717654756e+00,1.018965503036843501e+01
2.032346833616354154e+00,6.116616191804764568e+00,7.451230296800360975e+00
4.723327708556073645e+00,5.434929914823436903e+00,7.484538083722586777e+00
5.556855753067303283e+00,1.046513116904385043e+01,1.052042156316338684e+01
3.928167445794878976e+00,6.448157210184232824e+00,9.794997840494684027e+00
-9.030482581428085354e-01,3.130555517193998938e+00,6.861509660305431524e+00
3.159232467635237906e+00,3.531370681622332253e+00,5.840722906898296429e+00
7.230526999710216174e+00,7.624274896761978226e+00,1.072355150596722417e+01
1.555690581717778542e+01,1.594206356293462790e+01,1.618413760237968191e+01
2.525523429996714420e+00,4.055664152139899947e+00,8.749823301925381713e+00
2.536630233817958047e+00,6.086612905761755066e+00,6.106742823795440422e+00
1.286808545552785965e+01,1.429172547290234974e+01,1.437921495024029817e+01
4.197312938647884906e+00,5.668867646506247304e+00,9.096328526615849341e+00
4.731907187654206481e+00,8.530800546057696110e+00,1.255133958475018119e+01
8.283204734302145766e+00,1.283315521818610350e+01,1.466212139367064893e+01
7.728814236297942841e-02,4.390276727142167879e+00,8.028620372742729216e+00
3.665715628298100270e+00,6.354494872110662662e+00,1.112764867310608707e+01
1.126297759523273712e+00,5.865002423814995147e+00,1.035302382850029801e+01
1.787353514590470649e+00,2.798490124954089886e+00,3.837923869512529951e+00
7.587576486581628643e+00,1.209259124520136908e+01,1.408215699970560308e+01
1.671607914884480461e+00,5.658829215866365558e+00,9.093532315244241104e+00
1.003292641428510379e+00,4.815076603535814570e+00,4.946445767543828254e+00
3.987711830232187005e+00,6.137497417514131470e+00,1.042296494635283821e+01
7.832856581296733900e+00,1.028248480253855490e+01,1.373315439440306740e+01
4.078301778567587021e+00,7.858061293290943716e+00,8.461853195795187688e+00
4.387235678777047454e+00,5.165963520017491817e+00,8.788731609222610430e+00
8.515326238539778103e+00,8.788178988805743330e+00,1.049765558214973993e+01
5.426041994115885281e+00,1.001645997137506328e+01,1.288823918567555360e+01
2.971109867286886974e+00,7.523502626893824541e+00,9.070584884266299497e+00
3.721671382340614453e+00,6.904803428026098366e+00,8.338517289949825440e+00
1.011355994379531786e+01,1.066916893095569563e+01,1.562264550363784110e+01
6.213440916706458594e+00,7.094601663963628013e+00,8.037014438222520596e+00
8.255914606169261205e+00,1.246550645074273334e+01,1.647669137761048574e+01
4.858081626623746985e-01,5.374957484562104426e+00,5.733677561790747390e+00
4.839577496092513087e+00,5.310205459544084405e+00,7.553775435011112371e+00
1.986054195805833089e+00,4.944791353173265236e+00,5.134937267899805313e+00
6.149080301630412748e+00,6.941029281714400589e+00,1.045770659534157687e+01
4.321919637240132950e+00,7.664618505013859995e+00,8.113049522952382020e+00
-9.804438168353031280e-01,3.677887109098140872e+00,4.951706134268498261e+00
3.504753458788302467e+00,7.940906691174270726e+00,1.255584754399171743e+01
6.890341711362530930e+00,9.340690264301240830e+00,1.140052280801015705e+01
1.849615131461962880e+00,3.240300398531033466e+00,7.277210392373810954e+00
5.080622126463762100e+00,6.063565016595867441e+00,9.174187855886740905e+00
6.482330217897962044e+00,9.318000459700588323e+00,1.056247539784962441e+01
-5.813232347130732336e-01,4.333912618419939022e+00,8.565533605255811977e+00
6.536386983489588687e+00,6.639029118826713649e+00,8.750291238475071509e+00
9.039621652896297377e+00,1.083448129213965139e+01,1.524852758902437877e+01
1.161414396323892539e+01,1.293662145531045127e+01,1.792887471234795527e+01
7.849745680254610392e+00,8.850143647957244397e+00,1.006956658119063874e+01
3.669743287049531677e+00,7.000151399181477885e+00,7.805435765696389971e+00
1.535414467050220111e+00,5.979425494700146615e+00,6.529071291722402748e+00
5.273205310965752624e+00,1.018979240850852008e+01,1.456300805190836201e+01
6.631587318785241436e+00,1.082986985163641158e+01,1.286595652880586016e+01
1.362473763793757620e+00,3.930682052826022677e+00,6.212471493509361231e+00
5.162701072929872126e+00,1.009983571895106635e+01,1.027396542658527068e+01
3.605673670333287006e+00,5.514218544555526513e+00,1.035616014671942864e+01
2.874787419154643420e+00,4.721738495397946878e+00,6.713655136917720867e+00
3.646274387866089484e+00,6.802778119952462177e+00,1.133912214879811664e+01
8.727511965081218293e+00,1.020012279101461594e+01,1.493814979128804055e+01
6.700541735342120830e+00,8.113350176892170751e+00,1.219032250432657705e+01
6.611080359374241766e+00,7.990271039087075700e+00,8.355189303057004580e+00
4.095533221611704633e+00,8.157045955826468742e+00,1.040742789540766466e+01
6.503711305532464237e+00,8.457456012084209718e+00,1.060687087948349649e+01
3.607237261556190955e+00,6.665118683995574500e+00,7.978585960240964781e+00
7.668299670248943656e+00,8.854672332021543468e+00,1.127186842891294560e+01
4.751584009909408657e+00,4.929750857142925824e+00,8.143997821498965450e+00
4.695764003732001868e+00,8.809984394967928623e+00,1.244706835324071292e+01
7.027956990939689952e+00,9.374469430663868508e+00,1.220142100723857226e+01
8.714974992153532440e+00,8.845878901672838523e+00,1.340764775597487812e+01
6.154618664564718955e+00,8.944931440448547377e+00,1.052697698709965657e+01
6.560342917820328523e+00,8.028254568999782848e+00,1.132654499679872551e+01
7.172608661970565791e+00,1.009425321498093453e+01,1.103346610109513470e+01
-2.351773829062152821e+00,-3.021782444083109809e-01,3.078728581674188725e+00
7.522855920911853289e+00,9.011129589792101768e+00,1.155751245265496863e+01
1.103760512396018711e+01,1.231200147965124359e+01,1.267040902135288505e+01
2.512978419984031042e+00,4.454207268354254623e+00,8.114593616994287828e+00
2.982263845927974444e+00,4.051516005928647246e+00,7.824033072864702731e+00
6.695579828911084164e+00,1.004304150974270549e+01,1.257989336026589555e+01
-1.523445695921020082e+00,3.333832678124307058e+00,7.750905405957388083e+00
1.226570973905642514e+00,4.042452073031141069e+00,6.831351447184319525e+00
5.090817631642594598e+00,6.479674137472915874e+00,1.108066622516557587e+01
-9.808133852296418986e-01,3.498829340123046361e+00,7.209113952630151090e+00
7.805873339381580678e+00,8.445283664290066383e+00,1.196351343452107940e+01
2.105456368894567110e+00,3.371026139012578415e+00,4.315075111736417668e+00
2.951214354292123421e+00,6.747272807001895245e+00,1.154593749823620108e+01
5.894972827407837457e+00,6.439501452378314283e+00,7.259381734223451232e+00
9.400991683298812518e+00,1.049716412537314625e+01,1.531171950247048841e+01
5.437648299912230421e+00,8.919639766980555606e+00,1.231107956358923516e+01
1.227064447167749872e+00,3.752198447818166915e+00,6.440177362472672584e+00
1.232171708421958556e-02,1.463187981780867730e+00,2.235928160688703148e+00
3.783940854137022747e+00,7.685318006429046278e+00,1.003878181083014098e+01
1.844829215034949677e+00,3.124872668333921411e+00,6.288778070096507911e+00
2.943265505672623572e+00,3.990561655978804634e+00,6.434443271497041650e+00
7.784939325010956646e-01,1.729594415895353343e+00,5.527951356531770166e+00
5.252554548406606294e+00,6.856564042865167963e+00,9.065058850985504790e+00
-9.849148265392710933e-01,2.789491349003888399e+00,6.087473155669076874e+00
2.533790512901411329e+00,4.532306598770231787e+00,4.887446599969789141e+00
-1.216058927485406116e-01,4.486429073905364717e+00,4.526054954939524144e+00
1.329229077228488265e+00,5.002199789558885001e+00,9.729219748818291436e+00
4.808758556552414021e+00,6.342113826004158739e+00,6.719325601351266108e+00
2.285821175311908426e+00,3.533546277920005974e+00,5.100637713363066261e+00
-3.149108018933697295e-01,1.941690609556018909e+00,4.567886067474273837e+00
-5.136160485548721510e+00,-1.509509238624035632e+00,2.995066734023712485e+00
1.955410991880830451e+00,4.279378902343424329e+00,8.011021079807116863e+00
2.766106568166693869e+00,3.402101219409348065e+00,5.046017211379970391e+00
1.052164183311017354e+00,1.642560308924550405e+00,5.101266242774946669e+00
-6.764086773027906396e-01,3.861818146029766918e+00,8.307108819013947709e+00
4.509380070892245129e+00,6.141621818201403293e+00,7.312719020631357481e+00
5.437960506209954303e+00,6.808211952937526235e+00,8.244885060241834651e+00
-1.645828620865526393e+00,-1.234599836636705916e+00,-5.678791393405866472e-01
1.113495967223622873e+00,2.185914205291110690e+00,2.226759219051463567e+00
5.812560737787052290e+00,6.048710722331471779e+00,9.541462106359636763e+00
4.753758171106853503e+00,7.850376933136514523e+00,1.257748817223411564e+01
-1.502191605837493338e+00,5.065940162527926560e-01,2.728252406168695465e+00
6.650352480800232335e+00,6.989028089898792651e+00,7.750281296749284898e+00
-4.759018066021058146e+00,-1.300981123768766512e+00,-1.257824560713789452e-01
2.222628178931739917e+00,6.089014967443628024e+00,9.617415355590560821e+00
-2.042929911981734570e+00,1.693382128191999847e+00,5.146295259732929672e+00
3.582964577317293564e+00,7.121278324974548823e+00,9.855275938453347706e+00
-2.456614055026649091e+00,9.345712024694201592e-01,3.565467918736169750e+00
2.601365087061580095e-01,1.290579366765228775e+00,2.378617201351678201e+00
-3.130912013030813235e-01,1.713422260423201671e+00,1.783009361006676396e+00
-7.050892442315110031e+00,-2.604408206856630770e+00,-1.263077173461552238e+00
-3.645398785748138248e+00,-3.387708473098606454e+00,-1.265580431107859560e+00
-7.549932448764042903e-01,3.322996288857183345e+00,5.309760012200896995e+00
3.337218251098771571e+00,4.650633569556454461e+00,7.375145483109502464e+00
5.287099181532783909e-01,3.400612292492229738e+00,7.196560736653816903e+00
-6.290229335081109596e+00,-2.291461548299636775e+00,1.239577191391644018e+00
2.780908010801089958e+00,2.803601122745048801e+00,2.813993306781492620e+00
-6.602241454531101006e+00,-1.714991523315177346e+00,-3.939660007108096718e-01
9.594597992150593058e-01,2.371211778939464665e+00,6.032417302948084092e+00
1.526935369677889121e+00,4.434863907637116576e+00,6.752686083846961118e+00
1.453992711331425491e+00,2.036191202592532168e+00,2.443629534013214588e+00
1.714243706647886611e+00,5.232359631178596260e+00,5.855382053846993173e+00
-1.909113655343283034e+00,2.699376196718745735e-01,3.950567985596392440e+00
-4.652694041461288954e+00,-3.669932919448537501e-02,4.331230974284217439e+00
-3.611279085223737972e+00,7.088892238718955685e-01,2.501378309276430123e+00
-8.263085621911468337e+00,-3.627231597674667185e+00,-2.089199852126375490e-01
-5.346442596290565064e+00,-9.140041698945249315e-01,-4.693813336784889989e-01
-9.538514013660861490e-01,-7.560606055391346780e-01,1.392171320665223089e+00
-4.907882907733073452e+00,-7.678073710308798150e-01,1.274856291579087308e+00
-3.638921290774951967e+00,7.843143810540289529e-01,1.958181402979560559e+00
-4.762592828469315975e+00,-4.565872153433064184e+00,-7.594407157644438300e-01
-6.796437542835859880e+00,-3.665595599384094960e+00,-1.465142811297508896e+00
-1.162214565673256761e+00,3.064073886544072867e+00,7.184952417610594111e+00
-8.079413697714878495e+00,-6.456742598763687724e+00,-2.266873099836978156e+00
-4.139910928551959746e-01,1.311800969746915735e+00,4.421315061014491121e+00
-2.722214565325712599e+00,-1.759726558724186152e+00,-4.387656397317984958e-01
-2.499196755457499641e+00,-2.598061736015377932e-01,1.313174046458068789e+00
3.187923562340507999e+00,3.833635778194511623e+00,6.245250037213496697e+00
-3.890814028404283142e+00,-1.334026975118643543e+00,-5.404973097471217347e-01
-3.500066986118077761e-02,8.365658570187264331e-01,9.833012388389608116e-01
-1.114042038912567367e+00,-9.622889294298149210e-01,8.308671071345949954e-01
-2.297014683232735166e+00,-1.563752990137365462e+00,3.031705236692155747e+00
-3.029069930585891690e+00,-2.031999066971884371e+00,-1.702191128698950839e+00
-1.346181573283418142e+00,6.746678336808602516e-01,1.636997537517228540e+00
-4.027350430316231744e+00,-3.718503737444388335e+00,4.513361011350314200e-02
-7.799579797522720348e+00,-5.014087313706092175e+00,-4.729033323180235726e+00
-3.828107910116862467e+00,-1.488013169524647239e+00,-1.293848632196548998e+00
-2.997150489218427527e+00,-1.225579471148259270e+00,5.908541543997825052e-01
-1.148286001740174456e+01,-7.367945012748439382e+00,-3.691520023013226570e+00
-6.502209104445976884e+00,-2.017490354571807920e+00,-1.314902706621205786e+00
-8.425029850276303023e+00,-5.756208067964942998e+00,-5.655255729598838599e+00
-4.411172377982303772e+00,-2.835623655817447464e-01,1.549339080790516743e+00
-8.009132791413041019e+00,-7.662599558518949472e+00,-6.039313386687650720e+00
2.002754126448997862e+00,3.437316190857378384e+00,7.267322194476092179e+00
-4.070817378769541861e+00,-3.437760269340236263e+00,-6.588836596521283617e-01
-9.071762670364176273e+00,-5.102166735876215498e+00,-1.404476238164389823e+00
-8.118676961765109112e+00,-3.439151367433098461e+00,-3.436002615476234645e+00
-2.772194825105187999e+00,-1.003187150481208878e+00,8.447305952397694551e-01
-2.476856683158656924e-01,-8.114361391913238464e-02,4.005189417042511302e+00
-7.099259879127179929e+00,-3.654806512191512091e+00,-1.014394559867618284e+00
-9.251098252616760220e+00,-7.226003568455833914e+00,-2.748925104774954775e+00
-7.945927489978381608e+00,-6.623601377411075575e+00,-4.950893924506138966e+00
-6.966176952385517041e+00,-2.203019692595139301e+00,-1.879894575455559380e+00
-4.077408491927140055e+00,-1.743470080833198210e-01,3.415951682836901870e+00
-4.366141214996843267e+00,1.433009257597079866e-01,5.961175606752823208e-01
-7.628492622676104062e+00,-2.776272788564956517e+00,-2.632083116789213140e+00
-2.137202799006535869e+00,-4.486855905121762689e-01,-2.455301939125253963e-02
2.061961280472043079e+00,2.317842253524696083e+00,7.141447619481938958e+00
-3.513691629059787935e+00,8.464962674289910893e-02,2.613098855369347717e+00
-1.326960395982186736e+00,-7.860150121996483108e-01,1.844102072919825641e+00
-7.636324174619069538e+00,-6.036063084608615625e+00,-4.678126697729675598e+00
-3.881821800397619704e+00,-7.913040644788118527e-01,3.163322030877766977e+00
-4.573020941148643104e+00,-2.356726853521997178e+00,1.097659147919327616e-01
-5.105364439988226088e+00,-1.848220581443077659e+00,-1.225030368167837835e+00
-4.218059437974636339e+00,-7.502592676786612458e-02,4.109667350618780191e+00
-5.544528460917839574e+00,-2.839295391102476529e+00,-1.901494970348065028e+00
-6.781470066237771377e+00,-4.277652197381441646e+00,-3.747955788247412823e+00
-1.104950617116749179e+01,-7.233058683349250728e+00,-5.677289223745297875e+00
-6.520319481728927613e+00,-4.964846216239156007e+00,-2.396021567311334977e-01
-5.596242101782726408e+00,-3.486949052592681397e+00,4.609274265047904606e-01
-6.527027547553398534e+00,-3.341214134262531665e+00,-1.760335611016196511e+00
-4.108306680474070660e+00,-3.489352878237300892e+00,4.993586564174949949e-01
-5.200209636221282850e+00,-1.387691232779442174e+00,-5.418704696184262204e-01
-2.959261164858886239e+00,-1.713681762298409517e+00,2.117504749673741138e+00
-9.456053272441174329e+00,-4.537898744978095422e+00,-3.196923118819112730e-01
-1.035432695901604028e+01,-6.933569203930515457e+00,-2.356439499650123004e+00
-4.706315082144040929e+00,-3.280136738506180372e+00,-3.231875742036912413e+00
6.672666427532807365e-01,2.272107007356541253e+00,7.131778599833627830e+00
-7.947980593850301645e+00,-3.538128942132207744e+00,-3.286347661646106477e+00
-7.932619102869232108e+00,-5.422826946474075704e+00,-5.027777624935942491e+00
-6.904137892076963823e+00,-2.958980805012633830e+00,-1.095902935074644091e+00
-7.368667146093846654e+00,-2.808941696240731201e+00,-2.536679256187889031e+00
-6.540060496154342928e+00,-2.870078129211699469e+00,-8.732492815821879528e-01
-1.872610866248655359e+00,-5.314787897053747656e-01,2.055766900877031844e+00
-5.943565693684844220e+00,-3.516132204039056575e+00,-1.772077714683005567e+00
-3.964943811623347969e+00,-7.206611262139670515e-01,2.585920113605317372e+00
-4.412561562943353444e+00,-4.026870642955015178e+00,-1.049795284083522962e+00
-3.752611242229628274e+00,-1.989356010467879798e-01,1.805066924500264847e-01
-4.428912112192092465e+00,-1.133258915583439830e+00,2.886627273523821202e+00
-6.162991947582746377e+00,-2.003271999624146815e+00,-1.795035145410352140e+00
-5.901573251377815410e+00,-2.414485884940094529e+00,1.570396969667693376e+00
1.268599253003295235e-01,2.110973917237581432e+00,4.825177738375056258e+00
-2.898999996355276387e+00,-1.573422115145973965e+00,-2.221600624613428998e-02
-9.867176280881905015e+00,-7.359078534552058848e+00,-6.603386908854347759e+00
-5.932017119271258743e+00,-4.079433051261899479e+00,-2.572254860609265670e+00
-6.806692977026822078e+00,-5.615444960733517732e+00,-3.196001415203379548e+00
-2.823563288266531579e+00,1.369822811243796679e+00,2.581133293889934066e+00
-4.368406491141327841e+00,-1.069755791233125031e+00,2.012073177285096381e-01
5.627542934642698613e-01,1.273171562201804718e+00,5.989781088031686629e+00
-1.026560793488556200e+01,-7.099429259765956957e+00,-6.576448122361952642e+00
-4.672557870526206969e+00,-1.509337883418301551e+00,-6.276028050273348979e-01
-1.334000111879374373e+01,-8.901018699215907048e+00,-7.663664615749873121e+00
-1.360904363741646250e+01,-9.575054224153049631e+00,-8.579078055513882362e+00
-8.770360972759563722e+00,-5.978909331466467414e+00,-1.417265942787393485e+00
-1.718473734778289241e+00,-2.384606203711117089e-01,1.685260475241143752e-01
-1.050210118162398842e+01,-7.739141331698979442e+00,-6.877488465792952255e+00
-8.437334728120506000e+00,-4.795611236834225188e+00,-1.841505470103562025e+00
-2.892576212923812840e+00,-1.160700667678077558e+00,2.367565390627962341e+00
-3.360862647499782696e+00,-2.168222771065821952e+00,2.416960038721703619e+00
2.282390718427318443e-01,1.962679235636128894e+00,5.777519810436354319e+00
-5.944971147405392564e+00,-4.652374428681804730e+00,-1.078247700230416939e+00
-6.119834612601885659e+00,-5.962187533852548071e+00,-4.484598193519687470e+00
-8.358208019348239759e+00,-7.893756692473570702e+00,-5.637654080358448283e+00
-7.861081838320661319e+00,-5.685541869863311781e+00,-3.890501009120302278e+00
-1.276762894449287344e+01,-7.861790103928353091e+00,-6.641337368300234800e+00
-1.386326750167354760e+01,-9.908011871819658367e+00,-7.670776165724605633e+00
-2.684746931066510633e-01,1.405577701072497021e+00,2.422911219370173175e+00
-7.469074433725689133e+00,-4.302054958584315969e+00,-2.633664314222178504e+00
-7.014057725427598200e-01,3.363188025598598863e+00,8.205512269039482831e+00
-8.025446002761707831e+00,-6.889788178665008367e+00,-6.246436249506413851e+00
-7.194932672603190582e+00,-5.617343666590659979e+00,-3.281784831313233397e+00
-8.119150769274371626e+00,-6.614316689528118687e+00,-1.761982659254126560e+00
-1.006208735872103155e+01,-6.166079160317673669e+00,-1.335375495106294608e+00
-3.443123483963365317e+00,-1.576923697387752732e+00,-5.354939239630662762e-02
-4.487835941258497385e+00,-2.451023302817461946e+00,1.631436638190422173e-01
-5.182153665769407169e+00,-1.474377650181431409e+00,2.931131725300152535e+00
-2.338666340035807423e+00,-2.276696314080250971e-02,1.423126695226235361e+00
-2.269105499938914416e+00,-6.748726281616068690e-01,2.809868663660362476e+00
-9.805948992467563130e+00,-6.968158822510081229e+00,-4.535688167623796119e+00
-6.472179384948750780e+00,-5.458308991067880811e+00,-1.081030553573364195e+00
-7.370099246113730018e+00,-3.464997008576699233e+00,-2.761803999880551252e+00
5.576074744714075493e+00,7.413017017724758517e+00,1.012367748591921490e+01
-3.664476192682138755e+00,-1.392783078824478604e+00,5.961961148642132002e-01
-6.922057894646180820e+00,-3.327898406843534218e+00,-3.055380885654346734e+00
-3.921672904964491835e+00,-1.564621209334782215e+00,-2.537127573867752339e-01
-5.751878044335472673e+00,-5.328786118161677798e+00,-3.004350328146850213e+00
-3.522546756804556978e+00,-2.665703301451713081e+00,-1.374581892000669825e+00
-3.056129801034042082e+00,-5.210861534836626063e-01,4.347458746180445033e+00
-6.824004785283829477e+00,-3.402729751266050595e+00,-2.004620760481926833e+00
-7.426700372639818859e+00,-5.514670109762936256e+00,-3.484004348158050046e+00
-4.174706892134726566e+00,-3.406518775412841205e+00,-2.603247831114437361e+00
-4.800126318979181406e+00,-4.058152701542359075e+00,-1.449832012857774632e+00
-1.046692358732807904e+01,-7.095993153629536643e+00,-4.142389730575403384e+00
-9.551975250212020541e+00,-4.663139322945278664e+00,-4.033766461657019242e+00
-1.198187166789561431e+01,-7.049499636381837853e+00,-4.716129966942378182e+00
-7.595917751740342894e+00,-6.502753812854654925e+00,-1.786349682825869145e+00
-8.478329766796287359e+00,-6.135263216073324699e+00,-4.398528440020722741e+00
-8.399634228908556821e-01,2.290870961989273091e-01,1.568464351777937971e+00
-2.977506690773317644e+00,1.918590860362779260e+00,3.438458059886650986e+00
-1.196263540187484331e+01,-7.073605783076818199e+00,-5.422530850016382686e+00
1.202779851675587874e+00,2.359872179618397681e+00,3.276693094127634431e+00
-7.733920671558343507e+00,-5.674648145188358583e+00,-4.490615902513222402e+00
-3.452002138786324892e+00,3.268768034894042884e-02,1.231546357168832539e+00
-5.521274011884718114e+00,-1.344289786895372929e+00,2.825766505545462159e+00
-1.551007627764296570e+00,-1.233757575239657900e-01,3.644324894910183410e+00
-9.725832200326895105e+00,-5.438102820429628004e+00,-2.487438600743895112e+00
-9.118555898286125228e+00,-7.286893843965850159e+00,-5.082057910402454581e+00
-8.097671929666212520e+00,-4.166527604492303638e+00,-2.699940284508232757e+00
-2.056547785830825426e+00,-3.842361139498555733e-01,4.196855673393979913e-01
2.304481900085156187e+00,4.299743915150169293e+00,4.732319576397598482e+00
-6.170552831255086801e+00,-4.565380626309529788e+00,-2.697983721570244686e+00
-2.954501930800049081e+00,-1.677106268679388723e+00,-1.170315673004447943e+00
-6.139722679185178222e+00,-3.531386466377402833e+00,7.940193823999512901e-01
-2.916805875641479417e+00,-1.238582146639127135e+00,-5.457428953843379560e-02
-8.306433978533595663e+00,-6.881242890081078478e+00,-2.571806983559894455e+00
8.649645167455446426e-01,3.504002464784532478e+00,4.157954221138406403e+00
-4.364655076409531098e+00,-8.185468311322183776e-01,-4.670216496497103797e-02
1.659776120595829463e+00,1.960998135307012724e+00,3.239422517796599177e+00
-2.226745559503007676e+00,-1.386294661919178273e+00,1.638692709954162163e+00
-2.439201952049500299e+00,-1.636991534929088665e-02,3.603952837115045327e+00
3.425366570168799640e-01,2.900391908318109113e+00,4.995421584365047352e+00
-2.619576085662401077e+00,1.151736652631435431e-02,2.183947931965203537e+00
3.717735928131682410e-02,2.226118288515144261e-01,3.626107393832714187e+00
-7.369353009233774898e+00,-2.558701378161497786e+00,-4.485335929812657163e-01
-3.794712734481864302e+00,-1.676047815641630967e+00,-1.447203422455398236e+00
-7.458576968817869357e+00,-3.006681545384127574e+00,1.638925391930521336e+00
-6.143030087764238090e+00,-2.077334497693522408e+00,-1.545607139984238820e+00
-5.053806059703873643e-01,3.995737799799308654e+00,4.115516116774513122e+00
3.550687071758239277e+00,5.773558687939782885e+00,8.276676958446754995e+00
-7.458107338090247396e+00,-3.288096832958553151e+00,4.661992343113019466e-01
-2.239958879165927286e+00,1.745525603333501374e+00,6.085030351120374270e+00
-2.666882227042883802e+00,-2.865276245792555132e-01,3.614734143006602007e+00
4.624045373442126738e+00,4.964210845469321676e+00,7.186942959222015759e+00
1.134171691431596463e+00,1.284835065779801999e+00,5.861410392372772726e+00
-3.827133371568758768e+00,9.649355381958449884e-01,1.384630839636658894e+00
-3.802843028162190553e+00,-1.139709806123387903e+00,4.859882255609577761e-01
-5.106082471719934013e+00,-3.393411048405543973e+00,-1.139910741528120663e+00
2.966809285468325452e+00,3.592139111741079027e+00,4.495990105660641944e+00
-4.111574855029624942e-01,2.475685815136761114e+00,2.569465362324202751e+00
-3.424961702374833550e-01,2.656508939833519989e+00,4.251094878766866536e+00
-4.327442269102652617e+00,-1.664101950826437637e-01,2.833622343560775025e+00
-2.238859288681942949e+00,1.301596714878916261e+00,1.873722621068642846e+00
2.890038664278704150e+00,4.219350487687147044e+00,9.202698532547330501e+00
2.731322425166023748e+00,4.899583659712142492e+00,6.693909686333190834e+00
-5.844496606199147237e+00,-1.475219811312776130e+00,-1.309846766997101897e+00
-2.406957384142015766e+00,2.669094242385821047e-01,1.318195493168203836e+00
-3.736924289943571509e+00,-1.896160332674755367e+00,-8.972749733231153435e-01
2.794451800871789793e+00,2.983565598615328440e+00,5.066126268458111426e+00
1.192769254180718441e+00,5.138784360156166464e+00,9.898556523290622522e+00
-1.363961710840272401e+00,1.755303162209789436e+00,3.699488623973397061e+00
-3.141064346716276656e+00,7.082120210202345056e-01,3.234331938166338904e+00
-4.227214724301764370e-02,1.795829252210290328e+00,2.691277714975163882e+00
5.844567335613356285e+00,9.825217257298643148e+00,1.232734620988372676e+01
1.767144025265175777e+00,6.586162731820490279e+00,1.059571073356408988e+01
3.206918247737302163e+00,5.306998843448686998e+00,9.011249047785973687e+00
1.910379507008866717e+00,4.177336971269221877e+00,4.576665613340544780e+00
6.980960997387399836e-01,3.281501357529833740e+00,7.610144455200581248e+00
-3.575348759376252517e+00,7.018578332088294403e-01,3.576692401408702704e+00
-1.562000181421640210e+00,3.381175006526095927e-01,3.886205122044685822e-01
3.632181141788921597e-01,1.920267008876455739e+00,6.869309895415127265e+00
-2.769639558115086775e+00,8.628156083498850215e-01,4.450758427475198786e+00
-1.805228114568321551e+00,2.000188837090483673e+00,5.100755753800205738e+00
6.874068245231668151e-01,3.616700110398206380e+00,5.884796387210279534e+00
1.724829046037635649e+00,3.944499014386070534e+00,8.298741291572063972e+00
2.892239179760689449e-01,2.256505226459971425e+00,6.457964146798579996e+00
1.511050526295238505e+00,5.699722654419923984e+00,9.554213651127479778e+00
3.554478899253758595e+00,3.742690898570989688e+00,4.482552120589089029e+00
3.475038975674229036e+00,5.048564686606804131e+00,9.286231397904213480e+00
-2.101725815984875734e+00,2.264571090795953534e+00,2.472357562573414214e+00
5.046297453746470651e+00,6.669920219389465110e+00,1.092184124257981814e+01
1.830317631783439314e+00,3.078783876959630739e+00,7.958800409945290255e+00
7.153517721097427007e+00,9.600036553977563614e+00,1.428660000096961369e+01
2.045324539327557201e+00,4.189456511153871965e+00,5.808451146592021885e+00
2.857362620431300293e+00,4.669413496475564251e+00,9.090916409128929843e+00
5.168771310918002015e+00,6.822218242359665119e+00,1.016894934965821662e+01
5.214702977813603368e+00,7.563916388436526361e+00,1.227227233207076296e+01
7.176142681188207639e+00,7.972960041543912801e+00,1.011624419205312364e+01
1.000246197325328801e+01,1.062563103276889720e+01,1.351632774256984248e+01
5.353565125002289093e+00,7.368061081692676595e+00,7.672747244114759724e+00
1.014616964875595606e+00,5.263807513709361174e+00,7.141381428041555957e+00
1.488838483280990665e+00,3.956992188033310320e+00,5.994558865451201868e+00
2.781121081282566188e+00,5.224384473532396989e+00,5.306010461872901374e+00
6.079313283902128440e+00,1.015661093044200314e+01,1.181815099017272175e+01
-2.001224707065517805e+00,1.621084115065199782e+00,1.945518091970858343e+00
7.819604645139550669e-01,3.401086727004411614e+00,7.945046587358098655e+00
3.284722649399536287e+00,5.275962826917973914e+00,6.262257877338126555e+00
3.014044604922908821e+00,3.509450390498395134e+00,7.804890207938857571e+00
3.658163438061692752e+00,4.852194574859780118e+00,9.727550132353036005e+00
1.032883257780687103e+01,1.156794649444641010e+01,1.397290147316040887e+01
3.034323111793016725e+00,5.324293770788851354e+00,5.634341867621388111e+00
4.862228612625069779e+00,7.521425711712309337e+00,1.088463061015499456e+01
-2.332324729749335024e+00,1.378353586706757561e+00,3.991312368261403343e+00
-9.522920772252687627e-01,3.110633748381494534e+00,6.871121257601081389e+00
8.309644282258652481e+00,9.279515842694756600e+00,1.128752425218729094e+01
1.083465974657456776e+01,1.154756900261812191e+01,1.221468727147273015e+01
3.707578217079168681e+00,7.268214990195226655e+00,9.920510652083152081e+00
2.740147799996952571e+00,5.744896842387465341e+00,9.405818258750411331e+00
6.822663713683345676e+00,8.208838374492080092e+00,1.021564816775535789e+01
-4.050129222625384884e+00,-1.016113777707280619e+00,-5.329688706154747102e-01
3.352531567006749924e+00,7.517801972983034986e+00,9.235050093927414494e+00
4.509852008647712296e-01,3.744750121038968871e+00,8.722574630323048694e+00
6.939572827985115211e+00,9.316385054871693328e+00,1.039162730131718781e+01
-6.755683350766359396e-01,4.065986588326033768e-01,7.084797397625055559e-01
1.310695679070792874e+00,5.146107184053093420e+00,6.613263884513230551e+00
6.090754820099833822e+00,6.954383632780245961e+00,1.052286380185785397e+01
3.290653080083123072e+00,4.836336287153793378e+00,7.838681025475738195e+00
3.948833752502359573e+00,6.037964821679054239e+00,7.708728470077904404e+00
7.471578124747134453e+00,9.918726102441933534e+00,1.148769229930291935e+01
2.818400130589275854e+00,7.171224726301860919e+00,7.536426248427481767e+00
4.339764998547098074e+00,4.490533123281620576e+00,6.522498260199217412e+00
9.275082247797080015e+00,1.013930042274199117e+01,1.385793269785636639e+01
6.337949267453423019e+00,8.105118821069151380e+00,9.412307381879621460e+00
6.465048530876332578e+00,8.261955846890479904e+00,9.359375503440610089e+00
3.239246760592424668e+00,4.737509155591650867e+00,7.577435582443532880e+00
-4.519169116776772022e+00,-1.990063869846663280e-01,1.655340407599236840e+00
3.149046495435627868e+00,4.752405381656279459e+00,8.661354774880813068e+00
4.360252935180006340e+00,4.472384852969787161e+00,5.982766480028903544e+00
3.418635718003967039e+00,5.679489810725136145e+00,8.682798194970679617e+00
4.235087789438199302e+00,5.015395438331667677e+00,7.179667428608123458e+00
5.067322646791962093e+00,7.898824981201484796e+00,1.045007727356949623e+01
7.348552901033607476e+00,1.022130829126645502e+01,1.353329962857406521e+01
8.926417327003123958e+00,1.082328067266073290e+01,1.114145938154069526e+01
9.842940378182694516e+00,1.012072178971396141e+01,1.441429502481307523e+01
1.541570104231196225e+00,4.928666188373922452e+00,8.749589600960192115e+00
3.164836683812458418e+00,7.808859783463469206e+00,1.156158179999165725e+01
8.874923134310005679e+00,1.233642947638281839e+01,1.561522217091482467e+01
1.600792178535257015e+00,2.893659101914311194e+00,7.680129460652098672e+00
8.987414449772005653e+00,1.169763599010185295e+01,1.280800546319488831e+01
3.618740628893250211e+00,4.667871684257265841e+00,8.744201241727465046e+00
7.287821507255197950e+00,8.538864514536596673e+00,8.745996503915804965e+00
6.753400307648755430e+00,8.895461671821990990e+00,1.298221394548638052e+01
6.152335741594948004e+00,8.224533947524994559e+00,1.224227183553466602e+01
1.019999869123094882e+01,1.433605357003945002e+01,1.862458938398648911e+01
3.797632797199391952e+00,6.742132001029495392e+00,1.023948585189162408e+01
1.409016133956317640e+00,2.718311438139196845e+00,3.216801153221161780e+00
6.032517877418637653e+00,8.696420498319060499e+00,8.749329961309031845e+00
4.776734065058434453e+00,7.105423319820268091e+00,7.615891420168146908e+00
8.724472541679894277e+00,9.266574040705217286e+00,1.362049112013246166e+01
7.030659448658123978e+00,1.023325041018830106e+01,1.345942190342853984e+01
5.446478192779069083e+00,7.468861570224871294e+00,9.535133189912437857e+00
7.344465993812736571e+00,8.860004457859291804e+00,1.103179712431969151e+01
5.027486503886670732e+00,7.963111810920954881e+00,8.896057099453352990e+00
1.157515635429884071e+01,1.288357358888845283e+01,1.535734326977945940e+01
4.448032787876737615e+00,6.371934298004333641e+00,1.046936686545459949e+01
1.287884382780223547e+00,5.396319518164290230e+00,7.076279722319189780e+00
7.817866963557289495e+00,1.007184336362308663e+01,1.495478085390900524e+01
4.750695817204970695e-01,4.612449998150816910e+00,5.690752080518670653e+00
7.143883801763251107e+00,8.545028687866906836e+00,8.962430379075088993e+00
3.437474275640077792e+00,6.826589988726727398e+00,8.411066488898347515e+00
4.313467828029291518e+00,6.996443763628874990e+00,1.083715517322077915e+01
1.039544926573581307e+01,1.457562460263425663e+01,1.620244632300218512e+01
9.741308612722155758e+00,1.092754329809422487e+01,1.517022516115352815e+01
8.343518744366759776e+00,1.024987280233144915e+01,1.435986350422742674e+01
7.986172212938205561e+00,8.734987966145546068e+00,1.329453501802566961e+01
2.609550343867227618e+00,5.025178629506898531e+00,5.875845579515997841e+00
5.163586264914016510e+00,7.838927016226287847e+00,1.218900692587259726e+01
6.810919895265524993e+00,8.757545239060979370e+00,9.647852773883810684e+00
4.673181500454705706e+00,7.555962326263692574e+00,1.172829788417668695e+01
6.586279546921658401e+00,7.193048427099916431e+00,7.400089965362973921e+00
5.383146077853909084e+00,5.664613545763127256e+00,6.817057144265406876e+00
7.587379329838128683e+00,7.623889336205750489e+00,9.767253183212190493e+00
1.683007794006736280e+00,5.171755063611320757e+00,8.724046009967731052e+00
5.618556867862500859e+00,8.802114484068033207e+00,1.028311515704306700e+01
-3.093344483705650294e+00,5.863440448364380941e-01,3.468781882961137875e+00
6.344259184466090495e+00,1.065015516830291809e+01,1.304018274589931004e+01
1.676928852346190491e+00,2.577665401924005728e+00,5.750929567094874351e+00
2.494205498117657793e+00,3.248126644887944892e+00,8.063850867929041044e+00
4.095765506205834683e+00,7.612191455042654376e+00,1.139380089215489278e+01
4.543376971957777677e+00,7.939719184294817822e+00,8.427517033912653943e+00
1.016104041295389138e+01,1.248753951022926501e+01,1.574461572479119198e+01
5.926158693323875681e+00,7.072938058748673207e+00,1.047044859329595923e+01
1.893259022390259894e+00,5.992686398583651375e+00,7.367336295675126934e+00
5.618506645057182780e+00,6.616523146385971721e+00,1.103232303606041853e+01
1.071531939842002501e+01,1.074129186224286059e+01,1.202002710429250421e+01
1.113523095184578615e+01,1.316888294257536707e+01,1.653018153650985766e+01
2.804917892840723681e-01,5.265809261582432121e+00,7.119901236095810937e+00
2.627706124102857643e+00,7.371749754300454427e+00,9.205621165091583791e+00
1.964558926975167985e+00,5.442205210395273163e+00,6.269040297017576258e+00
3.001215746703425058e+00,5.303255039627199352e+00,9.659622632823499089e+00
9.542679879372993668e+00,1.114265177974203880e+01,1.166866477314570361e+01
3.297231719025273122e-02,2.646538996502902030e+00,4.844212427922955477e+00
-2.809760705068438558e+00,-1.662062554470856490e+00,2.866013576264968776e+00
3.200564587435999364e+00,6.208998278337264587e+00,7.944866387503628502e+00
3.793774871513257096e+00,8.774431066782959476e+00,9.462262083161427029e+00
1.504977488428520971e+00,5.744735051346993693e+00,6.897859730266119094e+00
5.306668233799284984e+00,6.504202523314093654e+00,8.995013514516829289e+00
3.856547780379347756e+00,7.166257629466942447e+00,1.061857311702688911e+01
5.041623290219990672e+00,5.152261470733486171e+00,6.586551236721021496e+00
3.094873192293551512e+00,6.397893568661388031e+00,1.084656753710034849e+01
2.906812917608063707e+00,6.256267359639577030e+00,7.585673933407422354e+00
-3.869739265074288781e+00,-1.330875520135700540e+00,1.907006573591315313e+00
4.116421856521403910e+00,4.793118611006526919e+00,7.517653127343074004e+00
-2.719481318296583794e+00,-3.611501780332773137e-01,1.322089995673457974e+00
1.029804536986473895e+00,4.147492878280402806e+00,7.328574343432715743e+00
-2.177219021504212648e+00,2.680130508697343927e+00,4.821656495761823535e+00
4.514822648327315946e+00,7.171158425745788989e+00,7.958671330599083937e+00
1.962916597491449533e+00,4.704728291870406309e+00,4.885158037744781190e+00
4.543289007243790145e+00,5.292676879528120715e+00,6.148910897003522891e+00
3.643105787876166346e-02,3.199626645400774905e+00,6.036099849070991397e+00
2.840519762669039050e+00,6.830704547391247772e+00,9.152701706750232091e+00
-3.592583405544512054e+00,-1.218302221211455816e+00,-4.105220605886988894e-01
-2.927466806917127684e+00,7.860403417319701269e-01,8.043049699916472450e-01
5.105279417731129143e+00,7.229733783462877206e+00,8.171359239144557307e+00
-1.893497011769355920e+00,1.961552610940562547e+00,5.328509414376187969e+00
-6.805704479561893727e+00,-3.271860930376466303e+00,-2.528971501894114127e+00
4.076107291107545549e+00,7.420177659409099569e+00,1.087464620851106645e+01
6.176007766290507739e+00,6.189193189807437712e+00,7.777197485364904850e+00
4.550526615821100407e+00,4.986967522033259215e+00,8.393938684090709756e+00
1.971982394753022838e+00,3.032525743790197570e+00,4.355822319936805798e+00
7.234756955209130425e+00,7.626402332559883313e+00,1.004543565891987456e+01
6.149342364533620930e+00,6.314506411995529866e+00,1.054246747637058235e+01
6.944546534337929344e+00,7.076376734419328685e+00,7.384575205328249403e+00
1.211133126489558620e+00,4.413166292576994110e+00,8.997833907704180234e+00
-1.871966572421493336e+00,2.588639100799490667e+00,3.006791655868802149e+00
-5.261280732049331554e-01,9.161055349903481915e-01,3.521289819301741453e+00
-1.933147963567897865e+00,-1.800029270085565347e+00,8.431838076568469731e-01
1.167018181356623163e+00,3.405846385576407620e+00,6.347901363374012007e+00
-1.052968703596155020e+00,3.548605714121860988e+00,4.921702242679176109e+00
-2.559580185818532971e+00,6.359025317744109174e-01,2.785064211639887155e+00
1.243279246710935482e+00,3.418922868318820640e+00,6.655279879615560112e+00
-4.282750176462672975e+00,4.739317994385014998e-01,4.789089327767690918e+00
7.677057341739641494e-01,3.965317961569805316e+00,6.273008406299320328e+00
-3.510661986191356831e+00,-1.390701481632221181e+00,2.544963073170479539e+00
-3.108184369474693121e+00,-2.017080950757635271e+00,9.212517700546603017e-01
-2.205538550808493703e+00,3.192302903738617470e-01,3.565998093876398656e+00
2.483041689845328026e+00,3.420146829094336205e+00,6.898932948116986985e+00
-5.784597440543694624e+00,-2.649598469524271138e+00,-1.748867862176138210e+00
1.620852644302550605e+00,3.868961090757695676e+00,7.262057864974407195e+00
-8.822537115649009110e+00,-4.314515768437027887e+00,-3.704017627380575828e+00
-2.770993874963487702e-01,-2.334022962533186529e-01,5.923684941225201284e-01
-8.784905400180448964e+00,-3.838536727586364883e+00,3.314560472707839267e-03
-1.060669412981463111e+01,-7.534849035592868560e+00,-6.869783699845989133e+00
-7.915349283005579384e-01,1.288694318006821549e+00,4.864888658740413874e+00
-4.928661678245472189e+00,-4.492408670635814616e-01,1.459875406732626502e+00
-9.210305305857872327e+00,-4.211855918927674303e+00,-3.513173857283222290e+00
-3.609405973007005386e+00,-1.674726367917531267e+00,2.702260926413987630e+00
-2.152856014256289363e+00,1.096722032985348205e+00,5.151319498022162158e+00
-5.975579598203267118e+00,-1.436583904338847972e+00,1.099998073194597747e+00
-2.204777027712672144e+00,-1.031041273277455872e+00,2.437493252034762747e+00
-4.550080371387553058e+00,-1.732681947840766901e+00,2.130564075942797508e+00
-4.944522683434845689e+00,-2.385953910621014806e+00,1.669602930435259758e+00
-7.036272822634114021e+00,-2.526185442821125893e+00,1.221729690440861216e+00
-6.433028446157534219e+00,-2.714752676694513589e+00,2.211940295104248833e-01
-5.558117306322085227e+00,-3.199907245741897110e+00,1.663031038307547060e+00
-7.317044613157435151e+00,-4.091481952570989122e+00,1.103005585558207713e-01
-4.804171928346931963e+00,-2.277126785629048911e+00,4.971625040920550909e-01
-6.469853155922296040e+00,-3.155408037861502368e+00,4.873538053901915745e-01
-6.789347772681030513e+00,-4.547569064997875721e+00,-2.765994423331046725e+00
-3.275628580837026682e-01,8.695367542330387778e-01,2.987763868509137666e+00
1.118020223883399389e+00,2.174209776669781213e+00,4.258018005562369979e+00
-5.991623435990061530e+00,-1.618326071862502324e+00,3.267024836081565908e+00
-4.397528979233123358e+00,-1.512019126025392790e+00,-7.819922246313658620e-01
-6.019401284843317157e+00,-3.881623379522537665e+00,-8.712408263347040105e-01
-5.482352208687641948e-01,1.305623553821432026e+00,2.331404422458869696e+00
2.094393923253410783e+00,3.228515276489202890e+00,5.598159721561846602e+00
-3.649102270764756017e+00,-2.566958791398394446e+00,-1.319345332189207909e+00
-8.093852188113702439e+00,-3.728431273102770671e+00,1.668703197299770125e-01
-1.503684107659111424e+00,-1.227119192964515548e+00,3.737644573247997926e-01
-4.610783927161458351e+00,-1.951118166616721883e+00,-1.648074969006944945e+00
-7.339487760436050223e+00,-3.923631445804622864e+00,-2.001405705588303441e+00
-3.079585795369721435e+00,-1.093693391317227093e+00,2.329434417160434201e-01
-1.445406133165229701e+00,2.242388358411728788e-01,4.532688321747805560e+00
-8.972469807314709556e+00,-5.029454930357221798e+00,-3.505954493487291046e-01
1.378561151346607616e+00,4.873548057522868682e+00,7.762906870894051181e+00
-8.726980486473260967e+00,-7.430699053410484645e+00,-4.096422450998117526e+00
-9.995794944930475268e+00,-5.465004503041965833e+00,-5.119176515219796997e+00
-4.500157042577044741e+00,-2.284805885637443801e+00,-1.538002320859430228e+00
-3.746458386892568271e-01,3.678436566312272227e+00,6.748927779638744795e+00
-9.222347056751647898e+00,-4.824100471656550759e+00,-4.508599859073262550e+00
-1.093501716234990262e+01,-6.406363766779407776e+00,-6.070380674180505309e+00
-3.070855083733343260e+00,-1.632826079511064954e+00,-8.519973438610461969e-01
-4.823295832648818227e+00,-4.096367512210658646e+00,-3.238018022315635402e+00
-3.824527673240730508e+00,-1.423438314388010717e+00,2.498373124604282847e+00
-8.190121536403218272e+00,-3.698735161167236107e+00,-8.643483689268296466e-01
-6.912386129173238913e+00,-6.123628342802629909e+00,-5.727674980131704174e+00
9.595882780195954531e-01,3.430236375910925339e+00,7.257137549995998249e+00
-1.564313998477476098e+01,-1.254233472300497887e+01,-9.628426804414971230e+00
1.479515892609396754e+00,1.720291963861076745e+00,3.778018906015181866e+00
-3.752291099529675211e+00,-1.000371753842711708e+00,1.991086039567869115e+00
-6.119152949118349838e+00,-6.095112638183045384e+00,-5.097337755829734363e+00
-3.046638676399556545e+00,1.702291378294247259e+00,4.245510569688280889e+00
-1.160248181288552516e+01,-8.084270803129832927e+00,-6.543337142148096142e+00
-3.925988339436571550e+00,-9.991283743439165477e-01,7.832080086003347930e-01
-1.180802699637930431e+01,-1.032323260244451113e+01,-8.266242699575837349e+00
-9.862280078790220728e+00,-7.563140432991859008e+00,-5.907400997129375497e+00
-8.909105684100790512e+00,-7.619157631753749271e+00,-4.500055747828170638e+00
-8.376614138457251002e+00,-6.472951755534669616e+00,-5.463821602632215502e+00
-8.023316006219271657e+00,-4.231477465926599457e+00,-6.127695609481662586e-01
-1.122178409620070738e+01,-6.787704955274246998e+00,-4.012609859679477253e+00
-1.185805191276046955e+01,-1.046086687570166873e+01,-6.142328480435265803e+00
-4.402936178374130094e+00,-3.001430575460634742e+00,2.765724406156442328e-01
-5.235322960170081252e+00,-4.283357780056459063e+00,-1.137484203630397150e+00
-7.444409559582059188e+00,-3.240123612795283492e+00,-5.404031111207086013e-01
-6.340541096730477832e+00,-3.986103540171408000e+00,9.812610821029679187e-01
-1.784609699530422366e+00,-1.672349243398920215e+00,-1.369134027529872455e-02
-9.385928110874964148e+00,-4.792936321897426133e+00,-1.579722895966761520e+00
-4.269074945143105815e+00,-1.558588568093621340e+00,1.629869975163305895e+00
-8.560825626066263183e+00,-6.951119874732710535e+00,-6.595279185112629783e+00
-8.181869688700599497e+00,-6.806130512859035697e+00,-5.123650014594801405e+00
-2.945618539512163458e+00,-5.462928887048894566e-01,1.423189682847442405e+00
-3.234902977277730685e+00,-6.298918577631456017e-01,3.505150584060541252e-01
-3.916588865912954631e+00,-2.996346555825047719e+00,-1.237784167605652019e+00
-9.772329850040190280e+00,-7.403754142152831008e+00,-5.695111179159527026e+00
-1.054517297062012915e+01,-7.662361808689521325e+00,-6.112331240741296412e+00
-1.670323319391761263e+00,-7.844783471990366408e-01,3.529662202843517171e+00
-1.967058802374635818e+00,-9.640483094943177456e-01,3.869158639548625711e+00
-9.921337558239653021e+00,-4.984317186984047687e+00,-1.500298209384490988e+00
-2.876250709248973081e-01,2.222379899764288957e+00,6.199474056117431076e+00
-7.800440883480883159e+00,-3.434427304840104611e+00,1.135316811606990051e-01
-8.648956604943480286e+00,-8.138732827760222222e+00,-8.123793480636845032e+00
-6.607694567108165273e+00,-5.648187955055407272e+00,-4.705528477029328194e+00
-5.719781888333695719e+00,-4.807194405133931703e+00,-2.258332811485281422e+00
-7.165294878000469936e+00,-4.564872559772156890e+00,-9.497623262287966384e-01
-2.080010922957384878e+00,-1.072671858106329701e+00,-6.093720668813060737e-01
-1.101876900159995110e+01,-7.688312413054687156e+00,-5.268327298375204748e+00
-1.214050206662319198e+01,-8.808898816404839849e+00,-6.905197592672425166e+00
-6.754438373335629464e+00,-3.000460701092524829e+00,4.125431869193225687e-01
-9.571320025082741267e+00,-6.319610748516663712e+00,-6.181764331910240884e+00
-1.808143357166824394e+00,2.482477436356288258e+00,4.365512553599863566e+00
-2.624002599777274014e+00,-1.945924888431329158e+00,1.832017722261542580e+00
-8.769860173117065116e+00,-6.337485565857964076e+00,-6.177458657421773580e+00
-5.015971828757079365e+00,-1.106614480011876900e+00,1.068572835248867925e+00
-6.310626568286035187e+00,-2.535996887046719106e+00,1.241958210067339419e+00
-3.306051864302734788e+00,-2.806370812153897276e+00,2.597583036851203175e-01
-6.853297617428030009e+00,-5.052612295267927323e+00,-2.320602825239610922e+00
-3.843872745755207987e+00,-3.401137850395990370e+00,-4.602200546123960123e-01
-1.483387271660742712e+01,-1.094617260173853879e+01,-6.012103581512739048e+00
-2.260442985748980504e+00,-6.590452365704866367e-01,1.165785177254193838e-01
-1.671923523264124611e+01,-1.488972921851517839e+01,-1.479321679614584895e+01
-7.921229119107112027e+00,-5.877362508448385370e+00,-1.304415083838183165e+00
-1.027756316229538491e+01,-9.305807691672915993e+00,-6.917209449558274770e+00
-8.850238734537668961e+00,-5.987153466648337030e+00,-5.087617867222158807e+00
-6.321654792150093627e+00,-4.671127173646809183e+00,-1.143393861868178263e-01
-9.480236881564533036e+00,-8.001593189837418407e+00,-4.824778094922629990e+00
-1.338011419014851988e+01,-1.269535459656527898e+01,-9.346020699852260805e+00
-5.105442717867756386e+00,-3.709720668055456194e+00,-2.553406759393275216e+00
1.350283783235897817e+00,1.971109691826884003e+00,2.205231617082741291e+00
-1.013695002303721537e+01,-5.297651465889400946e+00,-3.228127885378110129e+00
-5.207819572802567798e+00,-1.319742061338683214e+00,3.280704437922475236e+00
-6.569428703289099669e-01,3.631593110600732643e-01,4.712402291615814143e+00
-1.334084243946368886e+01,-9.800719700072111351e+00,-6.910834420193614491e+00
-9.466796235806981485e+00,-5.421407194031587551e+00,-4.868084296460668092e+00
-9.144096277047609078e+00,-7.826094595730461734e+00,-7.170840227345217421e+00
-1.084137355408887160e+01,-6.361520703118612730e+00,-5.867532404319582895e+00
-3.680570304228432121e+00,1.219181803379086659e+00,1.768637876870058800e+00
-6.467505372769901228e+00,-3.158406979519035040e+00,1.440632636565162272e-01
-6.060243101617815320e+00,-1.404012213429281175e+00,2.116503350683909268e-01
-5.501740372824574621e+00,-3.841680823109960397e+00,3.897857085488412032e-01
-1.217250053295951773e+01,-7.279622769270534199e+00,-7.128928875615767602e+00
-4.726682886735773081e+00,-1.550098282915918446e+00,-3.319000309850235197e-01
-3.401529281076171252e+00,2.382821593993504905e-01,4.101877205424171002e+00
-6.313484970656743300e+00,-2.500857185952656714e+00,-3.233013043417596322e-01
-2.706706554675778698e+00,-1.917699622634076118e+00,1.006123532121214748e+00
-1.096533722210093664e+01,-7.020146856742380592e+00,-2.459171861160656114e+00
-3.387641067070092493e+00,-1.124419448173694658e+00,1.039575374633967542e-01
2.710324857992845171e-01,8.651448514052821892e-01,4.853150390252375601e+00
-4.562153288608252311e+00,-1.885666452939448234e+00,1.485254009461626890e+00
-9.211162635487022854e+00,-8.414960632247524330e+00,-8.382066546219972381e+00
-2.879502374453669411e+00,1.958405659958388334e+00,6.012846619843815077e+00
-7.705665005767670550e+00,-5.705532958321796855e+00,-3.419794033590301652e+00
-6.274335460666635278e+00,-1.629008660696847244e+00,-5.907572419493372085e-01
-3.867644374171372412e+00,1.464990532088394914e-01,2.361466935673806056e-01
-3.770975764296987887e+00,6.075881676743244419e-01,3.554008199639469012e+00
-1.033696456202694947e+01,-7.949074765055260450e+00,-4.416786254173183934e+00
-2.451970640146373892e+00,-2.113714983743325337e+00,-1.135995199329896899e+00
-4.262539397247101292e+00,-2.227613986557243742e+00,8.617168970934145911e-01
1.299477485756551420e+00,2.022218936872814066e+00,3.919680442465264480e+00
-2.136246097564556301e+00,-8.317819743362453444e-01,2.396064861754970021e+00
-2.372004763869649757e+00,2.224387483940590826e+00,3.054283150537630220e+00
-1.357483311645542035e+00,-4.111775920070654955e-01,2.591464806549819144e+00
-4.431184819553837251e+00,-2.163372275680393031e+00,1.427150752154449087e+00
-2.707670367201151507e+00,-1.268243731335053859e+00,1.455854349700553385e+00
8.788476293286633378e-01,2.812988377212798152e+00,4.219309137990437719e+00
-9.202119627884554731e+00,-5.555637570335573372e+00,-1.576168827372700587e+00
-4.978623550435075096e-01,1.146894919054185280e+00,4.261754107687655946e+00
-4.252014756310175336e+00,-3.359057806913653188e+00,5.957816070371473316e-01
-5.314284837019362939e+00,-3.908031061480567558e+00,-3.053257333367420667e+00
-2.913676749331760352e+00,1.786130228999973202e+00,3.898551633748455369e+00
-7.053664930090242535e+00,-3.836165363343075896e+00,2.099014345377323565e-01
-3.388374242233282096e+00,4.233734378388231967e-02,2.865637613894243430e+00
-4.315019103356595664e+00,-2.456951807864466097e+00,2.135663374664875214e+00
-8.629175193035152347e+00,-7.961465153680555851e+00,-3.541866549316505797e+00
-2.906595067622145923e+00,6.426490836618041769e-01,3.499702465034073562e+00
-1.934463580365514579e+00,-3.107247729414862047e-01,4.194960057966430900e-01
-8.534298464241604876e+00,-6.318495686974575420e+00,-2.399698084021847144e+00
-6.308542819646241639e+00,-2.581994194238716123e+00,6.452168191425560195e-01
-1.076710781281509099e+01,-5.804609452893273236e+00,-9.414355996112524494e-01
-8.546185371956305232e-02,1.914562518394387958e+00,2.877234231717449742e+00
1.667910008737611527e+00,3.987101357845287630e+00,8.209984405408501829e+00
1.828792460305712630e-01,2.475694684534225587e+00,4.155604509800255641e+00
-7.070016644928522886e-01,2.999155838538953844e+00,6.249842897548376186e+00
-6.260261299633851806e+00,-1.416772949254969216e+00,1.329526957414853161e+00
-2.954526453595465618e+00,1.882834501737929989e+00,3.337516058358922066e+00
-4.003595934144041912e+00,3.205248674918865226e-01,2.075150620279091029e+00
-3.038707342762114294e+00,1.009671369196078361e+00,5.639602291639532083e+00
3.163492068548849900e-01,3.432304629586742983e+00,7.075050068145037230e+00
-6.001896828558868080e-01,4.193008807963784612e+00,6.068791121604341754e+00
-2.953882651539683657e+00,-3.959640235935142361e-01,4.095495580232413779e+00
-6.706759507864534342e+00,-3.342680022819103147e+00,1.025275500697551134e+00
-2.666123481306933218e+00,4.251490483398813192e-01,4.123809459447348225e+00
3.714661088934502198e-01,4.367782744141663898e-01,2.135143923475476768e+00
-1.796380976227347492e+00,2.055722708914169417e+00,4.075762460754273953e+00
1.994077786105206807e+00,3.808311418884983812e+00,8.566072597801486666e+00
-7.089738264875506957e+00,-4.326995805569742615e+00,-3.364535380387810193e+00
-2.849697579655048330e+00,-4.885641353021956679e-01,2.104792249972420315e+00
-6.203751625347331711e+00,-1.260093455059170919e+00,2.331004239856889981e+00
2.894572764596257120e+00,5.491583417484402041e+00,7.651537222520476966e+00
-3.356449927700487557e+00,1.221024849289233494e+00,4.450730230673576315e+00
-1.365838880876003358e+00,4.145950618334417470e-01,2.737746870894147477e+00
2.284476196977013096e+00,3.675100113782547417e+00,8.477243521096561096e+00
-3.121790842098832286e+00,3.879345829947062896e-01,2.349425894294451478e+00
1.311839590822269308e+00,2.227905603151125291e+00,3.113001027642363194e+00
5.433274866064149222e+00,7.821985961171311175e+00,1.015982121105608371e+01
5.755697201669171648e+00,7.844640395506411679e+00,1.210367053878537291e+01
-3.526618840232297103e+00,1.369296744169589353e+00,3.143412609035252103e+00
6.766433367829451928e-01,2.149696507540645118e+00,6.000250418050026013e+00
-1.304315411519136880e+00,9.446493114337481956e-01,2.032492275639936175e+00
-3.776014824693022742e+00,-2.871318512751327212e+00,-1.468479720795457411e+00
6.112328323980275258e+00,6.118946467339999806e+00,1.082609616024729604e+01
8.226789292503216444e+00,1.037803367527499709e+01,1.079226953536211475e+01
1.061999329847596041e+00,1.886784971568886249e+00,3.503474018610385432e+00
-1.889125146134431610e+00,8.693445695191641676e-01,4.387924966294404427e+00
1.063957992100741601e+00,2.603213936474947587e+00,7.391296347573559800e+00
-2.323259709924352379e-02,3.778326917062460932e+00,7.907320766513134203e+00
-1.400819736379633973e+00,2.174087077954482972e-01,2.122214737234219051e+00
-3.415890569426784928e-01,2.348719864803591850e+00,4.607204673531487771e+00
5.568860530088461935e+00,6.868319484964075627e+00,1.185467407276047602e+01
6.274100012447103580e-02,4.304528892158753450e+00,5.494465614448355240e+00
3.369569141039835181e+00,7.831561864461884959e+00,1.076599169616892837e+01
5.149142366884436939e+00,5.211952611197899543e+00,6.942709516030137529e+00
8.186783871072632612e-01,9.473421841805533816e-01,1.386194840290597696e+00
1.686781552534196926e+00,2.581668084856862500e+00,5.003661303187880272e+00
3.243261446859589281e+00,5.149704983735707842e+00,5.894685843303608230e+00
-8.422027081834324580e-01,1.130574417713353874e+00,2.652271873391964796e+00
-1.216436337412555968e+00,8.343433571276230865e-01,1.695897788463113010e+00
-1.941834674804720606e+00,1.106720517617207022e+00,1.329376645943631363e+00
4.382400948135053653e+00,6.321787007203042208e+00,1.079621537511904883e+01
1.667359148645909173e+00,3.765710527159759735e+00,5.971110210119881856e+00
8.160747302263217762e+00,8.500790574237978348e+00,1.152761204868587797e+01
-2.329822363364196125e+00,2.352191634493074002e+00,3.810243617212291323e+00
-4.210093238783639613e+00,-2.243834995789977249e+00,6.969555143464605251e-01
4.356007843739463148e+00,4.822063644560274476e+00,9.573480889312442343e+00
7.903548656074360856e+00,1.024153202490844805e+01,1.081701354683901073e+01
3.809976475594783807e+00,5.486112762326392556e+00,7.355267353436526712e+00
-3.784004120294555129e-01,1.348487250844899066e+00,4.814605499027128310e+00
-1.054503500964870222e+00,6.731001456185241594e-01,2.292369978355640381e+00
7.609132446903266178e+00,9.219575064901903261e+00,1.310881764435869812e+01
1.740343536384581391e+00,3.282251144829617662e+00,3.352241609048759230e+00
8.579693321181521171e+00,1.040736900710189516e+01,1.179855490556209041e+01
3.275305170787203402e+00,7.820391422935545123e+00,1.020992230155363778e+01
2.451340243633183480e+00,3.624216914304605019e+00,8.532133637286616334e+00
8.274086180045594929e+00,9.507807332073536344e+00,1.332292805746951636e+01
5.906597294468163284e-02,3.306819069596418359e+00,5.617959533468694922e+00
-2.219439705063521728e-01,1.807231542071883190e+00,6.169143938607831501e+00
1.242924766600083775e+00,3.618336709645393334e+00,5.495122405795021869e+00
6.821438946521677593e+00,8.592689970994133120e+00,9.972029995006968406e+00
7.722015345675286468e+00,9.766845103697972874e+00,1.036643504225721912e+01
4.904248604040048143e+00,5.229863767733149871e+00,7.937201417694010885e+00
-1.394776563638171929e+00,8.765310804113175536e-01,1.743492479945816243e+00
1.339188257514012381e+00,1.873184303599284561e+00,2.589520478940621651e+00
1.824823985907207957e+00,3.401046482751564071e+00,5.658469820255350058e+00
1.814204436274031051e+00,2.780954982806090214e+00,6.559079903392939670e+00
6.550022714512989452e+00,7.516644610019350914e+00,8.137276859789775330e+00
7.617762958968985032e+00,1.259053730512232505e+01,1.482909512125927165e+01
8.367732578703760637e+00,9.217767664505668535e+00,1.369055240462396839e+01
2.342931263433424061e+00,3.498389386389254785e+00,8.126289163184457820e+00
4.256174542969453078e+00,4.850978811199901486e+00,9.060052290892064875e+00
4.564287802366020941e+00,5.485623345479014645e+00,1.017731158835528404e+01
5.327659399186350342e+00,8.198877612760192335e+00,9.148446091498486865e+00
7.566975083216638254e+00,1.179107535466025958e+01,1.374395531551459726e+01
2.055441591358301512e+00,5.719508697669092534e+00,8.936712305450608795e+00
8.209277283263766378e+00,1.178074989544804652e+01,1.349932436782593825e+01
8.823028489621755455e+00,1.351715592567909496e+01,1.631622165730779983e+01
5.807189121021544054e+00,6.194992170987458024e+00,6.528662207787954586e+00
2.464193535738753660e+00,6.155341674991421819e+00,1.040521385574141178e+01
2.759843947089402505e+00,6.236242122545267108e+00,7.623728679924054674e+00
6.410126363440564745e+00,7.539646170919324319e+00,1.036682911846412836e+01
5.326058627612201946e+00,6.309956117790011199e+00,8.205454900141500474e+00
6.924118459718368257e+00,1.006757461544387944e+01,1.149213129831952074e+01
9.201251812819872811e-01,2.797319789823144554e+00,4.599909264215066074e+00
3.564315221537502687e+00,5.866932795837060510e+00,9.238731915689417207e+00
4.571768761657528657e+00,8.483514606292944293e+00,1.180892700369547477e+01
9.998795051261426536e+00,1.012963420374883583e+01,1.461383267948903075e+01
1.122087369958825320e+01,1.412681762735080504e+01,1.872805009663348841e+01
-1.125707685936702340e+00,3.693653771167763722e+00,6.032887684098376724e+00
1.040720623386290455e+00,5.622548635567578224e+00,7.449476831222467510e+00
-5.063146029906469003e-01,7.955766709200844389e-01,1.163728034188636240e+00
2.020326921238875251e+00,4.279479192564483725e+00,7.722915601249715323e+00
-2.569413116373929995e+00,2.314765225006909510e+00,4.921311614364778819e+00
2.395891059260473632e+00,6.068265218310965992e+00,1.054900098112680595e+01
4.239908647081813697e+00,6.955835153947768745e+00,7.789661569128337071e+00
4.815182744345720245e+00,9.056224820345725846e+00,1.192709335156292916e+01
2.964591018372450648e+00,6.757147265866695562e+00,1.004953690426486901e+01
8.760805403726815044e+00,9.065992934662764569e+00,9.911567752812102228e+00
6.568542390812295295e+00,7.999791153066177607e+00,9.423330252949135399e+00
3.611481780991221413e-01,4.557136703664354194e+00,7.548333509539547848e+00
2.179097040406647423e+00,2.595973720293949683e+00,4.531966588785704353e+00
6.620027459944968662e+00,9.401680887119912455e+00,1.065919503695626247e+01
1.238496717686371085e+01,1.258413665748689425e+01,1.448545535387280658e+01
1.293698559507133439e+01,1.524293009795616882e+01,1.976675480753283765e+01
5.891612570774526603e+00,1.043344339944238719e+01,1.293545576138896358e+01
9.630616122248822464e+00,1.198808890982583364e+01,1.519059920923038298e+01
7.695929195971365822e+00,8.986549528164506029e+00,1.041512042233702751e+01
8.480203579499459465e+00,8.492992841337736465e+00,8.884052224252631191e+00
7.010415500080039664e+00,7.902933656712844090e+00,1.110579734592634082e+01
6.170357950169522709e+00,7.233644233869804374e+00,7.854039257869636081e+00
6.270104061760818581e+00,9.351627680497268003e+00,1.261037779842524742e+01
5.647754371443580723e+00,5.946120012570148106e+00,9.810610450567757823e+00
4.010506853881164346e+00,7.041292201845752885e+00,9.026619419652044840e+00
-9.922801958523255195e-01,3.923631263300712213e+00,3.974628027647179263e+00
6.130172022547514921e+00,8.854430661484130383e+00,9.652947705156908142e+00
2.876032979554510316e+00,4.522696820739462886e+00,5.188708238302853992e+00
4.128717684517585695e+00,7.469790242559906979e+00,9.477648209569776938e+00
3.905333227293798615e+00,8.836830730661331401e+00,1.210606631716596659e+01
4.471406025310789900e+00,9.058080111364114728e+00,1.026221605052846186e+01
7.984316028279282662e+00,9.578236344050051088e+00,1.139164754140140445e+01
2.392833416394862134e+00,6.585408487883354312e+00,7.643787337898062084e+00
3.909721650277496074e+00,8.643325540542218022e+00,8.861220985598516009e+00
1.234110183519494086e+00,5.683400255378013632e+00,7.940469646782344348e+00
-1.442390315625860175e+00,1.187099854796755949e+00,6.174087067250775718e+00
4.295169875595681752e+00,8.645409777237805571e+00,1.316551773157091887e+01
4.975361625201134785e+00,7.903036657167394452e+00,1.268474556991700553e+01
6.559949381357946585e+00,9.998976544542994560e+00,1.409561170657239515e+01
3.228261768294636180e+00,6.832931306453229325e+00,1.073750346056705141e+01
-1.142383429621584234e+00,2.047471344979107322e+00,5.679514427049501712e+00
4.348928644946262523e+00,6.528621034069234774e+00,1.006295800126251905e+01
8.024158049952065497e+00,9.408210812191084571e+00,1.258291476439014289e+01
5.501187209162848646e+00,8.119949371755533107e+00,1.261263745770826006e+01
2.827309712809853881e+00,6.193423929624840341e+00,9.176526622752364304e+00
1.787626661295371733e-02,1.583246785213542118e+00,5.897266376575744928e+00
3.163823792005167501e+00,3.434612242815906491e+00,7.933367401875916158e+00
4.616720382457894623e+00,7.881608302650720432e+00,8.829071285201411712e+00
-3.124820070022614082e+00,1.390157441954778861e+00,3.021927344603788868e+00
4.523795966038930416e+00,5.365158948960323748e+00,6.960889256985311135e+00
1.562610476089020040e+00,6.367972117945424060e+00,1.013176461447906007e+01
5.049930277485450425e+00,9.633895938341478171e+00,1.112825608923427723e+01
7.545325954148484726e+00,7.957522349953777940e+00,1.077129848465358819e+01
6.516054842703751682e+00,8.931058709229390047e+00,1.253408262834853559e+01
4.162012647588963610e+00,6.875388550477354421e+00,8.857722427859709313e+00
3.336020753555525076e+00,3.359450023947751607e+00,5.698182815976346127e+00
3.376014652944245409e+00,3.979228754583747918e+00,8.589234270111184344e+00
-1.663078064590908234e+00,2.945453588060280126e+00,6.963698624947442184e+00
6.648381951776748622e+00,7.437715289660469686e+00,8.174909358347473898e+00
6.877362378440396995e-01,3.504287406621123147e+00,7.141596252113777687e+00
-1.991973787884546709e-01,4.323498969062286257e+00,8.793670846405728270e+00
4.714569978770144942e+00,5.491207882653915462e+00,1.046857763303501976e+01
9.480731004036814014e+00,1.026471841192296708e+01,1.446530966436698762e+01
4.293339144510291305e+00,7.228066925027296641e+00,1.061949929623087563e+01
-1.670076790691692459e-01,2.852851206693411079e+00,7.201261418696520700e+00
2.355099732352284203e+00,5.540588144292580175e+00,9.783907251696078333e+00
9.179687257485692697e+00,9.951527151177572250e+00,1.428506080490889829e+01
1.789848869263284570e+00,6.754615471373085711e+00,1.006214944634648845e+01
-4.857034349489735447e+00,2.477117200748857329e-02,1.124188864820832245e+00
-2.163163189329115887e+00,1.983252412403119003e+00,2.828487329252085125e+00
-9.180886605720028903e-01,1.661625156169237005e+00,4.981800113509605943e+00
5.565816488194924361e+00,8.867127747662667758e+00,1.222143245692297420e+01
6.615738172285512420e+00,8.220361637408119648e+00,1.308896712244854754e+01
2.449322417520577222e+00,2.482087387488370656e+00,5.587079631032072946e+00
-2.008281862940957563e+00,2.322266734180681080e+00,6.777832759937657769e+00
6.990216961983355404e-01,4.300048703202497435e+00,7.174109725825098316e+00
2.006456522175387391e+00,4.293131800922684427e+00,6.540711775499025826e+00
-1.040983430883901661e+00,1.084512226271422186e+00,4.583975463043765686e+00
-5.303358811952176843e-01,3.125706316567804510e+00,5.699518060627339011e+00
-4.290889835881761982e+00,-5.868310102721006061e-01,2.055444898484946492e+00
7.004364359104485516e+00,7.491122874305267132e+00,1.174919822160357619e+01
-6.059719998496246873e+00,-1.707317738138293350e+00,-3.750116511653063256e-01
-5.773937640537834426e+00,-1.841770567582254436e+00,7.140844261069121401e-01
4.055794881554377618e+00,4.675930782172258660e+00,6.665924260856417760e+00
-8.248903965487988099e-01,-4.421306051650466529e-01,3.490204373729751008e+00
6.815728968654541919e-01,1.662740210732570389e+00,2.484699716291021598e+00
2.209084255139409425e+00,3.251772412875292062e+00,4.382427476574435765e+00
1.614526560145757017e+00,4.984287465328555378e+00,8.177292375876152875e+00
1.544129827796429044e+00,2.190812948354437850e+00,5.812908878866438478e+00
6.341537599562226291e+00,8.086823114774471577e+00,1.037418676829221198e+01
2.018544513006512275e+00,2.642844312104065008e+00,6.185974592595743005e+00
4.229924513560878729e+00,6.111035249584252149e+00,9.271683265955241282e+00
1.132371145844168314e+00,3.268475869142778212e+00,3.512819872416531819e+00
5.202846295976096158e+00,8.720294125257295192e+00,1.148283492649085957e+01
3.224117448865517321e+00,5.395342058818810571e+00,6.403102012358016459e+00
-8.777065996446604679e-01,2.244009474452585362e+00,3.619996706423079580e+00
1.747362914904845521e+00,3.893234408034492944e+00,4.175660143478251207e+00
-2.766470563257553472e+00,1.117261972584578045e+00,1.567447384675329181e+00
-3.474363844329702022e+00,9.798341946696952354e-01,5.317707289909161084e+00
-7.080435580698184239e+00,-2.224985956610373794e+00,2.317220257414345230e+00
-5.703943294514150608e+00,-8.469050234324659865e-01,3.589476197441085148e+00
7.090836424490730039e+00,7.653379449703097137e+00,9.841788765418124640e+00
-2.629841035362988411e+00,-2.249059226306815873e+00,4.774318070898670996e-01
-3.359641547950909857e+00,-7.108577405549807438e-01,3.900034060026483118e+00
-3.981376102183754817e+00,8.670976233911620312e-01,2.165317857516871225e+00
-2.051825661038357396e+00,8.597385877720932212e-01,3.181947536036837221e+00
-6.487077719244060958e-01,2.084968101780357408e+00,4.743608577225277401e+00
-5.151226245902558176e+00,-5.806041998893893830e-01,3.900024676372124688e+00
1.442345725032963877e+00,2.056029134719122187e+00,3.781580026803429195e+00
2.765295901948401358e-01,4.040404958158784865e+00,7.460340487309100155e+00
1.150769584426432512e+00,4.306732362474053666e+00,9.275784523956538408e+00
-2.086519034680372364e+00,-4.018437481889621798e-01,2.174399780720667863e+00
-2.766872522590650529e+00,2.128879343665721624e+00,5.606640736726953733e+00
-6.492463323680048859e+00,-3.249061962742505916e+00,-2.475325762487512016e+00
-3.314240194214192137e+00,-2.080955676987228387e+00,-1.935897300537199328e-01
-5.865994818324357318e+00,-3.541759316507834932e+00,-1.055708117982047334e+00
-4.772804767390374181e+00,-2.621188602421447023e-01,2.739410683025845783e-01
-4.048174327135740214e+00,-2.806411476882426648e+00,-2.088242459140217555e+00
-8.570769208551279661e+00,-4.894215579785724302e+00,-4.131657424008672308e-02
-6.062817611254264882e+00,-1.593013594315711989e+00,2.023490249712014410e+00
-5.830677585056834644e+00,-5.723063564214472265e+00,-3.987909214227229437e+00
-9.755584554064391511e-01,3.342531794607290330e+00,6.607883064411971930e+00
-3.460749408571188290e+00,-2.412742802321714564e+00,-8.030712897876268741e-02
1.675696984881792639e+00,2.115287643107079951e+00,4.719295325970023214e+00
-6.921823326053407222e+00,-2.416681087627590152e+00,-2.223086855942756124e+00
-7.693869262746857451e+00,-4.624411637350382520e+00,-3.458898147355989217e+00
-2.563343279302083388e+00,2.388582081592195649e+00,2.714090685109870282e+00
-4.055970646973685589e+00,-9.695137315542359246e-01,3.123397072414710873e-01
-8.406062845357098468e-02,4.328254684286092946e+00,4.937903680981418297e+00
-4.974339054557931128e+00,-2.828075990537465501e+00,-1.901268265723782047e+00
-6.855707649713075114e+00,-2.858489037779663899e+00,-1.101271206172610873e+00
4.627887863240587318e-01,1.396354778605024549e+00,5.025860118988179082e+00
-2.762266727477256545e+00,1.323819861679225163e+00,3.635797298527437160e+00
-3.237887333664565936e+00,-1.343640322369789919e+00,1.817080639515657792e+00
4.853351108177004214e+00,8.110334052872872235e+00,1.141406103105397740e+01
-4.206498655547243004e+00,-2.827710445700870601e+00,1.878801917376501152e+00
-6.951188253947138129e+00,-5.883967015228462216e+00,-4.013175635787477269e+00
-6.590226521345812216e+00,-5.171756809667352073e+00,-5.161392688213668478e-01
-7.217614171298249559e+00,-3.075763458906731085e+00,9.805962275225952318e-01
2.194863308367464683e+00,2.218413717743063618e+00,5.647916218784667208e+00
-4.133565081516241690e+00,-2.982196605872794670e+00,1.856524680093702528e+00
-4.628816354931899468e-01,2.190875404684136107e+00,5.014390411683860904e+00
-3.069372764310647206e+00,-1.286958640194144410e+00,1.396694471317912134e+00
-3.170577775422055655e+00,5.781081626986659394e-01,3.387708933170274772e+00
-4.797362451201981237e+00,-1.591048001743530449e+00,7.712923880309219271e-01
-5.276127115865339334e+00,-1.694128562251189907e+00,2.803666523190693205e+00
-9.070565202558634743e-01,-6.518005207010375557e-01,-1.153178672926575832e-01
-8.114880995318877410e+00,-4.686835422801769901e+00,-2.798313346448782823e+00
-6.137415612427799871e+00,-4.729323422459837722e+00,-3.836357005148057109e+00
-4.950868821977308265e+00,-2.087687438120892303e+00,-3.500254601678245425e-01
7.440546696849681396e-02,2.614209597525420925e+00,7.407015738594493470e+00
-1.169414841892731793e+01,-7.902810190598241746e+00,-3.923055844231452927e+00
-1.005913066269165057e+01,-9.438141147376526874e+00,-7.813239553392069325e+00
-4.741614268051490555e+00,-4.210436907937145534e+00,6.321677428331753390e-01
-3.804790345650750805e+00,-3.938522699847428754e-01,-2.976830824634528749e-01
-5.775524568477897525e+00,-3.398000459372219062e+00,-2.080372276618075666e+00
-9.824175332112263348e+00,-7.124381075776899053e+00,-6.231092643417580845e+00
-3.726159888321944891e+00,-3.441882435163656773e+00,-1.825994773772076751e+00
-1.041687947936132730e+01,-8.939343925837714977e+00,-5.354526002180849176e+00
-4.286150579469643063e+00,-1.913406283921967876e+00,-4.567672672540497025e-01
-7.637821405102979355e+00,-4.785668812960675922e+00,-4.429081871804472215e+00
-7.472829493612089813e+00,-4.161066434843339046e+00,-3.424619601010952863e+00
-4.086953640468079740e+00,-2.688456793863625016e+00,-1.277842358005024659e+00
-5.735654107454699613e+00,-3.406394508238162810e+00,1.359392323911581268e+00
-7.322372236673658108e+00,-5.699075984496515090e+00,-4.292466642141816280e+00
-1.868677267624341276e+00,-1.024667341141321408e+00,9.351771592895321561e-01
-2.693480020255810459e+00,-1.783274460892957158e+00,-1.094427779314804727e+00
-1.383062737999499348e+01,-9.543834350921066800e+00,-9.280640678305889679e+00
-8.511074423780296883e+00,-4.956948826480370052e+00,-3.944094321380014367e+00
-7.609211360478415287e+00,-7.550636244038605227e+00,-3.574911450053807283e+00
-1.166723591431219020e+01,-8.155808318194571527e+00,-6.484313786322866591e+00
-3.183044680480181743e+00,-2.786382011027813910e+00,-9.830241925388807367e-01
-6.594632292343759694e+00,-5.687994390834616887e+00,-1.025476623976836699e+00
-7.543336093603027592e+00,-4.895220582329053549e+00,-7.600239369443251292e-02
-8.267482678802657858e+00,-6.510912069300520244e+00,-3.728597975928527930e+00
-4.375145881371031109e+00,-3.424528730894933926e+00,6.176167392927101041e-01
-2.736950168304120634e+00,-2.531448606457021633e+00,9.466285082236178816e-01
-4.368634539011240214e-02,1.914614116404424138e+00,4.806692986529809808e+00
-8.128248398506329409e+00,-5.166952723923481372e+00,-1.612977153251897278e+00
-1.001668281532531068e+01,-8.995371799169012306e+00,-6.338442193090855881e+00
-8.320721828161001810e+00,-6.186092146194022590e+00,-4.775186601892202454e+00
-4.634357182122673890e+00,-2.155718068300042756e+00,2.604357157955382807e+00
-1.177993329045358273e+01,-7.035508554558470351e+00,-5.641421954749757717e+00
-1.360384902644838334e+01,-9.182813201938349934e+00,-4.799039155002679635e+00
-8.256840799672840348e+00,-7.008917561666462070e+00,-4.014163829551206319e+00
-1.071844678392291605e+01,-6.368767987530791430e+00,-3.793793977771775072e+00
-9.878899070627801038e+00,-8.030051736122764794e+00,-4.776124584906733972e+00
-5.003274888840211432e+00,-4.141149571624359815e+00,-3.332492663474742045e+00
-9.203572383636615228e+00,-5.040341724765430520e+00,-4.830967145074801294e+00
-6.460161694350878392e+00,-2.442011798222131880e+00,-9.895410077574742225e-01
-8.570326665203790384e+00,-6.154714210443629874e+00,-3.437138935203984946e+00
-6.982446717649628098e+00,-3.147100350346226705e+00,1.272189582370572225e+00
-1.032153914820337803e+01,-6.300418521221050838e+00,-3.438699644818763002e+00
-9.952973907192536274e+00,-8.212905555445704664e+00,-5.580116430652434900e+00
-6.601847340536609821e+00,-6.451738917399250539e+00,-5.226838341200572557e+00
-1.150502407165039820e+01,-9.674247242212501874e+00,-8.075474621454981516e+00
7.455029722496264721e-02,5.502850008807467219e-01,8.040554079509696361e-01
-6.483506404620568375e+00,-4.379932506749804055e+00,-4.005933740258687870e+00
-8.615918185438159682e+00,-7.184877892730490601e+00,-4.810749598964026319e+00
-6.970779777681271661e+00,-5.920973420890366157e+00,-5.523298789162496725e+00
-1.428764433580739990e+01,-1.212697798257843473e+01,-9.884595490118584848e+00
-5.036308015265392513e+00,-4.582365336217915086e-01,1.809516792605441182e-01
-3.810508452109936162e+00,-7.355315637217945124e-01,8.629812681050603729e-01
-5.022592711800054843e+00,-4.404603559815447156e+00,-2.438868025939183504e+00
-5.888763293174588576e+00,-3.749075366353512351e+00,-1.931252794899697367e+00
-1.231757453595607288e+01,-8.488910831279429914e+00,-4.292878481509748489e+00
-8.991058899909026181e+00,-8.247400091092938368e+00,-7.407874732944770280e+00
-1.183527533824037903e+01,-9.729187347523740925e+00,-8.128242542016048233e+00
-9.191385733519098267e+00,-5.093517706557411984e+00,-1.094616909824468465e-01
-2.303987692085625483e+00,-1.398435834913314579e+00,2.414284919285699882e+00
-8.736871193560856952e+00,-5.700637112477675572e+00,-2.478516779302601947e+00
-4.797795886577396196e+00,-3.475588541557963485e+00,-2.989607430862353699e+00
-4.264378887779697536e+00,-1.548098358273068964e+00,1.519430886246141643e+00
-1.413632208975695903e+01,-9.321077390344608915e+00,-5.944922069900224315e+00
-1.092937812808562725e+00,1.125483688049044417e+00,6.095489331993961812e+00
-2.766156580741268911e+00,-8.999617063537548312e-01,-8.716919702705794304e-02
-5.879139951120642138e+00,-2.789239687197351714e+00,-1.457986520087898086e+00
-6.126950247151878415e+00,-1.515926062648585759e+00,6.234157597124112549e-01
-2.078663804917849411e+00,-1.330582055514171635e+00,-6.224292046884315477e-01
-6.568012300296998340e+00,-3.319815270246646577e+00,-1.490328730353726705e+00
-1.683784078188196087e+00,1.348386570671218365e-01,3.196458433493809537e+00
-6.566146354597528045e+00,-5.458586972287077899e+00,-4.731445680812692345e+00
-5.950460677651463470e+00,-2.664148124010429441e+00,-2.637962940859239325e+00
-4.568834265676020578e+00,-3.200935691387751802e-02,8.828452470560453902e-01
-1.425556915814145142e+01,-1.201628885736175434e+01,-1.095889618164407509e+01
-3.664061605787158005e+00,-2.572963262138327600e+00,1.602043572929198412e+00
-4.580798069372905346e+00,-1.655630503461547498e+00,-9.837878364822683075e-02
-1.015130076393680270e+01,-8.895807114218131417e+00,-7.831494914795229079e+00
-5.636765012268643460e+00,-2.864523247168853093e+00,7.894238164159363969e-01
-7.296719684909822590e+00,-6.029082773142819818e+00,-4.367579799030691490e+00
-5.995854509982205371e+00,-2.394026529798326308e+00,1.292363553512076102e+00
-4.841057603069708115e+00,-3.804441844161366326e+00,-1.893430193924755311e+00
-1.064175296729118436e+01,-6.291964341969507046e+00,-2.591003108670792532e+00
-8.685583372499846577e-01,-5.608171710952758460e-02,1.873732923029145958e+00
-9.437306679188434799e+00,-4.570837769610543333e+00,-1.943949748676505607e+00
-6.031849758987448240e+00,-2.435118965556624993e+00,-1.974943875351496736e+00
-3.393303557255753944e+00,7.692462530785295627e-01,3.793170863188711994e+00
-6.727508519512035434e+00,-5.849506358903353131e+00,-3.948447503685161841e+00
-3.415601127076951737e+00,-3.000463150698363446e+00,8.845894900705597585e-01
-8.158859277383864850e+00,-4.434464277497474072e+00,-1.983309176491742321e+00
-5.947682187546229571e+00,-3.687600211003676520e+00,-1.370477114049254652e+00
3.488552588976075342e+00,3.675886482352790807e+00,5.517111317777949608e+00
-1.984622007125548482e+00,-1.342102100263076858e+00,-4.181402892458214726e-01
-6.501072312038450818e+00,-1.690488768612040005e+00,-3.815627209394798491e-01
-3.394767200294904974e+00,-9.766423279213427566e-01,3.462320068053447386e+00
-3.242044788890106499e+00,-1.174587869214740454e+00,1.468502828881102396e+00
-8.702058074481520578e+00,-7.858119436160619919e+00,-6.432722473634898464e+00
2.064846035837458516e+00,4.595416835259902300e+00,6.419924265390216434e+00
-6.792339680244446676e+00,-6.601061176984067913e+00,-4.596916010081894655e+00
-9.977115211250451310e-01,3.077817298884555797e+00,3.658114513816733471e+00
-2.705412684862588124e-01,-1.768842965957715396e-01,4.166294871797417976e-01
-4.832887580834659857e+00,-1.398536607593326320e+00,2.574686586299113067e+00
-3.009909702157485434e+00,-2.766276924179457364e+00,1.671477593500411363e+00
2.921052471277586271e+00,6.057679279185302690e+00,8.648336021473529200e+00
-1.119332823377032993e+00,1.486266166914516074e-01,2.007128190369702025e+00
-6.252770779949952562e+00,-1.517904416552213753e+00,3.039827751678886969e+00
-6.209320714291218124e+00,-3.081997946782311537e+00,-1.874418584430679324e-01
-4.398761935760948205e+00,-3.346038614975714420e+00,1.420354074282543788e+00
-4.909274894877132311e+00,-1.132316329331902960e+00,7.789821603449156306e-01
-8.057870278527385466e+00,-3.978712693293824820e+00,-2.919339381959515478e+00
-1.160769323145465215e-01,9.500663368421458088e-01,4.904872509627297816e+00
-5.723594547429952328e+00,-2.927054643094183284e+00,-1.478782004591634447e-01
-7.441426595062017313e-01,2.124211477346336530e+00,2.753245562428066506e+00
4.094679152981797188e-01,2.157263287282617625e+00,5.022661636492434134e+00
-2.093937762051429452e+00,-8.559956291844315057e-01,1.664029168443174500e+00
-1.632523645435241200e+00,1.152652545834810471e+00,5.866721937773631268e+00
1.759871136664767910e-01,1.404866158958263611e+00,3.601652616744895674e+00
-9.678183982911569672e+00,-4.770627930190761035e+00,-3.836678549101038005e+00
1.014474392800273073e+00,4.914571822466021089e+00,5.800346600650807538e+00
-5.194342257032644739e+00,-9.441093931464650257e-01,1.495760293608004554e+00
-2.846864013906995172e+00,2.013943409642769300e+00,2.864318246845589222e+00
-1.236995827428454930e+00,2.202635901297150589e+00,5.679032153416230244e+00
-1.092627019454315729e+01,-7.331893006860751960e+00,-6.827049188049294948e+00
-3.171542056964831602e+00,-1.728737115841601613e+00,-3.865297960884217510e-02
1.247399179033138905e+00,2.868837219196536559e+00,6.243940814197967981e+00
3.663368461659172182e-01,6.404851992352289525e-01,4.290878289161256021e+00
-6.003615515743021547e-03,2.626918257237385035e+00,3.491904103073522947e+00
-1.869472191610913603e-01,9.436462303576284016e-01,1.431547808028825974e+00
2.166156264797153508e+00,4.461450526731468358e+00,7.436057543029678030e+00
-1.682504169702851993e+00,1.222356076579275808e+00,6.034195438608598749e+00
3.779799782737292890e+00,5.259629942759878496e+00,9.070029170774278171e+00
-5.460875316345925157e+00,-1.845487601280314749e+00,-1.538852698219202120e+00
-3.831016523174088029e+00,8.190088604348666479e-01,5.475528454663617595e+00
-2.452550952943028051e+00,-4.708750422534988544e-01,1.617514132775182745e+00
-1.515326364936112391e+00,2.582658283069225291e+00,5.057811560428571163e+00
-3.307830808954420831e+00,6.881726836245021239e-01,8.687985291488230510e-01
-3.083245102907106183e-01,9.430285516122400846e-01,1.398353477554055813e+00
-2.646387299500758239e+00,-3.753970383417104539e-01,3.895400184512767261e+00
-2.385007738769437946e+00,4.639309785607648173e-01,3.065598671553474208e+00
9.188010929072443211e-02,1.922414578768773863e+00,2.240463962401329390e+00
-7.835888769548859045e+00,-4.003840417106704130e+00,-1.150010087192963937e+00
-9.393165467968398019e+00,-4.738337932350756176e+00,-2.578511810736027421e+00
4.434295778994079562e-01,2.450927760464121086e+00,7.322662712493634984e+00
-6.633544809591713332e+00,-5.927757334865392025e+00,-4.665949671125201093e+00
-5.344784838202123467e-01,1.906342593422267306e+00,4.524064101037682306e+00
-1.283624670042554428e+00,1.459958429784404377e+00,2.520508078762155435e+00
-3.113447186810498479e-01,4.322895523601998136e+00,7.840406008890658640e+00
-5.065195713277219625e-01,7.856796764703766200e-01,2.256644670703902289e+00
3.213029293877295522e+00,7.614821620245082023e+00,9.516598657689096186e+00
2.773050243886349353e+00,5.554867051741148920e+00,6.157000945058610952e+00
-2.681538761769937995e+00,-1.422874769694838282e+00,6.600086839386540838e-01
-9.165926772608150586e-01,2.364094212098177827e+00,3.765197505919168908e+00
3.147473622627938283e+00,7.901281183938604791e+00,9.002366943451603376e+00
-2.565675840502874561e+00,1.328858609296365234e+00,3.151852672965193669e+00
-8.024925858086309205e-01,3.364511798500471329e+00,7.980040357944337082e+00
6.901303958457793541e+00,7.836381765980419800e+00,1.029376697630792670e+01
1.330539029945554841e+00,2.102368399567651647e+00,5.631494553497397249e+00
3.031377137259848809e+00,7.192567543398696195e+00,9.139907234688161353e+00
-7.913663338806125047e-01,1.192388180916081453e+00,2.211587084638050538e+00
-6.175111057099255341e+00,-4.642437770363413208e+00,-3.022972475175515150e+00
7.025365618079126406e+00,7.803237001935275252e+00,9.352998152261919884e+00
9.940146047829241382e-01,5.530299110671736074e+00,7.157228273074542457e+00
4.451216914671176639e+00,5.823402841019536424e+00,7.746614255534458593e+00
-3.675784770833726789e+00,1.125580419156440470e+00,4.948476078582054072e+00
4.495928083673106368e-01,1.458284396106086511e+00,5.221042371621507527e+00
4.211437904294937695e+00,8.042612115067862888e+00,1.279329748846928716e+01
9.574685556175577261e-01,5.412944099927171848e+00,5.888919015582314564e+00
2.149122964909669697e+00,4.422005671748315159e+00,7.936973562183091246e+00
6.603665554203610455e-01,5.527210559769866194e+00,5.952984150542019570e+00
7.637818526384945628e+00,9.478982270996038295e+00,1.194010128441635743e+01
5.146296496851433311e+00,7.212517464490693087e+00,9.491409679632706542e+00
1.858919517291638623e+00,3.704430215916093339e+00,8.557543286549464057e+00
-3.012508477196684353e+00,1.003715417609764238e+00,4.687014976426603141e+00
5.009521428678090693e+00,7.063028219210341518e+00,1.147064612346149914e+01
2.143804043555725514e+00,2.610500479577888555e+00,3.327593110865313619e+00
-2.852653099018231941e+00,1.917636167387209767e+00,4.752577684499974531e+00
8.695888616514761082e+00,9.493177494860965737e+00,1.423890603361468976e+01
3.368870189585233099e+00,8.243086563405871203e+00,1.265055190438192056e+01
5.668829964288748968e+00,6.861619239196844688e+00,8.254089168786904906e+00
3.192757856119277093e-02,2.066791841320557044e+00,4.963400470610604742e+00
6.265002210835378449e+00,1.122590925868293965e+01,1.600657699284686686e+01
4.413832708177505282e+00,9.019528001666207828e+00,9.465909495733937362e+00
1.309208269830953952e+00,5.095039995951431422e+00,9.479269302649887763e+00
2.866272707209295945e+00,4.532670354903627796e+00,5.630540525907665739e+00
2.642504633899318556e+00,6.384712103333680666e+00,6.838900885291215204e+00
7.902587932364024681e-02,4.783316890062776494e+00,5.563705111344178000e+00
1.063435262572775386e+01,1.292204188657879982e+01,1.783603113491427905e+01
2.552579298943165043e-01,5.196359012579368830e+00,9.076310446057053838e+00
-9.816454824228659781e-01,3.214296941716203282e+00,8.050150652673705665e+00
6.609565041756141568e+00,1.124671258882798774e+01,1.435725575024722644e+01
1.163213282478482657e+00,4.836298187122133108e+00,7.805180956864772313e+00
6.430797152821970286e+00,8.963273522679841676e+00,1.336741860532457693e+01
4.998982878129575091e+00,8.689108438814674429e+00,1.298818929065483019e+01
6.065112513163438024e+00,6.544667330190489629e+00,9.427093168312897120e+00
2.209615335639639078e+00,3.857199477380882424e+00,6.424169368911462286e+00
3.621061938310987216e+00,6.685889161493735244e+00,1.091468152215515630e+01
3.214109979571741160e+00,3.373498602364816357e+00,4.193415465772794448e+00
2.255724114187278140e+00,6.862952820588857250e+00,1.169930637020512698e+01
9.024726367267172478e+00,9.301839782754409924e+00,1.096077749733885298e+01
1.213592544152072428e+01,1.218457531035692654e+01,1.597181537633061410e+01
4.040628980664453529e-01,3.813763799271365329e+00,6.637789376264533914e+00
2.912028157756046731e+00,6.370334024033871501e+00,9.059290086822972654e+00
4.395778891665309551e+00,5.589984769567638345e+00,9.361653444345082065e+00
4.110252327610171896e+00,8.026641182934874053e+00,1.229765064830120735e+01
-2.091095751387605617e+00,2.679287640921174329e+00,6.416995699623900151e+00
4.223538549134082665e+00,4.496287506800445755e+00,4.600480364532941735e+00
-1.457302803009913994e+00,2.242050550512709961e+00,2.522305375148765627e+00
1.457539600379219369e+00,3.037262591860352856e+00,3.718062029480186936e+00
5.586805043884153221e-01,5.403180026399232005e+00,6.985150803226313876e+00
1.215195552890201824e+01,1.242769006975362522e+01,1.717572778233304120e+01
5.442893168796051562e+00,8.486615061799390958e+00,8.667160405544260371e+00
3.498981503092813305e+00,7.665786702524815865e+00,8.428430217816847758e+00
7.524467233355493612e+00,1.153664859916169050e+01,1.455040733019497523e+01
7.784598252635401394e+00,8.670174325817558980e+00,1.243316458958303272e+01
6.701165892481538933e+00,8.973690770499604952e+00,1.216419546928018391e+01
1.794085231946557002e+00,6.141656058521183681e+00,7.443146635666274769e+00
3.836834107774564906e+00,5.666690811302101061e+00,1.065304973737449501e+01
1.120843190626092056e+00,3.661415541407837981e+00,6.453928913391118627e+00
4.378624817342183562e+00,5.805817516498901654e+00,7.885953779515276096e+00
4.272212137644860519e+00,6.779970873511879326e+00,8.072194505451673052e+00
7.475586690334639073e+00,8.666314246054714232e+00,1.166864832537530638e+01
6.612399465140462951e+00,7.530656686738550931e+00,1.029794536074650502e+01
3.021583585132471050e+00,6.552653703229974091e+00,7.543941811881254011e+00
1.188525292356071184e+00,4.917915601136211734e+00,6.716337475200917950e+00
3.891039428015909074e+00,8.853562117291934541e+00,1.374894616779545409e+01
2.171297223090073114e+00,6.164270390682825784e+00,7.877874273330419896e+00
4.032445158180573586e+00,8.718495844890870927e+00,1.371239087093214160e+01
-3.964143156729176276e-01,1.914978509035973886e+00,4.987925413519042728e+00
8.629963361422799295e+00,8.659898376341397253e+00,8.877564427995409346e+00
7.382359355997148320e+00,9.885348410832090593e+00,1.293191778045144780e+01
7.933402628213183760e+00,9.495367641001365655e+00,9.991016742916619009e+00
3.125557276334575807e+00,7.036918019686440040e+00,9.130718211752732572e+00
7.117256257593217228e+00,1.036149822026677825e+01,1.361250419712416004e+01
1.049100351816896648e+00,3.783293767180158085e+00,4.675741620741636240e+00
4.238939772333235823e+00,7.319346488947512164e+00,8.929766535258394811e+00
2.894117148876545365e+00,6.989743181856162835e+00,7.955727428823290204e+00
9.204530163142671029e+00,1.066027223305565741e+01,1.286180206454944042e+01
-2.231147148378661793e+00,1.468918502636219259e+00,5.072671388414052629e+00
2.647972334257896687e+00,4.333522102882420235e+00,6.887282257290534560e+00
1.155419898003589196e+01,1.272537198249887425e+01,1.657719836996803764e+01
-8.177176835153968648e-01,1.658317406589917553e-01,4.262566308044692498e+00
5.188602065573737043e+00,9.872922569351903377e+00,1.483100292944899579e+01
1.014197168328156984e+00,5.299007955097540190e+00,6.407502902299793135e+00
6.050094924197699342e+00,8.132663082057568715e+00,8.576847312082676922e+00
1.075394786181618301e+01,1.157670466131225062e+01,1.182519007617050910e+01
4.974586872777738478e+00,8.180026430491166067e+00,1.084596210307313768e+01
6.982246776953928702e+00,1.156731086088679916e+01,1.388234924485848865e+01
2.536701993745608785e+00,5.748235520967117651e+00,7.756222878022933642e+00
1.957320238064953699e+00,6.104605434844431855e+00,1.073648392642564531e+01
7.345144107352431284e+00,9.503802791257800919e+00,9.917309393639422765e+00
4.963750467055114690e+00,5.781429612980430122e+00,9.384151265269961684e+00
7.220183806184060415e+00,8.846521099127134136e+00,1.277344596176768121e+01
6.810187133741788301e+00,1.055898498630801896e+01,1.403049332579041675e+01
5.492932296458780783e+00,9.564016718707753384e+00,1.334679607007153557e+01
-9.908767470591341997e-01,2.172062748728285975e+00,2.193198791629495048e+00
3.254433070515978077e+00,5.832819110982776500e+00,8.809083576307243035e+00
2.845781334889355030e+00,7.649010839326367162e+00,1.090142114705730947e+01
3.139419722977301319e+00,6.016788499083724595e+00,8.722757716514784931e+00
6.413478016828420891e+00,6.929942985540851197e+00,9.068042372464416800e+00
6.847091418627896608e+00,7.518869881117128173e+00,7.782358634104249440e+00
3.346874146080857315e+00,4.994220106800382197e+00,8.221430950280709027e+00
1.598359790912218692e+00,5.932346466160082876e+00,9.984175802380644171e+00
1.433338279901532397e+00,2.906787533076050423e+00,3.136770624859238854e+00
2.938712657769804171e+00,4.952103537455651683e+00,6.525999990775922299e+00
-1.164647886837331114e-01,1.739857884933383225e+00,4.535352589308909721e+00
6.450128051986992794e+00,6.602195668094231529e+00,8.456224349959526876e+00
2.811251310315002971e+00,5.604417857745645826e+00,7.759272212578283145e+00
3.052034642754852811e-02,3.366665060416266009e+00,4.297324020008802314e+00
1.062926389092509183e+01,1.139840443724403940e+01,1.293777655765293844e+01
4.724947919974282762e+00,5.233594129239003578e+00,6.414903476048984032e+00
6.320819514889173263e+00,6.755341802821089203e+00,8.765230570819950273e+00
3.470303015328131124e-01,3.904310663773000734e+00,5.337001067334945503e+00
4.481733869681651328e+00,4.500388443572216346e+00,7.285725620767671273e+00
3.178905440337483235e+00,6.638613176427461404e+00,8.595194088275427191e+00
3.104301407359014497e+00,4.589300913968132889e+00,7.042489911370650724e+00
5.009211654870720842e+00,5.515409978812539471e+00,8.735041078765473088e+00
4.177722270228956702e+00,7.844208014153764452e+00,1.136736140001645978e+01
2.143367832591008160e+00,3.786702533622571032e+00,8.000255855849289333e+00
-3.474062201384376714e+00,1.260181651483944343e+00,2.745552766453103644e+00
-7.209773249777620130e-01,5.926186114614981904e-01,4.113147410106099855e+00
5.858952487429193390e+00,9.400362281754489402e+00,1.195244939244904003e+01
3.174431953427560238e+00,7.791031971416767732e+00,8.522607094095128843e+00
4.489641031296956797e+00,6.876476487649480163e+00,7.052510845149851271e+00
3.248090122798057422e+00,3.511369832888631581e+00,3.779792503567551698e+00
-1.729210200075951054e+00,7.297306653529100906e-01,3.674553430423289857e+00
3.773089340626369914e+00,3.790526823190154992e+00,6.953258843287342117e+00
1.816371397026257384e+00,4.264875157724625332e+00,5.383884588032942453e+00
9.813623191927650646e-01,1.056862929575315135e+00,1.837378928797456901e+00
-3.053431796258098352e+00,-5.177061830064388914e-02,3.242430400399271662e+00
-4.164236434953681787e+00,-9.289304256091277523e-01,-1.631188250703999865e-01
1.582081347836046703e+00,6.138152917847179424e+00,8.192913285615453844e+00
-3.386987392410274467e+00,4.530497170332612455e-01,1.285454415557764296e+00
2.546877414261520034e+00,4.899720976388229232e+00,7.507326863317241639e+00
-1.172077473099971900e+00,2.679698781041688793e+00,5.787293456018319127e+00
3.546380080112964794e+00,5.542892525615936705e+00,6.955465771160340260e+00
-1.831494583462287551e-01,4.681634295479209840e+00,6.104284262436745934e+00
2.230491944553961936e+00,2.877861546682886740e+00,4.379945000270737410e+00
2.229225975610242827e+00,3.863907973723640588e+00,4.503205518911643779e+00
-5.009214184329184860e-01,3.039804093506330407e+00,6.135629164645790112e+00
-1.606207309795193439e-01,1.422456656437900424e+00,6.387457126587866796e+00
2.830828075680956957e+00,6.105883441509778464e+00,9.621810375038627683e+00
-9.928806806777561444e-01,1.793032569841448209e+00,4.550906272772528460e+00
2.597723204082209136e+00,2.697834536973604980e+00,6.552365921818790184e+00
-5.945019792599451236e+00,-1.391315996771457897e+00,-7.799961084520119492e-01
-4.067108595662523030e-01,3.571441534469528722e+00,6.242976573787537120e+00
-6.141293209339568904e-01,8.124164866474095081e-01,5.416836825119014875e+00
1.021250636965814973e+00,1.108105147334317975e+00,2.478397938924301158e+00
-4.517123207241084515e+00,-8.587405461002806106e-02,2.319198413929316249e+00
-1.039933514901440370e+00,1.954675507570256210e+00,5.703515480242438151e+00
-4.539034379181427603e+00,-3.799166298064734715e+00,-2.723290778811761292e+00
-8.324730774967701308e-01,4.160671186774523633e+00,5.347934718055663339e+00
-8.052645984873654239e-01,1.890747933274365300e+00,3.384284282858506465e+00
-3.759245580526068942e+00,4.978527355707520474e-01,5.306631879228508097e+00
-3.558620357658182076e+00,-2.852158287637704959e+00,1.507090242755064757e-01
-1.073436078085427070e+00,2.984446586936293500e+00,7.099585901925812514e+00
-2.527341325925050342e+00,-3.251028969163074489e-01,8.017788122237943238e-01
3.453026274418662389e+00,5.388725904980876003e+00,9.144489450102149419e+00
-2.146897686885089751e+00,2.821991774518269214e+00,5.593437813918360035e+00
4.883965420611693808e+00,5.859587463857305778e+00,6.069261297711377345e+00
-3.159285422854115399e+00,1.559163776634185705e+00,3.974329787995581675e+00
6.914714129276999799e-01,4.274434755516270279e+00,7.575339931246983127e+00
-2.132252642270582754e+00,2.322103778482127900e+00,3.652556641222043154e+00
-2.734786778572900978e+00,-5.261863121585894643e-01,4.041917847763734528e+00
-1.646350869757161384e+00,1.281530089182512988e+00,1.638338271187423256e+00
-2.861131047373268288e+00,-1.888710164658198298e+00,-7.026350795139819638e-01
1.744246163059255395e+00,6.713173629452668045e+00,7.833868579736861903e+00
-4.250324033471629015e+00,9.809632460531736431e-02,4.885745743521247020e-01
-5.351235356898321749e-01,3.734799315127805830e-01,4.733755989862773461e+00
-3.135385895081364005e+00,1.359296488581616558e+00,2.240277748345622655e+00
-4.325904435112350122e+00,-3.176643514120420342e+00,-5.238068574596193017e-01
3.680139436039730594e+00,3.943554196563518133e+00,8.669975033840319867e+00
-5.011257071725759182e+00,-3.200873446267345823e+00,-7.544336173465868711e-01
-4.508407110524515815e+00,-3.983165334886774822e+00,-3.820442162166520106e+00
-3.170791473829888574e+00,-8.317069414804177940e-01,-2.233700910516172033e-01
-7.424483861059218981e+00,-4.272890419941013818e+00,-3.004839032599093684e-01
3.990153713088062215e+00,4.148509371702512993e+00,7.209621883907859186e+00
-5.409291078988125889e+00,-1.331157325380301515e+00,8.659825722795675418e-01
-1.520219943132815033e+01,-1.040367611211318355e+01,-9.847701578651792076e+00
-1.855737340690913895e+00,-2.408150234321804195e-01,9.095601462456726072e-01
-4.260916434665427133e+00,7.200393430394462779e-01,2.190921114067339914e+00
-4.243528646639305180e+00,-2.303894904669234300e+00,1.934187543875677484e+00
-9.855486449691253981e+00,-5.205668909759188168e+00,-5.169327631339619700e-01
-4.336385724122363783e+00,-1.545545530876945683e+00,1.770965599362891219e+00
-4.523448208948413374e+00,-2.777589575131329536e+00,2.582040716200757480e-01
-5.868963313670283455e+00,-4.355222971414928423e+00,-6.250811896183163796e-01
-6.251223932124132077e+00,-4.715173349364617295e+00,-3.181198081542957468e-01
-1.866729947600962891e+00,-1.149310501240148774e+00,1.709715144502120587e+00
-1.605750170023680923e+00,9.976273113510574220e-01,2.316214683322439960e+00
-5.593105138068348303e-01,-4.192999679224533871e-01,3.233684640622315198e-01
-1.191921992505602113e+01,-7.079464092316699819e+00,-2.372941454119846583e+00
-7.360976713366265134e-01,-1.395940550718690609e-01,1.734706939274816229e+00
-2.083788363893202877e+00,2.418447317597376411e-01,2.632204385706844008e+00
5.228994622903830880e-01,2.016998564618093681e+00,6.581762727968436089e+00
-9.643661261521620176e+00,-5.101208259104734744e+00,-5.006566156426088376e+00
-5.757726094412899620e+00,-2.507719216825771369e+00,-2.135907174491734395e+00
-3.708080579177634561e+00,-7.205922685212580170e-01,3.613872213487737017e+00
-7.337596732950748546e+00,-4.089941984833110666e+00,-1.745303910114301083e+00
-5.723983081146602814e+00,-9.345044352886342498e-01,2.798488479799064343e+00
-3.990625568800624468e+00,-2.744078705036606447e+00,-8.093941997765190521e-01
-9.091295001790401287e+00,-5.291918331590582447e+00,-5.195347091010305007e+00
-5.435415810930001257e+00,-5.115599298188640454e+00,-8.184834058898067255e-01
6.232057966359639822e-01,8.379357448053066371e-01,4.230504950801073250e+00
-7.570495749013722353e+00,-5.975965963734548581e+00,-1.846507375011002594e+00
-1.080291396897935208e+01,-6.566183641326215792e+00,-1.799488100917573163e+00
-2.580939567606661100e+00,-2.103191802419247747e+00,1.104324372750031813e-02
-6.170636131796854329e+00,-3.300843182020130051e+00,1.279441215928922126e+00
-8.547985374243047829e+00,-7.215414647077516896e+00,-6.857277193441911223e+00
-5.917667914295524412e+00,-4.908844811325018931e+00,-2.430953192549070163e+00
-9.274804845426919186e+00,-5.869549834032966373e+00,-2.416179727471504002e+00
-5.784712685678252697e+00,-5.411396150206685185e+00,-1.604344827394583284e+00
7.215854579100104971e-01,4.022782474007176923e+00,6.060498410073938302e+00
-7.379562591468697974e+00,-4.524131249353850137e+00,-6.854290178963848845e-01
-7.633379498282394593e+00,-6.322915758279266107e+00,-1.622748241258686441e+00
1.636100160475576271e+00,2.324938185210710273e+00,6.836052243728512501e+00
-4.839682852572813943e+00,-1.135393071967305989e+00,2.167200024678663350e+00
-2.098408068138563287e+00,-1.683868081845173226e+00,2.911154955933268784e+00
-7.890903571813121964e+00,-6.414251819111148833e+00,-2.686190787550294168e+00
-4.819570195787350464e+00,-3.955631323375339292e-01,8.258543346726141543e-01
-6.147641350081221034e+00,-1.574637495667974285e+00,1.485070747302164484e+00
-6.929187429276642440e+00,-3.634028517789136714e+00,9.385359144323173197e-01
-1.190808983246201080e+01,-9.274415222697474093e+00,-7.071177434619587032e+00
-7.399991000121042717e+00,-4.233832162243601260e+00,-1.463714576951075763e+00
6.614318060112213127e-01,9.688103682478628187e-01,1.871270602905442226e+00
-3.672904747451521068e+00,-3.605072352836452332e+00,-3.064258155346029078e+00
-9.088423743083282602e+00,-5.439175444195361919e+00,-5.415619635168614998e+00
-6.559033622913147177e+00,-5.037006049874312552e+00,-2.790399027981287361e+00
-9.558601047498079595e+00,-4.869539802004120510e+00,-3.234504713054539682e+00
-1.074470700571124837e+01,-6.829053190169712018e+00,-4.785225292406736664e+00
-5.083097023985335028e+00,-4.590640123578268117e+00,-4.096421383593622068e+00
-2.335822779245279701e+00,-1.736536793326903805e-01,1.157619782482133264e-01
-3.404786658927952736e+00,-5.466904526214797500e-01,1.921558224212911448e+00
-1.034217292186720094e+01,-6.829496993386308112e+00,-5.901389346337163389e+00
-3.733104587506645977e+00,-7.684583188724687375e-01,1.041540628548014435e-01
-5.951774559834022149e+00,-2.340605992470776275e+00,-8.048127012222439092e-01
-5.822184775502730503e+00,-2.750103762007490626e+00,1.663282538339793337e+00
-5.819846060887185146e+00,-3.378675429979066003e+00,-2.417214880332767102e+00
-1.191864147338301194e+01,-7.488026968783378479e+00,-5.695129217625110485e+00
-9.585571915774394824e+00,-5.934307539038893076e+00,-4.333829146392875309e+00
-3.728752407463813867e+00,-2.237675194209430618e+00,9.724661023593492715e-01
-9.155632710456933054e+00,-8.374075534427094070e+00,-4.039206180187512096e+00
-9.829115483599739633e+00,-7.890995550470476516e+00,-7.794608370627974736e+00
-5.390633185983915610e+00,-3.863450817931078696e+00,6.138080506643106560e-02
-1.145897137262491228e+01,-7.162177095950982064e+00,-4.322775711209093430e+00
-3.802138410255693213e+00,-2.331591820042970387e+00,3.076786984151036464e-01
-1.125565788260660938e+01,-7.073781389448158485e+00,-5.493592240806894011e+00
-6.011179139057370335e+00,-4.083994271077421523e+00,-1.385523606127200047e+00
-8.272770940452845778e+00,-3.837079962099538388e+00,-9.263352929422130622e-01
-7.307965949775749870e+00,-6.269890172842483622e+00,-5.824369982935433399e+00
-6.018078143622606291e+00,-5.543008358983277262e+00,-7.917604900500414544e-01
-1.097477832833908806e+01,-6.862715951781316548e+00,-3.033442501153366333e+00
-7.357082687868551574e+00,-4.875259792018318272e+00,-1.512561705630381503e+00
-8.336075162044338072e+00,-7.699423639331969049e+00,-4.594945060932236203e+00
-9.531858667492883797e+00,-5.477955004598986655e+00,-5.167261303417728158e+00
-4.033936309899840644e+00,-2.553184198353454448e+00,-2.001790831538813098e+00
-9.499429351566485380e+00,-8.198294171226198301e+00,-4.335674811723173150e+00
-7.897040100231774495e+00,-6.236794268791908458e+00,-2.788375029352149426e+00
-7.073021583606971419e+00,-3.206508978882397276e+00,8.766844744794366484e-01
-1.534498725844824385e+01,-1.097811004140648095e+01,-7.989930981309964153e+00
-5.636763230958474757e-01,8.395228369022751380e-01,1.592315496680191789e+00
-4.090231783517291220e+00,-1.571688512450930997e+00,-1.053902355009712632e+00
-1.385450713612291729e+01,-9.300887241214409684e+00,-7.088486051499540253e+00
-1.533999853365958899e+01,-1.097507780510664332e+01,-7.428725886911825782e+00
-8.834533952117633149e+00,-4.548446137958360502e+00,-1.286556916855339239e-01
-8.237513529004909074e+00,-7.971046036942985857e+00,-4.344756797772166834e+00
-2.829800661002239259e+00,-1.697062178915876185e+00,3.249422349143574085e+00
-7.261001610605404721e+00,-3.368986739975575517e+00,-3.350161725959456049e+00
-8.785620592090019443e+00,-4.148538983079003373e+00,-2.687009472073117688e+00
-8.278637196206823035e+00,-6.195369198024573976e+00,-3.133941303385237465e+00
-4.230301407263527658e+00,3.512475629575648739e-01,4.987880679227868264e+00
-4.968215099577424354e+00,-2.150856285923728350e+00,-5.672338068664859456e-01
-3.958375150113656371e+00,-2.562425441585619801e+00,-7.404399476932250757e-01
-1.633318364291357794e+00,-7.307499465963034346e-01,2.618415145004175937e+00
-9.983802500766849164e+00,-7.344792244735411479e+00,-3.477468743386411543e+00
-8.601539426692722534e-01,-3.895973582221090581e-01,1.609931763478730238e+00
-6.190874160108451818e+00,-4.991559819103995821e+00,-2.315628787806970568e+00
-5.487026030196301640e+00,-3.145806111803236327e+00,-8.979788558580912294e-01
-6.148263115170229831e+00,-4.569994955450517260e+00,-9.357670830798827666e-01
-1.209101708002616427e+01,-9.683178558717379758e+00,-8.671959659651415464e+00
-3.862130342246280712e+00,-1.124892977747314227e+00,1.858467802449655260e+00
-9.523037944233150753e+00,-9.416139557906488378e+00,-8.397246253663920967e+00
-7.998434650734937534e+00,-6.786415100098525777e+00,-5.546039289282868268e+00
-6.382148681876129714e+00,-5.187919330075975388e+00,-3.829713472241396133e+00
-1.094496578586677948e+01,-9.631329654592640566e+00,-5.210985467974611929e+00
-8.610090734854503935e+00,-7.011851373629728101e+00,-5.263037801798503779e+00
-4.244390872627580080e+00,-2.913504559711808994e+00,1.924367238000980862e+00
-7.301852950353856286e+00,-4.624398949178647023e+00,-1.571668378141065858e+00
-7.989338886420078722e+00,-4.311902576104565732e+00,-2.643332232157700190e+00
-1.104190133624849146e+01,-6.197999187424397149e+00,-5.436368324552709019e+00
-5.535601739111934094e+00,-3.246528736640212021e+00,-2.519332424878044208e+00
-8.243365504533739951e+00,-4.291486773231824259e+00,-3.754898313122160047e+00
-1.093740456774438918e+01,-8.167906550676473643e+00,-7.643875175673145783e+00
-6.038962067010098522e+00,-3.775652626086548835e+00,-2.374112671723418444e+00
-1.134164214630486356e+01,-6.825158356508230995e+00,-6.559679381153436850e+00
-3.581207707790375672e+00,-3.315195587891510698e-01,3.144736605999797430e+00
-8.567913558369310678e+00,-4.123003046463267651e+00,2.656442350925347640e-01
-1.917694182361380228e-01,4.693512014801854093e+00,5.963058786537381195e+00
-1.265788412541096752e+00,1.083384681977750397e-01,2.094802108585850142e+00
-5.791122181517790679e+00,-3.103237278335421401e+00,-1.267527685329028708e+00
-4.594312351531246286e+00,-8.928302988069027890e-01,-8.501050392586364524e-01
-8.906573473741541846e+00,-8.818301895850611416e+00,-5.238018096696029247e+00
-3.993834643986582389e+00,4.217714687671283436e-01,4.304508737428044185e+00
-5.427008377816752827e+00,-4.841550310677547486e+00,-1.666801760183398429e-01
-4.635229607708166277e+00,-2.025666515173659477e+00,1.685809245253689248e+00
-5.396051128434063315e+00,-4.390820140118169235e+00,-1.646841985447399903e+00
-5.634224644142456384e+00,-3.983920624924375709e+00,8.898832427192688854e-01
-4.945307360664330076e+00,-2.574326661600802257e+00,1.203558266422653400e+00
-4.726535018775178898e+00,-1.710375336976887262e+00,-1.238881593362148426e+00
-4.645208415355552845e+00,-1.930569638317409353e+00,7.705096990226367737e-01
-5.342302992391546823e+00,-1.763756246508675130e+00,-1.542161634708874018e-01
-1.084515075760748104e+01,-6.541890186276156705e+00,-3.428872682795546467e+00
5.228473631215923234e+00,5.425180201484915976e+00,8.959359143807645864e+00
-5.315103396256432688e+00,-7.802688460472615439e-01,2.635466630480066019e+00
-1.967878293796174072e+00,-6.789177182306138647e-02,2.885352381207870742e+00
-3.161113558331088313e+00,-2.304122203233728960e+00,7.021551645616712634e-01
-6.314331404657586688e+00,-3.809367681982959830e+00,-3.678579239694383496e+00
-2.245229045159287118e+00,-6.357796140815684671e-01,3.204566314265701044e-01
-2.075556443273504748e+00,-1.222968094620895396e-01,1.086865337212653548e+00
-1.156471922979558364e+00,3.014771566373062761e+00,6.503189011379976847e+00
1.741780485703764647e+00,5.442354193893150338e+00,7.246690744709951559e+00
3.724146794351745893e+00,3.741378620158790191e+00,4.837147081160781070e+00
-9.664331936149920921e+00,-5.887840913989997205e+00,-2.873656877486013617e+00
-4.560370820366660638e+00,-1.867479992051508830e+00,-4.648803146777351625e-01
2.451066225048008640e-01,6.238182571067434345e-01,4.548150608273452633e+00
-1.674641940705556831e+00,-1.481364100732152522e+00,-1.185681756419188382e+00
-1.783034878677419055e+00,-3.083587005222098165e-01,2.556309686465858544e+00
-1.146931844583122029e+01,-6.508185862883875572e+00,-6.054977985923072126e+00
4.085503747371319605e-01,2.774404371088592391e+00,5.783170886389540577e+00
-9.605173650922168349e+00,-5.489647448673903085e+00,-2.041577873098614937e+00
-8.514126002094023704e+00,-4.475418104035193245e+00,-1.863073068443490410e+00
-4.866135612476401917e+00,-2.696281594956569272e+00,3.973599914202021743e-01
-4.343228087783423064e+00,1.611259596232219593e-01,2.915361770428667398e+00
-7.336131413272055646e+00,-4.308165817313401647e+00,-2.618285051250830886e+00
-5.495237383921709018e+00,-2.514630156172414477e+00,6.241904579098376260e-01
4.530128420594317085e-01,4.220140272250667124e+00,7.081023747315560612e+00
-4.445781211558504920e-01,5.431733521697704736e-01,3.452803773448754665e+00
7.986465431308729102e-01,2.288003588512635744e+00,2.724626063721334202e+00
-6.741295879692719595e+00,-2.614130222393414638e+00,-2.283769658267805536e+00
-2.118095179930658212e+00,1.040420995200011633e+00,5.982894060197396335e+00
4.636279871934608776e-01,9.017238445585098461e-01,2.002383064323077555e+00
-4.773082385008975415e+00,-9.690613218367389869e-01,-4.845906634198711149e-01
-2.792679921534851673e+00,1.370945205918656207e+00,1.372295817702295473e+00
-8.494541468334990242e+00,-4.044804765575603867e+00,-3.710689003986879175e+00
-1.555170958542344550e+00,3.054728284417423723e+00,7.377484449670981270e+00
-2.050156217698516414e+00,6.476593766869676028e-01,4.537402518674882756e+00
8.072033556241072771e-01,1.181587595048372519e+00,1.857326854761733426e+00
2.769055725029805348e+00,4.615492442793163619e+00,7.302785383217825554e+00
-8.780172307501077356e-01,3.463054068116802497e+00,6.176456305674006053e+00
-2.007553546094429819e+00,1.318472366358337533e+00,4.717894467493215060e+00
-5.357826364431117483e+00,-9.699857265008673401e-01,2.913787992867069132e+00
1.586602145806219610e+00,6.471753638209253978e+00,6.571816829149961237e+00
-2.468059675208790438e+00,-1.428916292425010504e+00,3.223312384734191127e+00
6.237815183084278736e-01,4.584882621822831794e+00,5.921696351997578489e+00
-6.861680294595269736e+00,-1.990447018992932193e+00,2.358958117180648628e+00
5.336611089658276796e+00,5.659897221804559564e+00,9.716446446562279959e+00
2.119742923947192548e+00,6.042180990700551924e+00,7.147946248086610055e+00
-5.970057759746222992e+00,-2.623825204305699987e+00,2.227304390850934457e+00
1.185794460341075496e+00,4.565138442585009670e+00,8.633964390083260554e+00
3.922304095831914417e+00,4.419236694636543561e+00,8.056530641388858882e+00
4.507128671013757248e+00,5.530902239553046051e+00,5.890173101821024382e+00
1.858522476336504692e+00,4.618909598631661062e+00,8.371965161618563300e+00
-1.996672367179762819e+00,7.370519600454223941e-01,5.395036329927656027e+00
-4.058753824839720359e-01,3.072456345346373574e+00,3.660330465323851978e+00
4.144976362408192117e+00,8.817567332451927697e+00,9.582007244725785355e+00
-3.192330657078747969e+00,5.989465609082191833e-01,1.341664957423668536e+00
-3.923723868828332684e-03,4.988977655128461919e+00,6.649915195761360920e+00
5.091764064171512061e+00,7.571410674478545211e+00,9.905598209402308285e+00
7.323495395390396956e-01,1.241835563917374152e+00,3.711910563890315817e+00
-6.881798978341542306e-01,5.935007366870070911e-02,4.069254162779702533e+00
-4.185405374928827804e+00,6.061617921188897640e-01,4.646453998946244113e+00
3.527936353296539540e+00,5.683256330325875183e+00,5.695113315097829698e+00
5.842739335873777806e-01,7.674912368843602728e-01,3.242666961575254803e+00
8.798055491166092423e-01,4.277242055818153865e+00,8.374812381605282852e+00
5.890530478268999559e+00,8.888188032671255456e+00,1.377975366388877454e+01
2.241616038737326733e+00,4.710506200201480809e+00,7.710650199987888698e+00
1.469515700624898891e+00,2.620027316476724710e+00,4.318329724456614116e+00
2.002023106283644882e+00,5.417681801473141157e+00,8.425888469785851598e+00
3.074102845930936301e+00,4.922347245866591336e+00,5.482257012014381203e+00
4.859075843162285580e+00,6.572151917379646768e+00,6.792929866959257268e+00
7.252464465295354046e+00,1.015630059518354145e+01,1.177137797650742357e+01
4.673468545332404744e+00,6.572711087991502055e+00,9.448152193295321410e+00
8.659675524957810566e+00,1.156611451554121928e+01,1.450783107258245153e+01
4.453879598156509800e+00,6.911835644671388224e+00,9.352447811816229972e+00
-7.822217763238512589e-01,3.323875445007299589e+00,5.661647710710968617e+00
9.889319639265490736e+00,1.256947044184115470e+01,1.751061982435348341e+01
4.502278713631367779e+00,5.407528972096654840e+00,9.039633886004148522e+00
3.274984969966179271e-01,2.693434380708678688e+00,6.846142780070395339e+00
1.088394623533192984e+01,1.290410904840846484e+01,1.441905618351054130e+01
2.768115167369717966e+00,3.807046140597176276e+00,8.168231916278394067e+00
1.696999174499445040e-01,3.761342233278539116e+00,4.145844492191318231e+00
9.273801740924714210e-01,4.494831355273650964e+00,4.669909511016776982e+00
5.804320050840949818e+00,6.712452129645344989e+00,9.676440660879107369e+00
6.761512547402930728e+00,9.079064208570136074e+00,1.328148211574567128e+01
-4.632882595643795121e+00,-1.593430704370597084e+00,3.231442107288102328e+00
4.921529275582551044e+00,9.197447012271389610e+00,1.089852349957132915e+01
6.471064754190649637e-01,4.817861206839861410e+00,9.167537667478930175e+00
4.561754046809731733e-01,5.304800357503052233e+00,5.367614994376921800e+00
7.375837106228509299e+00,1.174955863109360621e+01,1.209903520942479460e+01
4.662290727208517005e+00,7.302870100163461942e+00,9.376187798925768035e+00
3.464049420102977450e+00,8.063457525420957950e+00,1.008921672594348351e+01
3.650296057191514176e+00,6.630509426490282188e+00,1.008990278821034892e+01
9.026216911103928098e+00,9.121365694075912245e+00,1.207602196232603298e+01
9.147154463576661954e+00,1.173711364022610582e+01,1.470715683833332932e+01
-8.698100312979964999e-01,-4.910897410195511625e-01,-2.132978909081709729e-01
9.349627668341838671e+00,1.023734935558416481e+01,1.458485273387002934e+01
9.889978961550399461e+00,1.167233430340699307e+01,1.384249705750361770e+01
6.629669486285067137e+00,8.580500890806007419e+00,1.215235154113605098e+01
3.792244811684648109e+00,5.089622567907107431e+00,5.431589328058528565e+00
1.816726211503125299e+00,3.707600678542948280e+00,7.346778354480163031e+00
9.716119954347719911e+00,1.429096011115219511e+01,1.454506793154660294e+01
4.772811055858676710e-01,4.529761709985042017e+00,4.860662484735464695e+00
1.018189716175662340e+01,1.183520025134410147e+01,1.194670789187146198e+01
3.931925703358121638e+00,8.489634198145932231e+00,1.202357917414656896e+01
1.164399247158742234e+01,1.348966863190012688e+01,1.537695154652285545e+01
3.230498597698576280e+00,6.429712915205891832e+00,6.877954439546675403e+00
1.867056303640374004e+00,2.592299460425299351e+00,6.828420518369644476e+00
6.438760741954760114e+00,7.450326172589317508e+00,1.108365816111618329e+01
1.882441653913653035e+00,3.011456168024146507e+00,3.452187753998198882e+00
1.102701036432444681e+01,1.552717218069902749e+01,2.003553609656537304e+01
6.381315866381102708e+00,9.407875354509927845e+00,1.171804457653766462e+01
7.111554172296218113e+00,9.875353784371956323e+00,1.191599091799375643e+01
6.111167223096271250e+00,9.897040303138750161e+00,1.366984383771356981e+01
1.403008787563418736e+00,5.497906836259366159e+00,8.112537233105769019e+00
3.191995605016021642e+00,7.198704913050930188e+00,7.977297895270116790e+00
7.789506459243829006e+00,7.940180108702391770e+00,1.118044535169554621e+01
1.292582641664151666e+01,1.345320650606740642e+01,1.620655606148497085e+01
5.552572327516607231e-01,4.160882007756955048e+00,6.196309138893344226e+00
5.235816701519650174e+00,5.455180262608263497e+00,9.890837264102632531e+00
6.342843573297751725e+00,6.559068782154994004e+00,1.108283133141140553e+01
5.368852939866664009e+00,5.632005879494537126e+00,9.307803371837046313e+00
-1.344831481244472826e+00,3.279402329873650324e+00,7.814303898379060698e+00
-4.923469448832047846e+00,-4.565449094904270311e-01,3.958848206557449956e+00
-3.754757306585867482e-01,2.176572923901203716e+00,4.965027105202212354e+00
7.853297269260325564e+00,1.095188463556105418e+01,1.543162662940521201e+01
3.435176086676393403e+00,7.625978184494052847e+00,1.154087101898567624e+01
6.772623418151983543e+00,1.015124445120558150e+01,1.324316306114138975e+01
1.276899991129635481e+00,5.889234275185035727e+00,6.852455211604270957e+00
6.368447294033578565e+00,7.332072314961243897e+00,1.224441996038902580e+01
9.689220611925151161e+00,1.245501577687029737e+01,1.487188644504017176e+01
8.007361358889159675e+00,1.226033823301995085e+01,1.650917784693895740e+01
9.529891000496915510e+00,1.041288108234392418e+01,1.128074261700968783e+01
4.200860121882472598e+00,8.177183947209517356e+00,1.210534610795697930e+01
7.979048010136089886e+00,9.104981448580119263e+00,1.331253212979597755e+01
6.242057258629145622e+00,8.642312910146040750e+00,1.099225848351319357e+01
2.078662910860932023e+00,7.007130875701965245e+00,9.603203858612058497e+00
5.585283235463589513e+00,6.270510128286135298e+00,7.671289230198723885e+00
9.156223372698752527e+00,1.082463394809725443e+01,1.561696863762756493e+01
2.222581086792841276e+00,3.542768007600995972e+00,5.694782704369597326e+00
8.113886528534438369e+00,1.186206427592489376e+01,1.323254581926684637e+01
3.034016584800275140e+00,6.542226850875826116e+00,7.579814832659033996e+00
2.180609556393987791e+00,3.393196935641141554e+00,8.324856622543515883e+00
3.819169197786199010e+00,5.663891244164839023e+00,9.312321822254629566e+00
4.401715846277625133e-01,4.640487069329925163e+00,6.374748648948348695e+00
3.712412499892019380e+00,5.498260007015971951e+00,9.363702309033183013e+00
2.368266925017539659e+00,5.403273646311659739e+00,7.212033229425649949e+00
1.494361413027426089e+00,5.242191730588957377e+00,9.560716763547091546e+00
5.000658364620087504e+00,6.175849789407919843e+00,6.297630458895508987e+00
5.489426627380586510e+00,6.860161959829907730e+00,1.023261015582843036e+01
4.722889983983334261e+00,9.299151242117872584e+00,1.361447310809384525e+01
5.113295145247361617e+00,6.224148139884286834e+00,1.062914897280932180e+01
3.833201264190277513e+00,7.886859864950816146e+00,1.155886461539093624e+01
3.438420984238295119e+00,6.879555378276955402e+00,1.091501783677963644e+01
4.116608155865242757e+00,8.425255698640780722e+00,1.252081302284808295e+01
6.279253425141935629e+00,6.888495136939480901e+00,1.049926898323691127e+01
5.448585156144085673e-01,4.751379619415342148e+00,5.679909653158688343e+00
2.810070968767373056e+00,3.879058690387588992e+00,7.808943562640042302e+00
5.484967264446267698e+00,7.204613264465735689e+00,9.203118289602251423e+00
8.447002189594726929e+00,1.033279857722959072e+01,1.139696108093733429e+01
1.068546374671538679e+00,5.762517836067411636e+00,9.791817681483570013e+00
3.030342401146416176e+00,4.283037936693008696e+00,4.813473804672423917e+00
3.688330713931286642e+00,5.551381667416121601e+00,7.627923796040238180e+00
4.533061376285097310e+00,4.568522048308691907e+00,9.004282830049177733e+00
-7.327652864140166145e-02,4.183142913485552228e+00,8.433959353234083522e+00
-2.245749317919942811e+00,1.783266952061398847e+00,5.448896576105636491e+00
2.136796673103848132e+00,5.309400151971833459e+00,1.011084643879863876e+01
3.118510458597119506e+00,6.677160039909688649e+00,9.828385484683966666e+00
-1.294154940479774751e+00,2.649970498988072798e+00,3.881302122654635145e+00
-1.650536772423776277e+00,3.185190907505826452e+00,3.281000790991170923e+00
-3.427783301388953596e-01,2.899246522319478103e+00,3.284717524480928574e+00
-2.761190646733100884e+00,1.505338862743248463e+00,6.343539461122282397e+00
6.762241035084630703e-01,2.719277752470995235e+00,7.005101235497807721e+00
3.233323898564440135e+00,4.911930621669859498e+00,5.708949093949943432e+00
1.431378363087620897e-02,1.397560749958854487e+00,2.906770571742969267e+00
1.774813481791867265e+00,4.928153669784619773e+00,8.908893858822299450e+00
2.120182086831031931e+00,3.146264823816359524e+00,3.587296137588124711e+00
1.276206089689269296e+00,2.384465304035853439e+00,3.867154416096764358e+00
4.817598321740506506e+00,6.216671621713298457e+00,7.316423948188555570e+00
7.472140248380290117e-01,3.077215053748351359e+00,7.357129277802260781e+00
2.997293389846228173e+00,3.499035887883311435e+00,7.809186022273307159e+00
6.228506525479740041e+00,8.713548680505319055e+00,1.201588871223994026e+01
-2.108031805927408353e+00,1.968803797090498353e+00,3.490438464956065800e+00
4.563882280415294979e+00,9.335055306455689816e+00,9.753736639546934484e+00
8.632326616460410662e-01,3.501564884424779756e+00,4.775581728417662930e+00
-9.966174558046549947e-01,1.043114031201256786e+00,3.287434672524060186e+00
-1.877205317935595641e+00,2.695353297659165204e+00,4.903260915863228320e+00
9.785927645325092072e-01,4.468332113469781319e+00,9.227147976124090434e+00
5.456822028474463515e+00,7.929484934737785373e+00,9.971034578845237917e+00
1.600756871572491136e+00,6.465599088332145250e+00,1.060398086314036803e+01
-5.356539774254827080e-01,4.163210563747538728e+00,6.149336697429095722e+00
4.171344332934185495e+00,7.652966285730805396e+00,8.901019156945121580e+00
-6.198242388666624691e+00,-1.869132344314929917e+00,2.796263544044644611e+00
3.083153081107631976e+00,4.422485349751721806e+00,4.947147386144598258e+00
3.499819250857816755e+00,4.503492980233549048e+00,7.667653633149545733e+00
3.078058665347648493e+00,4.438975100832940335e+00,7.632029276135466667e+00
-3.210584586877044622e+00,-1.459641079329658808e+00,3.124536134164410228e+00
-2.045227516586260119e+00,2.177609033016949525e-01,2.705870668063859785e+00
9.258870024375065455e-01,2.666211818663011268e+00,3.031401009466873742e+00
3.938447208892505103e+00,6.406628344451877233e+00,1.027845060609558026e+01
3.939104698601995302e+00,8.704178462881030143e+00,9.087056549308679010e+00
-3.126234084558273896e+00,8.607535474507930218e-01,2.196060794761689916e+00
-5.294318574293598090e+00,-1.180232652978197461e+00,5.298351973567745343e-01
4.519279388176065559e+00,5.091445587359158864e+00,8.151541691462643513e+00
5.912239208444801442e+00,1.038176115871067395e+01,1.128970524083225158e+01
5.644605396690883126e+00,5.753630427946850645e+00,1.017283908388550806e+01
-3.408381407624016646e+00,8.076667925322356112e-02,4.124247551178235938e+00
1.050448044619965771e+01,1.080366942669787989e+01,1.525594579030832421e+01
2.078218835432221301e+00,4.173999009441486052e+00,8.662084844133872252e+00
-6.909209714805656377e-01,-3.662973834630309788e-01,4.057741189583182972e+00
4.335733342101455001e+00,7.702616038190506664e+00,1.047395856880018350e+01
-1.126345846639781545e+00,-8.174417244614726741e-01,2.624645922351735106e+00
-3.166889891908750254e+00,-1.780190284894480612e-01,3.453425576695649646e+00
1.741582079889125723e-01,3.757742250992293087e+00,5.976413866728742086e+00
3.723432538044237905e-01,1.395749340568168462e+00,5.990590938183523839e+00
-3.153891649894924321e+00,1.474056283543223600e+00,2.533712785694526293e+00
-1.781571676263669746e+00,1.371694902724326814e+00,2.386047582420717461e+00
1.855708728153331322e-01,4.491693431878952758e+00,4.982760020614717789e+00
-1.088319234934968982e+01,-5.932205447105063811e+00,-2.877895877424180071e+00
1.672769409555987519e+00,1.787332300246886607e+00,6.196848954385838937e+00
-3.466143191260564027e+00,-4.385220678875390021e-02,3.442759517628669386e+00
-2.912749620705353593e+00,-1.537588063861738075e+00,1.463937198761275926e-01
-6.224247345635429696e+00,-1.652160619081392223e+00,1.522629289228508487e+00
-7.489264364260374229e+00,-7.404493677128106022e+00,-5.767458625088319302e+00
-4.987278806252869678e+00,-1.994562657082024737e+00,-1.254530045898931689e+00
3.674781733036887488e+00,4.166237231774839955e+00,4.463161560540599204e+00
-4.673951559942297607e-01,2.685503537763678672e+00,4.288490666401254536e+00
-2.358346107176084949e+00,-4.899528283537148976e-01,-1.897509719781866888e-01
-7.944420408880340290e+00,-4.254326285958176967e+00,-4.205423496972024999e-01
-1.806453254065440550e+00,2.340724522814193076e+00,5.599041255622275060e+00
-1.656512773097449376e-01,3.700791587178660969e+00,6.586923641519303985e+00
3.122638057922144661e-01,2.770449109021653200e+00,4.069511814001286254e+00
-3.608062238730121774e+00,-3.341174591531369753e+00,-1.882064758389739634e+00
-6.550079345412280318e+00,-3.131948279459677131e+00,1.502226320590537512e+00
3.047617629532850536e+00,4.328686260201505931e+00,7.677931995266067844e+00
-6.759209976386065577e+00,-4.367986743082774126e+00,-1.230244653279341183e+00
5.858703042205335443e-01,5.939795187394056875e-01,1.207245104231091437e+00
-7.358792677863084108e+00,-6.273687058742257960e+00,-1.806431089755862196e+00
-2.143182527997727238e+00,-1.940544261620327227e+00,9.076250517850592558e-01
-4.025735214435560039e+00,6.174613697275057600e-01,3.877810959083923592e+00
-3.747542964019892509e+00,-1.325522352303789342e+00,6.044365453115521092e-01
-2.881709119403260466e+00,2.392667897145261957e-01,2.641192542556426659e+00
-8.634182153113728830e+00,-5.107122438799056141e+00,-2.018249537145448969e+00
-6.820747424987123608e+00,-3.983704032567331854e+00,8.003478575588149901e-01
-4.351022243618254848e+00,-1.725626125556958268e-01,2.871727091786314467e+00
-2.314024805517828298e+00,3.792263363392160969e-01,3.998945066537937798e+00
-5.164070627578429828e+00,-1.144492922725157236e+00,3.316925099549676847e-01
-2.389033206153729605e+00,9.457027084233780023e-01,1.621474912064208906e+00
-9.109908504356493353e+00,-6.957651884453645685e+00,-2.265469291124731832e+00
-5.105667936240980254e+00,-3.474171155361988728e+00,-2.702996111130544499e+00
2.573230344782842849e+00,3.303959631753346393e+00,5.272602482354528775e+00
4.729799188571586210e-01,1.598861496152109041e+00,3.733465516080128666e+00
-4.031425323139768757e+00,-4.369968037092557545e-01,4.003802022957595241e+00
-3.440098596722394486e+00,-2.889265939499263691e+00,9.527753076550671274e-01
7.976457191968944205e-02,5.971659946356284721e-01,2.494337356122329652e+00
-6.285549788630457435e+00,-1.302809427343698312e+00,-9.594207395681373374e-01
-7.338725986347395036e+00,-7.224320820204570559e+00,-5.556077486350163852e+00
-4.520870686168775521e+00,2.347334595444445782e-01,3.349254322630191849e-01
-6.543560391218287364e+00,-5.430002825083700913e+00,-2.414190868467686268e+00
-1.799634295974001486e+00,-6.308675739647302549e-01,-3.618295048914739187e-01
-8.096851863601759902e+00,-7.834628342777429921e+00,-5.038831625542782078e+00
-1.074594340846676932e+00,1.734875207483250747e+00,5.267244292896290148e+00
-4.619723190999518891e+00,-3.961017533021033987e+00,-1.461759068316525134e+00
-9.541879666427147910e+00,-6.537133825656177954e+00,-5.425254533802045032e+00
-8.082779572827272219e+00,-5.346066214009623785e+00,-1.804874504277575120e+00
-9.315334726817496858e+00,-4.361131580997561485e+00,-1.379018056093168187e+00
-7.742468533157731869e+00,-3.436514548533115221e+00,7.318491988597597420e-01
-4.233291090668529932e+00,4.680433975530191582e-01,4.083321382495810781e+00
-4.407202933936040345e+00,-3.341700866980539253e+00,-1.851245228679765820e+00
-1.405256674647228365e+01,-1.012914192849932604e+01,-7.525028192718150599e+00
-8.624921697052547742e+00,-7.368378462269554952e+00,-4.085026763511262260e+00
-4.994168585055192011e-04,4.532180090060062838e+00,6.320629383878410223e+00
-6.375215399542932815e+00,-3.393991079555715551e+00,-4.864884251482100019e-01
-1.640847772236997182e+00,-1.005974421569947097e+00,-5.547494760250429868e-01
-9.287141202634703774e+00,-4.840007354688564689e+00,-1.723228974235571087e-01
-1.150505608876903629e+01,-6.983847148017639839e+00,-5.000573175812482063e+00
-6.905408386179412439e+00,-5.467307927511900978e+00,-7.564465404894153977e-01
-8.104330853498193932e+00,-3.690319011127976001e+00,4.087676926771908192e-01
-7.177139871724737219e+00,-5.506214865761934973e+00,-2.312501809358481264e+00
-2.170770233998579712e+00,1.581331144779175801e+00,4.462102626382200121e+00
-9.079761823425529954e+00,-6.069740156928146391e+00,-2.286301242529310773e+00
-1.126486755077974067e+01,-7.430727642813357292e+00,-6.230984315842389876e+00
-3.836741179770764898e+00,-1.883367583842817883e+00,2.022554524350888006e+00
-2.862864048129175387e+00,-1.555626509073464891e+00,3.022343320832112656e+00
-8.496317891697323432e+00,-4.301851516947214016e+00,1.754295127423368683e-01
-7.723141010455035094e+00,-6.236641416461078613e+00,-5.711056364433357402e+00
-1.067183522988631950e+01,-1.016888207800887223e+01,-7.389344379313079969e+00
-2.367644904175552512e+00,-8.396927006370091817e-01,4.779157168768151109e-01
-3.041399329437515231e+00,-1.929372359589285768e+00,8.811156928495482710e-01
-8.626630380383611296e+00,-5.886154221661403341e+00,-3.774590824202562089e+00
-5.109633213405564867e+00,-4.417433037235370286e+00,2.265409969610532315e-01
-7.443741289284012908e+00,-5.304061477993863072e+00,-4.685850003268422270e+00
5.067665324132286653e-02,2.360713490165418094e-01,9.990378409718554398e-01
-9.273797142583330100e+00,-7.788165983762147526e+00,-4.637698369653199038e+00
-1.141176066616097096e+01,-6.557082314504771858e+00,-5.196743934475171578e+00
-1.081677306051677867e+01,-6.867751701359481764e+00,-2.310820011539670205e+00
-5.763809419508991283e+00,-3.805946544246586960e+00,-2.539578574622703755e+00
-7.040410639506111679e+00,-4.585076141710434428e+00,-1.015156506738872366e-01
-4.223375084591742379e+00,-4.168465743894400610e+00,-1.735308359183877158e+00
-1.121184077837797588e+01,-7.423864468852294785e+00,-4.418212323056364355e+00
-2.825585540265030726e+00,-3.388886227424894315e-01,2.429177384357691150e+00
-9.261568492648173390e+00,-6.165410202808980777e+00,-2.755034430681863711e+00
-3.029285604303523449e+00,-1.248357672488946690e+00,1.338515062199910233e+00
3.232356218779308232e+00,4.600207286177171007e+00,9.520157548550869819e+00
-8.377743153381951302e+00,-7.441302817494864996e+00,-6.688016687140738270e+00
-5.140562818244141852e+00,-3.796451439536162820e+00,8.038198130023164190e-01
-8.513159675211113608e+00,-5.218879384787256548e+00,-2.939241756370005731e+00
-3.357013884741879117e+00,1.269963153107040554e+00,5.770699115620491426e+00
-7.669369987193329408e+00,-5.661407457516908437e+00,-2.843202641900946848e+00
-8.595157396306813524e+00,-4.068287486513931128e+00,-2.471294174540351385e+00
-6.164512948558536820e+00,-4.126826791573830810e+00,-1.617538172995507395e-01
-8.593047758365749189e+00,-5.099853531582626331e+00,-4.856601571599212797e+00
-3.108501813133472069e+00,-2.521619630443650895e+00,1.709699760247398448e+00
-4.644090519822595908e+00,-4.495396831493092549e+00,1.042491962915983450e-01
-4.674504756378862425e+00,-3.315740994702000677e+00,-3.238450827064074389e-01
-6.927272003254465460e+00,-4.104367581793603392e+00,-2.123098801004775105e+00
-6.698027067473748986e+00,-6.540842449427652028e+00,-5.578486145450479050e+00
-8.589215862887328967e+00,-5.514348433719360898e+00,-3.282484570173950011e+00
-5.088797172368185073e+00,-3.019611942273568772e+00,-2.531097438325325744e+00
-4.744046625832243791e+00,-3.008409499601348625e+00,-3.762567393050058051e-01
-1.290735428237518079e+00,-9.022717535254614063e-01,-5.687929904156190375e-01
-1.490347921815004639e+00,9.674189942793676167e-01,3.773679863483673902e+00
-7.432956204362161756e+00,-6.144748681234139198e+00,-4.515916946405934773e+00
-8.130722874224911578e+00,-4.146370751531721410e+00,1.998093684639385970e-01
-6.725036894047841329e+00,-5.098893460746233508e+00,-3.320320639330923029e+00
-1.195815574155517069e+01,-7.806522955150396292e+00,-2.937350448094849575e+00
-4.358075916482457401e+00,-2.755109939997228530e+00,1.188522916103456062e+00
-4.476162940445168381e+00,-2.077701096071217002e+00,-7.590608678471548743e-01
-1.101182252998908950e+01,-7.602896547207102174e+00,-5.290144663029095362e+00
-6.795228055499622499e+00,-5.454415858004587392e+00,-4.918267638533886377e+00
-1.003925029061926466e+01,-5.704478221544833971e+00,-1.311139204401714053e+00
-9.143893854583847514e+00,-8.769085075014885433e+00,-5.452108221973665181e+00
-5.119754073586198828e+00,-4.306866920511452257e+00,-1.075266519663448328e+00
-1.212380619872813803e+01,-7.585720230926293439e+00,-6.284646779815500572e+00
-5.363271016552720205e+00,-3.623624852668737795e+00,3.520249432226281172e-01
-6.919086128433877825e+00,-3.242217164717253297e+00,-1.198940742440182561e+00
-7.060609807137943505e+00,-2.817869410749879400e+00,1.785057978406610069e+00
-4.881941248332402061e+00,-2.618723055994481186e+00,-2.421465042975006199e+00
-1.841231040503833238e+00,7.059688497318052924e-01,4.404381147421005949e+00
-7.355562573627046241e+00,-6.255383861238383858e+00,-5.758232258205468135e+00
-7.472001682401596234e+00,-6.045928464616514120e+00,-5.987994021234698927e+00
-5.321850462027942541e+00,-1.744491813690178805e+00,-1.014149985076955307e+00
-7.662154518471288256e+00,-4.043909408011045592e+00,-2.871169445076279025e+00
-5.168776097310656681e+00,-2.084655533972044061e-01,2.450511356936555973e+00
-2.041071857838578474e+00,-1.834377577830980321e+00,2.029016809652251396e+00
2.509029247674710028e-01,2.301354150419956390e+00,5.337960591827993539e+00
-8.415124171421688004e+00,-3.659058057231953764e+00,-1.072709198004563991e+00
-1.178374323898572129e+01,-7.761861413601780058e+00,-6.247897327147374114e+00
-5.795631304897605141e+00,-2.223026087683933394e+00,-1.726411065877886841e+00
-7.854664365927823688e+00,-3.387919091116001091e+00,-2.389182054321338455e+00
-3.005608089836742547e+00,-1.495960416210096788e+00,3.295098990472012268e+00
-1.812857296001214813e+00,-1.036789334591233569e+00,2.352594628185431525e-01
-7.453024878635875261e+00,-4.552128387655224095e+00,3.513416082461899848e-01
-9.355175625795581595e+00,-5.898078252965969881e+00,-5.327127877915565968e+00
-6.970784952905431098e+00,-3.230199191403740233e+00,-1.099121868722093609e+00
-1.481764906410009885e+01,-9.856004359797283954e+00,-6.712419059142296085e+00
-5.049044497583215829e+00,-2.389265022120004467e+00,3.970607597692299429e-01
-6.979027609072090854e+00,-3.771218555124214333e+00,-1.120721667288941958e-01
-2.719507946143733257e-01,1.196583815159031339e-01,7.730059805637863324e-01
-9.840613047436715277e+00,-8.338224419834416423e+00,-5.948452795974370488e+00
-3.831166684078907814e+00,-2.275829696904807964e+00,-1.206639051586235745e+00
-2.104428289333165392e+00,2.520720252583283472e+00,2.683722924205250493e+00
-4.787252368657634705e+00,-9.376151534123300380e-02,4.442450056991537721e+00
-2.507823154133330679e+00,9.110855954010617097e-01,1.073758505049488665e+00
-2.048450902021263786e+00,-9.216730941068982386e-01,3.973830024270588623e+00
-1.136417603108709606e+01,-6.834424205651511208e+00,-2.011564400696498112e+00
-6.238830653906768831e+00,-1.258214854787157888e+00,-9.387775233125266183e-01
-3.293686666018670550e+00,-4.393739836398142806e-01,3.731314072461469511e+00
-6.404187072801661884e+00,-4.805642243879733044e+00,-2.627848632611720525e+00
-3.274564606606701567e+00,-1.855871363329292256e+00,-1.665510684332307978e+00
-1.044737240772463771e+01,-1.008380569586620723e+01,-9.976596847738889551e+00
-4.922665643354541487e+00,-2.286443398673970506e+00,8.056720174162004255e-01
-4.034539839293981522e+00,-2.496031426759002692e+00,1.634711258950819257e+00
-1.322235496657199860e+00,3.117831259847951841e+00,3.816572786019500008e+00
-3.059419162980973272e+00,-2.799796849271251276e+00,-1.202893784127943233e+00
-5.254663904009094111e+00,-1.689726241777572913e+00,8.473932147772615942e-01
-3.468635175230310175e+00,-1.028185188481667733e+00,-2.661331962319706257e-01
-4.217919255794898348e+00,-2.460648663602994723e+00,2.333807628065522444e+00
-1.316820733262442644e-01,1.571120121766356181e+00,4.528282184516815079e+00
-6.755146106602409439e+00,-6.463401611192770346e+00,-6.144130321904610170e+00
9.048270472617372384e-01,3.026097009676030680e+00,6.046658791949485412e+00
-2.177846715045840931e+00,-3.161414984424590346e-01,5.789263809586211451e-01
4.827657827233267085e-02,3.728063154101276311e+00,4.428282238758997735e+00
-1.165455728037438732e+01,-8.314473556947145738e+00,-3.530801115562926640e+00
-9.629606885445134878e+00,-7.276922593694643560e+00,-6.274754200633615220e+00
-4.949126402780959388e+00,-7.392174110110276697e-01,1.788163573028616282e+00
-2.856313443428622811e+00,1.759796632408488826e+00,5.362727009274528278e+00
-3.470115419389282252e+00,-1.317067390091154477e+00,1.769854015196040686e+00
1.355443210491284578e+00,2.205265311177166510e+00,4.141417344921908494e+00
5.345831522991297824e-01,3.503939520552065368e+00,6.454148771809396834e+00
-2.715316469239090758e-01,2.664545187086181155e+00,6.382225569983908997e+00
5.548437340082901237e-01,1.083110658462276277e+00,1.451396098682599778e+00
4.269593601397270177e-01,1.167062960208212763e+00,5.129034511664081641e+00
-1.181291340679193169e+00,-8.570226067467018316e-01,2.691547854551296082e-01
-3.454048698804473849e-01,9.284751577444861903e-01,4.164733269559799389e+00
-3.878911223742949055e+00,-1.870763592832480837e+00,-8.757974757235372776e-01
-3.292557017458326740e+00,-1.044864738590557174e+00,2.382392039533511419e+00
-9.704166605021637970e-01,2.959842689522694137e+00,3.579258626184065317e+00
-3.438044868125162523e+00,1.355331236781844861e-01,1.581464149666352847e-01
-4.202732909126125627e+00,-5.811145696148487527e-01,2.723904756972906682e+00
7.432621983848579639e-01,3.086595090964008747e+00,3.770961489145049583e+00
-8.369085192235634629e-01,2.985836500137647676e+00,3.344601943899509156e+00
-3.170496054590701718e+00,1.307347014172972166e+00,5.174648848980777593e+00
-2.091428728450902774e+00,1.613388744277901132e+00,5.385359945293878070e+00
3.076931109341398685e+00,3.414797305382495374e+00,8.364542727531526722e+00
8.873631831377561952e-01,5.180361282693344727e+00,7.720028435921960863e+00
-6.139722160523839456e-01,2.983029338296516286e+00,6.679315146685079085e+00
-5.239258729196681230e+00,-1.090332307284856306e+00,1.865381098408782634e-01
6.690361147069334713e-02,1.927167235067692719e+00,5.925593745745747043e+00
-2.369587025743419950e+00,1.475332400639126851e+00,4.088409017251876776e+00
-2.338250229221510601e+00,-3.572235054971732993e-01,4.484989349037685535e+00
2.324968655911314741e+00,4.400075609175485347e+00,8.220004207127534102e+00
2.671724345977256387e+00,4.734936170235847008e+00,6.284116988706529128e+00
2.087648823543976739e+00,5.292632590377583490e+00,9.330711965451488510e+00
-4.662493116227905077e+00,2.443944222749356854e-01,9.889148813745830546e-01
-5.884937905537226399e-01,3.792078562624499050e+00,6.412788229291149555e+00
2.864216238533600301e+00,3.402928626962586467e+00,7.374821722787858747e+00
2.787675938205368631e+00,4.445398053602362509e+00,8.786647089336575789e+00
3.224169150175454135e+00,4.013178512910668516e+00,7.568636934416210771e+00
2.182536111805915446e+00,3.686517413007068811e+00,4.973261089418921088e+00
3.174155628484394143e+00,3.425456444726377114e+00,5.834999830312877833e+00
5.285396717250636200e+00,7.242908818833499573e+00,7.551360604045003200e+00
3.017505057511502553e-01,1.434961757517086767e+00,3.871320992657789617e+00
-4.432205805100020157e-01,3.598136440318248752e+00,8.245375857963606947e+00
4.881545126175669935e+00,7.458205990917189609e+00,9.474739680796936625e+00
-2.897229887834555484e+00,1.876542242921913406e+00,6.690854215862096055e+00
1.172143313198841685e+00,2.124205009840303138e+00,4.781481534222907115e+00
2.595614674261027766e+00,6.700165078952104558e+00,1.081146006351784195e+01
-3.105332048055580607e+00,3.195610339183145854e-01,2.676905617983286412e+00
4.646933077217859420e+00,6.665215546793865187e+00,1.069727639428109534e+01
2.176854227025140087e+00,3.305470106020704346e+00,5.447619549614900691e+00
3.260108930181991660e+00,6.094432419988640603e+00,1.025335202055783768e+01
-5.779886510204503836e-01,1.291261979792256653e+00,4.034540797971088111e+00
7.200862397497147072e+00,8.596681583008088268e+00,1.278124496018447331e+01
-2.451056327972056526e+00,1.476649858402939053e+00,5.577141137371230073e+00
7.101648639253656192e+00,7.389030061609881628e+00,9.823520732258472776e+00
1.093265685573179713e+00,1.772479782399030146e+00,5.141281991295011622e+00
9.250352479708855213e+00,1.080730712474776567e+01,1.468018828962163269e+01
4.924787110687313785e+00,5.250621634678119598e+00,7.816924407102936456e+00
1.078017543100459541e+01,1.139850121922971304e+01,1.418799672612411022e+01
1.324494837601619679e-01,3.169206860899452138e+00,5.479924477638736136e+00
2.978376288631589652e+00,4.376609371008965077e+00,4.538248664351379524e+00
6.103570004924932846e+00,9.414140635328813289e+00,1.376635011642226480e+01
-2.088715839479026837e+00,1.579523011056346071e+00,6.044613067966709608e+00
-8.123814263294999449e-01,3.835123089908833549e+00,6.082855416241140567e+00
4.001645256871452005e+00,7.491602088206610333e+00,9.478495834088249694e+00
-1.575544750788832715e+00,3.022168799297226371e+00,5.837033091495039905e+00
3.952445101714642473e+00,7.714695145464011361e+00,7.787286294338464643e+00
3.852039913723797504e+00,6.729786044743884865e+00,1.043974154535236032e+01
4.605122663066583133e-01,1.745543144996922535e+00,1.817412991440378267e+00
5.538086672712512204e+00,9.256250500644362944e+00,1.094667960140656859e+01
4.866982388454266228e-01,2.630646276753178192e+00,5.440908346499978343e+00
8.244046475392607931e+00,8.795302304747565358e+00,9.313065634214309441e+00
2.124507634665727451e+00,6.928909881716295516e+00,8.623392413793645517e+00
3.961321573697132781e+00,5.238945804212428392e+00,5.477636403160698109e+00
2.477094458505330721e+00,3.346738045673810280e+00,5.501213474292862671e+00
5.997794840880827039e+00,7.708161458050101444e+00,9.831070194385869598e+00
6.390668343430379039e-01,4.158615390516389176e+00,7.367562851944425617e+00
7.988533032253695154e+00,1.045429837058663480e+01,1.452840584672889079e+01
6.329810994423528570e+00,1.061643374927167116e+01,1.357049711982434204e+01
1.127235305406920141e+01,1.186020817115755754e+01,1.389110422816331436e+01
4.653870293630901323e+00,7.826187694601360434e+00,8.140442749683151291e+00
5.718773034233680441e+00,5.818305695285806323e+00,1.055997774599452654e+01
2.536280097774036513e+00,6.186603405092260033e+00,6.952142555197658780e+00
3.785814735753674221e+00,6.011447087614891771e+00,6.979233430490855206e+00
7.857007630055740321e+00,7.908434637230801201e+00,9.866900286739298309e+00
5.273321135336363596e+00,8.515244817178217573e+00,1.328588892719845482e+01
7.090232273074889235e+00,1.093940586790432867e+01,1.209009685432006620e+01
5.661586347665711116e+00,7.342645784963440114e+00,9.945548345428775860e+00
2.152053657684915855e+00,3.108418233117941298e+00,7.273147352203007010e+00
5.290088870245507557e+00,6.129913434469958844e+00,7.579778659217585535e+00
9.164045418661446618e+00,1.205204874830505801e+01,1.266816890563923792e+01
-3.777681872531930551e-01,2.745306519859920691e+00,7.466432530784265609e+00
6.203584160273699410e+00,9.661263512205636061e+00,1.372518647060534036e+01
4.106607783482253637e+00,6.299079740975074948e+00,8.125665989895217933e+00
3.202584202504001443e+00,4.845597655877675436e+00,8.147923531883579429e+00
6.113535433130590668e+00,8.706213829603676402e+00,1.106781092164423619e+01
1.172009105162953979e+01,1.222382151317687793e+01,1.559068728347064337e+01
4.955147391144441471e+00,8.582061984410099598e+00,9.563053437463233664e+00
2.992516383786640422e+00,6.791043248005629529e+00,1.118801344990046509e+01
2.833529831603254667e+00,3.706648671782988291e+00,5.966857077595308922e+00
2.931612818290900258e+00,7.312538731314867313e+00,9.749028940107855590e+00
-4.511768733546039911e-01,3.625091654940713504e+00,4.703856153557281594e+00
6.382728532779903929e+00,6.702384739243262501e+00,6.999718982352693963e+00
2.589977103157472094e+00,7.451758986697850418e+00,8.275348051193139653e+00
-3.758218330078610947e+00,5.662376287016153142e-01,2.144880611052359942e+00
1.161746971562305930e+01,1.181791247059012129e+01,1.302279888566011934e+01
1.413154757025348651e+00,3.940617274064988074e+00,4.474476410857445963e+00
2.488874285231633898e+00,7.099691048272263494e+00,1.159911625701925075e+01
8.512868687160047187e+00,9.258606058352453871e+00,1.294414791968406675e+01
9.276902412570789735e+00,1.158044399235411959e+01,1.649107954275872601e+01
4.997154413065987733e+00,5.274175868313217386e+00,7.629348839636035606e+00
-1.310293395180838427e+00,1.170719195246876509e-01,3.748963823538793427e+00
1.031709492576582221e+01,1.087276621094398266e+01,1.401330964378635358e+01
-8.617021073537407538e-01,3.878594636459895550e+00,6.147996767128994122e+00
6.422719720478128558e+00,8.693873004744832045e+00,1.117238455914029061e+01
6.788398425135264702e+00,8.866939516454637626e+00,1.110431919820834779e+01
-4.485317007942592582e+00,-2.169123613447657029e+00,2.821206000168744232e+00
2.143240179804395407e+00,2.725420270704940862e+00,4.152027334195967256e+00
5.114702891235756610e+00,6.168639545780990829e+00,8.889579548005762888e+00
-2.360304195287781237e-01,-2.219857426078402085e-01,4.383507446380799699e+00
8.381529249036629992e-01,3.493757427892080436e+00,7.974143446560518100e+00
6.127429163755057751e+00,7.852255236987330633e+00,8.601904847752379624e+00
6.230616393910764828e+00,7.192079155920072076e+00,9.545741086347570459e+00
8.136269426225050339e+00,8.337613946222219852e+00,1.224663448375565622e+01
4.794469455192531981e+00,8.747652380365522617e+00,1.225742752283178660e+01
-2.158632507790585464e+00,2.323066570180428947e+00,5.070452869720401878e+00
1.084215264700404191e+00,3.480812659496272055e+00,6.126691472790876780e+00
8.674736030750270999e+00,9.584504385790825864e+00,1.214596069293105707e+01
9.127916355311207042e+00,1.183670145361178783e+01,1.565965072131166202e+01
2.583461635199627793e+00,4.323058916740884605e+00,4.784194347249556500e+00
4.974538458123920037e+00,7.961850984664025077e+00,1.190164242150950358e+01
4.716726151962939539e+00,9.564524724656312316e+00,1.001579755559975737e+01
4.080632119677423120e+00,7.812387845395280195e+00,1.079158816172712321e+01
6.231497130537371198e+00,6.308183039750182353e+00,9.899391063783454570e+00
4.954616083869840537e+00,5.085622353227990722e+00,9.011903151845116255e+00
9.308202688848011164e+00,1.291481365014221083e+01,1.635441409919853584e+01
6.597443723824413908e+00,7.197424569648957160e+00,1.179258935576883971e+01
3.529222096853493973e+00,8.023787535783167613e+00,1.252509248612873272e+01
5.974661683336552009e+00,7.776473629402637755e+00,1.023733846135356274e+01
3.736737215074761753e+00,4.311213896969464443e+00,4.566690685234178204e+00
6.550420668079362407e+00,6.844308015309167104e+00,9.688156064062726003e+00
4.059913814835795165e+00,5.666929584675042264e+00,8.564707670808189732e+00
2.590159933269525983e+00,5.553481695446436994e+00,1.008879355065307948e+01
3.052124290327676626e+00,7.463540530583966159e+00,1.105645792466801680e+01
-3.895539893448320967e-01,3.702962797390594751e+00,3.718760995866471131e+00
2.693587953168582239e+00,2.771263635766373135e+00,5.064200196784632624e+00
4.559600316916103679e+00,7.828068874447090764e+00,1.179848990925236230e+01
2.421538902208995481e+00,4.657873803130147650e+00,9.358710398457033008e+00
1.074111002894807321e+00,5.149037309991085998e+00,5.662815455926934582e+00
-1.873230614175386499e+00,3.276610385321694352e-01,5.302052163873626434e+00
6.882164135521007253e+00,8.931873357287400950e+00,1.086322232821784084e+01
6.071475427131739266e+00,7.541877214126607498e+00,9.974322226408109060e+00
4.370603753943573366e+00,8.019889326517718686e+00,8.257248901134026653e+00
2.803598920522500926e+00,6.982187019502621439e+00,1.157008506795565417e+01
-2.709901138958458855e+00,1.195561644713324156e+00,5.773736037941759491e+00
5.877847268912537615e+00,6.352369657919308743e+00,8.602907739179078916e+00
3.403441273888137886e+00,3.758653556353948932e+00,7.942833352817848080e+00
-2.145805212966223952e+00,2.616928592447118174e+00,4.105684645638476127e+00
4.246905663661728170e+00,6.923878892430534115e+00,8.412256338302746883e+00
8.421945244956148713e+00,1.031630782243716560e+01,1.269909594330421854e+01
5.782670997000298740e+00,9.736683458066629271e+00,1.047167087964395371e+01
6.252575020366709424e+00,7.037846536028586009e+00,8.047156866056610625e+00
4.728599881358048762e+00,4.994360694216311458e+00,8.211685304570419675e+00
3.401643472660049738e+00,4.350964906933319831e+00,6.538654855814126421e+00
-1.232384937180405426e+00,2.195566726756580600e+00,4.440299994781554460e+00
-5.197567750356322236e-01,4.010328699384639428e+00,7.856169453879630282e+00
6.089431650726461420e+00,7.454542577080845334e+00,8.106591857953940661e+00
5.634660069799036108e+00,1.010684905975340797e+01,1.209138739274006191e+01
1.829352157571841886e-01,2.095494350690644936e+00,6.145514729460182402e+00
-1.580296470219228144e+00,-1.533522524197945103e+00,7.220389026289444345e-01
-8.070239979180806600e-01,2.764576332508300816e+00,7.008008650926051963e+00
2.547825462570467714e+00,6.973869732216074091e+00,9.302270576431570959e+00
6.144267442251921452e+00,1.038280522719285415e+01,1.056161403060174386e+01
6.472120505508444310e+00,7.999248282612715144e+00,8.051739795233917363e+00
6.999718784549464168e+00,7.827345651375547497e+00,1.145100200902450283e+01
1.302296482498688013e+00,1.324417280239212680e+00,3.939694755457533226e+00
-7.601200765025208916e-01,1.309810678640502157e+00,1.924164631879997422e+00
-3.725439571647149783e+00,-2.972681522264646325e-01,3.168351172011067085e+00
-2.054508115531655132e+00,1.577234591980453349e+00,5.403772343193970151e+00
4.639881463669437878e+00,6.214841048329485140e+00,1.118548749315353419e+01
7.879505281525531757e+00,8.244273979441246070e+00,1.148275081761786431e+01
-5.488255644812909395e-01,4.305049922185703259e+00,5.426602229901651420e+00
1.009647563019232308e+00,2.400272205106434242e+00,5.280159396702404528e+00
-4.044208607916536913e+00,-1.379206234528220776e-01,1.506814291070335043e+00
-1.563036310554059671e+00,2.620839507688167647e+00,3.826058439406522460e+00
-9.083951415563866760e-01,3.463438285152724561e+00,4.728203905829122533e+00
-4.727084273740906006e+00,-1.639908495384497567e+00,1.490475703144018560e-01
3.799449501843264798e+00,5.408580063604158994e+00,7.178557910639074890e+00
-1.229097936398712454e+00,1.266909135882046789e+00,5.492152068950951538e+00
1.220464871192834977e+00,5.017056051346899359e+00,7.263760482651758110e+00
8.831035183201332295e-01,2.293904965082349090e+00,6.565409869944170751e+00
-1.239023433609649505e+00,3.111901625708166197e+00,5.380283128846434337e+00
-3.471476773667253823e+00,7.752517790823088006e-03,1.854070337322924811e+00
2.274079972488565193e-01,9.728963998657016443e-01,2.580310914099435138e+00
4.154143163854961962e-01,3.825835909263243906e+00,7.672884226956388609e+00
-2.860237959828110021e+00,1.398039005519926548e+00,1.486602505904748739e+00
-4.061706165717354544e+00,-1.629675519595125355e+00,-2.600649680008579878e-01
-1.507195620714334661e+00,1.912601949125759981e+00,3.139258626371421279e+00
-2.039106885799606417e-01,2.627490344751135964e+00,6.187303607056172439e+00
1.631375866336244318e+00,5.481700464545014029e+00,6.829041915808970131e+00
4.274119471547635385e+00,4.713280203774350419e+00,5.806847041190128067e+00
-2.041310053483098130e+00,9.543470152068653789e-01,1.156592943357856784e+00
-1.395348695819712104e+00,-6.010390219629320185e-01,4.376334616274525580e+00
-1.662770738575657603e+00,2.488864445024044914e-01,2.731517816306079816e+00
-7.994784106554896352e-01,-7.444425976809714296e-01,2.215096360797182307e+00
6.118902886809265418e-01,2.238383710841950425e+00,4.889349858213693167e+00
1.107652285471448561e+00,3.738244002565559665e+00,8.575531248741754098e+00
2.885053415791199338e+00,4.226338408411820957e+00,7.078503010921955330e+00
-2.743690685886468472e+00,-8.359277037714369918e-01,1.274071346098389235e+00
-1.519025454170253475e+00,-1.241230141285527555e+00,2.201034922240596714e+00
-2.048271409659443432e+00,-1.071844369994832125e+00,1.270600181553728003e+00
-7.883266564170382296e+00,-5.711918391428714159e+00,-3.371212809211808104e+00
-5.506726175888111641e+00,-3.628996196076963443e+00,-2.417069122544456938e+00
-2.472114076458212129e+00,-2.285438117792430168e-01,2.553813048561587307e-03
-3.025511890388186131e-01,9.090615735293152699e-01,4.833303431306537057e+00
-3.072717670612527208e+00,1.141384270276297741e+00,4.717930961074578988e+00
-5.939301347367319295e+00,-2.776481192183864355e+00,1.279847604396666672e+00
-2.649797303321533626e+00,-2.010642680329678189e+00,6.156280098568780446e-01
-2.029137185331810755e+00,-1.447558936249519146e+00,2.441771439295413515e+00
-4.486333242122894305e+00,-1.883551315098570988e+00,2.166573110844632666e+00
-2.771924541182626101e+00,1.223392584186685283e+00,3.554454468399959488e+00
-7.349372421322728499e+00,-4.865000947408461229e+00,-4.723663471425508575e+00
-7.105051426513314894e+00,-4.487484974627406586e+00,-1.100161094275230678e+00
-3.201574207200738265e+00,-2.033295719417900216e+00,2.899340133086113269e+00
-1.020657996029753001e+01,-5.332435590890474586e+00,-3.918282616872490909e+00
-1.059875029263880641e+01,-7.033884010320780256e+00,-6.883875669511178685e+00
-9.237702244523159578e+00,-5.908938690697084439e+00,-2.788856252889209131e+00
-6.362640202072906703e+00,-2.251841904426665764e+00,-7.300165000379914559e-01
-4.116476063151603526e+00,2.735747009241229488e-01,4.563449836546991101e+00
-3.105353287972269172e+00,2.426615133605682928e-01,2.604335858136892945e+00
-1.321913916847288206e-01,2.959814815703529334e+00,6.609608660502896527e+00
-6.466732112572409541e+00,-1.590475163838978467e+00,-9.818342076542417862e-01
-2.842790436303113566e+00,-1.277426531753332650e+00,2.626155034130642996e+00
-4.872698527423340309e+00,-2.826798415406442722e+00,5.356014419118544367e-01
-3.435160956869744098e+00,-2.769571085133232913e+00,7.762369333096250656e-01
6.197719104424312953e-01,3.990091003956586668e+00,6.919191337974643474e+00
-5.380046813050190835e+00,-1.553856986966792864e+00,2.846704175522971614e+00
-5.524855246410023568e+00,-1.378342212150389212e+00,-7.404717348446178127e-01
-9.664590652252638137e+00,-5.942623799165176912e+00,-3.693801593538439398e+00
-3.028376254117314481e+00,-1.358967161613314545e+00,3.039280767403646166e+00
-3.495069961738748621e+00,-6.970037884124895555e-01,1.809169871750834879e+00
-3.344620260724154193e+00,5.783765021896529746e-01,3.344919231944061710e+00
-5.231656934041273743e+00,-9.416190074124970444e-01,-4.271142396214739900e-01
-7.170812330410789137e+00,-3.290147008271212759e+00,-2.470974058448832889e+00
-4.621136642025461150e+00,-3.494979915134159842e+00,-2.597722310932684131e+00
-4.470531585241278805e+00,-3.278424825124083508e+00,3.807286583126487933e-01
-6.091425827459745257e+00,-2.814767265931966023e+00,-1.665860793395256723e+00
-7.570481904627657244e-01,5.938264934258881134e-01,1.090297056473841231e+00
-2.134809478223211432e+00,-6.263186719367963562e-02,1.830293948342042398e+00
-1.820930384165694527e+00,-1.091851427879103831e+00,3.081273776465251579e+00
-1.594550701156546069e+00,2.668424542159587354e+00,3.213658549525003849e+00
-1.278693840358221578e+01,-1.145510863729645479e+01,-7.774663632671108715e+00
-9.282137895756260804e+00,-4.932304439390854611e+00,-4.573939496542791971e+00
-8.162061002196725923e+00,-3.650209392674912401e+00,-3.342023618952170594e+00
-8.864771144566010008e+00,-5.695851347645739082e+00,-5.585475671002709142e+00
-1.117100156986777826e+01,-6.529676461145411892e+00,-4.761223214270922099e+00
-1.219565176461405009e+01,-8.951636387634113845e+00,-8.028525392230722701e+00
-6.398607679874931620e+00,-4.792330599854189188e+00,-1.055838188776039743e+00
-6.097867208375353343e+00,-1.232887774681555193e+00,3.727378678365541376e+00
-5.696601759225227823e+00,-1.648204178484232951e+00,2.587761020036540405e+00
-1.112687021972644352e+01,-6.279850919088595163e+00,-6.078267470243979176e+00
-4.265314262634555931e+00,-3.414562027708121672e+00,-3.151173135109476497e+00
-2.558512174877998202e+00,-5.270640843245910645e-02,4.739739816590359922e+00
-1.164645422534548658e+01,-8.734273290845816717e+00,-5.957252711591601191e+00
-8.830921473675481082e+00,-4.697489715365860796e+00,-5.274530626716877890e-02
-6.899508097262643247e+00,-3.406731939635756046e+00,1.070154913053374290e+00
-5.155811237814844183e+00,-4.279729842839401499e+00,-1.762694683470750867e+00
-3.622759026523577397e+00,-1.799733838556121679e+00,-1.371273226248224120e-01
-9.956512468262218363e+00,-8.885260970548268133e+00,-4.415278056125839790e+00
-9.699512626983688435e+00,-7.447666531231135423e+00,-4.796396409952087936e+00
-3.802335090867853040e+00,-2.420781607401836677e+00,2.393472858469559039e+00
-1.266457946771020637e+01,-9.608529451254383957e+00,-9.605058556976526773e+00
-3.439213890264028350e+00,-2.099751566254587143e+00,2.896986391614855716e+00
-8.090908912931588759e+00,-3.217034793718376751e+00,-4.939524107376267459e-01
-5.190977603829284526e+00,-2.370391253408469012e+00,2.137551230037592731e+00
-9.574728590993444755e+00,-6.031898888708139062e+00,-1.370816957342295694e+00
-5.516268936586932625e+00,-3.120604064702122038e+00,1.758899520510884606e+00
-1.088902270979298592e+01,-8.191273785351828707e+00,-4.967078939113241276e+00
-6.353246964451612300e+00,-5.940412659843970822e+00,-2.882262184387105464e+00
-8.447435895828061092e+00,-4.608556163334946554e+00,-2.412034431640376564e+00
-9.944869726883483807e+00,-7.432678677244137333e+00,-5.466041571557210155e+00
-8.944351435064309186e+00,-4.099143898699467492e+00,-1.716022717096351347e+00
-8.832348641676006196e+00,-8.201291920662644230e+00,-8.056931006469394418e+00
-7.838436648072573121e+00,-3.976090662723763103e+00,-1.237726420540453898e+00
4.181192723589673976e-01,4.319717991881635299e-01,2.344584986011772454e+00
-1.314351814779662853e+01,-8.573271796997346428e+00,-3.834497166736339224e+00
-5.146604111234606371e+00,-4.878807869506299077e+00,-4.261695801013363649e+00
-9.695369604971249444e+00,-9.671017879802306538e+00,-5.327649318497540420e+00
-7.674587839450579096e+00,-7.320156710322983429e+00,-6.780655949223503676e+00
-3.855871871805378603e+00,-2.717758623931715078e+00,1.868489134294958554e+00
-9.557124311822310148e+00,-6.115954275389900552e+00,-3.031547476552655773e+00
-6.518735623721790162e+00,-2.595451095356061444e+00,8.709713928565525620e-01
-7.481429702437257134e+00,-3.751795599031336970e+00,-3.383513405541517916e+00
-7.956743215293149873e+00,-5.007916733088165984e+00,-1.241880296808771877e+00
-1.072396263594468913e+01,-7.895669534278209944e+00,-7.836695167455589583e+00
-3.797792013660885591e+00,-2.742192566246488994e+00,2.072307419088464719e+00
-7.399112953295420958e+00,-3.875639748689701847e+00,-4.331152442885541909e-01
-1.266096946597783557e+01,-9.359707256886292015e+00,-8.720667255970163012e+00
-7.675286893646919850e+00,-7.654872988687201563e+00,-5.451611398328390479e+00
-1.527388436524514503e+01,-1.305226234101859362e+01,-8.993235085178334032e+00
-9.731947272933910043e+00,-8.824109691147015155e+00,-7.448553875651145795e+00
-6.038802696051694063e+00,-5.647591037604851927e+00,-3.648215861165031271e+00
-9.133396164008832585e+00,-7.853447421545527440e+00,-6.538968200784847085e+00
-8.427755629065536880e+00,-7.157490193472447970e+00,-5.999897647728230865e+00
-2.064553578689706015e+00,-4.655884272332135865e-01,2.217862396676275161e+00
-3.712424862847843787e+00,-1.523873477122440256e+00,-1.206638670994316431e+00
-8.794845931591776633e+00,-6.665546612792917713e+00,-2.434155340229990472e+00
-2.673900910499165118e+00,-2.170380323163092928e+00,2.551427673495183068e+00
-2.417009327203227809e+00,-8.740574733782908723e-01,-8.013793263707775782e-01
-3.894732463518086441e+00,-2.628954568196500308e+00,-2.280656465422983281e+00
-6.383899637568167584e+00,-3.551992907284807544e+00,-1.970367269532059318e+00
-5.150626424556921990e+00,-1.116243354933569520e+00,2.546882085685190589e+00
-4.406351226209197947e+00,-2.063368928775318967e+00,7.396391254312031371e-01
-1.101404863605596418e+01,-7.970200631150863302e+00,-6.616677194173387733e+00
-5.551888282044641798e+00,-4.855006416073703868e+00,-2.972412335801920769e+00
-6.374305939087919093e+00,-5.900018208518019946e+00,-4.325701331491076829e+00
-3.503325282123426643e+00,-7.403144782348465291e-01,1.960248142422489792e+00
-6.494328226163140982e+00,-5.891261353966862124e+00,-5.849565853946822713e+00
-6.801878650067488152e+00,-6.357160840364247889e+00,-6.176410630609909802e+00
-2.971879963218130971e+00,-9.695355161817067469e-01,9.792154146807672266e-01
-4.426001539391665851e+00,-3.217924712868747150e+00,-2.140702414544449095e+00
4.105578804187697273e-01,2.392657462710801930e+00,2.825525353824536623e+00
-7.545123493456247665e+00,-6.473577868480166586e+00,-4.445118344207374506e+00
-5.860102798407503144e+00,-5.385953227189610004e+00,-1.181884863166557054e+00
-3.784672294065191345e+00,-4.045798042813268935e-01,1.511016439951061940e+00
-8.299276165146041606e+00,-7.547284619001668915e+00,-6.576348059657997069e+00
-2.893356820249602945e-01,3.111122417137597296e-01,1.111531378081425769e+00
-9.319382215976528272e+00,-7.206811521125751518e+00,-5.978488194719203008e+00
-6.111665649602132433e+00,-1.688773265296011683e+00,3.115870384874987575e+00
-1.243895813131017292e+01,-8.982132913854460554e+00,-4.938327366620047343e+00
-4.525280865844550249e+00,-3.249683187948942731e+00,7.543668284167370786e-02
-7.714327430477153413e+00,-7.424334165796514284e+00,-2.623253739251534711e+00
-8.172194631216207483e-01,2.533815363413087773e+00,4.118071220778003472e+00
-1.025299594967984262e+01,-6.387788155760310005e+00,-6.308790909740364050e+00
-7.467175079648390223e+00,-5.585993902696334779e+00,-1.107705087874233385e+00
-2.734330841099388287e+00,-1.418333025708227391e+00,1.921238534687088828e+00
-6.551874141056133638e+00,-4.751355729057670452e+00,-2.789534050624200123e+00
-4.500886457105321092e+00,-7.712012063329005684e-01,3.779828784651665607e+00
-5.758632292190991819e+00,-4.925039677363944435e+00,-3.540579133586210236e+00
-7.515208535394748424e+00,-5.076282622281580892e+00,-2.007202292743524907e+00
-5.052878480657304827e+00,-2.713942916720300857e+00,1.313700557940413738e+00
-1.004017027366989367e+01,-6.199695850596150137e+00,-4.173481240418178473e+00
-1.479327021262378583e+00,-1.276267657959686996e+00,-3.037857638727902154e-01
-2.183546505642030233e+00,2.512167404041960594e-01,4.888785523714529901e+00
-3.473723140588381053e+00,-6.358757063294073753e-01,2.016098825887442825e+00
-3.897960203948410474e+00,-2.781099874333705646e-01,4.833647533487642756e-01
-8.629123499783975859e+00,-7.894531159090289130e+00,-6.167555286743621856e+00
-8.390136786971869043e+00,-3.415873629239698506e+00,9.638355332573014245e-01
-6.022638661101909818e+00,-2.622069158927878618e+00,-6.662945446130228433e-01
-2.598337564464436866e-01,2.513536019437265345e+00,4.031306608982538897e+00
-6.873259600044734796e+00,-3.501724539114470680e+00,-1.407496231327066916e+00
-9.171125013413400140e+00,-8.570045542202315403e+00,-7.494605771712016917e+00
-7.626341088981796190e+00,-4.582877132297889844e+00,-1.110053618842842038e+00
-3.939897808585468120e+00,-3.459789485414662025e+00,5.819153999460686677e-01
-1.197177714009203697e+01,-7.850040210517420292e+00,-4.234630639132294760e+00
-1.795983980961376236e+00,1.621958691269077768e+00,2.781301621388754697e+00
-1.049375350693315134e+01,-5.895643694865270845e+00,-4.552775919020179529e+00
-6.633453588831182968e-01,2.491778377041726777e-01,3.441848021223917975e+00
-6.087839193202166044e+00,-4.267317718474775923e+00,3.978227048349527450e-01
1.329049993632343885e+00,3.630298035924096389e+00,4.448890751179865433e+00
-6.406603186959962670e+00,-1.618959949985708136e+00,9.582096184776176528e-01
-4.719818179657783830e+00,-2.127023555568137159e+00,-1.980101113463290652e-01
-3.183459678901171319e+00,9.965091962398546777e-01,2.434727299669900091e+00
-3.576675562635785788e+00,-3.508127023184356208e+00,-1.021737388633928045e+00
-3.286428239285117403e+00,1.343006318926244003e+00,2.709339751648118799e+00
-3.057040201471584062e+00,-1.725513018004328547e+00,1.964986379215932555e+00
-5.838350460436096512e+00,-1.960683790115184566e+00,2.170988983105528458e-01
-4.503699617071352357e+00,-3.354832614561727988e-01,5.241821585622439272e-01
-5.072372806626071373e+00,-3.237245939821336904e+00,-1.215856363237476145e+00
-1.999936252045998231e+00,-4.359567860145313611e-01,6.527309590811886109e-01
-4.302420349368367702e-01,1.260505609774626112e+00,1.350521527453414583e+00
-1.009524361203526155e+01,-6.578493438234918500e+00,-3.158697265583358060e+00
1.476559848490754057e+00,3.727650409542420107e+00,5.342228328870837650e+00
8.374769590946273823e-01,3.007944638606872445e+00,7.690548718551473151e+00
-7.915009222173209125e+00,-4.897184977677038198e+00,-1.240398398586642692e+00
-6.405575468300394704e+00,-5.257991741743910374e+00,-4.784201880117770145e+00
2.990049614504044051e+00,3.405974288049628207e+00,5.766068555942550411e+00
-3.025123115885488545e-01,3.280919377966614370e+00,7.151521290936887709e+00
-6.383466426200481436e-01,2.963702392330000102e+00,7.527514830570851245e+00
-3.338854571096184998e+00,-3.078842341635254165e+00,1.197855101188897819e+00
3.491867356703203029e+00,6.795250334723063723e+00,7.672850894736217064e+00
-4.260156183752290993e+00,-8.482525095641535451e-01,1.710545291123703127e+00
4.473999086559730110e-01,2.242606141326980662e+00,3.482396937156302386e+00
6.613624218599900573e-02,2.386908178409661740e+00,3.582571404355709532e+00
6.103460089980432102e+00,6.517695509801098908e+00,1.074829580190103684e+01
-7.425454801033364305e-01,2.221639429177627800e+00,4.039987721119280728e+00
9.673699343786239524e-01,3.200769837542398299e+00,7.524906675590840699e+00
2.295998765512765605e-01,1.828817404080566256e+00,3.729682641355591244e+00
-5.253246584300955035e+00,-1.422844530392319395e+00,-4.202314758261633809e-01
-7.978804617452331271e+00,-4.682491855769268518e+00,-2.510872828472821894e+00
-2.328084276685782328e-02,2.477511985217185853e+00,6.411912763321186759e+00
-6.716981629272531507e+00,-1.751319847697854648e+00,2.406239772399497490e+00
2.839261527486639736e+00,3.641981359299660603e+00,4.764740535501602814e+00
1.093379789876429253e+00,3.143032175571845332e+00,6.739164775076977421e+00
6.281800751670876259e-01,3.175035901768245239e+00,7.684039278045682764e+00
-4.958739478821309055e-01,-2.524965460182135857e-01,1.040088348046773525e+00
5.023652698979859998e+00,6.120010661133946428e+00,9.840865398680847420e+00
2.214462876002105229e+00,4.538320616948547936e+00,4.613385820461876285e+00
-4.195149826816710004e+00,-3.279660646725428563e-01,1.481049715840815573e+00
8.223066710842365623e+00,9.525368503153771371e+00,1.043895691355253597e+01
-1.940680560887302342e+00,2.789380372740542846e+00,7.499570510937880741e+00
-8.624351693083004422e-01,-4.796707283997170279e-01,6.841660698648832639e-01
-1.881653524783627240e+00,1.348943085630604610e+00,4.701066377522176154e+00
-2.890876056165404773e+00,-8.025173369438345361e-01,2.040031952117236980e+00
4.388755560162424629e+00,7.901908476210730115e+00,1.265445449655256027e+01
3.538184962910596365e+00,7.163731969244500952e+00,7.715085124023922880e+00
2.649609433420014426e+00,6.238842504284056290e+00,6.577474146979760405e+00
3.258538573133249905e+00,5.771074758171945263e+00,8.405550962786405123e+00
4.067796944418064164e+00,7.959120472948425729e+00,8.016913719974590791e+00
-7.900329577510190049e-01,3.583727377750325793e+00,6.903151026290475833e+00
5.516500973598493118e+00,5.672455223509431654e+00,6.472606603223329813e+00
1.865080004560419447e+00,2.062667654444682253e+00,5.892365656701711529e+00
3.276431436492704297e+00,4.130956898536022770e+00,4.358956816868634121e+00
5.343615038091750868e+00,6.033553697216552436e+00,8.831338716821285573e+00
-6.946487253898100178e+00,-4.469054627568166183e+00,-3.237767862613564418e+00
-1.709378157147422250e+00,3.005298246523223860e+00,7.279342574949785316e+00
3.876122402172197390e+00,5.448427100281684865e+00,7.821286760139473770e+00
2.224788624132876258e+00,4.808904585508861018e+00,8.589783460081015676e+00
1.631444056631005335e+00,3.771176830834976013e+00,6.503530657458217235e+00
4.918806995996106046e+00,6.981634817392353476e+00,1.079573887354790429e+01
3.960598836628039798e-01,3.175729814102822957e+00,7.314632864822013580e+00
1.448003187872373587e+00,1.716682131520964383e+00,6.238213935311237357e+00
4.919113074227060345e+00,9.016065299112174358e+00,1.310858877983518411e+01
7.972331315425008391e+00,8.673875512050354786e+00,9.991239886288283856e+00
-1.072886098102677987e+00,3.828422030323556324e+00,8.579797328984311022e+00
4.365754384148125666e+00,5.498477750095261740e+00,7.662991100877339257e+00
7.540236548597118116e+00,8.319952086203439734e+00,9.633142945658823564e+00
5.066571590345431808e+00,5.990214056573939239e+00,6.394899214249995190e+00
4.626151548642366329e+00,7.523545878132702924e+00,8.727474341866152230e+00
2.471894915488920041e+00,7.433097180318847919e+00,1.001029593497024095e+01
3.325528275729006555e+00,5.120999877921804000e+00,9.686810734935839662e+00
4.593284002213503747e+00,7.697014887451094189e+00,8.332408983286953230e+00
8.346397290430718208e-01,3.323742011604875923e+00,5.529137765417169170e+00
3.643642628417936624e+00,7.469302970459140489e+00,1.093819132896997104e+01
4.276694570303848586e+00,6.130651167458943007e+00,8.478047772346421596e+00
2.741843943222736613e+00,5.335784260591107220e+00,7.448088917317006619e+00
2.202650535279145227e+00,2.741257405438718209e+00,7.268486804218074582e+00
3.575661513388690871e+00,6.938461469861024966e+00,9.287062713385438428e+00
3.871639302196128174e+00,6.719574031298988892e+00,7.785392117624891029e+00
1.491254570196264506e+00,4.144036234089166548e+00,7.874175122573246810e+00
-7.386338013983007045e-01,1.929738021169257856e+00,4.333064884452360488e+00
-4.691638834072464626e-01,1.842764469054592347e+00,5.650878435138085187e+00
2.301520625813601839e+00,6.068218973750228784e+00,9.818570113465545646e+00
6.571724850065752577e+00,7.802574839626840841e+00,1.089204967895302012e+01
8.589484326053456797e+00,1.248402089110243907e+01,1.529349223792088353e+01
2.953144106049165885e+00,6.848030848223891631e+00,1.112004783981652345e+01
1.285626659242707692e+00,2.155076957045535480e+00,3.686781084809917619e+00
3.450008422592605761e+00,6.456556642365417709e+00,7.904948574098932923e+00
6.168877642724170052e+00,1.087580453157850258e+01,1.184647573123810638e+01
3.331291307290810355e+00,5.116031196739740494e+00,1.008756270958055801e+01
9.615325052250598858e+00,1.056123378261508350e+01,1.280532232290360284e+01
6.202975415240604917e+00,7.771886908958624218e+00,1.182088286170488800e+01
7.702184004004934081e+00,9.222920201737913715e+00,1.003006497444748391e+01
8.228992567514644918e+00,1.289466821933074669e+01,1.448168010023862529e+01
-1.868353161077101809e+00,1.840384491750843843e+00,3.293223118002585714e+00
9.181097799753334954e+00,1.007400595716020675e+01,1.408606686998769497e+01
6.853028941115879569e+00,7.130938877632011952e+00,8.790803162809694982e+00
6.958636930317600999e-01,4.596272030940596665e+00,7.156959638908373833e+00
3.721026083231553372e+00,7.168895170956075980e+00,7.502979707066998571e+00
8.819853461702745534e+00,1.256890341653086729e+01,1.342860544452727289e+01
7.480698440794983917e+00,1.152421862153425991e+01,1.434509222252559724e+01
-2.156990037481638645e+00,1.538819052734672788e+00,2.602982510310888564e+00
3.274082803819168941e+00,5.251210336013087066e+00,9.261556998288387632e+00
5.853336113317331169e+00,1.040735858483744991e+01,1.154021956132187654e+01
3.562595857403930033e+00,7.529564157252997880e+00,8.072340049069907764e+00
5.426302887386444951e+00,7.555046194991382968e+00,1.224864452755840993e+01
-1.809120680006435222e+00,2.916561748431084844e+00,4.399972758628220681e+00
4.431159843697257017e+00,5.395726876606869560e+00,6.143158728924539957e+00
1.161938422916116487e+00,3.566314690770919782e+00,4.026698821851583787e+00
9.036444043130007486e-01,2.687909666588555346e+00,2.772965249564272927e+00
2.582741351712536826e+00,3.879731906633879124e+00,8.381116416112543988e+00
2.636996454422805503e+00,4.871888421087284371e+00,5.240615649751680039e+00
2.140044305755587573e+00,5.374228245060082898e+00,1.015239604851590727e+01
2.813679030705286799e+00,5.130717154733629215e+00,8.252156457272191048e+00
6.119073023931571598e+00,1.071616305806938563e+01,1.281166017754918940e+01
1.606268243481707714e+00,4.929202272370638127e+00,7.132723643761059051e+00
7.112526896371797136e+00,1.192318177900027010e+01,1.444218964386102755e+01
1.756582956346091962e+00,6.184847430143245006e+00,8.720839922368265107e+00
5.602744861016617506e+00,8.944675274991279679e+00,1.087538271094885367e+01
4.441197184559128708e+00,9.028972518190251151e+00,1.226368325313222130e+01
4.809078504251420583e+00,4.908640153669308503e+00,4.986846021250507910e+00
3.221805397575330243e+00,6.602692989544001634e+00,7.174037300882512014e+00
2.480277011017865796e+00,6.061099074517198204e+00,7.671182973438792629e+00
5.973796913907172268e+00,8.668395304364880261e+00,9.540393242032914500e+00
5.912755553933111585e+00,7.143864545956333245e+00,9.328453302679168502e+00
1.935328548713191932e+00,5.262716434823376588e+00,6.041374618011295716e+00
6.434378743652029442e+00,7.840794422585259049e+00,8.875606432039761629e+00
4.163006817681496052e+00,8.476378361583758902e+00,1.171641082889622254e+01
1.063730600562682227e+01,1.297978468991716383e+01,1.771449996099858026e+01
3.925237335501166491e+00,7.604368812466670846e+00,1.226549938086636971e+01
4.410615510416121765e+00,7.398580311544885824e+00,8.088864868000932518e+00
5.243417748888084873e+00,8.620553281114201383e+00,9.628009084398460260e+00
2.722355770927419982e+00,4.452198729266099164e+00,7.000288398330609674e+00
1.300352017188767473e+00,2.087181927497271161e+00,2.191088841744512905e+00
4.653547088811565757e+00,6.288976788165056675e+00,1.041055563360731639e+01
1.032453169026501527e+01,1.040143149630637609e+01,1.094860116227944324e+01
6.809656900537107482e+00,1.084393118422069868e+01,1.237318969897081899e+01
-3.229500695771921670e+00,1.461566876632991452e+00,3.362787591594482706e+00
5.069200752071278515e+00,9.052720397493525084e+00,1.034666960380429757e+01
1.440221390144557079e-01,4.531783310919905716e-01,4.860950759663245968e+00
3.700065322095465348e+00,8.336547700343343692e+00,1.187704599028943520e+01
4.256536265777273620e+00,8.106875383758000098e+00,8.142513484217504427e+00
-2.084096234714317486e+00,1.685021353584711612e+00,4.046003288028845901e+00
7.539699543485675726e+00,9.803651816556964604e+00,1.250400141890906980e+01
1.062392574079690988e+01,1.197997682184465695e+01,1.546141959589916759e+01
5.026459592223783801e+00,6.504403952358822849e+00,9.297437142195724036e+00
6.372021129182563470e+00,7.056657273240237949e+00,1.043203544882424261e+01
1.006320925513898068e+01,1.101127307791380794e+01,1.186334300665423669e+01
3.012251193416901174e+00,3.133667005263734318e+00,3.742595884112807525e+00
1.983808118833273682e+00,3.146659344227937360e+00,4.258206147675068109e+00
2.229121240028350659e+00,3.867478386420013070e+00,4.139560476805612232e+00
1.755149913564140185e+00,6.431140006163807321e+00,7.027019402902230816e+00
2.846133718993574035e+00,6.355953113803598953e+00,9.031318963051269577e+00
1.760269620409810720e+00,4.524213644980534355e+00,5.051797772584366797e+00
3.996534751382239570e+00,5.212609462189538689e+00,9.112015934532333716e+00
2.105488014548961839e+00,4.423920305905239658e+00,6.709259392340526595e+00
1.764869564457019813e+00,4.494428544237691447e+00,6.663457986783852149e+00
-4.405610655607117288e-01,3.590118589746469357e+00,7.333644579190030655e+00
1.953869858580936425e+00,3.538890942886832924e+00,7.599296508495346991e+00
-2.852431149638275265e+00,-2.593989989986837941e-01,2.879285167184451488e+00
6.634683212838234923e-01,4.994347480747902246e+00,7.374313726974930816e+00
-4.061985716027299631e+00,-2.806839032630108477e-01,2.859752892262210633e+00
5.623452557782252725e+00,7.757177264270000094e+00,1.170241909615976184e+01
3.218185046306794916e+00,3.743980635657891298e+00,6.650081722198631695e+00
4.750498549167868845e+00,4.982552336030146023e+00,5.763397974803512014e+00
1.142668115886071867e+00,4.137036302941734967e+00,5.675069785938984701e+00
3.126695210720328966e+00,4.439070154452056549e+00,9.218263614799322880e+00
7.045641504940189925e+00,8.875169619384054798e+00,1.169887697051308706e+01
-1.728141222481130335e+00,9.431026339082135834e-01,1.253194749598130375e+00
-3.332251972743707213e+00,3.912671905880849010e-02,2.603633317413168946e+00
3.270559646505254214e+00,5.177645230496561446e+00,5.507729310827863323e+00
1.776261602164882714e+00,3.241331527098455290e+00,7.661808406128451487e+00
4.847746561173090107e+00,5.716303427710435869e+00,6.812971626468540265e+00
5.668199835457850000e+00,6.694669990806707105e+00,1.114869408709087395e+01
-2.367489253470037802e+00,1.132488160121596366e+00,5.541703475395606482e+00
1.598632351255490747e+00,6.167364850639656559e+00,1.080720252643910584e+01
-1.232401131326072985e+00,1.196176932844150276e+00,3.577296188136964705e+00
2.450847267461853107e-01,4.389698928030019154e+00,6.049332298789918738e+00
2.473278442612705241e-01,3.583834918608888032e-01,2.016122076937491236e+00
7.861696337876784568e-01,4.367921285814398757e+00,4.985991543874745524e+00
-1.134377909968153908e-01,3.810466498497731447e+00,7.887838085728976267e+00
-3.937149670262096723e-02,4.651903334690921099e-01,9.543867657162513618e-01
-1.395133997135826309e+00,-4.010732644710741646e-01,1.380873701799919306e+00
3.161921709664602620e+00,5.825589552647711500e+00,8.253299542918249188e+00
-2.152296095899422390e+00,2.113546340060843853e+00,2.824706275444693659e+00
2.919041694340659188e+00,6.406905305333506107e+00,9.151338231425489411e+00
-2.045807196948012052e+00,1.638316918863097715e+00,3.348049053008616660e+00
4.715276148354430319e+00,7.072174291993819750e+00,7.215139237924157456e+00
-3.634443807809466520e-01,2.170851646039513305e-01,2.092063224413109879e+00
4.970350942686064144e+00,7.376624648261669748e+00,7.805359113583234532e+00
-7.477663542612811298e-01,3.377174891375247512e+00,8.107436703043156001e+00
9.667105560082145388e-01,3.948697945241224083e+00,4.215707551324793023e+00
-4.062043683438544051e+00,-3.679125622494883174e-01,7.179059991788889761e-01
1.058038213086571311e+00,4.726296673600385745e+00,6.898026749271034319e+00
4.457459644052822689e+00,4.724592925276815514e+00,6.118337621057619913e+00
-7.817895219617208014e-01,1.353360278659660576e+00,5.034611986876922352e+00
-4.847081038106056283e+00,-4.181734628955904753e+00,-2.746726242315902233e+00
-1.644071954224646026e+00,-1.226385549705356404e+00,1.852649390142017349e+00
-3.705057221502815246e+00,-1.333699726863826207e+00,3.311325000001366980e+00
-4.549970240656624476e-01,3.247767991801416176e+00,7.137204804606220421e+00
-4.245261856091346875e-01,3.974366911746192166e-01,1.730549293738069094e+00
-2.217280338250082306e+00,3.484173786796311845e-01,4.158398830997410700e-01
-4.471697743628009647e+00,-1.210570256153320479e-01,3.767644884353922308e+00
5.588637701725728490e+00,5.878336127701807357e+00,1.012350568756736457e+01
1.476650195927674769e+00,1.499090770018465468e+00,2.070187362709404510e+00
1.572018639757375436e+00,1.848841404545826350e+00,4.244641063749363674e+00
-4.630163779639968169e+00,-7.099148800454961883e-01,1.827809291469540964e-01
-2.905381804670913226e+00,9.520505010082154218e-01,1.876674411811305010e+00
-6.945959083216485475e+00,-1.993277385528166468e+00,2.274095285972141056e+00
-1.828001911988846873e+00,1.857931957126588207e+00,4.816374072584296506e+00
-3.932501684880418402e+00,-2.719760700188981861e+00,-2.123422590277580735e+00
5.443744114917961063e-01,2.845908171516084995e+00,4.859209442709369497e+00
-5.070426102918992761e+00,-1.698021487785728256e+00,-8.475727310851574048e-01
4.352277575155669709e-01,3.245870092686168995e+00,6.712621163437787253e+00
4.521900536469704690e+00,6.016731830002757242e+00,9.916803185412572219e+00
-1.966572129349975384e+00,1.926422382565364244e-01,1.005797717645036782e+00
3.045187590417930856e+00,4.019037825258429564e+00,5.413529884775342360e+00
1.443156379711790560e+00,2.233787726520048089e+00,5.048385560203179523e+00
-9.168936782046419154e+00,-4.423230911070570315e+00,5.713448509848007006e-02
-1.514740235164272697e+00,1.040296847529295077e-01,4.427376293405875352e+00
-3.598653593553936769e+00,1.171461213696327608e+00,2.642296915361913356e+00
-3.168276380133881354e+00,1.358148019706627352e+00,6.345293341411001542e+00
-3.991050869435844195e+00,-2.691821946639194607e-03,1.948424777949135045e+00
-3.185821350320602541e+00,-1.431133273494726854e-01,1.677819918328668614e+00
-5.704717961014925010e+00,-7.249115442461913084e-01,-3.856453557231649398e-01
-4.906533945174515132e+00,-4.411323198262503964e-01,-6.839165361389037967e-02
-4.822504642539981567e+00,-4.611515528419811716e+00,8.818205424791969449e-02
-6.084640189711073788e+00,-1.748230502434615641e+00,5.957822397937961867e-02
-1.028459483850006251e+01,-5.496933896910146444e+00,-1.187649508592127034e+00
-7.238421907916735343e+00,-2.728507529139378995e+00,2.470699021537421380e-01
-7.896532507841497406e+00,-3.104889826753461701e+00,9.430212119392398229e-01
-8.092260435034747346e+00,-3.392496132849441182e+00,-1.984941455779263730e+00
-7.340210449112617219e+00,-4.679722612447508645e+00,-3.414084667041334953e-01
-3.708831130995150716e+00,-8.101859266616415756e-01,3.195305873591665069e+00
-7.531133845070730359e+00,-2.665649006953493050e+00,1.357165163613941239e+00
-4.642008352231130175e+00,-3.065210249172744650e+00,-2.471713301101707394e+00
-7.481926628946493629e+00,-6.118192500040390058e+00,-2.804236892042932361e+00
-2.934333451904899359e+00,-2.879611645330785841e+00,-1.931018009851618533e+00
-2.734921302963155831e-01,1.361021095426484084e+00,5.737145813567355646e+00
1.063306499718571274e+00,1.318327241655818050e+00,1.568008040775201950e+00
-3.889919993520265074e+00,-1.131007251673714409e+00,-2.421759906452384259e-01
-4.434449124885927240e+00,-3.223373224091406364e+00,-2.302192719194667614e+00
-3.654252216743826054e+00,-7.462165287591771001e-01,-4.684777807258294624e-01
-9.209341798092140152e+00,-4.509341654944352129e+00,-3.893649727880210687e+00
-8.245968264789230062e+00,-3.487990753978660763e+00,4.026543983426562612e-01
-9.039646485304711376e+00,-4.899567054174150726e+00,-4.035525881746142574e+00
-3.375690034904631265e+00,-2.745460013167377866e-02,4.057906156350608029e+00
-3.282032399393997935e+00,-4.918546991420917891e-01,2.263518840379874053e+00
-3.811045783661515696e+00,-3.013979101157242990e+00,-9.428166031394118463e-01
1.454347150693990898e+00,2.207046951327158446e+00,7.071335744878502361e+00
-5.248889089656834095e+00,-1.824639046504534567e+00,-1.582529417850214060e+00
-4.451485324672646904e+00,-2.067645757605740986e+00,1.122174992563946372e+00
-2.939965993529371602e+00,-2.461764089372382891e+00,8.631787872770058101e-01
-7.953937197102570522e+00,-7.067410967997032500e+00,-5.028013943695968102e+00
-9.161194059637072229e+00,-6.033423783278556662e+00,-4.208153178010611839e+00
-5.487540247580614761e+00,-3.583119260309937992e+00,6.349572385134187869e-01
-5.171868156130631888e+00,-3.625543947779878984e+00,-3.495723281607725497e-01
-6.028603917016358338e+00,-1.782840615781453586e+00,-1.019594701774825918e+00
-5.849632757507452041e+00,-5.619992862494905594e+00,-1.492322643591642795e+00
-6.222756781639107615e+00,-3.467102823493189323e+00,6.714036710263786567e-01
-4.539922063828267795e+00,-3.474743893877789702e+00,6.884172207141379118e-01
-3.892124290790115460e+00,-3.415572221216119253e+00,1.000442949524748215e+00
-7.921769526870489742e+00,-3.809101212441556861e+00,-9.724275477086612440e-01
-1.116818845685853745e+01,-8.126488991863038081e+00,-6.397268008072453327e+00
-1.176174936817103500e+01,-1.075366859637039241e+01,-8.476478135295758776e+00
-1.013601274174339295e+01,-6.848752167788268785e+00,-1.856427868314954210e+00
-9.754931661209594651e+00,-5.668666331699894201e+00,-3.497127148397991547e+00
-1.137710072554202689e+01,-7.660861461232047809e+00,-7.120623947787804831e+00
-6.416273996206103725e+00,-4.341093761433166165e+00,-2.216470851219386695e+00
-5.944779923949879752e+00,-9.506608678836769855e-01,1.004413951829779439e+00
-2.504529330277758703e+00,-2.088121315778935561e+00,-1.751981558699312380e+00
-6.402697901366384059e+00,-2.910775976708941393e+00,-1.465310528726893047e+00
-5.740269042906655628e+00,-1.395701804620794739e+00,1.019036663647309826e+00
-8.817513937573721705e+00,-7.165652014553360871e+00,-3.370079515784004442e+00
-7.888261915240830646e+00,-5.800599357851668358e+00,-2.113682720471866450e+00
-6.192824701404580523e+00,-2.622365046315156878e+00,9.936921483917058318e-01
-1.021105665691967701e+01,-5.925447295485320787e+00,-1.683450307972131021e+00
-9.117575811637596672e+00,-5.794534559807807739e+00,-1.009725200146242230e+00
9.171306583663861867e-01,1.020768103313687725e+00,5.672882657996274780e+00
-5.051091340601628232e+00,-4.309824238934583107e+00,-3.251608895476599592e+00
-3.420146574916241633e+00,6.668486701731852762e-01,2.669026083553608597e+00
-1.224656158518901350e+01,-1.012000937405078638e+01,-8.813874568505635665e+00
-7.689215963286553546e+00,-6.567009988709351376e+00,-6.035807714584358052e+00
-4.454304192802318596e+00,-3.470448090489229642e+00,-6.367163532550641492e-01
-7.969419655968896343e+00,-4.436375244848308697e+00,-7.421788633054151596e-01
-1.275368517086487508e+01,-1.090306919316466505e+01,-6.293295311578977369e+00
-7.085842327754861891e+00,-5.442202044518904103e+00,-4.886518827526470155e+00
-2.075731289487381837e+00,2.650382555573261634e+00,5.353768261812193785e+00
-8.898185887317328735e+00,-4.041304776738503968e+00,-2.072972010822968336e+00
-6.767237530991058847e+00,-2.980271113977310371e+00,-2.430587480304448711e+00
-1.100550004288678529e+01,-6.735104384920698628e+00,-5.881605357665049105e+00
-4.424670443028738021e+00,-4.081275078489499997e+00,-3.592508719723679356e+00
-7.640997264754540552e+00,-4.854119300372826018e+00,-3.394751597560881962e+00
-6.269622976212864351e+00,-1.464851360835007554e+00,2.798531601225278109e+00
-5.579142217946834847e+00,-1.562603478810570934e+00,2.485588852497887302e+00
-8.054906674479909157e+00,-3.601520035557277843e+00,7.245305142245737073e-01
-9.250821880407482212e+00,-4.609784064877818111e+00,6.204755003069983843e-02
-1.134837491053994540e+01,-9.856768282749733601e+00,-8.758947434066708837e+00
-1.317171888611562736e+01,-9.956228230354669861e+00,-9.339572155727694280e+00
-5.617424578577908889e+00,-4.561699009915258785e+00,-6.969156481540346171e-01
-5.421432026144749727e+00,-2.174754887354135136e+00,1.079504889087444131e+00
-5.545995244105506927e+00,-7.928027631756728866e-01,2.545319543688249198e+00
-9.598838023456066182e+00,-7.444802283979090163e+00,-6.043140113744437159e+00
-1.098178890103115179e+01,-9.289011989761080557e+00,-7.899944569842716646e+00
-2.121238563084303586e+00,-1.946298237680748944e+00,-6.384281262670974399e-01
-1.134815491340100380e+01,-7.171304573590814080e+00,-3.530159609704315749e+00
-1.254785830200032670e+01,-9.438667057562177831e+00,-4.927640226785249489e+00
-7.487540185148429117e+00,-6.166914974859751375e+00,-3.278492770920552246e+00
-6.352419427284389464e+00,-6.195787305484123486e+00,-1.735754578177116869e+00
-2.915470401796727007e+00,-6.767856710385045105e-01,2.125714786176763349e-01
-3.209994793718324857e+00,-2.013411705192033718e+00,2.227783686456203949e+00
-7.337734174290022615e+00,-6.793703357801103238e+00,-2.167689637660791036e+00
-2.224443477659998170e+00,-3.571301987025110591e-01,8.982961256092441005e-01
-5.802891927071849310e+00,-4.143598458347754310e+00,-2.098682359240583217e+00
-4.042658781581645044e+00,-1.302093137071485884e+00,1.631944334377037897e+00
-2.706336207475706246e+00,-4.672398320438579944e-01,1.764579707462434310e+00
-6.625490217336708731e+00,-5.198991288297368563e+00,-3.279942489580625953e+00
-4.993655835063808723e+00,-2.657964146266505789e+00,3.299759715463106424e-01
-6.204692628806063759e+00,-5.551193233778882075e+00,-1.731324260666729842e+00
-4.900759021998320364e+00,-1.497902868498999673e+00,-4.063619581025523786e-03
-6.269705245223521572e+00,-3.972985533928212298e+00,7.616593727181797391e-01
-1.419155183520165231e+00,-1.316768272818993779e+00,2.739989719500345089e+00
-2.134348735147856058e+00,4.242747898448024912e-01,3.518337249615895779e+00
-5.881573232136114271e+00,-2.458910431049802892e+00,-1.788094844446432852e-01
-5.289259316333218663e+00,-4.329961306822180944e+00,2.179915179152018823e-01
-7.928375171182963754e+00,-4.227421390434049187e+00,-1.429472899080811210e+00
-1.505606678874993953e+01,-1.281378484212076430e+01,-1.031712670034152524e+01
-1.014292729970715357e+01,-6.025236259554834106e+00,-5.962719225249903943e+00
-5.358399848212941130e+00,-1.031724877785586081e+00,-7.979650120990269269e-01
-3.940404727851738009e+00,-8.608393955202964243e-01,8.047734668980517370e-01
-9.304867876399283588e+00,-5.913686479520189110e+00,-5.485971899870374813e+00
-5.935403705909941152e+00,-3.154240978847695498e+00,1.121930108618259592e+00
-6.625433940662976084e+00,-4.152244640810499376e+00,-3.730511631554316310e+00
-1.637528942576613522e+00,-1.450636818801235073e+00,1.655369925249792651e+00
2.825211574958361727e+00,3.172864455579067489e+00,3.529308816119649528e+00
-3.386864503961750650e+00,-1.259666973908108112e+00,-2.121253809604497498e-01
-6.347254531885320183e+00,-5.326275061351769757e+00,-2.921393986623420425e+00
-4.884277568500530187e+00,-3.480268931893392814e+00,-2.383936460835470506e+00
-1.539184299512818654e+00,1.032888141934431125e+00,2.487306838129254238e+00
-7.726555825488686580e+00,-7.325453648906739446e+00,-3.911758295871428537e+00
-7.797823993768895789e+00,-4.869783891083423022e+00,-3.809198195623770378e+00
-3.729823043586688591e+00,-8.185910463473260457e-01,3.959357258520027845e+00
-3.770460271360847493e+00,1.011932482225672558e+00,3.671644533848307468e+00
-1.455614014710297832e+00,-9.654654345457434061e-01,1.325462208987165269e+00
-4.667431416383993614e+00,-4.532514498125832958e+00,-2.456508098250087535e+00
-5.568755069685790815e+00,-1.021660894499480943e+00,1.315557559203570204e+00
-4.058462932702086690e+00,-1.306026029505981789e+00,-5.158435168819021088e-01
-1.491154712054095111e+00,-1.412901450893378819e+00,3.554018492934495566e+00
-4.363186230072921390e+00,-2.671899850092092077e+00,-1.275149937614514783e+00
-4.992290967869190688e+00,-2.135882701749839185e+00,1.590709963361252477e+00
-6.187491173169407332e+00,-4.930452183184407033e+00,-2.309832933741533978e+00
3.657469048121636757e+00,5.320647175798188577e+00,7.725474714213206973e+00
-2.366481638497108353e+00,-1.559932069630957763e+00,9.906593297572667822e-01
-5.320718325103209745e-01,-2.953368188443108444e-01,3.904649850026683300e+00
-5.641853878357206753e+00,-2.503555645234557758e+00,2.203896509005456750e+00
-2.220530958183379422e+00,7.781286140437635446e-01,1.688959035205953363e+00
-7.980394687104198859e+00,-5.560140888518231961e+00,-2.236663754397418380e+00
-8.678901925426298902e+00,-6.807785217849905202e+00,-4.044536816132005441e+00
-2.381066911139765097e+00,-1.567624355523769220e+00,2.317996436570466834e+00
2.339221719384667608e-01,4.781572016618737209e+00,6.355954907773670115e+00
-1.625843309156957073e+00,2.340813632770835540e+00,2.800541266640358629e+00
-4.845765338856486082e+00,-3.612242887501415645e+00,-1.302892555224274940e+00
-1.472660197720357944e+00,4.593754229271873601e-01,3.557504352390936653e+00
-5.713020954837712218e+00,-2.898095974876847336e+00,-2.461736049667440085e+00
-2.698770330932597217e-01,3.885949963417707487e-01,6.471531331472247794e-01
-4.040350808724090470e+00,7.226827720868702620e-01,3.949403994509798732e+00
-2.188173206212533195e+00,2.089748770882544626e+00,4.796068183017635711e+00
-6.254436171597241412e+00,-5.285245235202946645e+00,-2.152240836473286123e+00
-6.809684186647925408e+00,-4.282989536186688539e+00,-2.242027858907236215e+00
-2.469371182696489697e+00,-6.103447764712346402e-01,2.640037820949067360e+00
-6.466585415461656439e+00,-3.377777150488508351e+00,-2.619947360293942484e+00
-7.587154729412070253e+00,-3.506044460239770011e+00,-3.255882353518617656e-01
-1.936247324972248274e+00,7.427950070644702141e-01,4.487382608447290977e+00
-3.484673158814513005e+00,-2.716341325200424706e+00,1.882239503933489821e+00
5.556752915740901244e+00,6.909688938910846900e+00,8.223475804216436202e+00
-5.431960250105707821e+00,-1.357447493474902123e+00,3.125085323045044827e-01
-4.616506601089493955e+00,-4.629654947047094904e-01,1.177083879807722111e+00
-1.407090477413488916e+00,1.346349442481030945e+00,2.500574156416579541e+00
-7.621457748183267711e+00,-3.963855895214065228e+00,-3.129150376142565193e+00
-2.305097347959243592e+00,2.192060082518112019e+00,4.050304234635544454e+00
-5.601643133826914589e-01,1.797708094823693203e+00,1.917817564007551656e+00
-5.046611965315495496e+00,-1.676621348870566131e-01,3.898214463954708275e+00
-4.258999611325102741e-01,1.809144575207299876e+00,6.410451270594432316e+00
-2.275852510285716335e+00,2.379445668827727012e+00,5.044706276969076697e+00
4.338247248405746603e+00,5.507501205772599384e+00,7.943052878989863785e+00
7.186115031961991306e+00,8.810108067432873113e+00,1.105003621248586043e+01
-6.324713025961964163e+00,-1.767752872021587596e+00,-3.585799423762021654e-01
-6.562699684979601322e+00,-2.367865711552399333e+00,2.308639559306889133e+00
-2.085443990908180112e+00,1.939819946817196383e+00,4.576086665011580124e+00
-7.317739951230787909e+00,-4.497853390629090953e+00,-3.996784120293259690e-01
3.571879157454892706e+00,3.794383224822908574e+00,7.474033178757085949e+00
-3.518493811608327526e-01,2.292488059737377792e+00,4.278175274379622195e+00
-6.725835691871902000e-01,3.162054834226944777e+00,4.493290972676319051e+00
-3.221430808189891692e+00,1.256237830382934240e+00,4.698676721953124691e+00
-1.224071672944360145e-02,3.038537231446878373e+00,5.654138702441123598e+00
2.732702800614292382e+00,3.796491093766837466e+00,6.881215891419561359e+00
-5.387302609160800060e-01,3.085839640846254284e+00,3.144288230164050901e+00
-3.275941871365589897e+00,-1.443846133029580869e+00,2.718474353408688593e+00
5.174542844002827380e-02,3.212799395623941123e+00,6.289151587742983551e+00
7.220565446162502177e+00,8.363628871775670603e+00,1.152407253915832364e+01
-3.017968486687778729e-01,3.628953487808772582e+00,5.637735412121331890e+00
2.511084543639105160e+00,3.421545270354339419e+00,3.807916561830479107e+00
5.265641966690004949e+00,7.794120298932179836e+00,1.121341326468196264e+01
1.670903065778091001e-01,9.802866112265880005e-01,3.087504735999881511e+00
3.145542625925420666e+00,5.988758671647294030e+00,6.768050791164132995e+00
4.818325007917123592e-01,1.831282266338444931e+00,4.873349196769106939e+00
3.157819100519417610e+00,6.782938803612113432e+00,9.962905825321598741e+00
2.449972440066917390e+00,6.018143501818780550e+00,8.925665896193855531e+00
-1.691845899144778009e+00,2.487318657774325814e+00,6.620998512131706093e+00
-9.554933251209791756e-01,3.025744344151193754e+00,5.903034954810348900e+00
1.885170603321213889e+00,6.855821613011622517e+00,7.051381682104611137e+00
-2.524214423119445883e+00,-1.545948923595008573e+00,2.498437541481845159e+00
-1.339600871678319649e+00,2.791861722929300349e+00,6.885625829134623288e+00
1.711776761075774367e+00,6.075346441372859729e+00,8.188386121753714164e+00
-1.273777908851487339e+00,3.385389700831181514e+00,4.431242092453606674e+00
1.243164884674987647e-01,4.809058933693037829e+00,7.592451531818612764e+00
-2.444530952163780135e+00,-1.625110591384540726e+00,2.055274943430628110e+00
5.484719423381292369e-01,2.027868268850804512e+00,3.130156184528309016e+00
5.861303845703331739e+00,6.721680194169809219e+00,6.868706764350464233e+00
-1.301918354748422324e+00,2.521351712568354664e+00,4.953873076899576233e+00
-3.936609293872703752e+00,9.570514409613348761e-01,3.153409295402823886e+00
3.921538537139939606e+00,8.138291279822922775e+00,1.297876444499776305e+01
6.476194597420137811e+00,6.588504945542092095e+00,7.115099398791310037e+00
1.234469007111784755e-01,1.862765749620295175e+00,6.213346688481775182e+00
1.439938300447900055e+00,5.629690534266216240e+00,7.463365654692291074e+00
1.131503395845579352e+00,2.131023549551125384e+00,6.142627958630653140e+00
1.940454395542821953e+00,4.925027340853727509e+00,5.083029677553371428e+00
1.971651885217735156e+00,5.992731548819888232e+00,1.077753588061635348e+01
2.910005778390837072e+00,3.120440736637575263e+00,4.549808750712670324e+00
3.755543244467464348e+00,7.852868123707150261e+00,1.077611653713891293e+01
3.449835442817947850e+00,8.396616566120318481e+00,1.297413158612724260e+01
5.681321867202724363e+00,6.572679598831875580e+00,9.942820922028943187e+00
3.833622630626464911e+00,7.100057531002898159e+00,7.654343928778836847e+00
1.126841859187407202e+00,1.574436542412430917e+00,4.421657127615817195e+00
8.078092828750229160e+00,1.009295847966919624e+01,1.282018805571553344e+01
4.610393290670270261e+00,5.804535565216817794e+00,8.587850741085365058e+00
1.426497275009503074e+00,3.343473784030630114e+00,7.781161373999246678e+00
5.125647013735353141e+00,6.656080327046504763e+00,1.101025309767679872e+01
6.572928179622509859e+00,8.522889993390124985e+00,1.141371943649989973e+01
6.458107636807142171e+00,7.889992837855873020e+00,1.193543758915432917e+01
-1.054358308077279371e+00,3.163874461971591057e+00,7.209126348058719103e+00
5.555196319944205818e+00,8.754378682381249277e+00,1.027829916892312312e+01
3.179064942745697397e+00,6.361506441585882854e+00,1.115906482867043437e+01
4.865668976568886528e+00,8.107595745482019112e+00,1.288956078309524322e+01
2.735388855102046435e+00,4.258291118812562281e+00,8.488296472152093486e+00
6.265745831807436161e+00,9.858088249985609508e+00,1.395410868315147468e+01
3.770521516132803175e+00,7.324336349743436614e+00,9.726150675596654693e+00
6.964032984699404238e+00,1.039690788484359629e+01,1.505735744839280521e+01
1.907716756409838510e-01,2.278477594793105965e+00,7.037204056157909449e+00
2.482848816391746372e+00,2.729848749354528259e+00,2.800712159044484117e+00
3.794397579840224743e+00,6.263411843469517848e+00,1.050597660425856361e+01
1.019493337504743025e+01,1.143411017169927923e+01,1.490122945093843221e+01
1.023121898575886668e+01,1.296574384012540726e+01,1.441971938503471407e+01
3.027463970186372144e+00,4.456430938797256047e+00,4.822811942683615349e+00
4.642489001707349239e+00,7.323559117077898861e+00,9.574263683738120534e+00
6.223763884764332843e+00,7.670878976254375203e+00,1.252304076810450972e+01
5.306811863727753042e+00,9.399185608967798089e+00,1.202393982048013399e+01
7.328642296295566183e+00,9.937163537412809333e+00,1.090522196184213222e+01
7.292694602974831852e-01,3.974905645983612068e+00,8.743083112165280113e+00
3.054508740703927749e+00,7.545956294507780271e+00,7.969811430783282802e+00
1.093453683596683934e+00,1.358939636825729380e+00,6.165164866966520663e+00
8.847886853679140629e+00,9.847416080397175975e+00,1.259948651725354196e+01
6.054404996314714182e+00,6.427954026029379264e+00,1.064444181319081117e+01
3.265330285886218320e+00,3.854652843819209806e+00,7.073438584315761446e+00
8.210491116049929872e+00,8.493631016946673995e+00,9.276990399165962131e+00
3.849067565034185012e+00,6.409772953250810978e+00,6.638199245446128494e+00
1.034728166002776106e+01,1.132534552863725352e+01,1.200620704468308553e+01
4.680107893479441117e+00,4.882983047421943112e+00,9.737966898504005542e+00
1.199671006074864721e+01,1.424754147831215079e+01,1.854222060123954208e+01
8.367349223223349952e+00,1.015846301949214414e+01,1.037142286691591764e+01
7.993900598522836631e+00,1.147216945417559231e+01,1.166594041031527773e+01
1.771121402158796432e+00,4.535032511163683111e+00,5.230592597271380484e+00
9.643450668639564682e+00,1.299753553490522862e+01,1.746105504747439241e+01
-7.755294327693951217e-01,4.003289595647860466e+00,6.642171352400297657e+00
4.354908404012053147e+00,7.018427011472315513e+00,7.209822245602574675e+00
7.717535024652224962e+00,1.156691573904673831e+01,1.634795781669038561e+01
6.985318291836850157e+00,9.176488910939726296e+00,1.314494939549458863e+01
-4.719955136826481379e-02,3.940082899896463431e+00,7.868587183791516004e+00
7.269931674448907977e+00,1.106333650644286060e+01,1.213882018981083810e+01
4.917533845228664546e+00,8.674658196044195080e+00,9.396635101757489394e+00
2.839518997144107715e+00,6.402034179266912872e+00,6.419728118375087611e+00
-1.575525256545054376e+00,3.018599934294511122e+00,7.155543993262471147e+00
5.526209348883480921e+00,8.941026652528604401e+00,9.413365547877377892e+00
3.011853129042664001e+00,7.136795886839246705e+00,1.151266495880956953e+01
4.644532302617929709e+00,8.084471320235351754e+00,1.296390449076921669e+01
2.382169493249481906e+00,2.846566335535925418e+00,6.389814245170303053e+00
3.707013336243453860e+00,6.330993509498061833e+00,7.059024153551902714e+00
5.718773883578659678e+00,9.010844449962792879e+00,1.300848557559659824e+01
1.235672579414065808e+01,1.318046699984659220e+01,1.714792055256747361e+01
6.449700032309443998e+00,6.914553145657971633e+00,9.871553700861241509e+00
7.845457886679268356e+00,1.183780843386868042e+01,1.256759260458363769e+01
6.988069345584181136e+00,9.845664819156869640e+00,1.197005588881974525e+01
5.122508075055852927e+00,8.158885010953923711e+00,1.027999351300374720e+01
3.138065958680536838e+00,4.392625303291059602e+00,5.661679798422933452e+00
1.650528784324842846e-01,4.488553813586097618e+00,5.270825403351709681e+00
8.605606627172427636e+00,9.221177883239066730e+00,9.706573601766377735e+00
5.385096895682115026e+00,5.755870727418550992e+00,5.828331672977641098e+00
4.652288481132432096e+00,5.454317660956375491e+00,6.417954835473127950e+00
5.373259412194498985e+00,6.721879713500866771e+00,7.342077114188762188e+00
6.263011302708495265e+00,6.733790572309945155e+00,9.441174200810724670e+00
6.294005917379687176e+00,9.887438130954215865e+00,1.303837401778707417e+01
2.843251105128007161e+00,5.626782949933994971e+00,7.829601810658978422e+00
6.333539861371408008e+00,9.503441101900373056e+00,1.401277495554035823e+01
5.236505250772898634e+00,8.373597358176336769e+00,8.677902768149881041e+00
-8.665100670773009384e-01,1.985584374488815307e+00,4.606656664846934923e+00
5.582412787217107208e+00,7.842529024795507731e+00,1.068650557481127805e+01
-4.457566171790444010e+00,-1.094477857763274109e+00,-9.081773922743491267e-01
1.770287187212876034e+00,4.171291657175382639e+00,8.257431822691319923e+00
5.538857911434896586e+00,8.192743926848647718e+00,8.532032874437231129e+00
2.841189861713298015e+00,6.716539817193775797e+00,1.142319760417401042e+01
-2.871051162515009914e+00,1.388168627481627837e+00,3.201012625302049663e+00
6.020531539614539795e-01,3.276172347388704331e+00,6.232733129207355560e+00
-4.831807802446940414e+00,-1.252814870803570457e+00,2.077529087730634494e+00
1.489616003553477563e+00,2.484973336394823207e+00,6.700165285215928357e+00
3.941169798912870448e+00,8.187081765052266036e+00,1.020883963294458141e+01
4.058756586405714017e+00,4.713330082452177550e+00,7.756163813745464708e+00
5.043430678725450811e+00,6.829730318410503820e+00,1.053668346198277206e+01
4.715353200089236196e+00,6.293638725634647102e+00,7.608635104779208902e+00
1.943281824439663907e+00,6.281833682320051793e+00,9.360936360108341958e+00
8.753489749156733168e+00,9.183447965901308407e+00,1.263026220214512385e+01
1.670225327237900625e+00,5.433893084244426852e+00,6.609911151410961416e+00
3.863551959419124771e+00,8.701833697559244740e+00,1.056612493034633538e+01
-6.239216456917278997e+00,-1.536347208230278483e+00,-6.826259113164523384e-02
6.108508122929496409e+00,9.154488028841528902e+00,1.174233735702384251e+01
-3.087594490231006628e+00,1.873198229454784869e+00,3.914976276157756896e+00
1.550100277253354086e+00,2.446553594646888818e+00,6.612597910147701263e+00
3.261980785596078292e+00,3.472201594915028444e+00,7.896981739125045863e+00
8.204118103549788543e+00,8.757065570642046382e+00,1.161712776049217588e+01
-8.112419679488334090e-01,2.755834620659397771e+00,4.437451323631830036e+00
-8.505924650663638786e-01,3.373114734470065379e+00,6.341639581448390572e+00
3.958225952593152908e-01,2.371602047120267009e+00,3.998419697734794109e+00
5.377554701296771711e+00,5.937595883075051262e+00,9.139413687879388348e+00
5.495655445591269839e+00,7.315870177256904583e+00,8.918672919951887934e+00
5.360825505042932093e+00,1.011056541697195144e+01,1.147455336209297272e+01
7.725704431962204133e+00,1.210852998544657666e+01,1.698301009595957112e+01
2.656370765934207512e+00,6.770070510068578074e+00,6.867655826380912210e+00
1.482813308728831103e+00,5.825933258924516522e+00,6.893009945015042383e+00
-7.809756619001366751e-01,9.854124673539623736e-01,5.943328431663058353e+00
8.247958435547644740e+00,1.027284773277569130e+01,1.354702218614979259e+01
3.544131322162916931e+00,5.097727257818989166e+00,6.944870601160641144e+00
5.018771528409438076e-01,3.490003795122306407e+00,8.231432523880222618e+00
4.012324876774549409e+00,5.424602700763330176e+00,6.661432735979048836e+00
2.125548371462096853e+00,2.256921173031003036e+00,3.267465189590885721e+00
-4.255952804579812287e+00,-2.943890030231758992e+00,-2.629511245339994474e+00
2.868854883528364486e+00,5.686898777041220043e+00,6.320720579916561555e+00
5.345137902105213001e+00,7.900519897065144903e+00,8.845426492454402378e+00
7.661191968229035254e-01,5.444746704890366829e+00,6.980234513396863960e+00
3.188280995485969882e+00,3.652923369567197209e+00,7.833694996524201315e+00
1.603307171579162471e+00,3.613489057530826720e+00,7.714093634974927838e+00
2.426939025560761909e+00,3.989386941244848384e+00,6.489575820113788751e+00
1.568988571201600291e+00,3.795775081902220904e+00,6.585306835056986330e+00
1.078138229138398074e+00,3.086394155895451519e+00,5.570404909026661855e+00
-1.549738644195937098e-01,3.241663723542743458e+00,5.315077615016198465e+00
4.305268318786470871e+00,7.727292050888835639e+00,1.129880164698015399e+01
6.305707905478463715e-01,4.375204618767643439e+00,6.729888798970645958e+00
3.150549852082523028e+00,3.169500254274753015e+00,6.937055617597168045e+00
1.815628222064082919e-01,4.726988411822841130e+00,7.990077789095639815e+00
1.999323117869844069e+00,4.622058238433522703e+00,7.420014867321443219e+00
2.172586219489344828e+00,5.376645013117601124e+00,1.036926823786445873e+01
-1.482053966659065969e-01,1.620742925447169469e-01,2.679887788138238802e-01
-3.935758766482424953e+00,8.850811327919327898e-01,3.087454321987216588e+00
-3.282189282134184261e+00,-2.204208155365106059e-01,3.546783908560179110e+00
7.032877676822399948e-01,4.413768918515820872e+00,7.649739884189431294e+00
1.800897490463666095e+00,4.160355180533125363e+00,7.040746435088687250e+00
-5.568249159969679063e+00,-1.920019078389740841e+00,2.334053503788855011e+00
2.328526912945185767e+00,2.965047148196016558e+00,4.354840171297595930e+00
3.813974335566678864e+00,5.801948131100001405e+00,9.129439444449591434e+00
-1.106475205644364745e+00,8.718818677954600638e-01,2.066307105047941572e+00
2.246670217123482693e+00,2.412385116014846620e+00,6.624924822131724511e+00
1.459823181396588954e+00,3.554491996002197229e+00,5.200636990580411734e+00
-5.360185426035076972e+00,-2.706054320400224977e+00,-2.091455386935614058e+00
-3.825736592440056594e-01,1.604218131241776701e+00,5.363146821239626938e+00
1.176727795507975127e+00,4.857315041254217647e+00,8.716796857753168482e+00
-3.182921268216112320e+00,-8.458358077049670243e-01,9.987328134827706538e-01
-8.330461415484000653e-01,3.324156351229285100e+00,4.190611540668216506e+00
-2.824304045579615341e+00,8.013848551474671567e-01,5.241121322630109880e+00
-2.841026683152980237e+00,-1.410265291682412325e+00,-4.212881805980847050e-01
-2.345313345432423979e+00,2.173096780863068567e-01,1.299263087663295124e+00
-5.531534709551644724e+00,-1.177692118537137622e+00,4.439238650045851386e-02
-3.939922675650605832e+00,-2.370093068331769803e+00,2.072004639624301259e+00
-1.601803513524721945e+00,-5.736954136782650426e-01,3.850224715655055086e+00
-7.595434009960682076e-01,2.894713959881292653e-01,4.848499703208235090e+00
-2.106931783563552152e+00,-5.187222680828136312e-01,7.124506892580144690e-01
-3.306954392419628963e+00,-9.210055373497140208e-01,9.251119792652043872e-01
-5.595144340970142904e-01,4.492340010942047490e-01,2.141002991540940759e+00
-2.304063694537471285e+00,1.262083021571804409e+00,5.421586212024834595e+00
-7.971092782812343458e+00,-3.867283625091479937e+00,-8.319738308902024926e-02
-1.321675607439396494e+00,-1.294499845013439288e+00,8.385198905969342142e-01
-7.404531134469309883e+00,-6.559670246312682806e+00,-6.192291116894036662e+00
-4.906133936864834233e+00,-1.226723695694503125e+00,2.740675656433192220e+00
-4.462156673716194177e+00,-3.890734395924428934e-01,4.062480537223117416e+00
-2.181379535732512309e+00,7.688614189736369120e-01,5.759510417999726073e+00
-2.995896941568872318e+00,-5.772837400096668681e-01,3.840211254394070739e+00
-5.816672482772444752e-02,5.065370996871827458e-01,1.251154602664323434e+00
-3.991696758740440387e+00,-1.039949535869618691e+00,-4.192756762609289867e-01
-3.735531498861200284e+00,-3.359028307998219276e+00,-2.378705146966806350e+00
-8.713997041192699911e+00,-4.776312717006918618e+00,-1.390226902729434499e-01
-3.980042873148626370e+00,-2.312706260945954995e+00,2.561072941450179385e+00
-7.964598689922591568e+00,-3.916846358273173401e+00,-2.786307775125373976e+00
-5.001170428645748345e+00,-2.070595433710819666e+00,2.838371639295905968e+00
-7.523491556496189503e+00,-3.279562492376033589e+00,-1.462767078427798406e+00
-2.169842154670360124e+00,-6.382274788594157755e-01,3.458043262385778860e+00
-4.584988979025967026e+00,-1.839162995368113673e+00,-1.021950418714043129e+00
-2.372257087468721437e+00,-7.330942955496644320e-01,2.575970591319098446e+00
-1.602731938798040767e+00,-8.369375181015223930e-01,2.656643518932230386e+00
-6.340207929316289182e+00,-2.790564121978339696e+00,-1.436832347171645097e+00
-4.683073192654772399e+00,-2.692920333495850027e+00,1.984332989360482191e+00
-4.664230493543487732e+00,-9.183515544686700061e-01,3.020701723362441360e+00
2.249209952746266339e+00,4.830535901608096871e+00,5.896235555862321398e+00
-8.513906990219503257e+00,-5.557627427135266807e+00,-1.697105976385255399e+00
-2.566161583604394725e+00,-2.546745262414503941e+00,-1.977863996086955733e+00
-8.711149502086454888e+00,-6.339678923296062862e+00,-4.153698186079735954e+00
-7.806024859765665624e+00,-2.894609630790736077e+00,-2.433845127804620923e+00
-6.550546847726294253e+00,-4.932115034982384572e+00,-8.565628972514689465e-01
-6.408567177882835253e+00,-3.346429209701014429e+00,-5.383570035353284489e-01
-6.302256979892931099e+00,-2.596251786973799103e+00,-2.396336734195120943e+00
-9.341960225722676370e+00,-4.604501733886559478e+00,-3.648181987002881765e+00
-8.969588491568091015e+00,-8.560400857554794740e+00,-6.865632969692700094e+00
-2.515724646507207840e+00,9.960565166611186072e-01,2.153472774953102409e+00
-1.082059535308359743e+00,-8.327533496585162176e-01,-5.456891171539731689e-01
-5.093768186489564087e+00,-3.810883085983901353e+00,-3.134513808221299769e+00
-8.032758058505816479e+00,-6.170592506097661634e+00,-5.305227085850371616e+00
-5.018626633984162311e+00,-3.297054945563679951e+00,-1.074619291516194508e+00
-6.246121101460743397e+00,-2.533425060207538770e+00,-1.396427425846734183e+00
-3.744446348084504272e+00,-1.369127478483995297e+00,2.707648484072166184e+00
-6.085643741722929434e+00,-1.153757793985881186e+00,1.632773056496785724e+00
-2.809730387027689069e+00,-6.481285506089546899e-01,2.509537095284598784e+00
-1.151240213485975517e+01,-9.080923832086339686e+00,-8.257140619369204515e+00
-7.126134488640770925e+00,-4.828898578270480968e+00,6.660295132932247952e-02
-4.192853975185268922e+00,-9.907107435621695934e-01,4.264505509647307235e-01
-1.153008640010859231e+01,-6.794356368280384473e+00,-4.851448102847192523e+00
-2.368101413919975418e+00,-4.174945317581619797e-01,2.665502928402177840e+00
-1.539241590642487445e+00,1.305626991334093212e+00,2.757809848680353504e+00
-2.935710819742427091e+00,-6.003091964326352503e-01,1.062255931619689342e+00
-5.925112806388454167e+00,-2.236210552938628027e+00,-1.623696220730485695e+00
-9.359995143914787263e+00,-5.608739494151119054e+00,-4.802904367586148915e+00
-4.994781408750674778e+00,-3.464871451706156957e+00,-1.798212514849321764e+00
-1.334197884407217138e+01,-8.389917966770173763e+00,-5.440808043087585588e+00
-1.062288583694922295e+01,-6.735114875337939289e+00,-3.958224956190542709e+00
-1.147841084141562362e+01,-6.562620996373307314e+00,-5.675714240142398559e+00
-7.305358560248557787e+00,-4.280987913591981275e+00,-2.940775773783523839e-01
-8.821169777821891600e+00,-5.678389064254211860e+00,-1.193708142097781533e+00
-6.753795126430219398e+00,-3.750255219494224246e+00,3.819375253888215305e-01
-2.811994409632109448e+00,-1.933008787782340754e+00,-6.226893160307049868e-01
-8.945675988086303931e+00,-6.725333101138335934e+00,-2.467244541964798366e+00
-6.311023611961077862e+00,-4.178226651617873877e+00,-1.040931962946965772e+00
-7.877084353897757296e+00,-5.898026344296287249e+00,-1.869424398710799906e+00
-5.105361525167989356e+00,-4.103923593927922830e+00,-1.135076203728145217e+00
-5.527830979500889086e+00,-2.638380037809554324e+00,-6.221709119296185975e-01
-5.479505894679810751e+00,-1.953865611640909883e+00,-1.811482571518161500e+00
-6.933017988476953164e+00,-2.725518045694292457e+00,-9.856918978330155845e-01
-7.476620463889535273e+00,-3.511507616015269839e+00,-1.986210158088508981e+00
-9.968842388822247713e+00,-9.029310053341436770e+00,-7.081862687917074517e+00
-1.201267564581834080e+01,-8.025840880866464744e+00,-4.508250704439102918e+00
-9.271269962705005696e+00,-7.266113953375145762e+00,-2.576770331320392238e+00
-5.771295189977068141e+00,-3.727414260722696326e+00,-1.973650619255986616e+00
-9.407736812620743905e+00,-8.684142257850140822e+00,-8.332749029123997175e+00
-5.554079740420705846e+00,-3.804567721163289562e+00,-3.344556790160154947e+00
-6.341061674097554501e+00,-4.027886884653786304e+00,2.721608339213634764e-01
-1.301125671918274307e+01,-1.063067345570910760e+01,-8.227768564351178426e+00
-9.354080040154977738e+00,-8.086876935322152349e+00,-7.255399055580169509e+00
-2.802699079644582980e+00,-1.691054787091203160e+00,1.148887610664594661e+00
-5.686183801848835095e+00,-2.727218229876870126e+00,-1.626279266498778187e+00
-9.360145781811404220e+00,-7.365543910652991855e+00,-4.522130488720461194e+00
-1.171432489890091411e+01,-7.912014706351161664e+00,-6.313167906138979824e+00
-1.350648187705104064e+01,-1.214969727697484281e+01,-8.497362280365969411e+00
-2.943208724568628920e+00,-3.741478708802414843e-01,3.909585085092096790e+00
-5.707438029501680887e+00,-4.652422927565091904e+00,-7.977085471088427582e-01
7.970842011081069600e-02,8.898759571983578809e-01,3.813732179682255641e+00
-6.738357498854697702e+00,-5.320188957281265729e+00,-4.814734169283322096e+00
-6.963284398462693758e+00,-3.879461375626979791e+00,-1.345466576146673088e+00
-4.463467782989154031e+00,-2.033566840257943653e+00,9.290302970109993730e-01
-1.631538529235002866e+00,2.306475580402809200e-01,3.581485366801005821e+00
-3.813644084550664282e+00,-3.159425429858115475e+00,4.154319883251900158e-01
-7.529145817549157904e+00,-4.630077246145667402e+00,-2.197714045966710827e+00
-5.164692465730172266e+00,-4.526440465890548381e+00,-3.135118068407431569e+00
-9.195531749229825635e+00,-7.719048856131916381e+00,-6.549985586582241837e+00
-1.046754045956960510e+01,-5.696641826967591804e+00,-1.118434037722376040e+00
-7.095683647441799025e+00,-4.365017578245546481e+00,-3.336654662044430175e+00
-4.894610243013426398e+00,-3.389184176484807409e-01,3.408114246632389044e+00
-5.932764131624707282e+00,-5.738904936854521743e+00,-3.285347328172053771e+00
-4.247971767205728000e+00,-1.223248651667426579e+00,-8.908818313502884223e-01
-4.866592058217758421e+00,-4.617436902439135515e+00,-2.299817110013232746e+00
-6.100007284194544077e-01,-6.002421617313160596e-01,-3.660643646756341907e-01
-3.083730491397648432e+00,-2.258042172337949349e+00,2.291811697807611292e+00
-6.247642511848860991e+00,-2.416224876785323605e+00,-1.640948555988899216e-01
-3.657283287397813165e+00,-1.261254950029498278e+00,2.168867795500176943e+00
-4.022448149376772975e+00,-1.650515467752709409e+00,-1.330889923518225881e+00
-4.602822614658292011e+00,-9.091657393232441819e-01,-6.204166111017453966e-01
-8.475552411507525363e-02,2.345710138125070010e+00,6.654247686113353488e+00
2.668478732425603184e-01,8.537463733827275192e-01,4.386885935743069176e+00
-2.775056514444603550e+00,-2.543416886689232825e+00,2.421881205707687279e+00
-8.622525777782506395e+00,-5.212093876171761231e+00,-3.671457817380785471e-01
-6.071311892755334227e+00,-2.730192069719136860e+00,-1.518776368458218951e+00
-1.418089276158838175e+01,-9.549070193540369900e+00,-6.415719269394404733e+00
-4.102708920754766453e+00,-1.223023667715530838e+00,9.225357972691070607e-01
-8.251033962827417412e+00,-6.828064415784734997e+00,-4.177716567549941473e+00
-2.047290090704607657e+00,-2.170015466485173405e-01,4.053120475135897571e+00
2.277430436304252570e+00,2.421423146143037997e+00,5.071880570528032095e+00
-1.198860730537700903e+01,-7.805782862513354736e+00,-7.667751005598438141e+00
-4.947499277860870848e+00,-3.535985896536641970e+00,-3.278373113364701386e+00
-9.484000104702035472e+00,-6.508981255644319397e+00,-4.925300883685658881e+00
-1.322859042901048099e+01,-8.429940239430852245e+00,-5.348472209752484829e+00
-6.300871594437941425e+00,-3.491861570985395513e+00,1.094337255742421799e+00
-2.311798794812748969e+00,-1.193921764458167445e+00,1.617289533155870540e+00
-3.475322781451337661e+00,-7.614096066597126899e-01,-3.508384351050320982e-01
-7.147004336541202818e+00,-2.486705404671421871e+00,1.014468256638118238e+00
-1.230428669563059074e+01,-7.863757447231193076e+00,-2.951070512723074302e+00
-4.820502665497318873e+00,-2.422232854006669545e+00,1.596066356423814003e+00
-1.007787247913726603e+01,-7.190073801210526305e+00,-2.304458557195766311e+00
-8.148349493190686132e+00,-6.912231572652248524e+00,-6.843145717700425124e+00
-6.469101850821524557e+00,-5.539363994485402287e+00,-4.899270084441619488e+00
-1.500694734469669278e+00,6.840668221731216470e-01,1.071117840920080555e+00
-1.845901467859305534e+00,-7.449127821604388799e-01,-2.635833795363539123e-01
-3.760857423949111045e+00,-1.327093532658918607e+00,6.791827772589575929e-03
-7.150831634971716255e+00,-4.795795144078638828e+00,-4.351354643856255144e+00
-5.867644979923653636e+00,-3.283291649848468108e+00,-2.632945640559064771e+00
-6.638030167235511314e+00,-6.141297910133713067e+00,-4.591200156854954528e+00
-2.220057063633422256e+00,2.152030318679547971e+00,6.094637333316367034e+00
-5.379698473541072445e-02,4.741952026761342864e+00,7.042928348687141238e+00
-1.650214247023715330e+00,-8.800713187521314040e-02,4.766526527407769720e+00
-1.378419822139999917e+00,5.304205691992560645e-01,5.759376002849105891e-01
-6.148392098000265094e+00,-2.047849028941519656e+00,-1.201796324108606484e+00
-9.924129067063196530e+00,-6.334566924226384010e+00,-6.258957471964583519e+00
-4.467439001163366896e+00,-3.912488180616036093e+00,-1.494670414136956005e+00
-3.019792650048195526e+00,-2.680302517649064242e+00,1.762851960785866368e+00
-6.092016936191180676e+00,-2.342671629848360304e+00,-7.017450697475109411e-01
-5.922669764686460780e+00,-2.935067692702943987e+00,6.425659835625676664e-01
-4.623863558810030305e+00,-8.468676156704703084e-01,1.131512156768919919e+00
-7.935163435268147936e+00,-3.441162331587182432e+00,1.267761318647690150e+00
4.734097249077556135e+00,5.712673505207643387e+00,1.026886750390319136e+01
-8.349213191812321355e+00,-4.785810636800612805e+00,-3.451203161137019748e-01
-5.009685288191079167e-02,2.073674488337531319e+00,5.379662196188833789e+00
-2.448688591369023726e+00,-1.271789700107793353e+00,2.483719061875659939e+00
-1.903906332706269078e+00,1.004761183029186489e+00,3.409486742476196319e+00
-2.219570593326628760e+00,1.243837458038023591e+00,4.005563813670811157e+00
-3.532522920788458087e+00,2.942514400769638550e-01,4.586431774153179042e+00
-7.475920895677720779e+00,-3.472889373403204250e+00,-1.935356215848593298e+00
-5.844949950789776416e+00,-9.643538829715982974e-01,2.284352431590994215e+00
-9.733282960758339319e-01,6.440040843435023143e-01,8.569084607265263775e-01
-4.379130074254959482e+00,5.613519742591650541e-01,3.556438941473027526e+00
-3.859366478961927527e+00,-2.721665166427710503e+00,-2.660461608393118738e-01
2.339662796649562004e+00,4.327365198054319961e+00,9.084191396541715591e+00
-9.384014755401278052e+00,-6.920710029529866247e+00,-4.497371702076853772e+00
-4.056826655883259747e+00,-8.382811727183747674e-02,1.870729706046443841e+00
-2.973242862118580909e+00,-1.990651120234822935e+00,1.851342389411494205e+00
-3.123792529428913056e+00,1.426750660323620190e+00,1.655381904471623367e+00
-2.619600841337597075e-01,4.037540220431728777e+00,6.226856199519131607e+00
-4.571976292572655254e+00,-3.126308903175416098e+00,-2.930407217348036220e+00
7.235130916448978766e+00,8.262744765737036090e+00,9.927093770329335598e+00
1.561448361406540197e+00,1.914869574366201643e+00,2.858819899134529496e+00
-1.122280150841805213e+00,2.561922061168835363e+00,5.996226142333567211e+00
-6.644281073966276097e+00,-2.795086487770007011e+00,-1.968797586152602364e+00
1.276718715253010838e+00,1.491869547892723080e+00,3.834818904088194813e+00
2.940002840426937158e+00,4.653926515962705679e+00,8.537591915731630010e+00
-2.182315501449134665e-01,2.475902246002428697e+00,7.131803795524550793e+00
2.067800536890497032e+00,2.373832491699557234e+00,4.192214318165209619e+00
-1.215866767689790517e-01,1.904616330407649771e+00,2.534063500707794514e+00
-4.882126046706240174e+00,-1.967046639247489459e+00,-1.766034415602074636e+00
-5.441261722408546220e+00,-1.877636079648687506e+00,-1.690420275821073570e+00
1.520393461039823535e+00,5.887753740757361243e+00,6.212888598650617489e+00
2.850882467450485347e+00,5.132629541675763463e+00,5.909556535785057463e+00
5.016652005007756543e+00,5.682263230759895478e+00,9.288341676749736209e+00
-3.642933427107028610e+00,2.283217826055179422e-01,3.924317218030263454e+00
3.090722737954934018e-01,2.329031530119408444e+00,7.282961715763960342e+00
4.901833282440088979e+00,6.601677870372617107e+00,7.828075676098936952e+00
-5.658114650460385420e+00,-6.755875422290742449e-01,4.210796484171591914e+00
3.544474675495812743e+00,6.503654547919502704e+00,7.548850439352026598e+00
2.650802620509991048e-01,1.457574506649526702e+00,4.062001732113409425e+00
-3.126490171246715910e+00,7.540258500834653432e-01,1.141296572098648099e+00
-1.123465766113573849e-01,3.326005426075430815e+00,3.841559672698005912e+00
-4.048370675807842822e+00,1.721830462413143081e-01,2.832774157472885079e+00
-7.015152197421793190e+00,-2.066681745075087395e+00,1.698229416065764052e+00
1.466101020797683230e+00,3.952244307702857284e+00,4.658130054909348061e+00
2.714446770614469706e+00,5.426425034294186212e+00,5.998648714855358222e+00
3.042445507259155413e+00,7.568257506669603174e+00,8.718596253122798956e+00
1.514494518668826117e+00,5.841327919589403450e+00,7.360840702925935730e+00
8.904347770796366746e+00,1.001384060711151136e+01,1.153502130075319521e+01
4.759548131508621438e+00,8.297318917708757624e+00,1.092339676267944881e+01
5.986583833160434409e+00,6.523946270075985154e+00,7.209241356372716680e+00
3.917676905957735212e+00,5.810325269140240501e+00,7.503042860708657891e+00
3.929971737786300601e+00,8.188648794816369758e+00,1.104991474726548617e+01
-2.981338708567050411e+00,-2.047763778126153511e+00,-1.906048782371843497e+00
2.731335526027067750e+00,3.243151053925533045e+00,6.745209470975339627e+00
-5.036555632259392290e+00,-8.010692971205379820e-01,3.111620717404290026e+00
2.904346092710217597e+00,6.853723470585672217e+00,8.158528200991010948e+00
-2.220256110515062442e+00,2.725174048726440201e+00,3.157216732779360324e+00
9.994935526037789231e+00,1.410041221034711256e+01,1.458449858008640021e+01
2.236931890078884155e+00,3.574588413559226296e+00,6.051658554393749334e+00
5.266564641797506496e+00,5.533268495617488902e+00,7.504125222833613051e+00
2.341495420189648957e+00,4.092067331163987909e+00,7.327927739980935939e+00
3.258436459509344019e-01,3.915910797048942626e+00,4.368387299202814766e+00
1.534858934578412937e+00,1.725201328749610852e+00,5.604657940575012987e+00
-9.344752310803317030e-01,1.705481704415837463e+00,4.378665472081179288e+00
-5.816193039729454561e+00,-9.126096836875241536e-01,1.276097975060487943e+00
6.359985760205763228e+00,7.340948367565666821e+00,1.074415406459385736e+01
4.296524174827061060e-01,4.508042724548362301e+00,7.019846615410534341e+00
8.199922804670629617e+00,1.165899575450963255e+01,1.422865278028695535e+01
1.637412131912903135e-01,2.200502505316921376e+00,2.371892125001863860e+00
9.566627449593124055e+00,1.043534035960345108e+01,1.283417780498150051e+01
8.812645666647412668e+00,1.079528853544078792e+01,1.500970737626112239e+01
9.438142749433982459e+00,9.980372378908320741e+00,1.023101005187236012e+01
6.487278482242384570e+00,6.922964821075281883e+00,1.031342816935494433e+01
2.299495452201402390e+00,5.271862840565270325e+00,8.432964480961622655e+00
9.396539931923253874e+00,1.018114722750581791e+01,1.276291106748059434e+01
2.052059726938946227e-01,4.043556127823838331e+00,7.462937940408549409e+00
5.100148775891103270e+00,7.293587800165916235e+00,7.811090366889064995e+00
2.058988779287186155e+00,6.412239848917071328e+00,9.043261558136991951e+00
-5.185711887352355554e-01,3.929732610241596813e+00,6.123233166881654199e+00
6.312021412721346536e+00,7.497086537409373364e+00,9.034151588615177531e+00
6.855121599607443272e+00,8.945868236604688661e+00,1.201698390255473647e+01
1.391502013521184189e-01,3.983705142632042229e+00,5.196908301893525817e+00
7.272188900465475392e+00,8.210798503776457480e+00,9.224092398814788041e+00
-4.476501535895552664e+00,1.959973591620327582e-01,1.015741627692461346e+00
2.057923782320044914e+00,3.786640085018866397e+00,6.215978186431268426e+00
2.830440786635750161e+00,5.611458214741568362e+00,9.901883931762185398e+00
7.538827605483520600e+00,8.103246822679283312e+00,8.643313788495296635e+00
8.103207146585862830e+00,9.685255396006395401e+00,1.175126268362404502e+01
5.501300199684254544e+00,7.370178509513167775e+00,9.329687539356317671e+00
4.606930220325894609e+00,8.864205225713471137e+00,1.304754682419330614e+01
2.696170812390588978e+00,6.723677340604134578e+00,1.050008067952957447e+01
8.257010874067104211e+00,8.458957198578529457e+00,9.205895712208089776e+00
4.677039520866658862e+00,8.338002738061470964e+00,1.131222235470635340e+01
2.421315458349702965e+00,5.791038347815849363e+00,9.375695277411606909e+00
1.729213035627095607e+00,6.286036584213849032e+00,9.461751310692253725e+00
7.807037781811342114e+00,9.184874925189143724e+00,9.599954610296661528e+00
1.069088201176127306e+01,1.285130565720016627e+01,1.640055348442560046e+01
9.654762371248390096e+00,1.106426937492945051e+01,1.166466595355305635e+01
-9.102611389666961372e-01,4.083450913373195768e+00,6.177822739678436648e+00
3.037671412020817474e+00,4.119245369398505829e+00,4.942025063349391623e+00
1.598574736464952295e+00,5.912486635962510562e+00,1.001050602727157823e+01
4.771123504627608369e+00,7.837726449941365914e+00,1.057365400533671007e+01
2.948303201041838406e+00,7.705498224983545086e+00,8.846836341772222667e+00
9.222548729088485331e+00,1.129951670891439264e+01,1.142284171802142012e+01
9.387187472310952074e+00,1.148013630814242170e+01,1.340121890929588311e+01
2.878616770919065537e+00,7.626082967869606044e+00,9.417245145554007379e+00
2.764505089991028619e+00,6.938451386726414150e+00,1.077141968429998542e+01
8.446036450451817501e+00,9.182396700366750153e+00,1.399598281489322993e+01
7.675707141164464176e+00,1.083053589202719280e+01,1.381328852851721045e+01
9.246645310302685772e+00,9.305172530765684513e+00,1.280122649898332021e+01
6.080164124494785938e+00,6.358308446654334922e+00,7.285212505905111158e+00
5.326315195368109379e+00,5.819420108304334427e+00,7.710449723546384249e+00
3.471999857228347253e-01,4.325757496387175216e+00,7.862665226519606421e+00
7.704091147161672204e+00,8.237566863700662267e+00,1.222987282762006700e+01
7.219919430242640601e+00,9.524155132775645072e+00,9.687309022215885079e+00
8.736038165503888564e+00,9.855170466820084130e+00,1.378109810665908874e+01
7.433410117092458691e+00,1.109990881170806887e+01,1.204166442743753329e+01
1.188770854050729753e+01,1.207770386489591985e+01,1.355371358482537758e+01
-4.724521332743214508e-01,3.502182352706515900e+00,8.194134762825427742e+00
5.965402399644851528e+00,8.829830574287630185e+00,9.285349849135062783e+00
6.409518108284180116e+00,8.919948884189727423e+00,1.391390574513599532e+01
2.671780396857124984e+00,7.365125459313095035e+00,1.233118047882087254e+01
1.587823321914362040e+00,5.084896875505426905e+00,7.215339698462627460e+00
7.419314869670525781e+00,1.188496267014270913e+01,1.636086498536618450e+01
5.042772315887104284e+00,5.764596481067558287e+00,9.641525765125692260e+00
-3.666342918900848069e+00,9.302046783655031348e-01,5.422803062759466108e+00
4.009668324812351692e+00,7.543836411938031894e+00,1.023062808891051390e+01
2.860192789930926516e+00,6.743939111536601416e+00,9.324718318505183845e+00
1.139657212564731026e+01,1.300274247272981043e+01,1.429743494129581549e+01
6.165785183453596829e+00,8.869071306760218931e+00,1.114884570933009122e+01
3.830290690456408242e+00,6.452767030625571998e+00,7.756251573311716996e+00
3.791876571171648891e+00,6.744792178554966711e+00,1.005516427733609319e+01
2.640950825329056784e+00,6.675195293741422731e+00,9.625132407056089079e+00
1.013475684245885589e+01,1.391511085429389638e+01,1.476203748412756234e+01
8.646421193928471638e+00,9.251734667741054352e+00,1.014994011975755761e+01
-1.267671923537085021e+00,2.963653685551122408e+00,5.744403115237243007e+00
4.133380042763326045e+00,6.409956200411670579e+00,1.022075331931228703e+01
6.408434072190053676e+00,7.028823649825899800e+00,7.059863468475306547e+00
2.176953296252961412e+00,3.731777345620319597e+00,4.976249015870776837e+00
1.220518159926760049e-01,1.658705964833699475e+00,6.526552700466221602e+00
5.906967467225651802e+00,8.745696181206120912e+00,1.169125570452282759e+01
1.216552018873020558e+00,4.494898457854320739e+00,6.483525785350458648e+00
5.708396715712268588e+00,1.060327629781128778e+01,1.546958340454050074e+01
2.981870120959491999e+00,6.828096684985404785e+00,7.886557524806153907e+00
9.246785110408692887e-01,5.325662657186693849e+00,5.830262075028451285e+00
-3.707830132669838630e+00,-5.583560050705349553e-01,1.727719702733640617e+00
1.010453283189147200e+01,1.030061119719314355e+01,1.482014624836704186e+01
2.649040744280693360e+00,7.454504966888997330e+00,1.199147764271717342e+01
4.205744959294786867e+00,5.168078951075587568e+00,6.832988457442048080e+00
-9.996471652198350988e-01,3.779017554356008279e+00,4.311137274791440710e+00
8.266378807664398920e+00,1.118290252527138051e+01,1.361051495333789063e+01
2.367741439196468622e+00,3.127234591212261883e+00,7.560122055109592232e+00
4.475991057360239722e+00,5.146763206108202482e+00,8.110298010206012265e+00
6.302415365277280301e+00,7.893319776992484549e+00,9.983225477877216036e+00
9.409552545487025910e+00,1.046635061663227617e+01,1.358969594362634048e+01
4.502784650158639934e-01,5.393665889644158717e+00,9.561381378015370913e+00
3.493483727989032950e-01,3.765377655681898972e+00,7.547284058877908208e+00
1.379031953643621300e+00,5.575465344916273658e+00,7.938200820225062238e+00
5.698401118300602697e+00,8.533622147181397111e+00,1.301103592377599583e+01
5.651880491071436197e+00,9.131617161573725383e+00,9.811733188512974380e+00
-2.357783485895375453e+00,1.539895316745709231e+00,1.653426901180045316e+00
1.693239458059575320e+00,5.930874424519824828e+00,9.872371035941707618e+00
-2.951026246265884723e+00,1.202703681263539437e+00,1.320666411413365937e+00
3.214141510413490721e+00,8.076385681025188390e+00,1.114704581969099451e+01
2.607690808010071137e+00,6.607932773928586911e+00,9.440728290783791721e+00
7.943617274715517595e-01,2.493108308345415747e+00,3.973850145213070562e+00
9.424178403071380217e+00,9.773848190650230805e+00,1.248642290700130175e+01
5.372139836567770388e+00,6.090085612616062960e+00,8.927672535663488063e+00
2.548588201343650272e+00,5.673169311089944600e+00,7.883572800934331326e+00
3.590118837476980573e+00,4.371743039048383572e+00,6.535279922545743858e+00
4.020545762659031297e-01,4.795414447500699673e+00,7.085653411052525996e+00
1.870875903329414891e+00,3.584523194048047756e+00,6.733342985439476180e+00
-6.805051540207447403e-01,2.413806175029836965e+00,2.866888665579259587e+00
7.049877192313974916e+00,8.232330034398943397e+00,1.070435352096071036e+01
1.141634796862351919e+00,2.973290160820105665e+00,4.573074718621800372e+00
5.494056757909091537e-01,2.777974207650049099e+00,4.229544664772539875e+00
2.136766602369625900e+00,3.874125123156021644e+00,7.742274088156608336e+00
5.888361847375227498e+00,8.439516797780070689e+00,1.280379626969171980e+01
2.719821058146498771e+00,7.462622343734243380e+00,1.207300884934896246e+01
1.518389442304618475e+00,2.786944905537953598e+00,5.151374554622199398e+00
4.878193703363812972e+00,7.553454617939465265e+00,1.181440839146028665e+01
1.303235966819909830e+00,4.098339310572543859e+00,5.361916763431755939e+00
-1.593810613550301181e+00,1.143884955548053473e+00,1.365307426765487442e+00
-2.025401096042373617e+00,2.145285756346526185e+00,4.975282628702559329e+00
4.333723258369845510e+00,7.592309305947171794e+00,8.597004955688806405e+00
6.828675825124339127e+00,9.619348209343808520e+00,1.227253266106648688e+01
1.129793648314234566e+00,4.227948384596722953e+00,8.465048640936011282e+00
-2.356668702788195624e+00,1.466023600087133616e+00,4.200395645418882218e+00
-1.779514010147935643e+00,2.687501426545603422e+00,4.479593167594532410e+00
-1.791701670457205964e+00,6.710524299112829993e-01,3.918222448168675154e+00
-1.200064282909108382e+00,1.003769165431312782e+00,2.810860234013612846e+00
4.219307106438408006e-02,6.041643295446323947e-01,3.783661718335933788e+00
1.443098209041657087e+00,2.406130035587821681e+00,3.097404917013465209e+00
1.989929772283816956e+00,2.900694234181805164e+00,6.343096718709003490e+00
1.296528938914643492e+00,1.988325105997929665e+00,6.869505165053629625e+00
-2.130010834320003710e+00,1.662696047670589650e+00,3.626369587072918232e+00
1.535312657178401707e+00,4.501726417563325811e+00,4.539859633089663227e+00
-2.796686307886475653e+00,1.425973373258405674e+00,2.782031218407758910e+00
1.152276301119469881e+00,1.511694825410846432e+00,5.302289328004828661e+00
-2.778795871244255089e-01,1.370028726099055127e+00,4.207734517115023998e+00
2.202239162079328239e+00,6.422396908588854814e+00,1.030205371188607977e+01
-1.472581308815008816e+00,2.116026530191414956e-01,4.555085585666843073e+00
1.422518532327489371e+00,3.366768104793524508e+00,5.866887214239351778e+00
-3.836961138320955200e+00,-7.746677875764500509e-01,-4.197636828994765201e-01
-5.729497996300714213e-01,2.412869381804710667e+00,5.299955585936631408e+00
-1.473152401436926162e+00,2.894319973160947690e+00,4.662639338095008412e+00
3.190088124637707523e+00,4.401031514676686740e+00,6.783604146040746130e+00
-3.548496283526633377e+00,-1.118380358478900938e-01,2.697633150699944249e+00
-3.099130411803082019e+00,-2.408097051888067774e+00,-6.686389029937804818e-01
-1.844126862490554242e+00,-1.525198045328924890e+00,2.171433522204384126e+00
-8.012168610168477478e-01,3.613524753140124002e+00,3.841889777544808648e+00
4.231366016915869110e+00,6.858503472178627547e+00,9.688403639054532945e+00
8.160561615604629004e-01,3.010195566567709591e+00,5.523864245406699958e+00
-6.937510303121174893e+00,-3.385726635643496962e+00,-9.670984340368629084e-01
-1.901452969462469333e+00,2.696807700295340560e+00,5.401176688700387807e+00
-3.001017667220352347e+00,-2.642034369383564396e+00,2.124588933772352917e+00
-1.697288901020894247e+00,-9.632353925639554060e-01,2.959064107513436070e+00
-2.093394322199335633e+00,5.411341101596739422e-01,4.245596381505528427e+00
-1.625927648457118568e+00,9.412217724497011773e-01,1.236072774112739747e+00
-1.907057012236678784e+00,-3.242736378894331417e-02,3.071002546413687195e+00
-5.279882437183491817e+00,-2.135471344520104342e+00,2.729750866398851006e+00
-2.867466244170215894e-01,2.744876867450742441e+00,4.177072524430581524e+00
-2.337138901972524607e+00,-2.120011451563395433e+00,1.822064554005928816e+00
-1.321961562567783854e+00,3.124490719754831058e+00,6.192680921615265177e+00
-7.230197971063967444e+00,-4.818313290960894335e+00,-5.133807023650200918e-01
-1.395849947155936910e+00,-1.940695519740379682e-01,1.799590866148351065e+00
-7.157214278317725942e+00,-4.618931507217270749e+00,-4.372068422812841249e+00
-6.984741031242652554e+00,-3.541846055476491006e+00,-2.599046724572776856e+00
-4.342792384211904277e+00,-2.677026459275815728e+00,-6.045623897611274167e-01
1.336402352432335405e-01,3.326191883315471109e+00,3.653612072852851167e+00
8.872921410880523219e-01,2.591600824856184815e+00,3.963409507218322858e+00
1.186641965278855348e+00,1.194239075833768648e+00,4.652506281925854026e+00
-2.603515567845400280e+00,-1.423840888429768636e+00,-5.916490737349776596e-01
-5.043667213610682154e+00,-1.053840899938273568e+00,-8.578493647397910093e-01
-2.413200342856341774e+00,2.087999395676158887e+00,5.522507707195480009e+00
-5.587473603995103399e-01,2.999843767066505684e-01,2.050499509676147802e+00
-6.591360906350050008e+00,-1.841445246439289862e+00,1.252777664680555736e+00
-5.696015131328260317e-01,2.473986671309024388e+00,5.739342131872283481e+00
-1.945677473471834062e+00,3.680113041691339681e-01,1.204528370113054692e+00
-2.191287648583880365e+00,-1.436832090408151519e+00,1.999721131486161152e+00
-8.048181924050652469e+00,-3.628475331574494867e+00,-2.127420898316590758e+00
-6.502655907991139905e+00,-3.985638058610927459e+00,9.755511592360290862e-01
-4.717497066765270475e+00,-3.431691085033592881e+00,-1.480621442257075149e+00
-2.953916213420920478e+00,-1.136308233128321854e+00,-9.733790523303602615e-01
-2.630470408450586550e+00,-8.288553853009927863e-02,9.605038939781955776e-01
-7.647863248304240358e+00,-7.004875263035992283e+00,-3.452795266125714413e+00
-1.242115213362055215e+01,-8.592349914577631864e+00,-4.147892239525429403e+00
-1.035700396621200170e+01,-5.686342001893399001e+00,-1.341012201229555778e+00
-4.745435517605852027e+00,-4.132962164145301820e+00,-3.014817993915232641e+00
-1.124484813056336741e-02,6.011316254240477441e-01,2.368754280147016722e+00
-4.523796520858804016e+00,-3.903437292766938960e+00,-6.370508096949820676e-01
-5.955585811553834041e+00,-2.372008349698998764e+00,-1.574039885209227219e+00
-5.063291544934581445e+00,-1.955411293029633457e+00,-1.840464259998840113e+00
-8.523114442613628938e+00,-6.351263095310359930e+00,-4.924567824896870505e+00
-3.963392178260551013e+00,1.029082206578365799e+00,5.643005301493833059e+00
-6.151450337772398136e+00,-5.413623057191065513e+00,-8.267691001975414622e-01
-9.009683305338729298e-01,1.192980856432864556e+00,4.076221494341652374e+00
-6.599478851102919208e+00,-3.930656720803908488e+00,-2.998739620251091864e-01
-6.303685396658524454e+00,-4.628901428171082522e+00,-4.280488497034271589e+00
-9.099665175710208942e+00,-7.011530476731724804e+00,-4.289002724075471562e+00
-5.923138202996627300e+00,-3.148568413592496285e+00,8.144197391156735577e-01
2.741860468404524909e+00,2.962989715563323578e+00,7.903461525508573615e+00
-7.570404906854276916e+00,-2.617579892395392793e+00,-2.122495781866212461e+00
-4.823745747181713561e+00,-3.103658320360334955e+00,-1.521049418950819465e-01
-7.836453230964277594e+00,-5.969824082764526807e+00,-3.531700643736601641e+00
-3.877151798142709715e+00,-2.247510014531149736e+00,1.313156603580608817e+00
-5.422530064537956385e+00,-3.602443841934333424e+00,-1.453011749863487356e+00
-7.193547958115062535e+00,-4.314009278305151796e+00,5.319970353587999412e-01
-5.898710143792598615e+00,-2.689687801824588220e+00,-2.205082054921864376e+00
-1.126302281448194265e+01,-9.668519710707951020e+00,-7.569946989384802372e+00
-8.268663390190537754e+00,-4.567794289248109152e+00,-2.333416530379126108e+00
-1.119638049785622691e+01,-7.900859398305885684e+00,-3.703385616631895694e+00
-4.786626444233031741e+00,-4.264938525648473977e+00,-4.362406259299138611e-01
-1.029227999763774015e+01,-6.564381008462735423e+00,-2.465819111476095671e+00
-1.117806244887030154e+01,-6.397730100522506902e+00,-4.849740223461791899e+00
-1.061233194741410912e+01,-8.467229483846924865e+00,-7.153819488466460541e+00
-2.790390489354265924e+00,-1.154862354228876953e+00,4.942674408126814800e-01
-1.091716967833742302e+01,-6.568294584158053340e+00,-6.253802995750554317e+00
-7.452698162689505246e+00,-6.439205133315378582e+00,-3.386414061788568297e+00
-3.830279169360196523e+00,-4.305259007296946550e-03,3.482580010910645729e+00
-3.153036010538647016e+00,-2.920157632129276148e+00,-6.511857256674429273e-01
-1.167640502966636618e+01,-1.075403708887842313e+01,-5.813326055802620296e+00
-5.512790375725771241e+00,-5.183305597340224224e-01,-2.638378451460241525e-01
-3.091846549528139754e+00,2.467740926528962930e-01,4.312098795025576692e+00
-1.678344064202738517e+00,-5.444471939850359377e-02,3.413737461828530328e+00
-3.670205348617524344e+00,-2.731862674540016300e+00,-2.092066908175912232e+00
-1.268510286651972763e+01,-8.058593782595288246e+00,-4.845915160184334880e+00
-9.001082957439809462e+00,-4.916346756327424572e+00,-2.252780888860085540e+00
-9.901005783727935494e+00,-9.127378999377913971e+00,-7.244103074529249398e+00
-1.179991204522793957e+01,-7.391627280479882600e+00,-7.313594392492441365e+00
-9.171823213259028051e+00,-8.135935053033449549e+00,-6.869502062662776964e+00
-8.007197763237632770e+00,-6.692218886247079723e+00,-6.199285411832182291e+00
-8.566371502385045744e+00,-4.325273035032473068e+00,-3.527703435010929756e+00
-1.030440243259254096e+01,-6.156030503548270971e+00,-4.380721615221745857e+00
-8.573781863257970315e+00,-6.287191405019987300e+00,-3.972937206995178272e+00
-9.262495915291388826e+00,-5.696751804189903012e+00,-2.040252633744292332e+00
-3.527703613190940946e+00,-3.242634730058071568e-01,3.544578944750032434e+00
1.630304936833790519e+00,1.671820831990801004e+00,4.195872987986315472e+00
-8.786577178623840467e+00,-6.166450458525758904e+00,-4.969751254071513635e+00
-6.581063683110472518e+00,-3.799209142616939872e+00,-1.463422294047563188e+00
-9.683052652906804170e+00,-7.322491109409041243e+00,-6.730238454285873750e+00
-4.661399710977539357e+00,-2.485087019474662373e+00,1.347066623284593145e+00
-8.254886174741676186e+00,-6.204936218641455170e+00,-3.767444100907314741e+00
-1.173221285663221281e+01,-6.894610798106635130e+00,-2.535689376859967759e+00
-3.383914685675952327e+00,1.259586101082594389e+00,1.647968854700049501e+00
-1.188834038441471108e+01,-8.795437001270553168e+00,-7.678377628267467614e+00
-1.408716258335359406e+01,-1.206594431860765226e+01,-8.667193457494489550e+00
-5.375964256340564518e+00,-2.481389762055446369e+00,4.727181152439463574e-02
-9.837617820527293944e+00,-5.765375638170811001e+00,-2.352382491221931993e+00
-1.068051416974315870e+01,-6.575288637722311869e+00,-1.915627404796745203e+00
2.480954229777232456e-02,3.584663552085292970e+00,5.561640624503308317e+00
-3.454754078979676901e+00,-2.390862331763024429e+00,-1.036285727193528849e+00
-6.709685894130616113e+00,-4.726535518887067688e+00,-1.026080000035343165e+00
-6.843244316295550078e+00,-6.642470951273908852e+00,-2.571063575885109920e+00
-6.937911154362929267e+00,-3.147236496458706512e+00,-6.501532310479709587e-01
-1.164566737781494865e+01,-9.647333243993543306e+00,-9.083847983234845103e+00
-7.408024784580030442e+00,-5.959516905004187848e+00,-5.411376538225464827e+00
-8.577642354378880896e+00,-4.483219778040943737e+00,-1.936530462750301496e+00
-4.924376245029595367e+00,-3.690442345387823675e+00,-3.599995602782994020e+00
-7.335108508002841532e+00,-4.715503664639131287e+00,-9.550681837484775727e-01
-1.015591362465757896e+01,-6.323444696526069109e+00,-5.251313675524720281e+00
-6.411058551555957052e+00,-1.435748493031468342e+00,1.408151088253980276e+00
-1.076499107774528241e+01,-9.104955894207952483e+00,-7.140917158850548674e+00
-5.556561788669437618e+00,-4.934377542479999157e+00,-2.467598300747966711e+00
-9.369850615596046595e+00,-5.603373426559592474e+00,-3.556322939104955339e+00
-5.295671748121224098e+00,-9.614084605360595503e-01,1.422353429564415794e+00
-9.822387994170783898e+00,-5.319338872172214572e+00,-1.803320047200021925e+00
-2.848911137675669725e+00,-2.573862629728869145e+00,-2.238775306193944825e+00
-6.830837054062763869e+00,-2.830305050313374426e+00,-1.046186488028870931e+00
-1.022206341174011257e+01,-9.275838042886162427e+00,-4.949235637916550523e+00
-8.823458991084708103e+00,-3.906925659947482643e+00,1.368155162588298168e-01
-1.250181986613172924e+01,-8.876172297388160715e+00,-8.871379498505353567e+00
-3.060459350372696008e+00,-2.530589719209340061e+00,8.241292400576814003e-01
-7.758231077849311319e+00,-5.710408556860620877e+00,-5.613031935262449146e+00
-3.597319436570703743e+00,1.070288960895644514e-01,2.200854275893523226e+00
-7.221502150227205874e+00,-3.927377007547765864e+00,-1.585698281712395463e+00
-5.758400176220370703e+00,-5.625911604254733689e+00,-2.446288763927669585e+00
-3.585863668424135398e+00,3.545662509633773496e-01,1.134450195294383512e+00
-1.024397789608912390e+01,-5.788567111498823969e+00,-4.880758295911728162e+00
-2.529520866178859517e+00,-4.153376917108890787e-01,2.220597425334250641e+00
-3.191353662013537651e+00,-1.622024872562446429e+00,8.802611222094425258e-01
-7.636559656598379320e+00,-4.044777710166268747e+00,-4.725017070295196575e-01
-1.149040832943743595e+01,-6.878994693931431037e+00,-2.568540039149103116e+00
-3.992909424484294867e+00,9.326184840854470082e-01,3.909517299707366611e+00
-3.213610901954019106e+00,-1.211037580395836200e+00,-1.054700849253120687e-02
-6.166957712650962264e+00,-4.947110860759165618e+00,-4.192490867486350581e+00
-5.448422146184551451e+00,-1.815087275931952737e+00,1.456124210343557879e+00
-9.083520362974442097e-01,5.531189442353188213e-01,5.013806363095319796e+00
-4.806054163148891334e+00,-2.044622436614409011e+00,-1.699527290337685681e+00
-1.886923753011105154e+00,-1.579669128347429785e+00,-8.637343779420610934e-01
-1.682582104708805204e-01,8.880586298439498982e-01,5.325245336985265254e+00
-1.400419072202933712e+00,2.491822823715239998e+00,3.500443518801266141e+00
-3.632189677801216821e+00,-2.389727916547928377e+00,7.942121980135588011e-01
-1.031081762257050904e+01,-5.953202257981969225e+00,-4.369556640115930257e+00
-8.385033804286196712e+00,-5.757550936677669817e+00,-1.305663192836658659e+00
-7.683939648646969545e+00,-3.830780812614264175e+00,6.267664788247988561e-01
-5.859885896323607568e+00,-4.469516643088779162e+00,-1.014845903180753073e+00
-7.188438268907195727e+00,-6.618375299609464690e+00,-3.537336009758172306e+00
2.547137493561036248e+00,4.067265176143354033e+00,7.574666748355801893e+00
-5.056688868160010841e-01,2.037039780945424372e-01,3.531605323354920500e+00
-6.398137337675612102e+00,-2.855541661353520055e+00,1.430239916107921339e+00
-4.719837080646041017e+00,-1.284454125486030884e+00,1.329867283389378541e+00
-1.036888233127899994e+01,-6.448084069502417748e+00,-5.025918184890656448e+00
-9.054942749221051024e-01,2.481838152341054649e+00,6.104476784609550677e+00
-8.702192246049452962e+00,-6.739486240622281521e+00,-1.794653651855750986e+00
-1.040864084700743986e+00,7.395844882815476584e-01,1.162040335256070200e+00
-7.722326953676800443e+00,-6.204955056056755680e+00,-5.707769365507219028e+00
-3.526799216515108526e+00,-1.830278429087901060e+00,-1.190914012833250712e+00
1.044166727894499047e+00,3.241841047190544778e+00,7.131718399833885336e+00
-5.622704643184179396e+00,-5.285489377681667378e+00,-2.469949750337349315e+00
-9.457717636628477642e-01,-7.266338441507703694e-01,3.696412001942056769e+00
-2.900479453512379013e+00,1.706433776896558729e+00,4.168222994891623401e+00
-2.526424447473326396e+00,1.319731370428824047e+00,4.284286046799223868e+00
-1.460991022484396051e+00,2.423233674737672594e-01,1.468027355774335962e+00
-2.168970277464007168e+00,1.624008804760068037e+00,3.773909893014876005e+00
-6.191613689324349856e+00,-1.590421398406060005e+00,3.288038333987257644e+00
5.094154970804743776e+00,6.146118323917360016e+00,8.951434849192738241e+00
-7.062796942963744051e+00,-4.378125737745886426e+00,-3.763142931942997649e-02
5.912976820515534193e-01,4.046222481209499122e+00,7.083110013634051683e+00
-2.160094203180891625e+00,1.235030156372625143e+00,3.182317754402581578e+00
-2.176824630854792719e+00,2.624632839415081076e+00,2.912761037429860256e+00
3.118247535039471607e+00,3.263892463997262627e+00,5.341841145303436456e+00
1.881368725914362106e+00,2.654248462808178832e+00,5.378250076468962249e+00
-1.383516670473352139e+00,-1.338467151321094395e+00,9.599477225090793375e-01
-1.131502816537712119e+00,3.431200004053558406e-01,1.354921733282706819e+00
-5.268693026748008990e+00,-3.045445337683879039e+00,1.227299471396575470e+00
-2.755710508325579067e+00,5.212629128481617302e-01,1.320971162145516686e+00
-2.631790523690114014e-03,2.491733502697559999e+00,7.150089096778533104e+00
1.256831825765091004e+00,3.452955938963260252e+00,5.805687098286892223e+00
-1.793583212449314956e+00,2.913205086391814191e+00,3.592246001311451220e+00
-7.094339122057434111e+00,-3.419131694944006927e+00,-1.923324694590458517e+00
-4.062734320708702995e+00,2.667239732566213384e-01,5.385363986503844957e-01
-4.878561272442955676e+00,7.344656834023144398e-02,3.916490667934333203e+00
-3.185215076684399627e+00,-1.763550163987300579e+00,2.040729304428291258e+00
-4.849159093986243008e+00,-2.343102697696073378e-01,3.302766861047192748e-01
-2.184281933494463424e+00,2.383609901943761322e+00,4.184482017816794297e+00
6.694838458925766567e+00,6.727134986181764198e+00,7.289239838539661065e+00
-4.691712922212289527e+00,-2.677432742689411782e-01,4.645589066516452093e+00
-5.166671458461317812e+00,-6.898113909977161562e-01,1.517871768203962191e+00
-3.803733035100196336e+00,1.003317482692502427e+00,3.037568578634470828e+00
3.350196127311695360e+00,3.918676473627515477e+00,5.623383955528843181e+00
1.689396285179169510e+00,6.681502103125474434e+00,9.811230097006969686e+00
1.154487049063453341e+00,2.854480602189795047e+00,5.975376088037963385e+00
-3.266182101084578182e+00,-1.120502953334828078e+00,-8.727599931260314747e-01
-1.385160885016009757e+00,-3.795227334531716679e-01,-2.833460432088599212e-01
2.712637377323433352e+00,3.986598491474800277e+00,7.684423654722072783e+00
5.542358985628093926e+00,6.508951957604873328e+00,9.149233852259943234e+00
5.563206218955262017e+00,9.071224812939936655e+00,1.181463689993481836e+01
1.001000518618114787e-01,1.769527430477788599e-01,1.993662597501470790e+00
2.034798362754865586e+00,4.242950867002977411e+00,5.956717620445306949e+00
-1.898467000722523945e+00,8.328518770213411138e-01,3.398620283389575114e+00
3.872725484440869836e-01,1.324523753321065200e+00,5.084393920973731440e+00
3.618952850021603940e-01,1.167713855788870880e+00,3.462540706982436767e+00
-5.702005064255777356e-01,3.211310496175706852e+00,6.697621928313115092e+00
-4.980566664629910711e-01,1.662872757098728282e+00,5.607474803818002229e+00
8.272217484805057808e+00,1.184100696387266538e+01,1.376368655026391252e+01
-1.358252003116058315e+00,3.119314895739659921e+00,3.829112503739660500e+00
5.762226280801868938e+00,7.554636888437920916e+00,1.104368524464358892e+01
-1.660148100689088135e+00,2.704739153809987418e+00,4.317637801863225988e+00
8.667883435676428050e+00,1.147409543336627813e+01,1.153329418252057614e+01
4.027411538865742990e+00,5.881625517683860771e+00,7.536300551053174424e+00
3.251906337473299935e+00,7.464260869543203114e+00,7.834144322391304982e+00
2.957647393962148819e+00,3.268220254515169287e+00,5.481730445486484804e+00
6.020742602870591043e+00,8.057687623378695818e+00,8.865487276095382896e+00
4.902125103377949600e+00,6.218846078423673873e+00,1.108981851155110121e+01
1.596021474315934441e+00,4.161934296101372333e+00,4.601199684212605057e+00
1.893996090183935666e+00,2.142730202191681421e+00,2.352419550793939607e+00
2.807041243361630301e+00,4.752136447334781799e+00,9.080223312550756987e+00
4.119165316854314085e-01,4.576499498371359387e+00,6.415931480663561004e+00
4.360836228534500592e+00,8.232954152890709310e+00,1.199419643797005364e+01
2.592837641724894837e+00,5.007814862362364394e+00,7.029753171929881361e+00
-8.853911907962043193e-01,1.735191427884963389e-02,1.411206851404693152e+00
6.103174041272584560e+00,7.796651221891237604e+00,1.186024042056753025e+01
7.047657953716888635e+00,9.812422803333534560e+00,1.081699543788883844e+01
5.290562897367357964e-01,1.008194344053292113e+00,3.491513481954976683e+00
8.161119362224285467e+00,1.149270236957438840e+01,1.558712043388005242e+01
6.352624943095676713e+00,1.033919828886693182e+01,1.445997688160624861e+01
2.086694144606777268e+00,4.325930894279816918e+00,8.654218433497179674e+00
7.119599408990553435e-01,2.935001195770536420e+00,3.775607648694296881e+00
7.524983759273155215e+00,9.511876507469613884e+00,1.121200189491186983e+01
3.481138498759026589e-01,2.308998017722681872e+00,5.602094332993814874e+00
1.191860694931780706e+00,4.476443279176534951e+00,5.600950876088068853e+00
1.018441617868584004e+00,2.598094462464594745e+00,5.574868947137348485e+00
6.201064324089831103e+00,6.621706626772372317e+00,1.006502760785658701e+01
1.016403952427217838e+01,1.105850105067284517e+01,1.531205673815708934e+01
5.837165697710825718e+00,7.845103984879633785e+00,8.949133317247129682e+00
6.491311224116801171e+00,9.830413267117444676e+00,1.260056729547570953e+01
4.915352375653877282e+00,5.775030515824854049e+00,9.910835718226371327e+00
4.908545036095686598e+00,7.174990409447009831e+00,7.936214733296530710e+00
-7.261169568840051269e-01,3.254792814250976996e+00,3.921965222893448288e+00
1.852645088774122151e+00,6.692837597760489921e+00,8.901886639347534214e+00
1.152213448139754348e+00,4.793324782811306584e+00,7.053163431343795864e+00
5.658686911866533720e+00,6.596500251975415452e+00,1.038707041013963028e+01
4.987888511691352278e+00,6.434673618167746412e+00,9.846762782959311622e+00
4.934234796219044483e+00,6.221098388201435014e+00,7.426639777813234922e+00
1.124086596249329517e+01,1.352809405020292743e+01,1.760929088337293535e+01
9.479181467970740016e+00,1.254734672798941375e+01,1.287069102547777888e+01
7.861379201010979756e+00,1.153070268280057320e+01,1.442955768909637726e+01
9.585449477775116023e+00,1.270327712721038793e+01,1.447116793092400400e+01
8.829275906477256797e+00,1.161008416168926516e+01,1.346952765456767587e+01
6.909833049998384880e+00,7.317361405804970076e+00,1.153951280827786263e+01
3.650179802321404487e+00,7.040313416158397786e+00,1.039250847681162959e+01
7.181620559540940363e+00,8.150014382563229631e+00,1.146799720877298512e+01
5.678591206352397336e+00,6.838744325579156680e+00,1.027641776110117178e+01
2.708202019674327055e+00,4.375854442778882358e+00,5.163423376456658609e+00
3.877874699408377701e+00,8.409196448908344834e+00,8.932448071313123350e+00
-9.663398974292745081e-01,2.842599185648589710e+00,3.351477530224353352e+00
4.550056160105592440e+00,7.973654375429665819e+00,8.525582348722256398e+00
2.050234869798043924e+00,4.594357222900912419e+00,5.534335682157471403e+00
3.018771865909261720e+00,7.351679779489993294e+00,9.359102626049242701e+00
8.105564794739828827e+00,8.182696542240483595e+00,1.132350280319073654e+01
4.337285007055722730e+00,6.562980701600579891e+00,1.086167718707386598e+01
5.449039259828993842e-01,2.710624814891987810e+00,4.766327215515752336e+00
1.806409355458450605e+00,4.076875431524110915e+00,8.376145522650048747e+00
6.088480158240489715e+00,9.022592965873190707e+00,1.236940506705120946e+01
2.378564844506830589e+00,5.980619275285798508e+00,1.066819688748908490e+01
5.151127988592653750e+00,9.338730951779492528e+00,1.397515225999546118e+01
5.970147825757704751e+00,7.686672526679053874e+00,8.760872737345135164e+00
6.046663087929356806e+00,7.063610647583471902e+00,1.135261610833675228e+01
4.544769447776211280e+00,8.697725602181165527e+00,1.194978365916468732e+01
5.311231751779514454e+00,5.625943671747286601e+00,7.216184458661172307e+00
5.174806017820174020e+00,8.845812456662628165e+00,1.008865632534033807e+01
3.257959211606923144e+00,6.378253815469045129e+00,9.091959924841741980e+00
1.392257410255551342e+01,1.523593597285683110e+01,1.990762612702812362e+01
2.930041176286384719e+00,4.213736422585395047e+00,8.687692198306972813e+00
3.825764930064178060e+00,6.530424525855570650e+00,6.989564590963643909e+00
2.468119917018860576e+00,6.636243693709438674e+00,1.059340391479869758e+01
-6.405387483193560882e-01,3.514333902155650335e+00,6.705076630351733513e+00
6.170432801603869422e+00,9.728510933227976665e+00,1.426380083405044985e+01
5.605734035361997769e+00,6.244225770968114375e+00,6.659414992743601047e+00
-2.568016032894067102e-01,3.685765916389165398e-01,4.718934805065200244e+00
6.754334292118527650e+00,9.569005271243330668e+00,1.044933167758995474e+01
4.840463426435886340e+00,5.549023768135310064e+00,7.776141544958525387e+00
3.036276105977116835e+00,7.114946385530103612e+00,1.114082998333810082e+01
5.174191839026528683e+00,9.430457183746542071e+00,1.327518085080173904e+01
5.966336467729534299e+00,6.274435516052925266e+00,9.875270037225307718e+00
3.621861079539125505e+00,6.216667531514429079e+00,9.848728597745589397e+00
1.227309807205088177e+01,1.469451177022116894e+01,1.711220702570723518e+01
1.718001812466357636e-01,8.024734861989779588e-01,5.328599694398828746e+00
1.494277821343088952e+00,3.367386603439187276e+00,6.279257065190900988e+00
2.873170065407366192e+00,3.908951397596820421e+00,5.753395890896086939e+00
8.157457151519256655e+00,1.251034426744165629e+01,1.355834109352628047e+01
4.135353008989814505e+00,5.165881075701278746e+00,6.468376627038729509e+00
4.901803140838683959e+00,7.775108580550136317e+00,1.037854968568280967e+01
4.708727718368447945e+00,5.585337727807997865e+00,9.045182832313138022e+00
4.230906917351727969e+00,8.768607062838249533e+00,9.762751449499694090e+00
3.505887674620483896e+00,6.870656801933551883e+00,9.802579756525720001e+00
5.971564228030281640e+00,7.616259030730057944e+00,1.070541212403841236e+01
9.615708060031604276e+00,1.066525250107144274e+01,1.483502666828120198e+01
7.958217625924899785e+00,8.069278058518795760e+00,1.090459294238911525e+01
2.892741903600366538e+00,4.486642812997465590e+00,8.893446412617706187e+00
5.073027455370922922e+00,7.569858795575073351e+00,1.158229899192950541e+01
9.210780989740984026e+00,1.382988271399675106e+01,1.550163047131515093e+01
3.805865231681857530e+00,8.207574514538947597e+00,1.183896915491178525e+01
6.364748696493806257e+00,6.905620682033622337e+00,7.425220425890088904e+00
-1.812756914174034506e+00,2.273970039895513828e+00,4.615550487920309308e+00
6.017397930375280701e+00,8.493149285225694456e+00,1.294938197879906738e+01
4.350369537317989810e+00,8.869386221561317285e+00,9.432916144994509366e+00
5.254012296460402354e+00,7.122253911183196173e+00,1.159838775752893980e+01
2.357061312123727603e+00,6.456333053843547276e+00,1.006137715902293017e+01
1.403040803541511039e+01,1.454024405427930411e+01,1.764621688530863608e+01
5.626854817442842105e+00,8.536111825752744409e+00,9.371947131095559769e+00
5.746473807441438097e+00,9.615767756111118558e+00,1.117565268075485463e+01
2.917728006684598974e+00,6.020856621574852241e+00,7.830034050606819562e+00
4.926673186145347216e+00,5.348649251669949756e+00,7.972623713989557714e+00
6.028454319210002410e+00,7.561669996988277020e+00,7.918235013726225624e+00
4.195880896317033759e+00,5.188425476780003542e+00,8.282704322734563362e+00
4.847287957193134211e+00,5.354197954113442570e+00,5.791529659374041294e+00
2.093243368562202278e+00,6.813351213716456911e+00,7.350968109323531507e+00
1.922052893779347738e+00,3.802351535327134435e+00,4.469405987744570652e+00
1.221547385165206556e+00,5.917892846376456184e+00,8.323699843893670902e+00
4.856067709506040053e+00,5.411663920074890832e+00,9.255746132203094945e+00
4.082189146421304926e+00,7.986122084956000400e+00,1.249211940166462398e+01
-3.646280793095288963e-01,3.163648855233837764e+00,3.437230224439129067e+00
-3.842275965261026105e+00,-1.090718229746118872e+00,8.294810639224357018e-01
1.447182386098124773e-01,3.887623490076642874e+00,6.842268532605724651e+00
2.294826162529531643e+00,5.920828766490654260e+00,6.823048355856102809e+00
5.344399065487041689e+00,7.529754035159307968e+00,9.690275670071887504e+00
-2.438463794644533778e+00,2.466409263267316021e+00,2.561960077283679027e+00
1.997602798341048036e+00,6.077817508745821939e+00,6.563375723682488783e+00
7.360771139028818411e+00,7.762661417699312949e+00,9.403543883452778473e+00
3.011924913383473790e+00,6.515759382919139142e+00,9.907991001704393952e+00
-1.345335175744824863e+00,1.794068044878401658e+00,5.666823558499740621e+00
8.575552721315280458e-01,2.019445538130199225e+00,5.188667762366617531e+00
2.086312634411144007e+00,5.276500363264348792e+00,8.548177927239919427e+00
5.776851102361895585e+00,8.749119277638733649e+00,9.856733741826701589e+00
-7.550202130424015223e-01,3.816474277434791951e+00,8.696497420096676478e+00
-2.677559605162600498e-01,3.178177601583437095e+00,5.398576188119539765e+00
-3.221132469017887967e+00,-5.351785949820033750e-01,6.678995415029032046e-03
5.627075680603343955e-01,2.379687058623387585e+00,7.260358828448448598e+00
-1.513513356152661693e+00,1.225097956883105077e+00,4.028235674833940294e+00
-1.419803114215396622e+00,3.350096230885843074e+00,7.781867132606722137e+00
-4.216418782689452804e+00,-1.372836893669313607e+00,-2.788264875854484792e-02
1.491825390225055781e+00,2.076482466386314840e+00,6.394739594860086029e+00
-4.668875644143430037e+00,-6.841806155551433122e-02,2.403006545178013820e+00
5.202004388685713465e+00,5.674747219717606761e+00,8.705870872384346981e+00
-1.665516345403730947e+00,1.717906493056413630e-01,9.610939525425775676e-01
-3.668603383060068168e+00,9.271135651345645545e-01,2.124358825373101389e+00
-1.707768765589632309e-01,3.385030702671850023e+00,5.531919999185255676e+00
-3.067942540909816884e+00,1.071661795531523742e+00,4.575836313078721851e+00
8.789222570601484819e+00,9.405022718694272754e+00,1.165308139197788329e+01
3.712854242505305713e+00,5.011797018884512234e+00,8.579719376441561351e+00
-5.582242506592827169e-01,2.165219882977400534e+00,3.866125971816660734e+00
1.463745678679074569e+00,3.111046413653065112e+00,3.683481377926541622e+00
-6.235669190569016251e+00,-5.166560023729385165e+00,-1.599228785748960657e+00
2.438186828453895671e+00,5.487709230866536281e+00,7.265688960755690040e+00
-9.596414913200859154e-01,3.220936536797891936e+00,5.643000791618828949e+00
-2.613764456589966478e+00,1.358406315186652558e+00,5.264307070164532476e+00
-1.071980410748608392e+00,3.168014342499195557e+00,7.416872878575737182e+00
3.126962592178816891e-02,3.426582619057342960e+00,7.173700086035344370e+00
-3.878033134451053243e+00,6.502845787188071824e-03,8.522998468989468890e-01
7.875156360760839913e-01,2.288739777753722393e+00,2.809938469081466828e+00
3.240283284455740986e+00,4.187140096489905261e+00,8.078576357995839174e+00
-2.437068297182454657e+00,2.298483872194122313e+00,5.666661205848443572e+00
-4.361298572462470879e+00,6.893996274078273423e-02,1.658823372445808575e+00
-2.619125582828799370e+00,1.609852318703711038e+00,3.303781997832307749e+00
2.891322010267014520e-01,4.759965825586512267e+00,8.750195016472803289e+00
-2.059222773690732033e+00,2.858763153575906379e+00,6.995126710457528318e+00
-5.079558102104816619e+00,-3.088509809094569292e+00,-2.538110908415734279e+00
-2.316464999867384300e+00,2.054900499594092267e+00,4.910855367261026672e+00
-2.738895127467793067e+00,1.551812619256628167e+00,3.487457192134984840e+00
3.431786862621304834e+00,3.576533029964472199e+00,3.838615966438161387e+00
-3.274592978642330010e+00,7.789941835319436070e-02,6.502122742090664653e-01
-4.960215646449599447e+00,-1.232905668159248513e+00,8.643073713691635795e-01
-7.148787679346030544e+00,-4.333248091173420136e+00,-3.271812105762705869e-01
-3.681275345860809622e+00,-2.415918124345203033e+00,-3.514053834126542597e-01
-4.589477985066343635e-01,3.188838782684622508e+00,7.780977568833961300e+00
-1.394941584248780897e+00,5.655722322592504625e-02,3.170171945208123621e+00
-5.694480750909193922e+00,-9.384109566120655277e-01,2.305849988592716393e+00
-1.317247788186124424e+00,3.146697729185773618e+00,7.845346986570016945e+00
-2.218566287913140478e+00,2.428146824230648981e+00,6.220532245785664216e+00
-5.908192709920896846e+00,-3.147715278406704176e+00,-2.663951088940845757e+00
1.449860138555921996e+00,2.563390841380421392e+00,3.842226473886209082e+00
-6.280030788697798627e+00,-6.113732924512973455e+00,-5.604116034972738802e+00
-1.330773146567658660e+00,1.430103448238178032e-01,5.967150561048072399e-01
-1.156223019937423269e+00,-3.085479812691946933e-01,-3.645999438987224117e-02
-6.182472191790022720e-02,2.020838526077546327e+00,6.127474984442890182e+00
-4.441882331359936487e+00,-3.806631103438455899e-01,4.143789037646634199e+00
-6.079695857396574254e+00,-2.351698344461333967e+00,-1.129488560916484197e+00
-5.720075795247264061e+00,-2.208126312968152760e+00,1.560983165599509892e+00
3.560277771110590628e+00,6.275815478316113527e+00,1.031086845975737987e+01
-2.003878385490067693e+00,-1.647549172606769474e+00,1.326353761919309981e+00
-2.594267893239606160e+00,-1.948009928971559113e-01,3.831258082097953821e+00
-8.778865562397324851e+00,-8.139062584217972685e+00,-7.075942701010520253e+00
-7.439622204666198613e+00,-4.646162382389249501e+00,8.986422738139054900e-02
-1.111240367695335518e+00,-6.952408569356767210e-01,3.021644263083604454e+00
-8.208474879346038477e+00,-7.181478869296061163e+00,-6.654234528871641352e+00
-2.748799087648710060e+00,-7.749685184310006747e-01,2.140295645785350587e+00
-8.817746659528022946e+00,-4.682656953667484245e+00,-1.509197699967438577e+00
-8.150123630825753196e+00,-5.691787916194946284e+00,-4.263451084388426793e+00
-6.321273703925585075e+00,-4.858508487267563680e+00,-1.005624330942292310e+00
1.259764317651471011e+00,1.830062692809140579e+00,2.562431529667375862e+00
-5.430300712626320525e+00,-1.831618817646165187e+00,2.973591328766858499e+00
-6.242412473937374529e+00,-5.641241457272037962e+00,-2.594111042966521730e+00
-1.856632355960563086e+00,-6.606904196202108004e-01,-5.319013452576255574e-01
-4.734306036865371325e+00,-5.729677565417592433e-01,1.970055263392255007e+00
-4.399702457494688801e+00,-4.280252699022597973e+00,1.970138114771957660e-01
-3.010030156843535476e+00,-3.316039537066748366e-01,3.353732988323819608e+00
-2.377825663486648367e+00,-2.603016080025941648e-01,6.641147555205109132e-01
-3.124454915984958170e+00,-7.965883870162482339e-01,6.417733652470170025e-01
-6.924138692903142100e+00,-5.440461498968478082e+00,-2.221070892439404254e+00
-7.493947465069465075e+00,-7.023549189793442338e+00,-5.038476529110520019e+00
-1.136395765961146331e+01,-8.630730689015649659e+00,-5.081443326882725486e+00
-8.747431766002172537e+00,-5.582935452774408169e+00,-1.151702599221642309e+00
-9.744517213518673060e+00,-4.782595800871725089e+00,-9.547868079781718365e-02
-8.420494409533835878e+00,-4.599732545541252549e+00,-1.169656271277367487e+00
-4.118926449340583495e+00,-3.941768028799112145e+00,-1.274273965415250398e+00
-1.977963621664756033e+00,1.340620884028892235e+00,3.405321123703869191e+00
-6.857683520024821178e+00,-4.933700455901769644e+00,-2.221068040070963256e+00
-8.649535147138960767e+00,-4.116335555166074300e+00,-2.811693709542731234e+00
-1.147151088258005913e+01,-9.476236777215213181e+00,-6.210797743969864726e+00
1.678580830480576047e+00,2.608617130310941334e+00,6.783135032899210159e+00
-1.140356407910681646e+01,-8.073228056166067645e+00,-6.311917757583869637e+00
-9.905471292402207695e+00,-6.294636268278186009e+00,-4.897903581555953068e+00
-6.006120117312054418e+00,-2.133815633637777598e+00,-1.780375368351915011e+00
-5.661403434291758074e+00,-3.527643497408050166e+00,-2.219449208092825199e+00
-3.463718988786390618e+00,6.197829479474377123e-01,4.383518262611529437e+00
-6.400899956231725696e+00,-2.191593053425780813e+00,1.066222157085273015e+00
-8.612247123357771983e+00,-4.635635035276251870e+00,-2.441693689033740622e+00
-4.688246022815318881e+00,-1.297958942305820873e+00,-1.142370597207442717e+00
-5.386604840582331910e+00,-9.829817978847055215e-01,2.440886458130453018e+00
-1.081281584070825019e+01,-6.482333552115752795e+00,-2.628039214018804692e+00
-3.077850335568015794e+00,-1.645966930861698430e+00,-2.815657828896558357e-01
-9.231466638376952361e+00,-5.233272750509346594e+00,-4.309726791402825441e+00
-5.459890199423231394e+00,-4.906584195281059380e+00,-4.831373170308145504e+00
-5.687370310935582651e+00,-4.195230081342310235e+00,-3.698904828496324626e+00
-9.800894642348559671e+00,-5.792461991864735538e+00,-3.369742836955986753e+00
-7.240760639094006912e+00,-5.978184518377505086e+00,-2.967749827418539432e+00
-2.094497387683777134e+00,-1.742735287698936819e+00,1.887870968718570630e+00
-1.181135492492510153e+01,-9.304389700217795323e+00,-9.272007854077751077e+00
-9.517397004524767112e+00,-7.921311239950970418e+00,-4.170349373004486715e+00
-3.669838405888684374e+00,-2.729262553470776176e+00,2.080123735888833814e+00
-9.470514333365990467e+00,-4.987368611760315318e+00,-1.096174967780544574e+00
-2.200246928662022761e+00,-1.807505136160446391e+00,-3.831864799354689488e-02
-5.210769005147852795e+00,-3.719782279603300879e+00,-3.031655687559455359e+00
-1.380248333371044467e+01,-8.804388858276226415e+00,-8.068400683512267690e+00
-6.199261995560764404e+00,-4.622624262845763887e+00,-2.219170000072328008e-01
-3.935418106391971538e+00,-3.213491302399212657e+00,-8.658514426305590206e-01
-8.997626333949117594e+00,-4.119175680451770738e+00,-2.882733265623075081e+00
-9.743719744880316114e+00,-6.228428660032401254e+00,-5.828230418153496295e+00
-8.650249136621543045e+00,-5.645889430380102603e+00,-3.950641764885985285e+00
-1.000075963908006216e+01,-6.502936978943719026e+00,-4.338486951767333899e+00
-1.029003015263845455e+01,-8.795036919865150793e+00,-6.064997493194232980e+00
-9.901015178214995771e+00,-9.202580613611395677e+00,-5.130420760368826549e+00
-7.390915841732743630e+00,-3.637368881824705191e+00,-9.125280239572002294e-01
-9.248273824812786259e+00,-7.413032318325811332e+00,-2.836901514879366815e+00
-6.233537651675076674e+00,-3.061245651688008440e+00,-1.637244989630424419e+00
-1.059433153865901467e+01,-6.560788495212817928e+00,-3.385689986549503150e+00
-9.335805051716299374e+00,-8.700741968982089958e+00,-8.129575745938439013e+00
-1.065953169920632249e+01,-5.969006602038139597e+00,-4.529446696418418128e+00
-1.761517351648781649e+00,1.555895644958423141e+00,1.738065010295475776e+00
-7.776804276120060422e+00,-4.994294592092823670e+00,-3.838651403171100984e+00
-3.446411842290538097e+00,-2.748280495505754928e+00,1.119235132665551191e+00
-8.203792260236964395e+00,-4.156078975539156062e+00,-5.800178062064347273e-01
-8.908827234167532083e+00,-8.852893008459929547e+00,-7.428346930243510116e+00
-2.068230043349616132e+00,-2.634237111671300369e-01,3.190827408091028605e+00
-9.102725887363472879e+00,-5.325007478982915821e+00,-2.185732868843351273e+00
-1.242797264421683145e+01,-8.482530920526723861e+00,-6.346031531429400019e+00
-8.764601506604673631e+00,-6.055376557420817818e+00,-5.734125682034678206e+00
-7.239148560603487326e+00,-5.103332327876362484e+00,-2.940166760395590995e+00
-5.257937333748134989e+00,-2.200336785906817028e+00,-3.108550225152353352e-01
-7.645777065177055576e+00,-6.453502129919623798e+00,-5.265520683616299991e+00
2.819749457631453904e+00,3.489113931304238747e+00,6.994227181778828850e+00
-1.025526669328084850e+01,-7.142424788004451131e+00,-4.246175188302203196e+00
-5.107322913890902427e+00,-2.452224767563717656e+00,-6.145372732308485020e-01
-1.400931352272786867e+01,-1.016572918957421656e+01,-5.555608364211122918e+00
-6.768776874786131437e+00,-4.568830928793982338e+00,-2.523387899059509554e+00
-3.861930149066507667e+00,-3.048292363644240943e+00,3.052516629258446024e-01
-1.024981700479164282e+01,-7.459355687902576193e+00,-2.519365706713536213e+00
-2.474061130321405066e+00,4.475547035283851116e-01,1.890609034502831021e+00
-5.508211115751153741e+00,-2.693507807111543695e+00,2.229968356493848614e+00
-8.512286883844151220e+00,-4.895610983723402754e+00,-4.252724439873684759e+00
-4.331633886836605107e+00,-2.615820795176873936e+00,-1.122395989914026559e+00
-9.893506819539041430e+00,-5.609387924601960229e+00,-2.553573683795923532e+00
-4.066853290505402896e+00,-1.634330934207550712e-02,8.648869578253127743e-01
-5.204262224583826146e+00,-6.640876997520761549e-01,-3.725327142740664232e-01
-4.401980566345183199e+00,-2.527794630741440951e+00,-2.457049409309281174e+00
-2.670766702613136978e+00,-1.749369232078266334e+00,3.061760097108890299e+00
-8.343509242185147556e+00,-7.951032585232768568e+00,-7.223999698374714562e+00
-3.676389645452831978e+00,9.478554857747676365e-01,4.498728305472534217e+00
-5.717968214918149883e+00,-3.683146171709783534e+00,-3.339317084768111954e+00
-4.165800544759942881e+00,-2.406057493637230316e-01,2.223027278014555908e+00
-2.610568008667242701e+00,-9.954836770472823559e-01,8.082684503281178934e-01
-2.670140004614669493e+00,-1.437523147421497782e-01,2.612411800648680948e+00
-1.033320558088283647e+01,-6.242711726530671967e+00,-2.384193116180741256e+00
-9.621402379165623131e+00,-5.786108921564578900e+00,-2.139618989963151918e+00
7.406888379200005090e-03,3.796341464094257212e+00,7.184349090068950616e+00
-1.176920486480830697e+01,-7.429087497867574719e+00,-4.641816017337137446e+00
-8.689421499924876002e+00,-6.085200201892706495e+00,-2.578720308698371877e+00
-3.412727628078311426e+00,-2.582697762679436959e+00,1.302060806495775935e+00
-7.177106832579273288e+00,-2.496327616492828749e+00,-1.015027792419301189e+00
-7.224183347005531886e+00,-4.168958561113147887e+00,-4.005845993107941538e+00
-4.446244449567657853e+00,-6.171301362043224437e-01,2.181210729725873598e+00
-3.042699929577045825e+00,3.255714935964304502e-01,1.040535093305452463e+00
-6.396642551837123492e+00,-2.349368525033117994e+00,-1.069686838314978683e+00
-6.437383197100443155e+00,-3.013422180633324565e+00,-4.771335548226840473e-02
-5.455709298681563624e+00,-2.186752068039728325e+00,-1.935565634008938218e+00
-7.232265618741897661e+00,-3.523012767585781191e+00,4.532358750525973257e-01
-9.409663604325345432e+00,-7.035584488563291217e+00,-4.991279267377869644e+00
-2.659772204701091880e+00,-9.470486849268948681e-01,3.692360847484456254e+00
-3.235636504558143223e+00,5.397047671495323051e-01,4.032798403332773063e+00
-6.754657021930975169e+00,-2.126623898803546631e+00,-3.827777457074785783e-01
-1.151689358610700964e+01,-8.366203157024116877e+00,-4.935919004389885956e+00
-8.172492685805302415e+00,-3.191354969216548820e+00,-1.055424397180770413e+00
-6.643328528295557867e-01,1.336572406869331875e+00,1.759012028422335838e+00
-6.091156832158849177e+00,-5.598894408458973793e+00,-3.039899105800736301e+00
4.483867081253245512e-02,9.007484680010651168e-01,1.265402629285853120e+00
-7.249600217277593295e+00,-2.425135192101410375e+00,2.331951797440188656e+00
-2.672836835154960511e+00,-1.046452993409994203e+00,2.902894041256527391e+00
-7.311098866438603849e+00,-2.948353598342750459e+00,-6.246182594227978058e-01
-5.315731914306909722e+00,-4.197246385505083666e+00,-3.548222248951136137e+00
2.908938955873742405e+00,3.613050812999260231e+00,7.597716586684293283e+00
-6.281612114696288884e-02,1.859262953984350819e+00,5.326801206237094632e+00
-1.245529653042719342e+00,1.447937518883989139e+00,3.421279421001265586e+00
1.722954647928075733e+00,2.342033343849378113e+00,4.009278281994068216e+00
-2.973232130856397148e+00,1.227637473412639402e+00,5.284627158205398523e+00
2.513672557227280890e+00,2.655515517055700769e+00,3.356898308931340669e+00
-5.843985452211825304e+00,-2.064479368545576676e+00,-3.858148867137003446e-01
9.468706951831276086e-01,4.164826029975815302e+00,6.978204724946064808e+00
7.416748693830346184e-01,4.002011446357461644e+00,4.270494200978897759e+00
-3.272099656690508951e+00,1.383496370960624722e+00,1.488344119737201154e+00
-5.564153656605042020e-01,-5.162528857367776336e-01,6.145121262077091195e-01
-8.184339432173267426e+00,-3.216859835019600489e+00,-2.854197662017733617e+00
-3.126517299217812962e+00,1.245983570835758281e+00,2.041428923052287736e+00
5.175775619075316136e+00,5.721292085026270513e+00,9.616144073121741798e+00
-6.942599947499304314e+00,-2.709206374730960931e+00,1.251708067565096005e+00
2.729335460884116049e+00,3.934479856822862054e+00,8.333693487161117019e+00
-7.863811302519113644e-01,-4.269539693012197601e-01,1.282933346894077786e+00
-2.379610852728914594e+00,-6.369522409001660002e-02,2.749811339450971559e-01
-5.223664297659985856e+00,-2.324447904916905117e+00,4.724671804110460727e-01
-5.909067990749217181e+00,-9.481551162082988427e-01,2.160164897731476685e+00
1.369367963470889293e+00,3.357096347565869721e+00,7.308020585239008327e+00
2.162724203674552648e+00,3.837559224542538949e+00,6.501902496405222998e+00
2.061797322156862400e+00,2.339145356122966035e+00,3.952474228453189742e+00
-2.404076616640497654e+00,2.364634571294728094e-01,3.748022925755406298e+00
-1.959698029202634029e+00,-1.464534077350320374e+00,2.521399568369263822e+00
-2.362273762306839053e+00,2.138521170949483796e+00,3.543706998754954540e+00
-2.861400780128559695e+00,9.653321237929606280e-01,1.867074579596432082e+00
1.834185442716180781e-01,2.800497903055065407e+00,6.788674728415437620e+00
-6.226815938116152527e-01,1.309776834080678798e+00,1.441278094274783372e+00
-1.207058875292080558e+00,1.492778000778843595e+00,5.716277365282538270e+00
2.421014595610902376e+00,2.962651482183869867e+00,3.110858492896424909e+00
-3.971767726337174231e-01,3.648027107289213422e+00,4.983690000645992768e+00
4.546827255618163477e+00,6.368545784312583891e+00,6.803455933835583558e+00
1.307674889279750285e+00,1.790769811402086464e+00,4.863486595982118743e+00
1.781612616793546877e+00,4.542760863526011050e+00,6.004769745597272390e+00
6.157556827722196147e+00,8.421244609146070204e+00,1.036223343086119542e+01
1.354971715835964652e+00,4.830236297942391843e+00,9.140681422010327850e+00
2.884374167986059945e+00,6.709886265216143286e+00,6.731924513557145495e+00
9.600764279748450480e-01,1.457843733580807877e+00,3.604727633847869761e+00
-2.998306874955565693e+00,1.260687404449937876e+00,2.445558344820162766e+00
-1.349694044320650210e+00,3.045066388421892700e+00,3.595134681127551080e+00
3.102143763532501985e+00,3.465179382774873140e+00,8.032277868502863072e+00
6.126744169120362571e+00,6.936628799103820242e+00,9.255506707264398614e+00
4.790654723497045353e-03,1.634575875605955630e+00,2.372758048930288410e+00
4.959481833639967086e-01,3.656503258164179204e+00,8.474866828821715714e+00
3.954332286843455169e+00,7.244879521114574672e+00,9.013372935001227049e+00
1.205295023759832773e+00,4.764279802809419984e+00,5.480520580158087185e+00
1.281561526118510930e+00,4.181643079585562361e+00,6.528930310316551910e+00
3.225285022298741922e+00,5.025202879416932333e+00,8.723039391564055833e+00
4.293755614274747945e-01,1.021811288539675289e+00,3.685763665955545498e+00
-3.204903729895925757e+00,1.067082902870795103e+00,2.075633681349955850e+00
-1.496044908688825448e+00,-1.733386990413814388e-01,3.130020264817526154e+00
1.440432747845719064e+00,5.303367539823192978e+00,6.720045546732057673e+00
5.731448050606809730e+00,7.530938093290643565e+00,1.123050050773804998e+01
5.734571701553818457e+00,7.161190027238984790e+00,1.049242755077140998e+01
7.590175904624667957e+00,8.384349658653581727e+00,1.044090195609564375e+01
5.960733391878449083e+00,9.404119440494607574e+00,1.170364222100439733e+01
5.466121219743410364e+00,5.562307961536056666e+00,7.594209747058626725e+00
3.578679393200902226e+00,5.020355847649272896e+00,5.526766761796070071e+00
9.681070960011108895e+00,9.726761018254364899e+00,9.954338026086144708e+00
-1.466879367239390941e+00,3.279358921449313957e+00,7.028454959840578553e+00
-2.769539445471940642e+00,1.929169119093762763e+00,2.503088602194553314e+00
1.676742993539794835e+00,4.529291576531456087e+00,4.945734401772421407e+00
4.124607439125270503e+00,4.258639395128784422e+00,6.590045117330070923e+00
2.617823960129151306e+00,5.849541696618414832e+00,6.167353501242409664e+00
1.406625367067970034e+00,3.231923950702946691e+00,3.682758958575452102e+00
5.156792301170909809e+00,6.967310510671691048e+00,9.326289002149341201e+00
2.537930009725936742e+00,4.225586936347210276e+00,7.106832057850745343e+00
6.768057996087808448e+00,9.691008278206233229e+00,1.135568494210714263e+01
5.468219386782919855e-01,2.494814019067104205e+00,4.700142108628404536e+00
3.852557898369934897e+00,5.730824431250570505e+00,9.534062734038858622e+00
4.514092494868410910e+00,5.213830014946195135e+00,9.499007164824298854e+00
5.322894697142327658e+00,6.979149784234878418e+00,1.059895405543404934e+01
4.714178609728392644e+00,9.133057585174084281e+00,1.357032109353015414e+01
4.954752925431051835e+00,7.216578275503713336e+00,8.499594065012850308e+00
3.066889274989431868e+00,6.095691418775112780e+00,7.015506471729848315e+00
4.664264439508909454e+00,8.617248800279334375e+00,1.217397329602927591e+01
5.154854885057766012e+00,9.133057506578108331e+00,1.129934504865445533e+01
4.683403511179763612e+00,7.470545010669490615e+00,7.984178193158262715e+00
4.444900875747086033e+00,7.883128963745139828e+00,1.031732236653664359e+01
6.169904899742536308e+00,8.716096409835811798e+00,1.295105715329395402e+01
-1.962947783063058615e+00,1.898657764881154897e+00,4.574620470616959977e+00
4.055134653038094505e+00,5.830666286992103764e+00,8.062843497337240706e+00
6.308989545724524639e+00,8.062807901825557622e+00,8.820834985363052994e+00
2.879793057965227554e+00,6.108672932052311211e+00,9.566247944956000282e+00
1.310744270175641546e+00,6.166794442866365245e+00,8.445316821843121602e+00
3.215553711708532880e+00,8.202015775504031936e+00,9.137508703033129009e+00
5.031490593165026226e+00,8.314644758067945673e+00,1.328848797291038331e+01
5.363971239004436065e+00,8.565596085956139305e+00,1.082744556509473632e+01
2.252491160434261896e+00,4.828752665251491827e+00,9.056308357669660580e+00
-1.704249790742740522e+00,2.991302688191089132e+00,5.260935343931352648e+00
5.833585743495309117e+00,9.695435885232875250e+00,1.436387798450961739e+01
3.680250823776050950e+00,5.090853702253118840e+00,7.556656673419952952e+00
-5.948762972535881488e-02,4.917600145038836246e+00,6.684992971094156466e+00
1.580799052511102865e+00,4.679238831899415807e+00,7.964396610685358091e+00
1.009739052054336739e+01,1.086813265528257944e+01,1.490121778300499500e+01
6.015391020970549008e+00,8.079894067260880774e+00,1.058151113510252017e+01
5.284156926039953461e+00,8.498369276879000012e+00,1.055079274873472883e+01
7.939231808523310896e+00,9.564644136758643000e+00,1.229679777771435845e+01
5.658344420108244677e+00,7.392269091020661875e+00,9.562917710332687449e+00
1.003699028004000837e+01,1.057902782430570809e+01,1.480274313112022710e+01
1.911783859770650906e+00,3.970319986121912947e+00,4.384240023813055664e+00
3.717361066733708697e-01,4.321854860867327730e+00,4.419981417533743517e+00
1.175756990798229484e+00,4.172487993603979817e+00,7.685806792253227826e+00
7.918039669688154092e+00,8.874091707334077483e+00,9.530388853376141611e+00
8.571379066858105134e+00,9.140794204405105816e+00,1.410744415527251405e+01
2.438977168911330651e+00,6.214411293363442113e+00,7.777963645196591003e+00
5.265828507771694866e+00,6.943616885506337155e+00,1.018674065869078760e+01
9.163714110468013985e+00,1.145207390321873575e+01,1.280877462353003615e+01
5.284154236129912086e+00,5.569637268967181143e+00,9.488905493909010502e+00
4.101350739122111122e+00,8.542480067186160042e+00,9.572276497588864785e+00
5.283395467642555410e+00,5.600421038724739731e+00,6.193548567283168715e+00
8.873732737054355724e+00,1.094502929573541294e+01,1.244177053186315973e+01
9.172784311025676374e+00,9.540073390634585593e+00,1.181441711022571894e+01
2.434276095001114193e+00,3.453870609417952764e+00,3.788613506179404844e+00
3.572583919743208103e+00,6.862224613499535941e+00,9.724756075508645736e+00
-2.732234799313000728e+00,1.399754689721359746e+00,2.911162188297813369e+00
9.649332651843630870e+00,1.032844603877101441e+01,1.212924981344830577e+01
9.863934868965952063e+00,1.375747012675795133e+01,1.496616690250278126e+01
-2.141571935900938861e-01,1.060847056046050341e+00,1.798770476157391496e+00
-1.626903197477550300e+00,3.305668611755959496e+00,8.142217737974174696e+00
4.781630144169987773e+00,8.071890836047819207e+00,9.145981257478579707e+00
3.662915047418642267e+00,7.495696735064036886e+00,1.041536388306263916e+01
2.550031805966207266e+00,6.297862498794501107e+00,1.059991430099930554e+01
7.026793685450996030e-01,2.295051204910917519e+00,6.863544922870124410e+00
3.961168397878370051e+00,8.453960046532715822e+00,1.118961255229569218e+01
6.697213902093329452e+00,1.012007166803481439e+01,1.217525111216672329e+01
1.269509329842475154e+01,1.597060700055209637e+01,1.871539936265313386e+01
9.707753758808951972e+00,1.132185321058943117e+01,1.293604602047920693e+01
2.140769250609046992e-01,3.472407295295558249e+00,8.255547447465499289e+00
6.291941813581246379e+00,7.299683216248884499e+00,9.262366480726917928e+00
5.048093025096640929e+00,9.076638981600821054e+00,9.691696351033941781e+00
2.280924356450970691e-01,5.198926388033857648e+00,8.589619264406989529e+00
5.011316738143049676e+00,9.565319067956192356e+00,1.375558678479481500e+01
5.409592894452078582e+00,9.295267572183957938e+00,9.459772873631751011e+00
8.822874613981152692e+00,1.085535519192212561e+01,1.186466716527618281e+01
5.149782615541965924e+00,9.506449253629984497e+00,1.290788058762222867e+01
7.374546347223271958e+00,7.909912906336402649e+00,9.707901656664283507e+00
4.747236249376819650e+00,5.093777095548312595e+00,8.793760237087802523e+00
9.881803742045347505e-01,3.079770252366114569e+00,4.251626598465209739e+00
4.977392922702807532e+00,7.565845859529888529e+00,7.776068033503608312e+00
4.358986100560372279e+00,5.645459167000289824e+00,6.521980239309333349e+00
1.228703372379093217e+00,5.881921674142473577e+00,7.767458704255851387e+00
7.191475758123369033e+00,1.011384059013000680e+01,1.262855034429405876e+01
7.502592616896825106e+00,1.079861698678383419e+01,1.219419714111328368e+01
2.323659902831995527e+00,2.927557799549436179e+00,3.334815829852102009e+00
4.975647829950998080e+00,5.942632651207527594e+00,8.356780416050609617e+00
4.032910666113659559e+00,5.213047596637974124e+00,7.383057990178406804e+00
7.248104877927908696e+00,7.394617643104631100e+00,1.053237313157737276e+01
-4.804012163091635479e+00,-4.132041687508678507e-01,-1.752544688463129052e-01
8.471809061083752646e-01,1.937379738102488425e+00,3.526231783334200287e+00
4.464017910751797658e+00,5.900220781900941347e+00,6.102146554328967909e+00
8.009537709958863161e+00,8.542430083737242441e+00,1.310473902884430686e+01
2.783113899829814830e+00,6.339922908922875244e+00,1.113211327013334895e+01
5.854835695253665762e+00,8.057146229930605585e+00,1.245231190803510302e+01
2.479057673569196929e+00,6.561753711440485581e+00,1.093645898898928337e+01
9.528780886967323838e+00,9.724551691814573573e+00,1.298712997576265060e+01
7.444728092592911572e+00,1.027787280480592891e+01,1.300395159520153676e+01
9.401240124127694386e-01,3.462043844287636674e+00,7.441926565083606171e+00
3.476024150692837544e+00,8.316308783244508618e+00,1.246090294602141668e+01
2.758435841187173665e+00,7.110412708789960234e+00,9.529926234985664379e+00
9.566457992029107515e+00,1.301950434339815033e+01,1.509732600628678334e+01
1.228798389148066272e+00,3.030229111051019775e+00,7.506636104066954474e+00
4.645181912283309345e-01,4.990574479083672799e+00,8.401675440542303974e+00
-2.029366646763961946e+00,2.159844301250001486e+00,3.961662975911371731e+00
8.379963472661966506e-02,2.252602784190735008e+00,6.357684244352565628e+00
4.251485836176065902e+00,6.241737237529203952e+00,6.441575333575079831e+00
3.847730385560126365e+00,5.614222131307391450e+00,7.605373652041296673e+00
5.760249766113088477e+00,6.533430767810796347e+00,8.254052192513197994e+00
1.706679357851196066e+00,6.378789432851865726e+00,1.067145495235993380e+01
1.792434634820654793e+00,4.022054439843178564e+00,7.571502289291769827e+00
3.150564648074682061e+00,3.909814457584109171e+00,7.672568754152696791e+00
-7.463817756550321647e-01,1.632542074167017354e+00,5.245383134321512486e+00
-8.720612577525863607e-01,2.348055016963368047e+00,3.511878056710984186e+00
1.333513256092366817e-02,4.186792991171392586e+00,7.047676108755354107e+00
9.321092565601518665e-01,4.853096319128910707e+00,5.323028046729064933e+00
3.221585333403845119e+00,6.298337029981412982e+00,7.757757127586488721e+00
1.591229804167793915e+00,5.895706642018824439e+00,1.064323647265609196e+01
8.363582132889522569e+00,8.642720310937612282e+00,1.226413479323722378e+01
4.401449823654915994e-01,9.550340637707264158e-01,5.242570895711359924e+00
2.453600906421684158e+00,3.076222567355318738e+00,4.051256930101471809e+00
-2.398537200414028181e-01,1.018247090978844582e+00,4.657410523775920019e+00
5.942862728151308893e+00,7.405535008442956979e+00,1.038595930554147984e+01
-8.945873024171313581e-01,1.965126033506718439e+00,3.976434131727796917e+00
4.138446952847311344e+00,6.835894775970377424e+00,7.426853844779028435e+00
3.245985250870895733e+00,7.626856509515293148e+00,8.662239708103918190e+00
4.812861450579575262e-03,4.405945975518536173e+00,6.999633172793492619e+00
8.717507237373376405e-01,3.941430312742534081e+00,5.227915453787501221e+00
1.962673096885390045e+00,3.074320412181783535e+00,5.527835251833122854e+00
5.659442281274602582e-01,1.902741193701793065e+00,4.018436353291274798e+00
-7.639462951754079079e-01,1.437153431450893581e+00,2.791740054607300792e+00
7.432611879061736815e-01,2.201911106940869445e+00,7.066458159420296425e+00
5.074510048528242834e+00,8.011786296245324124e+00,1.217115939633595367e+01
-9.214685408538184630e-01,-6.927571168552435488e-01,-6.831340266708172404e-01
3.449805960494658486e-01,2.940492522563273425e+00,7.074519043749101677e+00
1.299575254209095920e+00,4.354169439608446268e+00,7.448317871245535571e+00
5.636805385161401949e-01,1.260472624007677345e+00,6.153310017307846991e+00
6.064862439220215506e-01,3.254989371036786316e+00,3.767998486903652022e+00
-4.685082372664203909e+00,-2.614095898872946577e+00,-2.254239995324925250e+00
3.676961818332932452e+00,5.767663148680587604e+00,9.325472127375658005e+00
3.461061819485068192e+00,5.078692661819653509e+00,6.644203973217940984e+00
-1.289094088528577986e+00,1.282602085847972306e+00,3.775031821253832298e+00
-3.504755727747784988e+00,-1.169042301679273033e+00,1.415179433726468927e+00
3.501933578015691495e+00,3.741729330289645272e+00,6.113062928458523615e+00
-7.148791755908503021e+00,-2.188738001110253073e+00,1.632939832147783488e+00
-3.303464472649694450e+00,-1.865618543460333845e+00,1.522951228771248777e+00
-7.693747894198809112e-01,8.801379988237546526e-01,1.837708611404408554e+00
1.620156701434613655e+00,5.487915343551523328e+00,6.535847039259101265e+00
-1.544626344843734955e+00,2.748503492258755898e+00,4.650551570868568518e+00
-5.005302572155438057e+00,-1.221085476237746104e+00,7.689708755118362937e-02
-7.696721244590833955e+00,-4.433045189827898191e+00,-3.370386338024320860e+00
5.222241897808685973e-01,6.313965714249956118e-01,4.704417399991886128e+00
-3.125856571670483586e+00,1.154957011426350544e+00,5.557827988394551610e+00
-1.049787144064435462e-01,7.650881219041774650e-02,3.881117919754665468e+00
1.429161899586000928e+00,5.608513944376087856e+00,7.167004595982986892e+00
-2.663844704429125798e+00,-3.115882099955744611e-01,1.727987538092994990e+00
-9.067431937828922983e+00,-6.866920242963516330e+00,-2.633399299764543677e+00
-3.435647226079151739e+00,-1.346303468492357602e+00,1.655155471817870705e-01
4.832641474041873275e-01,1.135180087839693597e+00,4.509376667291958185e+00
4.075373543466084270e-01,8.285570228845775542e-01,1.134468307186442759e+00
-4.372929221121166776e+00,-9.650327852773523674e-01,2.506411959413585855e+00
-2.559367027729227750e+00,-1.563966795090081963e+00,3.221956401912027257e+00
-1.057698618121402312e+01,-6.637916170725839393e+00,-3.205775957453325109e+00
-4.254599196655719950e+00,-4.828613499272915721e-01,1.576573574727852423e+00
-4.134741314473798113e+00,-1.856528906044194294e+00,2.494545487974212605e+00
-3.198240540496976037e-01,-1.927289713922968328e-01,3.819376805197927993e+00
-1.803573064786210933e+00,4.342696625622910478e-01,2.754112085070058669e+00
9.567171284088402672e-01,2.585215283658360619e+00,5.620575470703396803e+00
-7.480686560491930592e+00,-4.102319784819055570e+00,-3.298551577172085025e+00
-8.043004022338092085e+00,-5.214419636997941865e+00,-2.889860323528034236e+00
-7.059950749605194531e+00,-3.150407405211022027e+00,-4.239709427466133995e-01
-5.878343935786540797e+00,-3.730477874249286785e+00,-1.085822582306092077e+00
-6.547084001594333458e+00,-4.094246472201135134e+00,5.816427959093530831e-01
1.063842503410550311e+00,2.623281232786847106e+00,2.810026002170039838e+00
-4.668667638284217603e+00,-1.358683867298861703e+00,1.660531736865318742e+00
-5.281366766088906317e-01,4.021709871332685537e+00,4.609092958150679209e+00
-4.608467442339255982e+00,-1.995239337814104674e+00,-1.241384087660166724e+00
-7.869751500094468000e+00,-5.591206651519293302e+00,-1.594358246606374152e+00
-8.875555621906253023e+00,-4.588615440518514887e+00,-4.193136388408973403e-01
-1.915203117208605033e+00,8.218210503028231528e-01,3.991621667793369355e+00
-8.497289198093799456e+00,-5.739466509613459166e+00,-2.933287615273829196e+00
-5.175289529254739840e+00,-7.495350866411181201e-01,2.968293877041578988e-01
-5.771367879892483899e+00,-3.577538477872260092e+00,-5.272242267523763459e-01
-9.206471446622805033e+00,-5.379710704322801185e+00,-1.570262087194644440e+00
9.013176934870812396e-01,1.487559470061788680e+00,2.597109296972992976e+00
-9.075843059635587906e+00,-4.518251990584003508e+00,-2.730655546599130012e+00
-5.328148865559665381e+00,-5.314585655918103058e+00,-4.315600313851518877e+00
-7.994372051000027568e+00,-3.146611562677732010e+00,-1.597868731233613726e+00
-7.579995799504063214e+00,-4.511423055070128640e+00,-8.781735541262891687e-01
3.498607316115358579e-01,3.582774912982229942e+00,5.470605846761939617e+00
-2.107332093284815855e+00,4.474348351206280938e-02,4.234670046770256491e+00
-8.295127753447589569e+00,-4.981202096358135378e+00,-4.864025730005191228e+00
-5.723849776181648252e+00,-4.706561848572595963e+00,-3.275072156889630826e+00
-1.123636262207480563e+01,-9.408929114259660054e+00,-6.524460497286614924e+00
-4.839547427838906124e+00,-3.006994445976972408e+00,1.118065135972677204e+00
-8.096749434467611195e+00,-5.727571540282398566e+00,-3.216677705021073308e+00
-5.425040495666177520e+00,-3.288094569932961786e+00,-1.735762817970396110e+00
-1.313921441496812648e+01,-9.515213820044454707e+00,-8.367398886797616342e+00
-7.206881005487115743e+00,-3.759431933729645792e+00,-1.110901185625324139e+00
8.442734587293105886e-01,1.355589631512243542e+00,1.445425864262187776e+00
-4.484952091038363342e+00,-3.637733982847512593e+00,1.673704456456528433e-01
-8.105379136112475180e+00,-6.182391324753024442e+00,-2.158008776807635698e+00
-6.485898187291049055e+00,-3.976369110936524898e+00,-3.812635969315699480e+00
-8.393251287967284924e+00,-4.162759413955310350e+00,5.185577642112724206e-01
2.180962150360951313e+00,2.552038161902382640e+00,3.593791502495454537e+00
-8.651587652287403785e+00,-5.073823050965240888e+00,-8.794533815829819190e-02
-1.211690438283397242e+01,-7.735385763749304644e+00,-7.240646458778333461e+00
-7.145883103527374658e+00,-4.109697632127803146e+00,-7.836791245521825822e-01
-6.788542500334180829e+00,-3.634382060730375841e+00,-7.940807376717673449e-01
-4.040352405708675043e+00,-2.579332913000105698e+00,7.631979223304496962e-01
-5.684746642063304378e+00,-2.042490312255615059e+00,8.363406910238011527e-01
-9.708333965027811097e-01,1.514944235921083404e+00,2.610096978439807369e+00
-8.902394151575341752e+00,-6.178773986580286426e+00,-5.537521653901453789e+00
-6.853439738812338256e+00,-6.489859781373450431e+00,-2.600603802917972551e+00
-1.341067822841386104e+01,-1.002931506695376740e+01,-6.784154016861929648e+00
-7.157534590765950000e+00,-2.516895967822169400e+00,-6.130323864667743816e-01
-9.195658293210572154e+00,-7.196998185671849235e+00,-5.128263662805622403e+00
-4.217611876052853148e+00,-1.891196422670256005e+00,6.730185233599117467e-01
-9.961142373732926103e+00,-6.071055213282086527e+00,-4.982538661988657580e+00
-1.616578208295288643e+00,5.538439848520750886e-01,3.079480819234952094e+00
-9.796228409275178350e+00,-8.950640041782682133e+00,-5.440926435318289123e+00
-1.886988272398190780e+00,-1.605634564841384559e+00,1.323927927063520471e+00
-2.996080945125911388e+00,-1.985370144006652460e+00,-1.943028840002135160e+00
-4.716701829365014476e+00,-3.137843668774888517e+00,-9.921402662078722123e-01
-1.217472739827906203e+01,-8.088221500536027619e+00,-6.048993229028509333e+00
-7.737189877724420128e+00,-3.160012041876589794e+00,1.052681958985532074e+00
-5.351734034421825825e+00,-4.388046011892733134e+00,-3.609459446199737798e+00
-1.149202185068988058e+01,-1.027281172346679128e+01,-8.474402257176954834e+00
-3.036162987452827089e+00,-1.187601447696859935e-01,5.016473640311865934e-01
-8.500315549700331985e+00,-5.840109128896244783e+00,-2.936242966345576910e+00
-3.671925645488545165e+00,-3.674744326053662746e-01,2.382985819265183380e+00
-9.145977408209695625e+00,-5.020119055972813271e+00,-1.812166849728559903e+00
-6.497074206485295989e+00,-1.874316466155516725e+00,1.630304033559042853e+00
-9.582732558629695419e+00,-7.402181474370898684e+00,-6.353758580223468400e+00
-4.233367148747831266e+00,-4.180763607034045926e+00,-3.728749419137534105e+00
-5.339234237437859854e+00,-4.390855532278420625e+00,-3.308648770308745934e+00
-9.500469163991811072e+00,-5.790248757239508492e+00,-3.859969766893641907e+00
-9.044727772147341582e+00,-7.422030360812190253e+00,-7.160192591827550856e+00
-1.670113667423979820e+01,-1.400783394262611026e+01,-1.094328953592318854e+01
-1.172522252724661662e+01,-7.335935447219858574e+00,-4.821725162938565568e+00
-2.725114399782102570e+00,-2.686513593316985471e+00,-2.360119804527636589e+00
-1.031630137446900619e+01,-8.961274679528717257e+00,-8.265346761584547508e+00
-1.217863417402058346e+01,-8.325697128323099605e+00,-7.786412222708551489e+00
-9.853681535150430548e+00,-9.049764121458615307e+00,-5.715827303065873721e+00
-5.298706765839066080e+00,-4.100564923364068193e+00,7.448400314793834909e-01
-1.170362049918101199e+01,-7.387682009823505425e+00,-3.664981151031997619e+00
-2.740533910485936975e+00,-1.024851568902039212e+00,-7.409516973905826420e-01
-4.140636075381170400e+00,-2.458631283953564228e+00,-5.749819832244520423e-01
-4.674090762622359563e+00,-4.036926708107656303e+00,-3.433722686478689390e+00
-7.039006099549737883e+00,-3.698464449509080154e+00,-2.536452322042596741e+00
-1.026043979089917890e+01,-6.870386267460217411e+00,-4.128879528480064565e+00
-1.134639035348486225e+01,-6.839071104354869313e+00,-2.853221715832231720e+00
-3.142456555641201632e+00,-2.385596392344774497e+00,6.652113464721867153e-01
-5.010057718803436089e+00,-1.744423972042641324e+00,2.565848514632001809e+00
-5.546772053869909236e+00,-2.341988240669855337e+00,-1.638417152957033718e+00
-7.115206701588032701e+00,-5.822960557358980438e+00,-2.634965788557063870e+00
-1.010560097317673822e+01,-5.545889101208407723e+00,-1.088244267156763811e+00
-8.922118889437591349e+00,-7.126188185893717275e+00,-2.972821637291425567e+00
-4.539887632529729267e+00,-1.983448142483148047e+00,3.382657226279026652e-01
-1.188261333606558523e+01,-1.012817765146028393e+01,-6.737163680638782459e+00
-1.380843191038365703e+01,-1.081044384458719065e+01,-8.937124666897762637e+00
-1.397876425464378158e+01,-1.016457331896311800e+01,-8.267845914977879573e+00
-1.345061024626477852e+01,-1.052867377451770636e+01,-8.566759224068274392e+00
-5.625423649167918816e-01,2.184096489781151007e-02,8.278128431826133893e-01
-4.920216031500016740e+00,-1.636521669953235669e+00,2.419595276008058793e+00
-9.880794216727130319e+00,-7.538479394233283060e+00,-5.910543438604759281e+00
-5.887139426860585445e+00,-4.204652020123138989e+00,-1.216415537418094051e+00
-1.770521551702945118e+00,5.679256827534819863e-01,5.716192103736047470e-01
-6.127247027458725626e+00,-2.269887153827533588e+00,-1.558297464703731983e+00
-7.409051092810767791e-01,2.633145298693812641e+00,4.354214857418264195e+00
-6.880776165670727806e+00,-3.990763234342357357e+00,2.848236480913701740e-01
-6.321285197396158573e+00,-5.549922213689731265e+00,-1.661746178505421501e+00
-6.954313703914437816e+00,-6.762771454990454956e+00,-2.155928551693348183e+00
-4.389978523317543235e+00,-3.382045867060292199e+00,5.900226050390746657e-01
-9.129819993441252723e-01,-5.768795331529781301e-01,1.058362571276281194e+00
-6.186104574099946518e+00,-3.018367597834156868e+00,2.757557694292689376e-01
-7.813643313148785907e+00,-4.319595346550415549e+00,-2.565299970450302780e+00
-2.733376450859438922e+00,5.966646885778734699e-01,2.739171864891365438e+00
-4.342346196088508137e+00,-1.512746587354794947e+00,1.223385861653892626e+00
-4.205619715285051186e+00,-3.364920384476568938e+00,8.680709138590301244e-01
-9.583962388247368125e+00,-5.248256662702720732e+00,-4.229629859752977339e+00
-5.717057088715266744e+00,-3.634389651985888481e+00,-1.310010799956053074e+00
-4.118737557052316589e+00,-1.374127473095864360e+00,-1.262764447725102990e+00
-8.847552053746213119e+00,-5.053476380819189373e+00,-7.436848436973804155e-01
-7.043195003680592592e+00,-6.332225614781135548e+00,-1.849080855922827560e+00
-8.243919181572222143e+00,-3.989358099520771361e+00,-1.278074349535397225e+00
-3.986654378506933938e+00,-2.612995828195353809e+00,-1.575547456793598089e+00
-7.364355380195988232e-01,1.709191676292260986e+00,4.245212406845468855e+00
-9.034319463126664118e+00,-5.774977735894278652e+00,-1.766790461932625789e+00
-6.200207660594072578e+00,-1.527708310769586575e+00,2.453696158546345263e+00
-7.497906531796502350e+00,-2.952679919115983598e+00,-4.558374220158318835e-01
-2.909175719025740570e+00,-2.714752749430708434e+00,-2.455601846897586427e+00
1.334787618331875425e+00,2.677225246656028457e+00,5.747156331430808507e+00
-3.282306334207425014e+00,-1.606185583973429143e+00,-7.754670609993992159e-01
-8.750942592803699682e+00,-4.498467109241926387e+00,4.265067502726802573e-01
9.181904673343831425e-01,1.001398100804989255e+00,1.448518562756742067e+00
-1.621940338696075123e+00,8.747534386131761153e-01,2.563089677777121267e+00
-8.390479240976068454e+00,-4.479723169016132545e+00,-1.208212149164450189e+00
-5.301955825422433044e+00,-4.959403997795591934e+00,-2.234987943436074431e+00
-1.735252422534321770e+00,-5.258969672733515566e-02,4.772973419802015727e+00
-3.662205598692921171e+00,-1.285810354534961952e+00,3.352508192046552260e+00
-2.651507873822845696e+00,-2.500634921118875198e+00,-1.984261588968456280e+00
2.474227928582486413e-01,2.178767982579938423e+00,6.613551511857803433e+00
-5.390517551249585537e+00,-2.667497154098409595e+00,1.453205470312711078e+00
-9.434583171153838599e-01,4.741898508589201811e-01,1.031661365738791636e+00
1.604050408280528028e+00,2.834244512040508646e+00,6.060761567629234570e+00
-5.962732220247927373e+00,-1.605646724174676798e+00,6.693499167470706723e-01
-6.941599424232338222e+00,-5.973521773809803648e+00,-2.785461544250508403e+00
-2.577506309083726244e+00,-1.592836452940906922e+00,1.258602058350836606e+00
-2.241145321980155813e-01,2.873440812314634885e-01,4.343019421935077062e+00
-1.193693705488600543e+00,2.832139578003420866e+00,5.538417068201677118e+00
-1.827172232403561525e+00,-1.636259201312027400e+00,-2.353321206510621266e-01
4.509621451208063014e+00,5.201045707528320960e+00,7.818324897868082601e+00
-4.268420379810412335e+00,-3.759748868455751847e+00,5.888836613094605710e-01
-3.516339979837373786e+00,7.344814620487709611e-01,1.514971836227043678e+00
-3.844198518243739038e+00,-3.697583432092464983e-01,3.112758098228495030e+00
2.511228519997365627e+00,4.495000500349557448e+00,5.259995959915352515e+00
-4.521469905406815926e+00,-3.860931294122650570e+00,-1.635515367014885868e-01
8.425637511444650229e-01,1.943450820429846626e+00,4.960719609654491435e+00
-4.288797833053574315e+00,4.061024963790005327e-02,3.006107440639635531e+00
5.978655548122686625e-01,5.467677260304014908e+00,8.695186724447960813e+00
-3.071328958405329601e+00,-1.498313391249295190e+00,2.764023267580675292e+00
7.859910614886578273e-01,2.340552917839129776e+00,7.198404815448711247e+00
-3.701305277745746025e+00,-1.312645552441845220e+00,3.453589788869562582e+00
9.555190101538009184e-01,1.873510195761162844e+00,1.930502721909159281e+00
-6.720010071031621290e-01,3.086554726901127310e-01,8.004973131244527140e-01
-3.301292859516269829e+00,3.684872524999573962e-01,1.691215528387297162e+00
-7.528105748700141930e+00,-4.330734801418793189e+00,-9.874496005757320560e-01
-4.585724575830285588e-01,2.982654244483319950e+00,7.145694850797087661e+00
-2.145409153471187214e+00,-1.400579881509153690e+00,-1.148259724278722471e+00
-1.545318729824380899e+00,-1.396793074636867971e+00,-8.778430554835421340e-01
-4.501582859924203817e+00,-2.605655180233509505e+00,2.231224513171845558e+00
-2.767319928391880790e+00,-1.001194439454187179e+00,1.263420206062424445e+00
-2.970543679399444414e-01,3.774929232529230738e+00,8.367919329626946734e+00
-1.123915289516557614e+00,3.733292226294459226e+00,7.865548349636332759e+00
1.964322015230336227e+00,4.476902305470167320e+00,5.624284544649744255e+00
-3.481327745934449602e+00,-4.894929651763861855e-01,4.944822686089862529e-01
3.062503129491490839e+00,3.341126790737549257e+00,7.937896466450869326e+00
-1.468367314966448678e+00,9.555842146138013860e-01,3.496785334049484550e+00
2.724371247064675927e+00,5.770466377384130041e+00,8.027509164579164747e+00
2.066267972076652359e+00,4.288420296582751590e+00,8.864146884404899396e+00
-2.938278299681441386e+00,1.144452345118867509e+00,2.207413337372647000e+00
4.879971744373118092e+00,6.338859890475916359e+00,9.641973091122684636e+00
1.986299178208627225e+00,4.841758773310953501e+00,8.672555542165872211e+00
-4.377417262173937118e+00,-7.392541552465066168e-01,2.803481906984545358e+00
-5.892467324820603203e+00,-1.491377770418021775e+00,2.341387700658557947e+00
-1.633295365862947657e+00,-4.190584231637637380e-01,3.945127571937297351e+00
6.994039371663894222e+00,8.671700397335900590e+00,1.322617281967626468e+01
-3.344109978548204687e+00,7.772398450407287385e-01,1.147666792821113724e+00
5.694404538805859950e+00,9.550807611802401453e+00,1.205137818076274314e+01
-4.067115760350548115e+00,8.184480309117665442e-01,3.110542710956860635e+00
2.610151481673496088e-01,5.960538867813620634e-01,2.061736702145300804e+00
4.702904313763780486e+00,6.853951433689097428e+00,9.813539823641105997e+00
6.325751027873211640e+00,7.086279947723449268e+00,9.661693084066108383e+00
3.654580303524764595e+00,6.071944313973121510e+00,1.025525710316284567e+01
5.014658572895074329e+00,6.526673126971610728e+00,8.774260346841073144e+00
2.433739115363107164e-01,2.186437229784442327e+00,5.347594083580048618e+00
3.001386840797472644e+00,7.182331764156331566e+00,1.056045242634724346e+01
3.169118880337243205e+00,5.494363858917399313e+00,8.683512334176226588e+00
2.157384593114106242e+00,3.768604404675696351e+00,4.489103613493527156e+00
3.638735752075238139e+00,5.237325374313439141e+00,7.455773203980704977e+00
6.027065572767510204e+00,8.223390237780819234e+00,1.191139645016763815e+01
1.622190812383046854e+00,6.303917616945017954e+00,8.248714629896348072e+00
-1.691469870996655578e+00,-1.259227277131121703e+00,-1.092161353037293559e+00
7.952786695111297988e+00,7.972550547602617499e+00,1.266305130633419651e+01
2.848153895159377669e+00,7.826320651868222456e+00,8.083241039649925241e+00
2.536529421688646480e+00,4.327572941321844446e+00,7.674298627798526340e+00
5.001447818187751082e+00,5.896174813896131184e+00,8.868360754922267830e+00
1.896001777411695954e+00,5.964088576609428038e+00,1.025452072516666391e+01
-3.765920654584523852e+00,-2.338172687749526801e-01,1.750036176361954299e-01
2.834993173967559343e+00,4.576972096849976523e+00,9.413685980705475131e+00
3.805404526332278436e+00,4.769179842540970604e+00,7.038810210398075640e+00
3.785857777679669578e+00,5.456742450958772750e+00,6.484433874423570998e+00
2.811173069775303013e+00,4.428853507535681189e+00,5.376446876705113453e+00
3.680769066498139175e+00,8.067035837056371506e+00,8.939252255799795321e+00
6.041353417395778358e-01,3.721856183712906496e+00,8.433434247768378356e+00
4.185575849610020605e+00,8.948804387749387246e+00,1.195092772796635217e+01
6.779226650069926308e+00,8.133706266414774788e+00,9.373195323003256973e+00
6.696845902939487338e+00,1.043419930009873831e+01,1.533773592403415620e+01
1.123136776399213055e+01,1.161934265874804595e+01,1.556668556557520944e+01
1.108789358024978000e+01,1.170282047807543080e+01,1.319374721356107472e+01
1.535115339764092646e-01,2.986629793879367334e+00,4.472753280495020078e+00
4.385234830381392612e+00,7.636540705115039351e+00,9.722520078222483875e+00
3.414018186277132383e+00,4.509586851616235847e+00,7.164240590888324434e+00
1.644120357510119845e+01,1.656125225089300557e+01,2.026664400045480008e+01
6.006959517375658919e+00,8.618403847903341131e+00,1.335190543787808082e+01
1.056542656541033587e+01,1.107937391151028805e+01,1.474083510265250396e+01
6.684438462087559429e+00,8.189190431856939512e+00,1.005493384858026040e+01
-2.714656760346891406e+00,-9.722231489098431823e-01,8.178864403842933672e-01
2.478625523141231746e+00,4.632800288526762955e+00,4.737824543121084808e+00
7.406995064076653534e-01,4.974486289722010568e+00,9.383466003081789353e+00
5.709122639765983109e+00,5.906905314413352315e+00,9.786921282367597286e+00
7.839051688253624306e+00,8.200414736781944214e+00,1.223948272820496896e+01
5.603477586375184671e+00,8.668416195486575049e+00,1.020018000384184731e+01
-3.745999263604868901e+00,-6.765862687373624951e-01,1.856644251140757707e+00
3.355179953266933968e+00,6.533954077325446086e+00,8.910812967318381794e+00
1.960274215730410940e+00,5.824647174018367402e+00,6.050994860977351841e+00
9.739803652353860031e+00,1.146121519582609061e+01,1.425764893625946783e+01
6.187694870756490495e+00,9.128910026096960451e+00,9.976634961016809910e+00
6.462612818435382600e+00,6.835260840924078707e+00,6.940153943208726695e+00
6.021016579182668416e+00,8.086084702864006601e+00,9.738020586320683236e+00
-4.562954489415376180e-01,2.382744517845309495e+00,4.630318694031528182e+00
7.484514941737065996e+00,9.454855216220817482e+00,1.367145818144727087e+01
3.201793080751299758e+00,6.309373825297920568e+00,9.539877477396565553e+00
3.188112455071857809e+00,5.097244363982030180e+00,8.981465944553267633e+00
1.072322009999321502e+01,1.148365795581735327e+01,1.349366160293283023e+01
8.145602396750280860e+00,8.381471922093366445e+00,8.958658686417230399e+00
5.174753806435872683e+00,5.582383087587260206e+00,7.789563745443026654e+00
2.294995165583769925e+00,5.781616951853655095e+00,7.345100505100253585e+00
8.573749924925968102e+00,8.706805233544558931e+00,1.224284719610143668e+01
7.448889669391380863e+00,8.486055005230921822e+00,1.209942844429515318e+01
7.683659432969817793e+00,7.720432557777286320e+00,9.282143063667513516e+00
9.247090340060286628e-01,4.030862766084798210e+00,8.386616618415050795e+00
7.108278276421229336e-01,4.481470040505254993e+00,6.729568640179590666e+00
1.815429908082117461e+00,5.408003922327686119e+00,8.095710958757495135e+00
3.000764620879000866e+00,7.067742401168096045e+00,1.092807014893908502e+01
2.654374617226239685e+00,7.533635462460828158e+00,8.058325800674358774e+00
5.473668710283185135e+00,7.177193243710262571e+00,8.139077271134741665e+00
4.158219536694958585e+00,7.312059954605133250e+00,1.063219844410438952e+01
1.227531826160078587e+01,1.329437168119492441e+01,1.540213468134021468e+01
7.181626849458359274e+00,1.019237796222288672e+01,1.348714397038634871e+01
1.068819041049222562e+01,1.120142533255483208e+01,1.580678947257746358e+01
8.849455695247435472e+00,9.019871270430463994e+00,1.388458328819454835e+01
6.251122189848502764e+00,7.832751290942390199e+00,9.414479154584478593e+00
6.601915157522084243e+00,8.832045134890337934e+00,1.230683693437055481e+01
7.466416283989328662e+00,8.264425202413422156e+00,9.539349102392211677e+00
5.186001787227544568e+00,9.993865211172918706e+00,1.437807592908420595e+01
3.563693341996549524e+00,4.625651765987095487e+00,7.490708942157914940e+00
8.686630545485160226e+00,9.704639298059145602e+00,1.245494558606295143e+01
6.180220787932007909e+00,8.009087262996224865e+00,9.821210962441256243e+00
-1.112990815161000846e+00,2.062358443659912055e+00,3.321562684495166895e+00
5.693397146112568308e+00,7.714695172087157715e+00,1.234098941910422553e+01
-2.658267450033364732e-01,3.510997251621851056e+00,5.427414468033710193e+00
4.643687095912500951e+00,5.794996424020816939e+00,9.090054575525284619e+00
2.852534863792035580e+00,6.890983291854444914e+00,1.119480669830010733e+01
-7.354556138659429365e-03,2.814051843209172787e+00,5.398051128268733123e+00
3.540970261870756364e+00,7.139182268536010234e+00,8.018016437064773072e+00
3.208420285045830767e+00,7.469114961815272125e+00,7.838732484262720845e+00
6.475419755153439816e+00,9.490504258718177155e+00,1.243897182911296539e+01
4.270326575576382844e+00,5.823838151520540407e+00,6.001152438343149598e+00
4.377426696512072724e+00,7.966701057673093445e+00,8.087571673433018304e+00
5.915424343541042518e+00,6.813482746485993502e+00,9.534666886305013023e+00
1.099754588103524888e+00,5.799669747408194631e+00,6.129337291003178478e+00
-8.980942302883776485e-01,1.995840451153861217e+00,3.640305625366500042e+00
3.277115256598464477e+00,6.624205113857093430e+00,1.138874919272775088e+01
7.799383358996988314e+00,9.142334937275542472e+00,1.392196986251792445e+01
-2.973204342103024089e-01,4.055811070375992422e+00,7.091090649536434753e+00
2.358978442824684052e+00,6.150161803267081950e+00,1.047460182494051395e+01
2.519663978898297074e+00,6.537007138688995411e+00,8.170545566907353674e+00
5.936146456503545110e+00,9.999166840711541937e+00,1.156676104681253392e+01
2.388584658177987485e+00,6.723981119877469936e+00,8.001311373079094125e+00
4.576882297563636293e+00,7.438186594892364667e+00,1.090280481760067133e+01
4.357738813425865665e+00,6.486694966337056556e+00,1.040155744299966756e+01
3.461947170604631197e-01,4.972974242176186443e+00,5.904239712509623317e+00
2.814993887154492391e+00,2.982207145505085588e+00,6.114789230123741426e+00
2.453743088094363145e+00,5.464677401016982294e+00,7.171199669433287127e+00
3.505468611261911338e+00,7.432783494393778945e+00,1.156349623789465397e+01
4.893385173240277553e+00,6.553313574820027299e+00,9.964676072816523344e+00
7.342476127455078938e+00,1.055260148570461709e+01,1.226582235949065414e+01
4.034439837812803020e+00,8.880181120609037748e+00,1.061219237694905004e+01
6.590082163423694794e+00,9.691502279943954079e+00,1.159213434316052194e+01
-2.603119968926282946e-01,-2.011468583716276015e-01,2.570456154636528989e-01
9.396631256151589895e+00,1.055821291546125096e+01,1.461905384902846095e+01
4.333543034135846739e+00,6.543867291765553595e+00,9.486985613142536522e+00
2.172866288134586377e+00,6.892149151147256347e+00,7.627267709635015436e+00
3.965039252244586088e+00,8.274136100372338376e+00,1.017031614018719310e+01
3.882051821573998751e+00,5.569451833388615825e+00,8.697093288067067718e+00
-2.280600227185993756e+00,2.212592525583417125e+00,3.955272087702902173e+00
5.875962765629641815e+00,9.683003971568144408e+00,9.779214394196134919e+00
-1.635090410139867778e-01,2.951999020825943010e+00,6.104792368295494320e+00
-5.660432593167192827e-01,2.214259342049200718e+00,6.903372463356326705e+00
-3.108139722792309101e-01,4.382142427576386723e+00,6.092446811612854063e+00
1.557758804472234804e+00,3.839580066050453766e+00,7.801457817943648010e+00
7.009409844293239544e-01,4.920497988770638820e+00,7.010342012955181445e+00
2.779770446871517198e+00,4.524903411588089064e+00,8.627986060393730838e+00
6.886012559047526516e+00,8.770360001024137375e+00,1.079652096403725814e+01
5.337747305307476431e+00,6.015399460835229917e+00,8.730145148544906419e+00
3.393070069258967703e-01,1.971547334183976652e+00,4.924580981298372961e+00
4.895981712358477012e-02,2.290005154444366919e+00,6.030687468262255990e+00
1.803768016835104904e+00,3.192632377870972427e+00,4.052630171907356527e+00
-4.053944245808676072e-01,3.109404379291192733e+00,5.030040393692106981e+00
-1.962769304042195628e-01,2.621740944775274862e+00,7.327084624280949754e+00
-1.656569866379407951e+00,7.638986085115231361e-01,1.525859254744906579e+00
2.709178860596536786e+00,4.842696426548872779e+00,7.235351305710347347e+00
-1.323607220742671231e+00,2.506284833646994059e+00,3.482226111130179547e+00
-8.159344145642961621e-01,9.185744221523988173e-01,1.168716019974160192e+00
1.620696687809203063e+00,5.130586344850229352e+00,8.850248064348493315e+00
3.831182952662832264e+00,6.117139796676617891e+00,8.808483089998247806e+00
-1.013432786463333013e+00,2.735636404695305224e+00,4.077143557064990986e+00
5.680445082739955964e+00,8.715271512192014569e+00,1.353486825061676768e+01
6.625221113369622827e+00,9.915060205430638263e+00,1.030561088903745848e+01
3.205005198238819908e+00,4.656305545220016384e+00,7.251938574036631557e+00
1.292467838561261351e+00,1.655821671984390342e+00,5.038670731390798352e+00
4.941846424937326177e-01,3.765245638858317978e+00,8.146864091993139212e+00
-3.319233834311807296e+00,-8.192698935407571881e-01,2.641422855291666316e+00
-7.763741430261955623e-01,1.337169002391047634e-01,1.480653636858708655e-01
-3.265176108920188724e+00,-2.403906137118908326e+00,-2.092833145583825605e+00
-1.485333946992787979e+00,6.532561773036298369e-01,2.994772863621690817e+00
-4.487115710078878550e+00,-1.264752222530376891e+00,-5.608928904208236865e-01
3.125254559501417173e+00,4.198835046982362762e+00,8.190465859770439394e+00
-2.909836503620621517e+00,-2.722402972468085380e-02,1.195939386977615815e-01
-1.298559339035116444e+00,2.943464022584485917e+00,6.092492013706504395e+00
3.317266047299918696e+00,4.250461579482346153e+00,5.510790285766955066e+00
2.645999704576725176e+00,5.413736773702938265e+00,8.217742681332950383e+00
-3.293683233899932894e+00,7.322600858019565617e-01,2.525173276668650324e+00
-1.293567084468629780e-01,2.617159024315764082e+00,5.529848916806886727e+00
-1.879978029738791356e-01,2.605384285659434696e+00,2.969913512548097323e+00
3.230475066633067271e+00,5.286739438802476876e+00,6.981160045248914869e+00
-1.250179466415575202e+00,3.713709124780760984e+00,6.042151942218978888e+00
2.989515985703337542e+00,5.165655364156068075e+00,7.584093196268865356e+00
-8.442113630420188031e+00,-3.845700720573375975e+00,-7.884314474012539264e-01
-2.897563495626011232e+00,-9.518465581857482594e-01,3.611040424567675267e+00
-6.199735625760567359e-01,4.029241145259256918e+00,5.350804814585568003e+00
6.018829743763558504e-01,2.568863435146274465e+00,7.401156785388012693e+00
-2.360480047748577892e+00,3.447633965625198083e-01,2.503488785015768769e+00
-1.785923691739096153e+00,-8.089010153614270004e-01,1.113293183361663719e+00
-2.832846591883901866e-01,2.872888964416341118e+00,3.066394701368718945e+00
-5.954570994494110536e+00,-5.538039560595810151e+00,-5.511157535477008373e+00
1.576785940277129816e+00,2.671422612895032245e+00,3.586386607225125367e+00
-3.792634703009079011e+00,4.614037018035055393e-01,1.387593814862526642e+00
-4.688231223265135306e+00,-1.382326093947032097e+00,-7.905304239201509375e-01
-1.481035266071663692e+00,1.486763585273227495e+00,3.664864343792368029e+00
-3.326372619453484170e+00,-1.283032040818541608e+00,2.999777422604534394e+00
-9.802947776201588193e-01,-1.416974436249830160e-01,2.834393347738904723e+00
-4.580192585492702584e+00,-4.708723060424137019e-01,3.098611806429792281e+00
-3.118137260346838691e+00,1.798591845378131548e+00,1.809121227724511893e+00
-4.481563345906930174e+00,-5.976677332182667168e-02,3.007490007947287047e+00
-6.378829122941597873e+00,-6.366406469670961243e+00,-4.038937362803423525e+00
-8.753641911796597341e+00,-4.916455026101562709e+00,-4.003721550547641783e+00
-7.485545094966064461e+00,-4.093159187404087795e+00,-3.394817085743504492e+00
-3.588106811135158392e+00,4.291553828130694193e-01,3.271472224419258001e+00
4.615258417422860582e-01,6.309591050696825576e-01,1.085337642529365709e+00
-4.462435265581641275e-01,3.873081721787052345e+00,4.038088807065974173e+00
-5.771628708251435924e+00,-4.278915713780136798e+00,-1.444356275904659981e+00
1.528086834334458910e+00,2.595285736212653127e+00,3.716446564888768567e+00
-1.112231326502195650e+01,-7.242143206768161257e+00,-5.787170285207915654e+00
-1.663339013988626602e+00,-1.470424266607001540e+00,2.135184733424367209e+00
-5.654237339792479666e+00,-8.824075479182204029e-01,3.277262335127760107e+00
-3.729477467484946018e+00,-9.866673201096212154e-01,1.137751445094757674e+00
-7.358543889624113099e+00,-2.732718035184884542e+00,1.098409156406137122e+00
-4.395069947145229250e+00,-1.541783740970213090e+00,2.857327853597176670e+00
-8.700248598034569625e+00,-5.691686780645713206e+00,-8.241634426351804876e-01
-3.771545235407654850e+00,5.199071560678572013e-01,3.272133309545386837e+00
-6.028901435640629636e+00,-1.414720387564883497e+00,2.974743808555417868e-01
-4.669479857168938430e+00,-1.164844750383444483e+00,-3.084667363596613754e-01
-7.651785258685805502e+00,-3.174960683394131511e+00,-1.934709933951036742e+00
-8.152266451812659298e+00,-3.407103893679255702e+00,-3.322146606941863034e+00
-4.342272691600474133e+00,-9.330882079184741329e-01,-1.828073594106924826e-01
-1.674369797383348679e+00,2.179687563543706297e+00,4.639217215011474771e+00
-1.140114426100141287e+01,-6.852892998180569961e+00,-3.277546949608184157e+00
-1.092609434924809975e+01,-7.084764406005615633e+00,-6.482367560104669302e+00
-2.516062696636833351e+00,-2.033256644950230729e+00,2.219531880983267591e+00
-5.035401800994813826e+00,-3.906532583082213961e+00,4.281765473136784905e-01
-3.327083348915273575e+00,-2.614392661527052297e+00,-1.072136258258004515e+00
-7.777244378916499556e+00,-3.133550732615392853e+00,1.065038432791971523e+00
-1.541513512581170087e+00,-1.270300293053594931e+00,9.701872583722233045e-01
-8.616954330370532489e+00,-4.067615119652479905e+00,-3.993825909026909926e+00
-7.441783318335883024e+00,-6.905185884495104176e+00,-3.679206459267336804e+00
-6.245063586843908610e+00,-5.720146172332359669e+00,-3.475954916630308311e+00
-6.439674273519147008e+00,-3.900560363934794772e+00,4.007099536003977391e-01
-1.203825901951525523e+01,-7.251304918080170303e+00,-4.690150178342776144e+00
-6.214492045190626257e+00,-3.662690436665715144e+00,-2.871374421786132558e-02
-4.396660651428801359e+00,-3.434127568188258817e+00,1.270165135010650648e+00
-4.758568347642115448e+00,-4.752573725376265656e+00,-4.743604375014825791e+00
-6.241089694829591750e+00,-3.112757885812856173e+00,-1.405334424409014904e+00
-1.063356941062170691e+01,-8.642993209131423882e+00,-7.535807329844756097e+00
-8.756909766367419579e+00,-6.717897779291117644e+00,-2.577982062177668787e+00
-1.083931283606929341e+01,-7.343065595117862721e+00,-6.869796815902526887e+00
-1.613842184790570400e+00,-1.330442991554781074e+00,1.200520995829509996e+00
-7.557740694564429873e-01,2.895030747375412439e+00,6.217476092857503467e+00
-1.103832947175293455e+01,-6.717756003220005212e+00,-6.051432913926370283e+00
-7.859995749371944562e+00,-4.831232564983044320e+00,-1.001159828333030966e+00
-1.094356382280717455e+01,-6.254359882656561176e+00,-5.749944695733089972e+00
-4.755515305433373641e+00,-3.557306051824442150e+00,-1.784348891010133720e+00
-8.795198885583246806e+00,-6.091446760323039555e+00,-4.048385788291119169e+00
-7.767022652784083547e+00,-3.461436232708211325e+00,1.291198456702013164e+00
-2.706947451804607052e+00,-2.356554170443543761e+00,1.141848991094708055e+00
-8.634624288978990592e+00,-8.063257695234943512e+00,-3.573481925550577643e+00
-4.326160319490042205e+00,-3.615667602263990865e+00,1.341888440481016964e+00
-1.198782476481851944e+01,-9.849073705146963675e+00,-7.939389291893194311e+00
-8.202861583089431363e+00,-5.271459161290699136e+00,-3.299676978828980811e+00
-6.679564399191882273e+00,-5.506096365796725678e+00,-2.360377144825597462e+00
-8.895718406759732133e+00,-5.253900413959392779e+00,-5.272923879463631280e-01
-7.577924879593506802e+00,-5.532331841698196584e+00,-2.003467164046761173e+00
-1.027682887483786622e+01,-6.108811292128192960e+00,-1.951892212787982750e+00
-5.618816602926066217e+00,-5.447465910027132097e+00,-3.668954309866200081e+00
-4.027089795400298655e+00,-3.959997999568918292e+00,-1.164598395940757758e+00
-8.223578340783845420e+00,-3.898126210281766202e+00,1.764639574099233776e-01
-8.428222813600319441e+00,-4.371974950068648447e+00,-2.612794960881218653e+00
-6.688870948616383316e+00,-6.457222674512835603e+00,-5.595134066244157545e+00
-4.865911353078777424e+00,-1.512454558037903407e+00,-8.432405857026820106e-01
-8.192468220768842624e-01,-1.926049833082474905e-01,1.575771212255378639e+00
-9.119960177012256253e+00,-8.647286037364551703e+00,-6.998365326638923634e+00
-9.149234914747816916e+00,-4.300771646123911829e+00,-4.201016102200089364e+00
-1.036041471481057208e+01,-6.207700678718747866e+00,-1.239592363646890405e+00
-4.216359732581802966e+00,-2.034333361993524214e+00,2.680943481721720367e+00
-6.160641651679199526e+00,-4.854917309292385852e+00,5.656919695369388990e-02
-8.969517367058241319e+00,-4.661760812342323312e+00,-2.382729621279970900e-01
-3.990694463049639928e+00,-3.338702668975721544e+00,1.011609420251466496e+00
-1.042580029896391203e+01,-5.716685345610264868e+00,-1.621445450110288178e+00
-2.470583957028896771e-01,2.097617205325477130e-01,6.336448825599191315e-01
-5.078256458244882587e+00,-3.290226490111957780e+00,2.344018464323420758e-01
-2.081803574979529614e+00,-2.019539434143700518e+00,2.733689296841104621e+00
-8.096344868567372899e+00,-5.469098538000205956e+00,-3.677236324582406013e+00
-7.973368852449636890e+00,-5.167224206496912942e+00,-1.588293223127844378e+00
-3.719561794014787370e+00,-2.353166355352171557e+00,-8.975481192128560437e-01
-4.982923477641231003e+00,-2.642039228079470004e+00,7.076144047214691923e-01
-1.203915348044409939e+01,-8.507301805835124853e+00,-6.887018608716923396e+00
-5.974735704157041027e+00,-4.362277906916038006e+00,-1.926734176050643566e+00
-6.015323938593568620e+00,-3.305715435596457752e+00,-5.864476090009951292e-02
-8.186912538033281450e+00,-5.098364129533823785e+00,-3.235774709500374602e+00
-5.033531754784963397e+00,-3.549097803452470945e+00,-2.009491847796068154e+00
-8.153478437365844655e+00,-4.926473148848474537e+00,-2.760735376941723551e+00
-1.204929854331120076e+01,-1.137755173182747725e+01,-1.134793643619621406e+01
-8.691374589481476676e+00,-8.542987769153139510e+00,-4.205406033657834719e+00
-3.945724803835013006e+00,-1.656588746932654566e+00,1.630547273032733724e+00
-9.929321458281794577e+00,-5.284133977637633706e+00,-4.652734707255865132e+00
-6.187682523274737889e+00,-3.949603046363519887e+00,-1.254266061970280344e+00
-8.703244988096237478e+00,-4.495570451927356714e+00,4.730216711807866403e-01
-1.048306268618553183e+01,-6.924670252896410361e+00,-3.715499737928634527e+00
-1.041401065042743213e+01,-5.812448003557959098e+00,-1.625543438807394381e+00
-7.710295260855929200e+00,-3.385074438133055086e+00,-3.371545814781217842e+00
-5.610089891069675261e+00,-3.037929433387091649e+00,8.757134035395162108e-01
1.369733144805646896e+00,2.277018757184144704e+00,6.034280215199423480e+00
-5.722838259934114546e+00,-5.677037501672216990e+00,-2.801204046048497265e+00
-3.442458055005114481e+00,8.141825449615920363e-01,2.970924336088323514e+00
-1.042850248889205034e+01,-6.731239850312195294e+00,-4.079246500757848892e+00
-5.871260237300064411e+00,-2.634805345198643067e+00,-5.146576582102646569e-02
-5.895147597330621103e+00,-3.515963881001120672e+00,6.921690170649390517e-01
-4.838250342135012261e+00,-4.374534414189614751e+00,-1.451277987434459682e+00
-4.533717383761247888e+00,-3.959664944772238293e+00,-1.145625386546730518e+00
-1.057267848918708353e+01,-5.754698275778471483e+00,-5.469208820721977560e+00
-3.227765788382038981e+00,-1.117731772400073709e+00,2.892124228980327949e+00
-8.146785980183073761e+00,-6.298328138331529047e+00,-3.696754301011523580e+00
-3.330944778681162788e+00,-2.757405744273921933e+00,-1.642039368076962935e+00
-4.812515858585642015e+00,-1.380389831331763517e+00,2.762547938741202636e+00
-2.664117842738310316e+00,5.681639055911205105e-01,4.752768302983932713e+00
-3.632422884106170535e+00,-6.041355482351820072e-01,3.446905496441731387e+00
-6.650125499950185315e+00,-1.735691495265454964e+00,-1.321567824575748951e+00
-7.696516748012409259e+00,-5.298268597363859911e+00,-4.348805265600247161e+00
-7.999210892634371461e+00,-5.673068154561271115e+00,-3.175134430401996610e+00
-9.770353384039168532e+00,-6.660747003010413003e+00,-4.464257068094455327e+00
-8.499255464465008458e+00,-6.875693325654001598e+00,-6.659851848691721976e+00
-3.277602658701734395e+00,-3.103634990186837861e+00,-2.228593231206931424e+00
-7.451793050324876155e+00,-5.206861001716410975e+00,-3.119280820426589607e+00
-3.042834087601661297e-01,6.491940611013422568e-01,4.760891919999803434e+00
-8.025412110380887754e+00,-4.607946052071791421e+00,-2.892121144151233558e+00
-6.494439389306359445e+00,-2.509601629251533517e+00,2.436627898455949293e+00
-4.731573176685964555e+00,-3.506361057794430636e+00,-1.693411528609159777e+00
-1.180733037119216888e+01,-6.842839110631111055e+00,-6.153426254103973925e+00
3.334793483943732095e-01,7.194181650252318150e-01,3.324373966564817540e+00
-2.721066012115322508e+00,-3.789204980271598799e-01,1.252323686851519735e-02
-1.399292667542333835e+00,5.088744756407415082e-02,2.145570763836441852e+00
-4.621073753378041715e+00,-5.100256455598592975e-01,3.029186125209730740e+00
-9.059040898851108636e+00,-4.486407706553494634e+00,-2.823908021713231076e+00
-5.887004507407122667e+00,-4.340112394904620530e+00,-2.024203891015686096e+00
-7.126081526187967308e-01,-6.749674680831792006e-01,3.616329723265196971e-01
1.630529484875326895e+00,2.687885035955862367e+00,2.993335201503137810e+00
-2.967538751038341527e+00,-6.918853024199349555e-01,3.835715724113791136e+00
1.157445573785894410e+00,1.177597656458328146e+00,4.319670990019613299e+00
-7.639122649959684708e+00,-3.242459060725567443e+00,-2.704853547626016486e+00
-2.863707297036892641e+00,1.722584118602533465e+00,5.815192335926351319e+00
-3.807471734224966653e+00,-2.734615009655616102e+00,1.792102868315179176e+00
-4.680194926240067943e+00,-6.601159949958593787e-01,-1.031705303185262990e-01
-6.535629393761574590e+00,-2.382632156984987759e+00,3.282825365119008687e-01
-2.599234619785646849e+00,1.480564922720586374e+00,4.568889907052593458e+00
-3.398858815439591563e-01,1.619399160863328024e+00,4.625101508525808924e+00
-8.601374485132422976e+00,-5.420470781814678674e+00,-1.589440043880105513e+00
-1.068170356013391942e+00,3.085238436675403317e+00,6.401291781065639341e+00
1.390487676286253027e+00,6.338728721626338825e+00,1.023148341586248300e+01
-6.309511635099488203e+00,-1.755686640905725460e+00,-1.582149740824767559e-01
-2.549796019282736470e+00,-9.686588587197876299e-01,8.430165223620528225e-01
1.033482366399732566e+00,3.232063813098327909e+00,8.039064488233599093e+00
-5.509868335508010251e-01,-1.833307368392121384e-01,2.308887161628847107e+00
-1.098232681728258164e+00,-2.924300735941346985e-01,3.762036753501888597e+00
5.358306611322421809e+00,5.514027951377237002e+00,7.789749237205006338e+00
-6.109373729459670166e+00,-4.135668614828412970e+00,-3.674763664824453713e+00
-4.218718773570789615e+00,-2.335124022262507815e+00,1.710028467865725155e+00
7.028139815415302971e-01,1.390187248413047971e+00,6.307716029923213341e+00
-4.908855038871371868e+00,-4.616583313220295359e+00,-3.171069447433606747e+00
-4.645792363279475978e+00,-7.712967922908224860e-01,1.016309621931639873e+00
-3.094536516318996178e+00,-6.927690692960599694e-01,2.405234878552001687e-01
-1.321477018912626811e-01,3.445331708890121636e+00,4.343039773442530560e+00
-1.498549835894851245e+00,2.745105649527834313e+00,5.442603376008049665e+00
-7.017160746043992425e+00,-4.276376601165932989e+00,3.911813600443663219e-01
-5.064113520080434583e+00,-1.199115613807604230e+00,2.516581818532016346e+00
-5.373007030916999938e+00,-1.082806199862353047e+00,-6.237197808368180052e-01
-3.185351314630912256e+00,4.448705001047964513e-01,1.610910065617181086e+00
-3.495444203600202915e+00,-2.090712499956341119e+00,-2.014981813799129107e+00
-1.804337826820283652e+00,2.664267489407613709e+00,6.359832149947699520e+00
-1.362246772706368292e+00,-6.658111170288019132e-01,9.738048995500923066e-01
8.903779909650637592e-01,3.290042326283400875e+00,5.759596237496851678e+00
-1.355261322320121975e+00,1.623008381398060029e+00,3.983926930040750491e+00
-4.423549943965868536e+00,-1.180323365622138576e+00,3.239030614275034026e+00
4.020606661479636301e+00,6.010969437582886599e+00,1.039452403453717899e+01
5.108374593358043114e+00,6.206425673367935048e+00,6.813332298679288357e+00
1.734224499014352716e+00,2.931230982072153157e+00,3.964194257213737860e+00
-3.476060420037146770e+00,1.449334997210721232e+00,3.354603629435238155e+00
-4.152754851256087676e+00,-8.953885065826656664e-01,2.584874758359348323e+00
3.367069356796135171e+00,5.593112470452523688e+00,6.710971144393759857e+00
2.763197961472303454e+00,4.953688028915878228e+00,7.322492460448073004e+00
-4.620576571283774747e+00,1.494618783189709532e-01,2.992580403499515818e+00
-4.213019313728327830e+00,6.363437129769295986e-01,3.519906958100003980e+00
3.447506128115352286e+00,4.172496206153302190e+00,6.094379397278326671e+00
-4.581620559371479828e+00,-6.200539296843183834e-01,1.488057409690969557e+00
6.346499365935827086e-01,1.133319160801671943e+00,1.613699963742060817e+00
-1.193013449948667315e+00,-7.689669658190734225e-03,2.816169248618914267e+00
-3.958643629880239434e+00,1.921312556181491438e-01,2.860694999802819272e+00
-2.570869664570101687e+00,1.159532268793875165e+00,4.387497786571469049e+00
3.519270863296181773e+00,6.139766789011595449e+00,7.213806425471570805e+00
-6.156293365887616886e+00,-1.740450667444405575e+00,-3.618736817096415148e-01
3.660352228575836087e+00,4.924451878353003131e+00,6.213440000874175695e+00
4.019570004396856078e+00,4.497997246186578479e+00,6.991267450709725217e+00
5.091007576857249362e+00,6.728659015404811150e+00,9.338368920712614596e+00
2.427957044452087931e+00,4.693533950148436773e+00,7.292492979231857575e+00
1.395619046637897487e+00,2.883885806076545766e+00,6.959576371207022660e+00
-9.992451282879777352e-01,1.671719876293799700e+00,2.713893221088525820e+00
2.676310510973422652e+00,7.185329012227663625e+00,7.732604516395943151e+00
2.133381863273853263e+00,5.800554267782018769e+00,9.192796291635886519e+00
2.560767203772399192e+00,2.925061816623618860e+00,7.432599893350866793e+00
5.643515309187790763e+00,7.225077418096658377e+00,1.092955249616966640e+01
1.868659980986888458e+00,3.253667910241101247e+00,5.882126625978832735e+00
-1.811714878280294982e-01,4.680496581232395314e+00,7.734378630573297109e+00
1.479308910825273715e+00,2.960922718127703579e+00,5.252808450166419618e+00
3.085750531220610160e+00,6.465956286628058436e+00,8.691900764208346786e+00
-2.582851181437356924e+00,1.970891630389495663e+00,6.308195312371944752e+00
3.411635834331912420e+00,4.145686719134530129e+00,8.070391189451500580e+00
-1.547370101475630477e+00,3.164704458318223779e+00,4.749245580193171890e+00
4.814216316183511424e+00,6.005314885955970183e+00,6.053258617490367754e+00
5.886043510726548078e+00,6.464330688450083962e+00,1.126889604324135874e+01
1.143135915178616901e-01,2.069921730205548371e+00,4.006629427498794804e+00
5.350666556743884250e+00,6.684061146717742652e+00,7.504355700138194862e+00
-1.428191171575661667e+00,1.115759783165654717e+00,4.731698066086875265e+00
9.447812169442457275e+00,1.220178883744831388e+01,1.237904002220770927e+01
1.527940464967194600e-01,4.170142251315055226e+00,8.828113009786514809e+00
6.727881315002028018e+00,8.929765019039132667e+00,1.076208778303743507e+01
5.312340201299201148e+00,6.461610254079193538e+00,7.970961753265592975e+00
3.436072022626938782e+00,6.658309560576172181e+00,1.050904019989054383e+01
8.470963398631443653e-01,2.508175021599842403e+00,4.206538138489608336e+00
6.353326508119190308e+00,8.608833106631138321e+00,9.459846989229610870e+00
1.659143334264721936e+00,6.295184275150076836e+00,9.822464617417335120e+00
5.461074814359644591e+00,7.628991955731899921e+00,8.240354515176621319e+00
1.770209306564782814e+00,6.014337047688122162e+00,8.432908772572142553e+00
2.758658905182107990e+00,6.743073325443838861e+00,6.910043761698083209e+00
2.388160292231805037e+00,3.756430773641579179e+00,6.866907657098599849e+00
3.583175177198238526e+00,6.022791783336582938e+00,7.498151673219737745e+00
4.278164874646325444e+00,5.283816062025417537e+00,6.792882707777829765e+00
7.755726006772949432e-01,4.487269605061310784e+00,5.405806357567838560e+00
4.097456801430164219e+00,7.066522839641201870e+00,9.184927006804503691e+00
3.995324829977490833e+00,7.810514349281199031e+00,8.818606962375797664e+00
6.178057918954507954e+00,7.528505800138511006e+00,9.521943459682752575e+00
5.690777514389191438e+00,6.523655557919509462e+00,8.829629418643230920e+00
6.036155045701448785e+00,8.116409086452238242e+00,1.306683680785579327e+01
4.691280197754457149e+00,7.660598744144893502e+00,8.007908869680630204e+00
4.976368759275203502e+00,7.276076996860371793e+00,1.166858465057614858e+01
3.195850234741788753e+00,7.529688171687809017e+00,1.233871427104238627e+01
6.155165782141832409e+00,1.062632011640803853e+01,1.150781862397981570e+01
3.488637779348352286e+00,3.506489151813704019e+00,6.587752597994295911e+00
2.696407678590052370e+00,6.208629512789801019e+00,6.864690262795181575e+00
7.385770380290090031e+00,8.219946876281024828e+00,1.303532969322452928e+01
-2.222661211320655639e+00,2.496505062405637076e+00,3.281362805904027180e+00
1.019498696682017069e+01,1.143002898815355728e+01,1.589059729826318801e+01
5.907587198725218869e+00,8.082553851892059882e+00,1.207291698119867007e+01
8.242951353330379760e+00,1.022288150712688548e+01,1.390479608366736031e+01
8.759650028533036092e+00,1.074377904380013860e+01,1.523967451842294984e+01
7.024537622814759352e+00,8.652401018007919831e+00,1.126799167797856427e+01
-1.862747023966712323e+00,7.460325146693405074e-01,3.990389407755725593e+00
6.380381524100155133e+00,7.913881746916026749e+00,1.112718428324094333e+01
7.426472229939876435e+00,8.131651327662030582e+00,1.259971894422268512e+01
3.537912977747431853e+00,4.258780415553087728e+00,8.460255089444849830e+00
-1.293798280868906581e+00,2.171942066050131181e+00,3.877277428637492473e+00
7.308571172822247775e+00,8.945737362464647902e+00,1.377596273287580608e+01
2.856185555357098060e+00,3.831104866475539161e+00,7.445898693640700117e+00
1.286063651622058934e+01,1.377904801750245234e+01,1.830603562060512957e+01
4.688803035555404009e+00,8.398498060062545179e+00,1.306202150263223061e+01
7.280537705234253032e+00,1.167607626832376333e+01,1.442357068648801643e+01
6.964502055167905326e+00,7.725647601607296799e+00,8.832945171806493079e+00
8.886459046538986328e+00,9.895548415801510345e+00,1.099874562942561873e+01
5.425583169117400573e+00,7.807653894522195159e+00,1.214662126691925437e+01
1.055409162259508626e+01,1.066966464795348202e+01,1.186206668092438932e+01
-1.442828916678045470e+00,1.541185988820263475e+00,5.867803395109095099e+00
8.834610249332897070e+00,1.032201218345261218e+01,1.223464797938664894e+01
7.796271755145027349e+00,9.663398803717553776e+00,1.113186711836713272e+01
3.698526726024047306e+00,7.192339863567520197e+00,1.047141347582081750e+01
2.206768183386882853e+00,6.423143233437334843e+00,1.101103013428337007e+01
2.244941960453159524e+00,6.747320950914062365e+00,9.448125140307638503e+00
7.556588655933540011e+00,8.485075968056117190e+00,9.595886215750921266e+00
8.317928397401775698e+00,1.126919738970642193e+01,1.586118831462779433e+01
3.360818472837593163e+00,6.012975650661111615e+00,1.069161837449500929e+01
1.185619052976595533e+00,2.496869142571273237e+00,2.928603031346609598e+00
1.105925560688201692e+01,1.504070763730229388e+01,1.943762554700026612e+01
7.344247995946869167e+00,9.584654278879327194e+00,1.009687536726915091e+01
6.165801851162965974e+00,6.377438323806442710e+00,6.690227901785598341e+00
8.901365873285291386e+00,1.109693817120100867e+01,1.227101312589393345e+01
7.999376779575842811e+00,1.030899296210963278e+01,1.275144047445640538e+01
6.670002417240144865e+00,8.960466677617027642e+00,1.206007871257025066e+01
2.629356109832373889e+00,6.026375036210394498e+00,8.006102015158585772e+00
7.746459650402032437e+00,9.431618211242415839e+00,1.127362463342682020e+01
1.031775826493849380e+01,1.066866591525709751e+01,1.227681967973041566e+01
1.208773843364058909e+00,2.208337074246732534e+00,3.662537934564816133e+00
4.436856892112635009e+00,8.008842395650525248e+00,1.295153456903098999e+01
3.577168090540645551e+00,8.194932925587082195e+00,1.230305949822423273e+01
4.375955381254493126e+00,8.061940714890363680e+00,1.278662896089566026e+01
3.603624683859095068e+00,7.363833912876054377e+00,9.718607265197720224e+00
7.736543799849853187e+00,1.074335342843485996e+01,1.227227828388675945e+01
6.492783556548269885e+00,6.509325245483133848e+00,8.277389717141451442e+00
5.067215387950616545e+00,7.091364645960514856e+00,1.075682543390192691e+01
3.705375390133803570e+00,8.001477910248492975e+00,1.281475149959557314e+01
4.714404987879247777e+00,6.473363754660518943e+00,1.126034843648607620e+01
-1.195925517875736865e+00,2.801002265592122953e+00,2.955224154270723158e+00
4.574883340950821164e+00,7.551187576134831936e+00,9.379396575010300552e+00
7.363274527971131356e+00,7.533330574245717060e+00,1.019084598856724000e+01
2.783932738483708036e+00,5.708018142915554094e+00,6.969171917073541778e+00
1.652125613594431996e+00,6.351524368383993924e+00,9.403795554232509346e+00
-3.727584040406406451e+00,-2.847765773553690316e+00,7.585185216215268866e-01
7.763178028140606202e+00,1.025887579631175228e+01,1.262504602341372717e+01
5.104348682614626931e+00,9.277014996534889590e+00,9.967913988826104799e+00
4.423587521926553023e-02,2.499169566080121641e+00,6.402984839161522501e+00
1.121547787717879885e+00,4.423489982013929733e+00,4.450558269276593037e+00
6.793940020581008099e+00,1.073119298130238874e+01,1.545455255548124107e+01
-6.680025129408750928e-01,2.855341661267972952e+00,7.234846285740759164e+00
5.884023053918694401e+00,7.688081648724560679e+00,9.441097377682170944e+00
3.103711627310837606e+00,4.708034277579961291e+00,8.382881412334970861e+00
2.634146783344815113e+00,7.344476566617650803e+00,1.177148042318168919e+01
5.441969582613025658e+00,6.193039086228694146e+00,9.323577761151364385e+00
1.403416929116110268e-01,5.120133090548249832e+00,6.596975177777546051e+00
3.887324625262071898e+00,7.061248590336591135e+00,1.159436774141320825e+01
-1.566720997900885592e-01,4.341068600764046437e+00,5.948445011896989598e+00
-7.889068774198437772e-02,3.907338869176939511e-01,3.620778682272155713e+00
-1.852631532763333144e+00,2.882205957620649794e+00,5.422124596916290784e+00
1.539412155706765262e-01,2.442478188745958789e+00,6.762220225232447035e+00
-1.429840960986111131e+00,6.931424343851189107e-01,4.097785956049787792e+00
4.588722578445299405e+00,6.531934367136486230e+00,8.417621831502767549e+00
3.883443173640117152e+00,4.822481000347607072e+00,5.264739351861650540e+00
1.892685019056917106e+00,6.318488398627063241e+00,7.224587519807482039e+00
6.422573536376022574e+00,6.733665547306864951e+00,9.645206092073305371e+00
4.624467941333666232e+00,7.354451682874626250e+00,1.019323519940408573e+01
3.877832652633959043e+00,6.218357093136402725e+00,6.928038854227076548e+00
1.865677530205766210e+00,1.970251695703605144e+00,2.202321331825755291e+00
1.842369097080802653e+00,6.558104826257595832e+00,9.217376119888546881e+00
3.395780238523029126e+00,5.394384915939530067e+00,7.448543996723524963e+00
7.946769260095070564e+00,1.120774600105307961e+01,1.309105988902398821e+01
5.863979587797252258e-01,4.568693291201777917e+00,5.868407877545251061e+00
3.763921639608181380e+00,5.600217287015949452e+00,1.027520136546970164e+01
2.771303123412520719e+00,4.072721494402308906e+00,7.380650981290676427e+00
2.585858565076412763e+00,4.408694945692312572e+00,6.764680515950279194e+00
3.884191862725752120e+00,4.110133292966358098e+00,4.946302743000415170e+00
2.255690013247414694e+00,2.765253934040347694e+00,6.988829672695368700e+00
-3.049053036072733036e-01,4.503550987505163583e+00,4.843424059069980636e+00
5.354150816661523926e+00,5.738379667632760750e+00,8.499224377565557376e+00
-4.715862702641793192e-03,2.515458761175551228e+00,5.768319425072785833e+00
2.496851447620099584e+00,6.180880625102838088e+00,1.016697795354996714e+01
4.971187887930929250e+00,5.716604789156129129e+00,5.905783435343550103e+00
-3.614033420705105470e+00,8.317609426160492703e-01,3.179465411184954515e+00
-4.376478390822912345e+00,4.797432417820353123e-01,3.143590667793717763e+00
2.062821431154201690e+00,4.612958308657895579e+00,7.727855103221930477e+00
5.523078224868563924e-01,1.403027730198750156e+00,2.673230255391930932e+00
-4.603910410859620939e+00,-7.487811224103646524e-02,9.867606377031479248e-01
6.944223154271525367e+00,8.109077314188253283e+00,1.065899812759247034e+01
-3.250680158475757864e+00,-4.492339069499440285e-02,-4.040405762128795875e-02
-4.105384574497642269e+00,-1.821478621542627518e+00,1.735870062610795905e-01
-4.035014849895659950e+00,2.930811128204489080e-01,4.491568448003572911e+00
-1.296021554067467996e+00,3.233595705975716328e+00,7.443848758410541500e+00
-1.280092058239959751e+00,2.653464760045937343e+00,6.948489563999768137e+00
7.114272519560552510e+00,7.988305141729796333e+00,9.692550600151378148e+00
-3.503018921121769491e+00,-8.492729627204775866e-02,4.530727496567115153e+00
-5.124744611212688206e-01,2.822069368998514793e+00,3.861813891053559100e+00
6.688836033817189275e-01,5.392208922479499122e+00,9.193917942146129008e+00
-3.660056787074877249e+00,-7.733800630267162468e-02,3.735195080252978528e+00
6.079828796944148905e-01,3.903706333941962647e+00,4.014269252747675765e+00
-5.079358073277255414e+00,-3.811266775080540459e+00,9.715924247177194495e-01
5.411122001751585309e+00,6.854143402201136048e+00,1.071227582464439898e+01
2.332318726711928747e+00,4.454738578757577727e+00,8.992377158013729499e+00
-3.467335376981512063e+00,-6.789901040979922087e-01,2.480439880174966749e+00
2.546947893786698724e+00,3.745073731297083430e+00,4.032690763512669641e+00
1.305020885223467264e+00,5.087802352648269633e+00,5.426018800135132381e+00
-6.434030236015998661e+00,-2.825039279420380467e+00,-4.757496961125706747e-02
-4.965961619121142867e+00,-8.658430543368658139e-01,1.630223930340410909e-01
2.157360056313723184e+00,4.865008165981596022e+00,7.935865102734845244e+00
5.508297354159236159e-01,9.223187020499989952e-01,4.617022121426423986e+00
-2.340004425533614985e-02,1.921747131817059806e+00,2.566317578712951075e+00
-1.217897650104118989e+00,7.174270163484246510e-01,1.208934444931622387e+00
-1.364821180468339890e+00,3.075158184718990384e+00,5.358957688297202537e+00
1.143503668331911971e+00,1.833643978600927094e+00,3.094122367239728000e+00
-3.115254821384159101e+00,5.079906954470683189e-01,4.438431531322863499e+00
-6.427467460458008652e+00,-6.220885484622196593e+00,-5.921484447669469020e+00
-2.686453085003667418e+00,1.899472771108617453e+00,3.554383910555857007e+00
1.096218798672600858e+00,2.062838136014441215e+00,2.678126294530630780e+00
-6.327157656494250659e+00,-3.947370266073675360e+00,-9.210679388397968737e-02
-6.452520465850465570e+00,-3.846931628078149146e+00,-3.743563229958706273e+00
-1.301726969534217293e+00,1.117797860436530399e+00,2.676083246581217878e+00
-3.368632883328718908e+00,4.566296753119247764e-02,2.663207809495824474e+00
-1.139011401176821892e+01,-6.563428262096117294e+00,-3.572607491911679922e+00
-6.368643561561453836e+00,-3.206238731028626887e+00,-6.050848642356996265e-01
-1.454158717558599934e+00,1.008687188987973382e-01,3.253884508486098781e+00
-5.750061762085079131e-01,1.089551989983929658e+00,4.676292728156317580e+00
-3.976788005496593392e+00,-2.792555818975986703e+00,-9.542489774173799066e-01
-4.498600930684681920e+00,-1.580359297970649779e+00,1.562099213971626321e+00
-7.216745104252066056e+00,-3.873680797961317701e+00,-3.720984543935754729e-01
1.047765962914927851e+00,2.639297849033796162e+00,7.102179887207659803e+00
-1.054410420532165382e+00,-9.047423792597926173e-01,3.740731083187498474e-02
-3.877467085362657606e+00,-3.526762987524604931e+00,-1.690781255960840390e-01
-6.455248226952893020e+00,-5.086922044576756896e+00,-4.091154508307402793e+00
-7.915437634083005491e+00,-5.512100196214815284e+00,-2.416862587479135627e+00
5.345022295743024898e-01,3.630732675843247215e+00,6.417995323074432434e+00
-7.375937849235543631e+00,-2.416006049136907308e+00,1.885067836638655514e+00
-4.378892364857166264e+00,-3.184591339274562838e+00,6.089899589833347449e-01
-5.561794857815456794e+00,-2.715308747916512999e+00,-2.362713503704473528e+00
-4.302626470949282300e+00,-4.054721046335672874e+00,-5.662578210946644930e-02
-5.297529918444459085e+00,-2.572576470064780185e+00,2.840479742078740877e-01
-3.914471362280802946e+00,-2.233126087916981639e+00,2.418614267708082188e+00
-5.944893334258043893e+00,-2.378154423006190399e+00,2.260708053190102262e+00
-6.791410573523202210e+00,-6.295074286443641753e+00,-3.376427539636464914e+00
-3.100577295322014315e+00,8.705895381606154615e-02,7.170255676124498434e-01
-6.062202966322985276e+00,-4.330878025804583586e+00,-3.256856289813748528e+00
-9.650838801168458048e+00,-4.728543923256384396e+00,-2.011467967496430642e+00
-6.519655196609770442e+00,-4.943350631714628740e+00,-1.620867371488035058e+00
-9.365085505538765176e+00,-6.067347403412554740e+00,-4.330695523699983340e+00
-7.152931275604698769e+00,-2.183316980682596053e+00,1.861490931762369350e+00
-2.378827720704559834e+00,-3.772368717973741958e-01,2.923059849687446921e+00
-8.857994166160628069e+00,-5.305296052516116134e+00,-4.436213454200675699e+00
-1.312929804577537851e+01,-8.738502185137962286e+00,-4.608313135636150193e+00
-1.014026896119979071e+01,-6.361894307622572242e+00,-5.248514002406933443e+00
-5.376691210975760526e+00,-4.695442136938601685e+00,-3.792701718387421206e+00
-7.578605379834913336e+00,-7.113511333545064375e+00,-2.412057183704391150e+00
-9.540060826440871722e+00,-5.282588578472189766e+00,-4.828691244077656819e+00
-8.596562719285071097e+00,-5.206709189254963732e+00,-3.978772438051082272e+00
-3.749229868242231589e+00,-3.662861601682545931e+00,-2.200900914045565315e+00
-1.024417667108366281e+01,-8.044026324519695237e+00,-7.943835531415358808e+00
-3.618684322350404159e+00,-2.000084168211321067e+00,1.501678978232473316e+00
4.051669438241356502e-02,1.182658989554875362e+00,3.607123866183868710e+00
-4.008897712343406639e+00,4.290068528389028302e-01,5.709617688838146687e-01
-9.595287106100451879e+00,-5.667101378101821574e+00,-3.747637259920778341e+00
-4.669797177102589458e+00,-1.964047721921974077e+00,-8.096890836149808202e-01
-5.267442145962425215e+00,-2.372699842660456859e+00,1.280798404972294247e+00
-5.213562400478060965e+00,-4.205872752090874300e+00,-2.489528663259124031e+00
-6.431383919094718848e+00,-3.594488930555362671e+00,-1.510583945929243388e+00
-3.590705153677039796e+00,-2.124940764232985835e+00,1.334964002513960857e-01
-3.024993197030944714e+00,-1.570854361127948629e+00,-6.148644425403038127e-02
-9.754405988734028199e+00,-6.701237602267754667e+00,-4.315911243909264172e+00
-5.452062816219400254e+00,-2.066701693001724571e+00,2.120523301852195175e+00
-4.067073093296453834e+00,6.477535498480326837e-01,1.404510203749370412e+00
-4.876189681442157031e+00,-1.745237955510052341e+00,1.166759735796253139e+00
-4.155548084007720355e+00,1.791781970306862704e-01,4.658627722609849364e+00
-1.601997666360167116e+01,-1.221746370602492604e+01,-9.240154560949545015e+00
-3.711044079013376518e+00,-2.714730080085056674e+00,-1.331538093138371348e+00
-6.756136723644644348e+00,-3.742301279629799637e+00,-3.045582458159964645e+00
-2.405056037796232893e+00,-1.485235170743418376e+00,3.071926177300032368e+00
-1.275458898860580703e+01,-7.973028945259756917e+00,-7.946855420623840871e+00
-1.045486284500960217e+01,-6.142453205744180522e+00,-1.452385334918605331e+00
-4.577206533723179760e+00,-1.948509175900532853e+00,2.959933681472821654e-01
-1.244741422888072790e+01,-7.853416747272963683e+00,-7.815750963589137790e+00
-8.172384241324458287e+00,-3.969955060090868848e+00,-2.487074729875623280e+00
-7.974199763100208393e+00,-4.768388732884193182e+00,-3.152398591095156632e+00
-7.938946109367229553e+00,-5.324222404171448986e+00,-1.282636592976134082e+00
-3.941713364883441706e+00,-3.035368576511582095e+00,2.842245186155225589e-01
-1.260685677410690353e+01,-8.115172596420947571e+00,-3.609914053676027912e+00
-1.159299812216340975e+01,-7.122393437119173498e+00,-4.530076261641809765e+00
-9.049831766479535133e+00,-5.211325500314552883e+00,-2.977036773847485662e+00
-1.070763891254322431e+01,-8.406821976658012119e+00,-6.987550618575149031e+00
-2.544499457758721661e+00,-1.118362113679395975e+00,-9.292405038540769713e-01
-9.870794237491159251e+00,-7.213436117956989690e+00,-5.669631545910917225e+00
-3.400738020727755551e+00,-2.462305855929050047e+00,-1.853741762047975250e+00
-9.185110209779267620e+00,-7.450116059991998441e+00,-2.955063249959233751e+00
-5.293484728859652932e+00,-2.711476851591243520e+00,7.320301564426623386e-02
-9.920866935617672411e+00,-9.649227535002138367e+00,-7.049995827352633526e+00
-3.931658176711299912e+00,-5.935994719280843768e-01,1.599766273693616903e-01
-6.326731883656847799e+00,-1.408962903748287587e+00,3.166609535191540203e+00
-1.143069358359367271e+01,-6.465182274475468560e+00,-4.663597372032964650e+00
-1.138707489857779542e+01,-7.275579117970503162e+00,-5.631900535112732697e+00
-7.160281264853155747e+00,-3.414633396543823363e+00,1.324515516681223470e+00
-1.012900777973545985e+01,-9.353904698269474238e+00,-8.652305336912714750e+00
-5.179062417236748317e+00,-4.657039948454491096e+00,-6.652861270487702150e-01
-1.050110902661950085e+01,-7.167941001118014910e+00,-4.556365207949651719e+00
-9.359722887948265679e+00,-5.490159618129658803e+00,-1.240543729205327850e+00
-1.138665071566268949e+01,-6.639008567764737023e+00,-5.632753319686194970e+00
-9.289369530975351452e+00,-7.080986399183794688e+00,-2.465919690353825189e+00
-1.854726474925490809e+00,4.518920675623707695e-01,2.890167187641148772e+00
-7.007894603434690950e+00,-2.295668449949630041e+00,1.377713027528256529e+00
-1.181014319168659377e+01,-9.049902395753075979e+00,-7.263471402491076034e+00
-1.178572960814840442e+01,-7.208982263813337177e+00,-7.164289747339295467e+00
-3.583677128781224130e+00,-1.978646138365902196e+00,2.751719651393404575e+00
-4.103634485051307124e+00,-1.612615500677291092e+00,1.506657664735701729e+00
-1.130292611594861185e+01,-8.639848129912305552e+00,-6.653044606250775317e+00
-5.679373007605247992e+00,-2.352960810336582664e+00,1.479412823939546762e+00
-5.438257148859017676e+00,-3.616125239689717219e+00,-6.635179961629131817e-01
-1.061072348849935310e+01,-1.019693276384436231e+01,-7.458943190050037586e+00
-9.279259153341957500e+00,-5.540510995658557647e+00,-2.614291796070446150e+00
-9.088937753389942031e+00,-4.696699603308311488e+00,-3.265733667278568397e+00
-6.557115898780086383e+00,-4.098335549237336117e+00,-3.660935785198567327e+00
-1.165958785478646575e+01,-8.159483291976151520e+00,-5.945025733951147195e+00
-9.090869086582879177e+00,-6.439041714164705610e+00,-5.797068398464157113e+00
-1.095619627177745059e+01,-5.969437142379959482e+00,-2.109837009354952109e+00
-7.659757756080673552e+00,-5.656608889575876375e+00,-2.806810302648564015e+00
-8.647515795198502886e+00,-5.553930102422505399e+00,-7.500999482619556957e-01
-8.182531372508565326e+00,-4.340588321927571158e+00,-2.592254226426462083e+00
-7.846471996505931301e+00,-2.957943454729548005e+00,-1.448961915560591063e+00
-1.391498590940465796e+00,1.493231734752127338e+00,4.996570127478140222e+00
-2.513445717883591612e+00,-1.157816755925103802e+00,3.623988717456388731e+00
-8.399428480079842441e-01,2.406066633106549446e-01,2.449472782813651328e+00
-5.989598395369339023e+00,-5.090231887134951450e+00,-7.152941932703678063e-01
-7.704220925716134261e+00,-6.596214825300825702e+00,-6.422507659293454019e+00
-1.309870140939088046e+00,-1.115168128287117533e+00,9.535987485426433707e-01
-6.115500697219415471e+00,-3.501612654112908452e+00,-3.293419495492219795e+00
-1.658446039699361663e+00,-1.194119307525270290e+00,-7.068045350582728981e-01
-9.305149795556367565e+00,-5.962643371397152059e+00,-4.463568268861109800e+00
-4.112142318072832481e+00,-1.299279051318446454e+00,-9.307991959450694353e-01
-8.159222878006950452e+00,-3.698645076603439996e+00,-2.176478734488090705e+00
-8.373129446843769585e+00,-4.482125829158617236e+00,-3.486104749402603176e-01
-9.064421378296437126e+00,-4.124878191566880403e+00,-4.196836722381149798e-01
-3.691210331085435836e+00,-1.477182590623822733e+00,-7.140435086576206736e-01
-7.879984727779221210e-01,-5.486373283573353632e-01,3.882661757876182840e+00
-6.124928573967654444e+00,-3.891611614529153940e+00,-1.417932137521749070e-01
-4.161152670507822116e+00,-1.679500267203927644e+00,2.718822118586079029e+00
-5.357144327854419075e+00,-1.608817615479124719e+00,-1.181528818743574849e+00
-4.094628277828714857e+00,-3.338937496208442823e-01,1.000176994087079940e+00
-3.369902229843388497e+00,4.953788278873227924e-01,5.237953834141243270e+00
-1.597675702371796902e+00,3.052985342613067310e+00,3.677986504933008938e+00
-3.963737981908493246e+00,-3.690376785875757015e+00,1.945314137072848837e-01
-1.377731463909073195e+00,2.172077097412420610e+00,3.052939482513342906e+00
-5.191579040865233807e+00,-1.768742374010269458e+00,-1.691303044540150236e+00
-8.471144432110230937e+00,-5.315334007897623003e+00,-1.153806228391938582e+00
-7.101522124666301394e+00,-3.892327120138558083e+00,-3.565345016441764159e+00
-5.406803488625532950e+00,-4.519416353008911535e-01,1.328515760365208020e+00
-1.488911196095271450e+00,4.134797616818315369e-01,8.372364482220185922e-01
-5.549234042324997063e+00,-4.713645634015316332e+00,-3.357766666438262604e+00
-7.858633228811994442e+00,-3.862621381162099965e+00,-4.038773420649475199e-01
-5.993803952648661948e+00,-3.075559803828030958e+00,1.243906268916163960e+00
-8.959723824493950772e+00,-3.970697874428648522e+00,-2.046825583348814703e+00
-8.880520981547945780e+00,-6.924403841591006525e+00,-3.243956963926958537e+00
-1.106658887573758676e+01,-7.844844737200010520e+00,-7.777877497698024278e+00
-5.511444677159729189e+00,-2.234308153487207349e+00,1.363733796328739700e+00
-5.163572632882887703e+00,-2.338896725060721771e-01,2.699965340720901441e+00
-2.345987301185715523e+00,1.076101754284815915e+00,5.019840280657632547e+00
-5.357299181411550926e+00,-4.877501078574574933e+00,-1.204240199030336633e+00
-7.460034513533450706e+00,-4.725705943989949809e+00,-4.225328029336263391e+00
-5.521444168363721872e+00,-2.172039953043189087e+00,-9.995185796047740823e-01
-3.165687477961462548e+00,-4.761982109564149024e-01,9.286028376231643122e-01
2.120029813583887091e+00,2.642711698434036194e+00,3.897033784938428447e+00
-3.213740464654826212e-01,1.872659064075808288e+00,4.343303357437968693e+00
-2.022767360225302014e+00,-1.280362763726190511e+00,3.245303579375073966e-01
-3.289264433683978694e+00,1.007688783248961606e+00,5.559599442468482700e+00
-5.174762781905323905e+00,-2.498852349251833083e+00,-4.704430884533739032e-02
-2.547290088580358880e+00,3.597555346949429800e-01,1.432602814127988733e+00
-4.913075156141895938e+00,5.478058930617674127e-02,3.781144194167874062e+00
3.366908230204598507e+00,4.560637627402332583e+00,5.921369663914440196e+00
-1.307668865417419779e+00,1.934393072405993008e+00,3.548625718355484793e+00
-3.528928749682752830e+00,-1.752344889784932747e+00,2.152368461016312295e+00
-2.949753179842378614e+00,-1.615117931415968489e+00,1.911088051230085849e+00
-4.900393770514253511e+00,-2.259694533623661794e-01,3.947063316288225154e-01
-4.534564575378657203e+00,-3.813143602083187478e+00,9.012219019758922478e-01
-7.202947682013457475e-01,2.973015179780812423e-01,4.018056759718168225e-01
-3.678919078689766309e+00,6.636205014107303679e-01,2.075134936403085106e+00
1.109740030461893401e+00,2.601509705770815639e+00,3.736115436696424208e+00
-1.442634770753227436e+00,3.145699719939168304e+00,7.017792954943967487e+00
-1.270462960833475430e+00,1.713499319046546399e+00,3.979790897425331764e+00
-4.083452135447831921e+00,-3.365801541646451511e+00,1.264132310939257486e+00
-5.779886466345828921e+00,-2.031568480550058453e+00,-6.371507906940783172e-01
-4.813893046592719216e+00,-7.641271938922833407e-02,4.599541986435267127e+00
5.054177386866403054e-01,3.803011875251063323e+00,8.728029660508898502e+00
2.872576456338813422e+00,3.808817683742780513e+00,7.465769481681281405e+00
5.509996489998004732e-01,1.311880217158511552e+00,4.770336257230484378e+00
4.646885766499344150e+00,9.246144865043392613e+00,1.192663267271148975e+01
3.142859501104818598e+00,6.958192688738742859e+00,7.673801331790955693e+00
2.933557702442111559e+00,6.099530554390947046e+00,6.415490035052519247e+00
4.403254506748097263e+00,4.587743887624378125e+00,7.758056800805100295e+00
1.103032074052405775e+00,3.967074974883188609e+00,5.613330684154593797e+00
1.288861971463834522e+00,3.853510022352597986e+00,7.275210772868483389e+00
-5.836991660000061088e+00,-2.613352571461236451e+00,-2.245190014205594942e+00
-3.638172365372248862e+00,-2.475757580149409165e-01,3.050089638353149724e+00
-1.004101886538043775e+00,2.343968071804050979e+00,6.580734378549144559e+00
6.141115980609983538e-01,3.497624811492427099e+00,8.187129102424272276e+00
-2.056282682157188013e+00,2.843763715993426366e+00,6.602982875029084653e+00
2.343147325981821627e+00,4.136556095019973789e+00,4.852048173068007841e+00
-6.988846918873854008e+00,-2.888147323732950245e+00,-2.154985644060877448e+00
4.309334571903378652e+00,5.040181682034705624e+00,9.635394462656972081e+00
1.011048334337453891e+00,3.810411705852076558e+00,5.277076572169614010e+00
-1.653114056523335762e+00,3.161805371481070104e+00,6.698458796402771753e+00
3.931341280716603492e+00,6.605563826730801225e+00,8.252965100591207914e+00
-2.597295818298438697e+00,7.857868386482698142e-01,4.440262676921838292e+00
-2.508316798611138765e-01,3.309719222190969035e+00,4.286407466269372080e+00
1.484683101983999443e+00,4.970904286808856654e+00,7.878138664984613015e+00
-2.595321144944902070e+00,1.655060064670385689e+00,4.778904069693725276e+00
-2.431705327439997344e+00,-1.700321919230336931e+00,-1.076583385761407108e-01
-2.773739864330250438e+00,9.453484620360694812e-01,4.645157369564934413e+00
3.190606536713810115e+00,4.304180483865002849e+00,6.077147068527471774e+00
3.767645117160465240e+00,3.844243324870822320e+00,5.502766065645024796e+00
4.496828942746604163e+00,4.628524030214255625e+00,8.992877568821292300e+00
-5.366929102296689180e-01,2.796543311391213038e+00,7.642282163779487547e+00
-3.531982125972191078e+00,9.276390757679902066e-01,3.945015485367024510e+00
2.849847138721498307e+00,5.364490455582918926e+00,9.783112909256288958e+00
3.049808364339783306e+00,4.541883799873816407e+00,5.659475004074981719e+00
4.991764865560197606e+00,7.041870456356557284e+00,7.307859683237516890e+00
1.461265527636605110e+00,2.971124652186555082e+00,3.389526285631758284e+00
-1.026993724019289678e+00,-7.636890388089714321e-01,1.993010040328770494e+00
-5.971801493550774609e+00,-2.430975423869776719e+00,2.523971782709013567e-01
3.907472453971556625e+00,4.260359336800266128e+00,6.235206090787380084e+00
5.374900243634805008e+00,5.929657420592151063e+00,9.179975645375677118e+00
7.968994127262787330e-01,4.928931757245941903e+00,5.512460370288055245e+00
3.674846274664031132e+00,4.009110102191606018e+00,6.038869809872910999e+00
-5.095325979254639037e-01,1.007835784658022149e+00,2.311285038649590895e+00
-8.669562175091969358e-01,1.900244622600428812e-01,1.774649545467649858e+00
2.207875218576741183e+00,7.034747400502458170e+00,1.132310212290984097e+01
2.316807663005394424e+00,5.323593109770158094e+00,9.325965912586481110e+00
4.914277896341303631e+00,4.987955585106046641e+00,5.545232178711579252e+00
6.168228433613309747e-02,1.523990014655520753e+00,4.743485013717506860e+00
-1.097266848074548662e+00,3.319803089948695884e+00,4.475503882383764065e+00
5.725780781830108523e+00,6.421793064752696623e+00,1.066138983192305467e+01
5.161113775982815177e+00,7.206791997089130319e+00,1.070433419794630936e+01
3.185081569637481014e+00,5.925225160111398992e+00,6.804782174357348445e+00
7.116336704310775474e+00,1.061921329231592637e+01,1.272310422303643840e+01
3.378259308561408325e+00,4.817001999414551427e+00,9.330493424785821333e+00
1.043466985145646220e+01,1.046459896285906410e+01,1.248894762278280623e+01
5.810985932818985233e+00,7.313545904432460887e+00,7.585943358866064301e+00
6.642637460340799826e+00,7.044753808688049901e+00,7.906188278255765312e+00
7.048759287042703825e+00,9.573757920387166109e+00,1.098697568739425989e+01
7.687608399978769214e-01,4.958055899976363534e+00,6.157935402978127470e+00
2.294365551557033811e+00,5.895471543836585226e+00,6.947354926668149133e+00
3.050718596202771415e+00,3.263481410073993061e+00,4.586590036444926355e+00
5.601290319671095475e+00,9.789132947891644676e+00,1.020038866426304658e+01
6.315273121297489745e+00,8.037751435486322649e+00,8.077835509921719392e+00
7.219468351909013037e+00,1.037069120281808488e+01,1.508449012645073850e+01
5.814469163829798504e+00,7.736300045461783625e+00,1.062088970933607435e+01
8.212122134773020221e+00,1.047354466781743199e+01,1.534019836726084840e+01
1.283562369293020478e+00,4.963555677573063818e+00,5.184670686001713769e+00
9.662808410600508324e+00,1.020643174076508508e+01,1.255883590107170988e+01
2.930101109432462270e+00,6.088830755814424123e+00,7.540810200025516608e+00
3.952472485527886548e+00,7.325696033769347082e+00,1.020832301465705427e+01
7.361779864215433733e+00,9.537242753836705944e+00,1.244872788294227917e+01
9.785699489220068159e+00,1.436801713697906813e+01,1.558403783067742943e+01
5.919141184227965979e+00,9.875200852409108165e+00,9.934986633806849099e+00
9.762860406978251859e+00,1.018685203585920540e+01,1.493527967496276254e+01
2.346021893908232236e+00,5.834665218120559160e+00,9.001251261858332242e+00
6.296708221088074708e+00,7.966984559955000655e+00,8.888670459538879243e+00
5.332198517657985803e+00,7.231778880262702103e+00,1.022372984481301117e+01
8.592051583134169945e+00,1.176396083996945841e+01,1.261171416427811565e+01
4.895417267205331768e+00,7.122926868446826099e+00,9.956719215844550774e+00
6.764497388007836065e+00,1.156430143517742692e+01,1.431141695810473280e+01
7.868592199056290148e-01,3.689856270443924835e+00,7.515799694100238959e+00
9.710858461016911747e+00,1.180541818977260249e+01,1.372475739530181293e+01
2.082792534089930037e+00,5.037338576254469125e+00,8.953877629177370068e+00
7.005901294017792047e+00,1.019380987576636244e+01,1.112446562352242907e+01
3.059439140956350833e+00,5.047940544465041590e+00,7.610924536110893257e+00
6.884181949409637902e+00,9.502903872825049447e+00,1.120087956756904113e+01
2.153111164129182686e+00,4.765184375274573725e+00,8.130061335061299133e+00
8.425760951819722067e+00,1.076562451769612316e+01,1.302236133590724343e+01
6.185390926348315332e+00,1.019330504959573247e+01,1.397749519064385204e+01
3.743019282238114975e+00,5.855044048118409172e+00,1.083511075834395854e+01
9.056693427947445585e+00,9.389048364785118395e+00,1.101902704932036769e+01
1.030878031023239316e+01,1.049293283239908803e+01,1.469027974434223616e+01
1.096519410066368216e+00,4.874670541572381666e+00,8.293053551474324436e+00
3.462405413974265045e+00,4.534766530134720419e+00,8.073360771794815705e+00
2.636606315508192466e+00,4.413165102831888120e+00,8.756012611895050313e+00
2.979026948397440755e+00,3.976535172866856982e+00,5.065738983219116420e+00
-4.290395737178478441e-01,4.373891878006937795e+00,6.958992616805238285e+00
8.129400612877162757e+00,1.036132931202706331e+01,1.212007283141163327e+01
5.087417445101515945e+00,9.243480049130244680e+00,1.100701778720070934e+01
6.822817511763537013e-01,2.463066604357560863e+00,3.079737357976403800e+00
3.396265136064858581e+00,5.999897057991108618e+00,1.061864701307415260e+01
-7.532946562988307448e-01,4.034401490494468057e+00,9.011979200297005832e+00
7.702857452922676984e+00,1.006821014613387177e+01,1.394295056305189817e+01
3.345919242208707178e+00,6.108592903635631899e+00,8.848381634910602145e+00
-1.234836167744616908e+00,2.796368385827753045e+00,6.973158279313859786e+00
7.811518375408665449e+00,7.910484647490706678e+00,1.262443391868505671e+01
5.073113937481932290e+00,9.188031595513365346e+00,1.279357541698857048e+01
2.141002864127017347e-01,4.474262150018883943e+00,7.160578439864919709e+00
2.639340460594985505e+00,6.505658067210416284e+00,9.498903088491465141e+00
1.841870656762939262e+00,4.556524276683013852e+00,5.614562888285553832e+00
6.720350091508990431e+00,1.095742523968386806e+01,1.537678032276482654e+01
1.035096669485844778e+00,5.891059791757358610e+00,6.493253121435442310e+00
3.519890480607909655e+00,4.977761452927422781e+00,8.404789850737167001e+00
2.669597764678339757e+00,6.945744512279997451e+00,1.070226538896879553e+01
4.153873468203281405e+00,6.431833966112401768e+00,1.006172096044367592e+01
8.712427985685806675e+00,9.073052518172978864e+00,1.238574475526424479e+01
1.056708340708638971e+01,1.060714771363225140e+01,1.084489156731477522e+01
6.793189407439015781e+00,1.057966719813553169e+01,1.296780242567869479e+01
5.413484439918361701e+00,5.711239360353918215e+00,8.120545331688976631e+00
7.405082634252208251e+00,7.718854286604867276e+00,9.449015502663389299e+00
1.042710582118758111e+01,1.121396884884324763e+01,1.231083117580270780e+01
1.029481334957569416e+01,1.127284137049126755e+01,1.313168099526972732e+01
3.466397600562879600e+00,4.005939184228741290e+00,6.644621433928834975e+00
6.315155050114317881e+00,8.350660118883125094e+00,1.254998533598346278e+01
3.652654364490788730e+00,7.782279825843155585e+00,1.190366873704676820e+01
6.880857969757069981e+00,9.229054350430715203e+00,1.068299739431201978e+01
8.039475231192643179e+00,1.011648160169097821e+01,1.355334029511452343e+01
5.480338829361381947e-01,3.196965665348213026e+00,6.318486190688861193e+00
7.120819728321063913e-01,4.180670665912431971e+00,8.772487140625251811e+00
4.187031574994913186e+00,8.906910739744073879e+00,1.310926073231413014e+01
6.232835478557124276e+00,6.558142961112113589e+00,1.145481798433867127e+01
-4.157252242761313887e+00,-6.390986119099446583e-01,2.827862133720281168e+00
8.554513408952943987e-01,9.709812519421276988e-01,3.367980858418647028e+00
4.750903946900853825e+00,7.883402394479164244e+00,9.275949413731181536e+00
7.921342762082134392e+00,8.337542926024347878e+00,1.099976723164942527e+01
-5.365033982827198678e-01,1.694969392943325381e+00,1.915371013636236519e+00
6.365784967307767772e+00,8.962875450265379129e+00,9.501459634208394789e+00
2.871858192476865135e+00,4.994612070113841895e+00,6.346676621307624444e+00
-2.414276538105313286e+00,2.438077518783640762e+00,2.611743703172232589e+00
9.427303174929475560e-01,3.742846497947799556e+00,4.502448108477584476e+00
7.608083617641048235e-02,1.672551394032717020e+00,2.592056251686682522e+00
-1.566802147507361020e+00,3.408932251054415552e+00,3.570742586620453629e+00
-3.142064727872469376e+00,-4.352824321691333154e-01,2.604931141122801552e+00
1.002706847121787703e+00,4.863546325599552134e+00,7.993463907258504086e+00
5.602213399555404649e+00,6.758947933474055425e+00,9.749142348458342155e+00
-4.008031799666652795e+00,8.668025837101813735e-01,5.109061426733982003e+00
2.603103493097500110e+00,4.870589062373510636e+00,7.257630151242388195e+00
1.650472625675483807e+00,2.315014613787155895e+00,5.164640227966970976e+00
5.242617204789056018e+00,6.643834169771313469e+00,7.184405446894807312e+00
-4.769330029385229430e+00,-2.398283002313947421e+00,-2.172926582203135393e+00
5.986525756814698340e+00,6.587184473964144971e+00,7.682404403333910281e+00
-6.049244555909838894e+00,-1.096071471513845097e+00,2.946336529837601859e+00
9.233946731042212974e-01,3.632186354932488204e+00,4.795013276089521881e+00
-5.553804384814777784e-01,2.039219005767549664e+00,5.284204436157908802e+00
2.964196297102994038e+00,2.987015882215719120e+00,7.926483902623779443e+00
-3.750587258732311469e+00,-6.166822560918880924e-01,4.324550116747581718e+00
6.508182297314117903e+00,8.853511262804779847e+00,1.197104801561615339e+01
-2.393014144635679408e+00,-8.571043354348351073e-02,-3.829221965717133358e-02
-4.198258638831516620e+00,5.119994164498198330e-02,2.296207994156948651e+00
6.603454595979418862e+00,8.958135555613299772e+00,1.075795625237793729e+01
2.277370268627926464e+00,4.440652606322981200e+00,8.068406189498158909e+00
-3.895079558541155507e+00,-3.919571517453270815e-01,3.649937626636992505e+00
-1.991200265256045654e+00,2.882135080625578993e+00,4.837961243240377129e+00
7.636490879661765874e-01,2.458446677278793846e+00,4.926072001162399516e+00
-2.772646495544605738e+00,-2.000698683156449498e+00,1.789449376986675944e+00
-2.222092431792298761e+00,6.835971936733584720e-01,1.740300825358146231e+00
-1.545258093452972936e+00,2.774917166575158411e+00,5.870229753523673821e+00
6.378364838820800742e+00,6.548561440447747017e+00,7.531145884027351300e+00
-2.377795687557311410e+00,2.077671748405704122e+00,3.982899530463954285e+00
-2.724042426671899886e+00,2.197715501966003071e+00,4.846476936770699240e+00
-1.052267219449675828e+00,-1.269148483730075938e-02,2.956781314445470432e+00
5.102582502291623356e+00,5.614337194860004487e+00,9.651910782360324959e+00
1.788015756042678817e+00,4.927216801549099578e+00,9.746949900523855348e+00
1.031065513516816079e+00,4.481604466979298707e+00,4.727356245306752136e+00
-3.988235015537622274e-02,2.342258852520795021e+00,4.998810064467662073e+00
-7.479890975594027935e+00,-2.896011146533655989e+00,-7.336771887504758283e-01
2.084975542437856433e+00,5.052543406264153880e+00,5.982323929716015343e+00
6.341050673430908002e-01,1.857235771309726946e+00,4.600169593901632936e+00
-2.832817599331176162e+00,6.521052195098884230e-01,2.829408724114843565e+00
6.524996563363649749e-01,2.815842479913827301e+00,4.095813915112664461e+00
-1.455049829094978708e+00,2.035603999012970622e+00,2.062968377566911649e+00
-4.515816784430328745e+00,-1.951973582889763748e+00,-1.934149807731502690e+00
-2.781479479317070069e+00,1.858600698103365367e-01,3.403925277670318827e-01
-9.371647304705376769e+00,-4.671311905217184091e+00,-2.281543094111275316e+00
-2.228243110509646296e+00,1.191870546384349527e+00,5.459862919209818699e+00
3.640030655632915835e+00,4.817141226356219441e+00,7.517410737029535994e+00
-8.984193299879782657e+00,-4.666945378675315226e+00,-1.978077338629159687e+00
-9.647296368699527225e-01,9.991328441530382687e-01,2.843481882221510659e+00
5.917291314518731138e-01,2.512270931913122674e+00,5.589427373585572845e+00
2.621456877305804678e+00,2.849762604894958251e+00,4.926676977805985125e+00
-4.746665869239912183e+00,-1.943720225505807253e+00,1.988183711662467434e+00
-5.767322013353760823e+00,-3.117353285313951616e+00,1.513510390258481664e+00
-3.895828398389785008e+00,-1.676963436537837415e+00,1.577007319243918682e+00
3.464148405471192849e+00,3.552053969442146908e+00,4.744294306394699845e+00
-9.330838461928035343e+00,-5.253551729935082903e+00,-2.322476454159578374e+00
-8.607519938111071411e+00,-3.876654632958024926e+00,-1.122724463765898406e-01
-3.956762648200130350e+00,-1.708443356948686320e+00,2.185112983443079138e+00
-5.700945488428727614e+00,-3.362011580308669423e+00,-1.711167223200693144e+00
-8.978108030285536501e-01,-6.623304431137311266e-01,3.665786375985635281e+00
1.509821622507903527e+00,3.604530301955126692e+00,7.030381727077232412e+00
-5.116926385504875441e+00,-4.351628959016624165e+00,-2.068171742578694960e-01
-5.400761337494055958e+00,-1.279759107300606269e+00,1.130978873948358610e+00
-4.325955066262538118e+00,-9.652315257241046442e-01,1.642037683689956173e+00
-4.804686765547662830e+00,-2.043356905202463825e+00,2.400650930741303757e+00
-1.070784341742226431e+01,-5.873264760719226096e+00,-4.035770045202561995e+00
-4.807766678626958168e+00,-3.149101047408121801e+00,-1.630063867010591805e+00
-7.090776197146019477e+00,-3.236982228100183434e+00,3.775050700528690406e-01
2.530042748286213117e-01,4.720046550749144032e-01,9.142091086036933101e-01
-3.495984747517206337e+00,-2.649602459848521274e-01,1.109832875134791896e+00
-6.731606576969447531e+00,-6.273704996644696052e+00,-4.205386437631780439e+00
-7.260261310180702310e+00,-2.872847163868246678e+00,-1.041288246300884790e+00
-6.782847300381932953e+00,-3.304697106465013690e+00,1.198177241415641525e+00
3.122049927880668818e+00,3.968615334600179789e+00,7.017123993809779137e+00
-5.647384738224313416e+00,-1.109088527834949600e+00,-1.420230558893844641e-01
-1.025145563035487584e+01,-5.307892561413014576e+00,-3.482474912178448623e+00
-5.582114506752201777e+00,-4.494485455730158563e+00,-3.053881983136754741e-01
-5.726726115021785191e+00,-3.387181188415218980e+00,-3.379029114004428180e-02
-3.698844642935023241e+00,-1.250808572557262632e+00,1.966830417131160136e+00
-1.145246255930542301e+00,-9.684021809460399144e-01,7.824989517163853936e-01
-5.192392258850146547e+00,-1.905832962339941927e+00,-1.519300521134210324e-01
-7.098302823708781517e+00,-3.219529723237312346e+00,1.584892821421008513e+00
-3.267057938231675784e+00,-3.080000698953910376e+00,1.196590077271324493e+00
-3.984781648350118832e+00,-3.139461560866298573e+00,1.447223910206508091e+00
-1.291456600446691994e+01,-8.180602273974658445e+00,-5.334704250888661292e+00
-5.488867796390866971e+00,-3.093807188950302933e+00,6.986922875952168432e-01
-9.308579703232968683e+00,-4.718472143927650464e+00,-3.556241783616036045e+00
-9.932880660189194799e+00,-8.020673451171568047e+00,-5.932993476647165920e+00
-1.117868985788224023e-01,4.117319337494777187e+00,4.801904442516238269e+00
-5.390434922312261179e+00,-2.275214011031290173e+00,-5.205074933421278693e-01
-7.668811366734045620e+00,-3.241240739962410355e+00,-1.542286347700553728e+00
-9.353699684977653916e+00,-4.463968260843813596e+00,-4.385807715774329374e+00
-2.426306136788649148e+00,-1.228538023305248306e+00,1.058066542911737518e+00
-8.254917204008004106e+00,-6.973294289087020204e+00,-3.286326733385033450e+00
-8.562998937586639769e+00,-4.490241592241202007e+00,-1.002701619529968724e+00
-1.132489659989868613e+01,-6.472904183353985097e+00,-4.192714175673854626e+00
-6.413323341633055286e+00,-1.514474364748762625e+00,-8.914212124992673125e-01
-1.045037099601129782e+01,-6.220647724746200424e+00,-6.028441280457252027e+00
-3.155756863785207145e+00,-4.961740316434015696e-01,1.926184032741904861e+00
-8.437669010074138498e+00,-4.156170926412769973e+00,-6.525087252678662963e-01
-3.796781246959164413e+00,-1.591498645725879957e+00,2.886859124347620931e+00
-7.199783538077033640e+00,-2.770436552284428089e+00,-2.646777385643951597e+00
-5.200819654496743993e+00,-8.457267583799334965e-01,1.787200024873482729e+00
-1.107563121471113554e+01,-6.880827051388751059e+00,-5.974209071157884132e+00
-2.164113896137071613e+00,-1.408636299240812129e+00,2.202379429273946698e+00
-1.113862659044838033e+01,-9.761838114497908947e+00,-6.967635356971584315e+00
-7.535679181879386235e+00,-4.091601487907214896e+00,-1.039563943042454586e+00
-9.398813976025440553e+00,-5.903986608971617756e+00,-2.802200195096364865e+00
-1.041904017075868616e+01,-8.523400014934884084e+00,-8.070927936571322903e+00
-1.130892613537133684e+01,-7.032200395588325215e+00,-2.802159296147755718e+00
-6.342145373076359505e+00,-6.313750060400671771e+00,-2.109422572300580612e+00
-5.774809625523921852e+00,-5.019865595150493576e+00,-3.355552579830810345e+00
-8.108197799553153118e+00,-6.041454591037401123e+00,-2.643300346646377363e+00
-4.723856773715633395e+00,-4.261779347350374891e+00,-1.285514012830679675e-01
-1.173926896755514804e+01,-7.025530036120126276e+00,-2.262050692963427423e+00
-6.456252373012873136e+00,-5.997062365418117658e+00,-1.400161097566880564e+00
-8.302493152854673042e+00,-5.463348667647135670e+00,-1.828705854730367619e+00
-8.730724795932983895e+00,-4.077741263436756469e+00,-7.727639804796138101e-01
-4.387274757726284058e+00,-2.103577529329788920e+00,5.219816375183135015e-01
-5.535939448899066306e+00,-2.113422053703331471e+00,2.610072452575998625e+00
-8.433489347350562326e+00,-3.984445857038517502e+00,-1.099109580458558888e+00
-4.481865279740416597e+00,-3.426813934350750657e+00,-1.693168310927621656e+00
-5.609867147336620619e+00,-3.800829656036981863e+00,-2.354959486110354661e+00
-9.431118950901192122e+00,-5.697391030392891409e+00,-1.517453022252887251e+00
-3.666075697311678372e+00,-2.066921226429211167e+00,2.163708706312013952e+00
-1.119767340907838182e+01,-7.525486369680084664e+00,-5.319903971507396356e+00
-1.443133066843964762e+01,-1.093801551888520862e+01,-7.091323962463810915e+00
-1.073289856275760634e+01,-7.927743041408339408e+00,-5.712176095025975897e+00
-1.110337309975400810e+00,-6.017650753656615947e-01,-5.949167197682546648e-01
-1.038969067407310476e+01,-5.703434121159897785e+00,-4.366010225602401817e+00
-7.313827740417849554e+00,-3.998907637500429324e+00,7.178981550060834493e-01
-9.736912580756074576e+00,-5.645456188860666025e+00,-5.032542167613794248e+00
-7.148634735767130266e+00,-3.139072483540424230e+00,4.928930113396354784e-01
-6.257529027078479800e+00,-4.610543513642320512e+00,-1.162534521888959560e+00
-9.154657831007591895e+00,-5.025221702758367215e+00,-3.568112158409744605e+00
-7.318173287320844267e+00,-2.973026913916854141e+00,-2.578954993596476175e+00
-8.841737837120559718e+00,-6.204465565964281559e+00,-5.038367283661535190e+00
-7.322476346323330887e+00,-3.682423873647947321e+00,-2.808093916506432919e+00
-7.019474863138029264e+00,-5.312205917277633915e+00,-4.675277133304060584e+00
-9.157438487274454531e+00,-5.097864792496903164e+00,-4.436490872540678865e+00
-1.083284673674573462e+01,-7.217088706807067489e+00,-3.680937617020898500e+00
-6.104884580331305877e+00,-5.393042644523314166e+00,-2.562787262764673279e+00
-8.835353514599797009e+00,-6.350956923037280433e+00,-3.378434078124902928e+00
-6.003839880828139464e+00,-1.317701718260448018e+00,-9.150166060836886217e-01
-1.384061414394046885e+01,-9.738095492078734594e+00,-5.427558182341650550e+00
-2.626081182624131038e+00,-1.994710730977999447e+00,1.285819960817863539e+00
-1.338068768147320142e+01,-9.870071942027491829e+00,-7.126740529436488281e+00
-5.513316327868412081e+00,-2.998666536406754624e+00,-1.409574405780525730e+00
-1.054014068346290145e+01,-7.094732752148395605e+00,-5.666999461870254606e+00
-5.152142369051137649e+00,-2.852026433865617605e+00,1.434819402719540449e+00
-5.330453121670593930e+00,-4.882753056139307546e+00,-2.240901771294706357e+00
-1.121203041322513982e+01,-8.781660110620139292e+00,-6.889253120185378165e+00
-3.360568201070496919e+00,-3.729197368790426736e-01,-2.947872283467600774e-01
-4.543621533272832913e+00,-2.081273658521853864e+00,3.471790436369430743e-01
-5.442957955862527619e+00,-2.862396497650989247e+00,-1.800195216065312298e+00
-7.290009576496935040e+00,-6.252027073642224764e+00,-3.016014282330269136e+00
-2.318593343349276026e+00,-1.854955813899406447e+00,-3.253482010106272249e-01
-1.224764546281204680e+01,-8.093565830134108907e+00,-7.574746976068033710e+00
-1.322100324430146046e+01,-1.088067329753807400e+01,-7.537519558565421995e+00
-9.545194614425616564e+00,-8.836972809187187750e+00,-7.274658488954713675e+00
-9.660350939405098813e+00,-6.866570035413961826e+00,-5.230430760930246059e+00
-6.863781281457112193e+00,-6.314092391868222798e+00,-5.152060581411228135e+00
-5.848545192277307514e+00,-5.301468467202324675e+00,-3.836899019733142069e-01
-6.292232312108366976e+00,-5.113989293043032625e+00,-2.461219439891130900e+00
-7.978977696775863215e+00,-5.836368146933896384e+00,-2.988800164853919750e+00
-1.266884531522415003e+01,-1.017838975529014078e+01,-6.542580551947880352e+00
-7.559182398973796069e+00,-3.194112913732858772e+00,-1.767615977284513917e+00
-5.422041593194188991e+00,-4.504007765572609401e+00,4.176914728318958936e-01
-1.006735788538254006e+01,-5.736995585706052836e+00,-3.917404154224640056e+00
-3.864315533318849027e+00,6.096184995460465217e-01,3.962350056311117363e+00
-6.433043248648897539e+00,-4.245940048595207017e+00,1.211697111350504841e-01
-6.653798230256089852e+00,-3.277384637090101638e+00,8.548714771963310532e-01
-3.086320967826000849e+00,-9.975222525644831251e-01,2.996055011354628483e+00
-9.619959920294805400e+00,-7.785325224324509463e+00,-4.109929791820925438e+00
-5.490493217856318608e+00,-3.312840508625078506e+00,-1.286867484536353246e+00
-4.778417799681521139e+00,-7.952530553238843503e-01,-1.700691476042457406e-01
-8.014454691303509293e+00,-3.373409583850545346e+00,-8.300059223196374347e-01
-1.011501064837874253e+01,-6.934638654673620728e+00,-4.908331190373849573e+00
-7.625282424599610032e+00,-4.395909177203277451e+00,-8.466519281539328645e-01
-6.646488017644587742e+00,-2.304101340159561140e+00,1.967792232777479278e+00
-1.090207631201596250e+01,-9.113002811813981197e+00,-6.033738456948459117e+00
-1.067329922974253265e+01,-6.770412737777647294e+00,-2.946095287268234664e+00
-1.165313355151144314e+00,3.289343889326669768e+00,7.449061586979238925e+00
-4.684413277766871886e+00,-1.095133646660986670e+00,2.649142527911649836e+00
-2.052173851920841674e+00,1.985044930186703471e+00,6.174487483448530156e+00
-1.545070858365411137e+00,2.182742853185768439e-01,4.127327954499562246e+00
-5.858959628321322555e+00,-1.112914696784331303e+00,5.190224457133774116e-02
-3.376365110391331026e+00,-3.135190318398652920e+00,-2.773208861101603251e+00
-2.059914777908716133e+00,-9.763238760398376126e-01,3.622627957012142019e+00
1.684981761507066578e+00,2.318962180924540206e+00,6.056977402703632052e+00
-3.799476048088975322e+00,5.357431075055472114e-01,4.923348216924329890e+00
-3.433134005965317925e+00,-1.349391081409194060e+00,1.126917593502346771e+00
-3.891087860015615796e+00,-2.274843581693521521e+00,-1.538121632309468190e+00
-1.230727675786313702e+00,-1.698713014192370085e-01,5.040544089407762440e-01
-5.204707774015503219e+00,-3.167096433179124482e+00,-2.315368516184800107e+00
-1.997790415244153461e+00,1.921339799206434051e-02,4.275159041692063511e+00
-6.747038422607859687e+00,-3.474460281722605348e+00,-1.607013812443804923e-01
-6.405241919742463708e+00,-2.345911533304817720e+00,-2.139943996769961387e+00
-8.242574470844864720e+00,-4.270019996959596220e+00,-3.288275786253215038e+00
-4.137810462289039037e+00,-2.408175939275076782e+00,-8.679618215049837993e-01
-3.569588256370087809e+00,-3.041310516843908296e+00,-2.172760912005296863e+00
-5.966448771296724018e-01,4.185091107336185168e+00,7.186452391330226952e+00
-5.843844934806974756e+00,-3.473986128334607404e+00,3.149877842884776236e-01
-3.603879583544570941e+00,4.648172950118159008e-01,1.016131564539549448e+00
-7.133428179111390932e+00,-3.428901101790867489e+00,1.233081590650177528e+00
-3.272717868439734001e+00,-3.455374595937824589e-01,2.725247297846202787e+00
-3.865923347404731203e+00,4.861131031068088859e-01,3.883525900066127079e+00
-1.081015572357937060e+01,-5.833818165265952871e+00,-4.420349985150437533e+00
-8.597385604923307056e+00,-4.369982715251608418e+00,-1.307936610865689797e+00
-4.765474407248134092e+00,-2.936796704318280771e+00,1.478501648636208810e+00
-8.859176534556922888e+00,-3.877945254006929687e+00,-3.588698409879585771e+00
-4.238639909749442936e+00,3.889738735820236215e-01,1.404528886719123015e+00
-5.614901486109191708e-02,9.697910946714034530e-01,1.178571554359431728e+00
-7.452423777792530402e+00,-2.841485108184235830e+00,9.555050865576220076e-01
5.590771956974833756e-01,8.263231317272841103e-01,3.993999178737612787e+00
-1.312897790183106261e+00,-7.122255930909693333e-01,3.044800514170074912e+00
-1.677150769456736690e+00,3.681184453154163760e-01,6.270026134635643400e-01
-5.259001968739384303e+00,-1.111964723495716401e+00,1.750101650271226772e+00
-1.521116284550637854e+00,2.343224608632481942e+00,5.715878863967145840e+00
3.720169549706014767e+00,5.892150423231481859e+00,9.385482720906786369e+00
3.343833472643757077e+00,3.417600777211553975e+00,5.116288572121675315e+00
1.492834634774414138e+00,5.382101614909052145e+00,9.197411148977529649e+00
-7.336197521874526117e+00,-2.899150685826260343e+00,1.560769159647770188e-01
-5.321361226408016343e+00,-6.103772159369968975e-01,2.178183817143137802e+00
7.176139831283805393e-01,3.219884016666277660e+00,4.205967061469855217e+00
2.262271541670111130e+00,6.156453637543477520e+00,9.616739411898493017e+00
1.386419908821541203e+00,3.690223332128750311e+00,4.125767072652626766e+00
-1.861046630697917204e+00,-1.232534726775194489e+00,-6.602287470040639761e-01
-1.228722774383816052e+00,6.492737660621643592e-01,1.444161636296174445e+00
-1.243802150108796134e+00,3.060408346207236896e+00,7.557138948620562680e+00
-2.610870252277921466e+00,1.672975070850532875e+00,4.717249763027166587e+00
-3.104604431996979219e+00,-1.228274396134390045e-01,4.331792992765699957e+00
-5.225317725170854910e-01,1.509009030801941931e+00,1.820730626756364323e+00
9.049558199190421703e-02,2.442461367567744013e+00,5.211013680722997421e+00
-3.410574927975585258e+00,-6.633142030746901341e-01,1.317061944807252916e-01
1.733244264986647298e+00,5.650309131629581927e+00,9.310143677985827537e+00
3.336256772950207949e-01,1.482890345949045452e+00,4.239036744584955940e+00
-1.263092409997458088e+00,2.688548633436800284e+00,2.726971748307686738e+00
4.739762509269045410e+00,6.115536543221805843e+00,8.475725881988678267e+00
-1.486146674178447036e+00,2.739011326941837687e+00,6.733847676294677953e+00
5.403247150106675889e+00,6.158209769845972126e+00,8.471919238573619282e+00
-1.291060377231834089e+00,2.321231686368001590e-01,2.239291466481396320e+00
2.017498010357113625e+00,4.720622069343816563e+00,7.217324890114463543e+00
5.333282643551998881e+00,6.041155840718566594e+00,6.649596454260901623e+00
4.830505087634560102e-01,1.134395042978942669e+00,5.340836457686708449e+00
3.089369696204063764e+00,3.189046470656770271e+00,4.201069638613572188e+00
-1.428857921330137337e+00,3.350600969258278994e+00,3.680707635422919566e+00
4.369697401145177906e+00,4.551304640206058849e+00,6.487951263918628086e+00
4.688805817993608294e+00,5.444808632094249923e+00,8.273626382383529432e+00
-3.088744228420039484e-01,1.384030456746462523e+00,2.428877519825261899e+00
-9.590791667634910311e-01,4.033929415595356005e+00,5.739450027908711505e+00
5.878632292541966287e+00,9.083664535739877977e+00,1.345422973476786055e+01
2.954163401954787105e+00,7.566099167946675585e+00,9.616735684341305657e+00
1.999092491497925117e+00,6.879873781328186055e+00,1.050270037332080797e+01
1.096585005473692753e+00,4.012963762055546724e+00,7.479360425613577945e+00
9.269125786170402392e+00,1.106981465189575431e+01,1.319184157042744054e+01
4.932471140468572379e+00,7.863816409280375730e+00,9.497987056415755802e+00
1.132628469438631491e+00,4.976687177215670665e+00,6.232121180355262524e+00
1.630670278687168739e+00,5.614697827731239599e+00,6.375484516653155964e+00
2.577949480257438530e+00,3.664903819115860273e+00,7.430373421772174858e+00
4.992773076355607742e+00,6.308480881546484120e+00,1.028545214108631889e+01
3.074054118870117591e+00,6.993404102150661217e+00,8.279910298263658319e+00
7.041286106728508187e+00,7.406691187368276807e+00,8.238494093796667528e+00
1.077719192571150675e+00,4.840352834909230850e+00,9.075323862382070672e+00
-8.716085930435397700e-01,1.043668967360491528e+00,1.864763123561781200e+00
5.893946225824429064e+00,6.271294972778235888e+00,7.350375098738785695e+00
2.847825536194294571e+00,7.746249840923250751e+00,8.597614924075539733e+00
2.338066411492462748e+00,2.768901438089757416e+00,6.696269052759707741e+00
2.432427813063370081e+00,5.509485290146186820e+00,8.183592044007721000e+00
7.643245792319368626e+00,9.882508552102873267e+00,1.339171498967330365e+01
-1.169277084759036800e+00,2.322497883308526134e+00,4.444627419205674279e+00
3.984054524616263748e+00,5.155193749773221867e+00,9.361511029908630377e+00
9.716816460197346572e+00,1.053992797320127295e+01,1.320995954083055146e+01
3.159018364007574409e+00,6.622388941748186930e+00,9.816773766731035522e+00
1.546565752273790117e+00,4.640537404958011258e+00,7.953068380688337768e+00
1.887110654514500219e+00,6.265385236892253573e+00,8.092348091824243639e+00
5.693513000248940692e+00,8.830695533528807317e+00,1.231552893743988619e+01
2.855796183084695627e+00,5.807428950785613608e+00,1.032244216152112593e+01
5.000317549556283048e+00,8.274211358645979786e+00,1.039635674772899243e+01
3.020518657289657405e+00,7.248454163010688234e+00,9.696294151240747894e+00
4.904402059853699924e+00,7.555218429375574196e+00,1.046661594948683316e+01
7.033646717891341993e+00,8.647570153580860008e+00,1.226026931655625596e+01
5.345238297339406586e+00,5.835869232905773529e+00,1.018011524086325537e+01
1.699687510561678216e-01,3.942657512332110148e+00,5.710816522061928247e+00
7.121659233634201058e+00,8.253624758770220282e+00,1.019311448642705820e+01
2.460606695621597950e+00,6.485869583031164787e+00,6.643723548743153628e+00
3.250151145998154689e+00,5.589772430459415631e+00,6.860323494813848733e+00
4.187894251699511905e+00,8.562651251299577382e+00,1.063185912077537765e+01
7.373784715958962011e+00,1.086327635536202330e+01,1.265273880702779508e+01
4.965077657192466631e+00,6.613575998047877214e+00,8.242940368893689751e+00
3.756185395866188159e+00,7.147058451695984083e+00,1.196826291955841626e+01
2.578392595375194052e+00,3.619116364864343183e+00,6.838622538197610012e+00
5.210167062370890889e+00,6.537339225176793889e+00,9.284089486883532416e+00
5.200589857070403887e+00,7.908584110406183143e+00,1.015881420721652795e+01
4.727722504601361564e+00,7.220943242112132232e+00,1.162209898284432086e+01
5.788610100184643059e+00,6.231632726156308699e+00,1.038304843126708832e+01
7.218134567826174575e+00,9.529701224256365677e+00,1.119767140275610728e+01
6.672786571675040079e+00,7.558516443870358259e+00,1.163254873682019763e+01
1.222124042874031247e+01,1.518145158642091275e+01,1.882333019095483451e+01
6.492155142744987728e+00,8.066971425569800402e+00,1.003176773702868374e+01
-5.336928120471939430e+00,-7.687094763459390023e-01,4.037201950840969999e+00
4.606848660394362582e-01,4.159895760870805148e+00,7.907025837320954764e+00
5.643737134726725557e+00,9.115738520076412499e+00,1.205178820077928137e+01
2.635641386788502682e+00,5.611033036485192582e+00,1.043004748830503026e+01
2.062481016713854309e+00,5.817038650571952019e+00,9.093745131054117081e+00
2.915638331874861766e+00,3.860986346271162439e+00,8.746356220073945309e+00
3.563132130030939315e+00,6.164598978651108396e+00,1.088316512738201247e+01
4.623081794388387067e+00,8.190869482245931366e+00,8.391273678718780715e+00
6.084070760197981542e+00,8.779048258972796503e+00,1.324245885199933426e+01
4.313567021468484697e+00,4.572470449010634930e+00,8.906108200643116035e+00
6.990193810717110878e+00,1.005715027182211863e+01,1.027978658192480488e+01
2.205763178074916731e+00,4.073754831418272992e+00,4.224607802638311149e+00
8.958232695018498504e+00,8.966814183800202898e+00,1.344893983135608551e+01
4.924430512951219363e+00,8.667322017336397622e+00,1.011468205308375801e+01
4.285941443813671370e+00,4.854494096680886273e+00,5.126657006715218401e+00
-8.895191092274234990e-02,4.497159742663033200e+00,7.624944003626554334e+00
7.998871721306728411e+00,8.801666159631228226e+00,1.220897597687095981e+01
9.765337509609075539e-01,5.970987331623641481e+00,9.911124433577432669e+00
4.840468131572151833e+00,7.073129666513686686e+00,1.114401301958582913e+01
5.977249107102430514e+00,9.698782516654494756e+00,1.014204850562436988e+01
4.436007652905554544e+00,9.064490779431457312e+00,1.348500701913012279e+01
1.914912113676770833e+00,4.867709728709932904e+00,7.408455757252800922e+00
6.302725964836603190e+00,7.441432845157222253e+00,1.161372229320709337e+01
2.623387030986926050e+00,4.782819078888588926e+00,7.679352534944372088e+00
9.329310010346292259e+00,1.017974743520727010e+01,1.124886122615945006e+01
7.234617137656069730e+00,1.216062375877749879e+01,1.463062360826461017e+01
9.163976766125703222e-01,4.995112068629683932e+00,9.143762081306849865e+00
2.506858291805371231e+00,7.414409944765228744e+00,1.232893002218680145e+01
7.951225499643616246e+00,1.023600259060065731e+01,1.498760447819154962e+01
5.702891039763406944e+00,7.530163137178781163e+00,1.056835877151209679e+01
5.005604366603273014e+00,9.114166516430682208e+00,1.368309920315730466e+01
4.935612317585593267e+00,7.554808438711797081e+00,9.644105729284724760e+00
5.555538792587704222e-01,4.198144147457941067e+00,6.477781989282108910e+00
4.333125354453061462e+00,7.692132501267805011e+00,1.171322704072964704e+01
6.476620396345989406e+00,1.068225673495382821e+01,1.195382694336629292e+01
5.349296334828244959e+00,8.206586940026486587e+00,8.331758256755154690e+00
8.107524856688439030e+00,1.209630591469510463e+01,1.272178177973261981e+01
-2.487799877197380383e+00,1.870622625308874021e+00,3.904670649666751370e+00
7.444077004519918717e+00,8.280418393635244456e+00,1.225949296563400104e+01
4.154265103110653001e+00,5.155697038277889277e+00,7.127770406653204383e+00
1.593207491551906774e+00,4.427588472635808792e+00,6.227738165324367969e+00
1.011568444991770122e+01,1.101082816229015648e+01,1.304129714248730920e+01
5.472769249835229388e+00,6.193991102777449242e+00,9.789768415753814068e+00
4.996636839474000169e+00,5.854161661068129519e+00,8.266074342920068929e+00
5.085797829013619875e+00,7.887689097487994516e+00,1.261302379425802478e+01
-4.533374248150767727e-02,3.459580280229994642e-01,4.998234403115978886e+00
9.771935150996501562e+00,1.081306693762290649e+01,1.501774826082171543e+01
1.195265961682028077e+01,1.240513588770865638e+01,1.734864777412096970e+01
5.340834218931874489e+00,9.378997983376043734e+00,9.693753480115841370e+00
6.739338473507205940e+00,7.809893690667283117e+00,1.055261865625605999e+01
3.245076770401422728e+00,5.862936826103276822e+00,9.009282840883651389e+00
9.067213749581450877e-01,3.224254760750069781e+00,6.895076289731269625e+00
8.225392326644170637e+00,9.967820345375908886e+00,1.084975452929782236e+01
8.900021137937399018e+00,9.068918563037444258e+00,1.069274662699987921e+01
5.468660182715054496e+00,7.603054345768315514e+00,1.089839791977990124e+01
3.152689408046125408e+00,7.184971139166321130e+00,8.385285147185838284e+00
4.549815066811484066e+00,7.015827938158073707e+00,8.184497299385459002e+00
-2.910118922598217139e-01,4.464814851389513173e+00,7.702548635532552090e+00
1.008382305859494465e+01,1.347333506217496080e+01,1.612945580895958031e+01
3.629663504189764467e+00,5.038812349015270087e+00,6.040961753711466820e+00
1.256870007459118366e+00,4.540097577874071533e+00,9.148633502823852126e+00
8.040782956805688997e+00,9.105251441919566702e+00,1.196407311378680127e+01
2.931130587623823835e+00,5.577755446608810175e+00,8.786020928758471626e+00
2.590120801357961966e+00,5.529070517630275461e+00,6.893043551291353488e+00
6.291999565792783855e+00,9.749208024387147731e+00,1.111250709078585075e+01
4.194611505897892556e+00,7.459579904744499501e+00,8.959246670226240994e+00
7.116922993771318318e+00,7.529036712502006345e+00,8.165153238304547756e+00
-3.166947518569325659e+00,1.003533718619450177e+00,1.610310024213543523e+00
4.720465912661625296e+00,6.373032016323877613e+00,7.811240773497758028e+00
1.778922820203796773e+00,2.068221365809269852e+00,5.065819032672319366e+00
-3.613175049254357951e-01,3.632609849455292750e+00,8.594258784115687888e+00
7.558408698760601396e-01,5.436001294774719383e+00,5.682631853142971146e+00
3.423355351506739197e+00,4.710898844277915387e+00,6.771490151928007961e+00
2.316553879586858322e+00,6.691625616402728127e+00,8.492049508156057414e+00
4.097968899614635063e+00,6.949530619203427406e+00,1.024749560693141248e+01
5.592046106575199182e+00,7.081839789430627974e+00,9.991542510498911511e+00
1.644875734146048485e-01,4.189151003966671283e-01,2.819831520752722920e+00
9.552494414200927153e+00,1.144517310695584911e+01,1.322394609386091346e+01
3.013806290719765357e+00,4.188270787275053308e+00,8.276941967444955139e+00
3.395158393422180509e+00,7.804773416217276605e+00,1.224541580007593566e+01
-5.454348799848293794e+00,-3.473813880705492352e+00,-2.178007390673427413e+00
2.683442152078681087e+00,3.175503614949298115e+00,6.537541961396375001e+00
-2.159786777207738595e+00,-5.089479517493953331e-01,8.743833741738806786e-01
-6.673079106117265624e-01,1.189882689410472150e+00,3.963501082077815596e+00
3.016201701022022341e+00,3.825828014323608528e+00,8.632515759834941349e+00
-1.093644987908637844e+00,2.569425484794166437e+00,2.803353802514540583e+00
5.880659791434655226e+00,7.414598719489239542e+00,7.665960905333520259e+00
7.530342412705786970e+00,8.677788409556521643e+00,1.011074285908438775e+01
-3.221903169532509992e+00,3.679954701410190765e-01,3.961694747572406250e+00
1.475713045871722473e+00,1.702339589032609624e+00,4.642977823221100309e+00
-4.835564041091515719e+00,-3.101088512881089443e-02,3.110814341359952717e+00
1.623348885254154439e+00,6.426085513980410724e+00,8.328881098829583607e+00
1.032298660611235874e+00,3.331190116372304111e+00,5.808622676354596948e+00
-1.773434240702941977e+00,2.846301232822133542e+00,4.747706497071099818e+00
-1.335531531568933339e+00,3.581560510265798136e+00,6.297190685982956282e+00
5.145348389917403509e-01,1.605138451660086396e+00,2.123578694646085729e+00
-1.000965300470702868e+00,-1.366015494662913277e-01,5.981216513633602627e-02
-9.817221537171856305e-01,2.479829112607692565e+00,5.064350012994312422e+00
-2.270393010846510684e+00,1.419226451933937705e+00,5.330537060312673603e+00
-1.502143393736606658e+00,3.154672379858789899e+00,3.739664018302941706e+00
-3.819709668842836692e+00,-2.889193448248620122e+00,-1.478218405320497197e-01
1.811163722891341532e+00,2.458785287317247548e+00,2.922393919843336185e+00
-3.606892301911237553e+00,-2.752043076750787520e-01,3.348353271167665124e+00
-2.077841124736567568e+00,2.139161339737049250e+00,6.717894731660386753e+00
2.080651388808181235e+00,4.293148612081172821e+00,9.192520303129754211e+00
-3.877129226226039282e-01,-1.982779591096772709e-01,4.152360150976674547e+00
3.345817144487736705e+00,4.953196434839464146e+00,9.561768945479752091e+00
-5.079689292348550822e+00,-3.966667357232868341e+00,-2.616990849935865171e-01
3.652456265676101932e+00,5.779740145832628961e+00,7.687064345961222678e+00
4.459351372642098355e+00,4.756448629073546819e+00,8.286007262660664452e+00
-2.602742066627039996e+00,-1.725978265143907953e+00,5.889875758101574821e-01
-2.514458882739467160e+00,-1.807918311892376950e+00,1.214470778767636761e+00
-4.920273999134890275e+00,-3.764967825537539614e+00,-7.929851713811939540e-01
-1.355693890832751602e+00,3.377385011080531019e+00,7.981977512998300384e+00
-1.486718903062029362e+00,-4.843971075170390161e-01,1.153093978452190971e-02
-1.023923558132694644e+00,-8.106180464548604636e-01,3.331905051928075956e+00
-4.320133742555981371e+00,-3.073595831258943534e+00,-1.653909009479598957e+00
4.494034195243015617e+00,5.625260586987343103e+00,9.825680363097152537e+00
-7.728600307151366700e+00,-2.834090330119855672e+00,9.418429245303210351e-01
-4.065950006606449563e+00,5.193929573950090139e-02,3.154441598336189312e+00
-2.120850206768501778e+00,5.230243352138914670e-01,4.130914359166466987e+00
-1.603581590360611209e+00,-1.424767196329509655e+00,-1.117764568312526130e+00
-5.571174493127520222e+00,-2.134807050246601889e+00,-4.594572273113115557e-01
-3.986954041934018367e+00,-1.542782259692645042e+00,2.367180558606905461e+00
-1.727101780647299245e+00,1.158687761387370285e+00,5.184997134702659771e+00
-3.775995192219971930e+00,-1.680218981366754516e+00,-2.431022165090306331e-01
2.962278898887349854e+00,4.136463443306693577e+00,4.794868198672679327e+00
-3.355759246587885158e+00,-3.171776635218093165e+00,-2.906031556801070170e+00
-3.315249517571805526e-02,1.321841640488353065e+00,2.713904612211202938e+00
-8.217716940168315887e+00,-6.308794295002261521e+00,-3.350707438804733762e+00
-7.265262612643832441e+00,-3.468764936983528280e+00,-2.480239896689742096e+00
-7.480741862110038554e+00,-3.684500979115092889e+00,-2.989553340158254358e+00
-9.587681876391144442e+00,-4.644213772941777840e+00,-3.219044857528710946e+00
-4.764764763591752050e+00,-5.780896900710061903e-01,3.742394493747605022e-01
-6.607473622043087857e+00,-1.854259719856803823e+00,2.278874206204255959e+00
-1.025144720434618861e+01,-8.454500901611018193e+00,-6.347142271136745784e+00
4.255978260324747353e+00,4.275168227939627918e+00,5.532329449504457486e+00
-2.722365178642213834e+00,-1.275882898882455985e+00,9.878105959171861183e-01
-2.587187522980157528e+00,-1.891938453004323950e+00,5.018959876069226667e-01
-1.398013950045120968e+00,1.944328477051139537e+00,3.800739967767731819e+00
-2.699710139745374882e-01,8.910053638530923692e-01,3.629587798622566197e+00
-3.203631084422085884e+00,-3.058611569620700799e+00,-1.354424315738460782e+00
-1.074703538447262474e+01,-8.109084169932554431e+00,-6.429870088939942718e+00
-2.371911493363131562e+00,-6.447543628754930367e-01,3.596728950310523309e+00
-9.981662479654534792e+00,-5.311703543678712336e+00,-1.174740306935419198e+00
7.161752349615480018e-01,1.210512485353993917e+00,2.659224707258975418e+00
-8.475196807579919778e+00,-4.918724974121596816e+00,-4.676099910830622264e-02
-5.239008154303208542e+00,-4.027600411952804826e+00,4.634519834936980942e-01
-1.047717210135730070e+01,-6.782097165541960848e+00,-1.864845333644299608e+00
-7.086686073834174593e+00,-6.618758665125503704e+00,-4.645029924160317236e+00
-5.627733477788482652e+00,-3.237158466115980460e+00,1.232546601069111070e-01
-6.863348743398979934e+00,-3.593488562023334332e+00,9.382381615478188053e-01
-8.683196242321582048e+00,-4.489830629379921945e+00,-4.212967284799023382e+00
5.900058603625275566e-01,3.022706475411963467e+00,5.058012626507460752e+00
-6.383908663259795446e+00,-1.398185730632922397e+00,7.381052405895340840e-01
-6.662916246031974410e+00,-3.249820546018543421e+00,-1.827673380349090548e+00
-1.469570631945252792e+01,-1.162256153986564300e+01,-1.058939609677347704e+01
-3.959933991416414667e+00,-9.419007131683549972e-01,3.399050479771550393e+00
5.401026425646928253e+00,5.497215382876364131e+00,8.020147430573093317e+00
-9.027832604760881452e+00,-4.115979482978891824e+00,-3.319666870737291386e+00
-6.964990744972751280e+00,-6.047929104728309468e+00,-3.693810499220594235e+00
-7.544154863174064474e+00,-3.189188961539517475e+00,-3.753909143539457816e-01
-1.057819370799779612e+01,-8.034650485144876342e+00,-7.600865189621770490e+00
-7.223905906618030670e+00,-2.413975833744626431e+00,-6.783961763461303640e-01
-6.167236325274834119e-01,6.423121282103299023e-01,2.701031851925588256e+00
-7.998673046339238368e+00,-5.927762237810140000e+00,-3.635096694169842380e+00
-9.328626563090690382e+00,-5.885935553694864097e+00,-1.546202710622537779e+00
-4.549113147191793161e+00,-4.262548746557512480e+00,-1.808705923223985934e+00
-7.648845583126754555e+00,-5.578954958996394708e+00,-5.524554394902278176e+00
-1.274490473222062192e+01,-8.662457477708111142e+00,-8.140891472104494042e+00
-5.903525280098796735e+00,-5.329785232563772013e+00,-5.088293142305255756e+00
-6.984117601244795637e+00,-5.982009432172376684e+00,-5.097928024399885238e+00
-1.905885402502226267e+00,-1.665562220597518461e-01,3.129795749195396937e+00
-1.115122844732134633e+00,-8.436517065897395362e-01,3.457727094284192670e+00
-1.792588171650290718e+00,-1.596950948675113224e-01,2.873341560492113977e+00
-2.046633437526316435e+00,-1.986607876472544998e+00,-1.575683011307096315e-01
-3.823116373922510469e+00,-3.812861814395668958e+00,-2.985570446509585807e+00
-9.329381870179524583e+00,-7.090129717822932776e+00,-4.414692608074183511e+00
-1.288153383619673686e+00,-5.235103850129454450e-01,3.202571003065316280e+00
-4.436705106724729397e+00,-3.491686779121706330e+00,-2.912461318336419858e+00
-9.977702869425144172e+00,-8.310580305619271968e+00,-5.553436987314505302e+00
-1.228226413118702709e+01,-7.337755049088286796e+00,-5.244176400912535563e+00
-1.054524756283023024e+01,-8.415265476619676832e+00,-8.118598126037069207e+00
-1.463530462248875885e+01,-1.080620625669224211e+01,-9.897291247387025592e+00
-7.232862342778968667e+00,-3.508844520052078142e+00,1.044239868597629073e+00
-1.225162775839945972e+01,-8.410523947942653678e+00,-5.198256845881578769e+00
-1.000499030410294665e+01,-6.985408826659798009e+00,-4.717244364587095617e+00
-5.342624993211989803e+00,-4.619911517630105102e+00,-7.257184720213434304e-01
-7.703754626426979613e+00,-5.317143274464010361e+00,-2.188914158785788544e+00
-8.779071902834573393e+00,-6.908995758267360898e+00,-5.905382159865188996e+00
-4.257798371984835129e+00,-2.252560530435223640e-01,1.486742974825428387e+00
-1.370694273408777875e+01,-9.373542589230719813e+00,-4.544918076617310732e+00
-1.340331596223167310e+01,-9.253373326196490112e+00,-8.612683099742236337e+00
-7.712650434700129232e+00,-3.437595797912911699e+00,-8.408066708467498707e-01
-7.902591603206994719e+00,-6.695533598718761858e+00,-6.229753430588033325e+00
-8.209587181106860143e+00,-6.817037985457287341e+00,-6.129902574576212793e+00
-8.188937143595101276e+00,-8.060714232587937289e+00,-3.121892487017398743e+00
-7.967176152603727246e+00,-3.809464910588594488e+00,-1.147185951042959395e-01
-5.110854743788457277e+00,-4.145785887822063032e+00,-4.007103693067818995e+00
-6.888095761914721393e+00,-4.462076349041266710e+00,-7.536041993596525046e-01
-1.137741949983002243e+01,-6.563232683031209547e+00,-2.343814240015436035e+00
-1.152803234031451396e+01,-7.060520560341726259e+00,-5.867206821636585801e+00
-6.064568825571496902e+00,-5.287938737454653371e+00,-4.049029886987794313e+00
-2.581318872626454208e+00,-1.888421506334649447e+00,2.103997612224311808e+00
-4.586323143277653891e+00,-7.110783844852619495e-02,1.465602292860076261e+00
-5.811861184443172235e+00,-1.427230269747751024e+00,-1.152054368953184138e+00
-6.614746368812480348e+00,-3.227963670676596397e+00,-5.904976211976360467e-01
-3.164417231879048664e+00,-1.780700753780137369e+00,2.060304722927048804e+00
-9.313506271439109696e+00,-8.253269864205467599e+00,-6.172522427067686834e+00
-1.037648800462414655e+01,-6.827191324259731076e+00,-5.136046418550421322e+00
-7.366095816157421261e+00,-3.089294888208792500e+00,1.237840164989404634e+00
-6.004433599745938821e+00,-4.991781501105842622e+00,-2.789831557780445781e+00
-5.757857527226493133e+00,-3.597794310777602256e+00,-1.547568634273623900e+00
-4.153007167370777353e+00,-1.643146476439384163e+00,-1.271314906012538160e+00
-6.429158349749114265e+00,-2.078908373078161897e+00,-6.293344813126053872e-01
-7.800628529558466084e+00,-7.791566562289406583e+00,-4.366046898944352606e+00
-7.701427543462513015e+00,-4.449067124658143690e+00,4.667439416799865626e-01
-1.080747917403187763e+01,-7.211243101994650573e+00,-5.547712561213259619e+00
-1.150625446300107768e+01,-6.743166704009034618e+00,-4.916437707697194348e+00
-1.361075331344540373e+01,-9.504529883907416377e+00,-7.826159537681487421e+00
-4.173658080865982889e+00,-3.930116513414985135e+00,-2.611922084432123370e-01
-1.139358801541222732e+01,-9.642533361652899870e+00,-7.948094866476471232e+00
-6.640669383115350044e+00,-3.061411248782848649e+00,-1.451221943432549510e+00
-7.124556181328922655e-01,-1.223920970677694342e-01,1.900159162460257622e+00
-6.678207042413212946e+00,-2.558986844669046246e+00,-1.907964404636745215e+00
-6.717344731746622166e+00,-3.944940852927437458e+00,-3.283644383208868422e+00
3.078483944152542451e-01,5.537626366126628952e-01,2.447311509439126453e+00
-6.304017250206698897e+00,-3.014600668555374341e+00,-1.639664002574000357e+00
-8.759575285731816763e+00,-6.530919547044728546e+00,-4.074264923329115717e+00
-7.717985351576818864e+00,-3.511533944867338164e+00,5.833620971594193350e-01
2.037893013736225445e+00,2.049629062990836914e+00,4.119224034086683695e+00
-1.032885468029185461e+01,-7.048399520491756221e+00,-2.786418667683785877e+00
-8.094844061011750469e+00,-7.850355144422787035e+00,-4.709113552368204836e+00
-6.013336377869862304e+00,-1.803238890039285724e+00,-5.278587871224140748e-01
-5.282886535294579744e+00,-4.256604878461296870e+00,-1.917357940428282781e+00
-9.928347490296385303e+00,-5.115449581428670456e+00,-1.651017608888894372e+00
-9.352943327422714503e+00,-7.230518095064146777e+00,-7.126204095343310563e+00
-1.201903873906353226e+01,-9.235409421874113178e+00,-7.491469412889534496e+00
-8.613601024901472059e+00,-7.685032814136288692e+00,-5.184292303125145551e+00
-1.071469414753174476e-01,1.599766228360707032e+00,1.793389642320350807e+00
-6.827049447965539919e+00,-3.199519346807198517e+00,4.633952530053231378e-01
-1.208067357070774683e+01,-8.986516321914120198e+00,-4.782413054432963051e+00
-4.882607985655855742e-01,5.276469203394453800e-01,1.958654678410098438e+00
-1.537259855708859480e+00,7.560190586744677255e-01,1.056894978610366298e+00
-3.601088309882831240e+00,8.166405896580037904e-01,3.269783629190578633e+00
-5.683279281205832589e+00,-4.059963069818580905e+00,-1.670145833003435332e+00
-5.144510696382822879e+00,-3.518861587701630267e+00,-2.087544485538206818e+00
-4.458475403639577728e+00,-2.218383207354404973e+00,1.911401545709354721e-01
-5.124917725930595580e-01,1.654235194268328435e+00,4.393889960299317110e+00
-8.046964820652300787e+00,-4.130069809228040789e+00,-3.843728850904634786e+00
-8.701511986009666799e+00,-4.643918552947212675e+00,-3.501246591166306210e+00
-1.468299604020582239e+00,-2.078350212352444437e-01,2.789497424098843936e+00
-3.458544913898314643e+00,1.419811599980849603e+00,1.506808267743342977e+00
-5.644005529915387953e+00,-2.278337581843961512e+00,1.206148447736039575e+00
-2.887869648295053437e+00,-1.961066825670831903e-02,2.883990372439293459e-02
-4.635292353707676227e+00,-1.603533369774641670e+00,-1.028426824511424531e+00
-2.993894260550095776e+00,-2.603555814263095680e+00,8.767521102616440132e-01
-7.746809747643155220e+00,-4.245636969552144535e+00,2.039223714162083922e-01
-5.143324112719254160e+00,-5.126421768172673588e+00,-3.232622497571631559e+00
-3.476626791395396765e+00,-3.415266796618952494e+00,-1.591954065647730232e+00
-6.862677082529974548e+00,-4.404387390856861373e+00,-1.755741583106724235e+00
-2.309809777389138841e+00,-5.301462095561679799e-01,3.096360630976271899e+00
2.905138176457233712e-01,2.368488431401814420e+00,4.954121142968015867e+00
-4.575313549128233070e+00,-5.748755441973960600e-01,2.966382874746061882e-01
-5.455472988861203021e+00,-3.850996826052104360e+00,-1.243848822711952185e+00
-2.262087423131958097e+00,1.576003701692707093e+00,3.702780839137739921e+00
-3.638444390421844421e-01,-1.057769201040503759e-05,4.944142081668334576e+00
-2.845574407930366867e+00,6.939792054840985269e-01,4.307654885222208740e+00
-4.573316282666286980e+00,-2.247791725058942092e+00,4.874085596542880872e-01
-2.158366645692199715e+00,2.811875573225357083e+00,5.787454091612611151e+00
1.803924194489959332e+00,2.898571524914734354e+00,7.720470223511001429e+00
-3.624647948962219868e+00,-9.358345367316754926e-01,-8.324677923570266147e-01
-9.919089936376477290e-01,1.874848396313920862e+00,2.227226411344897183e+00
4.896476541617467149e-01,3.127589205930002336e+00,7.254247625271863953e+00
-4.163225664630989975e+00,-1.468893808869893958e+00,3.983728606784298076e-01
-4.624999328945305521e+00,-2.119505747657352002e-01,4.425999814882496608e+00
-1.361362572646125813e+00,3.760923393526929281e-01,2.870846259237676446e+00
-7.966021486779270688e+00,-3.051410006330586455e+00,-2.160905776892037888e+00
1.819521125528658079e-01,1.672718292581590438e+00,3.814830570954276467e+00
3.016854780648839274e+00,3.521296267727841212e+00,4.881509110349065317e+00
-2.595091234703432725e+00,1.283521995696321749e-01,1.270842501521840751e+00
-1.745328217940337101e+00,1.686096709078879652e+00,3.424454119556828324e+00
4.520072851542407122e+00,4.969047533076562218e+00,8.791712657424550770e+00
-3.172282734047647157e+00,-3.352012131628003822e-01,3.789145200536176983e+00
2.673995596501590466e-01,2.068157645299461223e+00,2.165054822160938031e+00
-8.482809443171756003e-01,-6.148384746532025158e-01,3.362410634722583502e+00
-2.642595888900481249e+00,-5.893898283365419655e-01,4.292538697772450895e+00
-1.816538409073711335e+00,2.335003447910977137e+00,2.415612861131299915e+00
-2.209042207672780034e+00,2.140858792822291523e+00,3.205189662198284939e+00
7.580613897101695642e-01,3.189386036855325735e+00,5.719992776544074786e+00
1.561441350989679400e+00,1.860047361766498319e+00,2.488375593877062641e+00
1.019093496179491076e+00,3.134330503306493654e+00,6.347434886083235028e+00
5.520609558858799559e+00,6.842694445560502103e+00,9.474699275253932740e+00
3.237300093458759243e+00,5.132976986435537903e+00,8.284794515197871689e+00
9.531536261969142387e-01,3.075340132676279481e+00,7.333505632284666120e+00
-1.237045711995039099e+00,3.681674630752786115e+00,8.246933793372736687e+00
5.337627159199365146e-01,1.376783893029065453e+00,3.662672286147895306e+00
-3.918835158679816466e-01,1.902205087421445118e+00,6.104537046159615343e+00
2.177205596762728401e+00,3.963152215860877625e+00,6.711161562771623679e+00
-1.919946286598737117e-01,2.854400387505623193e+00,3.412004315491644846e+00
2.286032289742411905e+00,5.075837942713935291e+00,6.310045384487096065e+00
5.569869422256927827e+00,6.602953823964240243e+00,7.854531724725597464e+00
2.104219436050086323e+00,2.600979429387890285e+00,2.949630682497658807e+00
-6.251603032303885144e+00,-3.017271185301165559e+00,1.687623134136233993e+00
5.776575996911217814e+00,9.216574102631538423e+00,1.077585214569523586e+01
-4.155829895245226613e-01,1.259649985307449649e+00,3.966596001428109197e+00
-4.262985208753433675e-01,3.905210860683018037e+00,4.917533612425929235e+00
3.261674376705739675e+00,5.604231185675889293e+00,8.098964797890108258e+00
3.093991279060404942e+00,7.750109390105953899e+00,1.043087378089474271e+01
5.137808297785943168e+00,9.042101664126469984e+00,9.481107563622723333e+00
9.979177706568644890e-01,2.632535834453605617e+00,5.689653100843961475e+00
4.004507364378760315e+00,7.392697023978802129e+00,1.181875777743931266e+01
1.564208004768634641e+00,4.516326728881532304e+00,5.964222781972239318e+00
9.554538597228450669e+00,1.225001479071207200e+01,1.580766483716961979e+01
3.497257196804552937e+00,7.418983225393513514e+00,1.214190457884021868e+01
2.727908511937144009e+00,3.681671725262362305e+00,6.986397528966142190e+00
9.289477857965362517e-01,1.930491563431452562e+00,3.519853208373793230e+00
-4.189122875626833498e+00,-3.475300380469590777e+00,3.896683390598463248e-01
1.952372432847510275e+00,6.522370035237091024e+00,6.672014046492655837e+00
3.549108655675495605e+00,7.616648829831704326e+00,8.825425745400693245e+00
4.484857463740410388e+00,6.919703510914256839e+00,1.066079940932180037e+01
-4.820141108517938200e+00,-2.285869498346035478e+00,-1.129620003830076325e+00
-3.440430900241109313e+00,1.090397604358975592e+00,4.058310818980115364e+00
1.739658198623829755e+00,6.395936114649496851e+00,1.062914280433062331e+01
6.015085777002345147e+00,1.039802398977535702e+01,1.220658766472855561e+01
2.512874705427758926e-02,4.961704399903458018e+00,9.223676718367867622e+00
6.800698813148930100e+00,8.488733770744968155e+00,1.297081055801872118e+01
-1.580817688194962933e+00,2.195646463411494498e+00,5.821331592180666092e+00
5.972659457138113304e+00,6.003788609437545887e+00,6.116628197855153104e+00
1.166823918025575502e+00,4.640786587373994188e+00,6.034204311832888301e+00
8.816106619895943908e+00,9.108698355731482010e+00,1.053845365958703262e+01
-1.831870418551719837e-01,4.006360330322282337e+00,6.359419316128963828e+00
7.657703217388741379e+00,1.073559951075017160e+01,1.473812658210618665e+01
3.241973213850029456e+00,4.858845573272342122e+00,4.914575114376420473e+00
1.031916658870416059e+00,2.648522087925193169e+00,7.431914037329287126e+00
4.125761756947081693e-01,2.824001104304906029e+00,5.673039123194675071e+00
3.369686030896898998e-01,4.139115402095038476e+00,4.713782294994812716e+00
3.520532679000696774e+00,7.190212513154374818e+00,8.678984745391403521e+00
2.378495476262868280e+00,4.319302954283508633e+00,5.666752275000135342e+00
2.989413032091584377e+00,3.757140762725814209e+00,5.564447631773127512e+00
8.482709427116725820e+00,8.955904170826693544e+00,1.317979447031146378e+01
-4.810443453379367185e+00,-3.280711694621434305e+00,-1.262510298717689494e-02
3.644822869097676499e+00,5.128300647029934822e+00,6.181820855798560999e+00
-1.089534921360836073e+00,2.478750570623325267e+00,5.598769673323975127e+00
2.847295715857240506e+00,3.937820371951987752e+00,6.998301113883899305e+00
7.310224580399317773e+00,7.335232969096912470e+00,8.219806002097973519e+00
2.408477793462281635e+00,6.047247685451326404e+00,8.098001018082204183e+00
4.815511153669714162e+00,5.833655588414351278e+00,8.363237473515626519e+00
8.018631402741096537e+00,1.034471640784176572e+01,1.351439787035141116e+01
6.426891863488330969e+00,6.789583463189645229e+00,1.088633161581762110e+01
1.200986864753646621e+01,1.230125254218220832e+01,1.457052891488124402e+01
5.518316323860187111e+00,9.070681442201863121e+00,1.079473661552639996e+01
-4.672264314417891029e-01,4.083366218778508916e+00,7.859525500556850730e+00
1.070327069834830169e+01,1.283351102263549848e+01,1.375264299149977276e+01
7.694432637725191704e+00,7.911627180577266216e+00,1.191994881768080283e+01
1.176558218446016291e+01,1.273695341374129342e+01,1.408532428563546723e+01
6.314239577892299060e+00,6.366131393145202821e+00,6.457265817982910328e+00
6.870026121796186658e+00,8.022118292636189807e+00,1.238646072399439291e+01
4.636940023546308964e+00,8.541055265828855880e+00,1.239042084089106943e+01
2.642760343781855426e+00,6.777934215522186889e+00,7.711002060162071459e+00
6.238533764762065559e+00,1.113386021147927352e+01,1.229482337321238283e+01
1.240027298467238026e+01,1.314992223936859261e+01,1.462314570786368684e+01
-2.148052138498074637e+00,5.042145722859840973e-01,1.126367674334076030e+00
6.166392239329488767e+00,9.859497356250496836e+00,1.171713080147437935e+01
1.918219523362115098e+00,4.760302201447935033e+00,8.431482319698336170e+00
-4.817095017862015993e+00,-3.076262798839257684e-01,3.789108553732397411e+00
6.359701984207632108e+00,9.047045356468816024e+00,1.400290983389189847e+01
6.428505234725867545e+00,9.077201174766937442e+00,1.175706196607095499e+01
8.788902986486519353e+00,9.581343961494233952e+00,1.032494664206824453e+01
7.830307456193692062e+00,8.673813087771160113e+00,1.163291989256744330e+01
8.127891980553247464e+00,1.020375154798037265e+01,1.213317405630251677e+01
5.147858523917832052e+00,5.785649986569362468e+00,7.691101045463256014e+00
6.509140019804070754e+00,8.399089382087831623e+00,1.150316126453737908e+01
7.773991425270707190e+00,9.716039921094743903e+00,1.180984999185428208e+01
1.032831097489244243e+01,1.169102577118207975e+01,1.234854533083621675e+01
6.272413922357004346e+00,7.772468350129063452e+00,7.986295051823502966e+00
5.987925561515851314e+00,7.006475404940511353e+00,8.631237669846509419e+00
6.758997713643549510e+00,7.487229173273464156e+00,1.081207745003768217e+01
2.671577235942857342e+00,4.075402377088036765e+00,7.153040245742492864e+00
6.747013447228367156e+00,9.966441508948225447e+00,1.220288290106392637e+01
1.039623383936013834e+00,3.285155600519786390e+00,6.192471912997794981e+00
7.515405386069491378e+00,8.827687146928671069e+00,8.933911982887327241e+00
4.679234564534080043e+00,7.904357554210077019e+00,1.094698447328711310e+01
6.098046838333437414e-01,2.991710006191694582e+00,7.370538058734015685e+00
6.118125940184100386e-01,3.154936757714732920e+00,4.672410076243624033e+00
1.498342607983990327e+00,5.066004876799238055e+00,9.878022478781492310e+00
2.899322902419299020e+00,6.583717341507838938e+00,1.112795676185371718e+01
1.148003686956856839e+01,1.204360826100194259e+01,1.264853992138738903e+01
6.481730654208655906e+00,7.254759185580705427e+00,1.076903136969049513e+01
7.260856077566339550e+00,9.209391392354007166e+00,1.159794703776703173e+01
1.004128872167881603e+01,1.135088929776671485e+01,1.503141833165171981e+01
6.523159974828948826e+00,1.074989988766765592e+01,1.155097056364527752e+01
6.523061485743118837e+00,7.486732118052377594e+00,9.183735950345706556e+00
3.966210755440708891e+00,5.367043729967170940e+00,8.024726689637407873e+00
5.191197734412567044e+00,8.954093791276935832e+00,1.292046226355580352e+01
4.330686759932852681e+00,5.372935198678942648e+00,6.250844469389015501e+00
1.102593202449606657e+01,1.284440340174641193e+01,1.358302321577311922e+01
9.512965440912672932e+00,9.971950769424987371e+00,1.118485854486854159e+01
5.991727477518745459e+00,7.961446361985206721e+00,1.090065469089611305e+01
5.222027117881227198e+00,8.838421115440329601e+00,9.952478647550172752e+00
3.705251183973838458e+00,7.798570199144539750e+00,7.966924006928207902e+00
3.900064189900461109e+00,6.120294173586652065e+00,9.285676903167978224e+00
7.224643849099232185e+00,8.680963987091907086e+00,1.209942372180032066e+01
2.079332967239644780e+00,6.414600343763064316e+00,6.861431946223048861e+00
1.034698418082970051e+01,1.290978629114009557e+01,1.300363880678812123e+01
3.578500324232767760e+00,4.976371755207640746e+00,5.661073145889361946e+00
5.412589588228128079e+00,8.533964612364693281e+00,9.777382947683660674e+00
3.198835707979836407e+00,4.610826556743054638e+00,5.638978016828656514e+00
3.310292519699993274e+00,4.529305044467896835e+00,5.654856121371201638e+00
-1.990664754975408179e+00,1.498691849583855706e+00,6.277743848713073227e+00
5.586781576947094763e+00,8.037938701481200710e+00,1.103987768004423842e+01
1.060540667897163836e+00,5.151071384836123812e+00,7.531602124070928994e+00
8.431891663156100947e+00,9.942013501815207377e+00,1.469688760927998850e+01
3.342761064170699292e+00,7.873543826159909997e+00,8.975342640296783969e+00
3.503216206826519574e+00,7.018598443040992230e+00,1.025429612567637250e+01
-9.669974626819022312e-01,2.281166785574934686e+00,6.434181880291834688e+00
4.834079525848339998e+00,8.204607631700419290e+00,1.079462684683556617e+01
1.688607788513305508e-01,4.399190442419266489e+00,5.723395432589278187e+00
-1.374750004627063760e+00,2.021377604776695591e+00,5.528978998233911035e+00
3.192644966384928118e+00,7.544246019602612208e+00,1.253578420393390935e+01
-3.785498567361083033e-01,2.409206609248963016e+00,4.831276253596401560e+00
-3.162739558955886210e+00,-1.593234045449207770e-01,3.134064668674264809e+00
6.369107251564562588e+00,9.934028375167018865e+00,1.134013118402947207e+01
1.852470624090481355e+00,4.287632569811528072e+00,6.142235467767998891e+00
4.683523813969496796e-01,6.622187951938567352e-01,3.709835977349691838e+00
-1.441637886584684836e+00,2.932434726280165549e+00,7.539798236525078856e+00
9.931594504814578173e-01,3.580277714569085390e+00,7.409700598835012642e+00
5.535990932703176881e+00,9.098054634763784065e+00,1.024254451762889317e+01
2.825980650884795109e-01,5.971507831408811029e-01,4.336432807853347171e+00
7.530910970619686395e-02,1.488781062899762198e+00,4.235693314670212040e+00
5.744621270954892722e+00,8.364943152750573319e+00,1.245431268063235031e+01
7.683543810047419598e-01,3.991582685443590961e+00,8.227319252100006253e+00
2.179343507342936803e+00,5.940523415231647064e+00,1.093968000889831949e+01
-6.207393539267469507e-01,3.698635490293173511e+00,4.754018493373255438e+00
6.339811047343291150e+00,1.114675564305986377e+01,1.284742718621441071e+01
-1.910693716405461373e+00,1.128506401928869973e+00,5.835260018028204598e+00
4.684598064830356456e+00,5.755424487920988597e+00,1.004191929833672248e+01
4.562634986732357234e+00,9.328398012276915452e+00,1.359714875117717980e+01
-4.918439771654314896e-01,3.604012667496613531e+00,4.927084498808287805e+00
3.406111979580863647e-01,2.376109497451031949e+00,6.177779666081445242e+00
6.255420264174889944e+00,6.846247364034185878e+00,1.128811002058916912e+01
6.412427524727248418e+00,7.463712360646284516e+00,1.028774576341499269e+01
1.432189734596186925e+00,1.957487265871307613e+00,2.883436999121112176e+00
5.721096867340984993e+00,8.648597175318979424e+00,1.182180798272039546e+01
2.970879037004812595e+00,4.319636631659311554e+00,4.915123206319773175e+00
2.847628907672460130e+00,5.595408551027104771e+00,9.798597748318634615e+00
7.429105628024556651e+00,8.436333585858951878e+00,1.189416013411471695e+01
4.250033669294807304e+00,6.179439018628630542e+00,1.089487933477685644e+01
3.360365531216750412e+00,3.773231273033005095e+00,3.973073044975253154e+00
1.037843130462889452e+00,1.659384440019375795e+00,5.571608640752617525e+00
7.085342088267104543e+00,1.169919075240379236e+01,1.581157397855129787e+01
-2.483660890723268455e+00,1.105499163936152662e+00,1.393422454307659430e+00
3.256141747703246381e+00,4.325199700577282869e+00,9.002095013554331615e+00
1.684500968620840311e+00,4.798466270440004067e+00,7.140087307735851319e+00
1.576002956265460497e+00,4.837563490991019677e+00,5.730532291166769099e+00
4.981959814509950846e+00,9.446304625286948919e+00,1.272782276637221344e+01
7.448737873491264594e-01,3.101096160994840645e+00,5.387974112153772310e+00
-1.543026189076610599e+00,2.568861494610158225e+00,4.108204193299039630e+00
6.720482889553236916e+00,7.406141895757714977e+00,8.334489617568532793e+00
1.830828875280659407e+00,2.236508839883718291e+00,4.775823474846093930e+00
1.780433173887244980e+00,5.166724138865330218e+00,9.836650145035367387e+00
-7.380968262177538541e-01,3.015978043833215327e+00,5.931531617052774763e+00
7.698199223666097879e-01,5.089589599706781264e+00,9.550654900711938566e+00
8.346681708108523168e-01,4.396596378306350417e+00,4.678019349407692040e+00
-5.545477195447270358e-01,9.042638498294039984e-01,2.585193641673015019e+00
-8.512202676317441430e+00,-3.525295607663059272e+00,-1.204482726322650521e+00
-6.931442834346033699e+00,-3.122016604455160937e+00,9.469697651645079262e-01
-6.994902658439538179e+00,-3.728602063552395762e+00,-3.637219742845844372e+00
1.314909166291194698e+00,1.411656585712629752e+00,5.505546168688074005e+00
-9.176196793350825942e+00,-5.479996926193986262e+00,-2.799414282891872219e+00
-2.538342492614842349e-01,9.904943331127862294e-01,1.424062830913872979e+00
9.429950955014655412e-01,1.764336928741900401e+00,4.665955800767076944e+00
1.095166552033652430e+00,3.824299731587689877e+00,8.530634372228480089e+00
-2.124990918127689810e+00,2.661392672249037972e+00,5.541426904368703887e+00
-4.605413243743896601e-01,3.746621676653241195e+00,7.807869257208650993e+00
-1.586376819379018865e+00,2.175506015293652951e+00,4.362196092456430918e+00
-2.090898262286775999e+00,-1.438666957224448151e-01,1.176803174068720148e+00
-4.283523840882125455e+00,4.019512019878800912e-01,4.574077951564404998e+00
-2.827262129207357866e+00,-1.941683252074148047e+00,-6.793677973532470382e-01
-1.715543089828893919e+00,1.191094915546428101e+00,3.259093783268463884e+00
-5.421383226458237559e+00,-4.351894997408052745e+00,-3.961122387738225115e-01
3.485189775353427333e+00,3.492955418975749460e+00,5.209338086332068407e+00
-7.327192319044566027e+00,-2.680442756214482358e+00,1.123397234518089149e+00
-1.460696466279323369e+00,5.457284238637158946e-01,5.189370516775468900e+00
-3.560140143172504601e+00,9.438758854865555437e-01,1.206794505053298661e+00
2.723578478563678296e+00,3.363283964999940423e+00,5.299435454523797162e+00
-9.919231979898331275e+00,-5.272243722112563979e+00,-1.051217873280145376e+00
-1.547321083084024274e+00,-1.308512512079403667e+00,1.253142176641897976e+00
-2.386720896598037989e+00,1.214545580467719210e+00,2.594159011186354391e+00
1.103615803224090364e+00,4.716238302164770246e+00,6.564865744107555301e+00
-2.125813201438050193e+00,-7.555306980344711487e-01,1.207293437119229429e+00
-7.277215744041691359e+00,-2.523210742620339175e+00,2.003261137040230011e+00
6.705492582171714844e-01,5.240305690792840032e+00,9.827201233080149478e+00
5.758329424055139700e-01,1.467203398041684093e+00,5.947510393319634048e+00
2.019919477218625747e+00,3.081301656036961045e+00,7.271979744694307968e+00
-7.476106445507021192e+00,-4.766612015574437144e+00,-3.566800627839763926e+00
-1.664839233482072078e+00,3.277628314813818555e-01,2.494653748659785730e+00
-8.248305212614408077e+00,-4.582448956189916878e+00,-1.552341598450940996e+00
-9.427550015344975165e+00,-5.343639221266570871e+00,-3.359614284279327734e+00
-3.496010627489219758e+00,2.219420509385143792e-01,4.185964555190708758e+00
2.180303204161493369e-02,3.375244487027437845e-01,2.215715279144350625e+00
-7.587421306701838120e+00,-3.157473844195815005e+00,3.674057479214489774e-01
3.999484666578800862e-01,2.492180203758771029e+00,3.407051466368114845e+00
-3.485584048263366430e+00,-3.002529863569776580e+00,-1.855775818654082254e+00
-4.019433321399070280e+00,-2.795971110452240005e+00,-9.426613811960959932e-01
-3.068301842120952472e+00,-2.183693629304495065e+00,-1.453455959051329627e+00
-7.112953799019296142e+00,-2.892920017882120831e+00,-1.645228807036239305e+00
-1.227785454811355148e+00,1.580241391222793723e+00,2.576739131395996196e+00
-7.921788835884388646e+00,-5.463021305184051712e+00,-4.079461237430568765e+00
-5.120192982320967978e+00,-4.686194591723157998e+00,2.246845561464745344e-01
-8.370534113725961234e+00,-6.081503531045669320e+00,-4.116266539603524954e+00
2.064706580506541655e+00,3.060317232657429720e+00,5.537146634615266017e+00
-6.821652614724353469e+00,-3.645557687401051350e+00,-2.122307296807307786e+00
-7.460195584621539311e+00,-5.058103582563246547e+00,-3.872698357494679389e+00
-6.332361054333842887e+00,-3.693795645715995057e+00,2.422767550524782543e-01
-6.638312511450339404e-01,-3.627640202920412449e-01,2.226430817534114759e+00
-2.992228972154424849e+00,-9.954135605957774580e-01,-6.252068529542258446e-01
-9.490264978362320747e+00,-4.787719653810311726e+00,-3.488504731656538738e+00
-7.158144591711868010e+00,-4.335086916787755484e+00,-2.471985661394293210e+00
-8.931199717397024784e+00,-7.575536182269190455e+00,-4.939632929158096708e+00
-6.309523533637859671e+00,-2.864380551320498292e+00,1.063295453000407065e+00
-2.673254356411782329e+00,4.963680188088241962e-01,3.127847967951183694e+00
-9.050845132852193942e+00,-5.164536885276816314e+00,-2.577257386344630419e+00
-6.450088604738350995e+00,-1.578954420246498902e+00,1.054749101063345407e+00
-6.884703422646071935e+00,-5.298467699856663771e+00,-3.066657748853458099e+00
-9.353289073550500987e+00,-6.903338682104893209e+00,-5.485908243583516253e+00
-2.432037643725537102e+00,-1.638323517379401739e+00,5.185935535985266576e-01
-1.182640222612615588e+00,3.302523875576218515e+00,4.580179737898856018e+00
-3.978979963218033156e+00,-2.169886638681622681e+00,1.618728437342967563e+00
-5.511279784883672761e+00,-5.099913324181231999e+00,-9.745605691904692947e-01
-8.564460907937210266e+00,-4.963066815856409519e+00,-2.214246112074810924e+00
7.101489912844130004e-01,1.757542962897897354e+00,2.220935768731890914e+00
-4.261116744177553706e+00,-3.102521200858031847e+00,7.049549956830052366e-01
-1.104051842031297070e+01,-6.373045325163062991e+00,-2.683604365954977755e+00
-6.950266152839253309e+00,-4.312181044199979496e+00,4.412326424866659380e-01
-7.671487463089746939e+00,-3.528650766225471358e+00,-2.494641618481630019e-01
-3.002864155532010138e+00,-2.813340669450245635e+00,-1.374673128841010339e+00
-1.271154826605523036e+00,2.698956302195218981e-01,2.006121944198132390e+00
-2.429008666173739783e+00,-4.820803806626381416e-01,4.214765979910475302e+00
-7.466279731665057540e+00,-3.756917691168253803e+00,-2.972427558824346505e-01
-6.648843312898996771e+00,-4.516268518840321988e+00,-2.828520477333086092e+00
-3.840144274409061698e+00,-3.242253320532610061e+00,-9.747759525530312885e-01
-7.318317989793231781e+00,-6.291606112414871887e+00,-4.336554093699824364e+00
-2.343785539674564156e+00,-1.561829237035796236e+00,1.581503140317701561e-01
-5.360367334766027447e+00,-5.145470485146279138e+00,-5.115354480368818457e+00
-7.443331449469877015e+00,-3.093785335062896991e+00,1.125351993958898511e-01
-2.394723032120949835e+00,5.436102385434580242e-01,3.112580320183296667e+00
-6.599256405330200081e+00,-2.965610518848368127e+00,7.152175062932277783e-01
-8.634266716481047155e+00,-3.958009876765429702e+00,-2.735957376761167126e+00
-1.015256749570568218e+01,-6.226573446364017883e+00,-1.270784745234998958e+00
-5.076229302641643848e+00,-4.931120004991455197e+00,-3.061192876336535473e+00
-1.030590411591627031e+01,-8.125724777866574655e+00,-4.016563119525534020e+00
-3.205547040128019720e+00,-3.136829963303743085e+00,-1.437323026283987559e-01
-1.561944283832372449e+01,-1.115654878824726381e+01,-1.041841349598465527e+01
-2.441318622035667740e+00,-1.863450537720769074e+00,3.135481655812578428e+00
-6.716787087774950038e+00,-2.586992414280002706e+00,9.001001627905171887e-01
-6.493939500411332055e+00,-4.499033337434070745e+00,-2.292184665896517259e-01
-1.101619059149181012e+01,-6.402325563786756213e+00,-2.740282823459761374e+00
-6.850381186461811822e+00,-4.859907287729352987e+00,-1.942221748553285110e+00
-1.063181110075347924e+01,-1.013922478588803067e+01,-9.349122410349908208e+00
-6.265079560719083673e+00,-2.349892846258379464e+00,-2.203315485492819192e+00
-5.561059743443253822e+00,-5.315079756931330834e+00,-2.774962299001566990e+00
-1.131021326417962936e+00,-2.783749451244252882e-01,1.190145443129559499e+00
-5.640867780223027594e+00,-3.646710656287818431e+00,-1.035433653026633039e+00
-5.542817970459394061e+00,-4.125144364072903969e+00,-1.707412018610456883e+00
-5.464940400519639141e+00,-3.611517504743980478e+00,-3.206361956853896800e+00
-1.206960042418564782e+01,-7.733963509009365467e+00,-6.327133992983110744e+00
-9.198505153615800012e+00,-6.151638822879258228e+00,-3.302637746519834661e+00
-5.385028044960502136e+00,-4.389194133212185100e+00,-4.239403281060181605e+00
-9.967935907077876578e+00,-5.683278833017955556e+00,-3.194829555631620632e+00
-8.563171198469991197e+00,-6.490833624706419336e+00,-2.676281049549674051e+00
-5.758159265844676966e+00,-5.592364657258256599e+00,-1.766288238666378962e+00
-6.639411842985747825e+00,-4.594839526117130646e+00,-1.836720999515465635e+00
-1.513431656060729935e+00,2.248764546671978337e+00,4.982817506788748574e+00
-5.970915682839625482e+00,-5.662054565532070427e+00,-2.019050109383476954e+00
-1.062648701155545083e+01,-6.694778841571523920e+00,-4.385313051378659566e+00
-7.290782907317175265e+00,-5.095485875731401215e+00,-3.835858077553711887e+00
-3.326342540894978939e+00,-1.055287537392990416e-01,4.304413816206348109e+00
-3.142110593415548436e+00,1.377331109093722361e-01,3.994357555956729477e+00
-2.890977222663188684e+00,1.296301000693458327e+00,2.427021967013387460e+00
-6.346271192996544741e+00,-4.335749522411097345e+00,-2.155951446442657904e+00
-5.354325058566731244e+00,-2.559823234161333616e+00,-2.313912627481679252e+00
-1.054088463561437194e+01,-7.598848780501107569e+00,-7.156241363583943027e+00
-9.504384363759443843e+00,-5.471534907356485178e+00,-6.564249687159602331e-01
-9.165972230117793274e+00,-7.717177200638822399e+00,-5.184101576584113857e+00
-7.027079294151595157e+00,-2.911141569117753569e+00,-1.337871538881239220e+00
-4.961859832394127423e+00,-4.172971365650059106e+00,-4.776587471406879004e-01
-7.057050091281434234e+00,-3.565241985502495936e+00,-7.155146821416402680e-01
-1.145855136254846762e+01,-6.736367385378994932e+00,-1.960755868047486139e+00
-5.905680379446803130e+00,-1.597933227541615597e+00,-1.328328004486483138e-01
-1.244852136754236582e+01,-1.132169171378073713e+01,-7.142988242311620439e+00
-8.062470742843204974e+00,-4.805666286099975260e+00,-2.825036134161527546e+00
-6.365653911136186061e+00,-4.316871528299925487e+00,-5.021061385735681171e-02
-1.082373341567863356e+01,-1.000749709955893607e+01,-5.287630050577713625e+00
-5.900544572516460917e+00,-2.734468104958277745e+00,1.222320561913844195e+00
-6.203570583211456047e+00,-4.349237811104654128e+00,-1.414756009811035664e+00
-5.837084798935757490e+00,-2.087132329128823738e+00,8.851753191037881052e-02
-1.501794266459426375e-01,2.289502281385262350e+00,5.199901425705915514e+00
-2.991128163970595555e+00,-2.674093209313075370e+00,1.641839397476848816e+00
-4.999851139865741700e+00,-6.664614611030441615e-01,7.406269029318770514e-01
-3.775697369036025819e+00,6.234153148249745868e-01,4.349389353118728430e+00
-4.392855584892749299e+00,-1.976898545624070413e+00,-2.380784219836320492e-01
-7.979594056114612144e+00,-5.982699454847489662e+00,-3.310604877691144754e+00
-1.029884820082502728e+01,-8.236244691367071269e+00,-6.135053070821310683e+00
-3.137492917226885503e+00,-2.121876049109152174e+00,1.417183976671801737e+00
-7.421627949634419963e+00,-4.373670084881566389e+00,5.858373502265470378e-01
4.515930599581285954e-02,7.513803270081638175e-01,1.320072070683268262e+00
-7.029641873232192140e+00,-4.449980377553190536e+00,-3.690026560002819700e+00
-6.044509781004677507e+00,-2.991404025671267508e+00,-2.010828482326227018e+00
-8.763085856775196802e+00,-6.348093367420002409e+00,-3.291536118207900152e+00
-6.114071101466702629e+00,-3.823867156292084513e+00,-2.223940633306159320e+00
-9.452515165840750910e+00,-5.540934752776784045e+00,-1.267644631147578416e+00
-6.576097108988806283e+00,-5.185847937755941217e+00,-1.118879264403554785e+00
-4.665517172358213394e+00,-2.707347073166633589e+00,-2.692288807040101872e-01
-5.444869093633795565e+00,-4.286120654462134638e+00,-1.157501775654020459e+00
5.002402203295395644e+00,5.507035787180164732e+00,8.465223417033861608e+00
-4.735773582054440212e+00,2.128168271143295875e-01,3.980148363227440367e+00
-3.429229406402741542e+00,1.045967136769383909e+00,3.366944837742378294e+00
-3.163171192422765010e+00,-2.452644490911108477e+00,-1.010335021787651666e+00
-1.958822226705827285e+00,-1.713673855615177377e+00,7.953810065195656698e-01
-6.477986858433019357e+00,-3.229652498966250285e+00,-1.107235969071789228e+00
3.207296210528518543e+00,6.023320705446510992e+00,7.626831947057214123e+00
-2.513684299724569193e+00,-2.084393829896999506e+00,7.560113231394272049e-02
-6.215084038341602835e+00,-3.476095061536387476e+00,1.437078903906726879e+00
-5.569348296215333782e+00,-3.832981273253352583e+00,-4.441329858683684684e-01
-4.583281958221087748e+00,-4.701597524098537484e-01,1.206793886135395510e+00
-1.767183876196621650e+00,2.882472319489166157e+00,4.576628755338914445e+00
-2.872291903891202924e+00,1.976729644847896150e+00,1.987514234211134045e+00
-6.626746377951600486e+00,-3.455879761008207041e+00,4.937514777425566770e-01
-4.832018945625112138e+00,-3.431716850833550048e+00,-2.846465482315574391e+00
2.626835781038313833e+00,2.748677985459431206e+00,3.120712667271635432e+00
2.698318840996819290e+00,5.413489054811991608e+00,9.609326072540067543e+00
-1.541160705951950760e+00,-1.225506379624507591e+00,-6.596044899656640093e-01
2.904666622712527957e+00,2.930181633282993303e+00,4.341568627100884648e+00
-9.592750391173421320e+00,-4.986518460618164283e+00,-3.605078471301671694e+00
-5.220871307591338883e+00,-3.016799072540564897e+00,-2.122012093782306152e+00
-3.993850512664945285e+00,-3.412427830531100881e+00,-2.500455597491158422e+00
-9.602992845661706411e-02,9.561342419487603994e-01,1.607578370850089478e+00
-4.671571373917242198e+00,-7.138063164008783268e-01,1.672421875551101778e+00
-2.057346334377784913e+00,6.415008034296609818e-01,2.514753679892447913e+00
2.635399130424322944e+00,3.689113334689571033e+00,4.158621657401167404e+00
-2.202408799012873786e+00,-1.822780283689930503e+00,-8.970701549614763515e-01
-3.726851178247568619e+00,5.240297882454105771e-01,1.606755736137497559e+00
-5.440163857810562220e+00,-3.666065899305352538e+00,-8.023076805545321655e-01
1.388019443111637941e+00,3.945084968155198268e+00,7.274188116812788429e+00
2.877677241457504920e+00,3.849251389212778207e+00,6.469496032742054759e+00
-2.086534808880962100e+00,1.752210988320458629e+00,3.689745762092277559e+00
-3.726358540082143289e+00,1.133113451858165366e+00,4.022860616321837668e+00
-4.021322181536756801e+00,-6.471893924435110357e-01,1.648249305831260614e+00
-7.488539151445652742e+00,-3.199284931681979138e+00,-9.418503116985403878e-01
-2.700177613783758090e+00,2.011223954139342851e+00,3.548676669081989310e+00
-8.585655279054797973e-01,3.470531500854962204e+00,6.667297369236852234e+00
3.372165149624092528e+00,7.367438496652348512e+00,7.555944919616956135e+00
-1.150296715125973535e+00,2.361015436402884582e-01,4.471495812681602899e+00
7.430529057913548563e-01,2.334721372903598269e+00,5.897998139704959897e+00
1.383968918986955288e-02,4.974783762096985029e+00,5.860627510440499677e+00
3.084770985472776061e+00,5.172500687991483659e+00,5.998134241822224766e+00
-7.927076135447967964e-01,-2.127534099024708247e-02,3.143938791527710386e+00
1.588874069052608196e-01,1.115767590742654969e+00,3.529037335428424349e+00
-4.404964289945927369e+00,4.847430781639185948e-01,2.150390488357712293e+00
-4.906729303290399358e+00,-5.385800698630864858e-01,1.443245237227394728e+00
5.374173619549203806e+00,6.688498172611412329e+00,8.369756688190125971e+00
1.929481401065025192e+00,2.567913787783980162e+00,5.962839567552794762e+00
-2.820666877803179595e-01,2.263033035650749536e+00,5.332185351375132498e+00
1.819110312185557188e+00,3.334574200836165403e+00,6.601899027884677196e+00
2.035073368087584988e+00,2.858067809545822513e+00,6.120431389551815649e+00
1.733111900975775388e+00,2.138802691897145003e+00,4.140168469662197204e+00
-2.427159940566992358e+00,6.216053029687444997e-01,4.898193026014796558e+00
3.644144675866448857e+00,7.706219806340641298e+00,1.034097019142858187e+01
-3.013662950264636819e+00,1.403190536576079284e+00,3.932705362838281538e+00
-2.160236493109085831e+00,4.255970849987225080e-01,4.028365318385459304e+00
-1.310852815228803703e+00,3.078058798626888137e+00,6.091641280087316090e+00
5.173341198205605451e+00,9.894299977803873603e+00,1.105723030806694318e+01
-3.563078284620497360e+00,1.058468860541478040e+00,2.166733636747574021e+00
3.120767208877027521e+00,5.752844694601958686e+00,9.733003675721791481e+00
-1.022760403478709890e+00,2.985160433005329850e+00,4.375956743852651876e+00
-3.714266339522716009e-01,4.558049467530935317e+00,4.961066578128359161e+00
6.515015908313803727e+00,6.688929643641676748e+00,1.089657693886034551e+01
-5.233757197380930926e+00,-1.138662644504030652e+00,2.425424587562735823e+00
-2.825244394336991594e+00,1.428625726237644056e+00,2.116422007374413106e+00
6.459694650631668367e+00,6.938132375280464892e+00,1.178514554083511356e+01
1.480873303297439048e+00,4.602063267260166235e+00,9.201297003225828774e+00
5.078765933743962790e-01,5.040092714435552956e+00,8.305791911283053608e+00
3.490120532084922456e+00,6.632493096733206528e+00,8.432222116600600614e+00
1.176947803391632519e+00,1.922498083151594095e+00,5.355522846530972103e+00
3.759236941464362936e+00,7.848539791196345483e+00,1.057165854138386329e+01
6.979379317106509717e+00,7.233725017683243941e+00,7.958313546152090190e+00
5.069580503126442039e+00,5.579382195202485129e+00,8.868540438347501720e+00
3.533915443877255314e+00,6.357860879561594736e+00,8.690362349279997289e+00
5.819331336799240084e+00,8.536374116304063620e+00,9.916148328075353291e+00
-6.767872257392038016e-01,3.346848631869097535e+00,4.989574888731626245e+00
3.976744086922443966e+00,7.198250056353581172e+00,9.152621289513469094e+00
1.017110601600631092e+01,1.053193864087128873e+01,1.181669576297726820e+01
2.478791622969208852e+00,7.304283259946551254e+00,8.256968862154003830e+00
4.272943829461930854e+00,4.797587297267467576e+00,6.253348258402384729e+00
8.110917465532578419e+00,1.250054700535585894e+01,1.403067912698765340e+01
4.231412132216846977e+00,6.318312830362913246e+00,7.868697436874751538e+00
4.955468444671192074e+00,9.900336258194592176e+00,1.489971175390105884e+01
2.103525016838518447e+00,4.517388783090109605e+00,8.441517330932709839e+00
7.961219382266837563e+00,9.061518570098805014e+00,1.093299430356962532e+01
8.969495577517356821e-01,4.293647914895426965e+00,5.725289917721376298e+00
5.853055799636381451e+00,6.976549513902270405e+00,1.158773892387987203e+01
3.036799822559116180e+00,4.258290202067372299e+00,4.554679296771741548e+00
8.097270738123924616e+00,1.185271080799801169e+01,1.306905224764201812e+01
3.304258156219050502e+00,5.555178893112571181e+00,6.112964062942161547e+00
2.620105743323095204e+00,2.962683635356580858e+00,5.264911994029096931e+00
4.952857991381884872e+00,6.638299702400676239e+00,9.167925837060691308e+00
3.200313655859774009e+00,8.029229932160783179e+00,1.006617136340050322e+01
3.388376562997422958e+00,6.401662081711729790e+00,6.889638993220391860e+00
-3.260650235713855594e-01,4.103523001402828996e+00,8.132828518624808822e+00
7.103898592232399167e+00,9.715933620199590948e+00,1.063281799158274410e+01
8.310736111463377540e+00,1.044048570840185519e+01,1.192740568794509493e+01
-3.196102341679646131e+00,1.776481435286265231e+00,4.230672877953374211e+00
2.033943384442057578e+00,4.145108909367069217e+00,4.990400489916900995e+00
5.156610255683681920e+00,6.352155002531310934e+00,9.910093573470323491e+00
2.615758167010580504e+00,5.290304829884198590e+00,7.080461393407720294e+00
7.026901428256088877e+00,8.511969857643386206e+00,9.515671088861591187e+00
1.233243754045714802e+01,1.250192700473895613e+01,1.738767684777587874e+01
2.122942828709247998e+00,5.888494583262397164e+00,1.052784865883239007e+01
9.744723418444777963e+00,1.180747775041622027e+01,1.615439150199222240e+01
1.435461657550647363e+00,2.716711267099716665e+00,5.265885336637495584e+00
7.519465260527939954e+00,8.531862459798217557e+00,1.238354828647725370e+01
2.933278555483940675e+00,5.421288590149223374e+00,8.102653282123132072e+00
4.379609413298598319e+00,8.676882561816427142e+00,1.237296964914887454e+01
-2.819483781858996174e+00,2.011846001804266315e+00,4.038525997717487215e+00
1.154655174153481845e+00,3.461928786509428591e+00,6.538622215308341978e+00
6.511551499915110064e+00,8.778113757386041272e+00,1.087619065572751076e+01
3.791631981496315973e+00,5.494490691146069139e+00,9.653911787781531473e+00
3.778242595223957778e+00,6.445689413437452053e+00,9.482705059325288843e+00
1.193229148589583488e+01,1.295266915548356224e+01,1.421155155753931787e+01
6.184547447127959785e+00,7.883513489231962268e+00,1.021035837077278430e+01
9.980903611866292380e+00,1.020054012992113890e+01,1.464249693785807693e+01
7.230029611886497065e-01,5.241564233453825494e+00,8.549963833715553463e+00
1.937087186821997875e+00,3.517351357601606665e+00,5.443942880912906013e+00
3.648268496579527564e+00,7.318523490934957465e+00,8.749978518336323674e+00
6.267755506021144285e-02,3.107267668125387239e+00,7.638623058825014134e+00
3.446788420588157820e+00,5.499027580877071664e+00,8.434271400691336851e+00
3.679399934773281977e+00,8.322348870117270536e+00,1.002525669966211375e+01
3.489559697058532084e+00,7.287758424623784315e+00,1.106336770410290349e+01
3.993239590962335051e+00,8.635715559989318280e+00,1.292866215590506229e+01
5.697746201953767908e+00,9.441887119878906276e+00,1.262446426040019887e+01
2.854746498423934131e+00,4.060687953414722884e+00,7.413931316754519329e+00
3.444925711775983501e+00,4.827143042535159800e+00,7.027241069316105815e+00
-2.428064076832135321e+00,1.120429107339736774e+00,4.494900345624516902e+00
4.540003264423210894e+00,6.545998728855709103e+00,7.459377158735991387e+00
7.446661923331052257e+00,9.867374193766597301e+00,1.121723879612786767e+01
1.085145303516937609e+01,1.212862542863604176e+01,1.376259335586886579e+01
4.690891702253101592e+00,8.222080494681225815e+00,1.070850965452042836e+01
9.898459408950726512e+00,1.176431429307144327e+01,1.626728836404732448e+01
5.254352762745942762e+00,8.788256134238075390e+00,1.126152027089445795e+01
5.842985743095520768e+00,7.949427557241579123e+00,1.204391171332977706e+01
4.917048174600752830e+00,5.781670644238103840e+00,9.102440271423869689e+00
3.416137925097521011e-01,4.466902870000986070e-01,4.814938523155574135e-01
6.597614680435182954e+00,1.125653314622588930e+01,1.382647603743174614e+01
5.834668532395300922e+00,7.410255660213462825e+00,1.138373668173869291e+01
6.791822710455033274e+00,1.171596274033394458e+01,1.188803169743161448e+01
4.491695186410194829e+00,4.681498657642839234e+00,8.955408919461492090e+00
1.201079788805880710e+01,1.479437188688136118e+01,1.920808059559177039e+01
3.264042407739478513e+00,6.737257792608489559e+00,9.090186050361102943e+00
4.574233506889624934e+00,5.380963130965365160e+00,7.330268865824817404e+00
2.850359052358935052e+00,6.786084515152445817e+00,7.955672263233267927e+00
4.349526241671100024e+00,7.911358711625731566e+00,9.148081607259072712e+00
4.841177362076017232e+00,7.158849252891191561e+00,7.586009274445703277e+00
3.514373928665802005e+00,5.789366222355277536e+00,8.852878943900487130e+00
-9.265120591941551353e-01,1.890078148856828122e+00,3.922410720838365172e+00
3.002251614545747849e+00,4.850727993232227142e+00,6.227721780611628510e+00
6.613069743218098040e+00,1.044859007175513455e+01,1.436178056021636706e+01
2.130828351285642075e+00,4.545966100954538902e+00,6.458774925427183788e+00
-1.194684728091378823e+00,1.992430133422163685e+00,4.781091743898020496e+00
5.969444184742189741e-01,3.933221750522513105e+00,5.463299411575877507e+00
2.846795296060237401e+00,6.788543092495717524e+00,8.372257146756167501e+00
2.636292475506428978e+00,4.729908834879729795e+00,5.392022475905061896e+00
1.842648188253400932e+00,6.119494799717996258e+00,9.340863531572928480e+00
3.337002537178554107e+00,4.513437831130620914e+00,8.772028100142179596e+00
6.362228091407715169e+00,9.886193131317774885e+00,1.209709440882902243e+01
3.326847763101717703e+00,8.276061919557651692e+00,9.962110669862827450e+00
1.290459998387481733e+01,1.340234781755755122e+01,1.706964305946885929e+01
1.761435856670697575e+00,5.546681055556797801e+00,5.841506585734532742e+00
1.681924512572114061e+00,5.779020122591552067e+00,9.658727691959017037e+00
5.476448680451017736e+00,1.012443053957894179e+01,1.071717615234338439e+01
4.681640471711931539e+00,7.685688263116434271e+00,8.782800971233280407e+00
1.628161911234150327e+00,3.625371676489317796e+00,4.950825822001474918e+00
5.808404344628234739e+00,8.054892854648480593e+00,8.619274496753201120e+00
5.991902845873449124e+00,7.509480385169888805e+00,7.864074028569203456e+00
-1.587842023616869103e+00,8.713179166389375396e-01,2.354733964879784480e+00
1.278609612008853258e+00,4.230152371082663620e+00,6.512383278183504487e+00
5.465745818902607134e+00,6.685011266741006430e+00,7.199712359720658483e+00
6.614880690454453038e+00,1.038146413248963995e+01,1.354712690291851018e+01
7.899173929662584470e+00,8.063823911260385557e+00,1.301065171111345720e+01
9.910977551981421385e-01,4.203549128186244488e+00,5.239453061868559303e+00
-5.068799205877869696e-01,3.695604444782090603e+00,8.106108053815320957e+00
5.268205253556689449e+00,8.136632237513303778e+00,1.256449322689427461e+01
-1.759465241732262708e+00,-1.613606424615866786e+00,3.112227131221001031e+00
2.877292022354891010e+00,3.163310092789568539e+00,6.375260412591757131e+00
8.003950730574125316e+00,9.733423915273125004e+00,9.929985672503951477e+00
1.667745071116609523e+00,6.314186605792508900e+00,6.990974902069545749e+00
-1.203923321624554177e+00,3.064797615495340466e+00,4.716522660575188652e+00
-2.055405088989670670e+00,1.650414924696612218e+00,2.921518873737305011e+00
4.773445795825900007e+00,7.690615484464181861e+00,1.168838452018887608e+01
2.487580060722264452e+00,5.318479212372923648e+00,6.851242030587750165e+00
3.174281820958345435e+00,4.341460490514509551e+00,5.215488474423282561e+00
1.836956547836603448e+00,6.031019158052838058e+00,9.085732283724370362e+00
2.769932775658104696e+00,5.313322399445361555e+00,6.561225818589041303e+00
2.823921877749418829e+00,4.992688120452773326e+00,8.093002162226053287e+00
3.054623393497101214e-01,6.648706069099445948e-01,2.468445289809660270e+00
2.681445528619299523e-01,1.465662811601004645e+00,4.698237342911892434e+00
3.665014198290431402e+00,6.696359238100398237e+00,8.193436711326253175e+00
5.826499011345600998e+00,6.034652621879926571e+00,6.948716375913838839e+00
4.608056792964069892e+00,5.408367170938618074e+00,8.250338845750503580e+00
1.559978084910037976e+00,2.406435366681887622e+00,4.818107138046378246e+00
3.292050262320338483e+00,6.364694448936246474e+00,1.076252236393481354e+01
1.634117764611931367e+00,2.859255579478881870e+00,3.788820260725197731e+00
6.911429558844952581e+00,7.777698724510253570e+00,9.579845272070665274e+00
-1.712396265519358085e+00,1.533509831073345708e+00,4.892821934672000772e+00
1.043488347228637814e+00,2.098297850511758877e+00,2.754465109815948942e+00
8.759377352772919068e-01,3.119327403920141073e+00,3.825283813701603641e+00
1.949845415069979104e+00,6.014449139818686341e+00,6.433856377244939750e+00
-4.948884044223524903e-01,3.265578206476445811e+00,3.478817784065432406e+00
-6.533754255891635054e-01,3.381545154385809049e+00,6.517303532334974392e+00
3.789959047034869855e-01,1.990861433994917773e+00,4.018453907817987947e+00
4.984435867041900892e-01,3.866529789490749547e+00,4.794670509497318101e+00
-1.705409852001304571e+00,2.746193493445880485e+00,5.160629164405353464e+00
-3.299545321516424767e+00,5.011521504569040886e-01,3.034632279329082305e+00
8.697860282553886435e-01,3.131182170580228963e+00,5.479259982368265725e+00
1.280964030091637174e+00,3.096587583958857692e+00,6.760358562311653330e+00
5.357290852481971122e+00,9.588053071189799326e+00,1.386003639272106014e+01
-5.998278688023828131e-03,5.997302909823618577e-01,4.406569817735505268e+00
-1.191235474997704546e+00,-1.914623764713159204e-01,-1.305706513484523601e-01
1.680059152430910085e+00,3.057354328827143419e+00,4.521697319986932584e+00
-4.913854373895787830e+00,-8.649091034786482446e-01,2.847072472735200588e+00
-1.635831037750089756e+00,-1.212408186309420266e+00,4.173983526291771273e-01
-3.667485763850897307e+00,-2.410986530450069942e+00,5.662894084800971228e-01
-3.238746852099240847e+00,-5.311869858422575419e-01,2.863377042043778076e+00
-5.118065870254206118e+00,-5.644167103292541121e-01,1.540951077591239837e+00
-5.551526791550477569e+00,-2.271906737053091874e+00,2.319855721641911117e+00
-1.988788836953731654e+00,7.196140851990322496e-01,2.261018985450260477e+00
-7.749409327711878070e+00,-5.734908555667095342e+00,-1.961840272377475269e+00
-8.691380487989874837e-01,2.730917741731018644e+00,6.472994750163774569e+00
-4.238612732670384631e+00,-5.221282812836725018e-01,4.080166212166135509e+00
-4.008410289644311675e+00,-1.883845604469356338e-01,4.088800870168341817e+00
-1.741425794117339443e-01,2.694415673668381750e+00,5.915272607377261238e+00
-2.896607717491471945e+00,1.941989652604792171e+00,6.293494032528565540e+00
-5.056619297564392213e+00,-1.169818094381255502e+00,2.257755117340683348e+00
1.760297128123147203e-01,1.968620901693082903e+00,4.709248720470398553e+00
4.877878212981119788e+00,5.153519155345802183e+00,7.234352903366724874e+00
-3.195341178333022114e+00,-2.635859089658117327e+00,1.007338589899586800e+00
-1.905414994573317422e+00,2.556173191026115177e+00,3.426588169472155165e+00
-4.378395228401506856e+00,-3.149978309402271748e+00,1.134926403364269198e+00
6.813097688771923011e-01,3.610470645870189621e+00,6.552015059995935253e+00
-4.970722115008074482e+00,-2.156340291778790608e+00,-1.065036488152683258e+00
-3.591766471328495136e+00,-2.375251395326409831e+00,2.372964182067433203e+00
-3.984739847546960867e-01,3.218876775779314414e+00,3.671049211106089061e+00
7.178985756028923859e-01,1.832589933895953482e+00,4.968167539800336208e+00
-3.889602563431875382e+00,-2.472275628812127923e+00,-1.213607348779063511e+00
-1.166945985567491295e+00,-1.552060205517912794e-01,7.734282971314665467e-01
-5.835556126642014618e+00,-2.768903217790827931e+00,1.760340901617708731e+00
-7.324046173861907150e+00,-5.518386894014112087e+00,-4.910843887133252927e+00
-8.943019368519906642e-01,-2.728052234248463659e-01,4.395643301068379749e+00
-4.653422511532455452e+00,-2.009745120943110752e+00,3.216824324456575290e-01
-8.330805048013624869e+00,-3.877098828263089825e+00,-1.341534141519810319e+00
3.731609421184973741e-01,2.776155406361529465e+00,7.409418074373370189e+00
-6.343980632151346555e+00,-3.971685017381525462e+00,-2.016879638511507977e+00
-3.808847958642652465e+00,-9.005372988091835396e-01,3.985620358859865320e+00
-3.007917713402571636e+00,1.811227499599145752e+00,5.689234519709664539e+00
-4.788268481128305609e+00,-2.291864184691150275e+00,2.115444357157665767e+00
-5.917458992290328013e+00,-3.820544100394504650e+00,-6.198288766928494731e-01
-1.715327394587385701e+00,-8.181931764085250691e-01,2.488245057400995552e+00
-1.817361891308373556e+00,-4.368323111666201353e-01,3.421932597107852914e+00
-1.335989233047164326e+00,7.342115735223693207e-01,2.726260496255705768e+00
-1.052879514971927222e-01,3.627600285740713026e+00,5.754193481590112569e+00
-7.017557135441968796e+00,-3.447450349193732499e+00,8.278774535391777434e-01
-2.260922844767392359e+00,-1.576529671371725172e+00,8.185853086149279534e-01
-1.078382358895438742e+01,-6.059265939768939013e+00,-1.998358682587981328e+00
-5.206841630031419754e+00,-3.387803000898970129e-01,3.962761983670479715e+00
-3.423114180940872497e+00,-1.872015091345456739e+00,-9.762520410528117143e-01
-4.096058109014614423e+00,-3.043349086790271940e+00,-1.958885395175495869e+00
-4.823097498361780922e+00,-4.444415524089349034e+00,8.955994079449336454e-02
-6.230023928867340466e+00,-3.717280982426540703e+00,-3.210924993610402733e+00
-5.856762886202748319e+00,-2.043554852185820003e+00,-4.153511916792198555e-01
-6.085571284612511178e+00,-5.730383745485985614e+00,-4.781600957210821790e+00
-7.119040184362639856e+00,-3.831291058545154282e+00,1.387404194435504223e-01
-4.205059398880289123e+00,-2.936675846148730784e+00,-5.138449202372541436e-02
-7.685405956517337600e+00,-7.681043167454386200e+00,-6.289105814419919227e+00
-7.198389541342109510e+00,-6.290220432134466577e+00,-5.907489308887591939e+00
-7.608614929102816227e+00,-5.189138437050900166e+00,-2.034060862889888188e+00
1.192262915130870571e+00,1.424144683414638735e+00,2.113600579391490708e+00
-1.050421561103893175e+01,-5.842759717231754912e+00,-4.727195501391224575e+00
-7.386518992153600749e+00,-3.586580259383562730e+00,1.520947155786611660e-01
-8.215997263928167982e+00,-6.608084752047435728e+00,-5.587500255814302541e+00
-7.101091060934064281e+00,-5.881338292855431860e+00,-3.051843457937584159e+00
-9.845211752074595424e+00,-7.939416649974848639e+00,-5.461589858797995412e+00
-5.726318277560243253e+00,-1.668255861741787527e+00,8.432260622398954908e-01
-1.269320768818574408e+01,-7.717063059493366239e+00,-4.387894040405820206e+00
-2.115362717736523734e+00,-1.079124427110490725e+00,1.418469483505848228e+00
-6.521741785254791424e+00,-2.454653175436469326e+00,-1.363145500988955039e+00
-7.788285170624567932e+00,-4.141174477406829091e+00,-3.973929306452435029e+00
-5.863104676217327338e+00,-1.149935519217531343e+00,2.166873227854699824e+00
4.473291046967895923e+00,5.286142567975799622e+00,9.657616064867779571e+00
-3.051823744369056346e+00,-2.642720339924003348e+00,-6.130755216928971407e-01
-1.117043441807027548e+01,-7.485687720073107343e+00,-2.798654583256782402e+00
-1.451070509868491953e+00,2.929808243276426083e-01,4.445536979144645073e+00
-4.646408692997723300e+00,-3.662647404671369955e+00,-3.487095558847451926e+00
1.923344474896836243e+00,2.067149391359579980e+00,5.358001847431577147e+00
-6.598963058457820274e+00,-5.827926528779952875e+00,-5.576304976831318427e+00
-5.389539581694792858e+00,-5.058019525366370672e-01,7.042593891117574501e-01
-6.705025608402232606e+00,-4.392253193504477515e+00,-1.326847497904890538e+00
2.817694316432019619e+00,3.539974499553578902e+00,5.325818802996755252e+00
-8.550242125817888450e+00,-5.311707901975534440e+00,-2.112899314602401546e+00
2.928621017180992325e-01,4.503148645401606309e+00,6.690260809175377688e+00
-7.664715058572889816e+00,-3.215576930808109690e+00,1.953867468180634503e-01
-4.836120962575915172e+00,-2.025594988068626812e+00,-1.439910857766555363e+00
-2.368672701431018268e+00,5.048468592836421465e-01,3.478206948315034630e+00
-1.078131471514850404e+01,-6.987292800845324336e+00,-3.391597463427713510e+00
-4.392729733491989030e+00,-1.742828836762214451e+00,1.221317020186117652e+00
-9.414384657685461733e+00,-5.552671097511873377e+00,-3.795469786827868397e+00
-4.918396772484857848e+00,-4.243541194482220114e+00,1.279557080308650896e-01
-9.293483088040307649e+00,-4.468389211935781979e+00,-2.321865018265308667e+00
-7.970747140666444963e+00,-3.019198194277979752e+00,-1.405723620109473382e+00
-3.495781991499907981e+00,-3.162911521046255725e+00,-3.006136151024980663e-01
-1.083525841706399007e+01,-6.494254994329251574e+00,-3.406845903147282861e+00
-4.454616320462054802e+00,-4.407480579244088759e+00,-4.348317172161445754e+00
-1.541834193637519945e+01,-1.179658657205310313e+01,-7.569871593482446315e+00
-3.097937432406054459e+00,-1.832753886791925968e+00,5.179013970210042395e-01
-4.534756912072533730e+00,2.706975903648318749e-01,2.573568008414314878e+00
-4.924321056660777352e+00,-4.245250559620711961e+00,3.130144737387023923e-01
-1.211519964244216041e+01,-9.639361296469999729e+00,-7.917826586225619856e+00
-3.081926842498742491e+00,-2.594763230468647208e+00,-3.034217450896989909e-01
-1.096374086512325263e+01,-7.115377019820159354e+00,-3.529455302629753710e+00
-6.758670729025619828e+00,-4.275732477477614424e+00,-6.780557473468289409e-01
-4.516721134778334701e+00,-2.762918292872470261e+00,9.134227197785080854e-01
-3.603681571764015601e+00,-3.175010780512223185e+00,-2.178840613437853513e+00
-5.953482611192367102e+00,-1.564866000527681766e+00,-9.658896570639030621e-02
-5.389222274888618713e+00,-4.359515302550483362e+00,-3.914502361874755199e+00
-6.232731076154998107e+00,-4.267956104173084242e+00,-3.933045729126650514e+00
-5.050117209301999921e+00,-2.565214909527246512e+00,2.030808775305883884e+00
-8.911145643488673329e+00,-4.975473917513157041e+00,-4.772105069193080418e+00
-8.307673773723557531e+00,-6.808882953198903465e+00,-5.870661538358971754e+00
-3.705873273595118533e+00,-3.371173997827074054e+00,-2.827971257928783899e+00
-1.263477305049387489e+01,-8.094051187679379922e+00,-6.543635112360393968e+00
-6.889670323210011382e+00,-4.928550942067031926e+00,-2.500046600458549761e+00
-1.252046627324194183e+01,-8.795820782503369628e+00,-4.803968412075461103e+00
-1.112038451273329187e+01,-6.301736798373633874e+00,-5.248346445303043062e+00
-7.655666971828418710e+00,-6.150336079451051319e+00,-4.585532503376664515e+00
-9.760484244586844937e+00,-7.534190278038511934e+00,-3.497168520919762713e+00
-2.446677991690475729e+00,-1.249397564035065855e+00,2.665211268779844822e+00
-2.484901324586477500e+00,-1.464701232693905730e+00,2.086036853292754234e+00
-4.537568413864343064e+00,-5.425618146159534305e-01,3.726356889456357457e+00
-7.563735732140433043e+00,-5.012308024937470741e+00,-3.368733091743104424e+00
-9.573957720326314202e+00,-5.712036553652517945e+00,-4.107454267850811469e+00
-2.701612333790149201e+00,-1.961168452883147229e+00,2.212263790594982904e+00
-6.001883803934088490e+00,-3.945679155148932971e+00,-1.091510323440795904e+00
-8.509877499169238746e+00,-3.917657267159312617e+00,-3.238674160988176620e+00
-1.466113434941229343e+01,-1.187521486718437913e+01,-9.081391908943899693e+00
-6.237647649552927831e+00,-1.928191120561645988e+00,-2.218962589433637334e-01
-4.284140702492543085e+00,-2.278070254222889002e+00,3.183955550009227586e-01
-4.952855106987561484e+00,-4.116855195763683639e+00,-1.763548223600302833e+00
-3.782447387355779345e+00,-1.602038416204443649e+00,-6.150660411213042522e-01
-6.356944386240825473e+00,-2.191831792252368238e+00,-3.666298364818310063e-02
-7.563074396315872860e+00,-6.032744843723469863e+00,-5.380873660712507167e+00
-4.994951024725794220e+00,-4.546212052874379239e+00,2.549224140756845003e-01
-1.182856821409171033e+01,-6.852801023806706304e+00,-2.363174104790742192e+00
-1.676923217541571365e+00,6.162339431606707052e-01,4.655812742221100642e+00
-4.949853062431365913e+00,-7.784420694753215741e-01,7.206039837275888260e-01
-9.019862099454487137e+00,-6.089716848610036593e+00,-1.305606764816155341e+00
-3.128157826084061455e+00,-1.727818825087364063e+00,1.586613045905540309e+00
-5.996372576155316381e+00,-2.683666950418066133e+00,-4.203136912253415680e-01
-7.962482887220119210e+00,-5.510838610956430017e+00,-3.228926049506151585e+00
-5.617476297103300098e+00,-3.012091682028469553e+00,-2.268202702052693809e+00
-4.714324165313536596e+00,-7.405886053384751477e-01,2.564786958566138253e+00
-5.294363131686897539e+00,-4.252517652307030716e-01,8.029641801348563757e-01
3.093213255462371691e+00,3.823054470833764817e+00,5.535824800146223801e+00
-5.365262431981040692e+00,-2.816555416238511800e+00,-1.791507644066971050e+00
-6.040982852310333939e+00,-3.737977696950774309e+00,-5.249114583789271649e-01
-1.542918526360955944e+00,-1.262062050733943952e+00,2.528087265189396859e+00
-8.118505297908686913e+00,-3.419948894593539901e+00,-2.078707819977462901e+00
-8.428194320475107304e+00,-4.547082462215217724e+00,-2.457411156047716094e+00
-8.811942769563197331e+00,-5.489779460073272332e+00,-1.774699109672632780e+00
-1.438910162984880436e+01,-1.291423338339365401e+01,-8.977245406410649053e+00
-8.699427153020615755e-01,-3.443860390932056426e-01,4.589238199697897258e+00
-9.064412872983954372e+00,-7.379287948177218226e+00,-6.260274121789735524e+00
-5.713509377551590163e+00,-5.020239149088125075e+00,-9.593285224262615429e-01
-4.346986719471979121e+00,-1.417534852721645144e+00,3.340816632505586803e+00
-6.410864937628286242e+00,-3.172472985300190729e+00,-1.469508061708009627e+00
1.458635782976864803e-01,4.327926248340490112e+00,5.734101454524565433e+00
-8.012853737805844645e+00,-6.558650310904110547e+00,-6.417249864127211545e+00
3.515176180068006140e+00,4.775289625703321050e+00,6.082460717225282920e+00
8.043242932073746410e-01,2.291931831202204783e+00,4.135074827965025790e+00
-1.913883132900338957e+00,9.694867812003207241e-01,2.051441881857897886e+00
-5.307106196396560449e-01,2.653094465600799090e+00,3.319669762214416231e+00
-5.011687104916738633e+00,-3.571326151592904008e-01,-2.265814377277605152e-01
-1.112695827006988303e+01,-6.585968824895884310e+00,-3.849967526659940020e+00
-3.386265491617716616e+00,1.639612346133199061e-01,1.655674889055320564e+00
-6.595168970941950981e+00,-5.726175046419569981e+00,-9.897015021869046691e-01
-4.977009524091054793e+00,-2.771990435357469806e+00,-3.694259285761152256e-01
-6.251525121720961309e+00,-1.323133100139307183e+00,3.572108947724903505e-01
-4.224273105100603054e+00,-3.723315095098091998e+00,-7.887439807828440230e-01
-8.265595599957524797e-01,1.947478345102282127e+00,5.813000184663875025e+00
-6.207162065170645171e+00,-1.431771587648758226e+00,1.066002959659171356e-01
-3.070746136401151460e+00,5.382361012015441926e-01,2.710751465566490381e+00
-4.535357578861348493e+00,-6.164936308112126673e-01,2.048911822949919248e-01
-2.611970176422440559e+00,-1.076880906017158024e-01,2.782465487443525065e-01
-5.850107602048661093e+00,-3.044234956036913964e+00,-2.199366909912981782e+00
-8.602856827682368035e+00,-3.802631479100063938e+00,-1.030979821092043114e+00
-3.285057202803712606e+00,-6.381842613616615090e-01,4.223469357065129159e+00
-5.463196395332749589e+00,-2.971119961448972724e+00,4.125123587740944231e-01
3.979024838110032825e+00,4.212432483011396833e+00,7.754126560979188731e+00
-4.514138852556498271e+00,-3.992586983630170394e+00,-9.141383622917631513e-02
2.868828238812291431e+00,7.253057401538871574e+00,8.830396744360978545e+00
-3.136843929752874960e+00,1.253806140500220767e+00,3.666989848280889142e+00
-2.196171870299366446e+00,6.617085356312604194e-01,2.716622891062701051e+00
-3.443499136747665279e+00,-1.060788499436602361e+00,3.480565985648679916e+00
-2.099162372787027220e+00,2.637309643080016475e+00,4.866654353537802180e+00
-2.411327250672042233e+00,1.604801131589617125e-01,7.413550308925487276e-01
1.535712751379059160e-01,1.781676994649892931e+00,4.347862889239364037e+00
2.499918403048543958e+00,3.512832153537815305e+00,6.395498473715007570e+00
-3.238896312782428843e-01,3.102526537936760143e+00,6.352326765345326365e+00
2.708950206773336866e+00,4.921512671714806331e+00,8.768108274515952871e+00
1.325234830518256857e+00,2.922846884474960216e+00,5.269231556555709517e+00
-2.787827415074454418e+00,-1.437052973755412300e+00,1.581089976572876310e+00
