tmin,tmean,tmax
1.350145788478746667e+01,1.368211367232119713e+01,1.630278167782709176e+01
1.941121862428522249e+01,2.111227917729087267e+01,2.565929105276226352e+01
1.450880647719891314e+01,1.939626123770930732e+01,2.060675563297832724e+01
1.131864863640874930e+01,1.236279466858516152e+01,1.309974252324326116e+01
1.580430158372922378e+01,2.030486865051486234e+01,2.253693114064813230e+01
1.634673505010855266e+01,1.747351639068297757e+01,1.900208746633881418e+01
2.027107628839609887e+01,2.229569640749604886e+01,2.719865322759148185e+01
1.409260232635339882e+01,1.856976840158379716e+01,2.103380792629123519e+01
1.774300040687217361e+01,2.206880381641444799e+01,2.326484114405001336e+01
1.343204819830475039e+01,1.606733298112413522e+01,1.998076220342193920e+01
1.926289934236013224e+01,2.010263238117823192e+01,2.270456682124203951e+01
1.875351356701395744e+01,2.050243888962984329e+01,2.438263343486217494e+01
1.355867286868366861e+01,1.785795118236718793e+01,1.853055992833565924e+01
1.535353011549907265e+01,1.935080698927070841e+01,2.258799243277533719e+01
1.416578777135017653e+01,1.915905640367866170e+01,2.097197162732301123e+01
2.132788156277038638e+01,2.351052272854668246e+01,2.622623266343720516e+01
1.608341390759084177e+01,2.005747535203867571e+01,2.244707276438246879e+01
2.005372828662200746e+01,2.099638808557784131e+01,2.515217460459611587e+01
2.332363424018577902e+01,2.441112517582052277e+01,2.508993838850038571e+01
2.084587676025227765e+01,2.288285069986260112e+01,2.575454395844639421e+01
1.785074695897432662e+01,2.199902556641276519e+01,2.282403664693482881e+01
1.827697802201148747e+01,1.886157373964414319e+01,2.367011378116405851e+01
1.785971901175324916e+01,2.173538752169798727e+01,2.382079470402742416e+01
1.997303534202745823e+01,2.367138212151238008e+01,2.445356115546906395e+01
2.705630384364095420e+01,2.747847364365990686e+01,2.942168024899310197e+01
1.145753146935961908e+01,1.556918276026924453e+01,1.671065241739429652e+01
2.091425392645857428e+01,2.150905721365466050e+01,2.439632904342072450e+01
1.641898547548004572e+01,2.122917752035782257e+01,2.252597263933920146e+01
1.803710313528143416e+01,2.074715490653999694e+01,2.444173492721373719e+01
1.632747231079417816e+01,1.808466405511180852e+01,1.976636828839748006e+01
2.287874514555412730e+01,2.619901814087804226e+01,2.844592157825139012e+01
2.114070688644472895e+01,2.574693580185040176e+01,2.647229196959492370e+01
2.380043116627357236e+01,2.571520181090926727e+01,2.586312167602040901e+01
2.234235703352056390e+01,2.330677454816506255e+01,2.542984632719401716e+01
2.073968293482905167e+01,2.258644599404336617e+01,2.422647922237450047e+01
2.128035133429251857e+01,2.145058280018147912e+01,2.437361610828359915e+01
2.131811787039898576e+01,2.576430510294451182e+01,2.719084533218680377e+01
2.059537052210080788e+01,2.210552431448292054e+01,2.548167529675696485e+01
2.304783552840776650e+01,2.691990847852505198e+01,3.153409140764762952e+01
2.024318912599174425e+01,2.183187312887023523e+01,2.347356639346474694e+01
2.689388541022125878e+01,2.980081486022837112e+01,3.108383312343821103e+01
2.399020235866956341e+01,2.506045927304462850e+01,2.682052554560364754e+01
2.320419701698810755e+01,2.421255345121511837e+01,2.497455688408095398e+01
2.027893328117344041e+01,2.411957838273766797e+01,2.823748157822967997e+01
2.450213048075192646e+01,2.942850249319076639e+01,3.111228351530962044e+01
2.302043417403120884e+01,2.723424014178678121e+01,2.758578372550196178e+01
2.977447054423185691e+01,3.227377859048566222e+01,3.282143630052699024e+01
2.827961788434677004e+01,2.955346352239630292e+01,3.044408439046427617e+01
2.162327756946008961e+01,2.386461316475444505e+01,2.598364677660843114e+01
2.419119115053767999e+01,2.632187368645835690e+01,2.742367485295375573e+01
2.306937884950512796e+01,2.719049342639691957e+01,2.799708493978655355e+01
2.361199903439693060e+01,2.743746893996735281e+01,3.194979224476755064e+01
2.928481565059854574e+01,3.102137071946079061e+01,3.444231334518611476e+01
2.232159352986512246e+01,2.614571015742547644e+01,2.794526397363544135e+01
2.239017618514289509e+01,2.470508224034336564e+01,2.479176960103679761e+01
2.823895699837378004e+01,2.929749846238698652e+01,3.192505013229065369e+01
2.784349501500643953e+01,2.902733984750553731e+01,3.031712939771677640e+01
2.405411622017031803e+01,2.584722908871204083e+01,2.908366688696494862e+01
1.966088843122735241e+01,2.232509899800676934e+01,2.295008122930187611e+01
3.151025636341513092e+01,3.387252404091123026e+01,3.460862715905016529e+01
3.003492866084681623e+01,3.218961292082965997e+01,3.667417147612327710e+01
2.299766876444629560e+01,2.553975183162803830e+01,3.053909709442934783e+01
2.582336787546256218e+01,2.773679459526118052e+01,2.859236072136049245e+01
2.385112121004557295e+01,2.817547684278264697e+01,2.911284308088949402e+01
2.739026659812862619e+01,3.018668058989777236e+01,3.227609288369870910e+01
2.287599243684117312e+01,2.760157171706478252e+01,3.220128447268960770e+01
2.403629421001810584e+01,2.730453583353838809e+01,3.162929043880351188e+01
2.714270306084280193e+01,2.827232424903380092e+01,3.063479173701115954e+01
2.110148027611044697e+01,2.591958973838282532e+01,2.780804410492680745e+01
2.844464780753479261e+01,3.164265747027806341e+01,3.294548981710882884e+01
2.785279703631602999e+01,3.071422724499954526e+01,3.285938712987947241e+01
2.570128961129455902e+01,2.596864492763423016e+01,2.957043431516066079e+01
2.900770956615438223e+01,3.001573398821097172e+01,3.306337442893754996e+01
2.400060808012175784e+01,2.714891318091714112e+01,3.084276398640148642e+01
2.712435401480932029e+01,2.954639611008571620e+01,3.367444412011407451e+01
2.121585546252642018e+01,2.319279385456444587e+01,2.508143638264591857e+01
2.631034244455609894e+01,2.852418711595931455e+01,3.289980389960430074e+01
2.956585672970456358e+01,3.321297985456157420e+01,3.633044082507858263e+01
2.262519050531151521e+01,2.614109469272362674e+01,2.994854878263172537e+01
2.514594801596520313e+01,2.831538536363674652e+01,3.064489834994539663e+01
3.206817031205319779e+01,3.319785487971220306e+01,3.781832893139561946e+01
3.098054187473367449e+01,3.458495689996338740e+01,3.580180694252532447e+01
2.736443877849653461e+01,3.178975734049615554e+01,3.544893722665119640e+01
3.114337632720705074e+01,3.418728093754592834e+01,3.630731660790256399e+01
3.065935506441504543e+01,3.305995809158511634e+01,3.546779462059003407e+01
2.151899062041220390e+01,2.444138853155858726e+01,2.621335590494631163e+01
2.913430902908539366e+01,3.127219727843879582e+01,3.301012447477129541e+01
2.545357133156025142e+01,3.031588305405449901e+01,3.269997160793334956e+01
2.277414940224546314e+01,2.650598109740756669e+01,2.865386286905944502e+01
2.027199034592312188e+01,2.450452577608906424e+01,2.609627354671024335e+01
3.064963220668491317e+01,3.210104577794824365e+01,3.231064380256470514e+01
2.692525339941812490e+01,2.926572325649173933e+01,3.303362246367967714e+01
2.873898025876571438e+01,3.001925526897472452e+01,3.174816001047015490e+01
3.053446300825279991e+01,3.148615907337064002e+01,3.201428044198031841e+01
3.033075495606395933e+01,3.473395180662333104e+01,3.757894043920702387e+01
2.327556619288234430e+01,2.765486937914610266e+01,2.776483478431824281e+01
2.844694689151054234e+01,2.848913728711646343e+01,3.132183837014257932e+01
2.601627278056725245e+01,2.857400996952073768e+01,3.024570332916658444e+01
2.558464102686140507e+01,2.752186570892603257e+01,2.765502289816762627e+01
3.116300042799601755e+01,3.503570499669260130e+01,3.710238132012875667e+01
2.872504158100827354e+01,3.237924502517480363e+01,3.706551530078772316e+01
3.131783762805688553e+01,3.136246377035453747e+01,3.505174363845355856e+01
2.669927294532637418e+01,3.109892911418445038e+01,3.539414381263600262e+01
2.441748472742297338e+01,2.900615503908964854e+01,2.988040932412927830e+01
2.189473497537154856e+01,2.234911025454159983e+01,2.237715273904080249e+01
3.285526149791853356e+01,3.568359806938954648e+01,3.981375622455216501e+01
2.468160069008328605e+01,2.827037401736014388e+01,3.205307442610622104e+01
3.030588027460240141e+01,3.169822761756217844e+01,3.619591334497464175e+01
2.787761236372059770e+01,3.212356575194216646e+01,3.251437442479677031e+01
2.434882947534444497e+01,2.861148502969918184e+01,3.273035589317805716e+01
3.293189154993935119e+01,3.538584825293214209e+01,3.884447573648122187e+01
3.124876029926830867e+01,3.218887911878358210e+01,3.641943975815897261e+01
2.259708040924882511e+01,2.669836945821739960e+01,3.117432241431992779e+01
3.135887767052841113e+01,3.147473049092416275e+01,3.568320205102858012e+01
3.167680352291274914e+01,3.220840279249543414e+01,3.335426618910224761e+01
2.827699958927036405e+01,2.850882011827409102e+01,2.918302459824640849e+01
2.738904014385316543e+01,3.046107039780796555e+01,3.130043873697282208e+01
2.373240331277144577e+01,2.785654274277785447e+01,2.945438710216929579e+01
2.464164698717600999e+01,2.691603971032835574e+01,3.119554624690621836e+01
2.661998250384862175e+01,2.862518560542164536e+01,3.126682275255018340e+01
2.836852832748058262e+01,2.852955748317863893e+01,3.035208757622454812e+01
2.539927142384987491e+01,2.726334630017898419e+01,3.136970774090515590e+01
2.111386544348830085e+01,2.161122045433560146e+01,2.221912540604731490e+01
2.884435452287458546e+01,3.246606758504564993e+01,3.622824873914891697e+01
2.892476080362483870e+01,3.153820840006623172e+01,3.327191265650519370e+01
2.211390537143592994e+01,2.503145398850261216e+01,2.854712766376357180e+01
2.581410286744842253e+01,2.651402928437450512e+01,2.888206643295255560e+01
2.065204254556575592e+01,2.431190155368204842e+01,2.562033030752942153e+01
1.983944218957282146e+01,2.242390302571497074e+01,2.449949529140701898e+01
2.340808197725539586e+01,2.393070261923863740e+01,2.790959942976583363e+01
2.673285010868483624e+01,2.720048892536895124e+01,2.993171510189409545e+01
2.769731052723197706e+01,2.788443580939532040e+01,2.939115993678676375e+01
2.371254330435632696e+01,2.372822604646912481e+01,2.851975932809845204e+01
2.393187210490012262e+01,2.559597791731990668e+01,3.047503060519340679e+01
2.473123914122723477e+01,2.713081803270249992e+01,3.166754353507770503e+01
2.328370402454725507e+01,2.422175197101319455e+01,2.445236940405024129e+01
2.658883379573650885e+01,2.747901978653664301e+01,3.050325436451231198e+01
1.814825539418260192e+01,2.297059028960424598e+01,2.317261884744906197e+01
2.848993669818488783e+01,3.175725747612887062e+01,3.227433654189395185e+01
2.098286305572819543e+01,2.367722490549446590e+01,2.692836403538972334e+01
2.158386704883450236e+01,2.437898424774786932e+01,2.711192532978386183e+01
1.786019669224974038e+01,2.197886726047135397e+01,2.422398447068665917e+01
1.855683891281449505e+01,1.886031663411460357e+01,2.142120879113137022e+01
2.351874686015905525e+01,2.601468146110763513e+01,3.016150226394226763e+01
1.624838311656250056e+01,2.095938614718774318e+01,2.553933551212183417e+01
2.083206216469569938e+01,2.513998086015768862e+01,2.728178344596671323e+01
2.156409521954521580e+01,2.257612828861926246e+01,2.344532147360596142e+01
2.389533100346263694e+01,2.776327713287825460e+01,3.252714321162181932e+01
2.001802327066646825e+01,2.381023814639588565e+01,2.777287266477719285e+01
1.429453724381030177e+01,1.911700883046487220e+01,2.379517102875865575e+01
2.334691599862594913e+01,2.393567636984302993e+01,2.826432800072651830e+01
2.635737718630524284e+01,3.086934942682378491e+01,3.139814419564492809e+01
1.815727299900260761e+01,2.257792463741471067e+01,2.609667643229151324e+01
1.786910615665486901e+01,2.146803334567928800e+01,2.628504318462336897e+01
2.275242414701643057e+01,2.464836646179290369e+01,2.838429696672765701e+01
1.712164220355932542e+01,2.077993491297429429e+01,2.460692302653750119e+01
2.003781094338267366e+01,2.259667471992109000e+01,2.522620628077177329e+01
1.845022283270739294e+01,2.277536293267663936e+01,2.386256428486537828e+01
1.588290641486817556e+01,1.896909646326196963e+01,2.154391157995817707e+01
2.223328451623671143e+01,2.430708101505610585e+01,2.875857966468316462e+01
2.470767086329115614e+01,2.493935325294989980e+01,2.672495661314817639e+01
1.545067320323626170e+01,1.909308457488669220e+01,2.135620458209098871e+01
1.951511155424644173e+01,2.345892643626607210e+01,2.592578148204051303e+01
2.281046093551433529e+01,2.355444735685551549e+01,2.674039905312378096e+01
1.906304899505917305e+01,2.073839432672537697e+01,2.153866416758768665e+01
2.198711400695890106e+01,2.505570710581178062e+01,2.928309286517247045e+01
2.310905610242361519e+01,2.528326274607103841e+01,2.679097954613412469e+01
1.366691337086423630e+01,1.844916714415128212e+01,2.190173616573053650e+01
1.943941952782349247e+01,2.134517037544200235e+01,2.284233737674187736e+01
2.061430590844421928e+01,2.131829397609884680e+01,2.363849836469517740e+01
2.052463581072251841e+01,2.220241637283239911e+01,2.717992081135335880e+01
1.883320479346929943e+01,2.091413673831152309e+01,2.175572052738055007e+01
2.053700699311004740e+01,2.194451178063040331e+01,2.196920773788565029e+01
1.710568625790738295e+01,1.990281422076361650e+01,2.435619040097023102e+01
2.281338285342491545e+01,2.577521712342642957e+01,2.619791105588879532e+01
1.468565164836958381e+01,1.856114795563279074e+01,1.940931862266137742e+01
1.416996874371790938e+01,1.553908032737036393e+01,1.654993200351437466e+01
1.594328067193696086e+01,2.066849416590034494e+01,2.318524384153364792e+01
1.333990171477796949e+01,1.701922438609889099e+01,2.102434883452561465e+01
1.351663151677487207e+01,1.614084374322802162e+01,1.944679418296074402e+01
1.594303615987649181e+01,1.737539040657623701e+01,2.226039592690995761e+01
1.757901430578200319e+01,1.840256000556701821e+01,1.872918958002285450e+01
1.336742744478134881e+01,1.506638670348878684e+01,1.984029221264242793e+01
1.665347691758285720e+01,1.905313551623891399e+01,1.940269639387422274e+01
1.171951434885057708e+01,1.516345396308355653e+01,2.011205172798210583e+01
1.875830868759337022e+01,1.878299227672582816e+01,2.116514006076665311e+01
1.229320392309033849e+01,1.626726574740956721e+01,1.852032650306521333e+01
1.541196944516086731e+01,1.711697404633508057e+01,1.814448748113870380e+01
1.158742641662272632e+01,1.225626817680217329e+01,1.274952068977360398e+01
6.847258756655280720e+00,1.072066320657868133e+01,1.228429302252277289e+01
1.452140807861004390e+01,1.679586591396461159e+01,2.102891891793242252e+01
1.910422074296040762e+01,2.109332604336934480e+01,2.146520684378421606e+01
1.060776504046978808e+01,1.269766140391331888e+01,1.555806869253174796e+01
2.003114693879738084e+01,2.010486694892988169e+01,2.301076537289841539e+01
1.511479949528623656e+01,1.586350530324987673e+01,1.641422072453111980e+01
9.313584193703437819e+00,1.285670253417845998e+01,1.359402371154565969e+01
1.257587740368841622e+01,1.307565734976238758e+01,1.533938689297137792e+01
1.318854064570855300e+01,1.523223283670171746e+01,1.849868849999909770e+01
1.344792460349468577e+01,1.819670726657454907e+01,1.866547604949955996e+01
1.024491524636433581e+01,1.493597751229423132e+01,1.862890047290398599e+01
1.178292888923112081e+01,1.315727243162872817e+01,1.762689802888421298e+01
1.393596974115617471e+01,1.417721484756583550e+01,1.909447527141740153e+01
5.881746706211831821e+00,9.768991062912590451e+00,1.141749753729745542e+01
7.231041626092904906e+00,1.065541322279663916e+01,1.552323564938307143e+01
1.163660241965342124e+01,1.336455513132043826e+01,1.558055334933031766e+01
8.595468815312763411e+00,1.281145538034434139e+01,1.505775599935239484e+01
1.126490229042943625e+01,1.187407547229936178e+01,1.512560331537264346e+01
1.062607959639736954e+01,1.235987648492129054e+01,1.707309232017585643e+01
1.046912525298700025e+01,1.100296055604696832e+01,1.346815727708061416e+01
4.327300447511161607e+00,8.027271807482140531e+00,1.250698706600603494e+01
4.723579005459918712e+00,8.470297588955279622e+00,1.314789343753716011e+01
9.088045518546968182e+00,1.282978002706211029e+01,1.433719653813732720e+01
1.159978222106706980e+01,1.579179636274471044e+01,1.849472037092983001e+01
8.395441117386198471e+00,1.193793648304967014e+01,1.341144686817026965e+01
2.815523490907152926e+00,7.724321326551685907e+00,1.079450841483731516e+01
9.049518196861871644e+00,1.334664606655397279e+01,1.792123008474516865e+01
7.572464333606835574e+00,1.022017805503953802e+01,1.401751390405486219e+01
7.436452400313174671e+00,1.208217062505555717e+01,1.336519557720217932e+01
8.476186638291375530e+00,1.001274755842251452e+01,1.429404418302195623e+01
1.117308466952340318e+01,1.278638192418749320e+01,1.395970948668271916e+01
1.150959096820210448e+01,1.176656178396231311e+01,1.372118065710227164e+01
9.970079925547503663e-01,5.383607531719610151e+00,6.718361539681242611e+00
6.613504208163884179e+00,1.156778891984940927e+01,1.170833648902953961e+01
8.046327228858954683e+00,9.218620100180956456e+00,1.209527427518783504e+01
4.376263883995670234e+00,8.355463832265998647e+00,1.105630330412649620e+01
1.018369997474940725e+01,1.048396589417723312e+01,1.248051551493575140e+01
5.491220983364268449e+00,9.796386999345214619e+00,1.024109711060574668e+01
3.895005278130365234e+00,6.470730999319104448e+00,9.698583885409721717e+00
4.391881035740900607e+00,9.371290741451552719e+00,1.045459406290364157e+01
-1.228063765856139078e+00,3.490767856368655941e+00,5.790334210932580383e+00
1.015288670810224048e+01,1.043747100575513187e+01,1.470092474874376265e+01
8.435926628889678369e+00,8.884206350563276899e+00,9.368440428636256812e+00
8.953158292373178284e+00,8.970919773523633012e+00,1.095291649759530017e+01
4.910715402975878163e+00,5.939108040101408470e+00,6.750448677966659261e+00
1.219464118450369661e+01,1.649122771409066246e+01,1.889574131899367515e+01
8.047339806502135318e+00,1.029730431323294582e+01,1.431324150771526504e+01
4.257130145048408920e+00,6.388288889369007073e+00,7.057028527360778902e+00
8.092830071952214155e+00,8.604226814007121860e+00,1.026898382941729082e+01
4.667231358297120103e+00,8.345847373068183472e+00,1.135624528872816263e+01
3.451579366580686425e+00,7.819837179001638106e+00,8.588562830627569866e+00
-5.836087574340732331e+00,-3.440780307608331867e+00,7.113788702002432629e-01
3.603935221759106078e+00,7.231425828446287341e+00,8.662045706265143252e+00
7.953292810070212049e+00,9.320385144501337038e+00,1.137124803789876637e+01
4.578960624323936024e+00,4.671615249432461425e+00,5.471604352986006781e+00
-3.749547759796723057e-01,1.447918108316772923e+00,5.081082991317684261e+00
1.197650673060161708e+00,4.354508252174392524e+00,9.322267595930382456e+00
4.464055478734252347e+00,6.178580216265154412e+00,1.045950400416189652e+01
9.287725697578629536e+00,1.101656447685629736e+01,1.227937940511198533e+01
3.801878614152904401e+00,6.276903505648203208e+00,8.707144201591578536e+00
2.298992851747463817e+00,3.856934005058824777e+00,8.302161502221203193e+00
4.042128306411586713e+00,8.684849411313182443e+00,1.136527459496553760e+01
1.237940693114794488e+00,4.502448951013868772e+00,7.916000472485443140e+00
-2.484735631341630224e-01,1.220422789150102716e+00,4.598883232574092261e+00
9.254803469739472099e-01,2.942698733394100596e+00,5.047232901811327999e+00
2.680827365804578477e+00,7.062128155010345409e+00,9.849955541777482892e+00
-2.066034861124330213e+00,2.605157773027042545e+00,6.256498698855654794e+00
5.270706451611569143e+00,8.034734939935486153e+00,1.156364995355440861e+01
8.885210970285704946e+00,1.054368250091311587e+01,1.285774836076565819e+01
6.908669386813368618e+00,9.148724533825735250e+00,1.328616041841880957e+01
1.818179922172462382e+00,3.413060030141902068e+00,6.179227755917051645e+00
-9.627850555311936454e-01,1.180341494182784778e+00,5.893472707253657461e+00
-6.079691757624656745e+00,-1.807260336889825680e+00,2.849115875771589756e+00
1.309487241737189667e+00,3.501210355952219633e+00,5.486360957399124771e+00
-2.899231666984875222e+00,-1.533998681562033894e+00,-3.431587327514702412e-01
3.553860092448233754e+00,5.770178269947839667e+00,6.602508271569343279e+00
4.309865205623437667e+00,9.290666025029871378e+00,1.016257453673205369e+01
1.881388417300738247e+00,5.639015814390536896e+00,9.808479558833298029e+00
-1.754600993310877488e+00,3.041126276600599976e+00,4.548185177531939516e+00
4.001452337481738120e+00,8.384787462761991605e+00,9.837536448558577007e+00
2.923734229402579210e-01,2.815898062153290304e+00,5.705149786658367361e+00
9.050036423763332394e-01,3.462852127775143618e+00,4.266874785428353967e+00
-8.963532637506137490e-01,4.050376812295326090e+00,4.907696357597245651e+00
1.593521751182711554e+00,1.920930277278822818e+00,1.942597927991637885e+00
6.192565606761237795e-01,4.356721559435362323e+00,4.611014194751112960e+00
6.629011296417388621e+00,7.750497077839973770e+00,1.036565276394339996e+01
3.507686529723659241e+00,4.605464697284538111e+00,8.750729307870187768e+00
-1.949377364551033054e+00,4.318399753082253767e-01,4.879749850033717529e+00
5.136040090296658533e-01,4.951880928526075643e+00,7.308229185773064351e+00
4.814952955588662320e+00,5.898687139688789216e+00,7.723548754962341611e+00
-9.288458697933146269e-01,3.497857528198276000e+00,7.620244822309022226e+00
2.975937541448464341e+00,4.171248079251295593e+00,6.635598475623518233e+00
4.508648816121985092e+00,8.182302172351780811e+00,9.722099210100642708e+00
2.359257440674804585e-01,3.749936138119366547e+00,4.230515858047388278e+00
3.042539117733462639e+00,5.695074562959377751e+00,7.672102821210275536e+00
5.125825665011075394e+00,5.435650202654061403e+00,9.620578480050957282e+00
-1.395527453179613575e+00,2.957712789148025934e-02,9.831409096708160211e-01
-1.525725416747574226e+00,1.357054421373256048e+00,5.798332280814483042e+00
3.565772415942491946e-01,4.486243486684664106e+00,5.118008328484534353e+00
4.801988463220426162e+00,6.874309754879354806e+00,1.162333844717439213e+01
9.173704507520866969e+00,1.009481429241340322e+01,1.279525767039052120e+01
2.729374164065089259e-01,3.024058223923002942e-01,7.768127833380360503e-01
-6.362012717840574982e-01,7.063447760427061795e-01,1.910235273595298322e+00
2.110373556897634728e+00,4.904707516629714270e+00,5.899315035642469951e+00
3.884949626368402242e+00,6.995534170325151457e+00,1.137281551451529182e+01
-1.569932188920464711e+00,2.509005446927928595e+00,6.126497740605282516e+00
5.900774833558147137e+00,6.450517920268437067e+00,7.653214352817685473e+00
6.396208200686616330e+00,8.058773045526786305e+00,1.136058877935271916e+01
6.472673785239625666e+00,7.980442433614148179e+00,8.099074126019200293e+00
8.471714370788760107e+00,1.234164057646700030e+01,1.682274574710057280e+01
4.192764499458596639e-01,3.896943275598584666e+00,5.567498948449527418e+00
-4.500051224073640554e+00,-1.269825789032927865e+00,2.317480139369918035e+00
3.024216804401012926e+00,3.821218914550053469e+00,8.024065547173737656e+00
5.342746574172966945e+00,9.046342223432123575e+00,1.165540665797322895e+01
8.876974468498584514e+00,9.531974297521053074e+00,1.365344152607200101e+01
-4.123678406538950902e-01,1.345560150434192970e+00,2.246637745622759752e+00
5.850733983238201930e+00,1.081120056743718472e+01,1.386345353966216187e+01
-2.257368658613637002e+00,1.706522645836781926e+00,2.389438330784526165e+00
2.437703813746559423e+00,5.529766062900822732e+00,9.200089754913744144e+00
6.912426874268263965e+00,8.292385434013137768e+00,9.040683402632865295e+00
1.872753169878146107e+00,5.659760462525124325e+00,7.016294929463402497e+00
5.570669965522116129e+00,8.516662827931501312e+00,1.241221164454290360e+01
5.210777662976229685e+00,5.813856845654670202e+00,8.463679705177595380e+00
3.925406431927958906e+00,7.748394576316452564e+00,8.488752295325507902e+00
3.143541855909799843e+00,3.442498733843315950e+00,5.120524852414678918e+00
8.087367301276231046e+00,1.224783765043727612e+01,1.336424541295081525e+01
5.904469959337278695e+00,7.205751689725826026e+00,7.479490256355131095e+00
5.551384794489137242e+00,6.839229028245829234e+00,9.539749126669011758e+00
5.358762357549906596e+00,9.421647463975876491e+00,1.032048915258469002e+01
2.702088231259991424e+00,4.140009635759288820e+00,5.521997627265283981e+00
4.820668947195861698e+00,7.678921240064800813e+00,1.039122267789727694e+01
2.872751037312383460e+00,4.724702874572278333e+00,9.177181176021584008e+00
2.456206786198174896e+00,6.258697459582313272e+00,8.868130849150128725e+00
5.513576394673431302e+00,8.513778015388682618e+00,9.999568317874313550e+00
5.467046030938172763e+00,1.034108957243274141e+01,1.182284663884813725e+01
4.347423407937471396e+00,7.501433793980403664e+00,1.164236169698724233e+01
3.406952644641592087e+00,8.313847114895022372e+00,1.204459960997519197e+01
1.131464353740182460e+01,1.158104205876820991e+01,1.255679046404404708e+01
5.565758450347132680e+00,8.723327988377581832e+00,9.547595835887216609e+00
4.750500943846844848e+00,7.525023285392778760e+00,1.113290520729581878e+01
7.463115896797850368e+00,1.119009715413746164e+01,1.351496561285349962e+01
9.724561133232299426e+00,1.015423832931547210e+01,1.213564329872035685e+01
8.720141757103027302e+00,9.955812973229823726e+00,1.416627681482972889e+01
9.286167375177273087e+00,1.392307989640784527e+01,1.841002010783879683e+01
6.984007112873188206e+00,9.319312938429979098e+00,1.091311067557705883e+01
8.760674165069826103e+00,1.284772404553546465e+01,1.518678799332766438e+01
6.072402477465028703e-01,4.335023504264885474e+00,5.950577059444768224e+00
5.773925469153028622e+00,1.030380065735229600e+01,1.497471493853237234e+01
1.047569983494368984e+01,1.156442076290137244e+01,1.424702122637077650e+01
7.693608531687671004e+00,1.113333451083193104e+01,1.245643925779224759e+01
8.727837961458675409e+00,9.592875874254470858e+00,1.069235662402809695e+01
3.211388646440584971e+00,7.400225871659571908e+00,8.982952824107835355e+00
7.885598701435887037e+00,1.038606590534940111e+01,1.048045130992392870e+01
9.595760112322675894e+00,1.083331705614638452e+01,1.345298627924116275e+01
1.144163730740070228e+01,1.317653828182836051e+01,1.757478046860580179e+01
1.309865298578786685e+01,1.579267137230186080e+01,1.949382286696577182e+01
6.633636506903327401e+00,9.714630953775319711e+00,1.457957975356776004e+01
1.178982473224599836e+01,1.414846838075387403e+01,1.542822765577098387e+01
1.107805073168827015e+01,1.163542131726203266e+01,1.639844308240244786e+01
1.534252890281839754e+01,1.566039148141992499e+01,1.750369691603068745e+01
1.651684783590042827e+01,1.680788299570252065e+01,1.928566272695877615e+01
1.552819640780884569e+01,1.603267115626974615e+01,1.691214866635343128e+01
1.214027884462892004e+01,1.582469776157095964e+01,1.616449204856535360e+01
4.581869343914187098e+00,7.796464670180172973e+00,1.244406203272564326e+01
9.000947164881774043e+00,1.316827518604542036e+01,1.590991751416070521e+01
1.746219567578834742e+01,1.756835593896190417e+01,2.232443742889197580e+01
1.948830498647360798e+01,2.051142496893008627e+01,2.445349849371616813e+01
1.641504180920611589e+01,1.794394758561740133e+01,2.025820757862314281e+01
1.519878832436857152e+01,1.727077116214519847e+01,2.132648733054683632e+01
1.449781822321596181e+01,1.601693856264030913e+01,1.685409724988373270e+01
1.459339084791692365e+01,1.460794257471037483e+01,1.490405790984022438e+01
1.774197903230727746e+01,2.071757908800102044e+01,2.536968219640987954e+01
1.615783386573276914e+01,1.796448375818410170e+01,1.982963544312395854e+01
1.415587245424552520e+01,1.599810404080013093e+01,1.966058293283774816e+01
1.342434579820733376e+01,1.771818935418893304e+01,1.886784117631528801e+01
1.611718115654518257e+01,1.783950354850019338e+01,1.904984597799860424e+01
1.485049495225275429e+01,1.850776231218686263e+01,2.002907944407779439e+01
1.797021472361943495e+01,1.973220482043833357e+01,2.461036926586695728e+01
1.113751816165736486e+01,1.406858493072831884e+01,1.642864579273607717e+01
1.304250298995291679e+01,1.432526086856290171e+01,1.614961017859310743e+01
2.076497738175404351e+01,2.170718908127744484e+01,2.271782589970296584e+01
1.161967289674968029e+01,1.610761305143595834e+01,2.071017666376446797e+01
1.339314361642716378e+01,1.788861555281909332e+01,1.991291424804373378e+01
1.706820598451706061e+01,1.998598674320136581e+01,2.298635540119344967e+01
1.651978817678349287e+01,1.904542158783987915e+01,2.066582930286763542e+01
1.792053468977049491e+01,1.962860445186288061e+01,2.446106395518371457e+01
1.351711371699700948e+01,1.764837829187986529e+01,2.055563005679255895e+01
2.420179294142109327e+01,2.465725716644518783e+01,2.687124314827873661e+01
1.980816570886450023e+01,2.194043184525382273e+01,2.444588849870128300e+01
1.840168092389551191e+01,2.016608142676454563e+01,2.427823781367995792e+01
2.505295328295357038e+01,2.760475319932810834e+01,3.214854308845616515e+01
1.387976692772799225e+01,1.859692000433942738e+01,2.076030079482100632e+01
2.093707213644823284e+01,2.218894302385344730e+01,2.615072418972669155e+01
1.704813737511931393e+01,2.144607191020432424e+01,2.222237284910100996e+01
1.953695652177433217e+01,2.222016566361126522e+01,2.228927588075275068e+01
2.089184230079195714e+01,2.218015231179800395e+01,2.644667058936719783e+01
2.678349594208296836e+01,2.978638301295768898e+01,3.211018000514493309e+01
2.088789492581608087e+01,2.285447003722567061e+01,2.317839948569907449e+01
2.069449487362147266e+01,2.328525351956771772e+01,2.788874944146273904e+01
1.628104772923423482e+01,1.950581044152670884e+01,2.133225940716875257e+01
1.743878038547427423e+01,2.102255505583455886e+01,2.402711227326365773e+01
2.203771112365873108e+01,2.398036674662081680e+01,2.510975068509614161e+01
1.997770932867657123e+01,2.180836071092685913e+01,2.477866512027241441e+01
2.172253792089985325e+01,2.485262946159004471e+01,2.705141695376885025e+01
2.008981090628294197e+01,2.252870732774362850e+01,2.751271676525858112e+01
1.762979794858613403e+01,2.130592007269016364e+01,2.311665997045040299e+01
1.561485948051229045e+01,1.842252477014013223e+01,2.298559543597686172e+01
2.557551500489211449e+01,2.753586155432706661e+01,3.062096377225493526e+01
2.233725500234208639e+01,2.287287466434541372e+01,2.625947734073779216e+01
2.076744495223355358e+01,2.331981786854216310e+01,2.646653211720597554e+01
2.647741208807233448e+01,2.674559738594140867e+01,2.723027339048431017e+01
2.030221268487049002e+01,2.255739593586507752e+01,2.373211567231868457e+01
2.615756612308029361e+01,2.948583333876725376e+01,3.051930259368921128e+01
2.508225040621464785e+01,2.599776690226022424e+01,2.956290887714557414e+01
2.804433632326638559e+01,2.847063652899650421e+01,2.931998391153923578e+01
2.721895651506357083e+01,2.780275309427761954e+01,2.967881131174072351e+01
2.709945145343720796e+01,2.756848304515772696e+01,3.068476864226212442e+01
1.926371589354596026e+01,2.394364729963562866e+01,2.540816444464187285e+01
2.215541607720152584e+01,2.234144502656967290e+01,2.554164168926747536e+01
2.693004035593392231e+01,2.859852574171812023e+01,3.124419326107000927e+01
2.077743564001255550e+01,2.119554002775056034e+01,2.307147354769844583e+01
1.784334412530853342e+01,2.213879709826758102e+01,2.363287123181094529e+01
2.212260459918605449e+01,2.540779109204695985e+01,2.910663590701486214e+01
2.404783098994689183e+01,2.548154414863941852e+01,2.928062935850970305e+01
2.011353613821018271e+01,2.274493156590569143e+01,2.441132867711890242e+01
2.490085075711690621e+01,2.602305412521904771e+01,2.732705369747692359e+01
2.499230560411933411e+01,2.639042941135125986e+01,2.821582039425620891e+01
2.166799064875484149e+01,2.573679790065133943e+01,2.938341553297476949e+01
2.310897559674251411e+01,2.752172898153909841e+01,2.827958803302432855e+01
1.702600260397666787e+01,2.011242575392724774e+01,2.174927516934335259e+01
2.547504357488681137e+01,2.989265371220196599e+01,3.148764279958458090e+01
2.867344771532105341e+01,3.269205250812940733e+01,3.749267780186433185e+01
2.246837572481926060e+01,2.694988774272314558e+01,3.156177411182004988e+01
2.460092838244851521e+01,2.784853843079601532e+01,2.985955097913234724e+01
2.510729014912666912e+01,2.681625080103899705e+01,2.751366185149049315e+01
2.848306153913785721e+01,2.937103095236967931e+01,3.010736722785456720e+01
2.882058501988382204e+01,3.046145150500973742e+01,3.318238451639971487e+01
2.057031710211543185e+01,2.464480898838429468e+01,2.595508798472882717e+01
2.533643752030851459e+01,2.672524009218845009e+01,2.887799508136319204e+01
2.552730310615123344e+01,2.559925417224625477e+01,2.638970294538732375e+01
2.885936662611674564e+01,3.250000247677414933e+01,3.417103031638174571e+01
2.768439391831970653e+01,2.843357480362210055e+01,3.271387364264018771e+01
2.427999840569759726e+01,2.763036862041089847e+01,2.899876809771615882e+01
2.597134441827417461e+01,3.057473080358317574e+01,3.533429760274972864e+01
2.649250449417996123e+01,2.757277931204310661e+01,3.189089579108879136e+01
2.556956573187188297e+01,2.686241074933792916e+01,3.028968017084615738e+01
2.274579436582526881e+01,2.413224881508158859e+01,2.832740950643668043e+01
3.164784017937663307e+01,3.275131783178422751e+01,3.289276943473608128e+01
2.939588070222844962e+01,3.020500487465420747e+01,3.250350097909919356e+01
2.679402912644476231e+01,2.767824440772063355e+01,2.977369551435587880e+01
3.491632163367874142e+01,3.598218546353255931e+01,3.757365279258134905e+01
2.618092937714463275e+01,3.094277493695023296e+01,3.135555146565030782e+01
2.461053910401210842e+01,2.705897076889047881e+01,3.137802304780643681e+01
3.309243543797482801e+01,3.502886328720956755e+01,3.993736264303141326e+01
2.795857630659846293e+01,2.886361120167862993e+01,2.908157704337916982e+01
2.810536335791951856e+01,2.831492461303540153e+01,3.145176037414682924e+01
2.739404649606923314e+01,2.929600966147586405e+01,3.248964373036382369e+01
2.609930916251096988e+01,3.075635793206934920e+01,3.426286172672113395e+01
2.424974029868434400e+01,2.829869371797381916e+01,2.952954615723686160e+01
3.350104462176656028e+01,3.494369204354122616e+01,3.724097374822786577e+01
2.868003824470556751e+01,2.880885799907707678e+01,3.110548459901545471e+01
2.469925462391048754e+01,2.841837948929709157e+01,3.030523526804319800e+01
2.306739051055252432e+01,2.629002554599142982e+01,2.750187940400208220e+01
2.730040384501936401e+01,2.995564867210167037e+01,3.257405809081159731e+01
2.128178887330465585e+01,2.362760191245470764e+01,2.692640144149977388e+01
2.216338826320117761e+01,2.655308568321386886e+01,3.085781314470622405e+01
3.048308118501728359e+01,3.067669374668689386e+01,3.095098212539052795e+01
2.952949985308855929e+01,3.008466711242626701e+01,3.459661200716034557e+01
3.009908227477984966e+01,3.045128248880508792e+01,3.338599955418801812e+01
2.615644935551122074e+01,2.933756662177988872e+01,3.231500381880808703e+01
2.378853974257136983e+01,2.745631092765043846e+01,2.920733209727022484e+01
1.670400962811671519e+01,2.029368879459638464e+01,2.364977389731284418e+01
2.889235610185395586e+01,2.969717305621963277e+01,3.213573573788151094e+01
1.984420268550125144e+01,2.392540418014760917e+01,2.635845120498952454e+01
2.330544974170180694e+01,2.584008269315866357e+01,3.067825478165716291e+01
2.932243671512602745e+01,3.053219872769129140e+01,3.408958174111873518e+01
2.755032175447578524e+01,3.074025397304961871e+01,3.557022052193845241e+01
2.822897381903561254e+01,3.107224030469964049e+01,3.160635724767745103e+01
2.262078951341133148e+01,2.752212920137092311e+01,2.873204029474293009e+01
2.697228548847548524e+01,2.841704127659630075e+01,3.039253804707857398e+01
2.571563354870602680e+01,2.962276163837130483e+01,2.965915278668771649e+01
2.526906966470646765e+01,2.948762133120632001e+01,3.430345791238438835e+01
2.545239918784968580e+01,2.917515743772645109e+01,2.924092283607053844e+01
2.126930928877292359e+01,2.605005416104833671e+01,2.609020864481496815e+01
2.388727555985962780e+01,2.726605586893317934e+01,2.727122251189269164e+01
2.854870934992226594e+01,3.006814364317624566e+01,3.381704465236968105e+01
2.614858863132822009e+01,3.085227743826774827e+01,3.098275281001075498e+01
2.539613380189101832e+01,2.952572379795058310e+01,3.188841459361559316e+01
2.654481428439214596e+01,2.946300358987380008e+01,3.150376519146420407e+01
3.310193364891021162e+01,3.478191602236463353e+01,3.569685785977387127e+01
3.091864036976588181e+01,3.272461352707590976e+01,3.716523763393325197e+01
2.671776483972130478e+01,2.715193673945799446e+01,3.197414284630811210e+01
3.347569640657685852e+01,3.420528448951296241e+01,3.444389691677024956e+01
2.816715618218499628e+01,3.089309139100488011e+01,3.589035533370819309e+01
2.928237064504168075e+01,3.325202606128442540e+01,3.534825782928315618e+01
2.618802732521683652e+01,3.016340127531213611e+01,3.433334157551417576e+01
2.472907109965293060e+01,2.591319038972425659e+01,2.614738188937248964e+01
2.523459285732510438e+01,2.977288042104733634e+01,3.083999868191411409e+01
2.406219170656787654e+01,2.651796761791518975e+01,2.763419151559922682e+01
2.836442249141309802e+01,3.014679733794033467e+01,3.334227652485858329e+01
2.036820723979589332e+01,2.311346095007243662e+01,2.778522582384187700e+01
2.667241888662790572e+01,2.856144030356332308e+01,3.078201972714918710e+01
2.845656909859457073e+01,2.848470545083393191e+01,2.991700016911200066e+01
2.693141835228298575e+01,3.056467940029482477e+01,3.414991630059734007e+01
2.905698549827631538e+01,2.993937959335441334e+01,3.486540281337545366e+01
2.344848770817733197e+01,2.570453267357368432e+01,2.700203646595893048e+01
2.151812899906423482e+01,2.515521141664662252e+01,2.817308181038305293e+01
2.244502739235090871e+01,2.471356306391117386e+01,2.874735731015354645e+01
2.263470150520738500e+01,2.573551574570262446e+01,3.057361164611027604e+01
2.159083459363505497e+01,2.574269941033382381e+01,2.848419754233279022e+01
2.590030336425781954e+01,2.912062325222006720e+01,3.172892935470583353e+01
1.806462937180670991e+01,2.032431286524422376e+01,2.366377894212117994e+01
2.034073679289341285e+01,2.148552318167072883e+01,2.290884540943830316e+01
2.049594856010753574e+01,2.153489583380591910e+01,2.447692307537377587e+01
2.070316263045361183e+01,2.523291151717479508e+01,3.004113659836369976e+01
2.626583899022508461e+01,2.720037318009913463e+01,2.832233269351273464e+01
2.394912379079780251e+01,2.634322202409126135e+01,2.932233977914419754e+01
1.974656083265323403e+01,2.221735301804971385e+01,2.370447734183014177e+01
2.422619099589251590e+01,2.777682624297678160e+01,2.867464439304085033e+01
2.771444830737350884e+01,2.816518832630460167e+01,2.921618206743167079e+01
2.241190789979060582e+01,2.687974259167897984e+01,2.789641041412310329e+01
2.073592184334621891e+01,2.303423543537732954e+01,2.428097731874949261e+01
1.962852059244642078e+01,2.422535137313694875e+01,2.824307035575220581e+01
2.521843525436853639e+01,2.710659591168149518e+01,3.115821135619857074e+01
1.890175174144298254e+01,2.378036788214069119e+01,2.673152857248681968e+01
2.304155948537231779e+01,2.413470424202466802e+01,2.587918500845259118e+01
2.207948163340400427e+01,2.468850389607942120e+01,2.761905424275883902e+01
1.870902616261545148e+01,2.279257419784500982e+01,2.514610191604619160e+01
2.147268560345320054e+01,2.169078715129803214e+01,2.201517484752137221e+01
1.968709688603762231e+01,2.422911446892920750e+01,2.737572570412713802e+01
2.084281234260352988e+01,2.486108832320013562e+01,2.828818135640680254e+01
1.432374317902150551e+01,1.883462117971945915e+01,1.892509150333938805e+01
2.001326394761805716e+01,2.228682503529883618e+01,2.295739868087855484e+01
1.697456932944744068e+01,1.947187393531468658e+01,2.398572835327802366e+01
1.987876442910037866e+01,2.188139567329429980e+01,2.244295970171219068e+01
2.461374050050590157e+01,2.572887526309314410e+01,2.825962562499105246e+01
1.996701455561663607e+01,2.321346182895210575e+01,2.321873272989339299e+01
1.893937256011158254e+01,2.087854462378210840e+01,2.411311738992439047e+01
2.414135647666063988e+01,2.739337106702556923e+01,3.045237791955041118e+01
1.583907145828298724e+01,1.592560919667059238e+01,2.009845646146895604e+01
1.537017976548878373e+01,1.912587095976897089e+01,2.032552417481120699e+01
1.874861534486997172e+01,2.102999123722551644e+01,2.572824470986304135e+01
1.432404974831095323e+01,1.737443946328803435e+01,2.109621586096007917e+01
1.219877826195566328e+01,1.584393833226529757e+01,1.863226391042996610e+01
2.039059189142993489e+01,2.298617239845256321e+01,2.763899822040217202e+01
2.202727407493529199e+01,2.452469297699221684e+01,2.518666935566502119e+01
1.454198679831890217e+01,1.766210905690529387e+01,1.943391780624767406e+01
2.590113036789492185e+01,2.613071032508162617e+01,2.785923025311188894e+01
7.058343618858889279e+00,1.189030292673697708e+01,1.547438551534406059e+01
1.696065437262679865e+01,1.921788374714128267e+01,2.368115024692330550e+01
1.319850242669785345e+01,1.527040915184039704e+01,1.885706001103724461e+01
1.367113672036173178e+01,1.836876400602716330e+01,1.854912279954593757e+01
1.407584234466150441e+01,1.843711231952912399e+01,1.989192570108759384e+01
1.516587122276362720e+01,1.771729904319528615e+01,2.077441338286419992e+01
1.195838405312800923e+01,1.398063580736703670e+01,1.624594282714972238e+01
1.653992186488882865e+01,1.795967691605055450e+01,2.189922770570798960e+01
1.636895973355131062e+01,1.737647490905822423e+01,2.016442778981232919e+01
1.564659291122591966e+01,1.780704617143434731e+01,2.072105303935912701e+01
9.793880502432141810e+00,1.253928935290928237e+01,1.437732008605224721e+01
1.788402880254519189e+01,2.081027411565940355e+01,2.239416747889412207e+01
1.268638824072359128e+01,1.439063656916241740e+01,1.693635472741162573e+01
1.523272238055053407e+01,1.736233309723803941e+01,2.142274381618747370e+01
1.413678578639568073e+01,1.760320600680913472e+01,1.801687044275135818e+01
1.730671174544571755e+01,1.744748972890683802e+01,1.982436921038598499e+01
1.039993028363897309e+01,1.234234805726919326e+01,1.316938428481751622e+01
8.499501323525052499e+00,9.490602635873246484e+00,9.918040688222610868e+00
2.026734240570733192e+01,2.029945398839935677e+01,2.341893851726523934e+01
1.755230310455356246e+01,1.842752495805572721e+01,2.336015470548993633e+01
1.809145923179696425e+01,1.983165839885877091e+01,2.076905599348075171e+01
1.352590036990119771e+01,1.463972661221705529e+01,1.789963599798959848e+01
1.472159730864785132e+01,1.689910827474976429e+01,1.698864784277637341e+01
1.082464331031518157e+01,1.126314097107645296e+01,1.289528380959149523e+01
1.430897127335857277e+01,1.497562966789105943e+01,1.513167902721572311e+01
9.301392664111256536e+00,1.375905234666406329e+01,1.692801071029668236e+01
1.248768285416938539e+01,1.437326995749984881e+01,1.932032807570517008e+01
8.223870311416195733e+00,1.320335126397995573e+01,1.674948646963287402e+01
1.345978922095504693e+01,1.613708215673071322e+01,1.918869821954262633e+01
7.043606906284088254e+00,1.006471097046342322e+01,1.137573510945746413e+01
8.663509931637442207e+00,1.145878580037733485e+01,1.200462149681484192e+01
1.224597399811079512e+01,1.260787899576421189e+01,1.408331552776957096e+01
1.325019922888912660e+01,1.462580711685989776e+01,1.856371776930267714e+01
1.336371408278260553e+01,1.369574881889425555e+01,1.390983746453364844e+01
1.364627506172271865e+01,1.577490870016653446e+01,1.931108451693748762e+01
1.201330474477508226e+01,1.686038743496263237e+01,1.833542666944127930e+01
1.339704312437381617e+01,1.361333609790228927e+01,1.772662037842761507e+01
8.882076529200052306e+00,1.205047495346184050e+01,1.625027081983787269e+01
7.385875136864775925e+00,7.676809980370700615e+00,8.705680290546839117e+00
1.767229810279038915e+00,6.283442093206617507e+00,1.053756900519688067e+01
4.115534198448040470e+00,6.367714443960809767e+00,1.070524087030262450e+01
3.795408477823593696e+00,7.454382855321072476e+00,1.150926319357736638e+01
1.105304671589169097e+01,1.224116930732954422e+01,1.358468294112625507e+01
2.123334013890036509e+00,5.981019337436526584e+00,1.025589052074098895e+01
1.018467517715162884e+01,1.411198230008525378e+01,1.508242176217783559e+01
5.268610166759293278e+00,9.876155338951845053e+00,1.475549543757563598e+01
5.878852080004943303e+00,6.159396017133975221e+00,1.060647011364821957e+01
1.036193184004255485e+01,1.416253240718774542e+01,1.512577408132121981e+01
1.214561394211571965e+01,1.318701057784259945e+01,1.441047204800060655e+01
1.174707261885708398e+01,1.196426847950360894e+01,1.352492055714067298e+01
5.214653260525384582e+00,9.266294740372153171e+00,1.033384550243212274e+01
9.459528661773141778e+00,1.062742292519976139e+01,1.425910150072438753e+01
-3.278840062188748128e-01,3.332174141712204829e+00,5.340405115441246409e+00
2.291503176746759962e+00,6.493170802529826702e+00,8.321842603782085845e+00
5.405732174550744062e+00,6.523846388528359519e+00,7.727823220269250726e+00
1.573283293411082973e+00,2.842221785148708157e+00,3.699749397747727819e+00
7.012004076559465560e+00,7.571396583274043302e+00,8.302024353610127250e+00
7.551641094870610971e+00,8.695911794058950761e+00,1.253761692242435366e+01
4.337250705561535469e+00,5.031987130239585326e+00,7.266731020716361122e+00
6.172684193653062756e+00,6.901435203897301918e+00,8.968648359596627984e+00
5.114279572496139181e+00,5.870850628751291822e+00,7.464068704118057340e+00
2.986649384020345188e+00,3.500022518568695951e+00,7.381598755409059187e+00
8.598646542651565028e+00,8.838892100901910354e+00,1.336475443595468526e+01
6.077553482939665130e+00,9.871137158174780879e+00,1.255999420772289099e+01
8.083636401839232377e+00,9.326508048902077519e+00,9.781843844287177347e+00
2.671679754135548812e+00,6.741372290840004666e+00,9.653817589274556354e+00
1.591510821497845285e+00,3.747751477538511011e+00,6.228807822764615310e+00
3.354065649477754540e+00,5.421033355403470644e+00,7.688359310607484787e+00
7.925068780284147962e+00,8.849076815254981909e+00,1.222835943337450537e+01
6.025546433377866329e+00,7.346998683116852114e+00,8.954973615118765551e+00
2.945777646268932237e-01,2.743480593858613759e+00,7.671627367175751999e+00
4.198045962498253125e+00,6.443592665520537111e+00,7.294746655702959437e+00
2.562889877962637897e+00,5.869499102604943452e+00,6.903327489279690532e+00
3.975461769606161155e-01,4.831527415845787488e+00,8.464222435156536051e+00
5.515259846373955277e+00,5.826427386182821522e+00,7.210907188530109480e+00
1.644953925079252866e+00,3.146714318462700000e+00,7.480512957343650626e+00
4.322059052726443973e+00,8.441205018099788404e+00,1.275939271263822938e+01
1.241390478020021781e+00,6.230949253280534172e+00,9.045490706455412422e+00
8.208451692509081354e+00,8.531002939277687602e+00,1.116751044861217501e+01
-1.376767459459619758e+00,1.200942946294745184e+00,3.601593732505734113e+00
5.400711658435173312e+00,5.454974236944161170e+00,6.160922311806827700e+00
9.438325329379754436e+00,1.045623663802731329e+01,1.483095204655958099e+01
2.530097176972069928e+00,3.145007136112624391e+00,5.336541887687287655e+00
5.208261219937858399e+00,8.200256635240812386e+00,9.427254145258977758e+00
4.025568635751625379e+00,5.410699827147406715e+00,9.098157500667287678e+00
4.127651631112755126e+00,8.159791924147789643e+00,1.168797810582104546e+01
-1.386712381344098244e+00,3.372501054991135394e+00,4.799527139265042486e+00
3.817566214715292006e+00,8.816260577687526023e+00,9.117976031935507208e+00
5.072304889191120658e+00,6.438136095267040560e+00,9.008963548594183024e+00
1.064959957383200262e-01,1.842530914305281708e+00,2.535056892129044837e+00
3.321881258373946544e+00,7.213240453876604619e+00,8.523426639988029407e+00
4.870172625530194033e+00,8.052404448285754412e+00,1.157228143254262065e+01
7.817329375282873194e+00,8.458403933909149686e+00,8.718074194083570205e+00
-4.169804944544191372e+00,7.018648354519227972e-01,4.630230566053898045e+00
3.268293351757158849e+00,5.169780994192388235e+00,8.789130690946464597e+00
7.523079968783269678e+00,1.124259631272080995e+01,1.516315219214789778e+01
1.468769759086297810e+00,5.536159995048398841e+00,7.859787780713174854e+00
-3.149616459110831990e+00,-1.409055464957319259e+00,4.826740772847673000e-01
3.991903783533286454e+00,6.283803654436670882e+00,7.839699452607320040e+00
6.336597974306587666e+00,7.320043665766385210e+00,1.109896979657087357e+01
4.209160472484140492e+00,8.621515366451236062e+00,1.300168636166887026e+01
1.147310772127527523e+00,2.643243737919381608e+00,3.288445054411882396e+00
-1.848095558558727980e+00,4.735985303761562903e-01,1.579065726475282094e+00
5.709469475229475677e+00,8.005173433382159587e+00,1.089557783975144645e+01
7.516987955821097245e-02,4.190398841764548798e+00,8.154137183269005718e+00
3.747437598980769557e+00,3.835297951999831589e+00,4.222907707052277360e+00
-2.986135803692787416e+00,1.874890159107555743e+00,3.453356884578913544e+00
9.596337099905660750e-01,5.361118289433933981e+00,6.380130656832207592e+00
-1.647489393489333764e+00,2.626008482648757969e+00,2.948127642994176068e+00
-1.058733184550427975e+00,-2.910121978971504930e-01,3.762402951176116339e+00
-1.932654004985776997e+00,2.458082580314706167e+00,4.951223483186821817e+00
1.615433176831889028e+00,2.579601341214757149e+00,6.161777091318379362e+00
-9.110046033873610005e-01,-3.257046009463744340e-01,3.008035938976327373e+00
8.980441968801544661e-01,4.049420164351060336e+00,6.400902822590420982e+00
-1.622016817940530764e+00,1.471724594733118785e+00,4.824396378157887355e+00
1.180669400120077928e+00,4.025151111766887446e+00,4.472020419721145501e+00
5.913992365098673432e+00,6.256061270859621715e+00,1.118834015526788050e+01
2.647611980659687170e+00,6.742585190476186874e+00,8.649248197896309165e+00
-3.451707357699210554e+00,3.614105431210044017e-01,3.615417529199075330e-01
5.433770083527104333e+00,7.921001834288801113e+00,7.924215423708625750e+00
7.944213714689681183e+00,1.023743585334932860e+01,1.392158468213142086e+01
4.020117536450337425e+00,6.717347927847884925e+00,8.292021178837984507e+00
6.225259363791709077e+00,1.013120047177113037e+01,1.391338249696765850e+01
2.581941929010047154e+00,6.635157094633646224e+00,9.607656569766835020e+00
1.631913944918022885e+00,5.307067196839097889e+00,9.427986828046726941e+00
2.000449706849168230e+00,4.029898009196530850e+00,6.451789676466619383e+00
4.618060153377255617e+00,7.752392261321310762e+00,1.018389411865130967e+01
1.225696972681492580e+00,1.778872189234328438e+00,6.752099705518916473e+00
3.248554854555164795e+00,7.687224797052545355e+00,1.179356408600133754e+01
6.261238847591354961e+00,1.079201069167029381e+01,1.203872551615809172e+01
3.562897926792936598e+00,7.509445006311102233e+00,8.864309791017490170e+00
-3.944025281517440362e+00,4.861835956031459460e-01,1.302609912697296313e+00
5.800178017314552292e-01,5.257310765966456856e+00,7.522896642189899730e+00
7.415418511817053471e+00,9.014858957160278408e+00,1.359218194044746930e+01
1.208282263201528650e+00,5.285754953016180480e+00,8.856879729762891174e+00
6.158298928484410517e+00,8.627357259071422035e+00,1.023416836730293511e+01
1.656579059281499067e+00,2.424660834640532059e+00,7.273720117008892316e+00
-1.468091795523025045e+00,8.561989436231147721e-01,5.159611409605655119e+00
4.599940118541873346e+00,7.020627363112293295e+00,9.805002511643376550e+00
-1.770754747450342226e+00,5.646248038947074832e-01,5.320089277609188372e+00
9.851126531923323881e+00,1.086316223417218474e+01,1.106051723258786978e+01
2.177836142766407690e+00,5.084514987263054842e+00,6.519507372151485569e+00
6.909582206004994731e+00,8.546558211933854565e+00,1.326794738666860418e+01
6.883405594057030896e+00,1.143480928761106341e+01,1.179810145757137718e+01
2.984271636460862354e+00,7.911773271892767134e+00,9.302695721954542307e+00
5.003909617123985853e+00,5.422143578221278126e+00,6.475809385917189687e+00
1.792276569431171751e+00,6.031176168998917397e+00,1.043328173832214745e+01
7.377313010353390155e+00,9.083991239444898724e+00,1.223135846660771264e+01
4.680752483055341528e+00,5.753341496487714757e+00,6.610952164539082965e+00
3.258981149039075653e+00,8.066366171255044293e+00,1.232838181254351539e+01
4.354647422490627307e+00,8.900852339095537857e+00,1.331155180460129728e+01
3.314429658250463540e+00,7.685315721781532439e+00,1.005007246822626499e+01
-9.412724285040439121e-01,2.926602512202298279e+00,5.656718505144274545e+00
9.756072468967206035e+00,1.003503456334480681e+01,1.071179929081583460e+01
9.220531667984689150e+00,1.104236941701296715e+01,1.265819346873580642e+01
3.839063870146386837e+00,6.756278993302888836e+00,8.503343199200097402e+00
8.433115069093716443e+00,1.069416560992133114e+01,1.279163095863044575e+01
6.422530888832688412e+00,8.398995726580368526e+00,1.086930536267864156e+01
6.232615981309859166e-01,4.840504412261111611e+00,7.555547335245226925e+00
4.480126485668987968e+00,8.577446638575171534e+00,9.538037904867008976e+00
2.356610921198158959e+00,5.087761755855743750e+00,8.645702986253972711e+00
9.308874052222632756e+00,1.119025116868107084e+01,1.523917505293309205e+01
9.903354008237641892e+00,1.303149351256713828e+01,1.306210427161748733e+01
1.539963227608006946e+01,1.949853126069341513e+01,2.034930446907895529e+01
1.107736333852592026e+01,1.535117791852520952e+01,1.904245967768888548e+01
1.148214666929784045e+01,1.502868033982370832e+01,1.851008488432425736e+01
5.084104048629467520e+00,6.314714117415948458e+00,1.125937327153582501e+01
9.752596229106341497e+00,1.268057477097215724e+01,1.555841249205272447e+01
9.370358169813002291e+00,1.339106734690760803e+01,1.397900860449928118e+01
6.349242325875900761e+00,1.065163283603014754e+01,1.368239353130970137e+01
7.539257350650827583e+00,7.936077538139057808e+00,1.058703526115309934e+01
9.455862928145410962e+00,1.389134039271946364e+01,1.846181938731222161e+01
4.090056290844096054e+00,7.263671472051083988e+00,9.886757825582311199e+00
9.454660258951337326e+00,1.197846275775960478e+01,1.280629622505023590e+01
1.390252570344274297e+01,1.481096681694275929e+01,1.833264025243931883e+01
1.088319403934048069e+01,1.437759847500745991e+01,1.438585678142641200e+01
1.270563545104272407e+01,1.445271989627779341e+01,1.807234455249159311e+01
1.250053410591811520e+01,1.319676060259283190e+01,1.693002133238301354e+01
9.981075728001297165e+00,1.181610391552922401e+01,1.651548591652422715e+01
8.044513822170339168e+00,1.269915974340397646e+01,1.367322315985956926e+01
2.360690812232209446e+00,6.427728122515786069e+00,8.121822734583421521e+00
9.449581559553044130e+00,1.130087293556464978e+01,1.557919596012751562e+01
1.467021518214732900e+01,1.724594205879433417e+01,2.083792796522914159e+01
1.328458464638258185e+01,1.488283286923405768e+01,1.878333749387527263e+01
1.527469598879214452e+01,1.892804885949840354e+01,2.371072309215546525e+01
1.345001276747083097e+01,1.439334016872292743e+01,1.560072583016808068e+01
1.683475037513247230e+01,2.180613920353669499e+01,2.498560664904031015e+01
1.476546278598212325e+01,1.544007477645404691e+01,1.911986351509804649e+01
1.923546844667082567e+01,2.007514896955500916e+01,2.260702342486888128e+01
1.428840672000828960e+01,1.904575567986190165e+01,2.161715800757770722e+01
1.510977071672656713e+01,1.811269997033084422e+01,2.025380591299499855e+01
1.683352635286098575e+01,2.088379533842866209e+01,2.184449557456807867e+01
1.833624493698204816e+01,2.091529862728593869e+01,2.267364206983215524e+01
1.237635672705798839e+01,1.664179939699598165e+01,1.892434132453043460e+01
1.586168194987270574e+01,1.700119989295785317e+01,2.146589839712074621e+01
1.634273883267692895e+01,1.905805350158439282e+01,2.325117434965879326e+01
2.088903109705529459e+01,2.280376615168931664e+01,2.759511895216418154e+01
1.637991064658896079e+01,1.981105958427215796e+01,2.458655935527914593e+01
2.172027811132679531e+01,2.308336803022030637e+01,2.608469337367620255e+01
1.878426905673198988e+01,1.966844160022399635e+01,1.992456294262116501e+01
1.602426926193476575e+01,1.675982966569046440e+01,2.044655776920091839e+01
1.045733475580549054e+01,1.478231009054726997e+01,1.509465534554630572e+01
1.929338628458884841e+01,2.110099998169818036e+01,2.372010727239990047e+01
1.550622478370821078e+01,1.778769744181267143e+01,1.809986291287895455e+01
2.045463592588043511e+01,2.184367185599749561e+01,2.413119199961233008e+01
2.029244219948286698e+01,2.043055089812184377e+01,2.324041311795824427e+01
1.501793249046228418e+01,1.870203527322002302e+01,1.972278553570478010e+01
1.504355039433300689e+01,1.744541678543794561e+01,1.960350362998228846e+01
1.736097280265983045e+01,1.901084081097263834e+01,2.256171845609507187e+01
1.358884047855880084e+01,1.740708508902967466e+01,1.870219407426863256e+01
1.307623007671324089e+01,1.802555687174257315e+01,2.041353988826151422e+01
8.598839646342915088e+00,1.341083083852983115e+01,1.384829471332134965e+01
1.034228885779654306e+01,1.452545735875372479e+01,1.743116646344397225e+01
1.711851486419388024e+01,2.189662396643197084e+01,2.513822904468139896e+01
2.431415398807820694e+01,2.774371027006435497e+01,3.095624526217146055e+01
2.175870029512900317e+01,2.259051926465130578e+01,2.563978076329485134e+01
2.065393772179708520e+01,2.267591683366883970e+01,2.628973107684880262e+01
2.410221859489900353e+01,2.580966243310853159e+01,2.956473315806617208e+01
1.821009306241774439e+01,2.300852139795873796e+01,2.360042702291143613e+01
2.044486067899902437e+01,2.312043367655270032e+01,2.637018800197115809e+01
1.670547840514650062e+01,1.875615600520438875e+01,2.279910727438274520e+01
1.858235073165610984e+01,2.299104376714092979e+01,2.567506803841373397e+01
1.922329010113939773e+01,2.147190829571467674e+01,2.514043209736733786e+01
2.243234188824805031e+01,2.302971889421996110e+01,2.604412004788201429e+01
2.082703658144098213e+01,2.206639791985395149e+01,2.683976005185322578e+01
1.932915661681722952e+01,2.226319879989523187e+01,2.669564056828413712e+01
2.191259532278655442e+01,2.336086119559608321e+01,2.593847153615450907e+01
2.354482632921280327e+01,2.464596183379001815e+01,2.854819507392857147e+01
1.908757517936393100e+01,2.146520144383141115e+01,2.217791101052650049e+01
2.281607093634699623e+01,2.368914755690628127e+01,2.757665331308505330e+01
2.393081794407016361e+01,2.437434719560897278e+01,2.676867208494692463e+01
2.400494756563443488e+01,2.531155202659961390e+01,2.993363922589619008e+01
2.735621583933149026e+01,2.852479609611327405e+01,2.936515847773842935e+01
2.609250630832966422e+01,2.834708157864411504e+01,3.170991824293199457e+01
2.517732724899585506e+01,2.862648525619997031e+01,3.185582666016198772e+01
2.616827787134435113e+01,2.776808543229067539e+01,2.789853972369647650e+01
3.080914178292033867e+01,3.409774548049898613e+01,3.860097722836822953e+01
2.471890173164381110e+01,2.630715434939903830e+01,2.706537607167524939e+01
2.145519322472593160e+01,2.296090417082948321e+01,2.573786256615210277e+01
2.775393149358178135e+01,3.159296821312856096e+01,3.499598485969205086e+01
2.394938911481581556e+01,2.677326300233690404e+01,3.116055814575183547e+01
2.769711657068509680e+01,3.153900431946491878e+01,3.253952547589640432e+01
2.241647268734682186e+01,2.608832850667274883e+01,2.739095007254161374e+01
2.653710633061271551e+01,3.146945416976423715e+01,3.288262661355081917e+01
3.378545843641349933e+01,3.413589701045340519e+01,3.731164445137065400e+01
1.957822673563294202e+01,2.270677206342876175e+01,2.650553024340765518e+01
2.050259774381124345e+01,2.454411826893590742e+01,2.941097439927898805e+01
2.575127073724598503e+01,2.956794444518705234e+01,3.383651967547626072e+01
2.562022099731834146e+01,3.030345383282175931e+01,3.159187593923135040e+01
2.697282582254490535e+01,2.790322868325437256e+01,3.065183612795092927e+01
2.637307941708828096e+01,2.818534408655423462e+01,2.838950425017585033e+01
2.134455900516113047e+01,2.542656317805357347e+01,2.654842352372752501e+01
2.931510434160826151e+01,3.156909828592859668e+01,3.543293639900395675e+01
2.878339281543253847e+01,3.169227609145067248e+01,3.659000999191590608e+01
2.592418458481283494e+01,3.011085109143989769e+01,3.429036917693008490e+01
2.009425927684001323e+01,2.407927915717220912e+01,2.782322694607630353e+01
2.605936353891208057e+01,2.897175634409071421e+01,3.284131983495363016e+01
2.497760350467473600e+01,2.800886546775263852e+01,3.016262649315407884e+01
2.561309859998141292e+01,2.824824225515759935e+01,3.096741898842475749e+01
1.889149086522031240e+01,2.381679529491765024e+01,2.624524188126233426e+01
2.312453064925157520e+01,2.696760538830170972e+01,2.994157934390538145e+01
2.685943759168022638e+01,2.921888404711866016e+01,3.363938314718672729e+01
2.596313963709429729e+01,2.926378827748973066e+01,3.348129750926069903e+01
2.410470802180897110e+01,2.867551162917065000e+01,3.217123472330249001e+01
2.631234192592086529e+01,2.731196182532550054e+01,3.159084683546411298e+01
2.895764515685557328e+01,2.943242083952475596e+01,3.004262487496623990e+01
2.411126320813369261e+01,2.627237412100505765e+01,2.652808083976008646e+01
3.023289351799622438e+01,3.047475663123174883e+01,3.543526535686607559e+01
2.727921558919468481e+01,3.079776693561931822e+01,3.469193178563500624e+01
2.250847216903982329e+01,2.684151392259368762e+01,2.703527633629373739e+01
2.983737110005655069e+01,3.196719289190953361e+01,3.623216690982937394e+01
2.335320426645792935e+01,2.712571883829582831e+01,2.773805084771372975e+01
2.532927546617402825e+01,3.002178828456244020e+01,3.419523264567307308e+01
2.992459802170487393e+01,3.192172300911441596e+01,3.659762306455904479e+01
2.532184103579758627e+01,2.936159272775767448e+01,3.007225510934724610e+01
2.602011908978949961e+01,2.791043334795866571e+01,2.984307266331430242e+01
2.487933752523528597e+01,2.956004587530569339e+01,3.189018318326608181e+01
2.917955480271080404e+01,3.172554498164465286e+01,3.253960527883052833e+01
2.940010490629183337e+01,3.072708246509558805e+01,3.212902916436593159e+01
2.403043190958131348e+01,2.823524689053596148e+01,3.023507636873277349e+01
2.656056457492420009e+01,2.840422467398082063e+01,3.119540378754797061e+01
2.825587846400804182e+01,2.953699328545564740e+01,2.975688448291660748e+01
2.952147218632224934e+01,3.225615570225838269e+01,3.414085166283579298e+01
2.837545746625567489e+01,3.070303978259391897e+01,3.401245237872461047e+01
2.469493330735621939e+01,2.905002179991604905e+01,3.067634312565621002e+01
2.419894016836530071e+01,2.859638542082436530e+01,3.176806008718662255e+01
2.090206901774364567e+01,2.559790813665670228e+01,2.838288011674525535e+01
3.257867460931343118e+01,3.635272501959085645e+01,3.654446279539016729e+01
2.836936444346797259e+01,2.865912880448260225e+01,2.909096324301484415e+01
2.325649093802938694e+01,2.759210622362129683e+01,2.843847884039142571e+01
3.252893438829675432e+01,3.350308364312870424e+01,3.381554504569395192e+01
2.383492459235947436e+01,2.815743834202813289e+01,2.858973464112020579e+01
2.700375886719323759e+01,3.039758340519096436e+01,3.218515890808667734e+01
2.762523031185414979e+01,2.907474873023344486e+01,3.317809858078069141e+01
2.678270715783041211e+01,2.857856905128506853e+01,2.871607391330658388e+01
2.988465065478994376e+01,3.090196126583751024e+01,3.302413241431030855e+01
2.994971306329134109e+01,3.049001045739064608e+01,3.101709835533234028e+01
2.527321656270077455e+01,2.631824519578604082e+01,2.902010472857231349e+01
2.496746290679652347e+01,2.850977688700751145e+01,3.181823179407911084e+01
3.115613697318475772e+01,3.117673480507437489e+01,3.341651277029318123e+01
2.837108797915223235e+01,3.055789136739641521e+01,3.167869179781401456e+01
2.551529090044595094e+01,2.849319459918221398e+01,2.978183093770254075e+01
2.120719501412897046e+01,2.615332131259594206e+01,2.962641492849571989e+01
2.816652133660510771e+01,3.275106070659372648e+01,3.304565001462128748e+01
2.908100672748707893e+01,3.098511017938705336e+01,3.139935434612311838e+01
3.338978690312524833e+01,3.655261685809516337e+01,3.729488396893579250e+01
2.745977950210599161e+01,2.888721243414931905e+01,3.141986202060759226e+01
2.568442225215022745e+01,3.042441983339923794e+01,3.512767352185642267e+01
2.699536032132962760e+01,2.942337517373313460e+01,3.136975567068921933e+01
2.233465399440427390e+01,2.402424866854991592e+01,2.882164799461995841e+01
2.544132989426314495e+01,2.916463826843444451e+01,3.194904739594341692e+01
2.222647629062060304e+01,2.268884226288065520e+01,2.343259785627193637e+01
2.143856976168352091e+01,2.571962547951893185e+01,3.053192824530331961e+01
2.484208920050233260e+01,2.889011318854962340e+01,3.103943535957630218e+01
2.662578799536021990e+01,2.783337856570822666e+01,2.850949554734038216e+01
1.846524182692914451e+01,1.921574978133200773e+01,2.104962802031741731e+01
2.456339204507435880e+01,2.828458012272573185e+01,3.187964860027989289e+01
2.188517902891999611e+01,2.410503640245793022e+01,2.598317390208410416e+01
2.752006759286238946e+01,2.948353110968678692e+01,3.349278170846420721e+01
2.636061105102124813e+01,2.705990642225784626e+01,2.773738385966179720e+01
3.026995609404255916e+01,3.079384313029520825e+01,3.536662342840185147e+01
2.196580715645355397e+01,2.228591120586511565e+01,2.569990334225681750e+01
1.902648389299391596e+01,2.142874435779757647e+01,2.205513404534384492e+01
2.792634548480229384e+01,3.012432223899090644e+01,3.156567469093968015e+01
2.826247430295490659e+01,3.053252460211821173e+01,3.501290318950759684e+01
3.315523248775341614e+01,3.413197406779947585e+01,3.559732275700165616e+01
2.320241958251490288e+01,2.731474560236425830e+01,3.037821226947368913e+01
2.615846736583084464e+01,2.702916886274473285e+01,3.167306840978780968e+01
2.459512286778128853e+01,2.703534286276722653e+01,3.176404569383156939e+01
2.810587720500069508e+01,2.819701847085686097e+01,3.028404815832124797e+01
2.371526492780014550e+01,2.587405733818573239e+01,2.744357438790841641e+01
1.859578749278033172e+01,1.990656640705633151e+01,2.095509584787907542e+01
2.126455727686526487e+01,2.426503749241723185e+01,2.897095177642504638e+01
2.023105470036602327e+01,2.392341347272983754e+01,2.528766065865955071e+01
2.059196210955938966e+01,2.343138822942287902e+01,2.688563508502706156e+01
2.477058029787069415e+01,2.727998104068422691e+01,3.024067901276049497e+01
2.722268815981971457e+01,3.015037666589993393e+01,3.364385781460808289e+01
2.223427962228525345e+01,2.441057555630402476e+01,2.803626068607259114e+01
1.673849135837615876e+01,2.114188570638671294e+01,2.255957247326624682e+01
2.181563093590591507e+01,2.334089168797099489e+01,2.521717662660155312e+01
1.974077613466378622e+01,2.075098128499005057e+01,2.557981379850075143e+01
2.122799205366430542e+01,2.368099634634822337e+01,2.521643198642962602e+01
1.583325797643349908e+01,1.882721048484383886e+01,2.269693558372962983e+01
2.064200202268793660e+01,2.227608755064892421e+01,2.315773965505155729e+01
2.083355707777079857e+01,2.559435383190540136e+01,3.056893608809353680e+01
2.176322440152443249e+01,2.315163284768252794e+01,2.556134795622322287e+01
2.424767274245762039e+01,2.438538360324877630e+01,2.845274624485118053e+01
2.411022542394494650e+01,2.430100487843506940e+01,2.814364215756069143e+01
1.821203487604178761e+01,1.959871565654349723e+01,2.427461417678532740e+01
2.094479187745190885e+01,2.219232073836159103e+01,2.718785632345672099e+01
2.482519867900099442e+01,2.551429264290709753e+01,3.000500163191037117e+01
2.193059788458026205e+01,2.274168360242249065e+01,2.686968017800346331e+01
2.140234569038993939e+01,2.286979756543200892e+01,2.509385019845792186e+01
1.818007259679360033e+01,2.079297055222061630e+01,2.529779459643292228e+01
1.786108244294308633e+01,1.870496282259634313e+01,2.343558273912989165e+01
1.969342545615291584e+01,2.076428160739994411e+01,2.403342321892699474e+01
1.820425240617942464e+01,2.175469797251793835e+01,2.587146972391948907e+01
1.580278256888372468e+01,2.069130113916996550e+01,2.099011501477207631e+01
1.612993643589438264e+01,2.003188471180298791e+01,2.193414194421515262e+01
1.650479979255752383e+01,2.001808745549947943e+01,2.140091563223184679e+01
1.738919561315836759e+01,2.210922448595913536e+01,2.585963340775569108e+01
1.731073311133627612e+01,1.936901551091850493e+01,2.419485139242452476e+01
1.302991774291962912e+01,1.695732919117018866e+01,2.053459867354354174e+01
1.380673569124930289e+01,1.794244665376920622e+01,2.119227211008008993e+01
1.995403502371014781e+01,2.232747486469028786e+01,2.375589076559987589e+01
1.911694081300410275e+01,1.964350717044553818e+01,2.168061561438229390e+01
1.320942481907702160e+01,1.556420186663727279e+01,2.028208966599716945e+01
1.664469865005939653e+01,1.974506980146001212e+01,1.999510899440031864e+01
1.597403607637501999e+01,1.609123411351330901e+01,2.030051744516100598e+01
1.545097881112702609e+01,1.841265366724923069e+01,2.122866549332926667e+01
1.930439609539931567e+01,2.108849699137039835e+01,2.467877096127879000e+01
1.139733439226095513e+01,1.556280286284787806e+01,2.004651240518781208e+01
1.213033611014428814e+01,1.435026115481896802e+01,1.476665405104942685e+01
1.433621667372651842e+01,1.867594822158724810e+01,2.209090759934848691e+01
1.322648534522141617e+01,1.680838998211399016e+01,2.152675469424428911e+01
1.620867560912146033e+01,1.735668709843672275e+01,2.140712447687510434e+01
1.792024142911847306e+01,2.008235870121926325e+01,2.477361024399639788e+01
1.294329343580793790e+01,1.458042829881365776e+01,1.746348332705262862e+01
1.382907897814510889e+01,1.715252479868554758e+01,1.735485618147614417e+01
1.347352712864072544e+01,1.669303246991949763e+01,2.016036192762991419e+01
7.765199599048663082e+00,1.190787137188836731e+01,1.354359511972913310e+01
1.402651415806328750e+01,1.762426019018343837e+01,2.173036639157362515e+01
1.268839116047928783e+01,1.678972988211966566e+01,1.798875271186536651e+01
9.880979742170151070e+00,1.465484670690814895e+01,1.829395237243812389e+01
1.442057831276698820e+01,1.788420600092124602e+01,2.194300770650977128e+01
5.282646844046261947e+00,9.207100365776781814e+00,1.026473596656470377e+01
1.005558076225389819e+01,1.308241711801730744e+01,1.716455616637378512e+01
1.297142618733670894e+01,1.632611703185450480e+01,1.922477337269606323e+01
1.085951387967155846e+01,1.223239428703037568e+01,1.612369103555969119e+01
1.079936387766067440e+01,1.106861412135176792e+01,1.450764380901919282e+01
1.096378619334582005e+01,1.481653339409058745e+01,1.945086613767120909e+01
7.021465297765030478e+00,1.071489574441552861e+01,1.333620839612643394e+01
1.415750673325921483e+01,1.514053709116495483e+01,1.713259370118124636e+01
1.536503291120731163e+01,1.583858213919969948e+01,1.804548540109149712e+01
1.154463127485630025e+01,1.228459598532064234e+01,1.304783908308872498e+01
1.118176390316829938e+01,1.216188276158449000e+01,1.566221093651832064e+01
9.220604726229174375e+00,1.069901737494903493e+01,1.409954830582801932e+01
8.187219462179749385e+00,1.214814120660874686e+01,1.692264739644783589e+01
1.045145193535425321e+01,1.087145506278983120e+01,1.096317533267928113e+01
1.354991687492736041e+01,1.567789162511072831e+01,1.643812153595536429e+01
1.450673949506887617e+01,1.568090622174249660e+01,2.050924768688829403e+01
6.131255352773383294e+00,1.112195685177594129e+01,1.604754929607858571e+01
9.380519171601758188e+00,1.392889231901873970e+01,1.883425009871014311e+01
1.162851954381970820e+01,1.254413348474024303e+01,1.269713277378370009e+01
6.537788672513112687e+00,8.232603369612721878e+00,1.108107371850139344e+01
4.997116584624978763e+00,7.295664537116836712e+00,1.224815378521579845e+01
8.332219012357004573e+00,9.338947027537532364e+00,1.037292034933607354e+01
3.681355459745313752e+00,7.762932954199149194e+00,9.858949177203648162e+00
8.771846685723748038e+00,1.103726713697935224e+01,1.442360004250993022e+01
7.169225303554751072e+00,1.146597436165755646e+01,1.646540034774642081e+01
2.736357865722355065e+00,7.667006971584688912e+00,1.192581692701957863e+01
1.142693886869372122e+01,1.221061011481825886e+01,1.294145042290554137e+01
1.073396758389694661e+01,1.437087144478031320e+01,1.718881579538694737e+01
3.743429259594921454e+00,7.824696193759598906e+00,8.686775768324702440e+00
5.649935725342553283e+00,1.033228839549416556e+01,1.043168607445826801e+01
9.500101578904200039e+00,1.046645630718406395e+01,1.291449469814984496e+01
4.034740954670433588e+00,8.843298616904275988e+00,1.310551854396238269e+01
1.001011588115363438e+01,1.345805564922254050e+01,1.740554660251719099e+01
9.015031731870241316e+00,1.061358189207392932e+01,1.404912600204100315e+01
6.219255958035158294e+00,1.049930293139337856e+01,1.384551186675667012e+01
2.707248703993936800e+00,6.946841056371143353e+00,1.071693777349265986e+01
9.006859508097392109e+00,1.079611486018086808e+01,1.418099629853031729e+01
4.572894776967218355e+00,7.022587662272391285e+00,1.151886513030908077e+01
9.001994762421896112e+00,9.755576613829260779e+00,1.443664904880676936e+01
5.796877515381573254e-01,2.752150675758447740e+00,5.032400232427553632e+00
5.447206129583278766e+00,9.430889935073313524e+00,1.109893198380471269e+01
8.604003199648914801e+00,9.279846647052766073e+00,1.346814404502337226e+01
4.923841907288959874e+00,8.005937734442163389e+00,1.271800161891934700e+01
-4.217179246827524430e+00,1.404195715928242549e-01,5.883337058728278501e-01
5.749306423529562338e+00,9.626517171847924104e+00,1.112600800607708251e+01
7.320528934912493568e+00,1.028286863013588359e+01,1.217710873486917400e+01
-1.031659099692803672e+00,3.060383121034671028e+00,7.505716211081004730e+00
7.158576704363399656e+00,9.391190443186324899e+00,1.066129427409182107e+01
1.289006320652608784e+00,3.095221692835520955e+00,4.325348913132637918e+00
9.706396420472662712e-01,4.463409354158646813e+00,5.726164439104131532e+00
1.068257328719376176e+00,5.549800656409361821e+00,6.638332174539355535e+00
8.792933274583319303e+00,9.012700359450306564e+00,1.336661757503490122e+01
5.864930695416903816e+00,7.714872432905042210e+00,8.815439352231207337e+00
2.610636535475463482e+00,5.741771903497668639e+00,1.009659339727391725e+01
3.147447103807344160e+00,5.083637677924211395e+00,5.902483910920945043e+00
3.471503044348963840e+00,6.960921390678531218e+00,9.567347334995719876e+00
2.954581307308455251e+00,5.947343634993970340e+00,8.705334821672913392e+00
7.106112779193996865e+00,8.443421977017541380e+00,1.291276220873151459e+01
-4.665927932505646858e-01,2.809748106864500716e+00,5.614416808529052005e+00
9.302646482622551005e+00,1.099760256369573064e+01,1.304450930398224884e+01
5.183951879709228550e+00,7.948770679350863233e+00,1.012866328931109017e+01
-3.663107896302525202e+00,-5.306643213124537795e-01,3.866358316965081698e+00
1.541450854027933026e+00,5.613651320589683635e+00,6.798899807391816097e+00
-4.846330672464878031e-01,1.412704432773084662e+00,6.240414846481620259e+00
3.198458385924550562e+00,4.671006023359818293e+00,5.581683965867193287e+00
-4.302770096798394839e+00,-2.124814677737911772e+00,2.410863196756748650e+00
-2.406597396442937242e+00,7.429039097003276026e-01,4.198508953510530439e+00
3.343733658245767071e+00,4.613536415660610679e+00,5.358182630573715244e+00
-1.715108249233650906e+00,3.241747672280787196e+00,4.689933679072721517e+00
4.265128827404298661e+00,7.824920156980954111e+00,1.122670929586545085e+01
2.818825922004685847e+00,3.443861092237425314e+00,6.379380210148503316e+00
5.442390381364034191e+00,5.991608285722470839e+00,7.976789729535553874e+00
5.696174865310550395e+00,8.333289589129405428e+00,1.224081329575758836e+01
-6.480731440247600172e-02,4.462476039028082653e-01,5.114817548236192835e+00
7.944852479907618115e-01,1.205330807586929787e+00,2.926820814284391226e+00
2.051638071412691389e-01,2.555947080031621965e+00,4.296384799536314247e+00
3.821275798618128494e+00,4.270045914381205954e+00,6.800047552319225197e+00
5.297545125634261609e+00,6.544548917624320339e+00,9.884308354714605116e+00
-4.524917677263583293e+00,1.662245896214029628e-01,3.350273859420888733e+00
7.044003085393890640e-02,7.349385524396696567e-01,2.837981391602661496e+00
3.982558967178341902e+00,4.622497643502917697e+00,6.892695746315689931e+00
-4.681719389403801834e+00,5.385503564167226642e-02,1.567188998609678752e+00
2.010974252759627490e+00,2.375509077653744416e+00,4.672390425600424280e+00
-2.255901233887182222e+00,2.121813234200365272e+00,2.807848465337714039e+00
-3.496166774774520647e-01,3.342815037664485178e+00,5.402181850670642049e+00
6.886918219422847542e+00,9.140341406644648004e+00,1.296503896358017549e+01
-2.442696807477200416e+00,2.424483923097669802e+00,3.866350404498545057e+00
-4.249549669181482692e-01,1.592994024463354474e+00,1.888965970010791917e+00
9.772522893539861144e-01,2.736726141970837300e+00,3.931352405968134178e+00
-1.304206294879116435e+00,2.437691889700014602e+00,5.894148601395057696e+00
4.853929312729228229e+00,6.501900888128330003e+00,9.668989022319468774e+00
1.835763044540101419e+00,5.970874251877763328e+00,1.019361492559004745e+01
-1.307183193504571239e+00,2.650356949125408423e+00,4.422265876133374185e+00
1.893450846759651363e+00,4.297559353589896602e+00,7.538419778207689603e+00
8.652161886159364101e-01,2.749509329163862592e+00,6.071781942492307849e+00
1.420832062018456021e+00,5.317909879871348444e+00,5.792902463220857001e+00
6.136974949642237220e+00,8.138313270251220644e+00,1.123858437296651047e+01
6.033294025887615319e+00,8.087851697227522507e+00,1.107697084303074675e+01
3.512352549956843983e+00,6.300656871500590839e+00,1.075816024248521430e+01
6.723161699641031497e-01,3.334492728154171193e+00,7.608333739854458599e+00
2.462192013969701332e+00,3.003316491475633399e+00,6.017079858603267439e+00
-1.256203838031610953e+00,9.569043757490769408e-01,4.926955517835668097e+00
2.507394907684052932e+00,4.967453522444245095e+00,8.786097970642533284e+00
1.918758906790004382e+00,3.323575874730654078e+00,6.458542864268445705e+00
8.244720611361270102e+00,8.412469745050936254e+00,9.143655113138747126e+00
-2.434791621956510443e+00,1.332321155057783812e+00,1.418061166709887910e+00
7.834588688863480144e+00,7.850433107232881014e+00,1.256191312643893987e+01
7.879358892928848279e-01,1.400681071029970859e+00,2.600428020395089579e+00
1.635938154645633302e+00,2.736949828234537474e+00,5.229671738067837694e+00
-1.280104410727808784e+00,3.596741884812028722e+00,3.961421315218595751e+00
-9.571950309345576002e-01,3.433721944415182747e+00,6.317412642664040234e+00
6.024962941710695574e+00,9.388588818274287817e+00,1.329777938393608316e+01
1.685542924973099765e+00,6.032190462215199389e+00,1.037205895918252274e+01
6.137136169242268124e+00,9.820359217887308034e+00,1.161856411782522791e+01
2.590922596746599638e+00,6.637203960644615819e+00,8.250040687071921397e+00
9.543400381539086652e-01,4.196534705680798893e+00,6.620833191474034152e+00
-1.997017276541336095e+00,2.500922133224738886e+00,2.705095093739748435e+00
3.815630516190787525e+00,5.708007280012094675e+00,5.716702873269259300e+00
3.550298668251751000e+00,5.078291657571959661e+00,5.289551511385596427e+00
7.904833903628908587e+00,8.568057159529328004e+00,9.690105281231172540e+00
8.878700315640237761e+00,1.019709958992637233e+01,1.058533518433353393e+01
6.947631813435055648e+00,1.154125785195391707e+01,1.241489902040065552e+01
8.123696281403624653e+00,8.892460138438968542e+00,1.177704584597245940e+01
2.151727770616536972e+00,4.762662104961494336e+00,7.596757545903377817e+00
8.907020417291487746e+00,9.818955725016978775e+00,1.234214269528764341e+01
9.986389171467443759e+00,1.000128219589535306e+01,1.220164784774579658e+01
2.291797764023643769e+00,5.603500096139154785e+00,7.218511271373236227e+00
8.852463056732753799e+00,8.872747629400686620e+00,1.228735372584406882e+01
5.544400773332879950e+00,6.794390051290059240e+00,9.596328284174138190e+00
5.018665391522947772e+00,5.954578149875461968e+00,7.782622577950000675e+00
8.143617968397514062e+00,1.159588762733347522e+01,1.509815735417019766e+01
7.842935542661328086e+00,9.240018754461182482e+00,1.397612229289170216e+01
8.681733986140509174e+00,1.205414143460073717e+01,1.521480672690053026e+01
4.225459920440759021e+00,8.722597349815398360e+00,1.014671068901752093e+01
7.155417339223843598e+00,7.535220761932315270e+00,1.052732572019513668e+01
3.046272732425914231e+00,3.884905418181148207e+00,5.352513052991545450e+00
1.317182835609979463e+01,1.486473325720697858e+01,1.970384988782460312e+01
8.980679987050519841e+00,1.316596718357556028e+01,1.606825863312853286e+01
3.480786398026198825e+00,7.542472557438168579e+00,9.931983230717550626e+00
1.549761374481652298e+00,3.443765415522348938e+00,3.584917901610877422e+00
9.261395562801242320e+00,1.360093765713097724e+01,1.669023950510661791e+01
1.061382902187583532e+01,1.164578019074557957e+01,1.613171271447205513e+01
1.196474555995490796e+01,1.331178549394431343e+01,1.695545935818433136e+01
1.185186709923766735e+00,5.021196225426050930e+00,9.042630885009906194e+00
3.470624689768380122e+00,7.391011665656397334e+00,1.099832673752933232e+01
8.821588435308399312e+00,1.173470868923565646e+01,1.429100145748730100e+01
9.133222171645634546e+00,9.596832734323857750e+00,9.694881842946495354e+00
9.699037319635312571e+00,1.028785873026477482e+01,1.373276113255869646e+01
5.825044831118418642e+00,5.990285326726868753e+00,8.403331918210586338e+00
9.898585769370075838e+00,1.087942680497078030e+01,1.172656453532839826e+01
1.155433364517013217e+01,1.300527086823789702e+01,1.600225886529299402e+01
1.272434340305992251e+01,1.459951308266346004e+01,1.635822327460981640e+01
1.288272397024178062e+01,1.399095796707625539e+01,1.635809784374772136e+01
7.768470351272855012e+00,1.169028845863928900e+01,1.359856782835357336e+01
1.489145629867535980e+01,1.559031492317306267e+01,1.845276858419145682e+01
8.086872688440553958e+00,1.215781859379111296e+01,1.505344120361680282e+01
1.910634199965748792e+01,1.932287345402330914e+01,2.191833576305388220e+01
1.381293410750584627e+01,1.487714425421267350e+01,1.732825163699174098e+01
1.223430103507679867e+01,1.386365828987473137e+01,1.493225022226919840e+01
1.281367453600095629e+01,1.432485565567270669e+01,1.487936555438153619e+01
8.379332285495566524e+00,1.185873748298345731e+01,1.299438935837368447e+01
1.637505673746833068e+01,1.696148150140474442e+01,2.091557914768580062e+01
1.246204027165835981e+01,1.256976637983646583e+01,1.511622842800514199e+01
1.624841616482666851e+01,1.827135044302144706e+01,1.949283319569754980e+01
1.395096380284413939e+01,1.593617990392344907e+01,1.706706151952231210e+01
1.247546222209671996e+01,1.309417406934914752e+01,1.523931250190325670e+01
1.252729947087951068e+01,1.697721559591207097e+01,1.993083584244823214e+01
1.118173933955385912e+01,1.397799274950245874e+01,1.733419217259374534e+01
1.166271758965321581e+01,1.391228438488728081e+01,1.816555053819557841e+01
1.532321516924579896e+01,1.694630845803129660e+01,1.858680561997210390e+01
1.634170568395450118e+01,1.752306708801363655e+01,1.795703828772869670e+01
1.384662837388222556e+01,1.547081186710756384e+01,1.962704870159168635e+01
1.170545365277673433e+01,1.562031348515018081e+01,2.017745425743290255e+01
1.316997335617930176e+01,1.610297506821849822e+01,1.715661690856815724e+01
1.782816182074126488e+01,1.921744548811298969e+01,2.032591381612498438e+01
1.936535328970686010e+01,1.964512218245166153e+01,2.212959004750032221e+01
1.599468875993602879e+01,1.957801203578831561e+01,2.322692677485139257e+01
1.231650457842419399e+01,1.616940406370537531e+01,1.671462123378885067e+01
2.270812148119895113e+01,2.473051378875306838e+01,2.805549538858404190e+01
1.100938537816447038e+01,1.177209139193099219e+01,1.430729484161333076e+01
1.429644669101531385e+01,1.599482754594234990e+01,1.859070794784513225e+01
1.585156806839187382e+01,2.050421215403321185e+01,2.351019566439553188e+01
2.052321453322782574e+01,2.375868057252527521e+01,2.394369778910214563e+01
1.761200836838367678e+01,2.037895241494706511e+01,2.107039702857341368e+01
1.502959640621103610e+01,1.866324954107461664e+01,2.200752405980991355e+01
2.257275436919379530e+01,2.336596394313286496e+01,2.506730991092285166e+01
1.541603714781563284e+01,1.855943583505454342e+01,2.028339780392664338e+01
1.674436909158791664e+01,1.780325725541063520e+01,1.873446008936102203e+01
2.046745559362206279e+01,2.286952336546505293e+01,2.468388041017169598e+01
2.338865538627954521e+01,2.503440940773251100e+01,2.990632493307101925e+01
1.356625702538452316e+01,1.614870698583201403e+01,1.876975477594763930e+01
2.197028717508113260e+01,2.604348251957823024e+01,2.860040729371502266e+01
2.381016003975155826e+01,2.400018955909387941e+01,2.789171573935295001e+01
2.031270317076246101e+01,2.395616409515042733e+01,2.595926872636672300e+01
2.396438986169355445e+01,2.427706043053181872e+01,2.501778944667953297e+01
1.924589529697057344e+01,2.384039497751049197e+01,2.699970355247839393e+01
1.943614976573827491e+01,2.344310040560004538e+01,2.437685251953429244e+01
1.898997063409282049e+01,2.154881807785545789e+01,2.422232604665662237e+01
1.690425463702267805e+01,1.870795576537583216e+01,2.103096580091381185e+01
1.716461657022671972e+01,1.996573116109505719e+01,2.028045007607063965e+01
2.068439671986807582e+01,2.368792603374325978e+01,2.394969193006479102e+01
1.896235459320394412e+01,2.334082663646636391e+01,2.550909837646538847e+01
1.851862819308288266e+01,2.095201757646311336e+01,2.236578346413594431e+01
1.676594485406524626e+01,2.163046879675746226e+01,2.324707608713731233e+01
2.145949249179567531e+01,2.349150626730254743e+01,2.606704536427475460e+01
1.833656704510114821e+01,2.185810131698274361e+01,2.347830901349695409e+01
1.691613568927551725e+01,2.175416264801111765e+01,2.390978914695964619e+01
2.532765701040372974e+01,2.661005303213700302e+01,2.823333323764052594e+01
1.726056004370270003e+01,2.126913707239510387e+01,2.374897122700632934e+01
2.223858585550776468e+01,2.442141940802505218e+01,2.455849421067824068e+01
2.189422911008586325e+01,2.619198191957567445e+01,2.943514870639463865e+01
2.040947411380429344e+01,2.511556064944550926e+01,2.551873017642649444e+01
2.001187408505200338e+01,2.390401191560679450e+01,2.746149854859613626e+01
2.729936917189256462e+01,2.995142411822266482e+01,3.085436076880250766e+01
2.772030053120183979e+01,2.798400022698867673e+01,2.992825936973553169e+01
2.716037575980850605e+01,3.108135299769224247e+01,3.289242554061304702e+01
2.017847142673042526e+01,2.423473470301168575e+01,2.886173554014716558e+01
2.446092603645283958e+01,2.635071458981644099e+01,2.853479915270868972e+01
2.780943531591583806e+01,2.902955326715925111e+01,3.083684619706247787e+01
2.988598342368128868e+01,3.199193144906234210e+01,3.656837328751235816e+01
2.820842598094274578e+01,2.936362432721795201e+01,3.324809248132088868e+01
2.345948740474123184e+01,2.529119131993259728e+01,2.529602915004971564e+01
2.310544392329362040e+01,2.670590867387983636e+01,2.844607916078780718e+01
2.502267667834019704e+01,2.669314058210374085e+01,3.152488705264369528e+01
2.654732360937984126e+01,2.723647156526680391e+01,2.914719105759287743e+01
2.156325614696355686e+01,2.611868997965540729e+01,3.043855150663781473e+01
2.383257445162851340e+01,2.763791020712976731e+01,2.821253637388979740e+01
1.544691715346667493e+01,1.826349436099559753e+01,2.200724560556943743e+01
2.180095346267061274e+01,2.445148007737837759e+01,2.563097026126265376e+01
2.584779874483035655e+01,2.970163813316932533e+01,3.257963012721513962e+01
3.224508050208247312e+01,3.370491941688352711e+01,3.809897047019672556e+01
2.821748230196111251e+01,2.844967285524163358e+01,3.135917416965639859e+01
2.383549892780970936e+01,2.668682938581156705e+01,2.920357374588777688e+01
1.955009622538865699e+01,2.446118575196411626e+01,2.616763464526790628e+01
2.389589694493991701e+01,2.577701654598858028e+01,2.843888359630708962e+01
2.381045036563450168e+01,2.801452701943115642e+01,3.046180688078918664e+01
2.551533236899608781e+01,2.919386441209380223e+01,3.353049736776569745e+01
2.433920092694324921e+01,2.617308335584131740e+01,3.086087150517490230e+01
2.514490654592412255e+01,2.837439469543278747e+01,3.330557273786401140e+01
3.009962473937923377e+01,3.013748798258832906e+01,3.249701225994065368e+01
3.141809041054710860e+01,3.152865531365320351e+01,3.347375100862250719e+01
2.545369377597975102e+01,2.934269986770863170e+01,3.215908201663675214e+01
2.478295292745712075e+01,2.748241189432453879e+01,2.858758090812199981e+01
2.048510573471197205e+01,2.452862599872593563e+01,2.852866318893108399e+01
2.715200322252728071e+01,2.802341427216002856e+01,2.822970987314761260e+01
2.677034299107447879e+01,3.148361171756788224e+01,3.516509892680957705e+01
2.822189172443096794e+01,2.969819674703965617e+01,3.051531726610814843e+01
2.770436678342414893e+01,3.059326032537801154e+01,3.500943912072580844e+01
3.067281019557362498e+01,3.161510068334106904e+01,3.213140329403012174e+01
3.279536865460928396e+01,3.300189241652439875e+01,3.476330495761212092e+01
2.904750137046258729e+01,3.107218716570226746e+01,3.587183326855050325e+01
2.917044480575609455e+01,3.060552436167890633e+01,3.430208555548357197e+01
1.764513014137298796e+01,2.172013134765790454e+01,2.385152657012042354e+01
3.017177062168882173e+01,3.114272842454592904e+01,3.370001962294671927e+01
3.236444960752187683e+01,3.505697365845814772e+01,3.875536922227529146e+01
2.432335920301175491e+01,2.536717189352789248e+01,2.911894078632255756e+01
3.120039712554374489e+01,3.266523144252585809e+01,3.313095760826411862e+01
3.133033641504159306e+01,3.294596593202455637e+01,3.362521227177116856e+01
2.564479343714137372e+01,3.049356412368868519e+01,3.428369094104846226e+01
2.324945403192154814e+01,2.503928585187192368e+01,2.715529180915922325e+01
2.352730767391924971e+01,2.533287206447638340e+01,2.674207088732246262e+01
2.518797987338884070e+01,3.013464328364768008e+01,3.084820784931602589e+01
3.337027950413568078e+01,3.424298926655850295e+01,3.519001681978939189e+01
2.071389442690280447e+01,2.461719502360298506e+01,2.741013086948410660e+01
2.816076933894813550e+01,2.876172324012742010e+01,3.021508213259397735e+01
2.930962643397687728e+01,3.182392038709860316e+01,3.604669677815414985e+01
2.753982729762331161e+01,2.843933030863165001e+01,2.883039694583887069e+01
2.432128009420544856e+01,2.888641153794820227e+01,3.122753103994975277e+01
2.897265607297934054e+01,3.394723748689053622e+01,3.450611248320780788e+01
3.000785506678460735e+01,3.147397656612857375e+01,3.235195297959245408e+01
2.675623930131960293e+01,3.096927167853537100e+01,3.150124854841671862e+01
2.199254234837584576e+01,2.581238898728851794e+01,2.823404429037816854e+01
2.324885937443984574e+01,2.755187509783419841e+01,2.805145173794734959e+01
2.915501338646828700e+01,2.988243370789208342e+01,3.415452511299947957e+01
2.677751457242800370e+01,2.934012001657650615e+01,3.089058691240167676e+01
2.881831477953008758e+01,3.032982483717366762e+01,3.232811982299590170e+01
3.116605426182402994e+01,3.365495586174755260e+01,3.392345601851845771e+01
2.905524350956225277e+01,2.929328902936439860e+01,3.190305124805011161e+01
2.927027951410308404e+01,3.074556801363122105e+01,3.357454624343773730e+01
1.538288722852410118e+01,1.955919689253070359e+01,2.099243253955643951e+01
2.437462802974658160e+01,2.756616373555034727e+01,3.026106616255956894e+01
2.946275830569254950e+01,3.075913130898554115e+01,3.392281787741089971e+01
2.239186553561884807e+01,2.714363749428175510e+01,3.114653668969830136e+01
2.573587866305124905e+01,2.603406384900689829e+01,2.711783243500421747e+01
3.359201867897748173e+01,3.531817253721590077e+01,3.949592513841402308e+01
2.778933667203566671e+01,3.089058319213715009e+01,3.411458352323726473e+01
2.425640271536534698e+01,2.702709485117269494e+01,2.810027179863717706e+01
3.133141773104230410e+01,3.196260410253606565e+01,3.295832571716516668e+01
2.467582141258155559e+01,2.725501933044874647e+01,3.089199298691688611e+01
1.947320856765688291e+01,2.431098817851114546e+01,2.927014888868215081e+01
2.634548258549596866e+01,2.666983893164887220e+01,3.160494843674962695e+01
2.407173398139920195e+01,2.587937882463672068e+01,3.085696041831990755e+01
2.269397201853502466e+01,2.621589175043143882e+01,3.020134454401434709e+01
2.044820735662860045e+01,2.472085378039449921e+01,2.554236872642673717e+01
2.566917671891204833e+01,2.782931261039480830e+01,2.914821345067013070e+01
2.931069506619525455e+01,2.985621780914989287e+01,3.082563522198105233e+01
2.673325523207985555e+01,2.708001157987619933e+01,2.900780438218836821e+01
2.576186022891153016e+01,2.685052806885161658e+01,2.913950843047711814e+01
2.654545654789136222e+01,2.868949231591488314e+01,3.171719761437500651e+01
2.176800317081654867e+01,2.656267597631352473e+01,3.133292270907518429e+01
2.453785794243326990e+01,2.893603687904904831e+01,3.030836883335038934e+01
2.207681932280245007e+01,2.650619757893154471e+01,2.681732321029369359e+01
2.652912574229366882e+01,2.978784688622899068e+01,3.303158065086763884e+01
2.591598237285000295e+01,2.646584031169130924e+01,2.935362201344103994e+01
2.339175296362293111e+01,2.405753375516271575e+01,2.885482058644937808e+01
2.680859784160437442e+01,2.915963978751435803e+01,3.320516817687295941e+01
2.846527768683323956e+01,3.092994242755970546e+01,3.187193061775543157e+01
2.325465582231835526e+01,2.383796106455783104e+01,2.555946843069559193e+01
2.360073419301676978e+01,2.829580352086984973e+01,2.849328140478115046e+01
2.093681128728369956e+01,2.262377647685650217e+01,2.519522016466447312e+01
1.752378662778711060e+01,2.008824538764566014e+01,2.118519311887777690e+01
2.602299633060775363e+01,2.802401283046210523e+01,2.832408560448831736e+01
2.295531055751144223e+01,2.686358106185646122e+01,3.152432826432236368e+01
2.333826742035455837e+01,2.590856801378882679e+01,2.967818854318123911e+01
2.230577925204648437e+01,2.535838627038675597e+01,2.683681229941192470e+01
2.368798500351795866e+01,2.765056385296229280e+01,2.994123097521362098e+01
1.797790551091324218e+01,2.262842066194819779e+01,2.565814743767893091e+01
2.745129960221580490e+01,2.911837709979192113e+01,3.353099251754936461e+01
2.342496308226748170e+01,2.651897756421021057e+01,2.846446879145992170e+01
1.705699249607051016e+01,2.062232303264183031e+01,2.491487310583694637e+01
2.103818168600666993e+01,2.115273046523335410e+01,2.263810928768660347e+01
1.988525233199478137e+01,2.099751058318490493e+01,2.260148954635146268e+01
2.128492003852883130e+01,2.546866129535444045e+01,2.756365370517577063e+01
2.290456880548257956e+01,2.460067149711954215e+01,2.749084832633578657e+01
2.023513631336791363e+01,2.151345843600605434e+01,2.479225593091271662e+01
2.303815797086953054e+01,2.320804133337581732e+01,2.495703061678001689e+01
2.348259899253488214e+01,2.590320510585456049e+01,2.854370779805522318e+01
2.492157275044639775e+01,2.523853390352741854e+01,2.938972072278103198e+01
2.088712356421252636e+01,2.282050365700691685e+01,2.506256918161157188e+01
1.973615974162120423e+01,2.450856515157245497e+01,2.806353916571961804e+01
2.365279073577411495e+01,2.716983654662506709e+01,2.996470711588043301e+01
1.905857837458397341e+01,2.382990912934953798e+01,2.877166333373138940e+01
1.565270822562507291e+01,1.741272283588921965e+01,2.036622648185885609e+01
2.158721200217339486e+01,2.167406610242174381e+01,2.553523428961165820e+01
1.846947398005018570e+01,2.284671598527240377e+01,2.565401985998201795e+01
2.373666435641586148e+01,2.459082400630140697e+01,2.665058637897693217e+01
1.637757909930552458e+01,1.955029888171410235e+01,2.390622333627287333e+01
2.070422239038453327e+01,2.385477827094187120e+01,2.748813341492247986e+01
1.710079586097493376e+01,1.963862086147099717e+01,2.226508210744319172e+01
1.716775030985279926e+01,1.821221088835553559e+01,2.045305955517784469e+01
1.414320854398524574e+01,1.645620263450073395e+01,1.673617907739048150e+01
1.305489514750879287e+01,1.723871297364472710e+01,2.035030405851037827e+01
1.985541773885748995e+01,2.018616297148940930e+01,2.474556265246215148e+01
1.652582161762938640e+01,1.946747194780782664e+01,2.146855121260949772e+01
1.698265661425431716e+01,1.782069949829201150e+01,1.934997234629485874e+01
1.704407295400435984e+01,1.915343389622862347e+01,2.215643631715362361e+01
1.666998380557794945e+01,2.128358913894614446e+01,2.136978642220020674e+01
2.334673956494964386e+01,2.504088733666433342e+01,2.639790453947800586e+01
1.392675063508886346e+01,1.800010353392266893e+01,2.021498571437992453e+01
1.993928254701042846e+01,2.331494093181553140e+01,2.664599743233128493e+01
1.797965213906230630e+01,1.818656900715020441e+01,1.971673173291820902e+01
1.126153792418728017e+01,1.579166003663549844e+01,1.946626072571901389e+01
1.742922130655459156e+01,2.200147678414985819e+01,2.496787187855496626e+01
1.205087926017950117e+01,1.537373234494870999e+01,2.005790987424446570e+01
1.268571308799825914e+01,1.675840422885553238e+01,1.831163146061597402e+01
1.272140843074354422e+01,1.573166693762662938e+01,1.597256379504540469e+01
2.097463316370525632e+01,2.547195726560832085e+01,2.988241764807553125e+01
1.328399619949344590e+01,1.461221270240181980e+01,1.581729606223351148e+01
1.017463575463567693e+01,1.357942049172241994e+01,1.358496757207353767e+01
1.835195153553295455e+01,2.039723405258686029e+01,2.189079599835264744e+01
1.431483896439753600e+01,1.462295569289863373e+01,1.612996643709163180e+01
9.769785269319298138e+00,1.144184579220792131e+01,1.555348889893407716e+01
1.429876977171627139e+01,1.837172335945878032e+01,2.271637351131068883e+01
1.156894932014332333e+01,1.218029924749746584e+01,1.315280462699333697e+01
1.316144681362512614e+01,1.396896633592261594e+01,1.702434224430440324e+01
1.562459215141848823e+01,1.700326624287422206e+01,2.104988492942135281e+01
1.075054611821243711e+01,1.546089783230842585e+01,1.556644562108205854e+01
9.774422140910562717e+00,1.211118451115629568e+01,1.698654202692025805e+01
1.087190655511935233e+01,1.365432501005023269e+01,1.762279973172820036e+01
8.667871004394482881e+00,1.134767834370172679e+01,1.507131212959756184e+01
1.644903801763851448e+01,1.725255459563597782e+01,2.058856717027360261e+01
1.044155650354072051e+01,1.449514771857981899e+01,1.816050603738126057e+01
5.593350272194404837e+00,7.148699129265708052e+00,8.818932964995159551e+00
1.034081594103383850e+00,5.914483784340452743e+00,1.052834850233058361e+01
1.204367150324222635e+01,1.462925969201760701e+01,1.809642318327722421e+01
8.915440293817253448e+00,1.296905345063155046e+01,1.591074691394869589e+01
1.464358688737540248e+01,1.501530524383064602e+01,1.739272123734054176e+01
4.108958233946896854e+00,8.330971105719971348e+00,9.955155287130757813e+00
9.410831799156571975e+00,1.192374706358989833e+01,1.295070460095205966e+01
9.368544745075306324e+00,1.348678653961280816e+01,1.449627567992917498e+01
4.412996789392710895e+00,8.123439239772977771e+00,1.131900914639099653e+01
3.802213716832337553e+00,8.479422797911468024e+00,1.143068552309533992e+01
6.583845015496690323e+00,1.005372473725037885e+01,1.502194789943567343e+01
1.582920488099619583e+01,1.746620858194160064e+01,1.867084446637160866e+01
7.742205345323126764e+00,9.467429735936347512e+00,1.293168190546027496e+01
1.040025626573071804e+01,1.277394567744862286e+01,1.589304358079111523e+01
8.571723362805261814e+00,1.342191002218319973e+01,1.611391083498387289e+01
5.930158169940524360e+00,9.247492759932111284e+00,1.004594502004334799e+01
9.148445540574680734e+00,1.076944537303569760e+01,1.482455692744390419e+01
4.037330186933257181e+00,4.045849946268060826e+00,7.099367582809893662e+00
1.178623052377917979e+01,1.560160339533033991e+01,1.724209083841415335e+01
8.396391737628661645e+00,9.878142008803434848e+00,1.094524960643707523e+01
5.160088271760210787e+00,8.962144582089475620e+00,1.387601897076079993e+01
1.627508967682249619e+00,5.147228782915958867e+00,9.014538946294512911e+00
5.612340730525717802e+00,7.193530079606610173e+00,1.072933737210603766e+01
1.319765399171724063e+01,1.632298153027106835e+01,1.703563106006943073e+01
4.944711670139140480e+00,8.228837112282185728e+00,1.290080331853073048e+01
4.253058800881436952e+00,6.757795008761950051e+00,1.112266160451451924e+01
2.323726544323677423e+00,6.819064101360217123e+00,7.217176670043175868e+00
-4.588746420360165779e+00,-4.244127665498194091e-01,2.238640116443356032e+00
4.756510734868373724e+00,7.972847068863754494e+00,8.548685186911420431e+00
8.538725210664608767e+00,9.144007065484837327e+00,1.274165380930814528e+01
9.816641832856776162e-01,5.124150141535140257e+00,1.003420268840422480e+01
3.869877734196609964e+00,8.503816049344909089e+00,1.256783208858927381e+01
3.517320624836978382e+00,8.371302111825281500e+00,1.191933505048732478e+01
-7.937331158276905718e+00,-2.967941767576910195e+00,-1.098335437318139096e+00
7.715751992075519539e+00,7.979169957369266264e+00,1.159500901525797900e+01
7.550099745480364888e+00,8.710183092662113324e+00,1.057077744022959820e+01
2.756326817710728072e+00,4.148149472877133093e+00,4.184774449151852593e+00
6.606711402533408162e+00,9.126249532102018946e+00,9.532432207156841031e+00
2.141236794077585159e+00,3.251939882280982186e+00,5.286112039663652951e+00
4.550161003825751393e+00,7.100265870405134905e+00,1.083813732423528720e+01
5.917421212697485444e+00,6.966365533835636725e+00,9.402710897824999137e+00
5.999187439271701727e+00,9.393585891413906097e+00,1.246583405338488504e+01
7.172895352623219090e+00,7.975317612846669846e+00,1.211666187168718878e+01
5.267179700323248781e+00,5.360283287844075595e+00,7.551882884185389777e+00
1.259921530536762191e+01,1.408270075427130408e+01,1.458189335682693688e+01
6.496130155622588553e+00,1.029870523286631467e+01,1.463998573854991037e+01
2.905541446036621345e-01,2.965585180839052981e+00,5.807526920015061656e+00
2.174267629374305066e+00,4.966635192606286608e+00,6.742473112789429734e+00
2.646784784243633837e+00,5.250493082344558360e+00,8.014729734911924197e+00
-3.910835745802965668e+00,1.077908833624486640e+00,2.749294080298608556e+00
-1.189578907571349209e+00,2.728728821559196938e+00,4.113178959689097525e+00
5.878350769805978260e+00,7.381261282732682893e+00,7.581066996543672332e+00
4.811220139372989202e+00,5.543337972130778724e+00,7.567970996418247331e+00
-2.444428210665478218e+00,1.603034907062501624e+00,4.264046966306334951e+00
2.440715753355363393e+00,4.639532071572761041e+00,8.825013532533610316e+00
-1.775835849911471698e+00,1.960530398744059433e+00,4.037698889512930656e+00
-1.553992972741737866e+00,3.391530547003750229e+00,7.378226546755068505e+00
1.149720913528766886e+01,1.354513563260198872e+01,1.760876692064168481e+01
2.827341795612370312e+00,5.652349317182159716e+00,5.947596363992584401e+00
3.622024370815946526e+00,7.220713651380044951e+00,9.209509017336026560e+00
4.166990861372838140e+00,7.790791681508716593e+00,1.014505495234420707e+01
3.958714980434162811e+00,5.389093404287464750e+00,6.864937466743652905e+00
4.361359690772841802e+00,5.243470980217467492e+00,9.704945609941395546e+00
1.837825774542697133e+00,6.605002493973001876e+00,1.010907719858724541e+01
4.511093812395970737e+00,4.889018676895717341e+00,7.330441819847567153e+00
4.967771169320152502e+00,5.344241182287432501e+00,6.906350722659916563e+00
4.077873976844005099e+00,4.268531670074033890e+00,9.245888485465187046e+00
9.474802297134421458e-01,3.084999639551315731e+00,4.462040069009152177e+00
-9.058676226830129075e-01,-5.011650153024902465e-01,2.176515179345785977e-01
5.549473324280644881e-01,1.699298314075741612e+00,3.921022930533913264e+00
2.790001678943847097e+00,3.478060533576107005e+00,3.945635148347786281e+00
4.368270913264531430e-01,3.826305118177003806e+00,6.792797358786772932e+00
7.156671024479599907e+00,8.072303161460727239e+00,1.061855326403194510e+01
4.051585115165840634e+00,5.234228521165619874e+00,5.660218140775401530e+00
1.889696801649704661e+00,5.472875205639122775e+00,8.103437309900471064e+00
-2.961546582662998528e+00,5.684146594802008678e-02,8.103080145750104490e-01
9.343130762595031058e-02,3.850316053352886847e+00,7.693613600231429928e+00
-9.930399725266370048e-01,1.503573067964169230e+00,5.837558833999953123e+00
4.803544135992837028e+00,9.763301849449607772e+00,1.195277321446831920e+01
-1.787414331991801220e+00,1.686428113393565464e+00,1.792432354413110440e+00
5.486722923018146680e+00,5.830896690808902605e+00,8.341571279274718975e+00
1.186266108805680020e+01,1.272419563702981016e+01,1.284012523184057386e+01
5.623544208816904977e+00,5.937967898762803287e+00,6.461158614105271702e+00
-9.680370498085435926e+00,-5.034869263142939033e+00,-1.657180019793488057e+00
3.863556081432776068e+00,7.807630894065139771e+00,8.658030898354324378e+00
2.787110576405588791e+00,4.415049468688489576e+00,4.979682484435312695e+00
-4.189562428811122174e+00,1.513782584563134748e-01,2.380835191819479668e+00
7.198858292003107451e-01,5.146610174889530320e+00,8.374954574716754863e+00
2.248488994039578692e+00,6.824857650918969121e+00,1.034131705525313194e+01
-1.674597585167100888e+00,1.054677680353283797e+00,1.103991883089729065e+00
4.724870538991908120e+00,6.310230497093247237e+00,9.428001415693890053e+00
1.153907203504547674e+00,6.132365558030372199e+00,8.710458925487923665e+00
5.729357664241364390e+00,9.036181379211607023e+00,1.370677744904780937e+01
4.653362447722962258e+00,5.234172796570422115e+00,7.902819513796901063e+00
2.644492489298706950e+00,6.579181389602029029e+00,8.488041996088171004e+00
-2.366063358330602107e+00,5.763475762077208131e-01,4.107292433141766175e+00
2.812886976803658179e+00,6.637467541480971178e+00,7.958917959394401720e+00
5.409515494963082816e+00,6.429678090092599163e+00,1.103379007424567959e+01
4.432178882743844639e+00,4.547853488781241182e+00,8.570097670687520264e+00
6.181431322097448167e+00,7.288975450300864800e+00,1.110643427120993820e+01
6.134999187753807703e+00,8.816812293643256027e+00,1.131629047033288771e+01
2.278173526452016873e+00,4.001802379253435404e+00,8.621021106964798619e+00
3.933031630381238486e+00,4.837177365789474770e+00,5.104842363984433362e+00
1.000227444763320861e+01,1.276687191142423750e+01,1.328767379698994766e+01
-2.035286050053091600e+00,8.501394086031757169e-01,3.457243186719603401e+00
6.411484200671118572e+00,9.761099561943940017e+00,1.409742722449204777e+01
1.199143408454140136e+01,1.377648168625395364e+01,1.673252779245558486e+01
-6.806103770654403640e-01,1.837192860053191268e+00,2.726421789760133052e+00
9.332821311689357913e+00,1.127387051094805415e+01,1.383983184809968137e+01
8.733211525399683595e+00,9.144090097353519297e+00,1.019378831036992672e+01
7.579906544084423992e+00,9.838149551116499580e+00,1.298144520552615866e+01
4.597111070278831590e+00,7.708138679892064360e+00,8.883446427192506434e+00
4.496128262424514688e-01,5.230178063252097331e+00,6.574637678276467945e+00
2.298235061041272953e+00,4.625656278031150315e+00,7.316760775670823946e+00
4.692962446351714334e+00,6.478845542190710738e+00,9.211143186942617689e+00
9.054045609831179675e+00,1.094365511285453607e+01,1.349882039663354405e+01
9.411162628888638082e+00,1.236670304377810048e+01,1.294329587380642188e+01
9.281742338098478484e+00,1.283100333179502961e+01,1.655036966301161527e+01
6.708969801920757092e+00,7.121193521238866175e+00,7.355436037747811184e+00
1.315116789969106303e+00,5.064501951663517687e+00,9.823663435807905131e+00
6.213162066231670444e+00,8.148755778587974063e+00,1.262175584894818314e+01
9.799605831518849897e+00,1.407190898053275774e+01,1.508415942165825996e+01
5.519594876962504060e+00,8.496461834495743659e+00,8.579896339896492918e+00
2.916021719885344865e+00,7.323902111133177684e+00,9.928824050563022752e+00
8.848064574593617948e+00,1.364215834680448936e+01,1.537785949538171337e+01
5.055456541650130475e+00,5.171488553334191884e+00,6.604979554066231273e+00
5.881913584762834546e+00,7.555993913086194169e+00,1.001826278248302415e+01
5.077679369959000155e+00,5.851587848172460582e+00,9.235917005370993138e+00
1.352729832944818078e+01,1.390441196004872459e+01,1.506576499312515338e+01
1.132425303939765193e+01,1.135118156136055667e+01,1.404966746582995896e+01
1.179830404288144408e+01,1.287305436605398867e+01,1.587280409931137726e+01
4.316012553353756331e+00,7.136849131626229692e+00,1.106341147631623834e+01
1.078096648095663745e+01,1.426886459078734504e+01,1.451079202865996720e+01
-8.307759378215786583e-01,1.759492717024746966e+00,6.065681284923979177e+00
6.460172262016337541e+00,6.791893546104868840e+00,1.155047885348461989e+01
6.356319869389418287e+00,1.131599791273224298e+01,1.343138895069234806e+01
1.215939961298720640e+01,1.373538654650161561e+01,1.796108191514240104e+01
4.830201555347672482e+00,9.168768196799570447e+00,1.328726661931912290e+01
1.424701396999493497e+00,5.477659875382427934e+00,8.881372830489576486e+00
8.729275665900217973e+00,8.899840120658376819e+00,1.178624173716791290e+01
7.025720638167681109e+00,8.420655644480961044e+00,1.139874427090986231e+01
1.886543933677374341e+01,2.037426369312426289e+01,2.182031769731469240e+01
1.295814750578373520e+01,1.425284195176605628e+01,1.613213410474298826e+01
7.472446162022297500e+00,9.321882356163161631e+00,1.363996423941512859e+01
5.831498073423036388e+00,7.857557663101973233e+00,9.678624179389034410e+00
9.059470940090211144e+00,1.033031157138789524e+01,1.306645088385751485e+01
1.168293836194872526e+01,1.348009618346086214e+01,1.837140745053070034e+01
9.400396812163855031e+00,1.175535782653337691e+01,1.177331927237837483e+01
1.811600314393830047e+01,1.987078798407100066e+01,2.081823294173733530e+01
9.622561206203712914e+00,1.138068775914532083e+01,1.265344593697466991e+01
1.457396676342533937e+01,1.568083856254090946e+01,1.667894074795831116e+01
7.338368383269227913e+00,1.191739797597323580e+01,1.208262876369799876e+01
1.282808516103042251e+01,1.675070036014648878e+01,1.735416919713761530e+01
1.290144983606829676e+01,1.313796167901372236e+01,1.486175679267740435e+01
1.455377764862373979e+01,1.779975291029020568e+01,2.274693866927823649e+01
1.486024569360349190e+01,1.617072120656684575e+01,1.746768164319412975e+01
1.978687306337129570e+01,2.053343692728869740e+01,2.462508596221235280e+01
1.196531697699334984e+01,1.594385829014112410e+01,1.827487101001002401e+01
1.549788625884702853e+01,1.721379046785325073e+01,1.831937950257862013e+01
9.643823761750411450e+00,1.193883611388249832e+01,1.598449229475580502e+01
7.954649141472422080e+00,1.142923537285337510e+01,1.390181012336944022e+01
1.555572841936873729e+01,1.823709555391111792e+01,2.109096945689144675e+01
1.218343843508965563e+01,1.599401981609730505e+01,1.657336170705872291e+01
1.630910568431055196e+01,1.890464446058575021e+01,1.999936902615470657e+01
1.076891501967387654e+01,1.530264370278279884e+01,1.988867254599685097e+01
1.681656483070765518e+01,1.779111901225387626e+01,2.215201493666038601e+01
1.130747083414563292e+01,1.498086113079930826e+01,1.750780950961120652e+01
1.519920564685160258e+01,1.888355365091143057e+01,1.925899528989291554e+01
1.022820728607429785e+01,1.489882883700197347e+01,1.791942954598494708e+01
1.816243736572234013e+01,1.825582737458351446e+01,2.017045098703263051e+01
1.431190934580845742e+01,1.636766638671411300e+01,2.074596064278917140e+01
1.852291314460100935e+01,2.215791953133136971e+01,2.258321384325550696e+01
1.629628950639721907e+01,1.641348616415561423e+01,1.659553668550347894e+01
1.684387073283393121e+01,1.700812763727191168e+01,1.863918068518719195e+01
1.686109287489749775e+01,1.813762255317449501e+01,2.214096220897609868e+01
1.850806245320140775e+01,2.194128060698147209e+01,2.272883218456469123e+01
1.639569404578548273e+01,1.928404875545139419e+01,2.399035558018975678e+01
1.613605737391651118e+01,1.909889129434283461e+01,2.137301356406601016e+01
1.474744067672271441e+01,1.877806347435204870e+01,2.295098441994553440e+01
1.883849068586786402e+01,2.074247184543282785e+01,2.163195524702436501e+01
1.433317930173689980e+01,1.845306155999749365e+01,2.233265799283258701e+01
1.464856405160397657e+01,1.806843787397648171e+01,2.033358997157807835e+01
1.923285089922156033e+01,2.008572684122289331e+01,2.397050465303803080e+01
1.806611801483721536e+01,1.912136600438279999e+01,2.039631256324527442e+01
1.883770175982036221e+01,1.965350676351642178e+01,2.406615341576938505e+01
1.254968815296447815e+01,1.498710388035901886e+01,1.559109215949646199e+01
2.160695040944842304e+01,2.542562868896229844e+01,2.818472773482781335e+01
1.794619161473890401e+01,2.174408769860241719e+01,2.506389257095916889e+01
1.801894785506879515e+01,2.185022692737054939e+01,2.251181045867733133e+01
1.893486154681366784e+01,1.964026371228437640e+01,2.215089162838246750e+01
1.696660380464878415e+01,2.090469873422121694e+01,2.422909530360067265e+01
1.511793657438705019e+01,1.908259692493077253e+01,2.089639753578650527e+01
1.986850579180977405e+01,2.003884377157019969e+01,2.060957014963337386e+01
2.067516372710874606e+01,2.212908697924902768e+01,2.672924976518630302e+01
1.976940572770856264e+01,2.343937526359796308e+01,2.645053713915756788e+01
2.021421625044949621e+01,2.471931593223597190e+01,2.473845367659250982e+01
2.323047205402900062e+01,2.583003342850281570e+01,2.934188433720499134e+01
2.708042600219149065e+01,2.721698761520923426e+01,3.084169013475802146e+01
2.241394401869837338e+01,2.570776415421761030e+01,2.875796949346541354e+01
1.895897447140041692e+01,2.376150814540094203e+01,2.467065069655717480e+01
2.060783090192311562e+01,2.546799584131714056e+01,3.006072358198418470e+01
1.986001906320159449e+01,2.386478143620070114e+01,2.846168409796778320e+01
1.685937397347267108e+01,2.168049238232891085e+01,2.444395034460373495e+01
2.875092691571047254e+01,3.085207437666654329e+01,3.239958757813852941e+01
2.656695286659779498e+01,2.769338015943513298e+01,3.021757620779889209e+01
2.263815221171458347e+01,2.654141753871524045e+01,2.842440310538912485e+01
2.163425127149356086e+01,2.574934023211373813e+01,2.823767043688360090e+01
2.618415001833308509e+01,2.740380105353300877e+01,3.047561873409781441e+01
2.175913911754475194e+01,2.642971798492374091e+01,2.725869738857730695e+01
2.349729689511690012e+01,2.603803047417813588e+01,2.638947487462925068e+01
2.518255332397236046e+01,2.902073115676708071e+01,3.340256528190159457e+01
2.519012121435491736e+01,2.611104311392315580e+01,2.681422063428389890e+01
2.971101226071967716e+01,2.987625882482531026e+01,3.353145964364946252e+01
2.651085727013483506e+01,2.672120806482096711e+01,3.157723451152340743e+01
2.084584112631818797e+01,2.206357885362892546e+01,2.504134904091052150e+01
2.471753947800372586e+01,2.801998192668236598e+01,2.880549872380155563e+01
2.415982358635156046e+01,2.493869681265125138e+01,2.501600760345860408e+01
2.009934148353672612e+01,2.386113338397246864e+01,2.450696419226040135e+01
2.354113889483343769e+01,2.505306461761976777e+01,2.762288647301369338e+01
1.870655227170513157e+01,2.252168713086883756e+01,2.388171435039803470e+01
2.581334541083580092e+01,2.956500666517984044e+01,3.142950559369995389e+01
2.531265521371118865e+01,2.862983694359284570e+01,3.068554941871389374e+01
2.378526723636314699e+01,2.820481806603222452e+01,2.984082343764411505e+01
2.045141741653035083e+01,2.404064239057671415e+01,2.703008797186916468e+01
2.517191484084219510e+01,2.924728360514044212e+01,3.370686510070031261e+01
2.935062224981122370e+01,3.394475736114120679e+01,3.712458207550139377e+01
2.695790998502985403e+01,2.851213668258093037e+01,2.885545184546123920e+01
2.521769927066347350e+01,2.631531360118572138e+01,2.714347621572946778e+01
2.375783157343015972e+01,2.475956016475229049e+01,2.943631456185878648e+01
2.353063782063968290e+01,2.601006621906397598e+01,2.816948642002902048e+01
3.246902678370800999e+01,3.360419445743485767e+01,3.609995813718190050e+01
2.214737479036564594e+01,2.708610141012925965e+01,2.813407174477604755e+01
2.223161320561886711e+01,2.365942223577729209e+01,2.747867229394148936e+01
2.493150317486605516e+01,2.957526669626470550e+01,3.220276223411001126e+01
2.347298321521838105e+01,2.733824979676911937e+01,2.741882121134737815e+01
2.255626876217858978e+01,2.575988107020992501e+01,2.597329748099141256e+01
2.581372085768422053e+01,3.076344473963908044e+01,3.352242193066606291e+01
2.710305701266931067e+01,2.790869232013086787e+01,3.221973386185933919e+01
2.598131954981829850e+01,2.956383095757159651e+01,3.124647203026514219e+01
2.912606329494202484e+01,2.934576737982677130e+01,3.258334666922160494e+01
3.039038489668664056e+01,3.356961100459722047e+01,3.513181740291928890e+01
2.727726965829538130e+01,3.049971541865842184e+01,3.134704342658181631e+01
2.614600046966230096e+01,3.076552038203604766e+01,3.259350032818485943e+01
2.557451177362564820e+01,2.634517715677695193e+01,3.066932226800069117e+01
2.252631424837418450e+01,2.445940243899200794e+01,2.785404015653553955e+01
3.406716502700724192e+01,3.715574361812205240e+01,3.800169954951238793e+01
2.954733701388574474e+01,3.162247820132707332e+01,3.576544041751428438e+01
2.532015284556784707e+01,2.628509562189766413e+01,2.876751993863957324e+01
3.026181528782916885e+01,3.288436155270473904e+01,3.730229549530973543e+01
2.664611120469296424e+01,2.968577505699904151e+01,3.401940494326555608e+01
2.424265915197823418e+01,2.863436111514961269e+01,3.082546020156445010e+01
2.713053449246706350e+01,2.758124713816155449e+01,3.203433117403204022e+01
2.948222304931520910e+01,3.038266899334483639e+01,3.309498864815832064e+01
3.296966592274372942e+01,3.360499207098591512e+01,3.841042597064463848e+01
3.267752525671696162e+01,3.273944088563747101e+01,3.438460531779732321e+01
3.116089118945293279e+01,3.607250589085630565e+01,3.695981377586605277e+01
2.540430249785844907e+01,2.898951922446595120e+01,3.216145394849319672e+01
2.967442213235088033e+01,2.973443493727719300e+01,3.415467617100248532e+01
3.236088569927158431e+01,3.247524477151258537e+01,3.602126458796248443e+01
2.937414260926867016e+01,3.162832429474397955e+01,3.195522099586551690e+01
3.395264670241154192e+01,3.630864438476985612e+01,3.968338387062298978e+01
3.610686482998175251e+01,3.639178461317425217e+01,4.093663097355855740e+01
2.696550694911123358e+01,2.861040840729345902e+01,2.959423972620263754e+01
1.925398855975578272e+01,2.346786985911391810e+01,2.553590939176536878e+01
1.693010411254797276e+01,2.122680856640242908e+01,2.273687888281254388e+01
2.788137247375482630e+01,3.080450235621698596e+01,3.568600431131226003e+01
2.648870375371820174e+01,2.828837948479057474e+01,3.079365924358940987e+01
2.757546471374993402e+01,3.161451299395883296e+01,3.478148505274108970e+01
2.368708595658466365e+01,2.762646843530174223e+01,2.940795920059841961e+01
3.220833117946179414e+01,3.427455257649084075e+01,3.442126249474357280e+01
2.145024107170418048e+01,2.546183166014736798e+01,2.823884668754798355e+01
2.486311935287731245e+01,2.766480983930307858e+01,2.932729687604609126e+01
2.314201360174968158e+01,2.761528413372551682e+01,3.116116291559497853e+01
3.040560251872671671e+01,3.069731707166433310e+01,3.451726506069616818e+01
2.737857667647416804e+01,2.758341841037742270e+01,2.927855454753089859e+01
2.549119492711001200e+01,2.776989172818615614e+01,3.101250571761546837e+01
2.916912617026774868e+01,3.253937496307670330e+01,3.504864970586924500e+01
3.046742723700879552e+01,3.210662722003683456e+01,3.510263424300112689e+01
2.637566876604558175e+01,2.979430767972027638e+01,3.123739667532722564e+01
2.249873029332038143e+01,2.547945080047487210e+01,2.799543194620469677e+01
2.947354533895436290e+01,2.981602776905724994e+01,3.405197958070704800e+01
2.640642010090428471e+01,3.097286373170561191e+01,3.401016639274281772e+01
2.402306859759901414e+01,2.803408641236105225e+01,3.100110630561599834e+01
2.336617581848640768e+01,2.597759309450214360e+01,2.922066660053724974e+01
2.364504911519322405e+01,2.664781832570001185e+01,3.018462665556076274e+01
2.582472948017688807e+01,2.891997475626305203e+01,3.378424047793576079e+01
2.899558977682889704e+01,3.211513143662143221e+01,3.419382423359427747e+01
2.495253149980852214e+01,2.519174872726844328e+01,2.897788321529412769e+01
2.850965134011374502e+01,2.906196978614164550e+01,3.183498476332146510e+01
3.075162886210006263e+01,3.079553043225933706e+01,3.436112180703337771e+01
2.799027638528713524e+01,2.891167544028844816e+01,3.065645092992452447e+01
2.671097653128100191e+01,3.040740972077075099e+01,3.338462111455119441e+01
2.464555752160131519e+01,2.568812773759842472e+01,2.736393269121795413e+01
2.438823521881141687e+01,2.662307165340908099e+01,2.859710523055630205e+01
1.979405729227396904e+01,2.292931120929222288e+01,2.503297111492499383e+01
2.202129063102050921e+01,2.495526565060114166e+01,2.620014129301842942e+01
1.931946197300971590e+01,2.431752933147418716e+01,2.818572531167229656e+01
2.170862302129992116e+01,2.368341401000352064e+01,2.852489814387039857e+01
2.489278270497021239e+01,2.842906964460408403e+01,3.069797915548029721e+01
2.031242377076770822e+01,2.137154315458487730e+01,2.427042754420640946e+01
2.069007015219001033e+01,2.237344305205017747e+01,2.258885429269697909e+01
2.673525714880203097e+01,2.844677313646685235e+01,2.854266821002739363e+01
2.248381801380514489e+01,2.516062488716685408e+01,2.543658659937582556e+01
2.207165589119422577e+01,2.251773310575464038e+01,2.721266450312715079e+01
2.412100498738004717e+01,2.704172859031459808e+01,3.158272209659585883e+01
2.438666256916361874e+01,2.474571627031198418e+01,2.968314980765861577e+01
2.223415896703748373e+01,2.605357829591183361e+01,3.012976613910760193e+01
2.115645542779667565e+01,2.571406762180597383e+01,3.041554764557323054e+01
2.063287953540019259e+01,2.420695064121330020e+01,2.726050500440301505e+01
2.165498362239982555e+01,2.226927152865007287e+01,2.281104741781136980e+01
2.217660278962789633e+01,2.370985148565895528e+01,2.577052755550349872e+01
2.044711310155465256e+01,2.539449679674446969e+01,2.859995682369127223e+01
2.227276192793314280e+01,2.550923972838569043e+01,2.825424621006988346e+01
2.437034641518688005e+01,2.501821503421273363e+01,2.774983006604511715e+01
2.158045253609765979e+01,2.289428182426713221e+01,2.573015315265391934e+01
2.324780066778626164e+01,2.473114459500287765e+01,2.730400778350043112e+01
1.600153010262759068e+01,1.912418092044183737e+01,2.145674427365239723e+01
2.445428208403068382e+01,2.455004306785996704e+01,2.535681578951123427e+01
2.253179673206708955e+01,2.558010891846165080e+01,2.660040377388986244e+01
1.268332174299492721e+01,1.370513399302665292e+01,1.715533426471774092e+01
2.380248061837714246e+01,2.592332886410818560e+01,2.954916525284679096e+01
2.682645996194088056e+01,2.726771953992800590e+01,3.118029972096647739e+01
2.088412090471874905e+01,2.380400095826135143e+01,2.643073130080693289e+01
1.170852896792089126e+01,1.573647717682936253e+01,2.047640577406852458e+01
1.906503461681518274e+01,2.232523746399558462e+01,2.298982586750900126e+01
1.632526384008933462e+01,1.941331408982461681e+01,1.942931219222038663e+01
2.010195561757531379e+01,2.174472983922598246e+01,2.525305891208083864e+01
1.818110790032895707e+01,2.253855996810397500e+01,2.433012144931531395e+01
2.197169843945159329e+01,2.318898817407852420e+01,2.400611957396196416e+01
1.922965899129233591e+01,2.165586070183653078e+01,2.389078734087199152e+01
1.751343472618072639e+01,1.999701511781145058e+01,2.131461241718350053e+01
2.250850024289158569e+01,2.485625324429767247e+01,2.661193134118035530e+01
1.287013889945905376e+01,1.779423767917795018e+01,1.873715240463851472e+01
1.571439650574178515e+01,1.631380671966590512e+01,2.037756037982553181e+01
1.526402348685500954e+01,1.912339231468820344e+01,2.321478418594276505e+01
1.618513947154165322e+01,1.866729218773780019e+01,1.976221706486779794e+01
1.247577677992004297e+01,1.700615518204351062e+01,2.097486553626087513e+01
1.720604714847000238e+01,2.093520755360883712e+01,2.111408819267345294e+01
1.510049071056977610e+01,1.753081885955218056e+01,1.923027690724954653e+01
1.925481788754828827e+01,2.097514413872311678e+01,2.160467171659848873e+01
9.313615311380011974e+00,1.372940597415240305e+01,1.494197026556491359e+01
1.592208265129401923e+01,1.616825902944522753e+01,1.846396420610640732e+01
1.856300590200328671e+01,2.128135889255458935e+01,2.306390347250058070e+01
1.447566238023122764e+01,1.631459918879149740e+01,1.828136906950121698e+01
1.209514364555852417e+01,1.551959398925488998e+01,1.680316254773466156e+01
1.733914569969844521e+01,2.203954477772567344e+01,2.394713866390651802e+01
1.945185555069163996e+01,2.154972743081822273e+01,2.228730039214991265e+01
1.138429052431052568e+01,1.370913705257682125e+01,1.719172653640143267e+01
1.454902625598766974e+01,1.624092628275510819e+01,1.720301689042270610e+01
1.316335608770173948e+01,1.700121223616279309e+01,1.997616380593215624e+01
1.525773874877956970e+01,1.770321088414376476e+01,1.963256325725430429e+01
1.067839577163080023e+01,1.210469802622161239e+01,1.268353450874056243e+01
1.086359780787206120e+01,1.219348026294243503e+01,1.356491958318857982e+01
1.528056773007745228e+01,1.695877652327310869e+01,1.832003607543235191e+01
1.836233366185700433e+01,1.847829508609146743e+01,1.994920649425425196e+01
1.415804221246548522e+01,1.420457578274246124e+01,1.788715005154089610e+01
1.275855143073248854e+01,1.370891848958917336e+01,1.430798358828121941e+01
1.224197580529844487e+01,1.540496546924285148e+01,2.015024870016545933e+01
1.057059274039106356e+01,1.518020195954946772e+01,1.792997714022680711e+01
1.344389019218226444e+01,1.517859235029811416e+01,1.627957719816697235e+01
1.952528615206399465e+01,2.144324117787890671e+01,2.166565188954836785e+01
8.516341641597186651e+00,1.144622732180092939e+01,1.598221868991572769e+01
7.961867834027036572e+00,1.128778669149679104e+01,1.438435633913311129e+01
1.101673584696511909e+01,1.244090513628062311e+01,1.465849145201945802e+01
8.932833420708920613e+00,1.370088087612231220e+01,1.740739554626383878e+01
1.093557988753269683e+01,1.125024200469496805e+01,1.218957522771755819e+01
9.447289531765402870e+00,1.162938337114235132e+01,1.582807979990225000e+01
5.103217628819714413e+00,9.652466701437734997e+00,1.129779334787444611e+01
9.017361072797623223e+00,9.894967005674946137e+00,1.051521951834644497e+01
7.656023262228531578e+00,8.065603218086122794e+00,8.866985574891311117e+00
1.324549666125659364e+01,1.374596418329011449e+01,1.623350440934444094e+01
6.591184814137385217e+00,1.038348021396466869e+01,1.188000605920170472e+01
1.165955472505333823e+01,1.422992549138805529e+01,1.862519301024961393e+01
8.811390751016137557e+00,1.340970702097025402e+01,1.516670407445178270e+01
1.349965377549178669e+01,1.716322268641013338e+01,1.752131412195910087e+01
8.081774423809703123e+00,1.094730176281816547e+01,1.390555119274159424e+01
9.145972609786525709e+00,1.187477487074645133e+01,1.269989830113433804e+01
4.483812218108418790e+00,7.815105101033108070e+00,8.971955262430299172e+00
5.594750469729930842e+00,1.018065944454413696e+01,1.062386015792282379e+01
8.400725383305298166e+00,1.178041630044445043e+01,1.372817065787921464e+01
4.748341453821574021e+00,6.400559967801825678e+00,7.920499276055130267e+00
9.919083189749370533e+00,1.177729041432075974e+01,1.294052566274853433e+01
6.277398413194209326e+00,1.049155675243577690e+01,1.362952245125726947e+01
5.905024976054388475e+00,9.598538694721947095e+00,1.075956682162982503e+01
9.010708543767730561e+00,1.006034766827441196e+01,1.219944870919639790e+01
5.292215509138749496e+00,8.833768075227226291e+00,1.369335606086274026e+01
8.227321671291239369e+00,1.006723796158081186e+01,1.437718452841843231e+01
7.398693448129603389e+00,1.205580770590670525e+01,1.209064676671256677e+01
9.587368245016094193e+00,1.315961439567892910e+01,1.529881377610293747e+01
4.258215122735878211e+00,7.210778902060873463e+00,9.853404972096143410e+00
5.210067050160677837e+00,9.540510076081778479e+00,1.047164079844283613e+01
2.182867551176881360e+00,5.626896534690999374e+00,6.883295824890000247e+00
1.140694198340890431e+01,1.558123869114495186e+01,1.994764946398469618e+01
9.528450669413887297e+00,1.060008873818135910e+01,1.237698429784535570e+01
2.617599914391943727e+00,5.279022310203595580e+00,5.611442508864173284e+00
9.800908073379639873e+00,1.232894887804050654e+01,1.532396889822018338e+01
-1.687052963629079194e+00,2.864136149029608447e+00,4.693841348243755540e+00
3.795960055946903555e+00,4.997061187045177988e+00,7.654635784921407726e+00
1.525442197346203343e+00,5.610278530521985552e+00,8.453563253398787225e+00
2.280983378317224641e+00,6.604150109383328804e+00,7.502931507459363658e+00
4.613366334432544846e+00,8.968284693249866990e+00,1.177044773380939091e+01
2.939470233466590088e+00,4.353955649729096322e+00,4.807139653222797904e+00
5.129658659993832082e+00,5.513118170301877896e+00,8.886491635501602815e+00
1.552839323693352647e+00,6.299970439744232209e+00,9.924795044086158313e+00
4.907339022140946305e+00,8.599862341454899806e+00,9.597435682950951730e+00
3.918771875371122704e+00,5.486121174769340136e+00,9.484321305101520494e+00
4.695367579324495111e+00,7.199471964314942518e+00,7.322175635881899680e+00
6.213212334231782208e+00,7.527006650812860578e+00,1.192915509056365941e+01
3.523427225886883285e+00,7.612899953779002971e+00,8.542910233751600302e+00
-3.002394573880013073e+00,-1.771238041718575573e+00,2.946947761593207815e+00
4.775860875793897620e+00,6.790690287322274088e+00,7.492429814512494346e+00
-1.927105806139240318e+00,5.758751053660784436e-01,2.933484181257774992e+00
8.443880867314295102e-01,5.708335374344629898e+00,8.935532515275715681e+00
2.834266351436052211e+00,5.107053680132933593e+00,6.957309637373020550e+00
4.449870570744687726e+00,7.519638342295247746e+00,1.018301013946389943e+01
-3.613474026627072178e+00,-2.674851722104918395e-01,2.479123423585020358e+00
-2.483568665436263423e+00,2.060866481563464525e+00,2.080837421132017084e+00
1.229348351435123998e+00,4.029218061145309449e+00,7.993598439063884342e+00
3.634915479673244132e+00,4.082617333504374280e+00,4.550010034433800143e+00
5.491525446171374725e+00,5.965085518228626427e+00,1.067362762413527832e+01
-2.687363352194309662e+00,1.541497891542549681e+00,2.087361887384792780e+00
2.469340538724480005e+00,5.724407245480362505e+00,8.635406067856184364e+00
3.910037739645213950e+00,4.580208024258641153e+00,7.217620460654591952e+00
8.961397091151358296e+00,9.160190071778579579e+00,9.189574262002734528e+00
1.758901131147587726e-01,1.621403999908462179e+00,6.217612015987700858e+00
4.629017665096670342e+00,7.431939706393528411e+00,7.589196802409895248e+00
3.881464072809226007e+00,4.055685237846446078e+00,4.654283406286479519e+00
1.385364826327228904e+00,2.743641286633808907e+00,3.507817984942043665e+00
8.112666953989513985e+00,9.235888048348385837e+00,1.002564510014261678e+01
-5.530026439982296260e-01,3.330004294996172121e+00,5.352774344654677385e+00
2.420004712253451373e+00,5.786358193565231289e+00,7.320522891284099387e+00
1.662076546762722984e+00,3.913937303394537270e+00,6.961024668960250850e+00
3.516516479166283737e+00,3.856563960911423283e+00,5.118443140989975326e+00
1.498961096492238632e+00,6.315000997839399943e+00,1.059457858316946499e+01
2.083454778355949166e+00,6.725482219215072277e+00,6.924999035314416851e+00
-6.039808577955154689e-01,2.216663021369326358e+00,3.604221954230879099e+00
-1.800437486184558900e+00,2.424232941628867266e+00,5.409855465730535329e+00
-6.735352427780094686e+00,-5.787505165030218279e+00,-5.442718389414141988e+00
-6.746112932574677146e-02,3.442640873144284352e+00,8.091119302058071838e+00
7.037641229067183701e+00,8.639883470934682563e+00,1.080585234123117999e+01
5.437258854892354165e+00,9.101951462858263397e+00,1.205708548046157169e+01
1.364610290995618147e+00,4.457667961172737670e+00,5.778422028821492695e+00
8.590186819500690518e+00,9.119402698572969257e+00,1.147995109006954273e+01
5.185432995036135750e+00,7.953042993581217246e+00,1.180402056733318439e+01
6.050000246619176458e+00,6.445348508025167789e+00,7.388678127474486601e+00
-4.372008260069557561e-01,6.961538905567357105e-01,3.422983002514551565e+00
1.688021014491012828e+00,3.751072750083904506e+00,7.280215715215232919e+00
-2.667997288119646093e+00,1.635082092668558751e+00,4.744129457949986417e+00
-2.934611144744217803e+00,1.421613769804296545e+00,4.712147775714766951e+00
2.685105941836475107e+00,5.626935958900229018e+00,8.322642883231772259e+00
3.961435201229713599e+00,6.470068249590309684e+00,7.320524563783434857e+00
-4.344706505203343561e+00,-1.880723005841407947e+00,2.004967276896351791e+00
6.637063329615688900e-01,3.397663111954699389e+00,5.536061251178555409e+00
-3.057020225047578421e+00,1.642577983372266459e+00,1.744459600054254489e+00
4.299826624565197264e+00,4.933417579734332037e+00,9.411217352441374473e+00
2.154222051901567347e+00,2.749820997311674731e+00,5.532666683492248438e+00
1.286444542497942933e+00,5.883747685839876951e+00,9.309418666306694234e+00
6.397487349795591527e+00,8.601850261225980177e+00,9.007711307203122075e+00
4.324388424422851429e+00,5.345352011549283411e+00,8.872297462836385762e+00
4.105877052637445068e+00,7.566501499487899629e+00,1.049269936557888272e+01
6.603525077021833667e+00,9.215324535399336270e+00,1.066472844916176754e+01
2.599600987101900351e+00,5.810505588098150653e+00,1.054676070938381649e+01
-1.893382442299494706e+00,1.381869595558788077e+00,5.791400344017143098e+00
-1.615242266677418215e+00,1.964364888309501289e+00,5.724228864785645854e+00
4.643403207993929804e+00,5.293450032721732867e+00,5.779290185056916940e+00
9.566879782314233083e+00,1.115281368513191573e+01,1.303354933568762952e+01
-2.807749820719182665e+00,3.807606309020439284e-01,2.368728266579036124e+00
5.600745040034099453e+00,7.191754322314828585e+00,1.216246657758020433e+01
3.777848381809262523e+00,6.740984540276357073e+00,7.059403249559018434e+00
7.745578919912288640e+00,7.846447657713284229e+00,1.152051443816634624e+01
3.580061965473021690e+00,5.893283299587394275e+00,1.036706229091866227e+01
2.648137644067826368e+00,6.369596152144087142e+00,1.033658406291392140e+01
5.270786943003062497e+00,6.345884592715308692e+00,8.078967834160996730e+00
-2.352752172206917791e-02,3.378966501142876222e+00,7.595022801701892590e+00
-3.773305822668416631e+00,2.771740006387588551e-01,1.962825882163254709e+00
9.866953061056777941e+00,1.282554003164684886e+01,1.284263038156524672e+01
1.533737667134642102e+00,6.198462269390119239e+00,7.590265266866859761e+00
3.202155236476493805e+00,3.819412906568866894e+00,7.699283863885057144e+00
6.943036782824412612e+00,1.049939059415518017e+01,1.234424125468225952e+01
3.878349163999577964e+00,5.869771943888929755e+00,9.380150577652569766e+00
8.191267852830513618e+00,8.310548948718517792e+00,1.307307599385122288e+01
4.411580075401834833e+00,9.052606627293670272e+00,1.104486743125200299e+01
1.975288695648879767e+00,5.705276071644018288e+00,8.537529873401386027e+00
6.288489974594056342e+00,9.803681979327953044e+00,1.434212984651920131e+01
5.201335886423804844e+00,7.349233452476895856e+00,9.502447889592083641e+00
6.824773151538637173e+00,1.101737759500404579e+01,1.113403759610460853e+01
1.029502046803080617e+01,1.157303856535620668e+01,1.227168954044586613e+01
6.246859247350984745e+00,1.073382194456902816e+01,1.355680391262190554e+01
4.310601526751035584e-01,6.328714841941813773e-01,2.718513965570512170e+00
5.852741075691129780e+00,9.979025325624823139e+00,1.044602753446707055e+01
1.066828725769911834e+01,1.214417956830171974e+01,1.661560042455872477e+01
8.213375895787736525e+00,8.537448968587323606e+00,1.351802664372230822e+01
3.120802502499495645e+00,4.669545061853865420e+00,4.856355218894866432e+00
8.137700145130212448e+00,8.928383852741786697e+00,1.213201979767156224e+01
5.716054606611840505e+00,6.382865520024982864e+00,1.019157736911908074e+01
7.993356177024564246e+00,9.967383833385845548e+00,1.445653030691646279e+01
8.472910750560854964e+00,8.868272532648127537e+00,1.084997568905741439e+01
8.211126395962196511e+00,1.115800241880341659e+01,1.538468326233735795e+01
-3.698851413458146276e-01,2.306629024172465847e+00,6.060740070747433705e+00
1.126396749330608493e+01,1.440237737722858569e+01,1.584984279902174720e+01
1.090280944368175042e+01,1.292020115307066419e+01,1.713872859061735809e+01
6.982235510268185230e+00,7.523898042051925472e+00,1.236539233382965008e+01
8.506080895483762561e+00,1.165871227149049894e+01,1.376498439651243544e+01
9.599204951147635612e+00,1.393473225395214499e+01,1.679398807281873118e+01
6.329588230584168862e+00,9.814887580007018997e+00,1.031848733363275095e+01
7.313409115307824671e+00,1.145724539744369963e+01,1.602952536476363932e+01
5.658932334522543073e+00,6.099827773591059099e+00,7.226936099669558189e+00
3.800962795771425817e+00,5.840841274065414090e+00,8.391320946454907670e+00
3.975162129579998371e+00,8.503265030325710683e+00,1.349719529041243504e+01
7.151771438792701829e+00,1.088229293580006818e+01,1.459004367942566560e+01
1.375452462249501906e+01,1.766440801387099313e+01,1.849007936815296915e+01
1.077488941111754173e+01,1.285061460023597313e+01,1.668244836431665590e+01
2.391962333920865547e+00,6.906750068745481030e+00,1.154694960874201115e+01
1.384151732694093972e+01,1.384969537067829570e+01,1.846516431556987925e+01
1.002910897313255845e+01,1.476654371647656028e+01,1.477666689987780479e+01
1.130651250448447520e+01,1.136632880850626037e+01,1.271845122370151060e+01
1.379178427721990019e+01,1.408185939876330295e+01,1.718437000418961702e+01
1.536804839359200159e+01,1.759664148140935680e+01,1.876959098930246128e+01
9.431733221394011935e+00,1.338634020318160900e+01,1.424560423984256374e+01
9.383695249973943220e+00,1.321472496489725579e+01,1.807980044449107027e+01
9.804983690061675361e+00,1.271243902065102560e+01,1.683909586415729009e+01
1.584735725395515082e+01,1.634455557981580753e+01,1.786714009689116267e+01
1.035166562445580851e+01,1.380324258467959808e+01,1.730489393839982171e+01
1.497163370826533857e+01,1.555434625621178668e+01,2.013851552457121841e+01
8.326018834792867196e+00,1.307359088954525816e+01,1.323218553214705651e+01
1.022824606695559524e+01,1.428204769899448223e+01,1.497073685432817136e+01
2.130236842457555824e+01,2.191314933235089057e+01,2.541457581103152208e+01
1.358330750520785202e+01,1.398753495927512347e+01,1.622894065013372966e+01
1.916881593600288980e+01,2.109048629341371850e+01,2.448576855261046248e+01
9.509951829380430155e+00,1.349143092752366968e+01,1.454544693372535313e+01
2.086836596345813888e+01,2.179116365664723887e+01,2.632373564528975152e+01
1.677940916616952904e+01,1.680896344634230388e+01,1.961637394546919921e+01
1.558240750079955284e+01,1.854701986251910384e+01,2.264114774363530813e+01
1.380316209764774982e+01,1.489014427449231093e+01,1.963709123189302019e+01
1.834191572173262941e+01,1.868702432762523458e+01,2.020644639191317893e+01
1.798603375733341991e+01,1.921401402602037578e+01,2.029793618318711879e+01
1.752550764650753834e+01,1.836125716750700576e+01,1.929107673056648053e+01
1.041954976915327258e+01,1.429378943354888065e+01,1.911987106747424647e+01
1.228383132783889486e+01,1.614681098884516075e+01,1.739795394855787336e+01
1.393103445702197263e+01,1.518155406641166394e+01,1.884347342818461257e+01
1.739000384591269466e+01,1.904054255213270963e+01,2.303313860086067422e+01
1.637048943783427646e+01,1.644318410449989543e+01,1.831934069868211523e+01
1.409550194410366331e+01,1.601506021722790507e+01,1.765798270191062969e+01
1.270589031115641987e+01,1.629323711401690034e+01,1.966695970528271431e+01
1.236425968322774338e+01,1.734080427419892700e+01,2.040979243501266893e+01
2.365148636070207289e+01,2.782343369830155666e+01,2.901655481243184198e+01
1.843789684347022373e+01,2.170129489647536758e+01,2.412028910150318595e+01
1.658787299090465694e+01,2.085787453830254989e+01,2.526520214224285255e+01
2.038299944185304824e+01,2.165266582412690610e+01,2.195112396887675743e+01
1.220428419055035008e+01,1.489937503317502632e+01,1.658000022913213911e+01
2.023311192989340057e+01,2.378782154794378201e+01,2.381722472889734021e+01
2.024325762019385877e+01,2.368510315314061998e+01,2.637954898642065160e+01
2.131043234993240532e+01,2.292890620711396821e+01,2.579698948052234186e+01
1.905083910420326276e+01,2.372303338865201994e+01,2.815288423202375867e+01
1.795576643965773300e+01,2.232088192583898945e+01,2.350537744066679835e+01
1.981392021352158750e+01,2.183240617133678185e+01,2.219557183976103332e+01
2.198790571969857055e+01,2.263895399063457958e+01,2.382204699071833076e+01
1.132410112371064770e+01,1.574278245714232050e+01,1.634279246893603244e+01
2.686505580970309381e+01,2.861988206904040410e+01,2.876886284747239486e+01
1.664056196854856040e+01,1.795364027067288504e+01,2.194397673563114992e+01
2.204452159670950451e+01,2.667221075342905934e+01,2.873695325292079872e+01
2.462611287664645943e+01,2.602457948568975610e+01,2.889683773511109877e+01
2.407813756935736293e+01,2.421642941744650557e+01,2.588323851293444378e+01
1.265434838730877765e+01,1.658462709988298300e+01,1.668348739086935950e+01
2.340381908093405272e+01,2.478231068235150047e+01,2.575210092986083410e+01
2.748497563245937414e+01,2.924706937567820120e+01,2.960876087829952041e+01
2.247500718808240805e+01,2.461092460889274847e+01,2.696334304065461041e+01
2.305652805754616352e+01,2.353713676311866010e+01,2.764211298833172847e+01
2.048064608870128467e+01,2.411923375323489793e+01,2.542843907782642532e+01
2.492308704981874357e+01,2.564277348442142568e+01,3.063403215620277820e+01
1.658333481124551412e+01,1.671586357003018719e+01,1.930878872334256613e+01
2.321752560940806376e+01,2.689604804009237071e+01,3.158521706676145158e+01
1.986298857037650833e+01,2.247391382220940770e+01,2.535743602740136993e+01
2.220212906249107832e+01,2.665882318650649552e+01,2.869841089304387438e+01
2.922115232558222786e+01,3.108754101359701139e+01,3.554155695433398421e+01
2.049379433487215607e+01,2.412787501804413282e+01,2.746066360175412058e+01
2.198648609695116107e+01,2.280580860181928671e+01,2.494110769321863685e+01
2.438089154022411975e+01,2.636766635525503233e+01,3.093949086751728217e+01
3.115036469346770076e+01,3.138784922933193400e+01,3.631038783229885070e+01
2.269167013045917258e+01,2.725964336889368766e+01,3.044124863597831521e+01
2.779995171417298039e+01,2.992637710197831424e+01,3.377739841296816792e+01
2.446158000605799998e+01,2.863329372376842841e+01,2.949840215033284707e+01
2.599529596469474413e+01,3.037377016981528755e+01,3.110699912567067216e+01
2.304397707592055866e+01,2.507047365713116704e+01,2.608833288230841774e+01
2.891563097082300970e+01,3.161651802617661389e+01,3.627301350218368015e+01
2.738974376627671958e+01,2.911219576620612770e+01,3.320275561138664244e+01
2.068932025902666183e+01,2.325315170007134213e+01,2.732466887669921718e+01
2.239818885747509114e+01,2.690037393994606063e+01,2.907201666704671794e+01
2.615788595831401864e+01,2.813394200503894638e+01,2.919552744065031291e+01
2.360057405170478617e+01,2.805468535818609510e+01,3.177819286906970220e+01
2.532797468735131119e+01,2.763566220847190991e+01,2.958956131495110853e+01
2.820421255264474070e+01,2.871580659703232996e+01,2.971617587223261125e+01
2.740714679762135120e+01,2.882261872725677421e+01,3.324666504356730456e+01
2.321691458409062392e+01,2.655474592947128798e+01,2.747868343445236761e+01
2.774254055933429441e+01,2.950150064698880215e+01,3.043973532908712443e+01
2.925177801822081847e+01,3.070964335141348300e+01,3.148923324511459754e+01
2.967990704707408156e+01,3.378032964103910984e+01,3.407088157308945142e+01
3.273334015657749063e+01,3.496652627811405978e+01,3.639632837650626129e+01
2.553095237729790057e+01,2.755460220766673274e+01,3.202482184833652212e+01
2.507336581180818413e+01,2.736322766241048043e+01,2.954044555038707642e+01
2.570492277571230844e+01,2.780441953943440581e+01,2.852838313872624454e+01
2.253654149236469095e+01,2.533003248853707845e+01,2.673630971510182519e+01
2.637067654704970465e+01,2.943269752008130169e+01,3.274647936616091215e+01
3.505794121106368522e+01,3.913070896444855862e+01,4.265559960719240706e+01
2.335650384111646005e+01,2.643662733210113203e+01,3.028473067434851274e+01
2.396828289940005874e+01,2.727617855222537813e+01,2.899330526923507634e+01
2.360970111956580553e+01,2.417658938113758893e+01,2.794423897960516356e+01
3.101642099408462627e+01,3.210244079016483454e+01,3.641257406679447683e+01
2.638668109100154169e+01,2.988066294799337541e+01,3.212221887583029911e+01
2.205017080789923511e+01,2.686583998453746247e+01,3.062087776536168349e+01
2.380391779593859169e+01,2.621267744087819906e+01,2.771211823903115246e+01
2.637630884015499078e+01,2.770086717004096499e+01,2.900404385272438290e+01
2.924608022626081194e+01,3.155016573997358620e+01,3.250534332646077473e+01
2.699119333146695254e+01,3.056334474055214301e+01,3.473390622846412867e+01
2.652820836657938131e+01,2.693034464656539839e+01,3.065236324049491756e+01
2.517840656654988152e+01,2.771178042659921559e+01,2.811994773732056885e+01
3.089099643980844334e+01,3.240828859368348702e+01,3.683254229015973635e+01
2.027931386965966354e+01,2.386303115058350599e+01,2.585740162514066753e+01
2.271134844300276967e+01,2.627267100337786232e+01,2.757773946434635803e+01
2.909708586888104520e+01,3.002090756501545599e+01,3.461518417568609607e+01
2.829660354848169490e+01,2.994076053334811860e+01,3.100041864861850982e+01
2.861190468403182408e+01,3.162793351026874333e+01,3.603439536075447336e+01
2.830628199199756523e+01,3.210225016947347854e+01,3.430780200393181900e+01
2.840120487250721482e+01,3.158167543469012273e+01,3.259051990854674585e+01
2.138396388163947748e+01,2.393645627797023678e+01,2.812954836934502012e+01
2.732910147151873659e+01,3.199766075328983561e+01,3.565651214586626594e+01
2.882383287383856896e+01,3.078229524829646380e+01,3.211817440617198827e+01
2.805395471118545103e+01,2.965945665355871341e+01,3.341024199157617858e+01
3.154605959659115655e+01,3.251454803320359588e+01,3.452594851099975415e+01
2.843881957122404458e+01,3.325929023201516088e+01,3.784547547283834490e+01
2.291928672423695801e+01,2.751651074801011987e+01,2.778743234730688982e+01
1.925804090137191338e+01,2.392987944477680173e+01,2.486100296968380263e+01
2.428334504710962705e+01,2.805167616078613690e+01,2.900912985866472482e+01
2.396991679423611643e+01,2.591398339061623091e+01,2.798291530516023684e+01
2.621854454291336367e+01,2.872424335245949223e+01,3.318813204347649304e+01
2.794150311332276004e+01,3.111927227982283028e+01,3.209935841455308747e+01
2.506039776709847899e+01,2.720985309496642301e+01,2.793321825131175729e+01
2.497111631712156310e+01,2.666370017143539428e+01,2.878854648060548982e+01
1.723430031279947627e+01,1.879812861580664674e+01,2.265780912324209950e+01
3.028884191349403210e+01,3.036262160027013479e+01,3.503004387864568514e+01
2.874122102470656870e+01,3.135535099711977480e+01,3.536601620083133923e+01
2.526370121556688275e+01,2.620507286619586296e+01,2.795838775682748434e+01
2.092063644911098308e+01,2.576060748385558696e+01,2.845604222484159962e+01
2.655416441755417978e+01,2.834956739590908015e+01,3.334255889918640037e+01
2.008508409360632641e+01,2.353132963538353550e+01,2.757353685309020364e+01
3.080249037935308820e+01,3.177250691020976703e+01,3.184094366636406548e+01
2.141106860995513728e+01,2.598467161002871251e+01,2.750328361347290951e+01
2.704016753547970353e+01,3.086225984140201106e+01,3.301129732490139901e+01
2.359887674494424914e+01,2.801259907557801299e+01,2.930828454752568746e+01
2.024643551317181434e+01,2.289520430646182447e+01,2.472289458807358642e+01
2.183342447785043205e+01,2.526065415355213872e+01,2.794488654460225519e+01
1.800073164749437638e+01,2.168135604107909131e+01,2.386729593126389304e+01
2.430720810259825981e+01,2.820509256811170573e+01,3.074470884225899425e+01
2.492036031868356716e+01,2.549710059654236360e+01,2.915613867922598246e+01
2.445808265392081182e+01,2.660750470359371533e+01,3.052692995011097565e+01
2.706022925593919126e+01,3.159093614031024089e+01,3.611904129916236883e+01
2.624417208982823269e+01,3.015872536201150922e+01,3.074757653125927703e+01
2.134426580176507215e+01,2.615753839249685342e+01,2.877762862193107907e+01
2.229063835713234099e+01,2.686092813618465414e+01,3.029015665254517842e+01
2.354373847235097728e+01,2.459793390997573681e+01,2.774672213268573984e+01
2.700705064550170320e+01,2.885346961299777746e+01,2.893924353036036479e+01
2.877448990676403895e+01,3.300460507649633257e+01,3.790806730676669645e+01
2.144406238176693336e+01,2.407218578093886663e+01,2.566162076370868661e+01
2.650441953212251178e+01,2.757224097625171666e+01,2.884285227914043404e+01
1.965541369372607150e+01,2.384331305032173276e+01,2.462175883038390367e+01
2.420751648379521725e+01,2.885967030712239989e+01,3.098951374369106304e+01
2.458532986857128932e+01,2.786746717565485199e+01,2.998379865874406036e+01
2.245724060946211864e+01,2.744308035863280537e+01,2.930597897461786516e+01
1.929422726431671720e+01,2.117809162681580659e+01,2.553548640566075179e+01
1.827508827445633699e+01,1.885546459325875901e+01,1.974405675511926006e+01
2.179087277073968210e+01,2.667063703727126978e+01,2.714003345087791530e+01
2.090687774537830279e+01,2.112502222552049247e+01,2.491150501925223182e+01
2.206891841949583011e+01,2.439889614265141660e+01,2.704672397204214107e+01
2.093637587118669785e+01,2.351485831437018703e+01,2.791337987425918499e+01
2.598683917971269253e+01,2.788239463455630229e+01,3.189903817972412980e+01
2.422160382461907346e+01,2.708711412006066155e+01,2.784009607791044516e+01
1.959098700271822935e+01,2.319578497634204695e+01,2.366936190215256985e+01
2.399523348988374138e+01,2.524319419994141711e+01,2.802298923318141988e+01
2.288189008573226957e+01,2.512112974202572957e+01,2.770399413499245256e+01
2.396651123016641449e+01,2.648946205729377823e+01,2.925080154295041623e+01
1.628320510822230105e+01,1.774785616090312956e+01,1.979813233952955187e+01
1.719395692554719446e+01,2.090737954997077352e+01,2.524590085287241692e+01
2.587128769728843025e+01,2.601658114154704293e+01,2.798673930785844632e+01
1.716943048008803885e+01,1.907107854069859698e+01,2.174872250616023450e+01
1.914209309938781089e+01,1.914891286954224725e+01,2.064370336029741537e+01
1.910201418545605279e+01,2.219824216936089201e+01,2.334822371945850605e+01
2.054831184001738364e+01,2.082626564910074762e+01,2.199300800899355579e+01
1.954791172324532411e+01,2.376732577056488438e+01,2.512465416360397796e+01
2.359330828163738047e+01,2.590252493507826159e+01,2.648442040848342671e+01
1.236578209432090603e+01,1.602209531674588661e+01,1.815852328970546026e+01
2.106735047737869948e+01,2.200497206479104051e+01,2.684198242439236282e+01
1.690873769886434275e+01,2.110260957662828218e+01,2.296640780069051502e+01
1.704134350497290029e+01,1.765246375881498153e+01,2.074108811157493193e+01
9.752243177995849166e+00,1.365825064061833238e+01,1.804100514107027209e+01
1.613249647493931604e+01,1.823989084266191085e+01,1.929535201442108416e+01
1.467233069906252041e+01,1.574199193501099714e+01,1.583177602406049900e+01
1.724577579755609591e+01,2.119193520623781879e+01,2.372359464811266605e+01
1.356649181878291976e+01,1.819174317035085053e+01,1.904915039227908480e+01
1.620785869782508470e+01,1.776610410178216526e+01,2.205338774869040463e+01
1.888157274678796327e+01,2.196477860709588370e+01,2.373989634140881222e+01
2.416196415106817597e+01,2.550099186847339894e+01,2.842131330105007336e+01
1.667466124659453541e+01,1.860191737796528955e+01,1.992632180215450077e+01
1.900027555403273283e+01,2.088566044523745191e+01,2.441774701799054981e+01
1.975507022765946985e+01,2.185327002178399169e+01,2.422775271000132236e+01
1.157639018500005790e+01,1.491093931758566526e+01,1.733354741957397493e+01
9.118506515881787067e+00,1.388069584827326253e+01,1.423059085986274575e+01
1.429071721804118411e+01,1.766464686723605837e+01,2.197631491039731699e+01
1.828553928975221510e+01,1.963933293020038917e+01,2.170398948875465450e+01
1.372647579795902573e+01,1.563841821737525528e+01,2.019405924034604283e+01
1.081557883491326066e+01,1.240023838866498807e+01,1.513006678078610001e+01
2.097160627991046056e+01,2.179029286561835832e+01,2.200303102184469495e+01
1.609682976865248705e+01,1.941584511087557985e+01,2.215627919722231454e+01
1.586177530516524392e+01,1.629213592024637336e+01,2.107613901175649929e+01
1.168551152583726704e+01,1.383637635258292775e+01,1.623566962377489631e+01
9.984688807103031749e+00,1.234935397888101960e+01,1.490149619501260858e+01
1.126857829310464076e+01,1.368067608007080338e+01,1.786127432047060637e+01
1.902069538479423372e+01,2.136849106778862861e+01,2.414918739682061144e+01
1.345094771796800615e+01,1.498761096351479871e+01,1.768511415526119990e+01
1.351524800874044985e+01,1.654635583927452558e+01,2.023962815674877902e+01
2.019723243715100125e+01,2.441677862766354679e+01,2.763638891847116241e+01
2.024962540033142133e+01,2.094972138190232158e+01,2.142777132663102080e+01
1.272205010461678043e+01,1.566919403527660215e+01,1.695705940272640788e+01
1.633772895010493542e+01,2.029370488156556007e+01,2.493855348830274465e+01
1.404673837574072692e+01,1.617812443041454529e+01,1.925205322869874180e+01
1.697415669345100753e+01,2.042634156807794454e+01,2.429614766287870253e+01
1.200171423789801217e+01,1.443150995257708225e+01,1.470343063307706544e+01
1.538242434009024073e+01,1.630971161748335874e+01,1.655903681454921283e+01
1.309864034440729164e+01,1.567447027729820341e+01,1.858040856289231613e+01
1.113399453315641452e+01,1.124940236451061892e+01,1.274210036041630723e+01
1.117111254879170801e+01,1.577998470539820275e+01,1.603733588924767162e+01
7.740108626780061840e+00,1.015905621973112893e+01,1.351363521803454049e+01
1.006263829586486125e+01,1.152243924557593502e+01,1.601705727772559840e+01
1.459737480798245990e+01,1.533219391295451217e+01,1.879771238380192244e+01
1.177955841090906830e+01,1.385715273770219014e+01,1.512608186123402021e+01
1.032890437431363750e+01,1.257023986766128409e+01,1.530538341649842238e+01
1.206188467904478578e+01,1.323496997848521062e+01,1.781817190191868150e+01
1.141850673051584941e+01,1.195107764515707593e+01,1.475191270639292895e+01
1.262963475081797782e+01,1.503576799559905730e+01,1.935251294584274007e+01
1.638852576290581453e+01,1.864245273296668159e+01,2.162165419938854072e+01
1.112791694461230918e+01,1.575224617502752622e+01,1.599914639413395889e+01
7.651346427288753915e+00,1.025310344297174758e+01,1.487293808272193907e+01
1.213074042980003675e+01,1.262201655283280743e+01,1.704205043034774647e+01
8.430532790523200148e+00,8.532704275963450158e+00,1.264593386176245460e+01
1.001522411864146989e+01,1.437452181452198730e+01,1.442483792201903192e+01
9.462490144059854558e+00,1.058482851801172231e+01,1.269684678476446216e+01
1.048811197374477189e+01,1.276505947849968692e+01,1.590487080108581708e+01
1.079783405437677324e+01,1.118121416098257015e+01,1.127493532968388479e+01
1.453248243615162139e+00,2.419525067998360868e+00,6.359326875326956952e+00
8.165787395674362514e+00,9.761104005123293348e+00,1.334560469880091738e+01
8.464710414930166849e+00,1.046492526106675314e+01,1.381114115452419355e+01
1.068898687413359916e+01,1.074019436702023356e+01,1.098358791042847571e+01
2.921118658807526192e+00,6.573201030855008398e+00,1.125228020483595515e+01
4.556598774892984594e+00,5.210100250053688598e+00,7.035249113367933127e+00
5.620366072117742640e+00,9.589104508286844464e+00,1.018029858919792652e+01
7.615562960771899981e+00,9.135253596907451978e+00,1.035147613855983018e+01
4.828520678579169001e+00,7.359502840007487556e+00,8.104853077914899728e+00
4.301579380113871309e+00,6.852990156157066970e+00,1.016001458026805437e+01
9.591446812294975643e+00,1.203333017095915913e+01,1.261886459356641943e+01
5.723413406396341330e+00,5.880576211838417500e+00,1.080374868035984903e+01
2.779369067271519000e+00,6.300667927076654351e+00,1.066146254713658514e+01
1.038706963599095978e+00,1.056324218809058912e+00,5.083078730885635999e+00
5.463031648697528553e+00,1.013437210586564774e+01,1.120614154014142372e+01
6.593727642999592575e+00,8.023441011540061396e+00,1.100135217283728295e+01
1.127229743263725048e+01,1.211170936043321333e+01,1.226396378383661911e+01
7.400322538329104916e-01,4.622995477600313485e+00,8.703887685152357889e+00
-5.238681909437037376e-01,2.501865631657460121e+00,4.788171323538972679e+00
1.693903145852656333e+00,4.607978570297005305e+00,6.608716051749051523e+00
8.280621012829879390e+00,9.577352254173629120e+00,1.004778215823388798e+01
8.675978638187318737e+00,1.007562804592129879e+01,1.282869500255952033e+01
6.846358415963880617e+00,6.974633064912562297e+00,1.122959806613953049e+01
4.183126851677707592e+00,6.712959416486741659e+00,9.574636792190986512e+00
9.938896001981269990e+00,1.119684056063976030e+01,1.615668402241647073e+01
5.892153998442638319e+00,8.071247908051121911e+00,9.094805658611432975e+00
1.406534681754419758e+00,6.175765740784810554e+00,6.229928065810534044e+00
-8.690276421075511237e-01,3.939894521340217892e+00,5.526691183145153730e+00
4.246749948047518153e+00,7.965716439538282678e+00,9.595674692367012426e+00
-7.877913244085936739e-01,2.248667661357773184e+00,5.081908223970011740e+00
-2.006130222753844450e+00,2.124294159772210477e+00,5.106179261825305460e+00
6.873141558184698852e-01,5.107014280360026248e+00,9.275169300668540728e+00
8.033176233064301286e+00,1.016618757943910722e+01,1.301974523834505248e+01
-2.349997604461620426e+00,1.768933942370267687e+00,6.255545005304995243e+00
8.315603006174988820e+00,8.761108462605552205e+00,1.280343940386974566e+01
4.615412441875270666e+00,7.306976973187904179e+00,1.037117232674046541e+01
-7.516667380892583239e-02,1.853897955415422683e+00,2.217409915550490052e+00
1.343492403359905829e+00,6.071706522475256662e+00,1.075389503737297048e+01
1.960828070143770585e+00,2.941449104719938923e+00,4.872847836671394539e+00
-8.028389241517519537e-02,2.882709238272730179e+00,5.692448232989896439e+00
7.906004680552446651e+00,8.522154011102418991e+00,8.577269718869406034e+00
-3.614431768619486007e-01,4.539148024133207393e+00,9.457049423805946375e+00
1.578370070928866831e+00,4.336994822118183102e+00,6.543555530992730240e+00
-2.679654305845158291e-02,4.766260619477209026e+00,7.119772837063364612e+00
6.289606368354310639e+00,8.651205635155132967e+00,9.265999568633253247e+00
2.133477848207368854e+00,3.959490535600279859e+00,7.198986323276216126e+00
3.368722565881498099e+00,7.020803832129742794e+00,1.199922498231211421e+01
3.053327457247822618e+00,7.005599059039526288e+00,1.041014185542237946e+01
-1.282652973984789391e+00,-3.720365914655756612e-01,1.426709209333679063e+00
4.277010232909599807e+00,7.907004505539283912e+00,1.028740028669399642e+01
4.430538213438952155e+00,8.241935569009619655e+00,1.155125029963417305e+01
4.171984677331680658e+00,6.503778218837844349e+00,8.178861073762977441e+00
2.285986920792967059e+00,3.087229435726588811e+00,5.292060986808404088e+00
-1.386155499779939682e+00,1.983872745622820233e+00,2.346621182798286576e+00
2.638278602485376823e+00,4.224106948180834209e+00,4.897048176291641575e+00
-2.280482581355412819e+00,-8.207906804588329663e-01,3.213688469845481066e+00
3.751765431371397508e+00,5.729883694813612038e+00,1.008954942210246308e+01
-2.960817739652621405e+00,6.983616252264877033e-01,2.531167901326794478e+00
4.723017895390424492e+00,5.533381763846550783e+00,5.543472014685217886e+00
1.141892299940488353e+00,3.266120852361858340e+00,5.784289012798606855e+00
3.428761615479686498e+00,5.669172408876921310e+00,7.503381533334732012e+00
-5.768950408551143383e-01,3.058392871566001148e+00,3.529528808487175429e+00
3.722224159114736253e+00,4.262212466034826619e+00,6.997705113962339851e+00
2.236842578557260541e+00,2.390306577507629981e+00,4.376589196657503678e+00
4.351085864880720244e+00,5.332434597315121927e+00,6.393146085858714578e+00
4.925657413581351562e+00,7.347983342322125466e+00,1.003061322402964528e+01
6.169964404320481322e+00,8.237673246008540673e+00,8.908407505701369189e+00
1.201990156527574349e+00,3.554213415245187857e+00,7.552159313752838443e+00
-6.674763305471010710e+00,-3.286935049822822030e+00,-6.948666121432403031e-01
2.515746935165767084e+00,3.225421571272952814e+00,6.262848123029039371e+00
4.342298619757380962e+00,6.866448921086544033e+00,1.099293347766853124e+01
7.128037166893721022e+00,7.890866924306684460e+00,9.832991974077016195e+00
1.009245957118998760e+01,1.059665371482943996e+01,1.321753778559085823e+01
-1.566348002128146621e+00,2.951242396222104158e+00,7.671238018790157653e+00
9.518968709165086750e+00,9.670091779705098034e+00,1.151541871977410736e+01
2.507968899337482682e+00,4.135266552179514221e+00,7.301424186024116025e+00
2.950468550741993212e+00,6.492803008798212261e+00,7.432798723404519414e+00
5.566053313417326009e+00,6.485481496031011872e+00,7.907507984618012742e+00
8.942826868552684161e+00,9.070231718846969216e+00,1.193799617942434033e+01
-2.954306452843614927e+00,5.339162956650564951e-01,5.588291142750781981e-01
-7.843804143330799228e-01,1.380188855769601375e+00,3.663894768592546036e+00
2.829285395991284258e+00,5.880184694393762790e+00,9.641425446738962179e+00
-1.931888778524683214e+00,2.401641727286154993e+00,3.184280412783778491e+00
4.004483473429951701e+00,5.984266491161392310e+00,8.978303867314320286e+00
6.075390797166029699e+00,8.522321907016205955e+00,1.184720995200385829e+01
7.374055147310148328e+00,1.021173482117071352e+01,1.184937589401124391e+01
-1.319214979448320335e+00,3.271009267411680632e+00,7.383201700909412857e+00
-7.713943876196487359e-01,2.871602577632814679e+00,4.808383082749730697e+00
7.452971483616905424e+00,7.711430522748417893e+00,1.258625292599504064e+01
5.433739057257422900e+00,8.822223447418377162e+00,1.025784358436954413e+01
2.197747168434362575e+00,4.471099794361878210e+00,5.711327485992025110e+00
4.081765816230378263e-01,4.114284220253721536e+00,7.336416860682867025e+00
6.461709060152993622e+00,9.059575714244337163e+00,1.093671828802732904e+01
8.459396173339852609e+00,9.992335091961994209e+00,1.405760028106049297e+01
5.042213562288548445e+00,7.004632827700675968e+00,9.388015081062503597e+00
7.911307560156799923e+00,8.779558058924660457e+00,1.310553873388338531e+01
3.569420431482794420e+00,4.800072458599122349e+00,5.649457456078589956e+00
2.600705377851048716e+00,5.723649533166970116e+00,6.394630573155666298e+00
2.033485995656473477e+00,6.923374987366115008e+00,9.721955833743834319e+00
5.609462290154364261e+00,5.838599625789916203e+00,6.536820621025882794e+00
-1.791228580809574034e+00,2.873896931653695752e+00,5.614265931562041345e+00
4.459727950787177875e+00,6.234630009157991815e+00,9.710879111769127547e+00
7.337023146475459612e+00,9.198775798933699122e+00,9.913679748921671475e+00
3.247886273542841540e+00,6.972000772467777274e+00,8.794625376267775962e+00
6.041036681248028728e+00,1.094577367682577673e+01,1.228410599698487360e+01
7.032171800323185451e+00,7.422521178263808750e+00,1.032940754392652316e+01
5.160319739655867544e+00,5.662141141975615355e+00,9.640983703423792406e+00
7.360019496518853899e+00,9.213499196652430001e+00,1.408143134187170631e+01
6.802712623000036984e+00,1.130383338664575454e+01,1.387979561769702386e+01
4.759312007891081109e+00,6.532401690256152804e+00,1.148045116299478252e+01
1.881017968762162873e+00,3.669830250204665134e+00,4.247099813615197839e+00
6.854284084953413902e+00,1.053961351769127930e+01,1.468401431562038617e+01
1.038810398301754923e+01,1.200806587131071979e+01,1.339321348246936694e+01
2.534270794614740474e+00,4.677567739131685443e+00,5.670032175372499594e+00
8.640431010789594524e+00,1.310612584236600853e+01,1.737397457511023902e+01
5.117589396384220279e+00,8.645941828649910121e+00,1.277639231196767966e+01
8.407762917988794271e+00,9.665301850238581238e+00,1.205599496292579254e+01
7.653682677558865777e+00,9.484662652709880959e+00,1.360463988262421964e+01
8.988808577581018255e+00,9.730458956173636764e+00,1.067705939049585417e+01
7.150690522714199027e+00,1.022983104564251633e+01,1.215521143585145403e+01
1.102821500452430215e+01,1.177177377979368877e+01,1.231599249687417696e+01
8.001709141980152040e+00,1.036936548567443239e+01,1.406226931920716083e+01
1.588683394638002788e+01,1.615246796024525011e+01,1.986038558726359682e+01
9.038643819282116354e+00,1.210960301255740390e+01,1.375889934340217380e+01
1.325180716370732092e+01,1.340391287026789691e+01,1.825238264347186856e+01
1.633402764508335636e+01,1.821574338609135779e+01,2.288511976066227049e+01
1.220856344114380931e+01,1.483210307903064873e+01,1.767462454890737789e+01
1.928487743807459154e+01,2.093268097575237618e+01,2.296036287097259887e+01
8.763175225396896195e+00,1.206256384619617350e+01,1.439912593019163900e+01
1.344036090790273974e+01,1.541541902607664838e+01,1.555986410603395775e+01
1.280688016694748832e+01,1.465186727292837965e+01,1.560552582102996055e+01
9.440078715513461560e+00,1.409497520645852475e+01,1.537835582179032556e+01
1.484888648699004321e+01,1.515588422544235847e+01,1.598978113264148604e+01
1.345146799699864637e+01,1.408795316323955227e+01,1.498246871526117552e+01
1.531879357105605166e+01,1.652803747888177099e+01,2.129425428609515336e+01
8.249007296566787772e+00,1.207759013229896716e+01,1.320274093152653094e+01
7.519582897062084825e+00,1.090875391021203811e+01,1.413405308280894523e+01
1.412853757782435515e+01,1.576456883119096197e+01,1.761603903699354845e+01
1.314287508672527593e+01,1.765190252097677615e+01,2.005581482145155192e+01
1.210583517364146999e+01,1.682018517925114409e+01,1.773352303636062999e+01
1.019518908770204746e+01,1.038111755131642511e+01,1.284109884772494325e+01
1.538884520152247148e+01,1.833651148780560192e+01,2.093687082776151698e+01
1.253136455004541183e+01,1.578619472849964822e+01,1.755548641715689584e+01
1.891698354072125809e+01,1.958975025090597910e+01,2.098966043250799629e+01
1.159826665915861099e+01,1.196058069636438859e+01,1.231208981746746467e+01
1.800936084661172032e+01,1.988700744267199028e+01,2.437222855990342651e+01
1.396006474147321441e+01,1.642980269695402384e+01,1.727727403656388105e+01
2.150908256640848037e+01,2.331485550727970590e+01,2.820322748015037462e+01
1.794333301842171480e+01,1.809852104080318469e+01,2.110664526960619014e+01
1.623374749570534092e+01,1.928500774256640327e+01,2.369258066513192063e+01
1.377087064571768593e+01,1.585144437680368235e+01,1.795889113254497715e+01
1.191038791291216725e+01,1.675570180186220526e+01,1.687549555300340742e+01
1.436316006274639179e+01,1.740037048338281878e+01,2.090921656815146434e+01
1.801612306115526252e+01,1.847170484387116574e+01,2.203956992099434586e+01
1.431172222080618539e+01,1.760986249924149050e+01,1.769161068231244727e+01
1.621921429600597264e+01,2.046914799764978454e+01,2.365366799957098110e+01
1.746129127823970961e+01,2.209472912158847535e+01,2.522743088763682096e+01
1.863119594014681013e+01,2.075609934611851060e+01,2.383714884346662899e+01
1.558978497564563526e+01,1.990650486501782268e+01,2.201312474269463593e+01
1.631317371574091268e+01,1.842731584003654177e+01,1.894476410319885318e+01
7.951554330043833829e+00,1.076919751796942748e+01,1.298851863422326325e+01
2.010530385063272263e+01,2.199541965323134463e+01,2.219129197448524238e+01
1.485887979341302234e+01,1.787835103097586398e+01,1.815523288157880799e+01
1.824443531108300220e+01,1.868643206673844759e+01,1.894809973607338449e+01
1.739005803240524983e+01,1.881062554186157243e+01,2.139518710477466001e+01
1.854254876389407514e+01,2.151952427983216865e+01,2.324590259380109103e+01
2.061577059658888800e+01,2.409262181922029455e+01,2.799843793877905895e+01
1.597786142345808891e+01,1.899180615225949253e+01,2.069963685216208660e+01
1.637278471484000164e+01,1.660185040766553399e+01,2.128428972817496145e+01
1.760589272283121076e+01,2.249767609364829113e+01,2.298662880579425405e+01
1.603022632882247933e+01,1.812186529580390726e+01,1.922190410933457372e+01
1.776077654340400969e+01,2.048918777120556811e+01,2.292429292846900779e+01
1.835107173140261239e+01,1.942312892230819443e+01,2.396788975644049202e+01
1.802000238710002122e+01,2.248529794994244213e+01,2.596535913904367021e+01
2.025886361340735675e+01,2.385619670472210174e+01,2.560077396756450341e+01
2.253340192153643784e+01,2.446999078588023480e+01,2.690963837322800956e+01
1.902852481008244823e+01,2.222597004767991180e+01,2.439782483991362838e+01
2.590239441053013891e+01,2.726080014473668456e+01,3.160569523870357500e+01
1.942517905172224602e+01,2.082194880812534166e+01,2.394246182264804546e+01
1.622628227220799957e+01,1.978078510687381453e+01,2.289790478373208060e+01
1.668782441790919080e+01,2.044928709151474777e+01,2.145708174968480719e+01
2.967286297346296564e+01,3.163556091936199621e+01,3.442650223238313600e+01
1.597822013875498826e+01,2.033265397081319392e+01,2.517242551485568569e+01
2.351634442284689186e+01,2.781438905457051192e+01,2.843881692677444306e+01
2.342859171519125283e+01,2.357256451858630797e+01,2.498587878828935516e+01
2.484046502963877501e+01,2.687670001112049079e+01,2.750167568775353288e+01
1.461487699770631288e+01,1.801233868761977774e+01,2.251525230751356332e+01
2.165260531814947242e+01,2.364933184533266797e+01,2.859478058747547635e+01
2.554246731486928468e+01,2.700315496202278354e+01,2.902376928669636058e+01
2.656424522181097103e+01,2.684021944138898164e+01,3.039583664940276009e+01
2.978425612815834356e+01,2.984990380607736427e+01,3.199949152766998850e+01
1.979653222850566507e+01,2.092779038233203082e+01,2.407760144437122563e+01
2.638222493854424044e+01,2.745548380560467194e+01,3.025064739401325298e+01
2.621032568225961512e+01,2.662495720585353709e+01,2.701507433100763933e+01
2.114005268041693242e+01,2.557053748713315855e+01,2.949252499514967241e+01
2.146817804071173086e+01,2.630615272371484892e+01,2.744376453825094231e+01
2.313619237967096254e+01,2.459868324515805327e+01,2.958987715919877459e+01
2.022469899490294054e+01,2.362472215426863542e+01,2.513337297284464000e+01
2.696695328550822879e+01,2.825562703711931789e+01,3.246283289103299552e+01
2.746628175080684287e+01,2.946698692119795027e+01,2.967120206101456148e+01
2.526568376810165972e+01,2.707745155935466386e+01,2.796364936165833726e+01
2.713592506359031731e+01,2.760397234245976605e+01,3.203608721162211737e+01
2.414697000740193999e+01,2.762087550313077600e+01,3.097468736917315368e+01
2.968528691077791848e+01,3.268839918662384747e+01,3.628414992785612725e+01
1.872780507007668405e+01,2.346584755062959715e+01,2.380443270434511049e+01
2.820913279733881396e+01,2.838601838036779412e+01,3.119225707864802999e+01
2.481234414442826974e+01,2.684353958840016929e+01,2.725562954509750568e+01
2.144887837873606884e+01,2.622791829345320025e+01,3.005827713867353168e+01
2.873633835344488574e+01,3.116786050527016982e+01,3.594306455285105528e+01
2.541589631267085991e+01,2.926461569784942895e+01,2.964829644846819789e+01
2.426931539059583187e+01,2.759162480559740160e+01,2.995148483872322842e+01
2.775188933274435499e+01,3.071062423896321647e+01,3.191376195042832009e+01
2.370155049272502623e+01,2.603603528870909400e+01,2.768054204489505921e+01
3.062342324626837353e+01,3.283999193882176115e+01,3.335956500842215888e+01
2.871064877554747596e+01,2.935420875402381569e+01,3.164597962584030810e+01
2.960311909479954551e+01,3.081436100776828368e+01,3.217418289546846211e+01
2.330552049252243307e+01,2.653616253357024490e+01,2.660140090488178544e+01
2.478011590626777405e+01,2.707612801775909261e+01,2.994043804148714116e+01
2.796858297927011350e+01,2.970211075588738225e+01,3.235604759761574201e+01
2.041272753071896062e+01,2.455511450862838885e+01,2.676627354159940353e+01
3.106746504243966811e+01,3.349706227853011598e+01,3.779151343466167390e+01
2.561808479111403614e+01,2.790818475208291005e+01,3.262519030209315218e+01
2.702563736114836956e+01,3.152851965709308146e+01,3.171384608134971472e+01
3.036277328589774882e+01,3.127132866864977245e+01,3.374712165034268452e+01
3.334234302584629006e+01,3.401159800890036422e+01,3.838550063669358536e+01
2.404546887873851446e+01,2.626881658513054063e+01,2.707490329483329816e+01
2.687062566912789663e+01,3.026230771180454937e+01,3.376388599290196169e+01
2.888283493409313962e+01,3.143806110947934229e+01,3.216759398365773137e+01
2.157688525824684334e+01,2.564097486521804470e+01,3.009432640029832129e+01
2.366261019454643844e+01,2.827142719947920568e+01,2.934514771687957335e+01
2.705915043057662928e+01,3.005360403149084902e+01,3.356068588495661231e+01
2.778744976672307132e+01,2.817665401353761823e+01,3.097574871691475806e+01
2.271380070621677305e+01,2.295415378837501308e+01,2.697022074972198880e+01
1.996889242014844967e+01,2.438539416822444750e+01,2.754841343264287801e+01
3.142030141706831969e+01,3.605716006883085356e+01,3.741844287224601118e+01
2.965872578392143311e+01,3.319725111060029832e+01,3.408313704026269164e+01
3.119851154650235969e+01,3.152901986545708013e+01,3.365177048316146369e+01
2.449890806843563951e+01,2.924924994338990558e+01,3.338514314299440855e+01
2.412961807229201838e+01,2.763279329681460439e+01,3.096507603494629990e+01
2.953711705522132291e+01,3.082978331631518287e+01,3.098288898331353636e+01
2.451109685886378031e+01,2.679331683757747840e+01,2.833320674583116272e+01
3.084759036498331497e+01,3.264516497473130130e+01,3.300475776750243284e+01
2.994818670641654990e+01,3.125964968406644573e+01,3.415544635961541076e+01
2.533984042781298740e+01,2.986686737276816928e+01,3.395899225652021869e+01
2.728809870800444415e+01,2.877606456604788221e+01,3.263674285487589799e+01
2.527459968600775397e+01,2.871125509469285930e+01,2.942899875405599630e+01
2.757357706425808885e+01,3.051175933137184160e+01,3.447201855591919184e+01
2.523486491218291050e+01,2.591855836360657150e+01,2.623697270763900846e+01
3.627148175166882282e+01,3.660196389544196904e+01,3.920983399301305639e+01
2.804136511524826503e+01,2.820884412156808807e+01,3.059032895469468016e+01
2.316386986288246064e+01,2.580680069692075307e+01,2.682544461749329656e+01
2.694959945160179871e+01,3.179951234833615814e+01,3.552862760464912384e+01
2.595862198617741967e+01,2.793398645695842220e+01,3.226939968446704654e+01
2.560389361959359533e+01,2.782693531132728992e+01,3.142766551159722610e+01
2.640109306213157225e+01,2.939013567609614341e+01,3.170122256919984594e+01
2.630184231893642277e+01,2.761435979793404982e+01,2.770997054730386822e+01
2.729760724872051370e+01,2.745606623789937828e+01,3.067265264139970427e+01
2.423946485451075716e+01,2.859171498949983459e+01,3.275243543739121321e+01
3.042765648369667275e+01,3.316649896285740340e+01,3.336258845782197113e+01
2.799528993256448217e+01,2.831959837902047994e+01,2.922644851877809202e+01
2.720624709958013909e+01,2.829197598404165248e+01,3.019491459735998617e+01
3.098413966419223087e+01,3.198889946117955319e+01,3.350193047227974574e+01
2.243423867601208954e+01,2.274945677421103341e+01,2.480186656083188979e+01
2.782941089362557108e+01,3.047131483609201652e+01,3.408952486641517510e+01
3.018402064922826256e+01,3.052267709785918726e+01,3.513626886328292898e+01
2.651747218162444852e+01,2.873787340133377199e+01,3.080958100784697251e+01
2.247483860049557336e+01,2.727070809493353565e+01,2.989302690284455366e+01
2.703504548267434160e+01,2.833861585405884398e+01,2.847248967624295446e+01
2.284171183728245325e+01,2.722103901838651652e+01,3.103593539898743003e+01
2.555179500461645503e+01,2.878628442783973185e+01,3.100971825857805086e+01
2.324251733844637258e+01,2.719413965774505471e+01,2.855241046139922645e+01
2.993444410274288003e+01,3.103232533459624420e+01,3.568401049896278465e+01
2.621433640665661358e+01,2.656303836572412180e+01,3.109963409090588016e+01
2.585093016855680048e+01,2.699407314953814208e+01,3.170916597586302288e+01
2.783618743035341225e+01,2.975553376230334379e+01,3.167604991035657491e+01
2.914043226102665329e+01,2.937330802208953173e+01,3.349905380475402694e+01
2.330034729561359796e+01,2.763205858016676686e+01,3.119525798966335017e+01
2.243285752646672293e+01,2.611645680434552119e+01,2.765765580207635210e+01
2.297940552991017427e+01,2.634080522872007535e+01,2.640973159747661114e+01
3.160486199947225572e+01,3.524047996479922062e+01,3.982826104773948828e+01
2.840102782104689538e+01,2.958837530197338594e+01,2.995151692432084900e+01
2.436031531780413673e+01,2.788767658864001930e+01,3.255723497710687298e+01
2.171308581575969754e+01,2.616636438754491323e+01,3.081430696084097320e+01
2.740807425958773536e+01,3.074280505033763333e+01,3.271842313497045751e+01
1.767691675003216289e+01,1.985762412548974964e+01,2.444836723409273560e+01
2.494246276196891543e+01,2.828480134642679644e+01,3.135999554838395653e+01
2.291589758294102097e+01,2.622797953696326090e+01,3.042355217520221089e+01
2.608340019508830210e+01,2.635731608832820072e+01,2.719370502723142380e+01
2.812191473024125798e+01,2.925373444878791318e+01,3.031496507126884055e+01
2.744096426072740869e+01,3.006672382705458801e+01,3.157780375562944641e+01
2.329710294786801228e+01,2.514159971686748918e+01,2.762480982769689319e+01
2.219231378132744226e+01,2.485976108729009937e+01,2.711815823615111753e+01
1.918393077026511406e+01,2.198770070738462934e+01,2.341844908782438850e+01
2.120105691284611282e+01,2.429127703525845305e+01,2.613889471023503930e+01
2.426512967956274025e+01,2.906378255692892409e+01,3.363325049436352288e+01
1.943240610129544876e+01,2.329486293428945487e+01,2.743122096916272312e+01
1.357822630949324960e+01,1.843980072695025996e+01,1.937664509536925195e+01
1.763008150709376309e+01,2.084225823445287773e+01,2.159478482058359461e+01
2.113929724320226100e+01,2.237676920244913248e+01,2.450793626113632939e+01
2.066572443300361428e+01,2.129917072040468540e+01,2.300763215392552041e+01
2.229095764401449031e+01,2.523750053506387303e+01,2.584165700909118613e+01
2.144215273836924140e+01,2.452780308217257854e+01,2.642580045183002113e+01
2.423164515453989054e+01,2.608501929904593908e+01,3.055083921029077487e+01
1.990882718220800740e+01,2.186251899809713350e+01,2.539381037482803904e+01
1.878976320135956612e+01,2.337065852397629584e+01,2.706961085591869676e+01
1.616616748517831681e+01,1.946751656180099843e+01,2.082876393094130307e+01
1.767745116013287898e+01,2.131391032082139958e+01,2.235318562065386416e+01
2.170480342404005825e+01,2.207791584129591911e+01,2.483686034741052495e+01
1.747898085116614197e+01,2.208707444285346000e+01,2.354633385264490997e+01
2.280382283836168611e+01,2.435501268458045843e+01,2.718747141799585521e+01
2.182114504886563466e+01,2.260082361660976602e+01,2.599388366424074093e+01
1.852881553031575024e+01,2.091289974085517400e+01,2.177154410036360588e+01
2.490420148479607576e+01,2.724631038477394185e+01,2.780256776586439571e+01
1.469363693667837545e+01,1.782300234373714787e+01,1.833480108680303644e+01
1.947917211019448303e+01,2.325841965728779570e+01,2.667644431365235036e+01
2.006169735217246952e+01,2.037909036745953273e+01,2.077091259849764882e+01
2.001368311330340788e+01,2.161015412299794036e+01,2.225527457985461410e+01
1.501187870219389353e+01,1.665255153227790075e+01,1.767949033403509418e+01
1.298596494252227806e+01,1.637484650054739888e+01,1.701161584220564293e+01
1.847638778044018437e+01,1.865414306144913326e+01,1.976334756224660438e+01
1.731455146925231503e+01,1.918364650630655888e+01,1.928456826767753185e+01
1.210459814618243968e+01,1.581442148555240834e+01,1.953764705031776217e+01
1.492874715008661290e+01,1.730037165308882052e+01,1.977979126453947245e+01
1.600067550094172475e+01,1.961749052429470908e+01,2.334597273111050342e+01
1.326214831507124003e+01,1.653442446611550309e+01,1.703111457922546634e+01
2.013403699343214726e+01,2.307651453140451281e+01,2.601007168596442298e+01
1.429109162615593576e+01,1.624734478473593313e+01,1.708315624053134840e+01
1.290416939378102512e+01,1.757649373060875675e+01,2.150677029446394073e+01
1.461862422984245136e+01,1.682730321103883853e+01,1.826159656212988125e+01
1.151404709938171500e+01,1.359005910536977879e+01,1.598633234910564305e+01
1.312438266116418362e+01,1.700886903161805463e+01,1.724072910288075633e+01
1.098354793653412109e+01,1.440716630623648875e+01,1.758510679910643404e+01
1.686788665867280201e+01,2.019491285494671828e+01,2.375933158263651279e+01
1.205283771798805326e+01,1.683462212476435127e+01,2.083439693005752247e+01
1.293960695783750303e+01,1.580544011670243520e+01,1.797225156587473549e+01
1.077323446977314525e+01,1.503572610399834986e+01,1.999303275599020324e+01
1.427933263620193038e+01,1.914348117871177024e+01,2.189723762321303369e+01
1.257855233068518785e+01,1.584135026029744608e+01,1.994481756635830649e+01
1.012314210493940791e+01,1.217379874271720652e+01,1.568286256065558604e+01
1.575276512063650181e+01,1.763682963648861701e+01,2.073916216957961467e+01
1.643395715532305346e+01,1.717141907515116728e+01,2.103544427051121346e+01
1.160977870258870226e+01,1.207042384186832962e+01,1.274634748721852162e+01
9.430472767105598564e+00,1.356483867226756601e+01,1.635571743173830228e+01
1.818490554356293387e+01,2.070361525073736431e+01,2.510753735734257219e+01
1.340451400622974099e+01,1.506403321697674613e+01,1.672496062145187778e+01
2.256395556657782464e+01,2.522796104084371294e+01,2.944426609439812381e+01
1.670290393772948434e+01,1.773591624693599300e+01,1.920165512338810743e+01
1.739576263657961874e+01,2.103462319027318728e+01,2.597736943869602655e+01
7.639371546793269019e+00,1.112447962137528812e+01,1.394106636608374927e+01
1.607582463428637709e+01,2.045303919308723550e+01,2.249520313098385316e+01
5.823704351259586076e+00,9.216966631148874711e+00,1.041605373017693204e+01
1.016559544026866391e+01,1.214163828707120096e+01,1.573538602568029532e+01
7.287237663972819135e+00,1.032419349483697957e+01,1.484469251496347830e+01
1.142343916672615478e+01,1.245702498096737898e+01,1.490683544142534878e+01
1.367575893376301011e+01,1.393727690483661164e+01,1.878323642312156494e+01
8.579824121025115602e+00,1.160275012666961914e+01,1.251211344461188446e+01
8.338693060780077104e+00,1.259857354567183307e+01,1.315246047719180567e+01
6.220015718841056085e+00,1.064036445710574874e+01,1.083979572012193060e+01
8.261348306631562721e+00,1.296307328056207808e+01,1.444979478303081954e+01
1.066133293071864330e+01,1.249912254914480059e+01,1.564027753460113956e+01
5.379459408630932415e+00,1.009021418237225021e+01,1.105425016319071574e+01
8.257750510078555095e+00,1.004833358718145497e+01,1.343680677480237762e+01
6.532617370908888610e+00,6.881000056968913370e+00,8.584138785987450504e+00
7.631946068055393440e+00,1.079572280650079463e+01,1.298268977180931927e+01
6.726629013165031701e+00,1.161983502509966293e+01,1.649886432992931873e+01
8.275563280108446662e+00,1.291188521801990241e+01,1.768836077406849938e+01
1.500162209806718216e+00,6.262461754440856510e+00,1.046805020714932510e+01
2.433650284169590172e+00,7.179839783277992993e+00,7.224181592772315419e+00
7.284025027031226784e+00,1.119878554949867144e+01,1.387885785470353639e+01
8.686457304773441024e+00,1.103242605765943907e+01,1.166654408415321065e+01
9.878692545260131297e+00,1.165867084094098161e+01,1.358244991764637533e+01
1.525346511443880537e+01,1.634256646846592886e+01,2.106859290783828698e+01
2.171682327482033159e+00,5.223536315258932028e+00,1.005534260944777358e+01
3.584708779847312066e+00,6.518667214268655030e+00,9.161798021274261572e+00
7.156406916622674252e+00,9.095594456876682443e+00,1.007852874296185419e+01
7.676906687981382760e+00,8.580930418408245330e+00,1.221725243080139478e+01
5.226878807562299833e+00,9.287490643446545846e+00,9.466794089640263365e+00
1.237153883548345412e+01,1.289413506745610682e+01,1.657557013118660905e+01
1.383404559054933713e+01,1.469141359358163967e+01,1.659215890217923217e+01
1.492119872654134483e+00,5.452030378198416294e+00,9.813583801855724431e+00
5.174783402219092387e+00,9.746809025779452185e+00,1.144475446400932839e+01
8.910857052157460600e+00,1.191008905964580045e+01,1.431352958348663229e+01
1.943349642986990311e+00,5.497630407718691714e+00,9.198527498082741616e+00
6.790134762967863225e+00,7.912904254406004867e+00,1.262503298318177691e+01
3.625520299501955535e+00,6.059044149702478954e+00,7.189574237905925536e+00
8.189659883189959189e-01,2.216445897598831039e+00,2.914069583108051198e+00
3.698525799228468802e+00,4.556123474458804168e+00,8.828623441595400578e+00
1.969196743712513076e+00,6.162497857783791666e+00,8.353910830712010238e+00
8.352100571430909781e+00,1.083434232954775212e+01,1.116502699022341183e+01
6.274243695378802776e+00,7.475695723169108575e+00,8.662340986911523544e+00
3.091051580390673514e+00,7.292929261963349674e+00,9.468850890041203172e+00
5.708159300225421617e+00,5.903605254491811394e+00,7.242863024201216859e+00
4.588734716336642094e+00,6.844558807606155426e+00,7.692186899383322896e+00
6.618716718984341441e+00,6.957753421361158708e+00,7.759246890437665911e+00
-5.610214350362507929e-01,6.249169017586275743e-01,3.085276938015549142e+00
3.872846825587000108e+00,7.704483744074582141e+00,8.877152589885030309e+00
1.519406128759949404e+00,5.613509059067603779e+00,9.789315257061687703e+00
5.874214414372264770e+00,9.213952746917005499e+00,1.182415865762595431e+01
2.089265412285074230e+00,2.770351526633500150e+00,5.535524915567627602e+00
8.283114653882018175e+00,1.044896005746441503e+01,1.118954955144688945e+01
2.233941938483609668e+00,2.807603032496743811e+00,4.117111750030924000e+00
5.109139563714700571e+00,8.758354690171566759e+00,1.185949983283265752e+01
3.019658925423043261e+00,3.785020711020692818e+00,6.027306591182708395e+00
5.641145661472524608e+00,7.007916215936599968e+00,1.151792938227177387e+01
8.698614806993230530e+00,9.031406191212465018e+00,1.053903590432226878e+01
5.409966116536994996e+00,6.597967048364806075e+00,8.608071642819819402e+00
3.690804183891291501e+00,4.161386312915520413e+00,5.329428789212204975e+00
-1.207559813251332770e+00,3.352904525349004849e+00,4.307494535563332505e+00
2.465544916670018960e+00,3.920778357496336408e+00,5.905666251235102138e+00
-1.292271455633708932e-02,1.260768556379510130e+00,4.437561591821239659e+00
4.941858199358772907e-01,5.356374522027084417e+00,8.017524160462581762e+00
4.377969959052818716e+00,8.500476077190947777e+00,8.909675169211197954e+00
5.881626702386208549e+00,7.973517464879319228e+00,9.306799251954815944e+00
6.879635028475883374e+00,8.440991860685823411e+00,1.267688022659285352e+01
4.213089466480923306e+00,6.886272420833002172e+00,8.719920292642354909e+00
-2.495979032283453414e+00,-8.937050175403387087e-01,-5.685364453950052521e-01
-1.001839514069529979e+00,3.463494974328924503e+00,5.196776182874411454e+00
3.065322723966616092e+00,6.102364499744028059e+00,9.021094670472596277e+00
8.784050195679684592e-01,3.162973457273059452e+00,7.179990782052321663e+00
1.957128044048987325e+00,3.514600342113674447e+00,6.105357901443092317e+00
3.850154831046146420e+00,5.158545674870351760e+00,9.369960205643781848e+00
1.501714978598662320e+00,4.599541068754679607e+00,6.428441723349829218e+00
6.451131745883264657e+00,6.512990040733596331e+00,9.662971911541911041e+00
-1.447963064117457677e+00,2.152848763177360514e+00,5.171879278246038325e+00
-8.071706656179447492e+00,-3.138115957958518720e+00,-2.556136399903532919e+00
-1.716133943163162812e-01,1.304157546875064355e+00,3.411405736686599521e+00
6.465447303982371885e+00,8.416553288371858343e+00,1.212739972549198519e+01
4.186811768402621148e+00,4.831788778011512520e+00,5.188007818994803344e+00
3.475098298032248234e+00,3.630094451153275337e+00,7.075363743781711179e+00
4.585685965377923168e+00,8.542939970440805553e+00,1.093047762756681607e+01
-1.607957884260468040e+00,2.911099745090117707e-01,1.179350836445629991e+00
5.383669017457599182e+00,7.768851597950684251e+00,8.299927834323881370e+00
5.498552186566510791e+00,6.065169508689262301e+00,8.281494371949071009e+00
7.197009097604390782e+00,7.295782546255320966e+00,1.087607374812941430e+01
1.555684495860043093e+00,6.182294517045900051e+00,7.820512614561482501e+00
4.226158245281880887e+00,7.451045669189595877e+00,1.201913118740336017e+01
5.270156886921117056e+00,6.410469670981339796e+00,9.127698687721451876e+00
3.128498315583294609e+00,6.039580532952515846e+00,1.018021649804936857e+01
3.275252235464702011e+00,6.325434998221403760e+00,1.024756628687203985e+01
2.831659085373723350e-01,1.667925659163060015e+00,5.156338032719743225e+00
2.184330469644861772e-01,2.743261503589079719e+00,5.532378383543196776e+00
9.601039460187518415e+00,1.308810678964798058e+01,1.716703449850735552e+01
1.930444916427712876e+00,3.082075222297601780e+00,4.337288433388730269e+00
-2.904030202878312927e+00,2.090895143054132710e+00,2.377833390099887367e+00
3.616771665457506391e+00,4.164188807617026811e+00,6.726075774973057975e+00
7.306695891359149542e-01,3.464919472423529268e+00,7.040596393671435749e+00
-2.067003511901828183e+00,2.502863399583965531e+00,7.088590152686624180e+00
4.529982165670968008e+00,7.721506575604228040e+00,1.149877744763908183e+01
1.742107899092495860e+00,5.013143278840518136e+00,5.833060219953542180e+00
-2.622489605090620124e+00,2.099923385448407842e+00,6.322918159792792814e+00
3.396072590929865243e+00,3.885043603761363151e+00,8.812031959416813720e+00
-1.695970820377929122e+00,2.521017912889302437e+00,6.991951003464828673e+00
2.286923485893053609e+00,4.895668662051747333e+00,9.423283436091367093e+00
6.900848584914729855e+00,8.575773070128844822e+00,9.359689201929645819e+00
6.055178138707932867e+00,6.267897730556909686e+00,7.577255154230289946e+00
3.534276398477149250e+00,7.889796504050961445e+00,1.111344642043112962e+01
5.745676409968323739e+00,7.489538478789317999e+00,8.624426212013503346e+00
5.241467127310102114e+00,6.521090334651055365e+00,9.899277491287403308e+00
6.758600163245189307e+00,7.570094752223035073e+00,8.242888109463935464e+00
5.306600588163740362e+00,8.479159974506142561e+00,1.287683909090536361e+01
1.349379325700006405e-02,3.900117896684901275e+00,4.329783341074593395e+00
6.819810475979267927e+00,1.072897311059018755e+01,1.524374391039790666e+01
7.978059878513618308e+00,1.145501589282562094e+01,1.529361446738071706e+01
9.994690824846124144e-01,5.391226974172055542e+00,8.035891296957604624e+00
6.821062805923617134e+00,9.530112009398935768e+00,1.255623643386219612e+01
6.750325420375889784e+00,7.785839927808431149e+00,9.942179085034975827e+00
4.303742352270585769e+00,6.956488096287804623e+00,7.175113658586509402e+00
1.154749565514417853e+01,1.393970495687886313e+01,1.711208031950925701e+01
3.155542685134658853e+00,6.907263314320758241e+00,7.141069834142962591e+00
4.165943039421332372e+00,6.903234313231768837e+00,1.070701002041089822e+01
7.746088734697432088e+00,8.672129713625867709e+00,1.037692278733983642e+01
7.391569468183562641e+00,7.792371631503431928e+00,9.779621189709434503e+00
3.570255421914994898e+00,4.885796611096724362e+00,6.663775190473789856e+00
6.407419740046185197e+00,7.309083496827890158e+00,8.684954459734706589e+00
9.919026623378455199e+00,1.189394244900815245e+01,1.196676689605320121e+01
8.369078060147105091e+00,9.975825127791141611e+00,1.074630943431161789e+01
5.508525352964462662e+00,1.018146267595809995e+01,1.202589554657155446e+01
1.089130335463637778e+01,1.286168060955459325e+01,1.729878616323921747e+01
6.969830842219163713e+00,1.103890639018056063e+01,1.139506913511101338e+01
6.558366837436383712e+00,6.855225368422965815e+00,1.108940328044444179e+01
1.131315632268437632e+01,1.188867172407745443e+01,1.418057023653185489e+01
9.795175272349350593e+00,1.053044221041391815e+01,1.271760494814050624e+01
9.206879584259693772e+00,1.023866307967980482e+01,1.342024048947881809e+01
1.183518172502274624e+01,1.225842438934103029e+01,1.562230346834801153e+01
4.551516009532667439e+00,7.188440653360457233e+00,1.022179341597956181e+01
8.209066281110668939e+00,9.963423597740817428e+00,1.463051049129390790e+01
9.950022938680863405e+00,1.045753988771607190e+01,1.493316416770892729e+01
1.345711669033405222e+01,1.620090776712739711e+01,2.043541658673442640e+01
6.305128391652448094e+00,1.032504283786828658e+01,1.155350959941883637e+01
1.275327225760062611e+01,1.382875571177788743e+01,1.630509503738144872e+01
7.194028864792255895e+00,1.074761480937405445e+01,1.244776469105063654e+01
7.034982307923613121e+00,1.149826629166030934e+01,1.319650357828621878e+01
1.380788328200932646e+01,1.401535739379662893e+01,1.770466813232457071e+01
9.637078996625819016e+00,1.045341851912506215e+01,1.503988439577866210e+01
5.789487642569854486e+00,9.071948644716307797e+00,1.057947283033129970e+01
9.055201148352507445e+00,1.121121924515566803e+01,1.329424202197075466e+01
1.178416856106728261e+01,1.452566118341742829e+01,1.564442430780782267e+01
1.331704964078593001e+01,1.386307315131690565e+01,1.689560614013797135e+01
1.526238009188747213e+01,1.817788122649997007e+01,2.002894597666166021e+01
1.335441954575741441e+01,1.773744236506779259e+01,2.156007367461998570e+01
1.433554899459723586e+01,1.540092453793620741e+01,1.812366305090742813e+01
1.436425675428617055e+01,1.491996792241578262e+01,1.635484148960414075e+01
1.119953279210276698e+01,1.577343075132745298e+01,2.023669557534406493e+01
1.206963557017672350e+01,1.345496823365483685e+01,1.487879675385291378e+01
1.135449199743793969e+01,1.612732414457098784e+01,1.873865319717040023e+01
5.640044038947043425e+00,1.035343554200483140e+01,1.228770611816675462e+01
1.265265679258904008e+01,1.587214512583985737e+01,1.987784189314043459e+01
1.622922269529592754e+01,1.757025769478829602e+01,2.103771691253125908e+01
1.762849636208225235e+01,1.778426987811052484e+01,1.814211293760082810e+01
1.931025529539757102e+01,2.060384972877491805e+01,2.266732667192164641e+01
1.203360781456163053e+01,1.390543623302610854e+01,1.630395569805144262e+01
1.812789744919221491e+01,2.209924979474727635e+01,2.594578389278645858e+01
2.293809333777306492e+01,2.567985478678439648e+01,2.637972034790501397e+01
1.650555951927828957e+01,1.973993533669690947e+01,2.416322554041153481e+01
2.017248398641292439e+01,2.252614758127931083e+01,2.338701622490127363e+01
1.730482932099878113e+01,1.867768145935746560e+01,2.181433924166895366e+01
1.114116685891496239e+01,1.439386842460699967e+01,1.499990989867051283e+01
9.806084267247655362e+00,1.334897341043539498e+01,1.819360681585178341e+01
1.034494789318674179e+01,1.160082859934765231e+01,1.166388476366077853e+01
1.782737456573904922e+01,2.026308470890070268e+01,2.514146989394856746e+01
2.060978548915553787e+01,2.083404780678759494e+01,2.349963343435456053e+01
1.946187327131723777e+01,2.112236458149171980e+01,2.348042227148052774e+01
1.610387717256664430e+01,2.050771600023637120e+01,2.278214362219233280e+01
1.552809539204193001e+01,1.918367710727176956e+01,2.312770157593270071e+01
1.180729904360329385e+01,1.513312853637913236e+01,1.585686266593381788e+01
9.717667664258021532e+00,1.450675510792466483e+01,1.542480101915020718e+01
1.572360096703197030e+01,1.873504012242432992e+01,1.941517878962397958e+01
1.534361775123881166e+01,1.545093293251935762e+01,1.564977375326012421e+01
1.068230429728477304e+01,1.261585646720430098e+01,1.478964559335909001e+01
1.762587529274265208e+01,2.052198447569425710e+01,2.224707511311905250e+01
1.919558207351300894e+01,2.125528995243250208e+01,2.576323383485626906e+01
1.835493289365216540e+01,2.008017624593142969e+01,2.165490447616836533e+01
1.800643211124086207e+01,2.160373232953610056e+01,2.649488710697484350e+01
1.656225598255840481e+01,1.668330585839114377e+01,1.702550913556187950e+01
1.976469961464388092e+01,2.360002242701621711e+01,2.389315300731664493e+01
2.025334859409183252e+01,2.399269268695008606e+01,2.587676161566798783e+01
1.818239071611542457e+01,2.073171687212834868e+01,2.087055827298879862e+01
1.386742418013612443e+01,1.537705438404458036e+01,1.956288615982527901e+01
1.531366005336066394e+01,2.008218814913218964e+01,2.283439136195815777e+01
1.876695554343903893e+01,2.369052383419465713e+01,2.418044024965944416e+01
1.566524819449773176e+01,2.001392067327243396e+01,2.378559166169038974e+01
2.909961583860696521e+01,2.967308626760701884e+01,3.316273785467311086e+01
2.178342012723934218e+01,2.502475296497501489e+01,2.975891021836843464e+01
2.346069135366128577e+01,2.460019810836517351e+01,2.624764203413795727e+01
2.400605444289677948e+01,2.496099346320123402e+01,2.961759948013997601e+01
1.612850468960369099e+01,2.042881325945297633e+01,2.181875819422268137e+01
1.972086670359758287e+01,2.402283837475800965e+01,2.882726682393061424e+01
1.731430805012474394e+01,1.795292513710150217e+01,2.271514913809079417e+01
1.329156469544494357e+01,1.772400253632866907e+01,2.223421713584355786e+01
2.323834148635169683e+01,2.352999964361254115e+01,2.822527083818537008e+01
1.904220005350959255e+01,2.401560891355184779e+01,2.757801871253242254e+01
2.335028284407057342e+01,2.753493318978030757e+01,2.996884658457711126e+01
2.092185036037221835e+01,2.140726654882692159e+01,2.377289964425692759e+01
2.052922543916096387e+01,2.502811425095370268e+01,2.725329673619995674e+01
2.190361684903073680e+01,2.359751778267254352e+01,2.677108407288134373e+01
1.556750107439653519e+01,2.041141286528893772e+01,2.325159242639778512e+01
2.166939547073967987e+01,2.433262736765276557e+01,2.667915986190407907e+01
2.066907229643709698e+01,2.274015723391202215e+01,2.483332427777898488e+01
1.887414057929194655e+01,2.372761847951854719e+01,2.512800528878818795e+01
2.233814032039336084e+01,2.472618312495108128e+01,2.532806344028065126e+01
3.023075007100392142e+01,3.259006548601651332e+01,3.427234893529099224e+01
2.606241319710407822e+01,2.848466518785326684e+01,3.065060500359510698e+01
2.494156183432178864e+01,2.939379352421533298e+01,3.243385335707283446e+01
2.593006762956594002e+01,2.797149210853070400e+01,2.993444599206492640e+01
2.660548249267843701e+01,2.687191916295209992e+01,2.803219447475537152e+01
2.527937567094744153e+01,2.971927842750530502e+01,3.157322956276832215e+01
2.137495312744872678e+01,2.616540341675012726e+01,2.698494258258527623e+01
2.183093250764195048e+01,2.254862237418335980e+01,2.693009875884267146e+01
2.427772922963248803e+01,2.686746190895776820e+01,3.113092379320089975e+01
2.555466875303030605e+01,2.709486359697532620e+01,2.828906124712184322e+01
3.115489059916311021e+01,3.430474458144411187e+01,3.588191141288488240e+01
3.025382186644174354e+01,3.042318706551102281e+01,3.492610907908707674e+01
2.232851558737860387e+01,2.643053606531996991e+01,2.905967464847854487e+01
2.597129772786805546e+01,2.725809585013385927e+01,2.889340589013414018e+01
2.635055153801247485e+01,2.652285194245567723e+01,2.715209631932619061e+01
2.401113605992114941e+01,2.568818001307215226e+01,2.982406166017981874e+01
2.597285050123453232e+01,2.986811816063370983e+01,3.192314029139333798e+01
1.712156765942788894e+01,2.144821242570233011e+01,2.425623744382603775e+01
2.353767947304099550e+01,2.815873413288637295e+01,2.827170566933218510e+01
2.150896858347324425e+01,2.582845094410133768e+01,2.936941692431955886e+01
2.157584101081289418e+01,2.326872605324479792e+01,2.675938476947737854e+01
1.944896420103774659e+01,2.295881890970444417e+01,2.597271080939996679e+01
2.532113440491569634e+01,2.987431407500086777e+01,3.436510271439942699e+01
3.271692420181863525e+01,3.386515604647239286e+01,3.504461582264185893e+01
2.256231261766877338e+01,2.485849660085072443e+01,2.824830283671217757e+01
2.763995269133518917e+01,3.142453641544367926e+01,3.637069047288916579e+01
2.655556039342044983e+01,2.786475583859930438e+01,3.055342739995525392e+01
2.686818889584683845e+01,2.790751438485924041e+01,3.217562710148160221e+01
2.824386999432272560e+01,3.011122072160907237e+01,3.489366479043631841e+01
2.461811730404902576e+01,2.822431691785779151e+01,3.194467518570600362e+01
2.996258116349609324e+01,3.029151184240424399e+01,3.320580046718077938e+01
3.230357946150717652e+01,3.252415359566338537e+01,3.290123353043762222e+01
2.502996115702826074e+01,2.977838800357787363e+01,3.010784535741795409e+01
2.496765506841921933e+01,2.964688323516612201e+01,3.091785671836722571e+01
3.211649591223725508e+01,3.221485289812790853e+01,3.707090839001156013e+01
2.604406071045602644e+01,2.836247909274919365e+01,2.995196718109236400e+01
3.073028766950004709e+01,3.272930888308412278e+01,3.736178766424762188e+01
3.322241377200158752e+01,3.448490058597504060e+01,3.912846776479238997e+01
3.220166048090042210e+01,3.260927786136240059e+01,3.307642050924274457e+01
2.836541311756668193e+01,3.083708048674018798e+01,3.251130050117201620e+01
3.238343367800733574e+01,3.248531530305284321e+01,3.519941226642764320e+01
2.668763870761635104e+01,2.806174079921192188e+01,3.072711093095945856e+01
2.921506002500504451e+01,3.216453444038045006e+01,3.318633849689095427e+01
2.482876748368838804e+01,2.892158876227993503e+01,3.136314998406047749e+01
2.503186441129566830e+01,2.867410734478067980e+01,3.165216388908932643e+01
2.550671481857452250e+01,2.829595117502699964e+01,3.232010825300685042e+01
3.186799737951384870e+01,3.350198773024516186e+01,3.698033996546724467e+01
3.228648248803914100e+01,3.330508888938830836e+01,3.667907098810541555e+01
3.158413157152240913e+01,3.342152900320301256e+01,3.350040965184047792e+01
2.646341601325745785e+01,3.087084741108924391e+01,3.132922679857120585e+01
2.072141149513335989e+01,2.320887653506058257e+01,2.693772738968471003e+01
2.060319924020205917e+01,2.106890843189382423e+01,2.339902987715942473e+01
2.974913660232409995e+01,3.047112056746312803e+01,3.502907025078100389e+01
2.623071464533337149e+01,2.872787647583743009e+01,3.104291568447728622e+01
2.160749835451917633e+01,2.458491846864398056e+01,2.681595142236023932e+01
2.521222352602554651e+01,3.000901690059713545e+01,3.361949712599038520e+01
2.389962507157387961e+01,2.813562203405515660e+01,2.870045156479730153e+01
2.922580862821518011e+01,3.362730529365167342e+01,3.608577347554550840e+01
2.593731984113435374e+01,2.915790172456059182e+01,3.223695797185106926e+01
2.461083287431786104e+01,2.776054468734271907e+01,3.121369745008342278e+01
2.405346216404736381e+01,2.508724411857158643e+01,2.766158859325696895e+01
2.809047368707282644e+01,2.924163168200295715e+01,2.977056039556421396e+01
2.800727277906503332e+01,3.154498621574625972e+01,3.421010239593088897e+01
2.808014631476192591e+01,2.838655564183319058e+01,3.198029038284484571e+01
3.017866585622273945e+01,3.124036567091539851e+01,3.389614580155139834e+01
2.785938198868587179e+01,2.878760549622113984e+01,3.218219652758023841e+01
3.060332797065104060e+01,3.109536382723636549e+01,3.395415973421261668e+01
2.416287428066733867e+01,2.880494641473019257e+01,3.249693283842571390e+01
2.059026004511049379e+01,2.435134344407705242e+01,2.836140963166971574e+01
2.726568722156357438e+01,3.219386501024425939e+01,3.220539257261396671e+01
2.871032765211467819e+01,3.144363301953511680e+01,3.595376377772424803e+01
2.744180969744363452e+01,3.162232747916904785e+01,3.207730389916045510e+01
3.741399808801590154e+01,3.893551234158410779e+01,3.972008700214301768e+01
2.349939628806894731e+01,2.781053519222322024e+01,3.075470487577070955e+01
2.371208729714938457e+01,2.781847930028652982e+01,3.115628434957849535e+01
2.507152665171286543e+01,2.743983697252330600e+01,3.227212370727980328e+01
2.189865832951074154e+01,2.607024552910005255e+01,3.030164300369632713e+01
2.444704208309822135e+01,2.932277712390912328e+01,3.006829809426197997e+01
2.231092165816333406e+01,2.663072307422188345e+01,3.032865403535624438e+01
3.156169017593001058e+01,3.180132580776940188e+01,3.229359908248162014e+01
2.275997923366966802e+01,2.747635423746106298e+01,2.902822133716555797e+01
2.817000884623740120e+01,2.893040733355513794e+01,3.348948319133598517e+01
2.442169182836811103e+01,2.838431361310998113e+01,3.094433466125030208e+01
2.520544512330961595e+01,2.868390174651505475e+01,3.367703657252970117e+01
2.287188229262368822e+01,2.402966644742903313e+01,2.542124838473135640e+01
2.952159907384623594e+01,3.048884667242011304e+01,3.187020491307327319e+01
2.742059865374232430e+01,2.795927516270404922e+01,3.216811944876560858e+01
2.708879239342762446e+01,2.790281645578595970e+01,2.981561591307346859e+01
2.476624544923508253e+01,2.762997031871757869e+01,3.191786811320778128e+01
1.832997926179340098e+01,1.897330505765900455e+01,2.220563680695843090e+01
2.212354161564815413e+01,2.623347234459374633e+01,3.059552587302636795e+01
2.141751045315141511e+01,2.601520762854105229e+01,2.638551809025707939e+01
2.406841716468784398e+01,2.639665228161886645e+01,2.857878459803251658e+01
2.847482781066254631e+01,2.849073293394815209e+01,3.212668176353334104e+01
2.420481225242635759e+01,2.802055842441244238e+01,2.911229441024057252e+01
2.378595064564595418e+01,2.807840303709551932e+01,2.966021019432801964e+01
2.048963515787757572e+01,2.204646260303643857e+01,2.484178819533235938e+01
2.406512811061750767e+01,2.515279605846864186e+01,2.891708649233200390e+01
1.861158648091589995e+01,1.991428830256676363e+01,2.281272290320629992e+01
2.346150473566538253e+01,2.468334393199988597e+01,2.640056781415098541e+01
1.622917280401933482e+01,2.089482734200387881e+01,2.322435866026275875e+01
1.988839418667168601e+01,2.328623994350596149e+01,2.438614144154902519e+01
2.281784607201593928e+01,2.631522733581451234e+01,3.120423249790740883e+01
2.658544593662977817e+01,3.011973913680245829e+01,3.256474523418463463e+01
2.005853554183926946e+01,2.065266277776244408e+01,2.333649987138745985e+01
2.290144024337755724e+01,2.410595769237603392e+01,2.782390744637846325e+01
2.137486439206871225e+01,2.301288814258954929e+01,2.378678700622251085e+01
2.087219985501027253e+01,2.157959683684475749e+01,2.231843379567998298e+01
2.016634571442859070e+01,2.363973332214205314e+01,2.388781286771625290e+01
1.867694057372580829e+01,2.349238466595905450e+01,2.448111578773505670e+01
2.100789178095172716e+01,2.265794059275586747e+01,2.350999970034875375e+01
1.364728469890831342e+01,1.806419129493251674e+01,1.824558438165228935e+01
1.852149869903638191e+01,2.210340403608052640e+01,2.266579823949809835e+01
1.868152285503648002e+01,2.367985300629950629e+01,2.562005015508391281e+01
1.505901424924326371e+01,1.667095656946627713e+01,1.862507126875266295e+01
1.735371377175540530e+01,1.918138718603844950e+01,2.005479150285894718e+01
1.407847425731693747e+01,1.843584211730009415e+01,2.160066040866685100e+01
1.871873296125598429e+01,2.045997140917247847e+01,2.233468467789780476e+01
2.271078464371942474e+01,2.308116314199936170e+01,2.502496560403718462e+01
1.608915959512479077e+01,1.992212810676621615e+01,2.195960694218832288e+01
2.245132162810700649e+01,2.470518599341379229e+01,2.563289454070631024e+01
2.033535279077468871e+01,2.110246520977473850e+01,2.463184333479965105e+01
1.675403320445807509e+01,2.015861849053973742e+01,2.327643251178314188e+01
1.597857537165972985e+01,1.984172574371073949e+01,2.218125454068430713e+01
1.350252693768632994e+01,1.412557448665512005e+01,1.685584172363230948e+01
1.771049121973528173e+01,1.897846165791646911e+01,2.248565874595960423e+01
1.703562172441087341e+01,2.031554378249140314e+01,2.157691699326817414e+01
2.012691661551522415e+01,2.445433628477848131e+01,2.892470864953111587e+01
1.239903135235977238e+01,1.583491339499063244e+01,1.793279867828331575e+01
1.928627622989654355e+01,2.227759723508092904e+01,2.394292423734285080e+01
1.835268572349824368e+01,2.006788869605773229e+01,2.251719918080325655e+01
1.467520013803705581e+01,1.623627767656782694e+01,1.984010377599533825e+01
1.528639635505328975e+01,1.599014227446388858e+01,1.643154630509171454e+01
1.890216496922657541e+01,2.155310684119664799e+01,2.385001801313353553e+01
1.719363089945803225e+01,1.896118299800895812e+01,2.340242702160117716e+01
1.749082689914515498e+01,2.009692206999471864e+01,2.426619986385229666e+01
1.202714415881607835e+01,1.583726304336012269e+01,1.847046514993815691e+01
9.551476581220565976e+00,1.376331528278605276e+01,1.677548505603169815e+01
6.963303720131206020e+00,8.042163833604391243e+00,9.985976004809462125e+00
8.132168298632848291e+00,1.260157471445530675e+01,1.421181063860600169e+01
1.379643078853803750e+01,1.405304661037356695e+01,1.864029502953995632e+01
1.568913420382575019e+01,1.829187682907194201e+01,2.215764763907894874e+01
1.026144409250390055e+01,1.255410312654745297e+01,1.571488806034719943e+01
7.536438732212226377e+00,1.046950943142659263e+01,1.095484802526479839e+01
1.270187273260517635e+01,1.347191674067557443e+01,1.764135038155492907e+01
1.277445499311556176e+01,1.340170072608363583e+01,1.489075830967335179e+01
1.178705120868879419e+01,1.479959012761634085e+01,1.938454016926657886e+01
2.027358776629144543e+01,2.221945979650938341e+01,2.481828680673385179e+01
1.048683507862507014e+01,1.532062884428152216e+01,1.908065576974837896e+01
1.302034436350252022e+01,1.465139334747382982e+01,1.837904987632044396e+01
1.339217391292298309e+01,1.511116153250875804e+01,1.845105178064170559e+01
1.938920757447157683e+01,2.029382890163385866e+01,2.076371532662485109e+01
6.279921663763514239e+00,8.245866249280233262e+00,9.238020297090040245e+00
1.289021042396495176e+01,1.701785872845896819e+01,2.007851916450412233e+01
1.530687746236939439e+01,1.565244044251788935e+01,1.756360830804727158e+01
6.288516200840269299e+00,8.442550007976366899e+00,1.258403154306090244e+01
6.150379833935565088e+00,1.059560198872611103e+01,1.265132946351456233e+01
5.703774513525567968e+00,9.719679056882608137e+00,1.354558159923004368e+01
7.595382136283419960e+00,7.975338140154448752e+00,8.572728554909957666e+00
9.087627336750093932e+00,1.049850035812185212e+01,1.398254950127411789e+01
7.379482841306639784e+00,7.883926516926692329e+00,1.103196889292815364e+01
1.331844827901523765e+01,1.331983211988787552e+01,1.665806516939484538e+01
1.104181360013709323e+01,1.582512497571473453e+01,2.019422626858409231e+01
5.089122622863671452e+00,8.960769843602660600e+00,1.038278280044239565e+01
7.341017356592209886e+00,7.592637647587677563e+00,1.202128095403178065e+01
1.379007300121012847e+01,1.440436958856042082e+01,1.460991352791276654e+01
4.290954414723275434e+00,7.167241925287786586e+00,9.837200440262170886e+00
4.888544814335345379e+00,5.790871975893118417e+00,8.395544549312207394e+00
7.079370656679679463e+00,8.350817240678168218e+00,1.218783966233917937e+01
8.218435251000293817e+00,1.240304395313476959e+01,1.401718657046536443e+01
5.934808295323419358e+00,1.070453489590498819e+01,1.266460002370360272e+01
8.443120603747772179e+00,1.309291214036293027e+01,1.594747216955571112e+01
5.735252744910571465e+00,6.539073540372056570e+00,8.684605667073572732e+00
1.054825071274453308e+01,1.224561179530534005e+01,1.622428368544422028e+01
4.688227939179123283e+00,8.676263116474499881e+00,1.286284777643908939e+01
3.108230383504712258e+00,3.553717024998609197e+00,3.800816134442202454e+00
8.515677102766588291e+00,1.307759690186099277e+01,1.418778323888937543e+01
7.185936808174258061e+00,9.060622989627386659e+00,1.157807192188847267e+01
8.180778063259639410e+00,1.293005267035020012e+01,1.628446095057971732e+01
1.055211698173881807e+01,1.214856659991193943e+01,1.536410026428312037e+01
6.627509990783645222e+00,1.146742007751566561e+01,1.157626245940100773e+01
1.478389816394482459e+01,1.580286340772392428e+01,1.891274138416056871e+01
4.545155144704500216e+00,4.652424496434019119e+00,8.988484505427209115e+00
1.216592841043954465e+01,1.417487626970286740e+01,1.809573752539262870e+01
3.344408862077114186e+00,7.012497054628960669e+00,1.010467200169215296e+01
7.332535295962857802e+00,1.032649689278118643e+01,1.529451349945209415e+01
7.508447931508246853e+00,7.801458710884147330e+00,9.891475710997983839e+00
5.931550667897886875e+00,1.008062491153150297e+01,1.225339220634210946e+01
3.136138813934630676e+00,6.859691967386296163e+00,1.067489096094004175e+01
1.117367179290292611e+01,1.181124198639548517e+01,1.642117433429956819e+01
6.863442104366301422e+00,9.310906883373663234e+00,1.304249773504214005e+01
-1.419247830163778090e+00,3.341195383450097367e+00,6.253354882844588403e+00
4.763786113382906251e+00,7.976905423481381874e+00,9.601569983060286972e+00
5.241195742772367439e+00,8.544087954903172744e+00,9.034040947661624799e+00
7.297564197161754862e+00,8.567247663936415236e+00,1.268470767773078478e+01
1.026046085880561787e+00,3.453392883371389832e+00,3.907007044911950278e+00
1.424243339540903985e+00,5.402144583057336469e+00,9.270651061557327210e+00
6.346056256823525921e+00,6.986422043353901934e+00,9.841599595766426845e+00
1.952067101951640904e+00,5.372173380986216884e+00,6.615957870715492461e+00
7.465222409167270534e+00,1.199331541948959234e+01,1.469945877953670887e+01
4.893196752097743740e-01,5.381711810069012003e+00,1.003718886777771502e+01
-1.739315772084500722e+00,2.915986349338234973e+00,3.857434772428548264e+00
3.280111515632316177e+00,5.238170829952768948e+00,5.328357196904404347e+00
-3.220841294061697724e+00,9.197912080892010067e-01,3.711665853845205643e+00
4.476210471145686043e+00,5.696988109787786136e+00,9.482982974867500303e+00
-2.091581935720896013e+00,2.551379177582608904e+00,5.428710666184639599e+00
4.515511367273905563e-03,2.759782153301168162e+00,5.369088611589993398e+00
2.257579151891466296e+00,7.200457778683711396e+00,1.082176335065152628e+01
-3.962954527510579084e+00,-3.371885649677022201e-01,7.416387024637070002e-01
6.078085798959564912e-01,4.070659463946121548e+00,8.151661824072236939e+00
8.164415702810467579e+00,8.729456810347215878e+00,1.273791405249835584e+01
-3.183523084119855184e+00,1.682170203445739531e+00,4.719910150106386482e+00
5.325039022430280156e-01,4.720555725531461633e+00,7.724425347314763712e+00
1.058116493755983534e+01,1.059052322669734636e+01,1.340400554932331367e+01
3.678856840584897370e+00,8.413184371059118760e+00,1.157231122177973504e+01
3.348034063306362107e-01,3.473117996985270572e+00,7.349724774841920549e+00
-2.347403843023387893e-01,2.218495590494380387e+00,6.524020126026961464e+00
4.725747004354573733e+00,6.503080521804009528e+00,8.996634262950173877e+00
-1.070992011854266401e+00,3.551479702448379960e+00,7.833048504743243434e+00
8.894876594148632520e+00,9.706011201423152102e+00,1.282396819692446144e+01
2.005098896081464410e+00,6.324780073622015664e+00,1.128334169778473850e+01
-5.702810709552153412e+00,-7.173215101659771165e-01,1.275342608630413377e+00
-3.711896617051147373e+00,2.082447314100912550e-01,5.129005788471717509e+00
-2.600888074685927975e+00,1.201095264019723885e+00,3.083382309906266272e+00
-9.073367419705564707e-01,1.999729573647964109e+00,6.198894915052449939e+00
3.037289877524251835e-02,4.249090154042556300e+00,7.667749920042065348e+00
4.343336678648144655e+00,5.968805895871604150e+00,1.015552573882279397e+01
-1.635668052863971100e-01,7.223964263417697040e-01,4.380458112846175922e+00
-4.658922458007965339e+00,3.117278960544567212e-01,5.216915755483397810e+00
-4.878858257941964816e-02,1.165478537045840035e+00,5.478487530253761228e+00
2.792657208862866280e+00,3.070387922351515364e+00,5.741577596644670045e+00
5.704568400475724665e+00,6.319629025987369531e+00,1.010532272531640174e+01
-2.326669748089322809e-01,1.244678244608135032e+00,1.419926942189389418e+00
3.612559607466425682e+00,5.997895926314917858e+00,8.858241137587921088e+00
-1.651891671587601529e+00,2.879031098022723612e+00,7.153434333091755803e+00
-1.893380946351349792e+00,1.923097973116762116e+00,2.127668971840989354e+00
8.738629225273601975e-01,3.470885943302751020e+00,7.340870753213257771e+00
-6.399947805542431922e-01,3.868203846064032447e+00,6.855211733828165066e+00
5.720282294740659523e+00,9.417870118870590446e+00,1.112981581510594964e+01
4.247203451813591712e+00,5.912149303465604078e+00,8.481646911949002998e+00
-1.740366022845243776e+00,1.298273826259139341e+00,6.159931622026044273e+00
9.268318366020348975e+00,9.736867316118882343e+00,1.412506153941683706e+01
6.307673137447332934e+00,8.936330311898956325e+00,8.976268789794458414e+00
-1.253082773665802563e+00,1.669561165796983992e+00,5.036600071510495269e+00
-1.285105210527812680e-01,1.611808419018966543e+00,3.476447899076707593e+00
-6.594229014799428690e-01,3.157446813267378527e+00,5.353589101652710625e+00
1.036576421875641030e+00,1.303703836028563323e+00,1.489011309264494543e+00
7.143893663696283980e+00,7.426481229127235295e+00,8.358807129466605090e+00
3.393813939433688809e+00,7.437520726791329473e+00,1.198732233659720059e+01
4.508643823450272592e+00,6.139285915068848354e+00,9.908674978281339918e+00
-4.644445570478978880e-01,4.494965422109137521e+00,8.729067253608654653e+00
3.246106496089806726e+00,6.352805772157717357e+00,6.825605351645924301e+00
3.337853808795863131e-01,4.600219532294752334e+00,5.091775620060785101e+00
3.353747552433157697e+00,4.468186373986725357e+00,6.928435655509291635e+00
4.802943673971967975e+00,5.311531877589288797e+00,7.483367251524942532e+00
4.740601681752723451e+00,6.443470237232562958e+00,7.639976313152661902e+00
4.971967588914145253e+00,7.352448296806588068e+00,8.195532551448611258e+00
2.592584602120312720e+00,2.957939624720577143e+00,6.807782563752171612e+00
3.607284050830392275e+00,5.717471614045821049e+00,6.419867964559400342e+00
2.036687189335789405e+00,6.438021089184061019e+00,1.094754951423448830e+01
5.480851757213462960e+00,6.283437231241263632e+00,6.490918470044877431e+00
-3.610767347288264872e+00,9.214774838069681451e-01,4.150741862411346794e+00
1.819313133312448372e+00,6.269505194678302473e+00,6.656406811223799735e+00
5.113121120072362302e+00,5.565010819905314321e+00,9.956795805945132471e+00
6.219284934874158566e-01,4.391845247832860899e+00,6.681843452408366524e+00
4.991809281060748837e+00,8.869828612199048834e+00,1.216156970238358070e+01
5.922526227024452083e+00,9.713485444415194792e+00,9.781657734948177918e+00
6.307376177683522656e+00,8.303966930540761737e+00,1.289517096910919136e+01
5.999477990242279013e-01,3.986582340238722821e+00,4.213253446851810580e+00
-3.023660397512806242e-01,4.679018757744181300e+00,9.645351368401092529e+00
9.565017466893181108e+00,1.187190516959869768e+01,1.633196184692108588e+01
9.751171392160484785e+00,1.183917069136641231e+01,1.323534056531297054e+01
5.063990704189415659e+00,9.945977617306336782e+00,1.386184058534106711e+01
2.998729068125479014e+00,5.452599903361773137e+00,7.668385663719284651e+00
1.003581108474614680e+01,1.045475108950321008e+01,1.461783006173133082e+01
1.130043497448378176e+01,1.254175735206940345e+01,1.310606501348834207e+01
1.183473054083307829e+01,1.537607872550457877e+01,1.818309437786768612e+01
2.309927235416191493e+00,5.700598805301726912e+00,6.385638067152716424e+00
1.484063285788026043e+01,1.545251856778976851e+01,1.627207703416359763e+01
7.006311461220349202e-01,3.522187134777942319e+00,4.820687012197225840e+00
1.070895599333643489e+01,1.373416263782201341e+01,1.626439054572513498e+01
6.182681179216519496e+00,8.161502199868245100e+00,8.303218282974723863e+00
7.658739595577027437e+00,1.173853423833415555e+01,1.207155614275160715e+01
3.294068826439768838e+00,6.554131189848559913e+00,8.362397087655805805e+00
9.702448667428150486e+00,1.334201372061825808e+01,1.471899684056603519e+01
5.852143638536004389e+00,7.626544398894381516e+00,1.253000453368548861e+01
5.796156987489904822e+00,7.737090597339134845e+00,1.079883270792263161e+01
9.679777781091624789e+00,1.442982609990369269e+01,1.797616595872786860e+01
4.836527879473615954e+00,6.760160585653805398e+00,8.707144146385239480e+00
6.549888378044629533e+00,8.684889928825038297e+00,1.077483058154918716e+01
1.372548246997479104e+01,1.548770535817694594e+01,1.829805699692670728e+01
8.547231846737048500e+00,1.254615158705847122e+01,1.548412288926080294e+01
1.235955519675244396e+01,1.360622503752758128e+01,1.711936546289943806e+01
7.719526002047031987e+00,1.029473838279827191e+01,1.339303723763818255e+01
4.404594065250161172e+00,7.940427331965986824e+00,1.025379080990476055e+01
9.749696357946897152e+00,1.174736877708667748e+01,1.608063870841596810e+01
6.459472524618943723e+00,1.076514385411690711e+01,1.431405900633833994e+01
9.336073768031917908e+00,1.099733020911431680e+01,1.460644505276825811e+01
1.002405120939074834e+01,1.218725277645594041e+01,1.566724667404511884e+01
1.298405568243205543e+01,1.403299866309580679e+01,1.406326553679414637e+01
1.041928418957179048e+01,1.104165384388544169e+01,1.404590570171181874e+01
1.263111716947106800e+01,1.477072868287871898e+01,1.653467510330034074e+01
1.280619431759886240e+01,1.723017644187961039e+01,1.809911141698460213e+01
1.095913012303861400e+01,1.530408033721068684e+01,1.778956336906356128e+01
1.320065605998066971e+01,1.807780452567045870e+01,1.963431972102758039e+01
1.314487220960128155e+01,1.724234979525506617e+01,1.982609886946550404e+01
1.612049450226600555e+01,1.732656597157449596e+01,2.161949231697641238e+01
1.011978372298049145e+01,1.290738374896064755e+01,1.691281279036475738e+01
1.466122141741215223e+01,1.778689705378955921e+01,1.814431343684501030e+01
1.207204696991451698e+01,1.510082787962598871e+01,1.518175155244973951e+01
1.602693848842852731e+01,1.973597665037574700e+01,2.115775884198794898e+01
1.823030792322785487e+01,2.048441215933742043e+01,2.114078614868515871e+01
1.776453478132256691e+01,1.841092482453469614e+01,2.187649731289920751e+01
1.623875588699828754e+01,1.666156155373748504e+01,1.911295774676663584e+01
1.409947672239553818e+01,1.725903259196812201e+01,1.925747801049472230e+01
1.452910750587548350e+01,1.707864669197253704e+01,2.164097114028214364e+01
1.051597716414975281e+01,1.421429331930901441e+01,1.801752704866786559e+01
9.689422355914164342e+00,1.395842429257574224e+01,1.587502167784501594e+01
1.793341751746589097e+01,1.898129648372041345e+01,1.937374563387993121e+01
1.147125270086981175e+01,1.521535269489624653e+01,1.653682003549780788e+01
1.602796702603333756e+01,1.825617070880882409e+01,1.944958304700956830e+01
1.363057696348549719e+01,1.658033060965859917e+01,1.764298779640942172e+01
1.182911949359746373e+01,1.503106488346769787e+01,1.864819196629629161e+01
1.553501523798243866e+01,1.605471198342988259e+01,2.059108879968681549e+01
2.073721722945141721e+01,2.505494576853757849e+01,2.985294321359272374e+01
1.561642702461935706e+01,1.650038722426294413e+01,2.121271290683588617e+01
1.182943948085917185e+01,1.679217984387689100e+01,1.873965068788290722e+01
1.579423904139886936e+01,1.627229534347307194e+01,2.074568266420652307e+01
1.894091266509200366e+01,1.983415003960350731e+01,2.174451015652900310e+01
1.610177872048280889e+01,1.862838500401220898e+01,2.115735603263399867e+01
1.129820940331007328e+01,1.448974793881089340e+01,1.563190982376045746e+01
2.273561652605951622e+01,2.438917468198664196e+01,2.614319117430308381e+01
1.175442213526302737e+01,1.316169406272223874e+01,1.812877521027984429e+01
1.309657493638699144e+01,1.739434846717757566e+01,2.162654405243341671e+01
1.756917809498259686e+01,1.948894762920503965e+01,2.224251711691531952e+01
2.263001573000467204e+01,2.295604876109017667e+01,2.387657771361241643e+01
1.402219627217631981e+01,1.893240190760361585e+01,2.105038942610637420e+01
1.661741320215717366e+01,1.902590139726214602e+01,2.181439068539574677e+01
1.730069930157569758e+01,2.175040131717882730e+01,2.620388279986127600e+01
1.627397754889515369e+01,2.006531655968076677e+01,2.291108726241902005e+01
1.492685099748855571e+01,1.765307352617478642e+01,2.043715812881527683e+01
2.140554687479897211e+01,2.545228279842257280e+01,3.041804967102268975e+01
2.299731671458830817e+01,2.391555208120079001e+01,2.830921241818506573e+01
2.132521005497657995e+01,2.493082258718204969e+01,2.682430127999907299e+01
2.167054138547399589e+01,2.303904091041887270e+01,2.355774987292082301e+01
2.155916110408067254e+01,2.235300257283921610e+01,2.519368617974205549e+01
2.651520942453350571e+01,2.706208968379129232e+01,3.043543426844147959e+01
1.805573048783956835e+01,2.082773704022577377e+01,2.340459170685553403e+01
2.311845637657267716e+01,2.476077409294914489e+01,2.785105135179358626e+01
2.347221225350379825e+01,2.398031464678802394e+01,2.748856073460375882e+01
1.944947065369189687e+01,2.392716847074618514e+01,2.732787061202418499e+01
1.521896416839782518e+01,1.931502204304340609e+01,2.034859154890951061e+01
1.929248662986864105e+01,2.111279179322783506e+01,2.546353512883329984e+01
2.835785271590796341e+01,2.970420444442266827e+01,3.274048008100127305e+01
2.326082143350236464e+01,2.617901078219045985e+01,2.882205663440294785e+01
1.745719989823541951e+01,2.101388809405344560e+01,2.441434338826043060e+01
1.714580577429723718e+01,1.957716927196598888e+01,2.313997774195653889e+01
1.853125910645572105e+01,2.145110458521480012e+01,2.599693514828230079e+01
1.887758144565796314e+01,2.235803780968497634e+01,2.499650571413194911e+01
2.553646009962873720e+01,2.717500986444422395e+01,3.010652274437707376e+01
1.503774758431449499e+01,1.974291069555829381e+01,2.463396329874660040e+01
2.919137383454883050e+01,3.044434460852772872e+01,3.139727180720746347e+01
2.326997519484916666e+01,2.696745183708068438e+01,3.138554586465942720e+01
2.489271643683849433e+01,2.944987826105572992e+01,3.205243559860853253e+01
2.400146997025808560e+01,2.623052567554485393e+01,2.924360849579165489e+01
2.343612287816466733e+01,2.561682573810288588e+01,2.878862435058309899e+01
2.204405192098391453e+01,2.463503144904547426e+01,2.683268703507240005e+01
2.430940446713799119e+01,2.499194771224421885e+01,2.872981766496270239e+01
2.511266287960270205e+01,2.739593009340542551e+01,3.001209952380859747e+01
2.740517794263717022e+01,2.753542507479455992e+01,3.157480322583048959e+01
2.183921269684757505e+01,2.322286449624285609e+01,2.653312600300652235e+01
1.791195086287076066e+01,1.952345163818204909e+01,2.293887551463334162e+01
2.140952960116406700e+01,2.629980284022740022e+01,3.092128661899542763e+01
2.974148517295418870e+01,3.152035919775561013e+01,3.162185853640996669e+01
2.516224659193379054e+01,2.629684680761871363e+01,2.782852373351303399e+01
1.759567143167011238e+01,1.857758174715834443e+01,2.300891603618034864e+01
2.751637616525105656e+01,2.905906480497224464e+01,3.093572609873806556e+01
2.562258430905026430e+01,2.693650177347249297e+01,2.952927823605336854e+01
2.223167605109183853e+01,2.517074238264700270e+01,2.961136197660205482e+01
1.817522910162752936e+01,2.164981893125944268e+01,2.402045714367675444e+01
2.753486211236632641e+01,2.920914623345927907e+01,2.921000989810226756e+01
2.749859001415656223e+01,3.048336579481927089e+01,3.110140551755518246e+01
2.410389864555674677e+01,2.745611673202007808e+01,3.192575162668019573e+01
2.313852141394096051e+01,2.518707873643619521e+01,2.672604013509204535e+01
1.892730003280109230e+01,2.155456936992966632e+01,2.297406726489607109e+01
3.559187099218828365e+01,3.614897283629613867e+01,4.007360274139200129e+01
2.712638470041042993e+01,2.843925941711570005e+01,2.887189291712986972e+01
2.956333149932427773e+01,3.060438561537544899e+01,3.227385887252499685e+01
2.450151078561283668e+01,2.823882013996684748e+01,3.305111046572329769e+01
2.706483936009669478e+01,2.850256187010056763e+01,3.237895045585254650e+01
2.761956876218750878e+01,2.835119526151122571e+01,3.324109268282009566e+01
2.934046548483429717e+01,3.031851349392481865e+01,3.361070346909773576e+01
3.136189074095666740e+01,3.138644806890573591e+01,3.542139557109488379e+01
2.699549571531817449e+01,3.073979097282416006e+01,3.215934648352867953e+01
3.181170952419910591e+01,3.221280426273818875e+01,3.439709309360185330e+01
3.000663061271051291e+01,3.023961387223200603e+01,3.048975231896927340e+01
2.495758409567226366e+01,2.911847994889170366e+01,3.182164871063171674e+01
2.891139448038492077e+01,2.939856743337840328e+01,3.412527542984883411e+01
2.571782825975141762e+01,2.879325999870522423e+01,3.291638701186177229e+01
2.866590154093142928e+01,3.192763620959405557e+01,3.616803986846698393e+01
2.255532796149244490e+01,2.386839722619532012e+01,2.541306144766613073e+01
2.855856951723413317e+01,3.074893711696216059e+01,3.361983377266741968e+01
2.815921107346305519e+01,2.899112433417158030e+01,3.221003649207688113e+01
2.473310055295556964e+01,2.950489343656133201e+01,3.386299833784672586e+01
2.917110037842550341e+01,3.052922943451353888e+01,3.292376006389522303e+01
2.771620707916516224e+01,3.046557440017316054e+01,3.362563997164825480e+01
2.834896809753879410e+01,3.181380881171769914e+01,3.555019985358360657e+01
2.533394603312150295e+01,2.940579869616726327e+01,2.988101505116888745e+01
2.466985273838637838e+01,2.894326235728620134e+01,3.029026250002108966e+01
2.690345953280289848e+01,2.853227263065295816e+01,2.975523587832162065e+01
2.600410247185795853e+01,2.840750882899620322e+01,2.971509569742304535e+01
2.355970826298196030e+01,2.684372590951006998e+01,2.856051030512669797e+01
3.081298264845096568e+01,3.435039769336371762e+01,3.840471544514534230e+01
2.584544302205961941e+01,2.831685582175192550e+01,3.170082416853099261e+01
1.880016475303539636e+01,2.337791662810607107e+01,2.772344914807546701e+01
2.702838288162277181e+01,2.890791480041390926e+01,3.295268013793672424e+01
2.336304317836064115e+01,2.594613637758434521e+01,2.733989323645711877e+01
2.733888268271764233e+01,2.926033104682844055e+01,3.214405026763576956e+01
2.474763866942727120e+01,2.784099734047353536e+01,3.231104577371515063e+01
2.782521043591669496e+01,2.818542032864331404e+01,2.992083967962071966e+01
3.004125435724046511e+01,3.121629406276142049e+01,3.172753485502091308e+01
2.944279881510326646e+01,3.028611930253979168e+01,3.195473170775138883e+01
2.969891175343178347e+01,3.276364084283208911e+01,3.642356436319293067e+01
3.202941961301010565e+01,3.451380106186553576e+01,3.496158984389100510e+01
2.597664548595627210e+01,2.983869275197305626e+01,3.241922675576331869e+01
2.486874647443947595e+01,2.873195990958151569e+01,2.999594115891124346e+01
2.885461688088105348e+01,3.021641970778227559e+01,3.125948696570601015e+01
2.540595041879848281e+01,2.640704855344216639e+01,2.885718558154667690e+01
2.379723408477416768e+01,2.649137228722655024e+01,2.728670557803338070e+01
2.213743308542315091e+01,2.711256799520350214e+01,2.952412677080264203e+01
2.637082710227369731e+01,2.813784654663624352e+01,3.238793256705451284e+01
2.274899161533528513e+01,2.682037722792371781e+01,2.798984119306693685e+01
2.761585816977789065e+01,3.183081168375142056e+01,3.324787055549341375e+01
3.000826547047795856e+01,3.034649101158433382e+01,3.051422208906154054e+01
2.430743828871873546e+01,2.691095253788742525e+01,2.860867499121760460e+01
1.751685709445872163e+01,2.133675337898549529e+01,2.401578505504223671e+01
2.398570495128124236e+01,2.788037190497750828e+01,3.131530090447980541e+01
2.587043234725011231e+01,3.079889124345652363e+01,3.320655843235563509e+01
2.761621269800627587e+01,2.930897677612183827e+01,3.022028209070627724e+01
2.424879223967827713e+01,2.753785310473341497e+01,3.023366471940542510e+01
2.314666358056078721e+01,2.668502914364374590e+01,3.059850770359561523e+01
2.393575981850787571e+01,2.719367470526628594e+01,3.128584199968619828e+01
2.268318061026839416e+01,2.374409004807813872e+01,2.824794582103229956e+01
2.560658166366635413e+01,2.680239808690784997e+01,2.846416454071459512e+01
2.094732666281779743e+01,2.157516469455279307e+01,2.245871451512861938e+01
1.887379491798966669e+01,2.239722417484938077e+01,2.313157551647156396e+01
2.305760907549851169e+01,2.799510938285784079e+01,3.271126816583865349e+01
2.642658283273069486e+01,2.676869768379287251e+01,3.071553654079928464e+01
2.122026669130795185e+01,2.311060417840398529e+01,2.714656064840889016e+01
2.905840045342845457e+01,2.938987867521143826e+01,3.251147780558827094e+01
2.244344501211361731e+01,2.602905053624338905e+01,3.026257985901421321e+01
2.338301875432195231e+01,2.782614546008882428e+01,2.788149419330060752e+01
2.542067469325702689e+01,2.915667595633410514e+01,2.988896443886086729e+01
2.100545454603671303e+01,2.367973784421406691e+01,2.553595060726412314e+01
2.066339608969729724e+01,2.178367134277615946e+01,2.329913883447462197e+01
2.292915554252632404e+01,2.423344861481691481e+01,2.536761509882065369e+01
2.014609013903100276e+01,2.340214075171575914e+01,2.513130771896511462e+01
2.123613698947672646e+01,2.570630003250077067e+01,2.840769374483482679e+01
2.383994664216232451e+01,2.643135422633295661e+01,3.105239203657215441e+01
1.915658212313037367e+01,2.354580481174598461e+01,2.368858691689296947e+01
2.451125604194156793e+01,2.755495033552245587e+01,3.059039453230422012e+01
2.544511358377829779e+01,3.006679721693843987e+01,3.363356437363454887e+01
1.789337130677185073e+01,2.013099491415361442e+01,2.040103894275317842e+01
2.137318329260266125e+01,2.180215350346691139e+01,2.413277856912950625e+01
1.866445267522151852e+01,2.358207084853166435e+01,2.853874818466520225e+01
1.947029565986765931e+01,2.185748164001848792e+01,2.627751197699649310e+01
2.418736795968547071e+01,2.525009597289594154e+01,2.681722303448500710e+01
1.891544295224704086e+01,2.082491877589274054e+01,2.432006250151946603e+01
1.754229948337095379e+01,2.166380241129491679e+01,2.362406327735743972e+01
2.540435279142149838e+01,2.773407590272564960e+01,2.810632005318682047e+01
2.584807323691495640e+01,2.723992589282658727e+01,3.126403224515586032e+01
2.651958402823274241e+01,2.672724991333429045e+01,3.050341318786914968e+01
1.795682753766588391e+01,2.049355909139839937e+01,2.184668969150218842e+01
2.250012744321484348e+01,2.483904724553465826e+01,2.709370891294512518e+01
2.082235356674850024e+01,2.570069920206999114e+01,2.921733845431123555e+01
1.712869905522969560e+01,1.919321754515852518e+01,2.386410595847403115e+01
1.154837611482787274e+01,1.614499445694575641e+01,1.870173917349506354e+01
1.915519845149962563e+01,2.384801553920751616e+01,2.692068165597613927e+01
1.239650048443324692e+01,1.603758332097035222e+01,1.836930293200929754e+01
1.635449439067431499e+01,1.947600873155345980e+01,2.144172566911559485e+01
1.551347457434201083e+01,1.629301821833099595e+01,1.807072675454423916e+01
1.930681534795215271e+01,2.127092875895050383e+01,2.514486499111893281e+01
2.480446157826730769e+01,2.681251745666974529e+01,2.917914602360964338e+01
1.917939577755673497e+01,2.298108203755030132e+01,2.565860213431664150e+01
2.334942889435497193e+01,2.507092609418198492e+01,2.510771353430564901e+01
1.819622223594815580e+01,2.192842430378974328e+01,2.653537227962436873e+01
1.527667432899709965e+01,1.530389816236106881e+01,1.863851080014001838e+01
1.709072562692785269e+01,1.965571310966758745e+01,2.380516243012187161e+01
1.977222218426323153e+01,2.060870860906572233e+01,2.237336073672100412e+01
2.060300286205910325e+01,2.107315841982319427e+01,2.242944654970373719e+01
1.985830937639695648e+01,2.225739110600820680e+01,2.684871151550760260e+01
1.566467844924313368e+01,1.670672146935085678e+01,2.015696865759168688e+01
1.586257913512397266e+01,1.939904391375532455e+01,1.999975678602699247e+01
1.300825294460049264e+01,1.788490128215904917e+01,1.874049516643124136e+01
2.065258595509126138e+01,2.093471926696144436e+01,2.577265025442562063e+01
1.621871744432937135e+01,1.809988824344018354e+01,1.953669808260407237e+01
1.671259357836686377e+01,1.817128713542818730e+01,1.824398270841559722e+01
1.472073891136724733e+01,1.807915240319078620e+01,2.188536949224297601e+01
1.644183182381067709e+01,1.866377210311027923e+01,1.973542913035402080e+01
1.513904946330645451e+01,1.739436931260711106e+01,2.210402737057066958e+01
2.011437061632326007e+01,2.092161570421735917e+01,2.125852686264389035e+01
1.014512637823680308e+01,1.193170241682254051e+01,1.646331270551030457e+01
1.753354489090982327e+01,1.938700974738252114e+01,2.300385013323367289e+01
1.758415612993776378e+01,1.777275070039478777e+01,1.946578690578736826e+01
1.411902248408964766e+01,1.704738641106596475e+01,1.963530569372345624e+01
1.256941307259664242e+01,1.533335819263021449e+01,1.744932175025470755e+01
1.817772584898246180e+01,2.125033605377994661e+01,2.538247557772278640e+01
1.521809029400843016e+01,1.562321228882900570e+01,1.756499831338925333e+01
1.559984099248825906e+01,1.920726786445977652e+01,2.316171283220474209e+01
1.784987459742475480e+01,2.096546380250453367e+01,2.293013299411161654e+01
1.154814315335936925e+01,1.287010706908145252e+01,1.533614275159191820e+01
1.263020587947103479e+01,1.435322340743604741e+01,1.772812164957311154e+01
6.320793510122880043e+00,9.890928475327068981e+00,1.254138487385798939e+01
7.086410665381242424e+00,1.112265729941374737e+01,1.173774173784813790e+01
1.152662263162000222e+01,1.595777576681923371e+01,1.659012238957875240e+01
1.016480157204212986e+01,1.358387869329084374e+01,1.558781209086429698e+01
9.788848936926996203e+00,1.202101152847807519e+01,1.664471424918268738e+01
1.816726028819244476e+01,2.082958581710366275e+01,2.161271553819958768e+01
8.972677089982507681e+00,1.251536794500048444e+01,1.691064522760107991e+01
4.578748959759688653e+00,9.203962549218045908e+00,1.121513306487804229e+01
6.089043940593537485e+00,1.015509350059010174e+01,1.380421484758181450e+01
8.717576483873219928e+00,1.320834225492194491e+01,1.692015699050490340e+01
9.266974798775009958e+00,1.350324562831694131e+01,1.558601562202278501e+01
7.710123102847918020e+00,1.013423636398482586e+01,1.116897958881581232e+01
6.473882382133942848e+00,9.710704069355424295e+00,1.028935999390597722e+01
8.334379893368565106e+00,9.722210091517293762e+00,1.330722010375785658e+01
1.180583266751699156e+01,1.632956986670387778e+01,2.033279862529261806e+01
1.278464525360394788e+01,1.564967580970687777e+01,2.030960420310056236e+01
8.050146942275116402e+00,1.123250939581127739e+01,1.230636946267201637e+01
9.946932339787489141e+00,1.210822956301055164e+01,1.644521089118362767e+01
6.715447329736067950e+00,1.133985672818909762e+01,1.589874470589455946e+01
8.922958902282116966e+00,9.132723488921907773e+00,1.235445702113770139e+01
1.029580002783051285e+01,1.278737662456658342e+01,1.500933868954045636e+01
4.987316254461990006e+00,5.365253279396130281e+00,7.275939500074995792e+00
8.980442911554051832e+00,1.130743720036516109e+01,1.281942049996691857e+01
9.420536074700937235e+00,1.331448775331931422e+01,1.434172594453171889e+01
5.414330792003831050e+00,7.285184784819432657e+00,9.859097012659452375e+00
5.671324136419638506e+00,8.350552737902853906e+00,9.112178690117037405e+00
2.008167047023322382e+00,2.351431963453913809e+00,6.740671778186342777e+00
6.021458112932577045e+00,6.640956182518749529e+00,9.868558283813605669e+00
1.078538352399978351e+01,1.437177829017541697e+01,1.831995653519614109e+01
2.704696870985226820e+00,3.171208206096499893e+00,4.664203037572973720e+00
5.348263265454322735e+00,6.332718958361385653e+00,6.571677451378278967e+00
9.850785771908814326e+00,1.297231671906590833e+01,1.372482905236582162e+01
6.835711059425500835e+00,7.778483530401416601e+00,9.936077150430381977e+00
5.693133977838939153e+00,6.282234271790294144e+00,9.431293205539564184e+00
4.703933128528792196e+00,8.604101331502068462e+00,1.163724465029862820e+01
4.026491045617285103e+00,6.140077482204011616e+00,1.029359270884062560e+01
1.791120840300020944e+00,5.852818334322197558e+00,1.040099080767313566e+01
3.808478085737726282e+00,8.334827311872395228e+00,1.238126713135141088e+01
3.335970056443146259e+00,6.161802197817306315e+00,6.240658916285192426e+00
4.617926263051015390e+00,8.247062495166654017e+00,1.066077353338808820e+01
1.251965059011043913e+01,1.294766843311219162e+01,1.659548507330477207e+01
7.490236428699072135e+00,9.540375456939379717e+00,1.134159786754690025e+01
3.868582449566465797e+00,7.908286085417447708e+00,9.369925310794751994e+00
4.733513821196719817e+00,6.080608660421163769e+00,7.265335151720210050e+00
8.753234313612514583e-01,2.139027145295108845e+00,4.954916817859011502e+00
6.243504948215759853e+00,1.030277739028916173e+01,1.510368850464729817e+01
5.455463684211752096e+00,5.497479930022228345e+00,6.617707022690304086e+00
1.182631375337718449e+00,3.511771561736771741e+00,8.455726433018284638e+00
-2.455303786796751098e+00,1.865006950713786082e+00,3.449871272102209563e+00
4.757304019955607366e+00,6.462124988573245687e+00,6.597766959491401906e+00
2.793981842560786077e+00,6.432613121954531721e+00,1.027732952693537527e+01
2.842049575092108427e+00,4.013791385463679973e+00,8.138657707579968204e+00
5.740851603293632976e+00,8.306567041451478062e+00,1.063685431394871728e+01
4.522692053318506211e+00,6.612120706788257252e+00,9.583644750901092024e+00
-1.801247189483015099e-01,2.611950641827360808e+00,6.231161590514304294e+00
-1.679037335061324132e+00,7.033934573953510849e-01,1.883193657340147098e+00
4.257333944761736433e+00,4.970175072294923169e+00,5.954927846780710965e+00
2.119881462791256777e+00,3.842530287144228840e+00,8.537913875922804152e+00
3.067426522640081199e+00,6.551996375940866812e+00,8.660736666775777692e+00
6.966691400985196125e+00,7.751972481985173857e+00,1.141934234906331724e+01
6.574024055566631830e+00,8.699533524641831050e+00,1.254772185649029836e+01
-2.090143436706846991e+00,2.011246045466643650e+00,4.943277128807910259e+00
-4.247913238676193082e-01,3.644288264602800087e+00,6.541117170300163153e+00
5.126505069878284360e-01,3.042735676843379089e+00,6.877673900130698570e+00
-7.283616175168603490e-01,1.354434356636190273e+00,4.458462020797571590e+00
5.576044831632649412e+00,7.498507115442633264e+00,1.218391106711138505e+01
9.964610128459687743e-01,4.528953695068923757e+00,8.885480086258368715e+00
4.688053079859250794e+00,7.321988267784317550e+00,1.175537248084936692e+01
1.534531394819076411e+00,4.296338993452653909e+00,8.070527070408127557e+00
3.049537623614840154e+00,6.777277150987157661e+00,7.216580693557357762e+00
1.054823954489433113e+00,2.894534287859005683e+00,7.843509240036459218e+00
3.736860984947609765e-02,1.107922078799250976e+00,2.898333645928077740e+00
1.256317305430783904e+00,6.145117127370578913e+00,7.800743869968151500e+00
-3.217687268846542104e+00,9.045201343566411367e-01,3.076159008030469710e+00
-2.491911807884632069e+00,2.179832141000821011e+00,5.175762916789375723e+00
3.418180506057195700e-01,5.200915440825416347e+00,5.754513521484472705e+00
1.813358716535992787e+00,3.167070933692088808e+00,6.158151163609379530e+00
6.373660897941358705e+00,6.939706114745717969e+00,1.064734841052609582e+01
-2.183095133171809810e+00,2.477920544572868256e+00,5.666435939992219062e+00
-3.470699757663588070e+00,3.343781033765402810e-02,8.177908941274689703e-01
5.673905994505585859e-01,3.761694570170874385e+00,5.935561284868484222e+00
-7.078176556649104612e+00,-3.307588113359363646e+00,-1.776996836148943437e+00
1.849790690514225844e-01,3.507909905442312848e+00,3.894192859733107692e+00
-8.354603660882422567e-01,7.173887987528884125e-01,3.713947673201881905e+00
3.813585719262264639e+00,6.669586792205008052e+00,9.582540723660169846e+00
2.722283844431637956e+00,5.050246955113241398e+00,8.074668942305279984e+00
4.794854313534591128e+00,6.197366864744209281e+00,8.430826345091347207e+00
6.285901162544129228e+00,7.076227242464321776e+00,8.849039545196133005e+00
3.370510987064196939e+00,6.667078614526850799e+00,9.494873163623587686e+00
6.346261058111879017e+00,6.525961444894753605e+00,1.005909422736378644e+01
3.989529084096676392e+00,6.972923867254058550e+00,8.924073556638504101e+00
4.498400022799254216e+00,7.491803600040343625e+00,7.790031707613852774e+00
-2.792954109114870853e+00,9.715998045577460829e-01,4.009344330520775657e+00
5.811850793321594821e+00,7.020207102563550627e+00,7.135271734752657302e+00
2.224657788641040135e+00,5.411816002258018621e+00,9.758934920605788932e+00
5.491153564260775610e+00,6.063464794020740456e+00,1.054632861030532709e+01
5.594169171999813450e+00,9.779214283362509974e+00,1.215497936919963884e+01
4.370521409120897260e+00,6.304045507772330303e+00,7.479743192004902674e+00
4.135571316918165152e+00,4.439899099715312936e+00,5.811713706234016286e+00
-4.206786029472182165e+00,-1.095227718871782940e-01,2.299403472299064166e+00
4.156100624330846927e+00,4.376112269465373572e+00,6.976248300759443133e+00
3.167875190597910784e+00,6.829638226680534885e+00,1.059900207184680987e+01
-1.649715523191110478e+00,2.607281296646362101e+00,6.207722385959655753e+00
8.884771489065393268e+00,8.924230077397442784e+00,1.101066681721686891e+01
8.936596690335715465e+00,1.061368787048560947e+01,1.289038702113522206e+01
2.174606944074989112e+00,6.138263268764564629e+00,6.329495142807630259e+00
1.783255171207248857e+00,5.141670232530755946e+00,7.173191203287176521e+00
-1.153998021401028140e-01,4.876933365428051559e+00,6.335067839042212157e+00
8.781582112207585666e+00,1.123052681370937478e+01,1.596674591321390047e+01
8.798462347406072581e+00,9.626030253926520786e+00,1.250424004948299839e+01
-1.515947658856670266e+00,1.605395214959299821e+00,4.700680364215768847e+00
2.326809658326458585e+00,6.140300709823041103e+00,6.818056872553052372e+00
8.170563745042633386e+00,1.173759641050155267e+01,1.254752117273345036e+01
6.872411523941535094e+00,9.037690375769164675e+00,1.359927226087665275e+01
2.905335496511879612e+00,3.703285211230338270e+00,7.220241457175790245e+00
2.758484611695944722e+00,5.971026527972698617e+00,9.609227811064680935e+00
1.404918866258731747e+00,5.940312528110702317e+00,9.976101112168967333e+00
9.876933817595596743e-01,3.709042858080770166e+00,4.741630097931630594e+00
1.294734328720095284e+01,1.369535558133906150e+01,1.401351276155461001e+01
8.476388153504704093e+00,1.090963230698016062e+01,1.525393539778807650e+01
7.563460369850137255e+00,8.649177063046710856e+00,1.316489164689656732e+01
7.847310486131894081e+00,8.619121170716804059e+00,1.306678186845282141e+01
8.201979313825429330e+00,1.168726079134103024e+01,1.301550926748027948e+01
1.699915480233562981e+00,6.597355527762576166e+00,8.815510625694539470e+00
9.532267680966629797e+00,1.043958360926619733e+01,1.386527232460360004e+01
1.379021313196269638e+01,1.461215029786953856e+01,1.906541731128193362e+01
4.777748145261018209e+00,9.394169532325943095e+00,9.749239540861450948e+00
8.416242567735682911e+00,1.081932651471763762e+01,1.113922745023527128e+01
6.380782110252948058e+00,8.234130805558244504e+00,1.177382259068064485e+01
5.420617051987353108e+00,7.256541833731916746e+00,1.191580031034849796e+01
4.659590673332177246e+00,5.830432280982626558e+00,6.732198318249337454e+00
6.319033925903090321e+00,9.585019333185876178e+00,1.416029641956314578e+01
4.812193945928541439e+00,4.861422994898696892e+00,8.909023430127412269e+00
4.602727573134929528e+00,7.251549631189048384e+00,7.597326918217618186e+00
4.741338844407744446e+00,8.048753510755936702e+00,1.014902862722985866e+01
9.409782951510344162e+00,1.151400991660437256e+01,1.195492325584504734e+01
4.205952697329069068e+00,7.620644953323766124e+00,8.164775373916150158e+00
7.634227045095478559e+00,1.005920633786197094e+01,1.421322773183764454e+01
2.513900011002490498e+00,6.237436252436086903e+00,7.286226558568019485e+00
6.653898241682909109e+00,1.075686904214469486e+01,1.516282572186429967e+01
9.803799428082523804e+00,1.350312486957031588e+01,1.847841010819826124e+01
9.454256516818157152e+00,9.839687985930826386e+00,1.020881224073926496e+01
3.894437654381686542e+00,7.029577297233264410e+00,8.676411512457811170e+00
9.703160990440144573e+00,1.189944994339605522e+01,1.557758244235522049e+01
1.251514921803154223e+01,1.703719575019831112e+01,1.822720421445972150e+01
9.812140752523843545e+00,1.069284925079141857e+01,1.444816736496276377e+01
8.134238228575696894e+00,1.238088763201145248e+01,1.625044607524868923e+01
8.457866080152346200e+00,9.097056017072134182e+00,1.289260698741411204e+01
8.634427892649377156e+00,1.082815361665417697e+01,1.387402955018349004e+01
8.688408134222317614e+00,1.069972662932058682e+01,1.076698737182391596e+01
9.237434053734247641e+00,1.421872251766032846e+01,1.509793736876102699e+01
7.220455672583302231e+00,1.058687955850778017e+01,1.169507424659792960e+01
1.160528447902604299e+01,1.179074108750137917e+01,1.673484817121082457e+01
1.388597790938956678e+01,1.391822900581950861e+01,1.700650544980986822e+01
3.634417218220384882e+00,7.334014240994020994e+00,1.016241215681865739e+01
1.197845371979368068e+01,1.582121311866200841e+01,1.667439793871006160e+01
9.817196411560615843e+00,9.936251112203137836e+00,1.261071387894119944e+01
8.263392891828008402e+00,1.043293566088626889e+01,1.426716296252437566e+01
1.048872822655263448e+01,1.079288380158538985e+01,1.106085727364500926e+01
1.702843010435834259e+01,1.870814444324917147e+01,2.266188360566683713e+01
1.627013122129658385e+01,1.861367800104613934e+01,2.254856552698500138e+01
9.322339901636967241e+00,1.251859231803904393e+01,1.466328191691224347e+01
1.582491474111187202e+01,1.999880076182812516e+01,2.332912425498898656e+01
1.802490852433545498e+01,2.012563592911791588e+01,2.068380628221315121e+01
1.407196788333278903e+01,1.590331460199219116e+01,1.619719871127477973e+01
1.962671306516218550e+01,2.204317679213794889e+01,2.231727601281055584e+01
1.600863360317663719e+01,1.986061345943096867e+01,2.164090225988216076e+01
1.276424994120200829e+01,1.581298251804911104e+01,1.733755742640344266e+01
1.373124841869244150e+01,1.814262209228045464e+01,2.060027607567210950e+01
1.089781032099478431e+01,1.463678459641470297e+01,1.793817656338345756e+01
1.235634507098575163e+01,1.586202392214429402e+01,1.844523208719867924e+01
1.164692487336722770e+01,1.664001091558047207e+01,1.714576113576580241e+01
1.204643914663307847e+01,1.458690817278190721e+01,1.641674670814531112e+01
1.626369029168871094e+01,1.806108864881895215e+01,2.183251381263999846e+01
1.174687364760781172e+01,1.178377985806283235e+01,1.370879889470466928e+01
1.630942027149473716e+01,1.836188477949206899e+01,2.089360187452397355e+01
1.502538438950632482e+01,1.699903864398194742e+01,1.846763028739712098e+01
1.782197574203468093e+01,2.057369311781789989e+01,2.511227394346048669e+01
1.559212001450237395e+01,1.722833271278528144e+01,1.775646046535462830e+01
1.710886073894486259e+01,1.960899508758846466e+01,2.382427386093623767e+01
1.738898107716947905e+01,1.807651775178774400e+01,2.232069557611470856e+01
1.242519348549744151e+01,1.598906810474540663e+01,1.878400563755328889e+01
1.764424726683439104e+01,1.988173242229866844e+01,2.197902950727301885e+01
1.610282489054798560e+01,1.973190931818907501e+01,2.210413358993552890e+01
1.943023880946136472e+01,2.270050704144234288e+01,2.288549857888306960e+01
1.972882460201167376e+01,2.443071421848814140e+01,2.668882815791116769e+01
2.241506057793887408e+01,2.698489170494351796e+01,3.013639311929220810e+01
1.820974379427120482e+01,2.151507958088678052e+01,2.249583506323102711e+01
2.152737169497218517e+01,2.188229674959919535e+01,2.296818387457636135e+01
1.896117163407705064e+01,2.163646599859466235e+01,2.181495677890669072e+01
1.419170149276082071e+01,1.858173477717814137e+01,2.070105208922084472e+01
1.775819040815892436e+01,2.018126573488185116e+01,2.090028003568691872e+01
1.856950290989817631e+01,2.286385905076436487e+01,2.616238028649048530e+01
2.488176381033244056e+01,2.532524125345478794e+01,2.625210250160992942e+01
2.520936269919257811e+01,2.545799740007417711e+01,2.853349720771089082e+01
2.080177579853200243e+01,2.142104503453001740e+01,2.384399395853118264e+01
1.639607664499141038e+01,1.993426855162123701e+01,2.256795207463792963e+01
2.449990317806633300e+01,2.685000028042726683e+01,2.733703090076726028e+01
1.827586830333549983e+01,2.085428095123958769e+01,2.121385807709803117e+01
1.908691566757497782e+01,1.915633649921949555e+01,2.340614352987844882e+01
1.907124805807660195e+01,2.372039388981569275e+01,2.373161858307450700e+01
1.913358563580697691e+01,2.235099136358398653e+01,2.350993157534611555e+01
2.080901655476115408e+01,2.313078713917611040e+01,2.568094049914937216e+01
2.042706894943017204e+01,2.294517405497204621e+01,2.614863607037139559e+01
2.255939131988073143e+01,2.357741785912196164e+01,2.733358359384385139e+01
2.268499746051015009e+01,2.379333903041826659e+01,2.826691476381378720e+01
2.547276006953642735e+01,2.585146755096579696e+01,2.622330783419569045e+01
2.428917577051939958e+01,2.472918668836889822e+01,2.805650954057338708e+01
2.388691078612751895e+01,2.441102575145527709e+01,2.536514918439496924e+01
2.436756673010314600e+01,2.600066373123988228e+01,2.930451610316097444e+01
2.415843686891339814e+01,2.726426561291054540e+01,3.165961444804275970e+01
2.044586368651177466e+01,2.115471440974846473e+01,2.198506307342815447e+01
2.193165134876240785e+01,2.310919389936763579e+01,2.462837888256730778e+01
1.703606613682709536e+01,2.058767658820760005e+01,2.317418982844557718e+01
2.270938634288021873e+01,2.538435914877425503e+01,2.682809277603610809e+01
2.037091961036688303e+01,2.407805380722333055e+01,2.639080891644634264e+01
2.061198741367193321e+01,2.295742522979139011e+01,2.415692039472489938e+01
2.452909998768186739e+01,2.597397606247693247e+01,2.863808544865238304e+01
2.280812825997238846e+01,2.311552481410416959e+01,2.781551462863383151e+01
2.506403636710857441e+01,2.778379526687330170e+01,3.096646445639060019e+01
2.603783739939418140e+01,2.617615542257758676e+01,2.638644494154702258e+01
2.091116342864149402e+01,2.572211288196788459e+01,2.650934210513346301e+01
2.631283702070591701e+01,2.711982782223309130e+01,3.153591144394218304e+01
2.442464018941263149e+01,2.840736345786850947e+01,3.168141962361896091e+01
2.321822783068614626e+01,2.671960196098763518e+01,2.682967316444275596e+01
2.274368140559570151e+01,2.616012623006934490e+01,2.730173080511505290e+01
2.552205793216313623e+01,2.665528960571623074e+01,2.882870220712807807e+01
2.755760801810495053e+01,2.966647870404832332e+01,3.231642757776231178e+01
1.916842912853222458e+01,2.281086287568411564e+01,2.730664583435935100e+01
2.519208795056232475e+01,2.745059788600544692e+01,3.042644205281859371e+01
2.921037668138744436e+01,3.168218024885463180e+01,3.169453644172766360e+01
2.625591800736299675e+01,3.038740319272410062e+01,3.406640775060586890e+01
2.398753771203914198e+01,2.878532004301929703e+01,3.064720569481572809e+01
2.563620832524459203e+01,2.973687097453045425e+01,3.337517345327654539e+01
3.435708742246105629e+01,3.494084674744985364e+01,3.979187992328222379e+01
2.799969060524116671e+01,2.876584707052418821e+01,3.291820978715608703e+01
2.465050725697457779e+01,2.701896233280231030e+01,3.002225013196191838e+01
2.964909831992144973e+01,3.222827520440597482e+01,3.256361377148378011e+01
2.433151712602328587e+01,2.906794191861886034e+01,3.343429799562624538e+01
2.027695641678818816e+01,2.320976805823368139e+01,2.566112351687282356e+01
2.767685653742041296e+01,2.934029465864898611e+01,3.021427297818294377e+01
2.650653597737009548e+01,3.041931290953436928e+01,3.300311312353561277e+01
2.265319219090309488e+01,2.604556928071054145e+01,2.752118451286192879e+01
3.055358768949130877e+01,3.501039825263998750e+01,3.990107397871638995e+01
2.382602815752544601e+01,2.713099625110411495e+01,3.140236607828568083e+01
2.636224661827121452e+01,2.753352184764682065e+01,3.239472452997482321e+01
3.085034224341140074e+01,3.198655937167410812e+01,3.312916517446804221e+01
2.647631744080274885e+01,3.107873621401041930e+01,3.250484593588786453e+01
2.799081720675373219e+01,2.981026773483340264e+01,3.407676518754078643e+01
2.635781362629779068e+01,3.064536971107906638e+01,3.106276661482761270e+01
2.664627499309068526e+01,2.824543076649583995e+01,2.945137979900886194e+01
2.343921677772619105e+01,2.793016748024625784e+01,2.941130969427501896e+01
2.492153440942874099e+01,2.610929286994725018e+01,2.757979033630869736e+01
3.089564364863791468e+01,3.527474245111880435e+01,3.622752885533268596e+01
2.451485009303144480e+01,2.543751951722919813e+01,2.962669956184283038e+01
2.851989788651899005e+01,2.937957838516839004e+01,3.189326327287941254e+01
2.317430539907051568e+01,2.559137797386671309e+01,2.564619271162863612e+01
2.602627570492801112e+01,2.906795895822814302e+01,3.242684549497635516e+01
2.993599250589346639e+01,3.094681213278379062e+01,3.383426292699848403e+01
2.897673200716775455e+01,2.969704744782364614e+01,3.340096046417914977e+01
3.257960613115859871e+01,3.525810298255873221e+01,3.731281117125224256e+01
2.610084562041629042e+01,3.090843895543191167e+01,3.567425888772687159e+01
2.950454462353108553e+01,2.969485652545132481e+01,3.118741154302636076e+01
3.039127527660007289e+01,3.159232686422261338e+01,3.635813426734324594e+01
2.721251928418750055e+01,2.813238272045455446e+01,2.840599757509185963e+01
2.809193478993673665e+01,2.910159037466363330e+01,3.286312771308457314e+01
2.318258400135930231e+01,2.575272335712190852e+01,3.058912504155799894e+01
2.835656905277793882e+01,3.241529313730195838e+01,3.340104333522992874e+01
2.892053118665026901e+01,3.080883890606422781e+01,3.488393484288055646e+01
2.826259210150177026e+01,3.194235973964785913e+01,3.359421347414634340e+01
3.083424511974649462e+01,3.378328013108068717e+01,3.670594063522479189e+01
2.520578335916380297e+01,2.959883189450229324e+01,2.970405860769144013e+01
2.715461744190392679e+01,2.844923355403086518e+01,3.200518299153052482e+01
2.714378009296150296e+01,3.038144677517301417e+01,3.208877233549371510e+01
2.479090086264571724e+01,2.908638595423067841e+01,3.276143879543968751e+01
2.423211510542920877e+01,2.722715237220799622e+01,2.845442768989409288e+01
2.686454027296825586e+01,2.835381582927158206e+01,3.158438609130486441e+01
2.570560838230693435e+01,3.053047095288981083e+01,3.479757098166988527e+01
2.566250717905039025e+01,2.670749969053729345e+01,3.044676014319711754e+01
1.918301200079818258e+01,2.386687422984759976e+01,2.435883086184113822e+01
2.120785687304775990e+01,2.460733314605767319e+01,2.503127533353231371e+01
3.026025977950763846e+01,3.028375210677314655e+01,3.516079611427963414e+01
2.750731324438874381e+01,2.855421884126421261e+01,3.255144010864461990e+01
2.647953156449276335e+01,2.927021042964777209e+01,3.241950163632385085e+01
2.752708799718450905e+01,2.828459624595303978e+01,3.206966213980525993e+01
2.819710772888618067e+01,2.988907486959499238e+01,3.290520501445988799e+01
2.932818275020661147e+01,3.132195533753883865e+01,3.221852027623138071e+01
2.999667358733896094e+01,3.067498757804191811e+01,3.263925209089528323e+01
2.410867562952472554e+01,2.414567063866832086e+01,2.896517648543001044e+01
2.422688192453909650e+01,2.566001159233797679e+01,2.903761761530945762e+01
2.659108498444037139e+01,2.945229249736729571e+01,3.310639635560001182e+01
2.186001515214410418e+01,2.600329823122332584e+01,3.038507103731033254e+01
2.779321371378130578e+01,3.114555493837114852e+01,3.308584189313850032e+01
2.936883225655678942e+01,3.183851579773627805e+01,3.367238201284885690e+01
2.692401989587641253e+01,3.167581426648226639e+01,3.327779455655017671e+01
2.596779680951941316e+01,2.729146693292524617e+01,3.003459953736416210e+01
2.847999533864079780e+01,2.895670722064242142e+01,3.337919595705501763e+01
2.223599255503592076e+01,2.716515068290960500e+01,2.890714923007012516e+01
3.127687303888601988e+01,3.185624555959036286e+01,3.324359613110438971e+01
2.513782863124994549e+01,2.723209963720765714e+01,3.142539500894793036e+01
2.724472192495155554e+01,3.208322307933195106e+01,3.568173482099941651e+01
1.536477955096918713e+01,2.002713820885004736e+01,2.093191773869760652e+01
2.023025388165221727e+01,2.487568855289054781e+01,2.776962761849349803e+01
2.337616632919559834e+01,2.562109235488819436e+01,2.789032829630209420e+01
2.857307089645074782e+01,3.333779314428365126e+01,3.516492422575046106e+01
2.143538195781294320e+01,2.221264768943107626e+01,2.517214032243199284e+01
2.632812696669757102e+01,2.688279498596326533e+01,3.044454019287521618e+01
2.740982012494220044e+01,2.741364108173744540e+01,2.945586963535222225e+01
2.526218957051875336e+01,2.926111971700254699e+01,3.130626420912909325e+01
2.006634210017709563e+01,2.389460023096736307e+01,2.741299119730469158e+01
1.736214210713623629e+01,2.071095847275475421e+01,2.278068494100154595e+01
2.390916194579596166e+01,2.850123035879506261e+01,3.030166408807999190e+01
2.683068347599064651e+01,2.873841420838917671e+01,3.222590482117282562e+01
2.087475987873298777e+01,2.460669964320723579e+01,2.617992981860401613e+01
2.092379746936344986e+01,2.490490685629463385e+01,2.903916902305645920e+01
1.883857401108177498e+01,1.906570794947585767e+01,2.141379723810225144e+01
2.690586280019007859e+01,3.020385875572484125e+01,3.145668704343360744e+01
2.451089074040409344e+01,2.782175025161444992e+01,2.870676225045367502e+01
2.130593328152604116e+01,2.135768533561559224e+01,2.426210667828624779e+01
2.678483431585119945e+01,2.711860758720197850e+01,2.937776633985850339e+01
1.505678835180557407e+01,1.722725026063553955e+01,2.198774151932752119e+01
2.232615457080352783e+01,2.292972006945418428e+01,2.543242601049168883e+01
1.889217050983310742e+01,2.282005888446936126e+01,2.334863033523918929e+01
1.664566375992199099e+01,1.985227480006911094e+01,2.464805938692633447e+01
2.277364912828926791e+01,2.284803304812841418e+01,2.518723788631738003e+01
1.887322913440198136e+01,2.314789422859777446e+01,2.406224862393127140e+01
2.209710184316466908e+01,2.516924184331575276e+01,2.799581930868921731e+01
2.467256838334785485e+01,2.811722742824512977e+01,3.176095783518374915e+01
2.088950757797638502e+01,2.387678943222228867e+01,2.772536452007781449e+01
2.794876327613256706e+01,2.909545096892109228e+01,3.346359504316968270e+01
1.800084918916608245e+01,2.256134946244338124e+01,2.370061560423936697e+01
1.445663626364289378e+01,1.940740556230262825e+01,2.333596154205431006e+01
1.895642493141094320e+01,1.945740868534100443e+01,2.139088234877868899e+01
2.112723993506648057e+01,2.116471793134684276e+01,2.342599129779421574e+01
1.556011029158893422e+01,1.899975141872450024e+01,2.081485047542895828e+01
2.282041704859936360e+01,2.361804132873389861e+01,2.840622440024487361e+01
1.956030802753180708e+01,2.032392825939678715e+01,2.518746182698129843e+01
1.818134948986469368e+01,2.152949511237684277e+01,2.221650545931343856e+01
1.324377800032112695e+01,1.745018124904737533e+01,2.183881009748937885e+01
2.162245297281770107e+01,2.236878144610494701e+01,2.527992801518798771e+01
1.367136680549701566e+01,1.809432477308059006e+01,2.195719617474875562e+01
2.218227650956084318e+01,2.321517567958510142e+01,2.369953762210876036e+01
1.476826660409723857e+01,1.767668232224152547e+01,2.008534590833802724e+01
1.246563983308707790e+01,1.731041315497487432e+01,1.946515821007962899e+01
1.563778433833451409e+01,1.635702427509594514e+01,1.825417585990567559e+01
1.469284282021562760e+01,1.493464412306313349e+01,1.729470663651486007e+01
1.771543598991867086e+01,2.266097267183843300e+01,2.614559692537298474e+01
2.049737700930620932e+01,2.241101973523477398e+01,2.693878443200748052e+01
1.920726817940647635e+01,2.069760554761852589e+01,2.324230960048997119e+01
1.292576009956086480e+01,1.703213392722880570e+01,2.051810317831380459e+01
1.281790928742832669e+01,1.307251526964506283e+01,1.752464524306157756e+01
1.708094977495714772e+01,2.021564597536636754e+01,2.515389027958577373e+01
9.993085791267450446e+00,1.452646181489997090e+01,1.684727835328047263e+01
1.098726256958318359e+01,1.481502135661200192e+01,1.858247163685015124e+01
1.679276591594128121e+01,1.698260440867585785e+01,1.961065934998707405e+01
1.689502687094794453e+01,1.906573227202908427e+01,2.029115303672834614e+01
1.825158721034913256e+01,1.852085757955767065e+01,2.161034239504374455e+01
1.665672037906483638e+01,1.877228170587826384e+01,1.888334648559698081e+01
6.869143511349885323e+00,1.178243356099057948e+01,1.675913919187433976e+01
1.080706651045530009e+01,1.539365400972189057e+01,1.693932229827477798e+01
1.354453687433066023e+01,1.697287677628177960e+01,2.097981898444957949e+01
9.834597717093133795e+00,1.061918434425466451e+01,1.304056041054543513e+01
1.130982732851853356e+01,1.499837464957611743e+01,1.648925208848487145e+01
1.451599117104924197e+01,1.500545307476570400e+01,1.775684467955478496e+01
9.090761521751026919e+00,1.114499022621621904e+01,1.340243434625998376e+01
1.126456793370337728e+01,1.540300594772307896e+01,1.743255364666099183e+01
1.359492174400302744e+01,1.651330123242203030e+01,2.090651644016912059e+01
9.953016771816875163e+00,1.317712955107410977e+01,1.683701757995768489e+01
1.521069713620596531e+01,1.842900192850503771e+01,2.034972946084297618e+01
1.563686900436628413e+01,1.619236378967516998e+01,1.811875943457874172e+01
8.954015049334017817e+00,1.198698514316246921e+01,1.213075979492758627e+01
1.089769426774382133e+01,1.493585425314413051e+01,1.937619683751333355e+01
7.460392123673822873e+00,7.617396908506504083e+00,1.039713640593096144e+01
1.312965917998879384e+01,1.784636436360901968e+01,2.020265777355685088e+01
9.807915658624208888e+00,1.418006017545562614e+01,1.515911953470108031e+01
1.311929210307858185e+01,1.354213108170477753e+01,1.778881783408840533e+01
7.646549432744702557e+00,1.000999319676903099e+01,1.169170012865571273e+01
5.734020609335972907e+00,8.484151268844904337e+00,1.214465133007244901e+01
1.224996062535489294e+01,1.467457735650240025e+01,1.641634486478175958e+01
8.569549881451889561e+00,1.307260401975978681e+01,1.618340621068032092e+01
9.420359682020308156e+00,1.250489590094213099e+01,1.547528829451859167e+01
1.157678233985205551e+01,1.334252807085039372e+01,1.811643414387775763e+01
4.805216676350582361e+00,9.552972810878708643e+00,1.309301896895346218e+01
8.522153376290097171e+00,1.050651176424138633e+01,1.192492382821642494e+01
6.154817159295730811e+00,1.098466485231340961e+01,1.288999214119176706e+01
6.190405890719913984e+00,7.888967627986341213e+00,1.261720263788867591e+01
1.045201871742305677e+01,1.180175046938660977e+01,1.324039324215398494e+01
7.457428433688286340e+00,9.472184762916963763e+00,1.420510080201577807e+01
8.641887088152669705e+00,9.450693405268252079e+00,1.253354291084410477e+01
7.228272834596482177e+00,1.038166792781451342e+01,1.402865133077096260e+01
8.566254788981686019e+00,9.935228005827580589e+00,1.143229411166971055e+01
8.373304705086194843e+00,9.597593117719537048e+00,1.202978155277854455e+01
1.525130981956250409e+00,3.717464838005247074e+00,6.877592422288993035e+00
4.851504505980728688e+00,8.413680729615837350e+00,1.247010023891245645e+01
6.695532961028620278e+00,8.953728941756494919e+00,1.206030007485545852e+01
4.595831635332543463e+00,5.706410535216485336e+00,9.177534256344884511e+00
1.647771153578154291e+00,6.570377415534336407e+00,1.073106092341812712e+01
1.201446652624231248e+01,1.387736845998876412e+01,1.630546490661281922e+01
9.441607501278138415e+00,1.006818500517586479e+01,1.252506283140748877e+01
5.406067127924218063e+00,7.804427522496523828e+00,9.969090008248700840e+00
3.376877073093478732e+00,5.418019890001255945e+00,5.475968403043911081e+00
7.108763218100914827e+00,7.635429310568505379e+00,8.733320437876740172e+00
1.207851671843493691e+01,1.401835629939487227e+01,1.722866383844462135e+01
6.005853509005232738e+00,6.536622069699233428e+00,1.046814534614023451e+01
4.718038388710231068e+00,6.991628248113561206e+00,7.541206440610505268e+00
-1.487446939365369314e+00,2.155669829598595655e+00,2.163172320627739786e+00
-1.067064598663938213e-01,4.127621328795950895e+00,8.566367737570690366e+00
3.121830420183849597e+00,6.376632188511808685e+00,1.059993996085693979e+01
5.756017651911302657e+00,7.595491187782990039e+00,1.213284010054649009e+01
1.254001262578158560e+01,1.322035914265021006e+01,1.535771486109950601e+01
3.399167105321212912e+00,5.284841017905531402e+00,9.566196434936927062e+00
5.912195395540041254e+00,6.134627850802811366e+00,8.510252493481427649e+00
4.697342324970356309e+00,7.499948043698760891e+00,1.061533181594280073e+01
4.187647202098588650e+00,5.696731850367288352e+00,1.046958395167219003e+01
3.017732158029698297e+00,7.608249981869212419e+00,9.950387881741551865e+00
5.108104160275927619e+00,9.463998946851276628e+00,1.141257705577849890e+01
1.078355709700930376e+01,1.127008937811570632e+01,1.212278503045772027e+01
-5.086476381929418977e+00,-1.211270674040711981e+00,1.102238732605780314e-01
-2.283131755174822253e+00,2.015345563297692877e+00,6.514724300815271540e+00
3.540731281200170777e+00,4.624740476471697725e+00,4.664896402170445100e+00
4.422857092182701066e+00,6.444992379070120236e+00,6.484731381472618850e+00
2.607051535999797220e+00,3.854758723636137585e+00,6.360157704020935832e+00
2.102927549255070083e+00,4.376407165912933550e+00,7.555686570469612562e+00
6.390385281679124674e+00,6.533506176522112519e+00,8.899419655396933138e+00
-2.370505520325928650e+00,-2.867907762806591876e-01,9.222000195600954520e-01
-1.623922818851764482e+00,1.812943064497087420e+00,3.443590319082836970e+00
5.417802315816082626e+00,7.896008427524638940e+00,8.861715536909327895e+00
2.044158871641872377e+00,2.940274099613782610e+00,5.789162795692684327e+00
9.588348331851637596e+00,1.003789712570119796e+01,1.466790809026813669e+01
7.966871221127167502e-01,5.665825035146182742e+00,6.346044703621436689e+00
8.971882615044787457e+00,9.843033523906996152e+00,1.241871807046094034e+01
7.406323920635822233e+00,8.769367541372162123e+00,1.007286692929881156e+01
4.008008535548137630e-01,3.803148979977550859e+00,7.675326025888663750e+00
-2.240144493901456979e+00,2.117838953410089431e-01,1.498728978054270744e+00
1.521521294085188103e+00,6.022583188335772775e+00,9.534490123260525252e+00
4.621573452196789944e-01,3.795635794354268455e+00,6.946524020349208683e+00
-3.511705231094106594e-01,4.093650322073487224e+00,4.992492953915675713e+00
5.848686100118589692e-01,3.597886140587100101e+00,6.131569987250410136e+00
-1.819141436058421490e+00,6.709619389637460074e-01,1.289264554874238744e+00
5.108371560777215770e+00,5.989716498655266896e+00,8.707893489198122339e+00
9.834421388313303591e-01,2.300496816285888091e+00,7.031044017921010081e+00
9.324377862765061975e-01,1.914881385562984484e+00,4.676523921128082684e+00
1.616141713163574689e+00,3.718731791972437417e+00,6.524810058899031873e+00
5.279163485904402542e+00,7.686375142978343789e+00,8.964241870935589773e+00
-6.390416886856389311e-01,4.105325507969468823e+00,4.727837345083584886e+00
8.708343106991042193e-01,1.389453050589354532e+00,6.138839206179908636e+00
2.678570594070154076e+00,4.809335892296608073e+00,7.025034139855486970e+00
7.133816410538175390e+00,8.300494870580385154e+00,1.090891473281480728e+01
5.793883993394917553e+00,6.931870190329358472e+00,1.167982215342208363e+01
-1.385394054466730696e+00,-8.859748794895070390e-01,8.986926988453101117e-01
2.583792458179480445e+00,5.135950967668868827e+00,9.472158518816581108e+00
8.092392951689902247e+00,8.268363976729219189e+00,1.105845768684556063e+01
4.307627256361943324e+00,4.960171599367881434e+00,5.431433315698940056e+00
-4.814574445954997728e+00,-1.043621104868890370e-01,4.078982715097334566e-02
-1.503938858360254649e+00,-1.823911831171676212e-01,4.512186723467475069e+00
8.146208626087836357e-02,1.955961325457504785e+00,3.795468929555744886e+00
-1.025548343106881699e+00,5.210634392507085266e-01,1.776878880121934401e+00
1.677528411755494497e-01,1.112810189896836555e+00,2.312327424017358357e+00
3.713299302511463562e-01,5.317397945409307880e-01,2.301682861738179042e+00
3.907288085305641090e+00,4.153472297318697493e+00,7.242786333478441030e+00
-6.853279017873035173e-01,3.294147257542754836e+00,4.073574455188015975e+00
4.626914420564522956e-01,4.479750453291693191e+00,4.745471464335261125e+00
4.579781690129601124e+00,6.709205952099118520e+00,1.092945059511215256e+01
-2.275907268507156189e+00,1.245502177173496428e+00,3.231720928746780963e+00
6.446543872618816451e+00,1.000616981954726548e+01,1.044795046747127287e+01
6.926052945130977356e+00,7.876169379939054416e+00,1.167160768928670933e+01
-2.753897254590848220e+00,-3.456822009853937061e-01,1.288868176802370868e+00
5.924218617182599012e+00,6.355575299714454118e+00,8.301855294505001481e+00
2.246230534287588121e+00,3.786543940062676139e+00,4.453382329464293576e+00
3.454709808104728719e+00,6.033168191740570840e+00,6.782171792984769354e+00
2.318005701814801256e+00,6.765304312345733706e+00,1.173970435296994097e+01
3.324954567848404263e+00,4.099471527910903745e+00,4.761731283307663709e+00
2.544387327707723134e+00,4.958999436964720786e+00,9.852587821029699100e+00
1.767772204161433436e+00,3.999970366584761905e+00,6.031173368086415465e+00
2.017876091346296974e+00,6.794341298327293721e+00,9.062776931475720943e+00
1.587618898022442160e+00,5.578294785862143890e+00,7.759909163373975183e+00
3.707331674209630723e+00,7.211053463273733755e+00,1.180986494562741385e+01
2.210609543255479092e+00,5.455746583889085066e+00,1.030763888226222491e+01
-2.306699168298799396e+00,1.361006178434726266e+00,1.676822026916138464e+00
5.953676501315634084e+00,6.150782451156103114e+00,6.870431105090050394e+00
7.717937479578417026e+00,8.435007967358735925e+00,8.574314124557670169e+00
7.871510277703504421e+00,9.743803313415826395e+00,1.470724057426819442e+01
-1.332925843539009225e+00,1.585915359203155184e+00,5.283106181348054875e+00
4.784691656582278796e+00,7.048129016064936359e+00,7.929572494249362613e+00
8.788555710747370853e+00,1.054457455062929228e+01,1.166038971097371046e+01
2.912424465352499325e+00,5.671887736854579032e+00,8.007990193103484700e+00
6.920413359390017227e+00,1.118638609266916895e+01,1.224429029532718793e+01
-1.747196636057945174e+00,1.117847251912250428e+00,1.221907455208393944e+00
8.915099846789651394e-01,4.885503891184187708e+00,7.685080214131650322e+00
3.883354041096446441e+00,4.203312711278776703e+00,8.282015474402721011e+00
7.913899156932611589e+00,8.225078878766217017e+00,1.037909046621856035e+01
2.746078943991385302e+00,7.074892154945549905e+00,7.367232455454533202e+00
1.057231835850683943e+01,1.184066675890082898e+01,1.338127125028102604e+01
8.622786533032455125e+00,1.138169025800503853e+01,1.383525086402082138e+01
3.069085890022922314e+00,7.293436783476529683e+00,1.177635866350579086e+01
9.247216828755620455e+00,1.099148252350030575e+01,1.549145511966007938e+01
4.439015361927705960e+00,6.402387069240025319e+00,1.030165418954302226e+01
8.800839296165086978e+00,1.172209291625220295e+01,1.579107627082496279e+01
7.225508907191366959e-01,3.764839642064582215e+00,7.748220988009071775e+00
1.456243246115505308e+01,1.746584022746912979e+01,1.805205911911699701e+01
7.433592094854262200e+00,1.137786395864051414e+01,1.484272449227797175e+01
1.120101082323476049e+01,1.508486819310822824e+01,1.556732904391572347e+01
8.923713218514674139e+00,1.237239372883645494e+01,1.624791845816418245e+01
6.033191766744144147e+00,7.881973374572053714e+00,1.264432845143013395e+01
-2.528074617649954003e+00,8.595470956141983976e-01,1.155877965401238328e+00
5.053037263958429115e+00,8.392875536098220124e+00,8.464950301755660433e+00
1.198998711118513327e+01,1.281901828696562973e+01,1.475310413578284141e+01
4.497620474880484664e+00,6.147546661371102061e+00,9.753190782361162547e+00
1.553871660254144871e+01,1.704130786942292275e+01,2.093506207916088613e+01
9.446645353676318635e+00,1.082035115290301697e+01,1.357728561235473563e+01
1.530228448351316928e+01,1.847130381776654673e+01,2.316116277174091209e+01
9.820823307736379348e+00,9.963534152060667282e+00,1.151271465877197642e+01
1.272226161744383433e+01,1.373724694521979650e+01,1.719706060692896799e+01
1.147309893515017976e+01,1.382210544349685222e+01,1.650741451316611119e+01
7.154054558474772563e+00,7.553725439758567362e+00,1.036732560562687055e+01
1.229118073850187898e+01,1.379623462365369235e+01,1.766623682401924711e+01
1.264780677234269568e+01,1.446281530600209742e+01,1.464752092949046691e+01
1.488751939343681308e+01,1.521035525921445064e+01,1.674234177725620398e+01
1.537484971542043866e+01,1.701015358484428930e+01,2.042837763904919512e+01
7.224756392627744717e+00,8.690544786235733454e+00,1.253008389686558921e+01
1.245013107670041208e+01,1.521972774137229756e+01,1.674265014606176649e+01
8.877908566301421445e+00,1.015869768064003331e+01,1.177642982006533501e+01
9.414932359902024928e+00,1.096743216270118992e+01,1.391776584117314464e+01
7.021536364297703336e+00,1.094189869081081667e+01,1.205580615340334916e+01
1.120022615996611748e+01,1.512248735506095620e+01,1.530502464986100009e+01
1.512918264454002149e+01,1.670579441026282552e+01,1.844048137380608665e+01
1.376141116004212961e+01,1.397957725954353236e+01,1.668140703458227847e+01
1.471197980209774769e+01,1.497948230971605810e+01,1.823708960320559669e+01
7.312476044728100533e+00,1.058574606481959179e+01,1.148488890415410424e+01
1.611271110019343311e+01,1.651384098266598244e+01,1.694971587922106693e+01
1.291302331389548819e+01,1.424679543855175368e+01,1.817139667989501106e+01
9.826203895231977015e+00,1.272896542534158648e+01,1.568638054421898431e+01
6.122282785953675699e+00,8.571887974379430730e+00,1.159680911545192750e+01
8.520486163395812440e+00,1.328492477616581269e+01,1.757025247835621684e+01
1.563465556790853839e+01,1.581391220317662238e+01,1.770792744924406037e+01
1.463408150835353361e+01,1.847378171568516336e+01,2.331797731731644774e+01
1.301555180092828223e+01,1.393788814601174586e+01,1.704570770785404576e+01
1.172367694422146656e+01,1.621374120330895607e+01,1.808942451897799586e+01
2.009143254608331830e+01,2.195315052362800401e+01,2.246421288024552609e+01
1.944288189607537021e+01,2.115163307169349949e+01,2.582886350641032180e+01
1.220992220352882107e+01,1.627334300235287046e+01,1.744221837443929246e+01
1.182983489654179365e+01,1.663832453953882506e+01,1.716376134018321409e+01
1.891185626662172936e+01,2.387814068864883765e+01,2.618658064682184516e+01
1.787682356610303458e+01,1.904343864993505520e+01,2.000688516149158147e+01
1.407945021789804407e+01,1.773901026269871295e+01,2.080672004723455615e+01
1.383803148875183808e+01,1.867223973651267954e+01,2.335366302892883539e+01
1.228249099522793664e+01,1.646461330975660076e+01,1.778098398595376395e+01
1.101816019311829820e+01,1.512477482025177800e+01,1.877654448501185414e+01
1.416669218280166831e+01,1.864514364281669501e+01,2.096662495641537660e+01
2.234479276152221772e+01,2.347546783351540967e+01,2.771562878450465561e+01
1.632870633945578831e+01,1.939829897911812040e+01,2.180576767971064100e+01
1.638232646843574258e+01,1.951267449589941805e+01,2.400253437934605216e+01
2.163053651868288441e+01,2.228587954553229977e+01,2.328222704530261566e+01
2.042494926898882213e+01,2.102798531079867317e+01,2.399354265955261312e+01
1.543190397472616837e+01,1.631092519536827368e+01,1.665461759337001979e+01
1.903896506488941753e+01,2.204822118593615699e+01,2.338956370398303619e+01
1.270859650798058382e+01,1.574850527137656186e+01,1.877853828875020881e+01
2.380264580045717082e+01,2.517209498640238508e+01,2.951056283884452469e+01
2.014016433090036884e+01,2.323907195690595628e+01,2.628035323899818110e+01
1.887716191715177061e+01,2.328956204357455917e+01,2.793745090066732217e+01
2.429510429034198893e+01,2.840277243720875333e+01,3.127884429377419906e+01
1.629063381292252188e+01,1.896879698757386734e+01,2.058928605316161509e+01
2.386007667226768447e+01,2.457403745737743606e+01,2.842376935910286306e+01
1.899148625569547022e+01,2.324905057193037194e+01,2.518203967976047863e+01
2.015182664742864205e+01,2.454104542365069364e+01,2.812075347217744792e+01
1.724425340857578348e+01,2.178803740050720705e+01,2.597198133877944315e+01
2.466443470647728731e+01,2.480601560956061746e+01,2.608928222307439881e+01
1.990117752080809410e+01,2.315609941755671386e+01,2.723989806690513049e+01
2.231161576958638904e+01,2.663615028524158390e+01,3.043758415818771468e+01
2.410632430923460490e+01,2.464741661593329525e+01,2.492754398113938308e+01
2.367148643468676283e+01,2.684783476119837076e+01,2.836662783938536947e+01
1.786244888923653207e+01,2.212656501527879982e+01,2.578282825396681943e+01
1.810577710076266200e+01,2.290034473539783377e+01,2.370921634663761068e+01
1.619698787844469479e+01,2.114726099148994010e+01,2.337498404409182839e+01
2.684600266611195352e+01,2.852418984357695919e+01,3.158217812163803728e+01
2.591357448025188859e+01,3.027212786594519756e+01,3.507481276204041620e+01
2.002827056378607296e+01,2.272112350681708648e+01,2.479655165796777894e+01
2.439941428376812382e+01,2.597052481679053315e+01,2.844269714429593776e+01
2.561173923550865084e+01,2.945488065816938672e+01,2.963206923804653314e+01
2.220535118425213383e+01,2.594528762259522026e+01,2.663711346065383268e+01
2.225839569760890768e+01,2.612270421931856035e+01,2.652831551196850768e+01
2.264137223531011855e+01,2.335741716027592574e+01,2.687118645709126596e+01
2.313079179006885511e+01,2.630507073034812748e+01,2.767430197761153821e+01
2.060100290588557570e+01,2.319523730766738012e+01,2.724417770686004303e+01
2.834630739276335731e+01,3.078803726021840959e+01,3.262649400013456358e+01
1.766293816122896843e+01,1.959703405608970428e+01,2.049102715821010179e+01
1.906635030609843184e+01,2.292669526587270923e+01,2.531171527119204612e+01
2.537539413260089916e+01,2.738561853694693227e+01,3.002526373782045255e+01
1.962925965409959161e+01,2.285399671202497984e+01,2.445740344388324772e+01
1.773288281279357292e+01,2.121763171391051372e+01,2.183852475984780739e+01
3.090924836587898739e+01,3.492317072321239380e+01,3.632908282774396014e+01
2.807993895037062160e+01,2.903620741997075072e+01,3.394533503263654950e+01
2.228359862020866444e+01,2.664611769273491504e+01,2.994858277293045745e+01
2.625377451237684312e+01,2.901692541955862126e+01,3.054713709268211730e+01
2.570620529589791659e+01,2.887846944038117059e+01,3.028679341708201989e+01
2.341146047227164928e+01,2.564854418978929829e+01,2.849105851456184624e+01
2.573981377439413620e+01,2.692916782832741873e+01,2.998289178409880407e+01
2.592539080888224134e+01,2.713993756508353883e+01,2.788731942695807930e+01
2.287060897154290018e+01,2.687841431557655625e+01,3.032574898758428361e+01
2.540962656390822261e+01,2.682467503730365266e+01,3.049020279627283969e+01
2.972214354884130572e+01,3.065757851556105962e+01,3.433000137126320794e+01
2.771866843329570784e+01,2.776040308998918960e+01,2.784370869320290609e+01
3.085793285540381703e+01,3.124843696079959088e+01,3.346829598244465132e+01
2.531704041981281961e+01,2.621706319982001432e+01,2.999148756757837120e+01
2.516082700375254433e+01,2.997385571322306319e+01,3.231030698182973993e+01
1.980085958692787074e+01,2.277394393909749937e+01,2.446689198027141643e+01
2.819936970370511986e+01,3.028254299717448816e+01,3.341688250805129456e+01
2.876058712585932753e+01,3.144551000017067821e+01,3.299366680342573943e+01
2.422287158786246053e+01,2.546857227550458447e+01,2.853946347380336945e+01
2.518977611387184368e+01,2.975737697422185946e+01,2.997149218912525726e+01
3.092740437501011641e+01,3.134069465315641523e+01,3.238182150920977165e+01
2.486738761850732971e+01,2.827337037506560691e+01,2.866510264098988614e+01
2.735660182221775116e+01,3.182814592747935833e+01,3.375427782333851212e+01
2.637599962949387233e+01,2.714591416039042571e+01,3.052788225434065694e+01
2.526121049828178400e+01,3.015335394063924923e+01,3.382161379902603215e+01
2.736666737498225643e+01,2.952006061851319174e+01,3.407023552633197028e+01
2.805490008148617065e+01,2.976991606092867926e+01,3.064031320194969155e+01
2.784012681740897222e+01,3.272857417583672657e+01,3.634395292211462447e+01
2.855359309992114802e+01,2.973952246273706379e+01,3.281037281603964573e+01
2.492455854604057208e+01,2.814040532686859208e+01,3.015547415741029980e+01
3.125349545753956804e+01,3.479336880578905067e+01,3.649871229124686778e+01
3.255661151152604305e+01,3.465442955581448103e+01,3.963387492763530418e+01
3.060262875532504268e+01,3.549520251765856926e+01,3.601754794264500248e+01
3.034008700175277795e+01,3.313403065078761500e+01,3.418838127914342095e+01
3.036116159025088734e+01,3.178351005074845048e+01,3.522794842026780771e+01
2.993599587340306556e+01,3.367018253681867890e+01,3.528802401651024923e+01
2.506084534065531244e+01,2.785587888646915999e+01,3.114502588513656534e+01
2.460778876043519148e+01,2.721966416561464186e+01,2.723042880502144669e+01
2.470216560072254808e+01,2.524359472237830460e+01,2.572388544272730115e+01
2.558685915088824459e+01,2.751526900582814505e+01,2.970104325076833973e+01
2.734538506794335078e+01,2.896764474527023481e+01,3.181994790827943120e+01
2.453339703688669005e+01,2.501274148831517152e+01,2.996269416709202460e+01
2.764880359861907166e+01,2.965651929829809674e+01,2.988119703045060049e+01
2.291067998539715234e+01,2.661788473870070959e+01,2.770895502673554489e+01
2.295979999696850626e+01,2.318129980966559955e+01,2.435721581248341394e+01
2.170175588909352271e+01,2.182992086377850427e+01,2.424659720473505331e+01
2.520469292767540281e+01,2.590195987140148048e+01,3.025148623939000458e+01
2.403532015868528049e+01,2.768729751739059708e+01,3.211914248756876589e+01
3.139470226830373178e+01,3.298756702452303813e+01,3.727703687973655633e+01
2.184535398941273954e+01,2.598779871410721398e+01,2.640971648893886581e+01
3.284065346500267424e+01,3.604726143074198319e+01,4.047720652239869565e+01
2.742720316334786901e+01,3.134000290984257830e+01,3.489255205704148466e+01
2.654167171255589963e+01,2.904417023237975926e+01,3.370978344810596639e+01
2.235932060018259904e+01,2.670813177567426422e+01,2.982219743246598398e+01
2.767553647148390183e+01,2.794187504156270663e+01,3.226431477907943446e+01
2.157310102185416412e+01,2.615373511396601813e+01,2.651073121338554373e+01
2.508506049584482156e+01,2.803309701670656295e+01,2.864821394829571588e+01
2.483241432266756732e+01,2.725620788919371051e+01,2.890918740422294420e+01
2.846269689212793352e+01,3.080216705889164786e+01,3.278527272953755300e+01
1.996021918530864880e+01,2.469221313899344494e+01,2.892283536141886202e+01
2.656689193200769239e+01,2.949898134746493383e+01,3.126911992095337922e+01
2.709930316423746177e+01,2.811349841086096646e+01,2.969253547924565950e+01
2.722301088644801936e+01,2.732498615591003954e+01,2.812237084910068674e+01
2.100445922227686069e+01,2.144661969842054461e+01,2.457261543836595408e+01
2.457835321064086997e+01,2.673528179843879116e+01,2.764481849114332235e+01
2.512479483950638581e+01,2.804089101723346289e+01,3.021283933982664394e+01
2.461736543002454525e+01,2.930832099585320805e+01,3.224336699537951745e+01
2.614792474960164270e+01,2.942496286200407951e+01,3.267100692664746475e+01
2.897750756800230576e+01,3.049174024781745729e+01,3.489555423903451725e+01
2.435543828118829524e+01,2.748437034409489499e+01,3.236090244346045353e+01
2.267864661371107360e+01,2.747613462396994777e+01,3.041167192833312072e+01
2.653090911879725056e+01,2.688953119209689646e+01,3.041839273507333985e+01
2.905560241937805088e+01,2.909741069946147718e+01,3.254799517143796805e+01
2.483958864763107144e+01,2.721346652951435985e+01,2.996372164992636300e+01
2.505664221343243980e+01,2.952041474977372104e+01,3.300043803015586263e+01
2.755893134908404818e+01,2.988114175109114257e+01,3.404960299058254947e+01
2.782700177735667424e+01,2.941704646959751912e+01,3.388554715787009286e+01
2.496924532677015307e+01,2.550623352747295769e+01,3.004791591586749178e+01
1.800017524513649647e+01,2.106013232598378337e+01,2.536726626590233735e+01
2.366399639023725499e+01,2.695880050792761295e+01,3.135943477100531851e+01
2.322955901495599207e+01,2.700023900366396745e+01,2.717523639412938863e+01
1.936377486551466376e+01,2.030004404585926636e+01,2.247221661844789153e+01
2.592093703786216352e+01,3.040673892643931708e+01,3.536344783382199353e+01
2.653335652991964366e+01,2.729451544731495005e+01,3.203589798073361550e+01
2.838840104477521464e+01,3.010004569967665233e+01,3.117483905462723115e+01
2.551267996411654337e+01,2.603806408991949439e+01,2.652265009160092646e+01
2.153222459488141993e+01,2.620405111511952612e+01,2.811092815354602692e+01
2.164610693395215435e+01,2.641522813162476879e+01,2.894619531149202274e+01
2.177069607757461966e+01,2.371620151324863457e+01,2.761810677866094110e+01
1.912467559345932244e+01,2.143995737685368397e+01,2.403800535807361527e+01
1.654775487806079326e+01,2.093608720252719024e+01,2.476959114379929616e+01
2.748915015602161560e+01,3.144127600333419892e+01,3.463159834074390631e+01
2.302990931581930312e+01,2.384017101206441680e+01,2.440359205743737192e+01
1.696237860063229874e+01,2.070353797757727676e+01,2.440617500178861476e+01
2.714521958813845970e+01,2.942516159588017644e+01,3.122745428868760698e+01
2.331223151318799225e+01,2.780661336333266931e+01,2.954305204264982265e+01
2.576632918373071490e+01,2.707577681644548306e+01,3.078381419224892923e+01
1.650522405890606947e+01,1.729604893297011614e+01,2.053498988426319372e+01
2.328761933792946692e+01,2.729859572091530850e+01,3.082782141648345586e+01
1.707378244188789651e+01,1.874353673972994017e+01,2.207170480102782406e+01
2.035883449207450724e+01,2.252292683681006835e+01,2.492262320112356733e+01
1.859794772624691461e+01,2.222487458478874345e+01,2.543876781641069584e+01
2.272381445579641479e+01,2.417836708518784761e+01,2.540613124099645859e+01
1.854450724479305279e+01,2.288844999568511440e+01,2.713368978981525004e+01
1.857977504942479996e+01,2.058898860962102262e+01,2.491378154070547524e+01
2.468119485070823771e+01,2.712737322425850195e+01,3.137660396966117915e+01
2.600633685952283258e+01,2.691661339976367628e+01,3.074391424568876374e+01
2.059758535590148654e+01,2.265509979895944070e+01,2.515985099903998190e+01
1.822920703768215844e+01,2.099368577030233851e+01,2.438787091901190607e+01
2.519276976208703189e+01,2.572228488452320505e+01,2.697867172708624040e+01
2.053857256865667225e+01,2.414581727670503497e+01,2.414798483671438944e+01
1.507366757865474582e+01,1.695744380202982882e+01,1.859522624228434751e+01
2.476880166945838369e+01,2.724493200293298401e+01,3.215768470682273517e+01
1.372511547780116992e+01,1.747187314731152696e+01,2.226259967619903080e+01
1.763021613945715771e+01,1.878650957728999416e+01,2.222301314857265453e+01
1.190193444363937303e+01,1.548151185128391205e+01,2.031706037305735890e+01
1.317780705493018090e+01,1.816001503358215530e+01,2.104748325087073368e+01
2.120582537018837499e+01,2.304724811687896135e+01,2.681137471267483718e+01
1.768354033132066760e+01,1.939022229704892553e+01,2.028850217840225056e+01
1.668544786122777523e+01,1.973537464414541631e+01,2.329096428245200912e+01
1.444603047926879213e+01,1.644247509127036722e+01,2.143498051957961081e+01
1.929172858912691879e+01,2.076921677755155216e+01,2.193672942060996078e+01
9.038429311655187703e+00,1.268295493685459618e+01,1.275694387938653840e+01
1.460827953993754669e+01,1.722819749970584269e+01,1.914256619154824079e+01
1.709456926510121022e+01,1.757227018327533230e+01,1.942491498115965953e+01
1.398212619748430185e+01,1.680746831278996112e+01,1.951165569758584795e+01
1.339521143126236780e+01,1.834320431985705824e+01,1.942170448895138790e+01
8.820342762329453024e+00,1.280616448456663115e+01,1.713651415202725303e+01
1.944004293534166550e+01,1.983684254130136893e+01,1.991137306732908741e+01
1.300524856793076189e+01,1.369411963474027871e+01,1.406691345368028578e+01
1.788010160361697842e+01,2.245230539856213170e+01,2.283524001422738792e+01
1.514749004567759627e+01,1.761782385263068562e+01,2.258590934951376994e+01
1.621276731881471989e+01,1.813417576425278099e+01,1.949248158887590776e+01
9.510284990788399284e+00,1.404421685290086330e+01,1.646062633118803120e+01
1.063488025577622409e+01,1.440227721048987242e+01,1.663030598136494831e+01
1.716918700932667363e+01,1.961129582465679988e+01,2.396400613951236380e+01
6.624322335735689293e+00,1.115354914021826005e+01,1.232527520451798253e+01
1.235258159291796076e+01,1.518065829388522303e+01,1.995132213610658667e+01
1.037289583171128093e+01,1.503647825916581127e+01,1.948943289814980062e+01
1.171716654419237003e+01,1.614205190293419534e+01,2.088829149395744622e+01
1.087457527189256012e+01,1.526859978394898576e+01,1.818665315961013462e+01
1.123449330604460528e+01,1.573955167086261042e+01,1.818422029835033982e+01
1.189447848066345692e+01,1.245595996253074134e+01,1.415756188259245363e+01
2.027408596220578829e+01,2.156428175050587726e+01,2.213233598944699310e+01
1.054957181679681355e+01,1.375387094132120147e+01,1.473487654166567573e+01
1.570572439533413700e+01,1.663414850982058724e+01,1.815521691920881153e+01
1.522537846778664949e+01,1.643909322123077388e+01,1.919257667859693584e+01
5.101880149166655443e+00,5.179875210482350667e+00,7.389200222363944803e+00
4.905868265433966258e+00,8.199176561627028903e+00,9.138231063971895551e+00
9.480653314289829936e+00,1.023010622845183981e+01,1.475922124172036298e+01
6.864150023671685474e+00,1.096445464268360936e+01,1.224221531984136213e+01
8.929778064721173081e+00,1.310441600248950955e+01,1.753529786438506122e+01
1.239641400680475947e+01,1.296961508586280232e+01,1.673130868086687073e+01
6.899268587084963045e+00,9.516327468637170384e+00,1.315258563987972273e+01
2.034066471853851255e+00,5.594126340200603842e+00,7.906574640970827517e+00
1.628277010933945235e+01,1.636382842866846588e+01,1.969502999112985719e+01
1.098776731163703779e+01,1.394759846735319542e+01,1.638538880857427671e+01
9.638637709812879706e+00,1.309664397078186582e+01,1.592058948030441989e+01
1.062072869641593265e+01,1.237951301060400056e+01,1.635105913387111443e+01
8.917916348478966526e+00,1.262039369135080236e+01,1.553821757680274729e+01
3.448957777912533107e+00,6.028209330190428261e+00,9.255051987412167946e+00
2.614934609814940636e+00,5.673896841213327491e+00,6.709213942656231389e+00
1.125725869421141212e+01,1.206876296533118520e+01,1.334095501412733142e+01
1.691511249015126284e+00,3.491907306018586787e+00,7.787380477508740739e+00
1.054542435998288497e+01,1.109832315478861986e+01,1.444872502241134349e+01
1.141113757986279964e+01,1.198223820972267362e+01,1.385069801146442892e+01
1.273588703459938998e+01,1.472317699612071884e+01,1.830620780438183459e+01
3.903133045939751966e+00,8.358582852616629921e+00,1.155458380447698552e+01
1.336043207281032430e+00,5.855993106022312489e+00,7.745783676924560268e+00
8.334994007606024269e+00,1.211442828711669861e+01,1.498403282315540075e+01
4.259225081236850841e+00,8.069787718914691155e+00,1.146976890928208626e+01
1.774201125671190260e+00,3.527001276429187371e+00,6.262725274500863470e+00
-5.744550680960641031e+00,-8.555396181361309971e-01,2.402149616723902259e+00
6.610236890987033043e+00,1.005785343476964933e+01,1.118480017277901695e+01
7.753226486783620253e+00,1.053948509964025604e+01,1.184306241280800265e+01
4.206795550984334220e+00,7.977740431820969036e+00,1.165471700224052753e+01
3.786023111448022060e+00,7.722424288164472905e+00,7.733365699940569549e+00
4.357261268089451356e+00,7.766950857877837677e+00,8.656800700204968280e+00
6.959390797554598329e+00,7.020919654265711074e+00,1.108487437663919195e+01
-1.746342656206960164e+00,2.637839672099647537e+00,6.917524293387234735e+00
6.183017433499474080e+00,6.202659801428513475e+00,6.347681114594166729e+00
3.049489688183600222e+00,6.780139398629249747e+00,1.121264654547957207e+01
9.693296724369282913e+00,1.002052724379336368e+01,1.363177387854760703e+01
1.646880923473564629e+00,4.572963909400304949e+00,6.666425564748506005e+00
1.858767653617734883e+00,5.466995575170939148e+00,9.719057215301711850e+00
4.197567603239449774e+00,8.059288415052108689e+00,1.106480846658739559e+01
3.689485728466399550e+00,4.507190575514861131e+00,4.990563505129278710e+00
2.642253614689156205e+00,4.330363194083579614e+00,6.062433091682564168e+00
-5.044407518490956477e-01,1.796084722262878408e+00,3.348365631531480258e+00
7.923669266831193880e+00,1.017599290033513704e+01,1.515316177725651947e+01
5.544977469099443113e+00,7.520013404809298585e+00,9.265232746743905068e+00
6.110163738208876261e+00,8.455516355514559379e+00,1.202525935445047800e+01
-7.972341214019618150e-02,4.265477416385643039e+00,6.104079956081038816e+00
7.468295945550031512e+00,1.126219998080555840e+01,1.148301664472655936e+01
3.659036533133196656e+00,6.617316741187636353e+00,1.084756928295244727e+01
6.616629068002817249e+00,7.520751204925843147e+00,1.052961690138058870e+01
1.639656799724036773e+00,6.444778119861807042e+00,7.149874547866049923e+00
1.595809043529007987e+00,5.930016025745206143e+00,9.595735506254154501e+00
4.171132797809089965e+00,5.774938729357199207e+00,9.867064284064269941e+00
-6.144658333944015283e-01,2.916653894877689446e+00,6.528455393294402498e+00
1.974346771765414843e+00,6.245829077853823463e+00,7.842661698244180357e+00
1.551652591936021786e+00,6.092636385377986130e+00,7.147383821267649040e+00
2.566466573709785148e+00,3.986411884468468614e+00,5.868979987185290348e+00
5.195547865817085054e-01,3.995688113154211685e+00,4.369330516519806196e+00
3.921714736824041481e+00,5.180853464918873108e+00,7.313259857957678634e+00
1.669006298122188703e-01,1.934100209845894369e+00,6.688123545336419618e+00
4.493974435200337680e+00,5.290164319473361410e+00,5.576884934803570282e+00
5.586970470034719582e+00,7.750778319510990499e+00,8.423927961236771011e+00
-1.665994507301912009e+00,8.886063910703230206e-01,1.146164873872849821e+00
3.494332930854136876e+00,8.106769026797950417e+00,9.595795351063385326e+00
7.610928433691637185e-01,2.387355248277483355e+00,4.786100703433545434e+00
3.162075426145874779e+00,4.430814671592523624e+00,5.739636883972824677e+00
2.923968932827675893e+00,7.240324487879794546e+00,1.165131748971563397e+01
3.428647427786255975e+00,3.712419225597872074e+00,4.754403445182484589e+00
3.562350135071912227e+00,6.165913964680627579e+00,1.114028936944986370e+01
-2.989471025806654580e+00,1.760697706728809209e+00,5.475612698917644572e+00
3.665775700713974405e+00,5.936141691104120710e+00,1.034945805618869130e+01
3.869463975951683565e+00,6.675420543373773441e+00,7.308480002217948801e+00
1.159878655773556977e+00,2.760928491897169490e+00,7.298599645339876929e+00
-3.537661678748094118e-02,4.852336605758967636e+00,9.155732691426427650e+00
3.667716439615751778e+00,5.234103521340758292e+00,9.593714023610008468e+00
3.516822397104204079e+00,3.722535546211802604e+00,7.567579134491833059e+00
-2.022972400754458278e+00,2.685010714822011479e+00,4.013474532680677775e+00
3.479299705908858176e+00,3.551692459320404005e+00,7.595390260050392861e+00
2.609747198068907537e+00,4.151300142403292703e+00,4.924656802316096815e+00
3.988135044509017568e+00,4.600233195314998191e+00,4.799530088249456483e+00
6.874284497647495940e-01,5.412804339396734221e+00,8.862338580340676231e+00
2.913777397534178526e+00,4.969030204547705054e+00,8.563037753203600388e+00
-2.275032229783668924e-02,3.521151497636815897e+00,7.620299120360822798e+00
2.093810967281985569e+00,3.426859899794091557e+00,7.435472934240571874e+00
5.833813403492971617e+00,6.444311403167354513e+00,7.777185543996137262e+00
8.167529468139340665e-01,5.402180433176057228e+00,6.959929249375102600e+00
7.233963329744641513e-01,5.286586774391198063e+00,7.920020758082470635e+00
2.298513073851962130e+00,4.031196529762723912e+00,6.224794236737021258e+00
1.501817286402120644e+00,1.671238465684357521e+00,3.320282135084569486e+00
3.796769116422656687e+00,4.361774709565239050e+00,8.594789696135194390e+00
8.958849385443174995e-01,5.276868107819833398e+00,9.264990752766543380e+00
2.650425375526275662e+00,2.835073925872666489e+00,3.277322943998830507e+00
1.182281571104385165e+01,1.385874654969055797e+01,1.601191386808800843e+01
3.245120766192782114e+00,8.076667012955088154e+00,1.170581896401899868e+01
2.409059474540575785e+00,5.103947424069504635e+00,7.929849489020556419e+00
3.443500824894768719e+00,6.875886293667168303e+00,1.023110191087024390e+01
7.336649890346205183e-01,5.662929326760737681e+00,1.058476116954618718e+01
5.107403309856977103e-01,4.978062986333171125e+00,8.554981718212484765e+00
7.896593176644628009e+00,1.068000467770708894e+01,1.119714506220928563e+01
1.356488704107085219e+00,6.329722397661538658e+00,1.035259241535317187e+01
-1.132395840179798441e+00,2.713646178331571956e+00,5.544939964135410904e+00
5.963553994898989963e+00,6.563108443547200466e+00,7.141158394872246795e+00
3.557841285405983101e+00,6.232177282457509016e+00,8.540617022931193958e+00
2.320320807434309796e+00,5.808503040520443861e+00,1.012759040679423705e+01
7.180588467603814529e+00,7.265434243221758237e+00,1.020595844822321752e+01
3.239074597354215879e+00,5.500061363565062145e+00,6.453620205563616707e+00
-7.864851269250325849e-01,7.059054205627415257e-01,5.373634082129578715e+00
4.431502439865980136e+00,8.107336606495774589e+00,1.265314332074790116e+01
3.413982731450693198e+00,5.099005468774932659e+00,6.499218613105282927e+00
4.904251608793321893e+00,6.202160423756447827e+00,8.818098841768282625e+00
3.036102354021457117e+00,6.288560514631963194e+00,9.993917863420959335e+00
8.018600511100617112e+00,8.711918643298258047e+00,9.965796740609576432e+00
7.218516644178892605e+00,9.006530587674665966e+00,9.160512865387133274e+00
1.772515598713114038e+00,5.361495608732237628e+00,6.112713271388469316e+00
7.234610495566417221e+00,9.212599906216805579e+00,1.401910002997783167e+01
1.872169355129417845e+00,5.270087756304695503e+00,8.301617546342503928e+00
1.196065166677867708e+01,1.230040868672171506e+01,1.265497370330817262e+01
1.202097054334774207e+00,4.410512306401066951e+00,5.988892478674515019e+00
8.193013957613821674e+00,9.680182692804258693e+00,1.136260926664177617e+01
5.374834881417939414e+00,8.596173491345085793e+00,9.361781638720227505e+00
5.802653871909360106e+00,1.053780490605483244e+01,1.532345551345402157e+01
3.776707483750792349e+00,7.273769834232078679e+00,1.206726486780303631e+01
1.137033910591818398e+01,1.318625712487629897e+01,1.411308912079949884e+01
6.779810911906045234e+00,7.692254760641560551e+00,1.037133413943560534e+01
1.107220493008412454e+01,1.200837692806294399e+01,1.292955881100943571e+01
-1.870148907762075652e+00,2.466970775770351842e+00,4.242870513326099768e+00
5.174988604825736083e+00,8.722033522184625909e+00,1.334209908286047508e+01
1.178346919811791338e+01,1.318879967137716669e+01,1.552987940840936965e+01
6.928948525837538952e+00,1.026843854871167316e+01,1.123604107138760000e+01
1.490965370393319489e+01,1.790761694556285732e+01,2.282425397840570014e+01
1.117329807250023777e+01,1.603809962148549673e+01,1.931154780816637029e+01
3.933588732054917436e+00,5.944686789722936737e+00,7.051489578502789790e+00
1.538614496715450741e+01,1.963048976729681527e+01,2.296290405334180207e+01
9.019529790652065060e+00,1.304795744603913477e+01,1.749109892906837160e+01
7.339988536015265019e+00,1.217564731469704142e+01,1.274386786401985105e+01
4.173309240310387302e+00,6.285725850275989401e+00,9.313012152288713708e+00
1.352963579593201082e+01,1.409538341176981824e+01,1.462735497200735146e+01
1.461066081069467337e+01,1.462145841040651106e+01,1.788619533880467216e+01
7.041398374829144657e+00,1.014669314638759978e+01,1.234751815901427641e+01
1.514482658903585310e+01,1.615678985786717803e+01,1.769506856969319131e+01
4.616540185985371636e+00,7.838914934980749649e+00,1.004071772413078811e+01
7.254267069736132001e+00,1.211665402490852195e+01,1.541510142025997609e+01
1.404134802598042420e+01,1.656269437720601445e+01,1.675793281749350072e+01
6.975860265772544366e+00,1.039009234126801573e+01,1.323648727068547437e+01
8.357843616764910166e+00,1.152278841140255849e+01,1.347593488729983058e+01
8.446698848611193355e+00,1.107330065987202872e+01,1.568780814216277619e+01
1.086284946780544303e+01,1.194425293388623821e+01,1.299566217166011839e+01
1.277865176838268368e+01,1.291251173932350760e+01,1.453586634261230870e+01
8.151303190405858601e+00,1.234761562779388733e+01,1.362952263703441069e+01
1.707331357403638350e+01,2.128551088286981496e+01,2.410317792613503940e+01
1.116770183107589354e+01,1.208176924087958248e+01,1.273035728165876534e+01
9.943663761487675501e+00,1.336858717175978661e+01,1.451594042952002361e+01
6.918553312585519421e+00,1.156498895909819780e+01,1.562953971049723556e+01
6.412778435376732311e+00,1.051067308234964415e+01,1.075481233955218840e+01
1.490113837146095221e+01,1.610945474363643726e+01,1.821485330116816570e+01
1.831241532180991172e+01,1.953547443972531994e+01,2.116734365364928294e+01
2.033392764297154187e+01,2.105674384682534139e+01,2.166844861659460264e+01
1.567954482492164558e+01,1.751385171126897333e+01,2.208317061666055281e+01
1.117792480973922409e+01,1.557979189733080538e+01,1.826529362596944495e+01
1.647807973106730728e+01,1.995560517711846416e+01,2.158374084746018085e+01
1.496809208804965863e+01,1.569227099016837101e+01,1.599394860533378271e+01
1.788077990524721272e+01,2.012808860339487183e+01,2.250624011458262430e+01
1.235638817377728138e+01,1.450345899232315894e+01,1.721524521541711295e+01
1.900245297012495982e+01,2.160712881816571596e+01,2.510512553901082811e+01
1.216798777688943645e+01,1.643821690723095230e+01,2.079358037061741982e+01
1.957895796457694715e+01,2.108775812641783176e+01,2.423114703768944977e+01
1.777256693760603667e+01,2.259714699659320658e+01,2.538352412080584486e+01
1.495141460379668885e+01,1.814299993438344316e+01,2.225760013290494044e+01
1.718194099047461876e+01,1.782885976586005938e+01,1.869286900222009606e+01
1.752057742440673849e+01,2.203039165486649864e+01,2.675369456175575067e+01
1.917966636988937168e+01,2.039277084074536361e+01,2.078643440670697018e+01
1.830532460756874613e+01,2.232131090512359961e+01,2.347026247182112968e+01
1.771502010035338515e+01,2.104818018295036097e+01,2.176509657137751930e+01
1.798307413460438653e+01,1.988449159438449954e+01,2.232180333786202908e+01
1.970836402632277995e+01,2.150233235321325509e+01,2.460831631584139956e+01
1.550309342769775967e+01,1.978938849213633233e+01,2.260862797035371230e+01
1.347798460162466583e+01,1.623173221290971213e+01,1.871324443855702668e+01
1.616271855010313274e+01,2.096308637023437527e+01,2.106127010685197831e+01
1.790718361610449350e+01,1.844248188058629623e+01,2.053958613575692738e+01
1.345289132536712273e+01,1.765516391667938123e+01,2.231213362694511559e+01
1.470738087745993283e+01,1.943994174354887150e+01,2.062406864373475557e+01
1.486231390895123816e+01,1.696261471647331120e+01,2.030335696934328737e+01
7.126036694126069548e+00,1.136225653778218181e+01,1.471957982286470390e+01
1.849898822286348832e+01,2.300439346359858916e+01,2.406951591790115685e+01
1.661779081439293648e+01,1.937170530740918295e+01,2.185656724948728424e+01
1.785149048618018952e+01,2.213761489439646368e+01,2.275132562040103323e+01
1.803516519743699575e+01,2.101440468551544782e+01,2.439249137114630628e+01
2.396139158871375940e+01,2.474421744554613056e+01,2.855391843340835578e+01
1.742609100903976938e+01,2.048593864403775555e+01,2.138436153145205765e+01
1.378163853672992900e+01,1.830577977718900939e+01,2.254706929212304445e+01
2.461114128906879017e+01,2.484069835212302380e+01,2.587844397055890866e+01
1.344870693005106865e+01,1.535378503358069757e+01,1.802745168319804492e+01
2.055867522130711222e+01,2.334122157078780901e+01,2.406056412318243787e+01
2.294298555865623968e+01,2.349830218189839215e+01,2.816119249492171051e+01
2.131260434679067828e+01,2.500161771597866789e+01,2.561719167215089854e+01
2.603347706759587510e+01,3.047535813697415819e+01,3.176693683483535580e+01
2.037660986362874382e+01,2.229622055002927539e+01,2.550564775249207727e+01
2.179295594729032715e+01,2.503181361089966472e+01,2.757918413053226914e+01
2.507248782136552734e+01,2.573822314670649902e+01,2.727466992885204888e+01
2.186009759921926232e+01,2.426618812422535498e+01,2.883720309799684145e+01
1.993285156094002275e+01,2.169272364533888364e+01,2.568297181849341015e+01
1.966485743494281024e+01,1.971176980106128696e+01,2.129041644996155469e+01
2.118712077705588825e+01,2.244434784515837933e+01,2.674419984635709113e+01
1.953099493986403701e+01,2.054468037076729559e+01,2.502748868307084962e+01
1.843840281504900602e+01,2.106806689352123030e+01,2.518149841731975869e+01
2.345421740593960536e+01,2.519581031743739175e+01,2.675522602216728529e+01
2.069029177779382067e+01,2.127114153385637607e+01,2.442810173777289506e+01
2.641084790023880657e+01,2.719531864790464581e+01,3.045155091237718636e+01
2.181711885896330827e+01,2.214989395176549181e+01,2.287986266611870789e+01
2.336601992740268230e+01,2.816127222771311978e+01,3.184616380582444961e+01
2.238624541142347724e+01,2.295049531945100085e+01,2.489542683444597770e+01
2.737781271459778054e+01,2.806134575016232091e+01,3.047486865401209855e+01
2.205108250645438517e+01,2.673607834641584091e+01,2.838494871720541113e+01
2.416804671634689328e+01,2.800097964724990973e+01,2.859573605293465448e+01
2.347648262241131789e+01,2.519250584144658944e+01,2.664192700330984209e+01
2.418038006635426740e+01,2.511524841902944161e+01,2.654259543287133383e+01
2.800765457514577506e+01,3.195279748855366719e+01,3.472937272203274972e+01
2.008475287953988797e+01,2.384063419257801186e+01,2.609328043741584580e+01
2.288833287216301215e+01,2.458695331774320891e+01,2.862900343337579301e+01
1.778800652672215321e+01,2.124402621160786708e+01,2.369042365418880891e+01
2.097597177730080631e+01,2.506306590526327938e+01,2.554494702751327395e+01
2.214886475508983565e+01,2.293945443732171441e+01,2.647540438080464043e+01
3.020000811653064687e+01,3.248395158451221931e+01,3.703422554852223669e+01
2.610136577381463141e+01,2.968132737271980304e+01,2.969502423530619595e+01
2.181582934493306780e+01,2.585416044921687728e+01,2.859744866201605262e+01
2.699911994407742100e+01,3.025475988627328405e+01,3.504477189187854691e+01
1.482912112343361954e+01,1.955853102730944215e+01,2.147958351244228936e+01
2.306199346313345444e+01,2.474816381520858499e+01,2.613829999100626367e+01
2.760436400355108333e+01,3.034248353952492039e+01,3.293534490976853846e+01
2.096362139826486271e+01,2.478402930265128035e+01,2.767917310900880423e+01
2.267391645526177513e+01,2.640686151267713555e+01,2.708804195523230263e+01
2.878893135937698489e+01,3.127120915703014248e+01,3.328349035078458940e+01
2.831949117503021540e+01,2.970234954033860930e+01,3.364607941707738803e+01
2.063116411282897644e+01,2.491719657725229808e+01,2.694752654163091066e+01
2.425298283029105662e+01,2.761030305846674437e+01,2.853921290969764968e+01
2.408037585581957529e+01,2.691188451787054703e+01,2.884999789516288260e+01
2.378777281604370586e+01,2.678291710088298316e+01,2.687654854574910956e+01
2.517239992545142258e+01,2.714288592593863925e+01,2.976214088261308177e+01
2.781452972377399746e+01,3.268207137818335895e+01,3.758670597505215483e+01
2.414472266203952699e+01,2.666794966833021263e+01,2.756313342373147535e+01
3.115322406697130475e+01,3.267089444757835537e+01,3.444945959517106360e+01
3.064781310370137390e+01,3.177373948064927944e+01,3.550566629691230247e+01
3.185397140528430171e+01,3.213024895136248915e+01,3.439196937602620352e+01
2.620451192464284063e+01,3.087089117899840574e+01,3.473131795746482453e+01
2.977207225053192019e+01,3.093466024223015864e+01,3.122995520041507334e+01
2.614318138069837616e+01,3.001613346825349282e+01,3.062931373041391225e+01
2.784428730270841612e+01,2.786172489472610181e+01,2.806915975643074290e+01
3.111092726443258982e+01,3.420137682428890713e+01,3.484602859514850337e+01
2.723147870556951133e+01,2.825673188555036575e+01,2.845907751784531925e+01
2.649197568137255487e+01,2.919956996842417851e+01,2.962498191506655942e+01
3.038791329105326611e+01,3.155271298233474653e+01,3.394968175179697312e+01
3.087017006692366294e+01,3.096622447058665983e+01,3.353838344998067100e+01
2.493277139951690557e+01,2.575421603418683603e+01,2.878141215377874929e+01
2.778164867040881703e+01,2.907036303734137306e+01,3.315049195624940381e+01
2.560133308366399874e+01,2.901953469257151141e+01,3.182556876948691738e+01
3.034361975388016575e+01,3.353192452925082989e+01,3.852684874770037737e+01
2.903520076519762227e+01,3.103961357917575015e+01,3.277098400094443775e+01
3.210715400385773677e+01,3.491160628474437289e+01,3.527941663972686825e+01
2.899360338207513976e+01,2.935120623105609994e+01,3.240259849997993769e+01
2.580763384236693270e+01,2.944718680190611337e+01,3.318465106538498333e+01
2.597445434946542875e+01,2.934606778161186469e+01,3.309069738686435613e+01
2.913946649440090297e+01,3.093922640811533853e+01,3.479616523446422605e+01
3.667605373045776673e+01,3.778537619095321531e+01,3.936976677562174842e+01
2.966928375430139297e+01,2.984867866773672063e+01,3.427651804477198993e+01
2.339336024223128874e+01,2.684076855131212369e+01,3.146450588680382054e+01
2.884024976643553373e+01,3.045872782174426874e+01,3.484899560012928532e+01
2.463857744377778403e+01,2.743060672485999163e+01,3.143064720678250623e+01
2.515250681433051483e+01,2.775699923176063777e+01,2.785960999310932706e+01
2.746202596854800504e+01,2.993986434198561142e+01,3.374669570738522850e+01
2.993069474117050177e+01,3.477904187785034651e+01,3.785049718304884436e+01
2.486996200413149438e+01,2.840301121320064937e+01,3.293814801413380167e+01
2.626418609057789055e+01,3.011951255464070698e+01,3.429555509988913542e+01
2.549026108805860247e+01,2.909810225549236051e+01,3.180147278451358162e+01
2.757410287687880412e+01,3.111091280570302331e+01,3.180363164463870618e+01
2.162571616623433002e+01,2.218095519080835842e+01,2.413260804515720537e+01
2.747034578656561976e+01,2.812121758001975635e+01,3.016874884205767771e+01
2.399102574525421261e+01,2.851571323180589346e+01,3.243841174130547955e+01
2.819178742242990410e+01,2.957602190880451332e+01,3.422182630042640739e+01
3.070677555867833064e+01,3.105570425101219811e+01,3.362703284569859363e+01
3.196490010848304664e+01,3.277700703426313567e+01,3.444888747334221080e+01
2.698755410707642000e+01,2.888712868353299967e+01,3.102098446893344530e+01
2.966725454337068157e+01,3.310345938287354528e+01,3.641134288903663219e+01
2.815536640898398701e+01,3.082343944168555439e+01,3.216662244494850142e+01
2.994828059346190230e+01,3.173366942674647717e+01,3.268939263371755999e+01
2.916762365568319737e+01,2.948963462875419594e+01,3.125705800907234888e+01
2.628513561478101934e+01,2.912632471017989033e+01,3.175093581176838953e+01
2.890945713411190710e+01,3.214962352776829135e+01,3.351844992595378159e+01
2.690664216784656659e+01,2.922656709157127608e+01,3.405461904840781528e+01
2.761441231564912613e+01,2.937003835185010558e+01,3.156067112888516135e+01
2.450879157567002409e+01,2.492922176912331977e+01,2.563351671629207118e+01
2.436531301743574218e+01,2.757713010939762910e+01,3.233401471858255860e+01
2.179871990204994603e+01,2.646143188575549843e+01,2.925361745822364412e+01
2.774977143470714935e+01,3.017457723440914563e+01,3.502780257410980624e+01
2.603464575342585974e+01,2.881297911220846686e+01,3.347598566159898326e+01
2.484962977021618258e+01,2.896471938154713754e+01,3.155285453452468403e+01
2.509017481782419878e+01,2.624579842073141123e+01,2.880233368052475385e+01
2.188948235558321898e+01,2.555470990910028206e+01,2.924431946520906322e+01
2.332999711315672897e+01,2.756595712811976284e+01,2.991117154480048868e+01
2.764453107944373755e+01,3.015026246842940694e+01,3.030977368855062082e+01
2.151903352512421463e+01,2.363974689389414152e+01,2.769815891281730558e+01
2.173774720020372442e+01,2.480246135720532408e+01,2.497675083604038448e+01
3.067854252846253260e+01,3.198824321384977054e+01,3.533925244100065299e+01
1.935733087984772283e+01,2.281611017675950492e+01,2.631022980556872071e+01
2.729385547411017043e+01,2.920107493030801749e+01,3.217213581992686500e+01
1.788847413136058506e+01,2.058935442260825255e+01,2.486276123197340127e+01
2.298278875584822245e+01,2.365176117397361466e+01,2.461848439984132142e+01
2.316649030811742094e+01,2.772006203488708564e+01,2.923503677392915279e+01
1.969676799292657421e+01,2.359724803423972617e+01,2.814617225613122997e+01
2.151199952177450925e+01,2.387126632797520642e+01,2.582048749014753852e+01
1.779360901160309538e+01,1.969077956006973196e+01,2.224168931338572719e+01
2.020789746918155672e+01,2.184867503318517024e+01,2.626594523870861408e+01
1.738978356711868400e+01,1.979353359566430015e+01,1.991641956755001175e+01
1.877666290172042807e+01,2.039730203598873715e+01,2.205026971757763121e+01
2.244356762899792912e+01,2.625545750162891068e+01,3.021544099507314840e+01
1.569244256056699349e+01,2.000819333811141121e+01,2.461292179484014042e+01
2.045091803780158557e+01,2.457808454315494728e+01,2.598445262637264008e+01
2.133343643166746872e+01,2.318414463881347132e+01,2.600715486525082909e+01
1.972576292493353023e+01,2.006883362340068189e+01,2.388042303141116207e+01
1.722105652499447359e+01,1.961187630393396120e+01,2.423908868434519448e+01
2.117976962767602345e+01,2.471431285053983373e+01,2.827847237146189130e+01
2.384279937192126653e+01,2.474945468364302315e+01,2.954085648450197610e+01
2.129327314279220573e+01,2.615046167212422290e+01,2.910086478047004022e+01
2.086138023168622269e+01,2.187741656533369294e+01,2.228937010842937028e+01
1.688779863829885031e+01,2.077400812452669854e+01,2.393203810056760972e+01
1.570625002506877088e+01,1.649531914798944854e+01,2.052259800164613424e+01
2.087031453806259407e+01,2.174902527282033304e+01,2.269645734132690507e+01
1.456195980336779350e+01,1.740322570674449310e+01,1.989896894387687354e+01
1.653691047181018092e+01,1.966398556108057250e+01,2.228623500516285816e+01
1.601421605806291382e+01,2.017241385552535249e+01,2.019537990842271924e+01
1.593414561004230023e+01,1.789460604367846486e+01,2.199406674767119085e+01
2.217055493080241035e+01,2.491219047739527781e+01,2.985513243773498004e+01
2.311569803656586686e+01,2.801434182324481270e+01,3.280983273847578374e+01
1.983541428272933871e+01,2.473621444800844316e+01,2.742133676109173734e+01
2.188777103510714639e+01,2.440592029467926594e+01,2.698291290765570238e+01
2.132791617278758167e+01,2.136075408970934930e+01,2.243769019418860822e+01
2.166615375253645581e+01,2.259292341134330329e+01,2.325440360507271720e+01
2.068357839750609628e+01,2.191960876383030410e+01,2.686250928150158046e+01
1.804872804917257412e+01,1.806268220877668895e+01,2.045167524873082598e+01
1.858882664234070603e+01,2.276288865756061242e+01,2.460545218606341678e+01
1.563552453105783080e+01,1.717016541269965657e+01,1.944877770416352192e+01
1.816429814043918256e+01,2.219583770248488008e+01,2.356007215058325599e+01
1.662929829250928293e+01,2.104252331348450156e+01,2.236656591403204786e+01
1.577745635751571029e+01,1.768448259518038768e+01,1.965316714726311531e+01
1.126620441478977952e+01,1.456368479129624482e+01,1.517188170385987256e+01
1.885592365769482370e+01,2.020915539798724225e+01,2.082546858327012984e+01
1.410174704889255359e+01,1.479767715435734488e+01,1.700491606107760845e+01
1.560177625985720340e+01,1.869051192824034402e+01,2.166446614117623426e+01
1.445624662425715812e+01,1.817666108244438306e+01,2.142772165203550827e+01
1.337788488867902181e+01,1.734414806617478533e+01,2.180916184008103187e+01
1.454039553589561073e+01,1.749320286283845860e+01,2.231652615662046202e+01
1.446119768687181661e+01,1.572442406640080037e+01,1.950619413965242899e+01
1.026353588636488112e+01,1.366452509052449571e+01,1.664551874447014512e+01
1.710427603960112819e+01,1.770480903972392994e+01,1.964481960461842647e+01
1.870046052005617199e+01,2.184999545761511897e+01,2.582470164864852080e+01
1.857467249959642430e+01,1.866819916928101364e+01,1.975540946493767436e+01
1.297082337244195216e+01,1.749659225832404630e+01,1.766163051338968515e+01
1.319697455588992163e+01,1.382988579036515375e+01,1.769758813522797070e+01
2.045558511853633377e+01,2.337443258790646183e+01,2.820581447602038594e+01
1.183304692322913532e+01,1.643692293073166866e+01,1.994087860344957619e+01
1.485861262043782993e+01,1.551991393386055940e+01,1.694500485339055373e+01
1.483114421144840911e+01,1.674044136364357271e+01,1.769416574919779706e+01
6.630680636483792689e+00,1.115320428508809947e+01,1.290579688409956916e+01
1.244809999512253285e+01,1.464770109086118666e+01,1.724669019071071574e+01
1.138421481658285295e+01,1.627973582086601212e+01,1.883054735392351731e+01
1.151492861540994461e+01,1.376915081857266188e+01,1.381304649621838543e+01
8.264333279617213535e+00,8.700110674750840545e+00,1.251304868219372501e+01
1.426449617071536657e+01,1.537489278063840992e+01,1.808666369711512090e+01
1.161528028104710586e+01,1.215038914277202231e+01,1.656853122517076216e+01
1.454971682873563310e+01,1.640726468166345597e+01,1.686676486155973365e+01
1.154753433680017061e+01,1.238725116380404856e+01,1.381942314362074598e+01
8.829189993001334003e+00,9.801766790849917754e+00,1.350244357152250174e+01
1.057548601446700687e+01,1.266697912689229355e+01,1.616955697158678618e+01
1.164080188842148544e+01,1.225041518004803365e+01,1.409895459832595677e+01
1.141456657401123742e+01,1.456393612174267460e+01,1.535341957613795216e+01
1.018383171099022100e+01,1.289073503756745254e+01,1.346180392479416810e+01
7.889449141235591156e+00,9.125268971838636389e+00,1.260347200056345329e+01
1.237195896564334419e+01,1.281902991157470950e+01,1.369598136459724991e+01
9.448083039123682525e+00,1.366986180030116316e+01,1.838506090407454252e+01
3.379930244733701628e+00,8.370231389501936903e+00,1.224399934072654972e+01
8.106643349804722121e+00,1.113962249354954182e+01,1.304691985466197934e+01
4.183013413034233352e+00,7.155796615098866553e+00,8.271001090744180217e+00
1.168401424266442845e+01,1.453287221845046417e+01,1.548958697969083786e+01
1.186211702980507354e+01,1.303260668969222458e+01,1.712065332821381247e+01
6.606536645421625664e+00,8.520689303336469678e+00,9.898122121146665009e+00
3.773552430273067415e+00,8.136800589619102908e+00,1.252860869883756578e+01
7.897597420751933939e+00,9.340778178459316905e+00,9.531089133261419377e+00
8.066901108661792108e+00,9.150613578468506759e+00,1.028110379812704345e+01
6.056108938397763097e+00,8.507847048231836240e+00,1.089059874027401520e+01
6.658422831220285332e+00,8.833461945862987719e+00,9.189333303188101709e+00
2.242240322710997713e+00,5.608343153073791498e+00,6.248090067488825561e+00
1.613615966350884445e+00,5.354986435318468629e+00,6.177764745059173279e+00
2.408787309815902500e+00,5.334542364327187869e+00,9.538758536161042301e+00
7.948594555463786904e+00,8.943750435484062677e+00,1.272784933994567957e+01
1.011717303835462189e+01,1.138711967287316895e+01,1.469123997993280639e+01
9.886649587347029922e+00,1.455716751846688339e+01,1.609394466512732791e+01
8.537204403626059701e+00,1.265443749914918037e+01,1.330670861627317514e+01
1.808521324139844122e+00,5.305275803165394599e+00,6.464633740897920866e+00
9.626766662511567318e+00,1.116913846711203107e+01,1.273772617527385087e+01
4.310484321763683901e+00,7.883053622569893726e+00,1.119142223153268034e+01
8.178438606223044971e+00,8.999712607750888438e+00,1.321653336257279854e+01
1.044653548962882184e+01,1.198713237847719348e+01,1.350062284657658651e+01
9.984337533916635365e+00,1.087613210690235555e+01,1.177396857552602683e+01
2.468385135646633088e+00,5.073432492418593398e+00,6.938447704112693515e+00
3.794017187081787146e+00,5.859022146340316262e+00,7.810850931708486655e+00
2.963893104207954821e+00,6.389378503330832793e+00,6.804200515198699506e+00
5.523118223850204345e+00,7.051848077187351294e+00,1.184670117865320549e+01
5.263342357549587014e+00,7.669385719576742311e+00,8.322117374059596173e+00
8.348119911931879855e+00,1.085688524664581678e+01,1.504452511806824688e+01
4.038080614399459201e+00,5.842439022776552804e+00,8.554140342555935916e+00
3.886274760578265486e-01,4.961388117308575652e+00,7.740748471690562127e+00
3.207857655903875838e+00,6.496774835871589993e+00,6.604553706601456575e+00
1.793155750159307615e-01,4.199809637932364836e+00,8.352713437996037271e+00
7.392498524611669453e+00,1.037422440523480915e+01,1.083119213583063889e+01
-2.553489483311397912e+00,2.319676525275800927e+00,5.740875462298703269e+00
-2.904169418600691888e+00,-6.862148929373885764e-01,3.693203023958229636e+00
8.931484969183074440e-01,2.930896646042716824e+00,6.140639478646160221e+00
-1.944396497350338482e+00,-8.242003869256819826e-01,3.640597297841495106e+00
3.696375450387264561e+00,6.342007471258596318e+00,7.524261455792737863e+00
1.022000608871104887e+00,1.451815838408716530e+00,5.946433718206021624e+00
1.044993545886522668e+01,1.143680805875897910e+01,1.638625722487844527e+01
5.036970538948225773e+00,5.750411573702209012e+00,8.054320151489573476e+00
1.458377900289823170e+00,4.109143959486847741e+00,5.340855382124168216e+00
-3.621577091220737898e+00,1.345163027358538876e+00,4.232651090470885613e+00
2.635554695191664187e+00,5.491900300727280637e+00,9.861420389628229088e+00
7.259191030058508964e+00,1.016696826889434213e+01,1.255342205066664718e+01
-3.289619358561850948e+00,-9.083343817538285236e-01,2.664556308329843137e+00
5.433296509384939021e+00,7.179488475623921673e+00,9.732588204193769243e+00
5.730917433263098548e-01,2.189248836081161720e+00,6.657093410326129224e+00
7.073347198125781610e+00,8.100279868360686919e+00,1.098003934990730812e+01
7.052733916050319962e-01,2.308478225693301855e+00,5.073300533811451629e+00
6.561884035465354259e+00,9.167713892314619528e+00,1.148333865569651735e+01
4.092852974407299449e+00,6.351098165978859456e+00,8.556115621347441191e+00
-5.720528608236765677e-01,1.483431253066261668e+00,2.195059630304017961e+00
-2.956295509512252728e+00,1.682030708119632401e+00,6.567314105765853505e+00
1.525573016780486402e+00,3.838777121936356451e+00,6.060256773957019227e+00
-6.930197288185451221e-01,1.319533987051477730e+00,2.410640526594946209e+00
-7.289286753596549984e-01,-3.478187840811539644e-01,-2.315132715977811229e-01
5.336464381129425227e+00,8.156282915209031259e+00,1.169885404978241716e+01
-1.818267204118571900e+00,-1.357703519360372368e+00,1.085063873661013645e+00
8.457092152019574982e+00,9.307767027671273397e+00,1.008487279168977224e+01
-4.898790551749394595e-01,3.184281133360052252e+00,7.793715881010919944e+00
1.301861523334510551e+00,5.832845436519838778e+00,7.251609818507970928e+00
1.010461656823189536e+01,1.139800445104049587e+01,1.393660730341107623e+01
1.696399038792065994e+00,6.539950313117889991e+00,6.759449063599317853e+00
-2.098272542453433864e+00,2.565044242596255408e+00,3.314438929897350228e+00
8.152133476991043182e+00,9.881285585791442116e+00,1.126854207728618462e+01
-4.427769346306307696e+00,-9.826563489635615767e-01,2.711329791599925709e+00
1.446567192619774289e+00,5.251974886909147600e+00,5.643010826739089048e+00
8.071595087914095856e+00,8.476978533576485120e+00,1.299860166041487020e+01
-7.306003104426941341e-01,3.245457080021590279e+00,7.835562399815763079e+00
-1.899386367844317025e+00,1.561760544954332364e+00,1.851123936545515436e+00
-2.431343118158773908e+00,1.002763650284218766e+00,5.519885573286821057e+00
2.825738457830869965e+00,4.485406613132299825e+00,5.023036137213713559e+00
-1.558006558399938291e+00,-1.148449062939279841e+00,-5.916948539706348154e-01
-1.330563705311390343e+00,-8.620966601666717466e-01,2.087410612154873224e+00
1.828560470669121862e+00,3.002276226643016077e+00,3.210214285101796516e+00
-8.856504488770280403e-01,3.665159069505662615e+00,7.075133178150225355e+00
1.637040535334293168e+00,6.029224143625781629e+00,8.482883982688887770e+00
-2.382565988902598519e-01,4.157027402922970793e+00,7.717179895315007698e+00
-5.945498899030638995e-01,3.145124157046505609e+00,4.871232072945167246e+00
7.223567439447019289e+00,9.057964023175168577e+00,1.374553079154838109e+01
3.866119626078515559e+00,6.431367882399720237e+00,1.131497659213621887e+01
8.842336167634751831e+00,1.102468566633463709e+01,1.556186777757385897e+01
4.751127708764875557e+00,5.482070825712217044e+00,6.519375877459340884e+00
-2.805350433599878901e+00,6.918884201042132531e-01,5.043084973657237846e+00
1.150762018048289814e+00,3.629262301457094164e+00,6.910289109117735862e+00
-6.448705020386991116e-01,2.238548890591093521e+00,3.521609230758508957e+00
1.993765697744302123e+00,6.312710734624001674e+00,1.048974424251981752e+01
4.522615613199727491e+00,6.498124637290629835e+00,6.578053772422020273e+00
1.245222727881025726e+00,2.434251242351527900e+00,2.477293819519670315e+00
6.765408413066182902e-01,5.544167438178572382e+00,9.572019966821560644e+00
3.732548058707213734e+00,7.661429579842010895e+00,1.172875680857023539e+01
1.648702788292038424e+00,3.483663210119965381e+00,3.938886185514197891e+00
1.311115986801388189e+01,1.626513099371388904e+01,1.956117708785834708e+01
2.756936420978867819e+00,5.194206567609892744e+00,1.015986413345526529e+01
3.759933954834218550e+00,6.246099186099939082e+00,8.232828445755904667e+00
3.826047842976087576e+00,4.911856406998342806e+00,6.699326618862125216e+00
-9.838057478301243108e-02,2.909310836654140253e+00,4.098424910218720463e+00
2.860521603051713324e+00,4.881501357911983696e+00,6.165028971080530162e+00
1.029805030123498888e+00,5.700505829112371359e+00,1.002786474452868859e+01
8.048914410437713940e+00,8.652755384955161944e+00,1.322292533344578480e+01
4.518042588727722020e+00,7.916057691219609005e+00,1.050062773859499998e+01
3.851083007767114985e+00,4.143398817952897772e+00,6.511169464566339826e+00
6.304839926800927863e+00,9.301253415440164929e+00,1.330326186226800722e+01
8.155837575675860762e+00,8.311066072347880862e+00,1.075310571610987864e+01
8.563252050986433161e+00,1.189505793869217243e+01,1.498090785016787763e+01
1.253056698739727892e+01,1.446553877895068929e+01,1.783549343265138987e+01
6.249888539037811164e+00,1.050869585471833645e+01,1.071864889505120466e+01
1.006675190163525713e+01,1.078839318079781151e+01,1.497869011068855194e+01
4.918040778893730369e+00,6.563209027214103486e+00,8.482581303935036843e+00
5.176641477735191010e+00,8.623929449033298056e+00,1.357765201074002448e+01
-1.904812177010476226e+00,1.755942116747806203e+00,3.557487224422212435e+00
5.793930744447369996e+00,7.947175855968978908e+00,1.122709939190934492e+01
8.547196864043794307e+00,1.106610763765597660e+01,1.340568510968479288e+01
1.194533232449895621e+01,1.454272157262487397e+01,1.795495390152584392e+01
7.127048254765016466e+00,9.141413550354043238e+00,9.987175765641415737e+00
6.304077738031304001e+00,9.233091061764497454e+00,1.101748788966596138e+01
6.524824579860585061e+00,8.987846413571817905e+00,1.389617133895678158e+01
6.598413904823319243e+00,7.718514906107055040e+00,1.066842226610984312e+01
3.657011023204055356e+00,7.744491168006048198e+00,9.667224153668229292e+00
4.946718453062086240e+00,8.186770326314738000e+00,9.721902412585903264e+00
1.375556249217201099e+01,1.478653235426355650e+01,1.699860747074086831e+01
6.765441675734951588e+00,1.062102439593759762e+01,1.342224266625783180e+01
3.808746746822276208e+00,7.991709008110243317e+00,9.459896286868747950e+00
4.388050834997490490e+00,8.507697166145987921e+00,1.318969238029289670e+01
4.087264005772780706e+00,5.976356330228886904e+00,1.060718706294802516e+01
6.495584102513886293e+00,1.090599958125142876e+01,1.129903490057586524e+01
6.740437602509015136e+00,1.022325349771977443e+01,1.427557082424074508e+01
1.099040068541161652e+01,1.288615218958599584e+01,1.461992066589322192e+01
1.045483199878475311e+01,1.481990927270041425e+01,1.701869204486122555e+01
6.981013501010563616e+00,1.037191393400051709e+01,1.275504154386887024e+01
1.069838493560653703e+01,1.230922232740697453e+01,1.644514361793644852e+01
1.390096055414736398e+01,1.634770571610535228e+01,1.765835053042610880e+01
6.468771595738421532e+00,1.131735027519174253e+01,1.205652499936353905e+01
9.229021478007085832e+00,9.878444663381316104e+00,1.438554450451139566e+01
1.057509476382032076e+01,1.508907872078580681e+01,1.889803867368403445e+01
1.670305165319189555e+01,1.745785393059534840e+01,2.121598568028695553e+01
1.663490484952167847e+01,1.749183481272585539e+01,1.778995175277263385e+01
1.074959419319984733e+01,1.233964566936499629e+01,1.588971425262115211e+01
9.775260961194836895e+00,1.141131927519345268e+01,1.499403532805590444e+01
9.447670399195249757e+00,1.412826556946737888e+01,1.704440298748762928e+01
1.499258875671440450e+01,1.517420455363851417e+01,1.538450352815242717e+01
1.445092089602647256e+01,1.525181837313200361e+01,1.860591945474641662e+01
1.224660932639755728e+01,1.379140582222679789e+01,1.564828906213103465e+01
1.749596540168485959e+01,1.926024125523289143e+01,2.108811674727065366e+01
1.686348408111447128e+01,1.995386863254581300e+01,2.287268933715738939e+01
7.738913671745185852e+00,1.207945143895206641e+01,1.701553280014444169e+01
9.308669231859127535e+00,1.351017128058166961e+01,1.737508115830453548e+01
1.403070466493926816e+01,1.588487804362422118e+01,2.045901038191643195e+01
1.465491927809687844e+01,1.647849316085257598e+01,1.679682552826867337e+01
1.594926396722236106e+01,1.849002438658550318e+01,1.980897806093438973e+01
1.367394086049623070e+01,1.609742087730759152e+01,1.950217902546778959e+01
1.250576175180171745e+01,1.681805164016613929e+01,1.807285186345555417e+01
6.016006275993851737e+00,1.061940525577589156e+01,1.558082034595912546e+01
2.053424953253065510e+01,2.154070716436450184e+01,2.327600531751463464e+01
9.165598621255545808e+00,1.274263015486933526e+01,1.459326631402336183e+01
1.185943652842948026e+01,1.296416349030040749e+01,1.498188033507273254e+01
1.024146595732694820e+01,1.376403896055594345e+01,1.384894900461530831e+01
1.278922285207996978e+01,1.613539680701073564e+01,2.063873510876760164e+01
1.708111610526704283e+01,2.201992030736608896e+01,2.329092019261466362e+01
1.850343496425094614e+01,2.222989126364401002e+01,2.306604537925155896e+01
1.660208418059124824e+01,1.776643425770462059e+01,2.106651248724072190e+01
1.097118085260444431e+01,1.506357022874892948e+01,1.553435437086151261e+01
1.892188189134482812e+01,2.084438742650709386e+01,2.517698103906738538e+01
1.525274771036575139e+01,1.902023157930863917e+01,1.927728367353343231e+01
2.072524119084204841e+01,2.276218967244687263e+01,2.478036732617551507e+01
1.342457605254432806e+01,1.670464989648566956e+01,1.716220557802395064e+01
1.791352098942985904e+01,1.972979434452891567e+01,2.425861573619134504e+01
2.259509357632637716e+01,2.299500219575627113e+01,2.361796621830750098e+01
2.090286732762620048e+01,2.388988940630434499e+01,2.571460627003748201e+01
2.541780028322991569e+01,2.549372539797200687e+01,2.672253821850030775e+01
2.293169928511724009e+01,2.573808754303155411e+01,2.988842623805479093e+01
1.797733978726747139e+01,2.121555165983249935e+01,2.124284860273792930e+01
2.365854963675527500e+01,2.472733185877154938e+01,2.544783670765758288e+01
2.279257219385354816e+01,2.508118990797028403e+01,2.662393977051525695e+01
1.580187495139423604e+01,1.858362272578366259e+01,1.956622792242767161e+01
2.079115818326848597e+01,2.428671772905921245e+01,2.637285808339725079e+01
2.022584361315716706e+01,2.200955966658905183e+01,2.544093449445080779e+01
2.130787900524099143e+01,2.479116820356436079e+01,2.528991071981831240e+01
2.010780626920321268e+01,2.451586765778720789e+01,2.786179642111898147e+01
2.474025547077889442e+01,2.642163764500174139e+01,2.889540718617115544e+01
2.440687869749962502e+01,2.533422135005548625e+01,2.611599615450202450e+01
1.825943216955900184e+01,2.275106447198231407e+01,2.561082506669910686e+01
2.107497894215385159e+01,2.440367001808495218e+01,2.854460531009355151e+01
1.749419753849441150e+01,2.149946179943534119e+01,2.206481637740089141e+01
2.416211716560942691e+01,2.803508913901844579e+01,2.972958247700547929e+01
2.479843313065920185e+01,2.705603629208281191e+01,2.716441478629685236e+01
1.831971799918769861e+01,2.070652733546610236e+01,2.219734953382637954e+01
2.329904441800803028e+01,2.570361080275140253e+01,3.007600903382007118e+01
2.563034496335566814e+01,2.938894101942806714e+01,3.150395678174598757e+01
2.582064245561410232e+01,2.729468277490482464e+01,2.859088698058527456e+01
2.343012790183231076e+01,2.655767095196483396e+01,2.834515977977324752e+01
2.490168800196375543e+01,2.731440746291249511e+01,2.874395859176353696e+01
2.326948111282152354e+01,2.594056697886624363e+01,2.607290773233514614e+01
2.151551598220044070e+01,2.348822385764770360e+01,2.757710120586548896e+01
2.361440651904819177e+01,2.463748390966627611e+01,2.674445576003131109e+01
2.165092910605888932e+01,2.394401058210558375e+01,2.879495813078198196e+01
2.316775098102855068e+01,2.732806049617981614e+01,2.991391982589403042e+01
2.910093458997054583e+01,3.011085364214695304e+01,3.289433801257573720e+01
2.679962240775358495e+01,2.978070735814153736e+01,3.213438425936476506e+01
2.168183257167488165e+01,2.314970381853861170e+01,2.719645395836219137e+01
2.245189065063754441e+01,2.414751076323010892e+01,2.614667075473862212e+01
2.344358475874875580e+01,2.511954159663576291e+01,2.965651776465890421e+01
2.444233416747729493e+01,2.759867190643581480e+01,2.791557376126225520e+01
2.327952915057699812e+01,2.445365866367765051e+01,2.797201401323060210e+01
2.740239416534048189e+01,2.985494796321982491e+01,3.248288755861728561e+01
2.264133954663114068e+01,2.354811828250889505e+01,2.775961162756998490e+01
2.613167456438080904e+01,2.987162136692860059e+01,3.239189839974535090e+01
2.754743796228666497e+01,2.929962669937912878e+01,3.224849151875031339e+01
2.331194343772699540e+01,2.389298891945453462e+01,2.620215198866248940e+01
2.707035532506187536e+01,2.754206865240670510e+01,3.216967345650992627e+01
2.516443873795792996e+01,2.646790369368180862e+01,2.837063407089536327e+01
2.192055547233191604e+01,2.483597557885878615e+01,2.600188023650300551e+01
2.863558881189883465e+01,3.014319433965892259e+01,3.464731964033491352e+01
2.492688741038380229e+01,2.909006907602550029e+01,3.007476274461453869e+01
2.405802363270582234e+01,2.609398219928283069e+01,2.842806738399658428e+01
3.026635614702393795e+01,3.361562829007071684e+01,3.735428607371807175e+01
2.307614218567795916e+01,2.770786497481486066e+01,3.039465264908724151e+01
2.233473934313589382e+01,2.601736526377342429e+01,3.032677358516331623e+01
2.491508371127027033e+01,2.918808169786764495e+01,3.361642329798055329e+01
3.194867731667019228e+01,3.355862160226907775e+01,3.684272663824911120e+01
2.208723162734376189e+01,2.552238622714710559e+01,2.667618120538169180e+01
2.465861306914261064e+01,2.929806871171971139e+01,3.281481153410634022e+01
2.762156499812077115e+01,2.841394506600503789e+01,2.892498041135728570e+01
2.647100486686865395e+01,3.000648485329043424e+01,3.272672567030127055e+01
2.252949062634333899e+01,2.638115096052411701e+01,2.797171069066018489e+01
2.908103308409167553e+01,3.047104991712260258e+01,3.159823637028200949e+01
2.993232196750326324e+01,3.024805016417255743e+01,3.128399026526522420e+01
2.858660518912155624e+01,3.176465459999466390e+01,3.317731832284080440e+01
2.907031116993456266e+01,3.065528330127327905e+01,3.166095995330615764e+01
2.971847180952348566e+01,3.212473296088630548e+01,3.476851598525756515e+01
2.578496995179731499e+01,3.065919226546381182e+01,3.310974228485798676e+01
2.881161885937372347e+01,3.232081811170243668e+01,3.488530977880226658e+01
2.725602125546419430e+01,3.175069591798882840e+01,3.341242400682852320e+01
2.751072488456676268e+01,3.095933957630208155e+01,3.248852993035169590e+01
2.722405620801588455e+01,3.130177093201842453e+01,3.280296848863981296e+01
2.968335324214696058e+01,3.060193730768476783e+01,3.524077891672633456e+01
2.308674841911402709e+01,2.757420347006232575e+01,3.085638407540215411e+01
2.871307381759667621e+01,2.991910817213809537e+01,3.148562728735710436e+01
2.437715552344026548e+01,2.797012937159844270e+01,2.868849993920386865e+01
2.940225353206252379e+01,3.117924542704466262e+01,3.614398693300721987e+01
1.946356187997119491e+01,2.272123924732007083e+01,2.317109420668076680e+01
2.444419604376400557e+01,2.867404134893192236e+01,2.879809539859403245e+01
2.109591289722234819e+01,2.595539558015091330e+01,3.081830976593397864e+01
2.789520089598695307e+01,2.953968405208948056e+01,3.229362153682470193e+01
2.642272049973587045e+01,2.687523720792683690e+01,2.848560754364491743e+01
3.148296717794173460e+01,3.471602418424868830e+01,3.752559965476677917e+01
2.593419259183983883e+01,2.608996037721503569e+01,2.721723610623485712e+01
2.342024398530468687e+01,2.828718898112664348e+01,3.215428735033840724e+01
3.039160210487120395e+01,3.409411745782657732e+01,3.630528209988445809e+01
3.217194049053846783e+01,3.292778789125166128e+01,3.683973987761875435e+01
3.205278042917224468e+01,3.281786742051383499e+01,3.729751042174469688e+01
2.424124321551374805e+01,2.452499108201853062e+01,2.817252935758339660e+01
2.696285723666142076e+01,2.873411283297592789e+01,3.158646775077173174e+01
2.581614225518352868e+01,2.634825431344713564e+01,2.663652148657359220e+01
2.616893759549883924e+01,3.056955328257257065e+01,3.542516562189180718e+01
2.731083836306187607e+01,3.132403666531177322e+01,3.406192612711854650e+01
3.031522840230649862e+01,3.288571842619171548e+01,3.759592188948666092e+01
2.836253608740796750e+01,2.926353764066445251e+01,3.350220891415280988e+01
2.238613566858442283e+01,2.717089836063816932e+01,2.989782460596434532e+01
2.592910114053464810e+01,2.691106465126947356e+01,2.911871509694908866e+01
2.601379022976872335e+01,2.891718559438301028e+01,3.020766753477047217e+01
2.558434665034755540e+01,3.015531382932345750e+01,3.293938835910788043e+01
2.969660633590881460e+01,3.089138458139054322e+01,3.248926863230771289e+01
2.621935403551343668e+01,2.945036135339354288e+01,3.388975602332419612e+01
2.332300703241430639e+01,2.507285798032526358e+01,2.530556761654643694e+01
2.818346759695061365e+01,2.892928678508885554e+01,2.893110138918730811e+01
2.565003140712308749e+01,2.946416133318345487e+01,3.070467993080443492e+01
1.733189917742268449e+01,2.114419301413428443e+01,2.573044365284883739e+01
2.761225397014794325e+01,2.881259648645874449e+01,3.286132548364162886e+01
2.612677631718748472e+01,2.807844910014534534e+01,3.127411246033577186e+01
2.643644725193623657e+01,3.025038235809576648e+01,3.256079281220437593e+01
2.472634616352929626e+01,2.559804985196054261e+01,2.564337226629320554e+01
2.747591744471650799e+01,2.752151354724486509e+01,3.006893268888610393e+01
2.246656299528154221e+01,2.675260339278445088e+01,2.923318263627191627e+01
2.669937060062911982e+01,2.800123196144717497e+01,2.869794543783082119e+01
2.312286361383377908e+01,2.476932446927164833e+01,2.923705271228925540e+01
2.739127485707580334e+01,2.981371542113543782e+01,3.043327896590308512e+01
2.163374577586361625e+01,2.282371338237615532e+01,2.780388553754470138e+01
2.569835615061838041e+01,2.837644820863654971e+01,2.887770107338891989e+01
3.293590687807167683e+01,3.468730714460699716e+01,3.489402914523385846e+01
2.600127003916907142e+01,2.617499803041150841e+01,3.022146587966147635e+01
2.999372212824551198e+01,3.017538461655377802e+01,3.426063412930731289e+01
2.511017349881889160e+01,2.517991937690740656e+01,2.851385350322946621e+01
2.694496248717137732e+01,3.097489540948361153e+01,3.229634235767273509e+01
2.414855218331793907e+01,2.565842023924398774e+01,3.039055790008555391e+01
2.510258856163609664e+01,2.636659100622423679e+01,2.708496645090307453e+01
2.524051140648167646e+01,2.623424291780708728e+01,2.691726038155612599e+01
2.175572285715539067e+01,2.207414340077060544e+01,2.598810295011504223e+01
2.622551852265828032e+01,2.727252783394229851e+01,3.095064110186469364e+01
2.515186718029805490e+01,2.527244213914097060e+01,2.632169107464887858e+01
2.385427436548718205e+01,2.479010997820153506e+01,2.536585626259585524e+01
1.537697790204274995e+01,1.911628710126838371e+01,2.266408195148354920e+01
2.578933005848821125e+01,2.992238237474699858e+01,3.314850304238647993e+01
2.885854487206955810e+01,3.161570157573130047e+01,3.639506770899935617e+01
1.483513866409720627e+01,1.695468331388558525e+01,2.061395269681185027e+01
2.382811788132698894e+01,2.481038539095776230e+01,2.879268029934632622e+01
2.112121655719165858e+01,2.470603892375118704e+01,2.629497415121528192e+01
2.463552831804348031e+01,2.944358432672476056e+01,3.383116849728998687e+01
1.785425027531488951e+01,2.176322048462379399e+01,2.429177282433417417e+01
2.522549997782449083e+01,2.802303358128805755e+01,3.224464941199482126e+01
1.796939217896540342e+01,2.103496683867302153e+01,2.356126701236900800e+01
2.150139300825308197e+01,2.313915210874845485e+01,2.566372644088041000e+01
2.623508348863897410e+01,2.628958396843678358e+01,3.065890996418681524e+01
2.121866848822799767e+01,2.450010347654971810e+01,2.810910004103338977e+01
2.051750181905876147e+01,2.291713915440061200e+01,2.775817554470587467e+01
1.993823046428126844e+01,2.349301474334880524e+01,2.842875033038389887e+01
2.075833213813445610e+01,2.570975758626072860e+01,2.821786254936929694e+01
1.751442808992677769e+01,2.188611936224598153e+01,2.446536711300732847e+01
2.198686796086092698e+01,2.305153855911339633e+01,2.321372177705693574e+01
2.384265581766501541e+01,2.563111813541289408e+01,2.918633235038171136e+01
2.083915945415088444e+01,2.185670100967277563e+01,2.480500256661320080e+01
1.796920902517735996e+01,2.002877067900517716e+01,2.392514643028442833e+01
1.898126442313040840e+01,2.333124740429651922e+01,2.597091519124145975e+01
2.163715876066590482e+01,2.461469468790056325e+01,2.504005466114871226e+01
2.076236668583985789e+01,2.438364671243500581e+01,2.464172340309047726e+01
2.002870614211569134e+01,2.265656140718842693e+01,2.337331727438489182e+01
2.335583216805098772e+01,2.508060141045351443e+01,2.768521449774353371e+01
1.663587261389312033e+01,2.066693433291709425e+01,2.067325118313512888e+01
1.740768006834439774e+01,1.854377661165491986e+01,2.192255600483791511e+01
1.444951076093356335e+01,1.556672314122637246e+01,1.612838242802741462e+01
1.363728782093702208e+01,1.655608734935146842e+01,1.752187074033733083e+01
1.980186536500030314e+01,2.069672876477067902e+01,2.326318243362740645e+01
1.776358904013757467e+01,2.048590802200260796e+01,2.310844551805950076e+01
1.902847526565722802e+01,2.322173064575423496e+01,2.356325019452886238e+01
1.998447793454064225e+01,2.064028443307905292e+01,2.209540196461176720e+01
1.762610742911735429e+01,1.971265770325197053e+01,2.006205720681310467e+01
1.568850864000775402e+01,1.654197780338953550e+01,2.006451622602875773e+01
1.929459112149210753e+01,2.155994720454048874e+01,2.623999570021896233e+01
2.334399295434445776e+01,2.505905820750526658e+01,2.986796361814682399e+01
1.373401370056070547e+01,1.662496624602525230e+01,1.787171536281925910e+01
1.506428545088783899e+01,1.515058141537522296e+01,1.994964805861368617e+01
1.172542932035278795e+01,1.512410946188971828e+01,1.823815611970006501e+01
2.036062616639159728e+01,2.186836944156133455e+01,2.435856520496092514e+01
1.895639946000932952e+01,1.898549050779497094e+01,2.170232475834289687e+01
1.549822730949673932e+01,1.674992797988133475e+01,1.989548296173391151e+01
1.787023129160573021e+01,1.798561381301185946e+01,2.270102160125176027e+01
7.327842855111273757e+00,1.124513657527649357e+01,1.612307952076060857e+01
1.992752486437285597e+01,2.100241549255406781e+01,2.240326411102903137e+01
1.633226907358744029e+01,1.774334826267081411e+01,1.810308441172508864e+01
1.418173841798767398e+01,1.796205560319027228e+01,1.941797900495922136e+01
1.164244288065397015e+01,1.385287898217212543e+01,1.654071958725604219e+01
8.151408224883695652e+00,1.137191035946848316e+01,1.393386080350526157e+01
1.484883318660905260e+01,1.537688099167900724e+01,1.817473154372402178e+01
1.587100474760215540e+01,1.613983595601051491e+01,1.736690434778931902e+01
1.098634870591597235e+01,1.486247690363444107e+01,1.663312185346978112e+01
1.278494326156035754e+01,1.689117643050781581e+01,1.851622874178434586e+01
1.100035315858582941e+01,1.132263643286910337e+01,1.308500379696638838e+01
8.184852400461473110e+00,1.107652515225539780e+01,1.377305958992390345e+01
6.884847668144543853e+00,1.113797268482158032e+01,1.459250813557811988e+01
7.813370362228965860e+00,1.000177992347397549e+01,1.382187018653037569e+01
1.104446294194601030e+01,1.184938902411824202e+01,1.438998174788637385e+01
1.088614906673912230e+01,1.186816733577033567e+01,1.531770429650350529e+01
1.157745221593110507e+01,1.318861345441911048e+01,1.714884990455302827e+01
1.396692361078340916e+01,1.517744349397398196e+01,1.971240857298005267e+01
1.049032745146740275e+01,1.339373090418268397e+01,1.623162550645533386e+01
2.829425019465830360e+00,7.792678706506496411e+00,8.818291183530432065e+00
1.310276416861261950e+01,1.429975407289934708e+01,1.853886123055841040e+01
4.976142192971718003e+00,8.355647808059039505e+00,1.164071994073322713e+01
9.248089426347618769e-01,5.198986233349370600e+00,9.872585372883715849e+00
1.083294385695843154e+01,1.377316695143652936e+01,1.502774558927290727e+01
1.280053965899569057e+01,1.414151620829091627e+01,1.852247491442033223e+01
1.427101864039893897e+01,1.500839238964394617e+01,1.709862773677680536e+01
1.074367355101376020e+01,1.154577183553037401e+01,1.496760180991995348e+01
1.164350681633970197e+01,1.497041313527250495e+01,1.946388706266061419e+01
3.555238624808548131e+00,5.508646028403885175e+00,6.657843407334400609e+00
7.272199120986543086e+00,9.092591599572790173e+00,1.257887727797535860e+01
1.224600042842344827e+01,1.272753673158340781e+01,1.314522528597279205e+01
5.066426428458484565e+00,9.801995786262709842e+00,1.023238304166683221e+01
6.335411885699023138e+00,1.114984147692838334e+01,1.477505680276056310e+01
8.490197687457859743e+00,1.090400761712752420e+01,1.121659735745427966e+01
9.830484994827946466e+00,1.197522967795273274e+01,1.646027023071646056e+01
1.174898159945228748e+01,1.492373666527696052e+01,1.658205215206900007e+01
8.008463673681262662e+00,1.044234683473788827e+01,1.348379504759171432e+01
9.433976644147133328e+00,1.063451333084439021e+01,1.438599586867739788e+01
2.600407828048774572e+00,5.903987756884322202e+00,9.173230385068848136e+00
3.323423981713112152e+00,7.151960498791661180e+00,1.083223405014981822e+01
6.181715324730406635e+00,8.802523846527623874e+00,1.311166550404599285e+01
5.227816282929755864e+00,7.694171950190869858e+00,9.362236715367481921e+00
3.108683189372617228e+00,4.536921880091497883e+00,5.147104921395323274e+00
7.160145448028020887e+00,1.086023177259950856e+01,1.102508626716241480e+01
2.153431543629780620e+00,6.188982917388013760e+00,1.045153280893854664e+01
4.371607375205531554e+00,7.501722700444053871e+00,8.758270924177667283e+00
2.657330825735896518e+00,3.661685473824142889e+00,4.028286515398827206e+00
4.774177712474758195e+00,9.279972026102765170e+00,1.177214774907612238e+01
4.583513858946436592e+00,6.490519351097629119e+00,1.145009633943632821e+01
8.416606856162193395e+00,8.815966532631811958e+00,1.273439165507349813e+01
-5.635166969581503871e+00,-1.317074337408875806e+00,2.670344038149753185e+00
1.373123304316097304e-01,4.484466236105920878e+00,6.015534101715646287e+00
4.485856774659366941e+00,9.248367204711991363e+00,1.364751012104383854e+01
3.086924191750022750e+00,6.339529552064636420e+00,1.088017933832227158e+01
8.681535565549992839e+00,1.283004254868152927e+01,1.692164751517741195e+01
6.773229297189051756e+00,7.221766749385865936e+00,9.851661426689833689e+00
7.108937972046165399e+00,8.826303512447442046e+00,9.749078698894702910e+00
5.052976040682213288e+00,8.149832509921420609e+00,1.143347404090087238e+01
2.254579346630186443e+00,3.913356028177052082e+00,6.849010188812084010e+00
9.653960776467966909e-01,5.028043756542266429e+00,8.578270903937289305e+00
6.320497057897596527e+00,7.791001450147580165e+00,1.278353384425509631e+01
2.628304521900187929e+00,6.995084962261599593e+00,1.082288619906828941e+01
-4.561222655533027748e+00,3.580098138794909346e-01,4.555179594962014633e+00
4.660249834235147048e+00,8.505475217588124082e+00,1.274919382799084389e+01
5.362172478425246247e+00,5.870021726741187607e+00,8.764504488247712999e+00
-1.949472838484960002e+00,-4.086020476092064868e-01,2.011685715791613038e+00
-9.779919201106421767e-01,3.381776553639288529e+00,4.979044725872044275e+00
6.733927529038714610e+00,7.202778158414639975e+00,7.497851816074428299e+00
1.668657753023191415e+00,3.238396005649251563e+00,4.501829994399892954e+00
3.300401491505048135e+00,3.375601768891359544e+00,5.085786774472701666e+00
4.283530596607047158e+00,7.197821026842115444e+00,9.451603400863469062e+00
2.695419317170157036e+00,2.843567672204031282e+00,3.635768673680670915e+00
4.972396449677340513e+00,6.880817347646683402e+00,1.095505788472010877e+01
-1.496008547743398420e+00,1.170154391828676754e+00,4.001255216677394699e+00
4.785369268690132571e+00,7.160998033171670052e+00,1.156350476856135145e+01
4.250538544588406964e+00,8.122297500595646369e+00,1.186965632974428786e+01
3.201788705252548439e-01,5.184564670433457145e+00,5.287401061120364787e+00
1.782586237354872871e+00,4.642578422569055618e+00,5.626524351646993161e+00
-3.527652730253008073e+00,1.438909746452480043e+00,2.793875703827959800e+00
6.821096843935801957e+00,7.409948800234381849e+00,7.583743048282432397e+00
1.665440753245849947e+00,4.910832899308219091e+00,5.029229833222035317e+00
7.754028813955014421e+00,7.936683093261398092e+00,9.296776795270108806e+00
2.578807539447045993e+00,6.183260804567023428e+00,9.404997984685593337e+00
7.063077245299988149e+00,8.733270993230036083e+00,1.003441517460616161e+01
2.699980599700356976e+00,7.106376130724864737e+00,9.259967933028409703e+00
6.534506996874403839e+00,7.353226039071151021e+00,8.968278567983643867e+00
3.587489523374163713e+00,5.305407342973241569e+00,7.924412546729278972e+00
3.380497010930829660e-01,3.501300330860097176e+00,6.025238654547842465e+00
3.606592545218723966e+00,4.346860564106559188e+00,7.860124011544514566e+00
2.909307802175075786e+00,3.254600104768741176e+00,6.046213592322519759e+00
4.038155414631847684e+00,6.085017400837541501e+00,7.050218561230044756e+00
-3.738199024822129068e+00,-9.667160030582433450e-02,1.740841941923702674e+00
3.100549466135853915e+00,5.539527596237950213e+00,9.039521839519970570e+00
9.776997398820039820e-01,5.129542209280705478e+00,5.962758766038591673e+00
3.049624428813108690e+00,5.017754949470839776e+00,5.411528483552170421e+00
1.885634624180105412e+00,2.214271616258313369e+00,4.894087344148034369e+00
-2.222851556764362968e+00,7.469103926861500042e-01,1.564775887911730834e+00
1.621990297628354449e+00,2.376218948290887312e+00,5.665817162567091003e+00
3.456327398292122766e-01,4.517858841277237580e+00,9.454219224495609808e+00
3.048620472588071895e+00,4.468192010509191903e+00,9.037877605323714647e+00
5.707252300680325519e-01,4.238597384348846475e+00,4.376362788698057393e+00
3.330823436188226516e+00,4.790950673787141234e+00,7.020939556977825902e+00
4.942090988103278182e-01,2.193327410645212971e+00,6.719049716374843051e+00
9.072035458189136037e-01,5.531226078218884901e+00,7.243451358376262306e+00
-2.697742152229288592e+00,-7.020977664608443192e-01,3.182376069080106618e+00
7.779708362678732669e+00,8.570986284348533601e+00,9.194940810087411265e+00
4.223575649987858505e-01,4.143576215545384578e+00,6.776648893742798663e+00
8.740197179776430403e+00,9.657104253175972985e+00,1.395662449607884170e+01
2.719187286475890808e+00,4.803830688888465872e+00,7.886768942533680438e+00
1.682063461727741682e+00,6.602214267293135208e+00,1.134287428238806328e+01
1.001516244910223641e+01,1.056185400597636281e+01,1.430347150515337518e+01
2.638132809509598609e+00,6.484376089608754334e+00,1.065211004863025934e+01
-1.016669143819926457e+00,3.541259923199995274e+00,7.473220483405548009e+00
6.069679737670304220e+00,8.593236370227607779e+00,1.101255042224410019e+01
2.896558478273437043e+00,6.745297765263806866e+00,9.544095317757951946e+00
2.286274069374776730e+00,2.494456574123120163e+00,3.374973885933439277e+00
1.212851990798356372e+00,1.834336513372061717e+00,2.399428074999168992e+00
1.825442787731882177e+00,3.858024931596916396e+00,4.490562610936763122e+00
8.618055346152988960e+00,1.081313034597782341e+01,1.541185992023583218e+01
4.743156213020793821e+00,6.790988674461110541e+00,9.282156150784160786e+00
5.861052910110021941e+00,6.288827634324632321e+00,1.080219983819037033e+01
6.244582000776030206e+00,1.027315608102608024e+01,1.253343299068003702e+01
9.547514732561898754e+00,1.216369549311820464e+01,1.682288929257466492e+01
4.858001549212293213e+00,6.978835529064869370e+00,7.588275503972417013e+00
6.037313178037491568e+00,8.996566829933302145e+00,1.065046922233750948e+01
7.469345463813360730e+00,9.176584341682424650e+00,1.373181145269021464e+01
7.277533379956434345e+00,1.061976098848731986e+01,1.420388298268534122e+01
3.505680770182751260e+00,7.076283417053104152e+00,1.020838552350816819e+01
6.377427894263399288e+00,1.118270738929896524e+01,1.238490687297535864e+01
4.801411892740934384e-01,2.787137855990050817e+00,6.167514657702803049e+00
8.179296177584046035e+00,8.911608850043780450e+00,1.014815411922752020e+01
3.673629540878588617e+00,5.207419079233714498e+00,7.086520472766762779e+00
4.769276575453647027e+00,6.479179628581407613e+00,6.753805181732857932e+00
1.087273822835405035e+01,1.273319854145326069e+01,1.365309920363232621e+01
6.861742675870765140e+00,7.313205908277569556e+00,8.607163683812339983e+00
7.421643355800471298e+00,8.579772768604774669e+00,9.277886112637199645e+00
7.356765420934964439e+00,8.012116847080024584e+00,1.160771382245831163e+01
4.276801756733870974e+00,9.255614550507859306e+00,9.446261075498615156e+00
9.656312287249379622e+00,1.217602372205466033e+01,1.299072739704701007e+01
8.242140118658854320e+00,8.873407191784547621e+00,9.639108695069854349e+00
9.060417212430330380e+00,1.239609498452105640e+01,1.298209974721294024e+01
8.410572347908178870e+00,1.128365457788867765e+01,1.241626957728350611e+01
1.278123922945567870e+00,6.058186190890593181e+00,8.559077730957699970e+00
7.128470583556162588e+00,1.121275181343048821e+01,1.593408272896127365e+01
1.219148687454314839e+01,1.379324389271537576e+01,1.385337365025563727e+01
5.524726683297613405e+00,1.042318374773411982e+01,1.129737540252069294e+01
9.077794133374037955e+00,1.123836988289846950e+01,1.340732292164170936e+01
1.149985514344501247e+01,1.219813693189145098e+01,1.458532920786137765e+01
1.035692315126006591e+01,1.414527304692983734e+01,1.616100650738708211e+01
1.483287003341814980e+01,1.541772051765584273e+01,1.829922495466841070e+01
9.351269294317766878e+00,1.406446316455702572e+01,1.445727105449445027e+01
1.054049612508485367e+01,1.188880878215213954e+01,1.656765598200192358e+01
1.086836155473402243e+01,1.388227550433450119e+01,1.639174592836946331e+01
1.303371558797011787e+01,1.461486842757110693e+01,1.751967982658949197e+01
6.576338297219040285e+00,8.987425211249224333e+00,1.189170329096621437e+01
4.056906867746469914e+00,5.123514063827462550e+00,7.692215965734755301e+00
6.777689885190826047e+00,7.216829544840697608e+00,9.390526245662286442e+00
1.114703005964837246e+01,1.194911562954935391e+01,1.300748732907190508e+01
1.082156580792031519e+01,1.353355804587248912e+01,1.778614124705009303e+01
7.543981232834830131e+00,9.915775922310793078e+00,1.348605592094352801e+01
1.235470108933219180e+01,1.430387812426568672e+01,1.430659150079464581e+01
9.790529579939281746e+00,1.379334168190679222e+01,1.827267327983999934e+01
1.043761979866562584e+01,1.198811950732109466e+01,1.691896153331779828e+01
1.560182510668589018e+01,1.594877867997868393e+01,1.688945005034968716e+01
6.414625125074738143e+00,9.847156127176287299e+00,1.323021606953940399e+01
1.002445211768486999e+01,1.469848840096616449e+01,1.875069995508154008e+01
1.816044315125956032e+01,1.912895200946428886e+01,2.037668399782060646e+01
1.355651450007694514e+01,1.406819961279546938e+01,1.546037247034255913e+01
1.462725542675497259e+01,1.718968326088794996e+01,1.841015447842173813e+01
1.377862308892428977e+01,1.730486985805234923e+01,2.186830032151360470e+01
1.325869255307449102e+01,1.423029811526830102e+01,1.909021690675577076e+01
6.706944751201093347e+00,1.141356005946123453e+01,1.306501079207935767e+01
1.120578216621998280e+01,1.392273472080034580e+01,1.753639153916831361e+01
1.269864712348564240e+01,1.689063068501235776e+01,1.798997520426084051e+01
1.612188297184023611e+01,1.933599751022441993e+01,2.322580586203202202e+01
9.771869640368166188e+00,1.154527231270949095e+01,1.572117544643840681e+01
1.100296417114948966e+01,1.422556202060292030e+01,1.680440544911189704e+01
1.607958799452940468e+01,1.689661041620504989e+01,2.167482267536713536e+01
1.376763474349188066e+01,1.453138101137832905e+01,1.796955380920341128e+01
2.138108859970667197e+01,2.158025860493784265e+01,2.248359743580082082e+01
1.356146702885901512e+01,1.705089969780666337e+01,1.927313498695352578e+01
1.381729374329440319e+01,1.849491424672009288e+01,2.093063967056752261e+01
1.382063388453020103e+01,1.539480015098560450e+01,2.037093951530198410e+01
1.944625236157224180e+01,2.028010017228908524e+01,2.186109964191789956e+01
1.114613108313312217e+01,1.557868399586877040e+01,1.991546184873629599e+01
1.678193339989647015e+01,1.989457818557249880e+01,2.070322956036646644e+01
2.093827942795759611e+01,2.356605053961773777e+01,2.687036572755483732e+01
1.972131939757216301e+01,2.145670411472720573e+01,2.612982223811406968e+01
1.851088586916008083e+01,1.976961319622291668e+01,2.079137184383594672e+01
1.509164613502129981e+01,1.705382353771105031e+01,1.779400798429231756e+01
1.455856760389600879e+01,1.747568822108208053e+01,1.778143097811099338e+01
2.087561411995572058e+01,2.115735625649892881e+01,2.203314412462114191e+01
1.983700977165251089e+01,2.046880359328999432e+01,2.048889633346928463e+01
2.002149302569609546e+01,2.297445437433340842e+01,2.606203592849752582e+01
1.569457426663331923e+01,2.032868040696257594e+01,2.044345726083483683e+01
2.188571419695647791e+01,2.227025503143426732e+01,2.430773604504364727e+01
1.943983137837600594e+01,2.117468452450092187e+01,2.386106809854044997e+01
2.182143640514848926e+01,2.302165079406174897e+01,2.578482443784929856e+01
1.600306128764987079e+01,2.036641753684757461e+01,2.319638360227597573e+01
1.339501472052208797e+01,1.710181746522937729e+01,2.034352680691072379e+01
2.042642860433474539e+01,2.467498964453519505e+01,2.533797990775914855e+01
2.080041783230056751e+01,2.147721871478269406e+01,2.595505661543435849e+01
2.201096410732859709e+01,2.616099605281826967e+01,2.686140181744903543e+01
2.197031932154129663e+01,2.259976410315249851e+01,2.677385698310255435e+01
1.773107948667246347e+01,2.257527445818641354e+01,2.520667081317237646e+01
2.427417816471135481e+01,2.667355436108300637e+01,2.756617295829883219e+01
2.075958672041900144e+01,2.092057082973563809e+01,2.230529319135093047e+01
1.698554834410611392e+01,2.175508444265578234e+01,2.513923242477786957e+01
2.398495344173011645e+01,2.456573446876387834e+01,2.481911880917658308e+01
1.717180598372376821e+01,2.089425959157041035e+01,2.255433908632882378e+01
2.410203233283092317e+01,2.900188206461417906e+01,3.142835414037700303e+01
2.119027512907754840e+01,2.286084590609419820e+01,2.403500060838265284e+01
1.967981288292689968e+01,2.341837153037011277e+01,2.572585757604094425e+01
2.466665363262940502e+01,2.824839969329059741e+01,3.122849810860133601e+01
1.982483420030524002e+01,2.453670636158724605e+01,2.463405437148126254e+01
1.886855566200250323e+01,2.203914103323489471e+01,2.422070266457812338e+01
2.369298436039761668e+01,2.761480022907574039e+01,3.105819281521117503e+01
2.557864196621130048e+01,2.745890363097905862e+01,2.931056425782858810e+01
2.153857846166645729e+01,2.168145628228336363e+01,2.663760157670976625e+01
1.937194642977053149e+01,2.311461484589505488e+01,2.386610659364207265e+01
1.960238554926495880e+01,2.239061539969184977e+01,2.701280425691759390e+01
1.369269295617818294e+01,1.441904446440275223e+01,1.877154671745500281e+01
2.842188122342906453e+01,3.202161888795033917e+01,3.364278993385205041e+01
2.068167324482740810e+01,2.161045810091281538e+01,2.475638808482510811e+01
2.133638706719761657e+01,2.350697300061004213e+01,2.492316740041304257e+01
2.343920534192762517e+01,2.762655674938700656e+01,3.259813086342938959e+01
2.465651125673929656e+01,2.730926059775912762e+01,2.775267596818631688e+01
2.773469621016354481e+01,2.840978241331184151e+01,3.238097213135124974e+01
2.274188682284987095e+01,2.744071588664090200e+01,2.798300660693335473e+01
3.046018382327584106e+01,3.130170831338076098e+01,3.581267617878407350e+01
2.262723217045522617e+01,2.511725781562101645e+01,2.997244609771749069e+01
3.028516282483623456e+01,3.226068852895932082e+01,3.319059249619478891e+01
2.532619364347180380e+01,2.590320153890266397e+01,2.857030765590625521e+01
2.041414950742917611e+01,2.344956975690288914e+01,2.601231442109643055e+01
2.319439014996527959e+01,2.622207393758174732e+01,2.985884654120674142e+01
2.607522912359227973e+01,2.902782609066305852e+01,3.281147854704897782e+01
2.847222373269472939e+01,3.141072712058680594e+01,3.628458708350041206e+01
2.641611920923494239e+01,2.977932404425251178e+01,3.362174348890643927e+01
2.252613651613817325e+01,2.427398592076676564e+01,2.540781508584194626e+01
2.290069295148481388e+01,2.535006655277515719e+01,2.886906866433363561e+01
2.588156704221758631e+01,2.635708288242988218e+01,2.977449709704071523e+01
2.582976385792662555e+01,2.894766151510542329e+01,3.295316628967725592e+01
2.651494757029625404e+01,3.133266214547840178e+01,3.369951711591303223e+01
2.865720661757124077e+01,2.881907237364950092e+01,3.253232984618112766e+01
2.310554292923214703e+01,2.355230827611122635e+01,2.486941261037166129e+01
2.945034764506991110e+01,3.260570351391303490e+01,3.362953525738873140e+01
2.210849602539762415e+01,2.672995491044168759e+01,2.724704104575290842e+01
2.948031185411660715e+01,3.251491578828872520e+01,3.658425870323191731e+01
2.509146458953588521e+01,2.778410640528253950e+01,2.801683700353211748e+01
2.494959018873132806e+01,2.825749946743803065e+01,3.322240650183719879e+01
2.547550881156087854e+01,2.998227349545484088e+01,3.402374485894345923e+01
3.083587306392004024e+01,3.171695502515676424e+01,3.627590371202577302e+01
3.275324316495359511e+01,3.560316312306905218e+01,3.906804253514359004e+01
2.566860788649888292e+01,2.792501738975391845e+01,2.943396166812111758e+01
2.576270723844697486e+01,2.868685190443746791e+01,3.065928392766925370e+01
2.200184194764395329e+01,2.655702165025601147e+01,2.760189388457823867e+01
2.207643791853604398e+01,2.679097373133190985e+01,2.928147870083307680e+01
2.827924504661928395e+01,2.874052750499602737e+01,3.213067868461777721e+01
3.197622609284548645e+01,3.238651613197102819e+01,3.644196075686381420e+01
2.587122241487569241e+01,2.772050406338213335e+01,3.108851204756549080e+01
2.942810449421814667e+01,3.242114350044177229e+01,3.399436164357399548e+01
2.675066535365304787e+01,2.835162379911423258e+01,3.323891170243734194e+01
2.986083036080230002e+01,3.284645928986456909e+01,3.725114479802839895e+01
2.078313017536052598e+01,2.214580431050658405e+01,2.578309933427799194e+01
2.608307772592543472e+01,2.766569757675068075e+01,2.824643499748074049e+01
2.950634147961353904e+01,3.263704075756897538e+01,3.449943735399545375e+01
3.038662944536884325e+01,3.097999000212798748e+01,3.345992638461822821e+01
2.716987779405310377e+01,2.923183125986017927e+01,3.058251448478414503e+01
2.993504781639331824e+01,3.054692825258620914e+01,3.359478727057589253e+01
3.035017219093586149e+01,3.098944750438483453e+01,3.503385030501433306e+01
2.942364390322437728e+01,2.950918777797821946e+01,3.374077830467169292e+01
2.746941920528705694e+01,2.871748457895801465e+01,3.178652170887557560e+01
2.934887126305959981e+01,3.237107596814490051e+01,3.396387198934123575e+01
2.920465735288395237e+01,3.221351170818440579e+01,3.456377542362844935e+01
2.932755542316967023e+01,3.272085803681235205e+01,3.436937255845146666e+01
3.388464696111828545e+01,3.589355639258099018e+01,3.962479698874543033e+01
3.017852422968697113e+01,3.048006192272939430e+01,3.525601755711030449e+01
3.403498823826141972e+01,3.588477553101071749e+01,4.055015091949311312e+01
3.273566203529324525e+01,3.431141202829148540e+01,3.831522439664490776e+01
3.368367617509812106e+01,3.439845375209510081e+01,3.815907319899763905e+01
2.812139671163217969e+01,3.087492059323771443e+01,3.394674054903511262e+01
2.820565834774569325e+01,3.236796608931200581e+01,3.467099332010415935e+01
3.089296708636474520e+01,3.443384765428928773e+01,3.489629403547852604e+01
2.121199446836513758e+01,2.606832653207946748e+01,2.862555236426360494e+01
2.498331254902658571e+01,2.913666064074028128e+01,2.934668263981536995e+01
2.931370811093877293e+01,3.002076714006135916e+01,3.328654008764125649e+01
3.117660781920446311e+01,3.274125752770317632e+01,3.655121976008298645e+01
2.729160143951627049e+01,3.122965089549693474e+01,3.466004109022640733e+01
2.874595272568397419e+01,3.177063150251692392e+01,3.486692490543768486e+01
2.588724363350267765e+01,3.044971466851198016e+01,3.496933236254121624e+01
2.642651758640676718e+01,2.968106653332024081e+01,3.154102202109568509e+01
2.318743816601390861e+01,2.399599430855816706e+01,2.724947366302872354e+01
2.541553513439930967e+01,2.740346326668299781e+01,2.959647450405066849e+01
2.902041433925861824e+01,3.125335406071600275e+01,3.324457078460521586e+01
2.443456825377556285e+01,2.859452648518306006e+01,2.910989365802869600e+01
2.148340626458832858e+01,2.396335793116933388e+01,2.560527181983665912e+01
2.296485898180523222e+01,2.683477081830026734e+01,2.799769989795434810e+01
3.202527111374834590e+01,3.427109225981132568e+01,3.816476887084493796e+01
2.166739483057061122e+01,2.371098013212075273e+01,2.525860915680920726e+01
1.774155721860810075e+01,2.123420477444801335e+01,2.358313784988675366e+01
2.843740634326304928e+01,3.131287809797914079e+01,3.302424369433379070e+01
2.425288443297889174e+01,2.742101862336514273e+01,3.074777480436821619e+01
2.720090543655075521e+01,2.940561643413293424e+01,3.030053557786413165e+01
2.882310091620268366e+01,3.022127901991870758e+01,3.189071093457243933e+01
2.115676889913294190e+01,2.354178554117310185e+01,2.820083771558890007e+01
2.987957184440109515e+01,3.000840569047651130e+01,3.101371992974496195e+01
2.084998210936200991e+01,2.090829162049956125e+01,2.405127871972185005e+01
2.690119714082720037e+01,2.807520623718403030e+01,3.304644160959912114e+01
2.836226747681318372e+01,2.934824480643630551e+01,3.160565096378769567e+01
2.570112736119402541e+01,2.723884954383797563e+01,2.856478900397593890e+01
1.798440105941800482e+01,2.276528335071437326e+01,2.716020188981921279e+01
2.645910151419566603e+01,2.649785837305807235e+01,2.830496902335787368e+01
2.795564536949311574e+01,3.124436515721179930e+01,3.361705378905401176e+01
2.294530372004841112e+01,2.786757239903203143e+01,3.144615063800101495e+01
2.123693077514634098e+01,2.428152457334277869e+01,2.625539545466292424e+01
2.500292767471494670e+01,2.585213664991379900e+01,2.940231384448606278e+01
2.846868658857825451e+01,2.865288184442184161e+01,3.329092784711505715e+01
2.839546277765863991e+01,3.031394312463503837e+01,3.307326921937951880e+01
1.812658485181640700e+01,2.015231895264025042e+01,2.197739788080439638e+01
2.379873181737813681e+01,2.871328989418461219e+01,3.152692653877448592e+01
2.372956479160447074e+01,2.813403062662524690e+01,2.910747684349596653e+01
1.944095342400037296e+01,2.215139953859347344e+01,2.458034273255368873e+01
2.433404235361753010e+01,2.628493963827672175e+01,2.874024645044870852e+01
2.263940641102408691e+01,2.384818343070212521e+01,2.781439870020282967e+01
1.874216837893052912e+01,2.177930715155060426e+01,2.237315088924656692e+01
2.143269470349886419e+01,2.385377239991977660e+01,2.857069137705284589e+01
1.516754725199197296e+01,1.986731278446136528e+01,2.481645003034179808e+01
2.302971678736953010e+01,2.413645367679524867e+01,2.815367349547094378e+01
1.937542867081245745e+01,2.233849295163527060e+01,2.619380036808584578e+01
1.948200159834050993e+01,2.272351909760129018e+01,2.391537721685792661e+01
2.195001211490432524e+01,2.241467952517674433e+01,2.485718502763357662e+01
2.068528449505931732e+01,2.261915515834932577e+01,2.468427341055896562e+01
1.785768917965962643e+01,2.075549466356666173e+01,2.459999313732339488e+01
1.153909325611136083e+01,1.517160532953398189e+01,1.755694159950203215e+01
2.579383490867544992e+01,2.845203975891831405e+01,3.136382103828138312e+01
2.377600650914930469e+01,2.756560827437187911e+01,3.196932701100058694e+01
2.174549538667069726e+01,2.437900907390958949e+01,2.869498374446722266e+01
1.614577498933751087e+01,2.081553939310312984e+01,2.181026336196679338e+01
2.181660666440798835e+01,2.414593485193674027e+01,2.579608175178821838e+01
1.564096755882018108e+01,1.634694627898499419e+01,1.766786271741434078e+01
2.210216135323188169e+01,2.415977738663067953e+01,2.675951619934744485e+01
1.703693293301822820e+01,1.960503609064206998e+01,2.124967789353197389e+01
1.222942296649736349e+01,1.699233230009162554e+01,1.725405968365816989e+01
2.042957745777172462e+01,2.425241502389891934e+01,2.885779054682932809e+01
1.822719364127090103e+01,2.208367628644987235e+01,2.271289235360663739e+01
1.455398534097665397e+01,1.889957498882004572e+01,2.040476377859905455e+01
1.879750751881259063e+01,1.999777467175156431e+01,2.470776514759625542e+01
1.464844424968159586e+01,1.714706336883546811e+01,1.936943868522506307e+01
2.003293464321989958e+01,2.128580872332491580e+01,2.390014641744886958e+01
1.846145731571939308e+01,2.093709468768357951e+01,2.269920212225028422e+01
1.872425858090757345e+01,2.041191016076606246e+01,2.176458395922706046e+01
8.997396351901453926e+00,1.264432999156343485e+01,1.705383668890788584e+01
1.659420209994388884e+01,1.958525784730477426e+01,2.227461949880776970e+01
1.156357834202353274e+01,1.529129120013863208e+01,1.817790111472699266e+01
1.958072709148879298e+01,2.112603520251605360e+01,2.329846358370308224e+01
1.599292354698142304e+01,1.803031051314070510e+01,2.011471810429836538e+01
2.156027416395451368e+01,2.457617003477158235e+01,2.723634513433324500e+01
1.590892009083269087e+01,1.612090046556324907e+01,1.658570417880005365e+01
1.335009858156312035e+01,1.336576436342520324e+01,1.783833623716054717e+01
1.285416871416114049e+01,1.481409256912682793e+01,1.715865345225975247e+01
1.707717950031645415e+01,1.717640643567164815e+01,1.920909245434438617e+01
1.028791295551572560e+01,1.366773647443265816e+01,1.494545172546455269e+01
6.336793408045801712e+00,9.554410792961183674e+00,9.955228133800924084e+00
1.573836320358956620e+01,1.841553881172821860e+01,2.328845475418388844e+01
1.774315902951064672e+01,2.250888752212979682e+01,2.659061702406231475e+01
1.786480256070686323e+01,2.022452950149999040e+01,2.031582313218223490e+01
1.188466030871385648e+01,1.477561524202864973e+01,1.524203093236700823e+01
1.285850705672765315e+01,1.391200450101433539e+01,1.690861681855319887e+01
1.331274212302092330e+01,1.525927905602586421e+01,1.586616375362218179e+01
1.759182029784489387e+01,1.862703554111424609e+01,2.022442388340164854e+01
8.946529350146692039e+00,1.325848546487286939e+01,1.791968681572251043e+01
9.193368850404414871e+00,1.415761170316726592e+01,1.843863501018742568e+01
1.645982448253467822e+01,2.128927761915849004e+01,2.389116877308881470e+01
1.221302861229344039e+01,1.476500666060679379e+01,1.672683900726641326e+01
1.689649037151481892e+01,1.840202944549105624e+01,2.167997802908446303e+01
1.092095491512884209e+01,1.490694933461566940e+01,1.976452238074091028e+01
1.040747558589746546e+01,1.357710677781326325e+01,1.747220122262888253e+01
1.191035487727211972e+01,1.344143238696270615e+01,1.505040508459942927e+01
8.768885090866834986e+00,8.929214929881981178e+00,1.151467454114462186e+01
1.118088763729150692e+01,1.439191709135834607e+01,1.664283097103761833e+01
1.283941724262816741e+01,1.441243127778432864e+01,1.839184404165542830e+01
6.241113399114783356e+00,9.454423303096197273e+00,1.427955603147470498e+01
1.400759831211777495e+01,1.595407716293441780e+01,2.055695659722541535e+01
7.899906107158964019e+00,1.261619891687595363e+01,1.655294895502438379e+01
8.227796350719035701e+00,1.129195115210605138e+01,1.429071538154033050e+01
1.159930188006111074e+01,1.644003920569669219e+01,1.865431353494862066e+01
4.898256545673102202e+00,7.293669597755682688e+00,1.194493803901351114e+01
8.275990523883855587e+00,1.284230462201565359e+01,1.435203529721784399e+01
9.393692019381008507e+00,1.325696606189811533e+01,1.593389627756486249e+01
8.416608698761498530e+00,1.193987357829802320e+01,1.464110726390823558e+01
7.402875367832391973e+00,9.280479564552502225e+00,1.023032896839114514e+01
1.569403145367770591e+01,1.730403280026146007e+01,1.772047647498335365e+01
1.138097934453739235e+01,1.271511604529892203e+01,1.497801269601182916e+01
5.102591455410375509e+00,7.584743235489119328e+00,1.179826024246013105e+01
7.940298330006981153e+00,8.273526039936884402e+00,8.562348715344214156e+00
3.069354690594222390e+00,4.538232576819796193e+00,4.790541674070264655e+00
9.249314790617596316e+00,9.339349389854966432e+00,1.174898290026061964e+01
1.307139346376070499e+01,1.584173935877007899e+01,1.708827788451691276e+01
4.917492961134497520e-01,5.217744280953018787e+00,8.736794478902819350e+00
9.836235786850593854e+00,1.022616551194222900e+01,1.500521363805101771e+01
4.994865835794405129e+00,8.078322623267084168e+00,8.815113319058186292e+00
9.479160264168593031e+00,9.920247277975359879e+00,1.050458411318484764e+01
7.342477132495609737e+00,9.906849706132415889e+00,1.232401731372543807e+01
4.804302377093566001e+00,9.166097138113132203e+00,9.941300492663948773e+00
2.897191329542496696e+00,4.180933996304862177e+00,8.074959359808168813e+00
3.369648674675511657e+00,5.802852293582815513e+00,8.926323757972333794e+00
4.871558460790661016e+00,6.936831473293705308e+00,9.019865220604724954e+00
3.463427279603705777e+00,8.354279013607557758e+00,1.303996287550121380e+01
8.587137894633807278e+00,1.192435475582628612e+01,1.323503131358992135e+01
1.025900707813419288e+01,1.421052418179670873e+01,1.696165685352851682e+01
4.058150842065421315e+00,7.213453744956882296e+00,1.026638823949201118e+01
5.944535015109254417e+00,6.120102723544332157e+00,6.954002183977685547e+00
5.760670411044588768e+00,7.736949660855112931e+00,8.047800827120838107e+00
4.499241669189411930e+00,7.988389155859748847e+00,9.101841084366249390e+00
7.914309218621554010e+00,1.258384047685895446e+01,1.701572876806139334e+01
-4.837839043684706297e-01,2.558149622077645624e+00,3.703769695880775537e+00
5.689562676574960065e+00,8.887988410771104242e+00,9.640524351027394800e+00
7.790079682832599772e+00,1.010116558743748350e+01,1.163282441144640167e+01
2.132586247538509117e+00,3.775142644394749780e+00,5.214840279224775443e+00
8.927941795858192364e+00,1.030694891994268581e+01,1.277745485666017800e+01
1.523143487272984764e+00,3.272697413847809766e+00,4.524806402611536882e+00
6.009374905926758714e-01,1.725259261488952589e+00,5.644148874681440553e+00
4.832414010085211764e+00,5.376417497948971835e+00,7.269074089241726710e+00
4.460349749639736849e+00,8.262468992924965505e+00,9.188446765563503149e+00
-1.565576173034830987e+00,1.464032569221647151e-01,2.561170782799599976e-01
-3.235787440709812834e+00,5.561190902579635775e-01,4.479566902651099802e+00
6.117628574452953494e+00,8.892544378562645235e+00,1.209787206158368633e+01
4.059101129374437456e+00,5.119434908194125278e+00,8.462288912557450971e+00
2.416520564736545751e+00,6.621706286037948530e+00,7.571152242745089467e+00
3.395707955035694336e+00,7.164540136194520237e+00,1.045995897866497160e+01
-1.212134663311438487e+00,9.201763440217058942e-01,9.280829460680328769e-01
-6.196822613202614960e-01,3.502561930732032813e+00,5.224557650210037707e+00
4.757115126829726925e+00,5.055369522119599779e+00,8.803948492497118750e+00
-2.145745492403257959e+00,2.424568428179337598e+00,4.239884802359213722e+00
9.963128397406340042e-01,3.853100961796668944e+00,5.950207528956436676e+00
6.213169355508393110e+00,7.765113997199427409e+00,1.199569190191447277e+01
-1.650802137506299783e+00,-1.257700945342512533e+00,-1.957862161245267352e-01
4.490793842315103923e+00,5.345401993206840174e+00,9.898106861394726508e+00
-2.325845320094551472e+00,1.668064987272256161e+00,5.424289631665509148e+00
-9.878680770906607123e-01,3.910284018346048995e+00,4.647097561167984558e+00
1.698538871936035477e+00,3.950176068371325400e+00,7.694918849761646307e+00
1.540149034464865618e+00,4.998104864415235937e+00,5.864530425565465777e+00
6.837532365329921369e-01,4.411829646605019306e+00,6.640048201284569629e+00
1.336519606093915513e+00,5.501841196455645289e+00,6.281235151506445291e+00
3.123032641318282288e+00,6.417707037769249112e+00,6.772468871065797202e+00
-9.376617039764714168e-01,-1.689141758596903742e-01,2.420697146946141132e+00
2.407149471753586401e+00,3.470952596415519231e+00,6.145389800448732842e+00
-1.406820094898331597e+00,2.133632790981638827e+00,5.369886194607153662e+00
-4.663275970193129005e+00,-7.188895822307692640e-01,6.376681756571120907e-01
-3.233757302025974223e+00,1.514493008177173028e+00,3.619012595483865002e+00
7.048453322737648463e+00,7.524602551763324598e+00,1.118492696845829926e+01
4.176212989325898128e-01,3.693813694953619109e+00,5.508227763952767475e+00
3.541001125739827948e+00,5.997070204489611811e+00,1.003422654993653751e+01
2.067309971893195097e+00,5.754783652285759388e+00,6.332147126090722722e+00
8.719589430769648652e-01,1.751781345630738063e+00,3.886205934150233521e+00
3.521509076859541842e+00,6.091033301459984450e+00,1.082183792600020489e+01
6.585099249408412625e-01,1.179127042276638893e+00,2.672132653717260276e+00
4.369799866837515978e+00,6.682057099268831735e+00,1.166965486017795328e+01
-1.021262905632402074e+00,2.743811047583186280e+00,7.112248457439751093e+00
-1.202940477670944253e+00,5.524377154324664474e-01,3.337580890303625480e+00
4.652386522773896971e-01,5.004002133441105116e+00,7.915854309711946257e+00
-1.425918297618572694e+00,2.496715421506479515e+00,5.551235922536678302e+00
3.009456282128699200e+00,6.539165792138026845e+00,7.215245383409664370e+00
3.653646349450265340e+00,6.824542076301375104e+00,9.017937428168144365e+00
-5.467035846431290480e+00,-4.224874419971454742e+00,-3.668634975851074564e+00
1.408467674550847448e+01,1.511298696189522062e+01,1.889039154592776981e+01
-2.177493439445258527e+00,9.823113869652271291e-01,2.937725267717545830e+00
3.935496060477150948e+00,7.037648631537841482e+00,1.105535768486073067e+01
-7.352608156601290190e-01,3.587123040379429639e+00,5.285535437325399322e+00
4.045505056934572963e+00,5.997991172638005963e+00,7.940711987896487578e+00
1.186237090930050808e+00,3.198341847960765261e+00,4.067790706675149970e+00
4.626895891654997151e+00,9.561146411213091056e+00,1.027308651991187816e+01
2.302095153999329513e-01,9.103048299784717301e-01,4.634296358033813235e+00
7.520737929432045554e+00,8.389529190744383413e+00,9.300339674362817277e+00
-2.381727456996778791e+00,-3.726851330693783382e-01,4.319293688674207488e+00
4.878323713792495298e+00,5.740520055946916500e+00,1.016555639153062529e+01
-3.137630745770326968e+00,1.375816776029845201e+00,1.438799878410489619e+00
6.603472911337228801e+00,7.765368635153386379e+00,9.931059223076470488e+00
5.553721220999692676e+00,6.745007227364008706e+00,7.374970670092987568e+00
5.069958991803842352e+00,7.390140084155920164e+00,8.857093333147929570e+00
4.635817228491317721e+00,5.105432582748491654e+00,7.197213323835839560e+00
9.434207488663712837e-01,5.222776362711914366e+00,7.969912999409716647e+00
3.300338632458001964e+00,5.717443545152534057e+00,8.981514461369524582e+00
1.547486148618323565e+00,2.710833223496861955e+00,4.018425771146569403e+00
1.254790923937879299e+01,1.407312780798541674e+01,1.680512389244130844e+01
2.317573045177028668e+00,4.071174379478559757e+00,7.615836447884369420e+00
4.017641609515433032e+00,5.379372301177376414e+00,8.568926202054772290e+00
7.552316766295296802e+00,7.664332249815611675e+00,1.100417658306428770e+01
2.270325378246995651e+00,5.483074384067958995e+00,9.613901228553046963e+00
4.310924835716036796e+00,7.811730216292263052e+00,8.029357821924175909e+00
-2.769926622376837066e+00,1.532148220202302902e+00,2.453531849584161151e+00
4.417457623384578369e+00,7.111035084587567390e+00,8.484708102705921462e+00
4.452075328356818851e+00,4.537338044782860180e+00,5.160778416186506234e+00
7.991435105401369476e+00,8.702804822064502233e+00,1.146108179035888774e+01
7.976079795579704701e+00,1.222501753186158879e+01,1.707715291096289434e+01
8.985302705666960321e+00,1.346093345198554658e+01,1.568743823281451277e+01
1.718348316205316806e+00,6.575491896154730398e+00,6.841703550775467768e+00
-3.561528257747965220e+00,5.603313560966824980e-01,2.064520918243042402e+00
4.633322096964689329e+00,9.220209140896983513e+00,1.278379198351010970e+01
3.562865635074359272e+00,7.275466124284751146e+00,9.039091854922570946e+00
5.365037906299639836e+00,5.738795406881315841e+00,7.259266608727033443e+00
6.755996043712888977e+00,9.487320854890374022e+00,1.405762719068165723e+01
5.196846963161496191e+00,9.506621903408376539e+00,1.170960333771123274e+01
1.089776797875491177e+01,1.118788913891064318e+01,1.508151511307384851e+01
3.000704588650372706e+00,7.690827935431546969e+00,1.101017961633232645e+01
7.166401724220303748e+00,7.575802858026267295e+00,7.679622516498278983e+00
2.941045281712456827e+00,7.666716770641480494e+00,1.220752037859115546e+01
7.275655546318297695e+00,7.696471942288638957e+00,1.002570560547486700e+01
1.125200495694659253e+01,1.193526365738505213e+01,1.414156928393183676e+01
6.216742222806868945e+00,7.694003887510362460e+00,1.150653772247963147e+01
1.142077315322529429e+00,5.971447165624690356e+00,6.589515353417763066e+00
9.640227183475010619e+00,1.192477740937032316e+01,1.606466980515806853e+01
7.762629490574061819e+00,1.197867872269327449e+01,1.374311355934760392e+01
1.382509563200300562e+01,1.656254902399918194e+01,2.013222130860110326e+01
1.357904196763877280e+01,1.845923551270043461e+01,2.227101549832154603e+01
1.208603904578459876e+01,1.576280627580232441e+01,2.021019517595868109e+01
9.043197202791734668e+00,1.341180460045543654e+01,1.474142515198533054e+01
7.354053425307976788e+00,1.153194566659459142e+01,1.244295801847595762e+01
8.623380297474653844e+00,9.505624940536772982e+00,9.995028786177542202e+00
1.549077773663800706e+01,1.866083257810524287e+01,2.032436367234186747e+01
1.233461696619730397e+01,1.335655269910340515e+01,1.487890568277924963e+01
1.363227090818804399e+01,1.674102140269047823e+01,2.158170070726808731e+01
1.177672599777129037e+01,1.243381152569888570e+01,1.370107416810249568e+01
1.085475956128596309e+01,1.432547173410070585e+01,1.529177678748327551e+01
9.013277311599020791e+00,1.357117449477402182e+01,1.642021357637406709e+01
8.211040808064753449e+00,1.118889372373158153e+01,1.595598885404327660e+01
1.146330330844715206e+01,1.504868000313976850e+01,1.711443805014198105e+01
1.708296522107419335e+01,2.038524133501107372e+01,2.092199742490473469e+01
8.991856094177498093e+00,1.224580727777664357e+01,1.579222618795098221e+01
1.254096642982326060e+01,1.340070415469184795e+01,1.707151831701947842e+01
8.316326214190072008e+00,8.740858084432090891e+00,9.734922197743021144e+00
1.395163932819525954e+01,1.630436695292542382e+01,1.985806647829017280e+01
1.340866546724231867e+01,1.645902546560404645e+01,1.735723126553093465e+01
1.635802750411442119e+01,1.657906904435406403e+01,1.867740765436825257e+01
1.096373110894511171e+01,1.428188856629599179e+01,1.600176980862872611e+01
1.242730615062754751e+01,1.412185769044788053e+01,1.715971036005230133e+01
1.361396419526970547e+01,1.609676998887436383e+01,2.057253019218211421e+01
1.521822360219261761e+01,1.730232160051768275e+01,1.816872052147695271e+01
1.506966797191756591e+01,1.591774214396669507e+01,1.594926602086978207e+01
1.359423661245089043e+01,1.475255958578842730e+01,1.787880964477451684e+01
1.047310338936659058e+01,1.162806080161163180e+01,1.392909509436408477e+01
1.929178718375765911e+01,1.951796757770732071e+01,2.125745518049158278e+01
1.410540351346455523e+01,1.722468243159975287e+01,2.147728350779791384e+01
1.184386551841768309e+01,1.278291391201545579e+01,1.373715055361070014e+01
1.658509466578734504e+01,1.912532095489744322e+01,2.290257194961740694e+01
1.719662747835573313e+01,1.945878402366340509e+01,1.972074270113389360e+01
1.336183619709387216e+01,1.623059522601113613e+01,2.010934763976963779e+01
1.397081531793369180e+01,1.477822836124391692e+01,1.967502893316739687e+01
1.972129556448586385e+01,2.125700037650613439e+01,2.497885655939298744e+01
1.655321888916204642e+01,1.686584288490374206e+01,2.004312915849904897e+01
8.341177748411766402e+00,1.148437909379659416e+01,1.491201514129291184e+01
1.649176988736368799e+01,1.855279778402301005e+01,2.312551984905740454e+01
1.715142027031118843e+01,1.940486083080849511e+01,2.324421544383308458e+01
1.622366124736068116e+01,1.952497835571092821e+01,2.244680699030149640e+01
1.415020860445472550e+01,1.725812870784366027e+01,2.152539961159862614e+01
1.512866817656109752e+01,1.979265270674093458e+01,2.384348695539254592e+01
1.881938600887276181e+01,2.193980461533854509e+01,2.365322938777018891e+01
1.160145698653557744e+01,1.363528795598313259e+01,1.484295381608652065e+01
2.038071068538724973e+01,2.188176300367489802e+01,2.664683950571819082e+01
2.121087440071210395e+01,2.300578506652173516e+01,2.595906600235534967e+01
1.954329925504708854e+01,1.964557694009696576e+01,2.177971274736043839e+01
1.262314288563561782e+01,1.685298942662658561e+01,2.147747362611308120e+01
2.099769441454446550e+01,2.377859846692853196e+01,2.625309889920567485e+01
2.498226165942380206e+01,2.514995957145115568e+01,2.738845353424772355e+01
1.596427702056582554e+01,1.812679563524973858e+01,2.128436898720725168e+01
1.816873507633222928e+01,2.117760352502151733e+01,2.534184500826023623e+01
1.890609217040575984e+01,1.893666680561362980e+01,2.095391066468246066e+01
1.886600833756055806e+01,2.021893475895577907e+01,2.432833287917110709e+01
1.739533045252326460e+01,2.214455588798718466e+01,2.479628955248563571e+01
2.146227560242341070e+01,2.526612928140441028e+01,2.980226875514770768e+01
2.217492827829341451e+01,2.451996828753162205e+01,2.712805510967483258e+01
1.965082586478077431e+01,2.328932088580481974e+01,2.828654238872868376e+01
2.605270356852840408e+01,2.968604885966221119e+01,3.234190790070802990e+01
1.858258644049984554e+01,1.935144830672625105e+01,2.277281036400894720e+01
1.846788822146884002e+01,2.173229261983419747e+01,2.436191926918088768e+01
2.197263082439529569e+01,2.393887467913631539e+01,2.520732292396069241e+01
1.861535140887831119e+01,2.287125832668766634e+01,2.557365827803518243e+01
1.966908498022834095e+01,2.336777767936613515e+01,2.619030140460672840e+01
2.188596836251230826e+01,2.676170526021903839e+01,2.986001401857338067e+01
2.154902027238325957e+01,2.169315686178655156e+01,2.387951903759744710e+01
2.607283685719014343e+01,2.984662757379661713e+01,3.412971589305621478e+01
1.801177018923465667e+01,2.195394014704091745e+01,2.513976745264702117e+01
2.157818325613262189e+01,2.264403981080710082e+01,2.312004181610684839e+01
2.674226366558367118e+01,2.844546318215373049e+01,3.126553689599003150e+01
2.574621824612842858e+01,2.884210784106961967e+01,3.070594984134696404e+01
2.167053299784602416e+01,2.438933966671068632e+01,2.492843657531002322e+01
2.499475574323157900e+01,2.925365741984574086e+01,3.225915240108059123e+01
2.244796849074116807e+01,2.295946073112686037e+01,2.355029847086463235e+01
1.604501218669658158e+01,2.011242870915189229e+01,2.126731531182261392e+01
2.761151184457015262e+01,2.896338220448619083e+01,2.991533204232874965e+01
2.050462400816159203e+01,2.160378806943473506e+01,2.228946553015212473e+01
2.424878839706055089e+01,2.624719181359610332e+01,2.661859912937886108e+01
2.779346998754984810e+01,3.214829956210861184e+01,3.516278725160888996e+01
2.214110055236331220e+01,2.373979438199496173e+01,2.538789982267735823e+01
2.013686273717367214e+01,2.283351832125490688e+01,2.335388492030206464e+01
1.907298630336259038e+01,2.399488644969564888e+01,2.758888314083517912e+01
2.222436641901773413e+01,2.330257815919778253e+01,2.747642894291792004e+01
2.085016628031159769e+01,2.380014888393072425e+01,2.774263287866096306e+01
1.832458022393713648e+01,2.263218684104225176e+01,2.584237692073062931e+01
2.691718028375550986e+01,3.028568548837151653e+01,3.440633081838340956e+01
1.963354304673930883e+01,2.244861493416166454e+01,2.477567471546112188e+01
2.599718853930563611e+01,2.956752908933361823e+01,3.153600969674898735e+01
2.042764846384056199e+01,2.277899060344308069e+01,2.457505008885231135e+01
2.397668712139511982e+01,2.829946442970071629e+01,3.047369232858363119e+01
2.661496405454641234e+01,3.061534058380581413e+01,3.449577751516932267e+01
2.787830041497826628e+01,2.795028915680135739e+01,3.238559097574750467e+01
2.175541067878367585e+01,2.452018477723612477e+01,2.730184214379801588e+01
2.642377476903246603e+01,2.812138055217745247e+01,3.227864469828597294e+01
2.609350789792787850e+01,2.674297132058910620e+01,2.913084714142271991e+01
2.664149242808914764e+01,2.788420103211862866e+01,3.170120067959209109e+01
2.370180559444359858e+01,2.467024504308866639e+01,2.535055940926622497e+01
2.871405064411907304e+01,2.970149164479399317e+01,3.410179927492707463e+01
2.583804238942877163e+01,2.787254986063837592e+01,2.799688607022837061e+01
2.726758647045073047e+01,3.107191544070769496e+01,3.441917119335623454e+01
2.961459726173175255e+01,3.196919533693445459e+01,3.695617753257459270e+01
2.830896025518153891e+01,2.998004194838105008e+01,3.246217629577287767e+01
2.636200521705667654e+01,2.803655776385592446e+01,3.068395403758753304e+01
2.197886207068136599e+01,2.676006641419365550e+01,2.690939929269978137e+01
2.287785627731588534e+01,2.651168709425861536e+01,2.923998362144849850e+01
2.883821798123020841e+01,3.018367999575873739e+01,3.180066432131032528e+01
2.988880305172850882e+01,3.079569233231132230e+01,3.344994726888886305e+01
2.880466281403124640e+01,2.888796696546662801e+01,3.284224721186522800e+01
2.585153693105723249e+01,2.929957443663275640e+01,3.120810281094608740e+01
2.406617708799504385e+01,2.522443459025772938e+01,2.771002311834010357e+01
2.816531663082529846e+01,2.985266248827475266e+01,3.376783505033694865e+01
2.628193976680685395e+01,2.807578543149241312e+01,3.169010077840859196e+01
2.985758046868645010e+01,3.297077430912372620e+01,3.578036698814446481e+01
2.609535177730089117e+01,3.048713692783164930e+01,3.369029963719927423e+01
2.392496698438899472e+01,2.863359259833757164e+01,3.099809646788802908e+01
2.885675430157841603e+01,3.074595551006792604e+01,3.385789044125051817e+01
3.303581850741262826e+01,3.522127365424314149e+01,3.755656218223607823e+01
3.046863276718072555e+01,3.221522562370812892e+01,3.580448906884667082e+01
2.476749875848488358e+01,2.789997677158433476e+01,3.065361803684532660e+01
2.890262807080468122e+01,3.114607492159429825e+01,3.439111694915471418e+01
3.381778178308303495e+01,3.832104288505555445e+01,4.210615702056050225e+01
3.090693550218639274e+01,3.224719603197050333e+01,3.556201140667258898e+01
2.894271985306637873e+01,2.923251388085784441e+01,3.363439827549677830e+01
3.062742498060426399e+01,3.333373252684501153e+01,3.675680556270510380e+01
2.172938831232843171e+01,2.420440803334928503e+01,2.705481217692001294e+01
2.278749104814168547e+01,2.642342219220127575e+01,3.079427539015717485e+01
2.300283340860973524e+01,2.390867581004482290e+01,2.541078126569525608e+01
2.013620349429518797e+01,2.478546788944149171e+01,2.495486506729682219e+01
2.818839917318046062e+01,2.954922825127829711e+01,3.209639949596903108e+01
2.116066938378911289e+01,2.533945437124016564e+01,2.739143343626179927e+01
2.530847047065248745e+01,2.642377971019386962e+01,2.795277819363809613e+01
2.293489613196810595e+01,2.425447229407884819e+01,2.502557349039645729e+01
2.870068369884389625e+01,3.075599803111590091e+01,3.313794425210721073e+01
2.245931381718875386e+01,2.563880255363866567e+01,2.861559672793420361e+01
2.995806606499692393e+01,3.188426282544550006e+01,3.286732850206219325e+01
2.504105424488859555e+01,2.880334938480557483e+01,3.185050481249422916e+01
3.146911656176287053e+01,3.334474032383434405e+01,3.443966577877566237e+01
2.456196535515790558e+01,2.802752509828614436e+01,3.140396492135543483e+01
2.942144858124473927e+01,3.163775948184522235e+01,3.327590066118374068e+01
2.495687066582968328e+01,2.958696439758321262e+01,3.315742440529733415e+01
2.980655512002424601e+01,3.072284150121003776e+01,3.217186911493008239e+01
2.720157446481226060e+01,3.166936858810375099e+01,3.288675523130766010e+01
2.812779873813700959e+01,2.929778627560006043e+01,2.957719332137491008e+01
2.772860842263269632e+01,2.980679404820872236e+01,3.185133056339186908e+01
2.672604082430359895e+01,3.026501853078852022e+01,3.495347659338163027e+01
1.902634284741198201e+01,2.365676842874805175e+01,2.530017337945127665e+01
2.773067448245936717e+01,2.951097655830617583e+01,3.419702045298495818e+01
3.044807828728779953e+01,3.081936015285386432e+01,3.268564698010102632e+01
2.476744605156495993e+01,2.796461742995624533e+01,2.813404298325192698e+01
2.233751115182324298e+01,2.404854875674828207e+01,2.665137909946609085e+01
2.504006257532381241e+01,2.950337136480183275e+01,3.071100499854038901e+01
1.981985756406673715e+01,2.368745282738951019e+01,2.595144921855160902e+01
2.026405705293069204e+01,2.273941959662574419e+01,2.278369870697529720e+01
2.962569312103721586e+01,3.116051475180287156e+01,3.561013223387161730e+01
2.669957684195807701e+01,2.912058388560068067e+01,3.224128257283065579e+01
2.412142860368132347e+01,2.503302225398600456e+01,2.994146236204690581e+01
2.662963038438681451e+01,2.858049505840599025e+01,3.043581185146091883e+01
2.225019801658974927e+01,2.658884982187282375e+01,2.752972417983724185e+01
2.571351589869524901e+01,2.947102312264306789e+01,3.121874836846135182e+01
3.290513860775732269e+01,3.608056092637091439e+01,4.054196866640359076e+01
2.028781102866726016e+01,2.412785830176856550e+01,2.745464659447011968e+01
2.288448380648941693e+01,2.559410251167476602e+01,2.577140533920328025e+01
2.003042041649845828e+01,2.296778648517576826e+01,2.523776473321341030e+01
2.783119999366478226e+01,2.949784867971986912e+01,3.178545535138271205e+01
2.468657318335433004e+01,2.552634932594407857e+01,2.647862303782510551e+01
2.043820784205699326e+01,2.539945235521295430e+01,2.946973417606610823e+01
2.079798890709789916e+01,2.463438621615197732e+01,2.859052034392849606e+01
2.083060844249619237e+01,2.400512130620868945e+01,2.898938521513642641e+01
2.182031516327542420e+01,2.402957504935401190e+01,2.859848314099522426e+01
2.245783174915330349e+01,2.427747181419431755e+01,2.691109373217132017e+01
2.390290020099321211e+01,2.763797117519603219e+01,2.990079496334137588e+01
2.586611124190696032e+01,2.790270123761670362e+01,3.139347303612151308e+01
2.526898969692761199e+01,2.541810252230751388e+01,2.720305655770278719e+01
2.645810464781547111e+01,2.910305956789994752e+01,3.015011470141680405e+01
2.235819202673054562e+01,2.649215107360417676e+01,2.658257398584303388e+01
2.160572048211434648e+01,2.254546134102065125e+01,2.439633020532642149e+01
2.385630182386160669e+01,2.688270213114138230e+01,2.845642444992976650e+01
2.191554725971295170e+01,2.688382214039681273e+01,2.763297754326260502e+01
2.155641521071806821e+01,2.441177985638356773e+01,2.580236223800936912e+01
2.137836472038252111e+01,2.287017703741962293e+01,2.294929419010645333e+01
1.798965964852194688e+01,1.948771687565650979e+01,2.361522143637795068e+01
2.059826092394234820e+01,2.192841527511633615e+01,2.480125136437701627e+01
1.374603438339919315e+01,1.759128725695817508e+01,2.152924902904666737e+01
1.713612020860011143e+01,2.190563062950506534e+01,2.509725337529706835e+01
1.808816091822404459e+01,2.291494131794372890e+01,2.365618750334661158e+01
2.505059647853310878e+01,2.583856566348618600e+01,2.842368289314078211e+01
1.670560675816336271e+01,2.079870401816923220e+01,2.507620547971725244e+01
2.070494019058298463e+01,2.294311942536885596e+01,2.777603386370125094e+01
2.075706470256284675e+01,2.541477629100511137e+01,2.732129010817593695e+01
1.583849167583679574e+01,1.837409214396117818e+01,2.072814753836364332e+01
1.843686193973519494e+01,2.328548871348145965e+01,2.730526517922981355e+01
1.381456133306038936e+01,1.640836220013467539e+01,1.654073338622677269e+01
1.814840551668145352e+01,1.831905193260918097e+01,1.951790404923703903e+01
1.482770864567373792e+01,1.839335966765071362e+01,1.985552425109541375e+01
1.851636518480895788e+01,1.869639125923240996e+01,2.214106613638764287e+01
1.557288693454884765e+01,1.841278453118559355e+01,2.291513828456144353e+01
1.683665446217285222e+01,2.137219702762038764e+01,2.634482384593759008e+01
1.802683512312341207e+01,1.951914413273392768e+01,2.100108189944757342e+01
1.193363544500942552e+01,1.683069751804215386e+01,2.169330483750250238e+01
1.415357247507044391e+01,1.516314759714957106e+01,1.749234358543675683e+01
1.876896566461175553e+01,2.154764877614047336e+01,2.612746242888674431e+01
2.155519556157603134e+01,2.217136181592943700e+01,2.355474296114098465e+01
1.771758116512258141e+01,1.905601952766222595e+01,2.370228728367213478e+01
9.676461674991388762e+00,1.047668686576271035e+01,1.325088848446855749e+01
1.398739417365916538e+01,1.712833996921885316e+01,1.926089459228334988e+01
1.633005203027785157e+01,1.640139363666509098e+01,1.688228484688949038e+01
1.492303012381609761e+01,1.667127653674948817e+01,2.087066457214260495e+01
2.064202838141697782e+01,2.195300832691078341e+01,2.319093233553947897e+01
1.483935476126807984e+01,1.980827509554413979e+01,2.399949075345314142e+01
1.887562859802073945e+01,1.995704481617821102e+01,2.086410998106761383e+01
1.718642131122065564e+01,2.054399715001085625e+01,2.323729549215934043e+01
1.545240040486085675e+01,1.595813640100886133e+01,1.658393362731625231e+01
1.321791300973739780e+01,1.591759044982853766e+01,1.862702139048132111e+01
1.326218174054633536e+01,1.696284325564549889e+01,1.833103932288940285e+01
1.271809708799052707e+01,1.478685506369208724e+01,1.968038227108793592e+01
9.899317528743143413e+00,1.451104018352481972e+01,1.760709013273970314e+01
1.482505707318739496e+01,1.858794621453519724e+01,2.304465920092946973e+01
1.476086523582057808e+01,1.759283691709508801e+01,2.246206310816943841e+01
8.057418755225526752e+00,9.391001740226716521e+00,1.024355743562968613e+01
1.221710950047173405e+01,1.484902112964026166e+01,1.697884961138544213e+01
1.634759404928419713e+01,1.873111009150444417e+01,1.921354582262686250e+01
1.248674783261703780e+01,1.733799189999235324e+01,2.012827719298711315e+01
1.084914293913618444e+01,1.510312822014707734e+01,1.851886347972840241e+01
1.825185734537337012e+01,1.915289563653769989e+01,2.122562219216119672e+01
1.292812109732788706e+01,1.312936437367026699e+01,1.561787106317905582e+01
1.255219746086087618e+01,1.342545121465650837e+01,1.347810546526388009e+01
4.122642795370930813e+00,7.743922440643660643e+00,1.213002014989059418e+01
1.053021993595274175e+01,1.368356410483203511e+01,1.453200989848514801e+01
1.733837287425089713e+01,1.912251982936320260e+01,1.988398774433126093e+01
1.178941356208868285e+01,1.326543668332269910e+01,1.568541631325277841e+01
1.195925357226060726e+01,1.372907111243607226e+01,1.755043218053728538e+01
1.022792386560776556e+01,1.235129744645727001e+01,1.294424970386884510e+01
1.116849171930324047e+01,1.405066875711136376e+01,1.640931239473876246e+01
9.268201998632688898e+00,1.050241746821383870e+01,1.351314007875387802e+01
1.622917084467787063e+01,1.762707913706564611e+01,2.083280758625586415e+01
1.414412378753132415e+01,1.534835138221239603e+01,1.541690693094343168e+01
9.915100275064057556e+00,1.400972241763797754e+01,1.682344737763082065e+01
1.234921464714814832e+01,1.520679414501329063e+01,1.522582588123106362e+01
1.062284565121724711e+01,1.140605326904187677e+01,1.346803739454623106e+01
4.482391843628759531e+00,9.309466232666807173e+00,1.292261750063737935e+01
1.152156691362787733e+01,1.222035015333629460e+01,1.447367804158568205e+01
1.179889154073221214e+01,1.450763831646779778e+01,1.651115907662373061e+01
9.035450031215098932e+00,9.884171243675448082e+00,1.314912490392051225e+01
7.207639065197763983e+00,9.652024147336646820e+00,1.436841740650884169e+01
7.186396202584269588e+00,1.071347181227040402e+01,1.137466744167800314e+01
2.835297317842134568e+00,4.243758669519449356e+00,6.514594780114085104e+00
4.093820107185048407e+00,6.886650095237391689e+00,9.720674845416393595e+00
5.831891152774486997e+00,8.098338766429010960e+00,1.247754123681418648e+01
1.121946219224645347e+01,1.317551421580396109e+01,1.704452171856204856e+01
8.940976787068613874e+00,1.068972638794893371e+01,1.212052194492498103e+01
4.420155055356270069e+00,6.149839831822770719e+00,9.533864502393321061e+00
8.232644806932716719e+00,1.014212628709800867e+01,1.111431269083338158e+01
6.415709785484311922e+00,9.265808682009645025e+00,1.002708544849362227e+01
4.341336119569510821e+00,7.258168504165942281e+00,1.006118695220216530e+01
1.899011400624531554e+00,6.786364898977375049e+00,7.687332944780043142e+00
1.058944663533714525e+01,1.557342401115440467e+01,1.631276763351470294e+01
-1.260491643758081537e+00,2.973038796934551087e+00,7.216471898651261263e+00
5.318854066762238375e+00,6.493714862936501575e+00,6.880043078307607196e+00
9.413245569977123139e+00,1.045119975784576383e+01,1.226913092782219472e+01
3.072281294796345819e+00,5.256625954905109310e+00,8.457451188321886804e+00
3.052651530701581795e+00,6.070078131102424557e+00,9.822249869943579625e+00
5.197768300458367463e-01,4.011856949178325138e+00,4.133969247341305220e+00
4.356218332131471804e+00,8.181587226464497320e+00,1.094892181507935902e+01
3.666332456838174103e+00,8.385841897287951596e+00,9.805428951529664872e+00
2.204163749088638546e+00,3.907439748095653087e+00,5.744757357520928309e+00
8.147930142190505265e+00,1.135114346501249649e+01,1.303837111181566932e+01
2.458180109678754555e+00,3.998164598290255611e+00,4.914801883365380597e+00
6.393995590783601912e+00,8.131636963149881936e+00,1.168053776425432844e+01
1.213057372543888679e+00,2.790867637521685651e+00,6.428170059619327859e+00
6.084168936803239447e+00,8.181295573749883587e+00,1.175049526246326259e+01
3.523614447059165045e+00,7.951214009582637132e+00,8.133225752695045330e+00
2.329931856021802083e+00,4.098459719781407884e+00,5.977616609653214397e+00
4.440672021241111267e+00,7.308848371102002694e+00,9.836166541602555213e+00
3.681821792020792294e+00,7.108120425445452639e+00,7.136026701495475244e+00
6.742543528196627278e-01,5.280109377369602619e+00,8.167420503297602608e+00
4.993675383403756385e+00,8.348171439607902755e+00,1.012115333582869603e+01
1.914265257758232863e+00,3.095411601769269883e+00,6.531761149220210783e+00
4.973915160008785641e+00,9.393604889107855627e+00,1.035359626676779321e+01
2.422917112410308604e+00,7.214179665085598714e+00,8.158296621675267701e+00
-8.110357834106443065e-01,1.669421003185964203e+00,3.122503233031515890e+00
3.929447129233305525e+00,7.079312714671027074e+00,7.637140250897914484e+00
4.680439333248146205e+00,4.686408917223125137e+00,8.562905965498565308e+00
-6.417964534689879486e-01,3.496271852060621299e+00,6.029552181289343338e+00
5.087648044649402124e+00,7.482435485904644246e+00,7.812500852333607249e+00
4.032046392485050035e+00,8.244174567138344401e+00,1.222872764525972400e+01
-6.088629096347866643e+00,-1.949462527270418022e+00,-7.744287895552159906e-01
2.036703220196474540e+00,4.811148128933536050e+00,8.943464170747878583e+00
3.052874670230161680e+00,4.518114058475362071e+00,8.858053064767510421e+00
9.872483939824361343e-02,3.274300579136537603e+00,5.432718764487256102e+00
3.419162106727164030e+00,5.388434370032132215e+00,9.365015565193179015e+00
3.225845796062352555e+00,7.879796113938814628e+00,8.000078187075803982e+00
4.173353070332004311e-01,8.240621821451838969e-01,5.475771254313420044e+00
-2.117253099004006600e+00,2.426106600790796541e+00,6.950312614580273163e+00
-2.482202523457328169e+00,2.440770367653819939e+00,6.697234607255508010e+00
5.920166157487601666e+00,6.322253207013911691e+00,8.800665841788648081e+00
1.196274744173524418e-01,2.861679884780910399e+00,7.149053896022026677e+00
3.113796019022194272e+00,6.835478253814051719e+00,1.155832533800426631e+01
7.023749827460258999e+00,7.272069063454996929e+00,7.473775144897931710e+00
-8.026135982654283296e-01,3.861448869131201889e+00,7.985739949031275486e+00
6.741721694595899095e-01,5.036720521375961823e+00,9.654201811896257368e+00
4.163372278624288825e-01,4.065321560328259309e+00,7.429660715149191574e+00
9.568524620041729989e+00,1.056453589381208680e+01,1.290336386831817350e+01
-3.091219330203726301e+00,1.587843538320314885e+00,3.249810257258292978e+00
-1.951649351098373231e+00,-5.765657378947430800e-02,6.639349996272417842e-01
-6.182742129788978858e+00,-3.354272931118071455e+00,-2.352580815601151620e+00
1.573236106402266188e+00,5.112803967713411168e+00,9.587156444192112659e+00
4.014735854599047471e-01,5.189597584270881470e+00,8.107503642539239053e+00
8.302318717187251451e-02,1.087418392181685789e+00,5.043178510497854816e+00
1.853445927307042940e+00,2.225947010783518643e+00,5.747969743998505798e+00
4.322378175208914541e+00,7.496440071210281886e+00,8.992895455376229918e+00
2.816433427119693356e+00,7.023401357217789354e+00,7.873859983247994521e+00
-7.312945872020510940e-01,3.863276218942501838e+00,4.837348526278316463e+00
8.456369910902963305e-01,3.255112151164369916e+00,7.502340766690686280e+00
1.466100000312826612e+00,3.164944675333316138e+00,7.974078864038270709e+00
3.201748129502236306e+00,5.760779887192398085e+00,7.696126506862238870e+00
3.747201019755468376e+00,5.851173868764057318e+00,6.312357147496317822e+00
5.470027083300287529e+00,7.163204110249416168e+00,8.491048705540634955e+00
6.667980304305952899e+00,6.866567050864862409e+00,1.162295913322968133e+01
8.538772256905653446e-01,2.540449565312687508e+00,3.765757876822271033e+00
1.183152252648713265e+00,5.289286674266620025e+00,5.937039602672012251e+00
2.637266351732220571e+00,6.433706240690723277e+00,1.089977832243934941e+01
1.942291415535407184e+00,3.470086551388608775e+00,6.705674487367668135e+00
3.522107922487754728e+00,5.100710813287210321e+00,7.697828426202268481e+00
1.818620185119180999e+00,3.242804445550128367e+00,5.315447380992772253e+00
-5.666113172184692459e-01,2.718993188548501028e+00,5.716736747234864247e+00
1.381584683337389263e+00,1.634531966242581902e+00,3.963450597385797192e+00
1.400362186228399031e+00,1.987370931374829119e+00,3.721878252789813324e+00
-1.218567396919532086e-01,4.350630673149479932e+00,4.406098315568311996e+00
2.401328306054281381e+00,3.756619754456754556e+00,6.548137799128672221e+00
6.778546348228470464e+00,8.377719925433469328e+00,1.139977052331000529e+01
1.245821939369911924e+00,3.614388512150909172e+00,5.825564735291162144e+00
1.559501381433707312e+00,5.441961798095972469e+00,6.270395191223163245e+00
3.179454194362765662e+00,6.623823789183738597e+00,9.924075912334123117e+00
-6.487331152691511171e-01,3.585240917436949726e+00,5.221983693521479175e+00
1.636481950284349285e+00,5.083303227493109588e+00,8.567937795358062658e+00
-4.164962188412275168e+00,-1.776660425193680837e+00,4.256249945925851819e-01
6.138594099362448375e+00,9.673231546727336649e+00,1.201496060671027166e+01
6.598472238971203829e+00,7.480181253381257278e+00,1.155569688509094206e+01
1.409636426942824983e+01,1.511497008615804027e+01,1.604013056728056341e+01
2.747111565589726911e+00,6.434123286357938731e+00,7.589550062358419780e+00
7.734501679499750537e+00,8.895158446912745376e+00,1.227401674961364364e+01
9.677042129202993337e+00,9.965999755796616455e+00,1.107645727612860931e+01
5.575182865750730521e+00,7.766607650443058120e+00,9.195630103117885312e+00
-3.318282869686979275e-01,2.882778331270817063e+00,3.317463271245224998e+00
1.187298308344490572e+01,1.389537064516423470e+01,1.732852116815283594e+01
3.144365733591420131e+00,7.003812003854791968e+00,1.090501963831211896e+01
4.558122967747594068e+00,6.720895698994670653e+00,8.285982145663378873e+00
4.988840972083207426e+00,8.379106056986026729e+00,9.601553142388411288e+00
8.551101497452748390e+00,1.309945568213659506e+01,1.409835418185157074e+01
9.081316376028908621e+00,1.079941432555660086e+01,1.101988447727832998e+01
1.095525718552335803e+01,1.109151123277046658e+01,1.470258864110962804e+01
3.894688108726822584e+00,7.906005346254995736e+00,8.602984541049343292e+00
1.189513466622256033e+01,1.326289227687851202e+01,1.407855042581496008e+01
6.958895826314978272e+00,8.190621390506720445e+00,9.526500478043480769e+00
9.669833801904141879e-01,4.925428588392884777e+00,5.536396579433633391e+00
6.008636452774258174e+00,9.008646161568217181e+00,1.035444677203539854e+01
6.941467250746870654e+00,9.358965118815415707e+00,1.079249958691252864e+01
3.194842856356546967e+00,6.608099685967838255e+00,9.819818028330352888e+00
6.567152097952484446e+00,7.944663597018609913e+00,1.084095432184544094e+01
7.141468549402235411e+00,7.807349701468883296e+00,1.240171538394152151e+01
9.103826658835210139e+00,1.385982707651074008e+01,1.867484514659348349e+01
5.486050908797921899e+00,8.977397648270301289e+00,1.137558091455979437e+01
7.663039442055983308e+00,1.236365861233150021e+01,1.260160612039644867e+01
1.050514439948773138e+01,1.287865504114383342e+01,1.697474858895429861e+01
1.129912377992765116e+01,1.356570167651310044e+01,1.771206830258237375e+01
8.159802789436820802e+00,1.299642927788969793e+01,1.423429697713826592e+01
1.124717689077071014e+01,1.215086430012676466e+01,1.688923010709979522e+01
3.097844929042141704e+00,4.215381755833657706e+00,7.356451961218783531e+00
4.017884739888897272e+00,6.221296344365874198e+00,8.010033204333774748e+00
8.568679446123091736e+00,9.218649525925847854e+00,1.207589736939501890e+01
8.662971080149088010e+00,1.021098010546444712e+01,1.245956120948327772e+01
6.948019964372785573e+00,1.018908828081912787e+01,1.513111321764053940e+01
1.112376576737290712e+01,1.285660847910129867e+01,1.481404906187953507e+01
1.107735216451005833e+01,1.301121783139634758e+01,1.527259965673974307e+01
5.653096444450188329e+00,8.327644140107873127e+00,8.480364179913005174e+00
1.133025173695069476e+01,1.553776357678908937e+01,1.846754557346336156e+01
1.201138072018730973e+01,1.413494365629478189e+01,1.414247750031821838e+01
1.109226444087148700e+01,1.254680962968469871e+01,1.399995062666623014e+01
1.019293213280381494e+01,1.365577646160952341e+01,1.445580818001612045e+01
1.686619978907465978e+01,1.735206028328600070e+01,2.102478380929032653e+01
1.194009143734174749e+01,1.434557068159337234e+01,1.816749354576075959e+01
1.489826963011638306e+01,1.596444418179536306e+01,1.671001918422691190e+01
1.006903803337068659e+01,1.040868012175408630e+01,1.242625548435159288e+01
1.179547476966388686e+01,1.432139274994190359e+01,1.662560939887490008e+01
9.742485288044198555e+00,1.351726051568003406e+01,1.669997767867938876e+01
1.172481703541359011e+01,1.341127501888997386e+01,1.589496118941679725e+01
1.348232754709006542e+01,1.477538956514227486e+01,1.766105469981466314e+01
1.578845847777754052e+01,1.634760442380166978e+01,1.666165864688698761e+01
1.277452392814936388e+01,1.636383873996836158e+01,1.988480757810463473e+01
1.400719153034965281e+01,1.694591771677499992e+01,1.845121034166645302e+01
8.122602638604293546e+00,8.949237659126232813e+00,1.119590085436498228e+01
1.682990567164153006e+01,1.738856827550096185e+01,2.060841382508201747e+01
1.565726116120640121e+01,1.831471127385627895e+01,2.049750883386218447e+01
1.318110627464701956e+01,1.332870115980443160e+01,1.683121425054534015e+01
1.449248885518979080e+01,1.887931125613102523e+01,2.235843589470099957e+01
1.768772956961919007e+01,2.039314909841653289e+01,2.412614239511214009e+01
1.430127092003080769e+01,1.797501530169565243e+01,2.167902452188843299e+01
1.587455917810408934e+01,1.699453186238631730e+01,1.765440790857530473e+01
1.727386055096675221e+01,1.789086798385421062e+01,1.832262100993931853e+01
1.075391338875623859e+01,1.516121377354401467e+01,1.768364973813025287e+01
1.616347286837980590e+01,1.708477909543267970e+01,1.919188706516693443e+01
1.911486525623412547e+01,1.948583453399092136e+01,2.041962990639729725e+01
1.927450230344052073e+01,2.302321340490301083e+01,2.596180361683016002e+01
2.062312378844430327e+01,2.141751226165769850e+01,2.435338850295015689e+01
1.081888211865742377e+01,1.355230546272765224e+01,1.685905963925054607e+01
1.170570688999065823e+01,1.644147284651248953e+01,1.717842570016036774e+01
1.347172479665681877e+01,1.794393482178251631e+01,1.930935574634136742e+01
1.955349909748335335e+01,2.120091121426486680e+01,2.355673715656200073e+01
1.635188861709604424e+01,2.020743271326193025e+01,2.376515459570207867e+01
2.640686797464494262e+01,2.880816215336338360e+01,3.287815686873167209e+01
1.935263392781279634e+01,2.242042933075996203e+01,2.712306670238971051e+01
1.972582402466579055e+01,2.204487539789484529e+01,2.581496638210819583e+01
2.226413712396303524e+01,2.259043119125245624e+01,2.419713456914837124e+01
1.707165188213897622e+01,2.165317868646574340e+01,2.423643796918778648e+01
2.005589573603169384e+01,2.481310213347158111e+01,2.484552038729314560e+01
1.845119974826445741e+01,2.080740473450691042e+01,2.444074618159639911e+01
1.669350984862293430e+01,1.833300550797252271e+01,2.065474000860491088e+01
2.241440386758238645e+01,2.324746241279795456e+01,2.541222685651758084e+01
2.274249853494610818e+01,2.527691783720465679e+01,2.827852257110959044e+01
2.048439177776363707e+01,2.279588846799426705e+01,2.385765583196624462e+01
1.666118478826672700e+01,2.146751640166214514e+01,2.534382290787197434e+01
2.636342001901739707e+01,3.042493933061098232e+01,3.361068841615129088e+01
1.500833277872617089e+01,1.920882826910085583e+01,2.214632274592180039e+01
1.900599806359468502e+01,2.307050485482730551e+01,2.773283135080578887e+01
2.490184136916120039e+01,2.535501706619196938e+01,2.889745618528295878e+01
2.134678386393754224e+01,2.311614499026940805e+01,2.479764794320117716e+01
2.318204161765961402e+01,2.390163832512350339e+01,2.871658368005442696e+01
1.921513334702603260e+01,2.294658501972870468e+01,2.327274733283116248e+01
2.352553135320760802e+01,2.580587300048318156e+01,2.798485605295049439e+01
2.432551264782771128e+01,2.480296826294312140e+01,2.816434314280656181e+01
2.456375055154229159e+01,2.537932787370708354e+01,2.610264670294203526e+01
2.057726787622580389e+01,2.251328798258494857e+01,2.358752045707014489e+01
2.172669615674738708e+01,2.614862930895441551e+01,2.998563862291454996e+01
1.607797836971214878e+01,1.986139191090742528e+01,2.255605267759527166e+01
2.434336281191092155e+01,2.685066714977178748e+01,3.066011314331350590e+01
2.930728457679089871e+01,3.308403340094618983e+01,3.467857036198713416e+01
2.543699847371549438e+01,2.680133988908335141e+01,2.801402460416865026e+01
2.126709702903103505e+01,2.544270308196232122e+01,2.730140923398312935e+01
2.387931080300482733e+01,2.753598686607553603e+01,2.958999203813156953e+01
2.393939253002301726e+01,2.604880894660680113e+01,2.893630785852791831e+01
2.741791653644359883e+01,3.102714820595211620e+01,3.243091094228418569e+01
2.551729663239989065e+01,2.983305519910205916e+01,3.198679053371330738e+01
2.393840707002850721e+01,2.571595854198296749e+01,2.700077371691839900e+01
2.202179868601533741e+01,2.361319769931250434e+01,2.755734424998689747e+01
2.682324353920609994e+01,2.723862418098772054e+01,2.800229417817046951e+01
2.554292540890498131e+01,2.737176684068721144e+01,2.820157132878551209e+01
2.513363840223469126e+01,2.808444287974484865e+01,3.191625163161936030e+01
2.949048277827076348e+01,3.026487976846649275e+01,3.205174493144165382e+01
2.775643766010640690e+01,3.261096639137976894e+01,3.390068574368260101e+01
2.487979620800277303e+01,2.616557799473749313e+01,2.685526669537583189e+01
2.309898249237611623e+01,2.325710359240623504e+01,2.399010567323843546e+01
2.296260731999486637e+01,2.441383629537266486e+01,2.810115003109451948e+01
2.248411328795413766e+01,2.557200497804412720e+01,2.631696066984694937e+01
2.812277705787816373e+01,3.093011941133165976e+01,3.442167699253138835e+01
1.811170704408200649e+01,2.240101361270152225e+01,2.721102628063893292e+01
2.488318924013491085e+01,2.839334575738953603e+01,3.288557856168259974e+01
2.290385276590149743e+01,2.441674923335778757e+01,2.769668464441379996e+01
2.468475397936695970e+01,2.760972428290569169e+01,2.929946158227643949e+01
2.568633896891513047e+01,2.682616836127004234e+01,2.690379290124275613e+01
2.262363488697718950e+01,2.310523365607929236e+01,2.444934250246415175e+01
2.555283539220544142e+01,3.023285838182416541e+01,3.171936339177421615e+01
2.260550444949851823e+01,2.567586675198342405e+01,2.569790495282994058e+01
2.624467702371052269e+01,2.942749145811361444e+01,3.325951663304574168e+01
3.001117298912503628e+01,3.431922102257571083e+01,3.531294849232242683e+01
2.534043067566209473e+01,2.591175541382997949e+01,2.828970577583518065e+01
2.749361961073583416e+01,3.058725251675522117e+01,3.251812403677146790e+01
2.585796966123518104e+01,2.671029068897349390e+01,3.066318194921454321e+01
2.136542751581208321e+01,2.431927276250183922e+01,2.817937667054570383e+01
2.986960797072416440e+01,3.391129779639643260e+01,3.768661147096235453e+01
2.877014682062218043e+01,2.966203982973167896e+01,2.978807290133207175e+01
2.934744485665935088e+01,3.032615325377874527e+01,3.518907307723812750e+01
2.166368720598066133e+01,2.501950457822916007e+01,2.997990676754450590e+01
2.649857053084554082e+01,2.718409624005123959e+01,3.138278185619829941e+01
2.527646004315327843e+01,2.792636929824562841e+01,3.234809123269732822e+01
2.631645078162546270e+01,2.919396955318952891e+01,3.251131485822129719e+01
2.868961134151590642e+01,3.200441875513763534e+01,3.651259985192338320e+01
2.948537181943898844e+01,3.090540523488535385e+01,3.266734316379036329e+01
2.774549972239376316e+01,2.811795716618363628e+01,3.078636360839460195e+01
2.518427431125081384e+01,2.714780192096655043e+01,3.005534613910643671e+01
2.368789424819015821e+01,2.838285080842673125e+01,2.940112821011151212e+01
2.603458476849061043e+01,2.903000850951653788e+01,2.983972137552404291e+01
2.671598286967931557e+01,2.816175836000245880e+01,3.112189797757879006e+01
2.701165603959607608e+01,2.892734751757876310e+01,3.066132783025301478e+01
2.874761152499288741e+01,3.304252326381989491e+01,3.739331466165497631e+01
2.521509972325874216e+01,2.798547295226673270e+01,3.237423970520256944e+01
2.453830625706374136e+01,2.699610011126755538e+01,3.111770139418777603e+01
2.604117711393922008e+01,3.068834810095709997e+01,3.271206907491705351e+01
2.661317619409726731e+01,2.734102915654339938e+01,2.777799316182739986e+01
2.691107308441413792e+01,2.893135308551863361e+01,3.252765567213417341e+01
2.558483159610956292e+01,2.574701785678472987e+01,2.741063196534154756e+01
2.608327038975356160e+01,2.984411972506572042e+01,3.149207060262812163e+01
2.664675975390353813e+01,2.875373526872425956e+01,2.889048117786185088e+01
2.273044578287970197e+01,2.683018223447939477e+01,2.986500473285900625e+01
2.287738248475148239e+01,2.781195986785070318e+01,3.090884169069740040e+01
2.671789037057821403e+01,2.853879659924928802e+01,3.348398360206979874e+01
3.322637780743021807e+01,3.503379369578077984e+01,3.849324758017704795e+01
2.679774577285695614e+01,2.796580005803068758e+01,3.289690120911334503e+01
3.191361957725256104e+01,3.492895153098915983e+01,3.946488651888197552e+01
2.944764171200149150e+01,3.022909491126282688e+01,3.326771560888685286e+01
2.261709726541731058e+01,2.578445027811623902e+01,2.979247396566214690e+01
2.957639649486954170e+01,2.985416630946239991e+01,3.409556593523014811e+01
2.660525412394268585e+01,3.000769346118909908e+01,3.014833070948073868e+01
3.091399983006772700e+01,3.248420485937237601e+01,3.457254696251049353e+01
2.353336323772971994e+01,2.813190814926836580e+01,2.972196765122539475e+01
2.997056161967012500e+01,3.219138574101756234e+01,3.454095200301674851e+01
3.148029499577588197e+01,3.175468255105243998e+01,3.400706883482763487e+01
2.352964883881111291e+01,2.540806707153716815e+01,2.657447493011209971e+01
2.474846069658937964e+01,2.543538121314774969e+01,2.811596494533740298e+01
2.082372072706677457e+01,2.352476316984341409e+01,2.686036203652044918e+01
2.834065358962702774e+01,3.133907008918786019e+01,3.551808997929927614e+01
2.168605213852689317e+01,2.459414785243900070e+01,2.591230609369251425e+01
2.741449892404353861e+01,3.189104676602567423e+01,3.288794894472554375e+01
3.223829342488143368e+01,3.241649192442236682e+01,3.694130009385264657e+01
3.335690966286385617e+01,3.470507892444279463e+01,3.538323315005951741e+01
2.772150437074935425e+01,2.998829136656361172e+01,3.392067708497499723e+01
2.886757638520646552e+01,3.030380148940022167e+01,3.147948500489449941e+01
2.438957310729755790e+01,2.778954434945337226e+01,3.106271604299970335e+01
1.935022700468943668e+01,2.333554128565863550e+01,2.759497467371481250e+01
2.169071038299111720e+01,2.419731702126913575e+01,2.848497239029842731e+01
2.117182580042113216e+01,2.592618883449975087e+01,2.981396141470485972e+01
2.727991695661492955e+01,2.916541203149578365e+01,3.151094735595863483e+01
2.422290108099743833e+01,2.595387856603309729e+01,2.615165258960539418e+01
2.355625684058129465e+01,2.553424344454468198e+01,2.961159429469143234e+01
3.084034435406913133e+01,3.227656106806589520e+01,3.456780740604650504e+01
2.064792872789516309e+01,2.474025547930511593e+01,2.859354935447234780e+01
2.091546232441186248e+01,2.324294245028059080e+01,2.326790948217509225e+01
2.697893689174327392e+01,2.955613217528250658e+01,3.211669768761779409e+01
2.874533380972149388e+01,2.951485635922092499e+01,3.236334888109023922e+01
2.513556592717472782e+01,2.944014944748191098e+01,3.395630159966206207e+01
2.140603568571531667e+01,2.443748871200854467e+01,2.585928539802920767e+01
2.143690997664975484e+01,2.436199814320804791e+01,2.736125564316644798e+01
2.795537325514162319e+01,3.042964820502094270e+01,3.489191975285875458e+01
2.143555602011340966e+01,2.476671222870230338e+01,2.650394102585326550e+01
2.436961527823955720e+01,2.621048834081805978e+01,2.712186458492973173e+01
2.812394901546590731e+01,3.001850238013570760e+01,3.211882594042505445e+01
2.141041116126521615e+01,2.321364685279557705e+01,2.499169515534448394e+01
2.288556487298061981e+01,2.316460348980270822e+01,2.571379127099038087e+01
2.194259519960788651e+01,2.410067898459418245e+01,2.724796123985668928e+01
2.269469330664838225e+01,2.576971851551631687e+01,2.778768745353552561e+01
1.911844379187305165e+01,2.116809888483934543e+01,2.473448659446166786e+01
1.733606439583778069e+01,2.084826345721950247e+01,2.405774676288850955e+01
2.287853130863992845e+01,2.288393599063703476e+01,2.489616178690337023e+01
2.350692649099964271e+01,2.613887648646560535e+01,2.707771727916514948e+01
2.291124088463524089e+01,2.521461161949356722e+01,2.651955970844627686e+01
1.790968257623063309e+01,2.268198542252506655e+01,2.603845215319484296e+01
2.484017190246831319e+01,2.516313531204115606e+01,2.671806092426600543e+01
1.858102485448641517e+01,1.980116278690334397e+01,2.178856610034195995e+01
2.332907906157520017e+01,2.335144580463852293e+01,2.721107067807698954e+01
1.982630194874722562e+01,2.291704413885687330e+01,2.580209149895737397e+01
2.343933255250894732e+01,2.674225887076249819e+01,3.020014827071370789e+01
1.963090567799783770e+01,2.372159393436322716e+01,2.782539535830853339e+01
1.165032465509802329e+01,1.638249688192312448e+01,1.674120427485012641e+01
1.664114972910517665e+01,1.840305497857397654e+01,2.179452484874716944e+01
2.043852046228296260e+01,2.314334352923552984e+01,2.775713720029978049e+01
1.150550096837586977e+01,1.596959844056312505e+01,2.027239123318872771e+01
2.045210110279354154e+01,2.141727884372482293e+01,2.247199496917493278e+01
1.628802349483208189e+01,1.977590923805385970e+01,2.456103483279937549e+01
1.936820705375484764e+01,2.104437528415181546e+01,2.563153528102872158e+01
1.432031431647238406e+01,1.899630951062312079e+01,2.150372179012569873e+01
1.960100357057945430e+01,2.346008589896964125e+01,2.430614428774127589e+01
1.589512034701938603e+01,1.940005902527342485e+01,2.322593852194709640e+01
2.039064412697097239e+01,2.173165407881278099e+01,2.456808029076670508e+01
1.755539440613853230e+01,2.145801314065145249e+01,2.196045021970671129e+01
1.612513821959103311e+01,1.626804440391510909e+01,1.708734126119091101e+01
1.924997948014904026e+01,2.057543868835129075e+01,2.347007412273852367e+01
1.324570947764435758e+01,1.780012589622097252e+01,1.998938933118296646e+01
1.850540650176144908e+01,2.047936489962535944e+01,2.399726028057747129e+01
1.569303204441867550e+01,1.581503484405592275e+01,2.002669937472848005e+01
1.584599674412054071e+01,1.793483500071107528e+01,1.853666053421711979e+01
1.727940996152330655e+01,1.982653678216053450e+01,2.244121113154418623e+01
1.752868172813133540e+01,1.941443988217864458e+01,2.322021221819430892e+01
1.464763276371134815e+01,1.547155799606076165e+01,2.031985356019615097e+01
1.437473101332296110e+01,1.886326383527059747e+01,2.250563443360251270e+01
1.794511413971415692e+01,1.902365633322849803e+01,2.200864434900148225e+01
1.039520204960508742e+01,1.333984393983947037e+01,1.509572045935280826e+01
1.003330004428225308e+01,1.231184933167143569e+01,1.313484480018876965e+01
1.759195959024095757e+01,1.894669203017145520e+01,2.028857374519032319e+01
1.255353699013399549e+01,1.338539176850466461e+01,1.467896054924671745e+01
1.374760344657536137e+01,1.700688429171483662e+01,2.098265247784104304e+01
1.114351239358688517e+01,1.600656226319944153e+01,1.725520567953893902e+01
1.463883558652516470e+01,1.471083873948554199e+01,1.719768607665547222e+01
1.596819159186895121e+01,2.075078283978649551e+01,2.388184203240552961e+01
7.878248633535362089e+00,1.275026032825384092e+01,1.628677650355070838e+01
1.054458094988371286e+01,1.317243216478113510e+01,1.427687150659695448e+01
1.670798051779243210e+01,1.737478381769580338e+01,2.144405522550072618e+01
1.433691852220572649e+01,1.614780327176728036e+01,1.764357663959042455e+01
1.269489010575842336e+01,1.539330818894284469e+01,2.006968772769723586e+01
1.404748704501405854e+01,1.561325819574589246e+01,1.565275278271344206e+01
8.628269674738620054e+00,1.283853034294904560e+01,1.716244814911047456e+01
1.077596687940886255e+01,1.116525407029964789e+01,1.431417562679915889e+01
1.684793671477257249e+01,1.883035467366989479e+01,2.307323792986653999e+01
7.545591082350223466e+00,1.051883976768776918e+01,1.124598872503274904e+01
5.023532866961208043e+00,7.754073825783005525e+00,8.657055659750445997e+00
9.744579651103306261e+00,1.132420816035676481e+01,1.417436035590021604e+01
1.387907508381562494e+01,1.572625011730326250e+01,1.854722394797355634e+01
4.116832939350010712e+00,7.046532631365642452e+00,1.160795415633807615e+01
9.236869588297810907e+00,1.035779366811874347e+01,1.378413246773345691e+01
1.255540646563687446e+01,1.541509150520314542e+01,1.693089618809363373e+01
5.935920954923066262e+00,8.704777633610088827e+00,9.865975261696535270e+00
1.050204735412321710e+01,1.282693500872919223e+01,1.697250434878159808e+01
1.152042498258677838e+01,1.209604338208432317e+01,1.228034775647226873e+01
1.184237855596162170e+01,1.206762693359421768e+01,1.436361431127490107e+01
9.627255174291370565e+00,1.354172872372605951e+01,1.386624625863231586e+01
7.179786711656005238e+00,7.708288356682255760e+00,8.570445522931947835e+00
1.184159502786332929e+01,1.403822735515494813e+01,1.837301689662059800e+01
5.983373355788275560e+00,7.510730326844481830e+00,1.026179594567170206e+01
9.119675784319925427e+00,9.472169725457639800e+00,1.056673065662838695e+01
9.281079457340537076e+00,9.670681451744300716e+00,1.031956750602160611e+01
1.040217902712761067e+01,1.180953446818370622e+01,1.229875551352993845e+01
4.183636998342034730e+00,5.636560596397000467e+00,6.209880269722746426e+00
1.213860446870496546e+01,1.503249825786616611e+01,1.506654521703248406e+01
5.627520912855862534e+00,9.150353228578001819e+00,1.045895050890137767e+01
9.174987428306078385e+00,1.219054766822367419e+01,1.457098914065318418e+01
5.289034844983551586e+00,5.950199047418699649e+00,1.089419625349908571e+01
5.303091796161990779e+00,7.873680396901541201e+00,1.136402225505364072e+01
-1.936771908479855142e+00,2.507251050272898851e+00,3.587572376795651330e+00
1.007242356405026307e+01,1.163551981858730322e+01,1.189936837584819074e+01
4.495750627172593994e+00,5.888774539151103937e+00,9.453292720430791718e+00
1.243580124895047767e+00,5.310133696811377035e+00,6.065732542717211295e+00
7.504025309816808154e+00,1.025384464205977508e+01,1.057660663002551082e+01
-4.429995855165986818e+00,-9.225442274948978394e-01,-7.409780724542572861e-01
3.515297662344579521e+00,7.644019140281788083e+00,8.949168532582662650e+00
9.112230872833295692e+00,1.350701939349792013e+01,1.502709034275060596e+01
3.679966924565401865e+00,4.988967944881009586e+00,6.190489258810075945e+00
3.217495221804810068e+00,5.186880225065758410e+00,8.200481413116028406e+00
8.776043895985790044e+00,1.050023219591234636e+01,1.085683728478051790e+01
1.633922021989552942e+00,3.995950861035360013e+00,5.565387685121821804e+00
9.135239855077170290e+00,1.169825687237767120e+01,1.334645970309717455e+01
8.693165658793878592e+00,1.056474365950405669e+01,1.308560994050790072e+01
7.944942946967872288e+00,8.710765784075892526e+00,9.569472184186459174e+00
3.342880273135414804e+00,4.119298242350000194e+00,5.788021026814022640e+00
5.610675884636250998e+00,6.596036487016816885e+00,9.727898640698018795e+00
5.875266906241019882e+00,5.942073655330903037e+00,7.040105354800822113e+00
2.893162582020217144e+00,6.905253915392904673e+00,1.025897588970851082e+01
2.740388321564701357e+00,7.450317914136267206e+00,8.622939231792088322e+00
3.914277762658888271e+00,4.809298860602709169e+00,6.126902378928819282e+00
2.918868330247459397e+00,4.671633081319730429e+00,4.758612538352641863e+00
7.220031963106169570e+00,8.351218308545238500e+00,8.473297784755523310e+00
8.304436844864547140e+00,1.303691843483746915e+01,1.801532377628929638e+01
-2.075760197714338062e+00,2.302675429893922932e+00,4.909603251116194222e+00
7.918099667136172748e+00,8.116922049063227007e+00,1.246253145427801456e+01
5.093250117650844011e+00,7.352912472925027920e+00,8.735566258338856471e+00
2.583647318884128907e+00,7.078302514714776450e+00,7.091286950257347677e+00
1.546582039446272816e+00,6.293471508084090615e+00,8.139426848313949137e+00
-1.058989518429892751e+00,3.847265659286554840e+00,6.005635098147629414e+00
4.804507483392161049e+00,5.841692568440434385e+00,1.034207436558118332e+01
9.821772325753483912e-01,4.443992526712950308e+00,9.372274940529415233e+00
4.469548421691090567e+00,6.912967347030848586e+00,1.173927767039278791e+01
4.281109234718192269e+00,6.552528347203343095e+00,1.151884470131728122e+01
-6.383175817446229416e+00,-2.125023221028628839e+00,-4.793663933735117233e-01
3.367792453181291279e+00,5.589134956701205859e+00,9.709295793283136078e+00
2.243410306273098342e+00,5.671205814094799180e+00,7.034932897400123508e+00
4.515823262442002495e+00,8.078339420744658383e+00,9.882442559799628157e+00
2.312519752289496466e+00,4.888504081039513949e+00,9.131477839326809232e+00
7.886157452511688426e-01,3.567441463755359088e+00,4.011340111529602126e+00
7.258896085408753862e+00,7.566400551363865468e+00,9.117074764538127596e+00
-4.003593605997437521e-01,2.476062852791408808e+00,6.238664110510779182e+00
-1.137679516484682463e+00,9.361526393758268227e-02,3.311917605521048191e+00
4.678191321611868680e+00,6.503616080264334798e+00,1.004006171671021441e+01
5.529074453232150077e+00,8.515137530513815278e+00,8.587661180151059170e+00
-3.461187528759168686e-01,3.498222139383430740e+00,6.798132494609081533e+00
-2.027412517404225678e+00,2.292638232295230782e+00,5.937151398438994754e+00
5.419455291327462731e+00,8.138200415351265704e+00,1.017144489778872973e+01
4.705904949275218740e+00,6.035755984556039344e+00,1.068975374349621887e+01
-3.327475049482142566e-02,3.662708056737832507e+00,8.277636518681354971e+00
4.302104774997794756e+00,5.227463376211448853e+00,8.573681241577382650e+00
8.976987813183083809e-01,1.496710112729356279e+00,3.664390134123074461e+00
1.637193520460042517e+00,5.446646729286851674e+00,9.561804632978587293e+00
-2.777495896518852980e+00,-1.469031819483759271e+00,6.965374081469688505e-01
-8.377926506974398002e-01,1.875390139085024721e+00,3.502855044971595166e+00
2.668642863817441313e+00,3.982021733539527819e+00,8.285993581093052285e+00
3.299148970219510257e+00,4.951864149025603012e+00,7.131691010700485833e+00
6.401035375971257935e-01,3.297033362047447014e+00,5.502469311362181870e+00
3.108563565665678929e+00,7.420719010316014774e+00,8.518810636086659116e+00
4.218550298005157018e+00,5.062268396589306718e+00,8.513696980486400889e+00
-1.120265580258802185e+00,3.128457496078710154e+00,8.108099223706181746e+00
2.211642960988635664e-02,3.954640460637850019e+00,6.078106002840668154e+00
3.836124037068797232e+00,6.542243064317529999e+00,6.739250738102939842e+00
1.602693646030798114e+00,5.812877728179594250e+00,8.953203082115994249e+00
2.499028940120954889e+00,3.752454958082179992e+00,7.133023722937331002e+00
8.057302870489596813e+00,9.106375924963611368e+00,1.283421134063625146e+01
9.646581153841533585e-01,1.985871158683181203e+00,3.598347176625297017e+00
5.530279284052209476e+00,9.362745240710321326e+00,1.399700869266047221e+01
1.919171608597379786e-01,5.805370973842931548e-01,4.330843227470246859e+00
-1.591343524413538102e+00,1.221283113459303848e+00,4.144569098257997908e+00
5.647595109776735178e-01,1.618732746095231878e+00,3.354707754093301908e+00
4.344993305658983118e+00,8.658723104011681215e+00,9.707728424482258589e+00
-1.325273811941658497e+00,3.390267177166401691e+00,5.451351597370080349e+00
1.413528481907410317e+00,4.325688044578148705e+00,6.264577261631552929e+00
-1.120836180408435467e+00,1.114579489658986233e+00,3.919223220434878918e+00
-1.140382090972976936e+00,3.819941438299377712e+00,8.714653944104229666e+00
1.795732043648206044e-01,4.722893499375143911e+00,4.775970153786466277e+00
4.300243829864275114e+00,7.301726625681052241e+00,1.200383859688477806e+01
4.858213525212851991e+00,6.674006954372674549e+00,9.327954442324223550e+00
1.232890507671293268e+00,3.723577374824600383e+00,5.305168063252867938e+00
6.413835281809441291e-01,1.759581792531378142e+00,2.741802196241237777e+00
1.046459899561557272e+00,5.153685635989642577e+00,8.113070086158991501e+00
8.870761434443410920e+00,1.143457911961753126e+01,1.212418023892598384e+01
4.137082801543724209e+00,7.054082103481692734e+00,7.475151792017096675e+00
2.789220252506519504e+00,2.899385275099020998e+00,6.361321668098096183e+00
-2.846018553146589802e+00,1.699763479071330963e+00,3.270043642935963835e+00
4.524898086991968604e-01,3.481665104397356103e+00,4.795917299113581223e+00
4.418808306513183126e+00,5.656526141966477184e+00,7.120473614145174324e+00
6.366428925005720885e+00,1.032855020035764682e+01,1.231000691457964358e+01
-5.334251397903135405e+00,-1.133239445732520778e+00,3.155436808000229298e+00
5.544367651838523869e+00,7.800872368192103501e+00,1.038154050286217256e+01
1.879215428038287339e+00,4.173679459150516635e+00,5.051907739142802001e+00
5.868880965628754609e+00,9.302363887645284990e+00,1.368356281700932797e+01
4.566870265874970691e+00,8.053009395150018790e+00,1.277604837771776758e+01
1.096850913166982266e+01,1.387200642643799142e+01,1.699474510110810854e+01
3.183824278953506948e+00,8.030941991336757013e+00,1.113940003589409500e+01
7.666116998270631200e+00,1.255849349671332860e+01,1.582809242309761366e+01
2.974571000496733841e+00,5.372053290012321014e+00,7.879466989336675553e+00
4.995865234857975068e+00,7.195452925267652233e+00,7.752951283133824312e+00
2.190921217947489730e+00,2.334321411456681261e+00,6.625595438130848613e+00
5.769941793616953696e+00,8.865054765064755316e+00,1.320421099183798574e+01
6.841066891053903198e+00,7.777999769498791238e+00,1.129165674361287941e+01
5.398274116615964680e+00,9.940992785552767330e+00,1.079513304824796904e+01
6.911365481637973041e+00,8.375901621166727651e+00,1.062742338606111758e+01
1.212703001785565249e+01,1.329459072845671486e+01,1.738991753736139856e+01
5.371830149803047405e+00,8.474017397241890848e+00,9.125900971196847067e+00
1.086696980826572734e+01,1.098877601420634242e+01,1.517476029432097917e+01
1.415282450860828334e+01,1.443729101142186977e+01,1.545118248531182559e+01
1.172156188990312486e+01,1.501707242752079097e+01,1.889521947661855350e+01
6.557657271884828276e+00,1.110703859118718384e+01,1.156417096351908569e+01
5.585656030718460840e+00,1.051208329006961506e+01,1.204527285352054022e+01
1.089143200937386702e+01,1.151181691870657531e+01,1.417783003303748046e+01
1.039958010898056884e+01,1.533012007378044927e+01,1.766299851373863916e+01
6.746519564256932000e+00,1.093653022027216437e+01,1.223742159811656194e+01
1.031327461828232650e+01,1.127493747413404712e+01,1.144494883957188947e+01
7.046050526064310482e+00,8.504781845977998245e+00,1.018223136736131629e+01
7.552908050770502868e+00,8.870791513194330236e+00,9.888982947810976754e+00
9.137575816002854623e+00,1.311176910984308641e+01,1.605366214932374547e+01
7.456605752820792965e+00,8.887602290406391603e+00,1.283160864679305568e+01
1.151970776840492583e+01,1.275273603538082412e+01,1.385030222639067965e+01
7.183007910297735776e+00,1.113224674935599445e+01,1.602642414150788142e+01
5.500333593456525172e+00,1.027488096731537759e+01,1.406948666247185997e+01
4.955022935515350113e+00,9.855007523778342104e+00,1.388079500461282656e+01
1.893272069523569456e+01,1.981806825631459645e+01,2.471038860030940754e+01
1.026657403203071972e+01,1.442060214726559408e+01,1.596554820132757335e+01
5.614175748385522802e+00,8.876737540715270214e+00,8.915175819879749497e+00
1.738608850518384585e+01,2.068314378983625090e+01,2.398934004021715083e+01
1.014653326377847264e+01,1.385396905714791238e+01,1.818169340722218053e+01
8.964006865436120464e+00,1.145761591904015830e+01,1.588759412770295754e+01
8.464451637996612376e+00,1.322206184459240852e+01,1.470425775219190534e+01
1.492389163808169528e+01,1.885733927935784493e+01,1.992504298114909744e+01
1.011207361288986739e+01,1.211224180952996576e+01,1.267940012205792044e+01
1.019233721446985186e+01,1.320730662936487043e+01,1.636650999213218327e+01
1.533666081441755225e+01,1.635539099936404384e+01,1.922201635049020751e+01
9.847489991306575874e+00,1.419183010073492746e+01,1.598721583407680313e+01
1.740242988594912177e+01,1.921518214759906584e+01,2.390183503050023361e+01
1.054970843684088067e+01,1.300986963659639528e+01,1.719866495567951148e+01
8.936662952328665810e+00,1.346849889675797662e+01,1.595784134863661841e+01
1.020814556149021968e+01,1.463266891637255718e+01,1.865420663845458193e+01
1.365821987153074168e+01,1.515397378484773583e+01,1.610015112978585705e+01
1.423844476335550979e+01,1.721124859254866024e+01,1.970797766147548913e+01
1.178090183187349993e+01,1.579044938201974979e+01,2.032788165359710320e+01
1.103628163906612514e+01,1.444854135462615119e+01,1.938475241794822068e+01
1.706740886230004506e+01,1.832926307311405267e+01,1.966568620504038734e+01
1.445046925039039820e+01,1.468407433349545954e+01,1.552869292020342407e+01
1.625873193457367449e+01,1.977689918078407061e+01,2.230920282518809117e+01
9.845040791341258313e+00,1.170422000427123699e+01,1.553798980488025805e+01
1.488753651201298567e+01,1.842831822253770113e+01,1.892163269852379770e+01
1.415495417128260236e+01,1.770207837339792789e+01,1.993004711631893144e+01
1.833134696047631707e+01,1.926578915266994230e+01,2.247525246132275711e+01
1.917413667397287469e+01,1.985330646329759219e+01,2.481369064034372940e+01
1.424625857697817821e+01,1.865186630956886304e+01,1.983122603997976441e+01
2.205524387844725709e+01,2.501338550371963265e+01,2.977326256171305729e+01
1.647822308938715707e+01,2.091462141934251306e+01,2.277623704083552170e+01
2.160353121090031081e+01,2.470903656114696290e+01,2.831844100668913811e+01
1.964255634586377397e+01,2.028333085891003407e+01,2.283877285465491624e+01
1.409547636837540807e+01,1.780351502779974027e+01,1.797067763423535780e+01
1.256398139159480110e+01,1.361807625292790469e+01,1.598930491598408921e+01
1.780863912629579815e+01,2.115418860403173795e+01,2.611660565100542897e+01
1.773454899684825392e+01,2.217337487133807983e+01,2.576211579982050637e+01
1.517809793127055507e+01,1.669213803415959774e+01,2.151152555608747718e+01
1.706990115645318440e+01,2.079140722950802811e+01,2.417563916754143705e+01
1.235419422172014947e+01,1.666777753920362670e+01,1.942977248531308021e+01
2.116292243510649840e+01,2.357319768880601885e+01,2.370747334483118252e+01
2.052272559547962416e+01,2.330234503115608646e+01,2.707625889323959711e+01
1.565085907968345857e+01,1.597825621273602792e+01,2.053268955012484298e+01
1.360812941804809739e+01,1.728569264317147258e+01,2.049417005246012735e+01
1.132172918697114028e+01,1.572722002950538567e+01,1.687861324612000047e+01
2.038006939123619787e+01,2.319572356300992411e+01,2.593900811692292052e+01
2.283789614029590354e+01,2.342784947170816423e+01,2.551037845378041879e+01
2.081710685947297179e+01,2.509283342453240806e+01,2.939990702940450262e+01
1.516340176354896130e+01,1.938754488948001153e+01,1.982009825374918677e+01
2.003879975503910771e+01,2.150913968540052323e+01,2.496203634965405271e+01
2.063658757435815971e+01,2.074881591404484382e+01,2.210265955872164412e+01
1.890157571376387935e+01,2.048967728634944052e+01,2.485592082614302711e+01
1.565521150222963698e+01,2.061046320793085940e+01,2.268542894630322593e+01
1.659427863266554226e+01,1.975791608909700869e+01,2.254562168129051969e+01
2.010420752489262242e+01,2.496276319398548793e+01,2.948966830203261935e+01
2.595545683176127127e+01,2.836006591062588100e+01,3.150246431363115818e+01
2.670978228592530712e+01,2.681302578946633020e+01,2.896101590412027704e+01
2.072236252656353983e+01,2.312184007334837688e+01,2.319406354821674299e+01
2.347916514105424923e+01,2.419213221538370817e+01,2.690533167756839106e+01
2.204272688505930233e+01,2.587605168470538430e+01,3.040417202884350090e+01
2.488793398245141475e+01,2.531654530996421926e+01,2.741008172738388993e+01
1.876609300710619266e+01,2.232210929475814964e+01,2.604637767772524271e+01
2.615086107300092877e+01,2.654757700347364846e+01,2.830434888237966362e+01
2.636230868203854882e+01,2.690754616104435115e+01,2.981251454218647012e+01
2.002147376986276939e+01,2.269670993095056133e+01,2.272462693999917960e+01
2.413076670462059781e+01,2.605004921987724487e+01,2.741739031168756213e+01
2.109933131770849002e+01,2.516975711578924191e+01,2.977979583200554003e+01
2.548516202079503756e+01,2.741306888818495224e+01,2.861536637716888265e+01
2.022208861149926307e+01,2.416632573685498997e+01,2.907334522687829548e+01
3.047233865374385786e+01,3.207560421196900080e+01,3.232396274528641555e+01
1.862014781815454967e+01,2.225038018331083123e+01,2.590855114153323768e+01
3.035027588753229111e+01,3.201912600582729596e+01,3.483790928690209654e+01
2.380411854482400003e+01,2.421259262295296821e+01,2.758518511000250228e+01
2.496928078331142942e+01,2.851928793918526850e+01,2.954129869802567043e+01
1.976882549760538765e+01,2.373321290787220406e+01,2.389491580964132211e+01
2.077879077537393826e+01,2.485845942934213681e+01,2.918446575587582359e+01
2.424902085443756761e+01,2.454952362514904252e+01,2.897038143388620668e+01
2.217151057569524397e+01,2.581346802947228980e+01,2.747793189279747850e+01
2.449350968137675721e+01,2.463913933097604669e+01,2.936913904329104597e+01
3.220018770716170309e+01,3.410006350233138050e+01,3.737005350097676626e+01
2.958583748852810302e+01,3.081748128037213519e+01,3.554127750157209675e+01
2.600590883520554897e+01,2.697528514849538084e+01,2.797344872970069929e+01
2.656519443733397168e+01,3.092914361076609708e+01,3.137285946542109727e+01
3.060641962814719719e+01,3.484304211060919698e+01,3.564393821028256326e+01
2.784016530112270260e+01,3.132596217289690799e+01,3.318988207845614369e+01
3.108544725662129693e+01,3.281123753105140395e+01,3.659477697107834615e+01
2.854784748825339236e+01,3.212250881070446695e+01,3.390622335450324698e+01
3.211744629003617035e+01,3.280756617179186918e+01,3.462552076132976708e+01
2.827223245310541344e+01,3.149763998055922798e+01,3.150493400448417702e+01
2.123664613551071056e+01,2.552512741566160059e+01,3.027376789645101240e+01
2.892510978326495064e+01,3.331201775751803495e+01,3.654715375372293806e+01
2.667157267084134631e+01,2.895643011414263057e+01,2.934731592371754516e+01
2.621029761435881511e+01,2.982340305814053494e+01,3.180553072750991106e+01
2.129279928115227705e+01,2.273764109237805542e+01,2.438999681731370472e+01
2.654885901566554196e+01,2.669512592446359633e+01,2.942302529845222736e+01
2.899243240820977974e+01,3.280392811074032267e+01,3.691011474747392640e+01
2.798982191321844581e+01,3.211616436527432938e+01,3.247977806790752453e+01
2.694120383205854807e+01,3.159882951514423866e+01,3.591211685876599091e+01
2.436310813635924077e+01,2.492899396077448060e+01,2.531682488131998099e+01
2.565489144820249834e+01,3.001189934495730682e+01,3.469212056249180165e+01
2.652185295805100296e+01,2.919173921861270671e+01,3.139131334768606152e+01
2.806374580991595735e+01,3.157029964585390047e+01,3.507844106915276683e+01
2.558997799285151586e+01,2.902060643906909476e+01,3.347716070301482461e+01
2.423499645305293626e+01,2.716710746064691051e+01,2.838768021907572603e+01
2.375674958251947899e+01,2.761795249915951800e+01,3.068871798868751455e+01
1.852002170539079984e+01,2.188741465210856418e+01,2.465526904303926514e+01
2.590937944162980600e+01,2.871352551585190938e+01,3.109249660603225962e+01
2.747383159470190606e+01,2.907965649198619218e+01,3.016790421055566185e+01
2.450322244329600707e+01,2.540830259591867701e+01,3.014861103213546656e+01
2.333277304416840536e+01,2.809053156213512992e+01,3.271279158569741696e+01
3.302356829802904059e+01,3.754532003892968817e+01,3.805353470416769568e+01
2.516498683346038234e+01,2.715603693037286348e+01,3.166751232251335679e+01
3.155308050504593353e+01,3.265955251580160734e+01,3.724340952883655831e+01
2.485366784060093792e+01,2.972482814922097916e+01,3.436901351053863607e+01
2.774219863957902987e+01,3.025856509827372776e+01,3.334162512572140713e+01
2.769210905346383456e+01,3.229733993027981853e+01,3.571012825864032436e+01
1.779674069949241044e+01,2.254861712714713917e+01,2.534822491592563054e+01
2.817836841484310639e+01,3.131486149762232785e+01,3.328988646307166022e+01
2.526873936676642174e+01,2.650020910638326299e+01,2.658742370353568418e+01
3.027296400736290849e+01,3.157904889219768307e+01,3.339722217089907730e+01
2.714906242212318688e+01,3.063055414949334221e+01,3.276009924299488318e+01
2.345154508711804553e+01,2.441105099945124834e+01,2.590890665698175965e+01
3.229245550837617174e+01,3.406281611650678087e+01,3.553999690144371471e+01
3.110004046317814641e+01,3.160410673649644409e+01,3.307287137509045749e+01
2.797225988917809048e+01,2.976137478314230478e+01,3.427149210652886069e+01
3.567325116159032916e+01,3.611268954463551495e+01,3.616752006338546011e+01
2.328028477105006644e+01,2.689605121126685816e+01,2.859070838428742434e+01
2.427193286459070976e+01,2.858763383536172853e+01,2.989401031377758144e+01
3.083544795234056579e+01,3.235769616934402393e+01,3.679325111257215042e+01
2.944410146245844828e+01,3.179021164275093270e+01,3.180970074374420165e+01
2.924102793353607055e+01,3.054331159556631903e+01,3.422486152361355494e+01
2.297543006784724540e+01,2.638234960374603233e+01,3.124476843472588428e+01
2.519207337706155414e+01,2.997010279538757871e+01,3.400975296385049518e+01
3.378259175714984508e+01,3.766167264509862633e+01,3.980956076355104756e+01
3.162296031038876976e+01,3.227276778983249272e+01,3.679541222393888944e+01
2.671241398279673973e+01,3.084394360364098731e+01,3.370844434936272194e+01
3.396987607423696431e+01,3.874866562447883922e+01,4.340658410081083929e+01
2.869293054404129961e+01,3.190038830715110052e+01,3.389837957938134139e+01
2.633842238734922603e+01,3.024749225939709163e+01,3.394587382426622924e+01
2.379301984939311154e+01,2.747127412596900342e+01,2.902004096252980858e+01
2.399680970147816339e+01,2.680985909685363211e+01,2.782333523715362844e+01
1.994695344196074416e+01,2.452910670436274287e+01,2.687747037994407151e+01
2.298298558892687993e+01,2.779197671659803959e+01,3.236092401711204047e+01
2.200871369785482301e+01,2.620506377899126704e+01,2.911919147936728436e+01
2.386032042519303431e+01,2.732019333360389268e+01,3.039121039287924120e+01
2.803208833596387706e+01,2.842619875331734747e+01,3.144867116515998973e+01
2.503337161939358424e+01,2.589464140890300214e+01,2.922080393365713746e+01
2.657184777576740231e+01,3.027117068150576173e+01,3.334314742771246642e+01
2.185454274449331535e+01,2.676487168643813064e+01,2.798063077907179519e+01
2.241895766284065772e+01,2.575401043292633574e+01,2.759208553861081015e+01
2.788834059030825685e+01,2.929432251332210058e+01,3.136404712065954570e+01
2.226134880122633675e+01,2.724070959175145035e+01,3.059181239546627751e+01
2.023477182979202738e+01,2.350059756944386535e+01,2.567855817608649360e+01
2.024982147587470394e+01,2.217709807785589149e+01,2.450057426059051835e+01
2.193699814806754134e+01,2.531292146412528155e+01,2.672173794038047134e+01
2.960465180319851441e+01,3.117763263694341802e+01,3.539281166609806206e+01
2.381182129521570445e+01,2.773679343083324866e+01,3.181350062917777777e+01
2.383807354523912636e+01,2.789877195187836634e+01,2.985103227290044003e+01
2.278319806672630321e+01,2.531011188880908236e+01,2.543510534728880756e+01
2.394833176921477502e+01,2.684223951172932843e+01,2.765937189847774746e+01
2.625293256753156612e+01,2.807098218307076110e+01,3.241038646589821326e+01
2.311855498816379750e+01,2.494069426162989345e+01,2.735100228149559243e+01
1.950865228426111031e+01,2.110350388863705362e+01,2.518743451030861991e+01
2.146408422224812185e+01,2.271546201887822036e+01,2.274087108414345693e+01
2.174912373853591774e+01,2.255036347721840784e+01,2.725099072378735698e+01
3.101995629198162163e+01,3.229476260154778089e+01,3.326651641609777954e+01
2.325270172633292631e+01,2.554690174649516266e+01,2.677559462834819826e+01
2.173801279919620910e+01,2.370182044163803781e+01,2.459300425679700197e+01
1.582298005742789115e+01,2.020866777984631213e+01,2.104291530426668544e+01
2.575812027002629279e+01,2.650737480146572622e+01,3.043336999289036626e+01
2.192724176280976423e+01,2.529504506583580437e+01,2.755210471814113404e+01
2.202854172381938014e+01,2.412644310541109860e+01,2.505297078595051730e+01
2.075480573684528451e+01,2.490391426116251239e+01,2.837708808105062630e+01
1.690879760769719908e+01,1.992261943753634057e+01,2.088845112512010260e+01
1.927786016058786345e+01,2.315006120304437687e+01,2.527495167091272776e+01
1.949932809118829624e+01,2.329356077969529437e+01,2.779128660301176268e+01
2.258862731297600845e+01,2.508749894657815815e+01,2.883597301026930637e+01
2.421445833448495577e+01,2.554301427339943942e+01,2.733304427092902955e+01
1.015680237833553079e+01,1.417935570136718937e+01,1.433683961126321726e+01
1.764430962739174191e+01,2.150684769815979891e+01,2.320892793679879773e+01
1.974508746069334464e+01,2.467795365330855972e+01,2.934157321776794447e+01
2.417807220275074087e+01,2.685514282126711549e+01,2.727869067934781455e+01
1.490162934677791995e+01,1.845678235622277441e+01,1.893117241281605345e+01
2.066031666862105354e+01,2.121159088267669190e+01,2.293163351039991227e+01
1.939241282079676409e+01,2.317107514958810555e+01,2.442084535451457583e+01
1.821677134295367040e+01,2.281455571177682984e+01,2.493848915091058061e+01
1.333059596562934068e+01,1.706749422791938642e+01,1.802130536440338915e+01
1.561096402192254118e+01,1.725031865990408875e+01,1.933222020412464559e+01
1.290569611301165942e+01,1.396309278210743443e+01,1.851405724141229570e+01
1.433226569148078688e+01,1.878269441416822971e+01,2.080401105859030864e+01
1.260844870515297345e+01,1.742992801153783589e+01,1.796356993244556932e+01
1.327590465688184906e+01,1.329599139750971837e+01,1.729538719068040820e+01
1.974749111014807568e+01,2.082394764723653324e+01,2.464026057678756132e+01
1.484826810341145986e+01,1.849062143195509478e+01,2.309022903720586939e+01
1.964685435885250442e+01,2.082950263504252675e+01,2.561786928526576190e+01
1.953141837556053417e+01,1.997806855943017723e+01,2.416551839576047911e+01
1.912052312310358460e+01,2.111676954021221420e+01,2.127909672335781011e+01
1.558739681622438056e+01,1.748689788277197721e+01,2.173981421753704524e+01
1.528512629637161702e+01,1.819729041943104164e+01,1.821304992542272316e+01
1.431030051314114715e+01,1.746685655208417742e+01,1.795830528052845310e+01
1.844336902980893100e+01,2.065792880744750448e+01,2.141908835132363720e+01
1.645325255613664339e+01,1.972806840190335009e+01,2.447206491632484671e+01
1.871024492980258103e+01,1.882695637664316735e+01,1.918978805348607253e+01
9.221632657409642775e+00,1.309821461392866837e+01,1.359504907228234138e+01
1.839271307722204440e+01,2.291927781309422940e+01,2.721990924378940591e+01
1.030029827906708562e+01,1.529586503497609407e+01,1.637093675936072756e+01
1.177569109909109102e+01,1.560447035068870925e+01,1.893917935117448081e+01
1.916050325168837887e+01,2.129839275992789638e+01,2.320119110763613079e+01
1.260119227128189934e+01,1.635167999151995133e+01,1.816686042574809434e+01
1.457278309221354107e+01,1.472790033989919145e+01,1.753738122650710451e+01
1.339996793897849869e+01,1.781060316332021642e+01,1.801626888345298028e+01
1.114542864231862396e+01,1.238051015536149002e+01,1.301655852179803574e+01
8.992855848587741008e+00,1.012067174004145542e+01,1.059714859738537207e+01
8.456072969679627960e+00,1.279292165684816851e+01,1.377067321644265618e+01
1.895536962697795147e+01,2.005443592728521907e+01,2.291005535711352081e+01
8.433036879900827287e+00,1.193555876367450885e+01,1.600339847740748311e+01
9.051415253263588312e+00,1.328173825149409382e+01,1.382616678009047462e+01
1.349639480921895895e+01,1.465518805786811818e+01,1.520667768513822438e+01
1.155070336266875053e+01,1.564161635401077532e+01,1.806071508066502673e+01
1.128043558749040365e+01,1.481799795538675468e+01,1.745911565207640948e+01
9.812613261142159260e+00,1.078474079466451130e+01,1.169285704845028206e+01
1.757442836774219330e+01,1.798574090292697747e+01,2.055850638365329530e+01
1.231557155683205629e+01,1.275759600844960673e+01,1.451345323525171693e+01
1.359287859210893323e+01,1.642627275781554275e+01,2.046060094820517605e+01
4.524706860773823003e+00,9.228980341995924874e+00,1.043419297951397873e+01
1.208628654561465510e+01,1.385417061085311374e+01,1.525173057761354656e+01
1.374793897519835184e+01,1.407599229244047834e+01,1.696548450185397527e+01
5.919344810399747026e+00,9.746339672499802376e+00,1.415975348851562288e+01
1.164444928724594419e+01,1.406081079015673119e+01,1.508766661321557301e+01
3.321549897429761700e+00,7.453434982667108244e+00,1.101841411202022947e+01
4.614319305944396987e+00,8.420799443612974500e+00,8.943138517988822755e+00
1.106430696663316482e+01,1.341469295520013105e+01,1.347533573088889192e+01
2.006537911216855541e+00,6.686211440942169126e+00,9.113360788403554125e+00
1.244463689646971716e+01,1.306176112506413922e+01,1.609083667017512909e+01
3.450587416001577701e+00,7.502584270193660032e+00,8.477221597765186800e+00
9.384624813760481743e+00,1.282040897574332483e+01,1.341399035740355927e+01
1.777472098382289367e+00,5.060023256517579782e+00,8.562978604091785684e+00
6.243536628088404150e+00,9.257102783213754904e+00,1.389163790086484340e+01
9.299387165775591768e+00,1.157613927912423257e+01,1.400414727725507547e+01
1.475880233444264000e+01,1.545851782462818136e+01,1.750315679288141268e+01
3.451427991481426538e+00,7.284286806546065307e+00,7.361171174769193470e+00
2.733425632179435016e+00,4.015424853786912607e+00,5.745861072894185462e+00
8.591762768696682429e-01,5.846111270981222852e+00,1.079656770797005549e+01
8.408936343388797141e+00,1.097635517718607900e+01,1.435952228028970978e+01
1.282291648782457294e+01,1.480611691371434802e+01,1.489387557120071293e+01
4.969686722145937097e+00,6.786140378683187535e+00,7.250245530441033814e+00
1.089204804654904279e+01,1.150290888603979589e+01,1.247142282473932084e+01
4.070029925110620006e+00,8.736340351233282675e+00,1.220797396800096735e+01
5.942470319467179074e+00,9.661521954967124515e+00,1.064813785666865620e+01
3.562700360174284597e+00,7.467967466410614819e+00,9.918805753450731899e+00
4.643775707266666330e-01,4.773780865055408107e+00,6.578037458028280327e+00
1.076401001084658127e+01,1.173096875933608629e+01,1.658769617637118543e+01
2.439632179299307868e+00,6.358897178058594335e+00,1.127281850932573981e+01
8.017330322507998375e-01,5.236141718681473378e+00,8.709647249510581446e+00
6.087748150008881254e+00,8.008738221327471152e+00,1.109715290255503284e+01
3.936685000666064305e+00,6.900862922027169333e+00,7.472533038225648738e+00
1.061095456242124691e+01,1.330552988556023308e+01,1.689575667312819007e+01
7.022604410758009230e+00,7.323138838591097155e+00,1.124108128679800700e+01
6.161369255958398128e+00,6.911537441865828413e+00,9.867137544958323403e+00
9.762011388709838755e+00,9.822854195909926034e+00,1.254136940086947760e+01
6.503524328662703802e+00,6.759177763738278166e+00,6.848258741562817775e+00
5.581159902533912032e+00,8.474441823133986418e+00,9.543553622527925384e+00
4.614873574020969649e+00,7.463275550503276179e+00,1.080543903252826610e+01
6.747094320708820092e+00,9.247644127744804265e+00,9.761846505955904973e+00
5.618707650382591900e+00,9.380291151342941447e+00,1.129913143751004689e+01
-1.706446809574595491e-01,3.458993479890568601e+00,6.597899276642709587e+00
1.083611622520169071e+00,2.693700377436798910e+00,7.442325671603819082e+00
-6.745637086006057714e-01,2.392497599421262500e+00,3.368957768156075616e+00
5.753841782823982953e+00,6.923978442495760000e+00,8.199886171555405667e+00
5.927052016325093042e+00,1.006118285618308228e+01,1.348376059779898917e+01
-2.104855792461722830e-01,2.851467576656236957e-01,2.666532334637198964e+00
7.652443136815854530e+00,1.106952925713635949e+01,1.364829917771524137e+01
7.192208334612867127e+00,8.087238128218615429e+00,8.803375036440231227e+00
-3.146253360351182415e+00,1.754598996505604802e+00,2.907884267873281914e+00
3.960579617162102384e+00,4.166756318227759159e+00,6.306284394209059840e+00
-1.831995834860963956e+00,2.414396688304385474e+00,5.750569227109599169e+00
7.674722482307176463e+00,8.805497592888233527e+00,1.085214119859597481e+01
4.304843171596772322e+00,7.273363156775809912e+00,1.036012198920350613e+01
6.387453671586618142e-01,3.970290463368792544e+00,7.443401381975015774e+00
4.513300047950821181e+00,4.857876801661097588e+00,5.460554446910339976e+00
6.296978539437770195e+00,7.247136573313294861e+00,8.552910823141399277e+00
2.230133751367501915e+00,4.023761233621138800e+00,7.717829644795703103e+00
-1.090512741636756378e+00,2.299017039770851589e+00,7.140226392782286879e+00
1.655403184859258747e+00,4.371162613658709617e+00,6.002297136028044378e+00
2.302325909310938279e+00,5.590714137122409610e+00,8.243046745176227930e+00
-2.490506248449917415e-01,1.496737296111742221e+00,2.172435762344886001e+00
3.008514468036299405e+00,3.688483424460807569e+00,5.319722496952593360e+00
2.354693561232135135e+00,4.406416407659492052e+00,8.995406465617886482e+00
2.502553169958890322e+00,4.597316432065723824e+00,6.747143134462481484e+00
5.540938803086596920e+00,8.314265660323698626e+00,1.054743239602530913e+01
4.180326952437317445e+00,6.185853170203408524e+00,1.030918494333208457e+01
2.854672406934040119e+00,5.943027170008594595e+00,9.036027498994652518e+00
-7.189389289103549352e-01,1.141555851144362421e+00,3.166719576081240994e+00
1.075162254970858378e-01,2.986293399633961343e+00,3.133069988738651723e+00
2.485655429226830027e+00,5.268642712170317211e+00,5.281187021165407280e+00
-6.217236780053765344e-01,4.246315579763817460e+00,8.099801909567819536e+00
4.837261977917723499e+00,7.035499712165294461e+00,9.115583108204496909e+00
2.488875463524158782e+00,6.438491196420448759e+00,1.027011582939082501e+01
-3.445693897203380818e+00,-1.703729746670719081e+00,1.323093182769871312e+00
6.936040941262033854e-01,5.218146752574316594e+00,9.962439121158460864e+00
1.354615021171882816e+00,5.954290838932797314e+00,6.373293904825146683e+00
-4.908555005277773553e+00,-1.671444735613938803e+00,-4.877416595133259314e-01
2.710924366323275603e+00,5.598471143303470399e+00,5.771059871130226782e+00
8.513292538447068125e+00,1.284771418415840927e+01,1.675939188917725176e+01
1.727278395051105253e+00,3.085492433638296728e+00,6.035214110149466293e+00
-1.615010933762472956e+00,3.230445286926008297e+00,8.002289692656455955e+00
1.816814560690038327e+00,5.364777718633918724e+00,6.565007212687815397e+00
4.809010191958188685e+00,7.843267903248033690e+00,1.023727871475897366e+01
4.245664658055972041e+00,7.531932160120823561e+00,1.198239754386877998e+01
-1.203393171668087902e+00,2.403620678539777344e+00,2.469773636814321272e+00
3.800746573182502974e+00,5.871256454459286012e+00,6.319747808019871016e+00
3.530119994367398206e+00,3.831771796053082824e+00,4.777623742069716073e+00
-1.164870254068773203e+00,3.261307593330112109e+00,7.337998209173882458e+00
4.913135760155268983e+00,7.653273237983748700e+00,1.183532633265829048e+01
7.905906605791586550e+00,1.240762230702577007e+01,1.283891713438107196e+01
4.963644901716079971e-02,4.570280924379799714e+00,4.681178281740788094e+00
-7.183580356302625702e-01,3.490234963172143878e+00,6.371469467053520574e+00
1.963874230567067780e+00,2.087257674633634430e+00,3.899625525218437971e+00
8.327710751344822526e+00,8.837720730279770009e+00,1.143516303343998430e+01
1.002138304371871413e+01,1.206087547654232139e+01,1.298475877090418074e+01
-2.899717145987373179e+00,1.125307006249298247e+00,3.946094810322599233e+00
8.753827446452069339e-01,4.718091905328432034e+00,6.542105420648468339e+00
-3.249897498652591921e+00,-7.880654986326529610e-01,4.333604481334791814e-01
7.792130170900823494e+00,7.819945609981360235e+00,1.256782118118803737e+01
-3.679427178914558283e-01,4.038865802756018475e+00,4.430883637036851397e+00
2.227490985387585720e+00,3.201370184812645903e+00,6.784447468678878046e+00
3.027320775602540426e+00,4.373338509699552290e+00,7.764104528727497900e+00
9.250806998499885303e-01,2.312549959443423120e+00,3.489508045622933707e+00
9.453123832764850576e+00,1.010079979137683992e+01,1.089260945270232384e+01
4.679243726447174900e+00,8.967534954389176249e+00,1.351534183653017429e+01
7.348430893030068134e+00,1.076516372138886268e+01,1.445756123401874227e+01
6.052977661367711093e-01,5.247209554310654056e+00,8.108109997991839180e+00
7.587180119899395336e+00,8.096304371028086422e+00,1.305339891542352859e+01
5.082126688615191235e+00,8.416868022289518692e+00,1.303173357047594649e+01
7.781371725970902986e+00,8.726693340291717504e+00,1.354428590199091076e+01
1.280645957621596054e+00,5.922560024456424266e+00,6.271472453956166149e+00
8.990275841454604233e+00,9.274201217600147373e+00,1.008186819670624246e+01
9.306763925093962442e+00,1.024706947949120384e+01,1.173125375304843310e+01
4.575075288145679764e+00,8.509004404114556053e+00,9.106619724321292964e+00
8.310052702480701825e+00,8.663423777534111636e+00,1.142304551419190872e+01
1.072164159207407863e+01,1.347548989934854902e+01,1.658584950498625332e+01
6.776954115155293223e+00,1.058080099842178434e+01,1.103468269554304726e+01
3.061980887362144799e+00,5.983790027472016604e+00,8.400428050546516090e+00
5.767850779075229362e+00,7.594768183508433523e+00,8.066647230508772637e+00
1.101646235895382375e+01,1.366845515993155935e+01,1.384180874787272586e+01
1.201086185546938268e+01,1.687012936636886096e+01,2.128832638345843620e+01
2.846486170021828244e+00,7.329252649794623764e+00,8.794603364412171942e+00
9.989580121893146369e+00,1.085248529925170402e+01,1.133664794056303116e+01
8.319426244458492548e+00,1.056523646632773250e+01,1.077861821692884092e+01
7.173876167298658402e+00,1.097565837424551027e+01,1.348991645617829604e+01
3.769021605472838488e+00,7.307748353670563191e+00,1.085920274315463629e+01
9.092819704955164894e+00,1.165021594050205955e+01,1.535280155860297313e+01
2.986603894012700877e+00,7.692026194075058498e+00,7.733346241351797268e+00
3.797113508315491437e+00,4.995915383040913760e+00,9.514813778207635409e+00
9.471205468955794515e+00,1.297614115225984399e+01,1.581520116809999621e+01
1.341808848123090847e+01,1.614796672733243454e+01,1.815402843713821213e+01
6.632416141434948287e+00,9.624161100714044181e+00,1.276504652390699945e+01
9.229980590619124570e+00,1.105779480556734917e+01,1.296808282787131716e+01
7.331304292979603510e+00,8.478349150596866224e+00,1.135101268113155903e+01
9.421101000053166530e+00,1.196570000339440654e+01,1.426999144244829942e+01
8.160634492685201025e+00,1.121840478624826076e+01,1.446708508217439260e+01
7.226274614898831494e+00,9.229288553987426980e+00,1.321207713347159363e+01
9.815121306795177247e+00,1.020409512203310953e+01,1.220601441467291259e+01
3.222842386461084896e+00,6.210482056877749457e+00,6.958512096404446012e+00
6.123746778285774184e+00,7.257986683833316022e+00,1.036373347349838880e+01
3.969394012468887567e+00,6.658225612332794974e+00,7.713503231048271402e+00
8.613269213112886291e+00,1.070418508984510275e+01,1.468975012158616344e+01
9.337757352392500820e+00,1.206471177658218252e+01,1.596553892261778529e+01
1.291997880614851191e+01,1.424190498294719021e+01,1.470015938731949490e+01
1.487001063559634417e+01,1.634059647926905612e+01,1.670152359004038800e+01
7.576189969096119192e+00,9.267240765543194314e+00,1.238989732655893761e+01
1.525019348420872767e+01,1.684113988929750150e+01,1.775402987113633912e+01
1.272410748488640664e+01,1.306638555517560008e+01,1.499372282427691516e+01
1.136209057442870574e+01,1.619501988706081264e+01,1.947189926064555721e+01
1.239297394064288227e+01,1.639420138506404712e+01,1.963915377953133756e+01
1.188876427080651332e+01,1.536493799764792811e+01,1.827461215503140934e+01
1.326421247672361403e+01,1.608948144565373894e+01,1.875183105448830290e+01
1.526136099141965019e+01,1.718542529424782117e+01,2.028895978770553299e+01
1.885548739449707156e+01,2.287803539333331315e+01,2.607319767836836633e+01
2.298962380541401984e+01,2.397707984435654183e+01,2.539511004191207988e+01
1.124632300178940980e+01,1.473729604967731888e+01,1.516667127953667205e+01
1.717874036920321856e+01,2.022645942000045949e+01,2.323139537034763080e+01
1.576301214987469379e+01,1.634861433057828606e+01,1.788583788438208444e+01
1.729680633930815503e+01,1.826852903548603990e+01,2.197014567882106917e+01
1.002712533881417301e+01,1.451247553374761878e+01,1.861108385860016057e+01
1.805259744372140318e+01,2.037627375273490671e+01,2.152532355920541463e+01
1.583035497178979156e+01,1.882978802522969275e+01,2.054072151661499746e+01
2.071601113245401393e+01,2.094553219463207583e+01,2.324189170044718722e+01
1.289510885819541386e+01,1.546169939405518434e+01,2.012153760223326415e+01
7.358699804265025790e+00,9.562454551019058613e+00,1.084061931374101739e+01
2.131927772524763753e+01,2.397708704780405498e+01,2.497824045612140509e+01
1.236913319932608957e+01,1.611576543347570833e+01,1.889898715542573271e+01
1.751204512349145759e+01,1.803681963806753075e+01,2.077695334389195736e+01
2.279915604151369024e+01,2.422527766452646247e+01,2.518556111374730477e+01
1.529354649950367495e+01,1.572805221556935251e+01,2.031450621046169402e+01
1.672337552084430357e+01,2.071231273620213287e+01,2.483458201550681821e+01
2.511885614690670110e+01,2.546679383415825271e+01,3.041560929697187277e+01
1.549628134343987540e+01,2.035111327959170424e+01,2.403782062276944131e+01
2.137339639781220058e+01,2.598027309833523191e+01,3.023273822796873844e+01
1.654014314635099581e+01,2.011136376304967399e+01,2.212184228032651845e+01
2.000196869003826805e+01,2.322584384932778079e+01,2.694710917290673180e+01
1.833864482377294891e+01,1.989251751235828536e+01,2.213139228462996755e+01
1.322771812406092806e+01,1.817257265238114528e+01,2.171891281563649301e+01
1.857210216911759559e+01,2.132146736097932660e+01,2.182780995860888140e+01
1.167209585789252202e+01,1.411015767438165547e+01,1.441227241970277895e+01
1.446026494672358709e+01,1.821119551795916536e+01,1.858899754598375509e+01
1.716219485477645534e+01,2.075311002433037189e+01,2.259614628835033656e+01
2.236495256288201006e+01,2.262114645273954494e+01,2.361494272457937882e+01
2.388538037144135728e+01,2.697848481334175474e+01,3.052783194510464782e+01
1.753986739821595364e+01,2.107828485068800717e+01,2.416803778414137938e+01
1.769030483238908857e+01,1.989390733645877063e+01,2.217439782068834830e+01
2.307305242615117535e+01,2.314271779788017014e+01,2.440585192338766873e+01
1.712318449455511882e+01,2.053884395365959747e+01,2.341848419935806547e+01
1.402378743586231558e+01,1.774953208179024600e+01,1.815759544432189188e+01
1.759054286617499940e+01,2.082881350482047011e+01,2.109536030453434918e+01
1.885287780123842794e+01,1.974960711876738273e+01,2.473800007830931946e+01
2.162233105686306445e+01,2.553987655320351280e+01,2.849749919670783527e+01
1.864613258827671061e+01,2.127929320390109780e+01,2.536715554364341330e+01
2.412356545840614075e+01,2.589611152302808605e+01,2.635139997942625811e+01
1.774404501069846063e+01,2.176193094877886836e+01,2.410672317887480531e+01
2.047127329396470685e+01,2.497229833946425614e+01,2.730510228089274349e+01
2.322355455835914384e+01,2.587440792243986110e+01,2.957702244024560656e+01
2.153012768891611373e+01,2.230291602326954248e+01,2.273605140039270367e+01
2.021649018470354164e+01,2.152485154471744622e+01,2.594883626011251110e+01
2.270440797127218246e+01,2.697676992788253614e+01,2.757278636804792171e+01
1.741355890897818171e+01,2.227764851705038396e+01,2.352336581372938440e+01
1.666621601595667101e+01,2.071007626969525361e+01,2.445259365055557765e+01
1.840668281034327336e+01,2.263966905648861427e+01,2.709533425302441501e+01
2.232090578736823616e+01,2.334043091338401155e+01,2.630060484967042456e+01
2.832767963152332769e+01,2.873432676654867635e+01,2.916740923456063683e+01
1.645407166317918524e+01,1.989662200866372288e+01,2.288555425314464742e+01
2.684839432478718990e+01,3.023543651335341664e+01,3.024658834389354567e+01
2.314431358934435679e+01,2.359673876795534397e+01,2.407409687519765029e+01
2.584393150486957680e+01,2.690313323444934923e+01,2.937798728623402056e+01
2.580253053597396828e+01,2.872583795326655220e+01,3.139754171999199173e+01
2.389405577726275354e+01,2.573797745991624453e+01,2.838092008409350697e+01
2.154292576824412464e+01,2.364153464167988261e+01,2.711099155423523044e+01
2.763055054698022417e+01,3.199589078980456947e+01,3.474835032101320564e+01
2.284095599773430507e+01,2.601375039476119611e+01,2.994939628429804657e+01
2.187450974615511257e+01,2.577031721217121429e+01,2.989249105494041103e+01
3.175038708394582443e+01,3.315174785506379607e+01,3.428493662038161460e+01
2.192446655594212146e+01,2.588046021063562563e+01,2.959798047961291800e+01
2.023692921799117528e+01,2.108880981173091840e+01,2.188652069242850118e+01
3.178887168071467784e+01,3.229296697719721010e+01,3.368221221093315876e+01
2.080092437114804582e+01,2.434462852618435846e+01,2.868392747222753059e+01
2.862060630741733291e+01,3.360535060801510809e+01,3.787111963178425356e+01
2.351659911828764749e+01,2.842610867374763473e+01,2.915922333860260451e+01
2.594929289026318742e+01,2.778156254617648813e+01,2.879880476761337604e+01
2.268132511050501421e+01,2.411060503366151408e+01,2.465900087556256537e+01
2.553460559963063048e+01,2.984738151512414461e+01,3.013369925882432909e+01
2.308328691344818395e+01,2.519820054851221158e+01,2.578922727581114316e+01
2.775716839568864458e+01,3.001864559424465284e+01,3.133194829776528678e+01
2.542295741586193003e+01,2.878012236841338378e+01,3.329259019421435539e+01
3.202153306866066629e+01,3.251462460961478484e+01,3.265376873597588769e+01
2.369459872435462344e+01,2.602955524129858489e+01,2.635980866403674483e+01
2.415424739092852846e+01,2.485173083914324010e+01,2.817142778682116599e+01
2.307721304057686496e+01,2.694027401160625601e+01,2.919513792446248601e+01
2.671939808681964479e+01,2.990235885277781946e+01,3.445867393506894416e+01
3.092006753613640768e+01,3.329770074109320177e+01,3.824567389196375444e+01
2.740880208091410708e+01,2.756755825870959598e+01,2.844260134971980847e+01
2.693734918777659360e+01,2.844071365604611046e+01,3.173868586042843987e+01
2.910016671986709369e+01,2.956936349111010287e+01,3.259708039583844652e+01
2.415212558753649574e+01,2.656097474677835635e+01,2.716486185645753082e+01
2.187797004512710330e+01,2.531600423154288393e+01,2.730483729046166985e+01
2.473739939512472574e+01,2.905763231716150230e+01,2.933045305460547425e+01
3.111967239072727054e+01,3.188073785398876581e+01,3.456730441977043000e+01
2.395035145394149723e+01,2.845923515610877530e+01,3.293178225975911033e+01
3.179666376422102303e+01,3.205082818025823599e+01,3.308817928945481412e+01
2.080625717557641252e+01,2.468700097851915842e+01,2.622330558974637427e+01
2.525897786001794643e+01,2.921056845329496454e+01,3.309935589744193862e+01
2.008748540936377225e+01,2.298235843171125481e+01,2.686926030440407942e+01
2.689698146218661989e+01,3.054741115226816817e+01,3.389145398148891530e+01
2.339022115886820785e+01,2.671637777955542603e+01,3.050155298922575753e+01
3.094724184643575882e+01,3.195407419840541863e+01,3.330851957685907649e+01
1.929041650252458240e+01,2.023211624207023362e+01,2.096067879499424080e+01
2.870588811979991561e+01,3.275638605053454455e+01,3.762774553726347904e+01
2.501629179644803003e+01,2.519093231436301750e+01,2.841645427422142944e+01
2.513044044978562752e+01,2.790470606822866273e+01,2.875787036915750150e+01
2.529980889344252049e+01,2.677681794670081672e+01,2.733246159515877238e+01
2.863219636151379177e+01,3.178404232007711272e+01,3.608509360856317016e+01
2.636695848444299273e+01,3.027709534348577236e+01,3.119751984176246395e+01
3.192671690407757623e+01,3.208246432171321771e+01,3.465768614102907463e+01
2.786983935638268051e+01,3.074649522759510845e+01,3.183093269904365386e+01
2.748184678196509267e+01,2.808914088191920300e+01,3.250800035628856932e+01
2.508804576718979007e+01,2.658863806045478384e+01,2.912033918582502778e+01
2.888445777150397475e+01,3.123085411754234286e+01,3.597292424290100143e+01
2.909312805898792220e+01,3.105282994890229276e+01,3.561212690196613551e+01
2.560883057303589183e+01,2.733818290198216516e+01,3.189716374092630957e+01
2.648773574179390167e+01,2.649456229360382409e+01,2.759092082529922507e+01
2.836801104968912313e+01,3.029850516867669441e+01,3.462347561325466216e+01
2.903158984177672508e+01,3.323254212645278471e+01,3.469949246264140896e+01
2.676442338864566395e+01,2.929755760896949823e+01,3.202762279662166378e+01
2.359139474089312927e+01,2.851035677612698649e+01,3.023062978276323420e+01
2.356644392193537740e+01,2.833698600129058676e+01,3.085675975075612598e+01
2.148533237206943980e+01,2.475679018571650403e+01,2.813603442640722818e+01
2.962319193840587417e+01,3.256344568961927166e+01,3.571337687744251355e+01
2.379629802333584010e+01,2.828531246565360391e+01,3.036818239877031544e+01
2.295266498886711304e+01,2.628974057880135007e+01,2.753356867715667278e+01
2.015652776952657632e+01,2.376728277838628856e+01,2.871393548713610500e+01
2.696239554863390708e+01,3.101551681147787320e+01,3.152111262123049329e+01
2.789664092282261976e+01,3.112276838545668056e+01,3.313493131266219649e+01
2.710603613337232431e+01,2.907674327034695594e+01,3.104840604552594385e+01
2.689923724408316730e+01,3.034750175760573043e+01,3.061453793445831906e+01
2.602651938801197318e+01,2.799072661434357912e+01,2.836409056926808603e+01
2.014456515099081813e+01,2.470169487008458020e+01,2.498342128810347518e+01
3.134522769092792061e+01,3.202202301681373342e+01,3.378265930109776605e+01
2.755061717576782598e+01,3.068408353922898257e+01,3.330089175591245265e+01
2.286054038403381483e+01,2.533832818478839144e+01,2.544397203098434801e+01
2.735687950653855083e+01,3.064789061291310190e+01,3.251431973131175113e+01
2.758326671423811405e+01,3.114391099671707863e+01,3.325600988979956441e+01
2.380426357696613593e+01,2.796102010728672127e+01,2.897620783792207177e+01
2.268992848750030689e+01,2.611337836958632508e+01,3.064775489360312832e+01
2.809642257298599688e+01,2.872290425102375266e+01,3.344237847764997440e+01
2.542908123084884409e+01,2.757340017174652758e+01,2.964039052600208635e+01
2.475698492483003221e+01,2.535336238882431203e+01,2.981067290520444857e+01
2.746408728703500657e+01,3.073622528058966452e+01,3.504704811844842283e+01
2.583729531717559169e+01,2.938888039840877653e+01,3.166472788018315754e+01
2.534809767553594995e+01,2.765373091873037836e+01,3.189837585919448060e+01
2.345626463604957124e+01,2.582750664615981506e+01,2.658405058465157822e+01
2.863196547654996138e+01,3.041849782747860331e+01,3.451756621728161178e+01
2.432019850258600968e+01,2.445037158054468662e+01,2.697832143413582529e+01
2.613070375839532744e+01,2.780119723592906311e+01,2.976817113777818236e+01
2.293905856739900173e+01,2.431769586357876989e+01,2.802656397161167234e+01
2.562980668196276213e+01,3.035106361712016465e+01,3.210793328696768612e+01
2.207238280407195674e+01,2.435834941173244772e+01,2.784371180480439989e+01
2.233343172258308229e+01,2.467152471091738519e+01,2.738772664914392863e+01
2.200976659243715616e+01,2.481034950289249963e+01,2.801622388802046615e+01
2.055669840441753848e+01,2.267568528441349684e+01,2.341901689644829432e+01
2.876927510199714177e+01,3.071922264253256429e+01,3.502965969332971241e+01
2.542452974088690709e+01,2.689917187331151993e+01,2.975602171119771100e+01
2.470615847010024879e+01,2.512342270261049748e+01,2.866128500569401183e+01
2.104136654144645746e+01,2.300938515584942579e+01,2.390493378928186274e+01
2.217751463657264921e+01,2.610871348833236638e+01,3.101511740895498903e+01
1.957608940515263285e+01,2.100208348937508518e+01,2.147634855254155539e+01
1.916651741087144956e+01,2.015906667154590082e+01,2.390439309880378715e+01
2.025691254999258817e+01,2.155665042424844557e+01,2.250215706065644383e+01
2.222063162934318470e+01,2.609931141867940951e+01,2.796943850290013600e+01
2.382866778039605293e+01,2.610460329909493638e+01,3.093206858059053133e+01
2.056109108551894593e+01,2.366011043942482317e+01,2.504159896024565413e+01
2.153283454576848044e+01,2.253486133001925040e+01,2.498322169465300746e+01
1.888965736201411261e+01,2.284568522687187553e+01,2.364318247734374623e+01
2.215500068954195001e+01,2.478360788617083443e+01,2.814794160680060742e+01
1.584146588441289438e+01,1.637845760169909681e+01,2.005918585391389897e+01
1.936304610514803670e+01,2.361761389285841162e+01,2.711598996365951919e+01
2.379483374650676097e+01,2.447911016298929354e+01,2.576759681456433526e+01
2.332276098814751109e+01,2.427451681350005686e+01,2.871061910082931234e+01
1.948190468318436075e+01,2.274517777460559387e+01,2.535618196461939888e+01
2.067799224042682482e+01,2.326462421303687478e+01,2.709435869669172092e+01
2.405580316692075016e+01,2.614014378937856264e+01,2.731741092178555874e+01
1.605973137573637999e+01,1.921676719887867790e+01,2.356065456459849017e+01
1.848110411344568860e+01,2.084005108950929497e+01,2.264555214613803003e+01
2.011718729089093216e+01,2.019572452189637346e+01,2.515683290074183986e+01
2.236417515503887898e+01,2.410531960013617692e+01,2.848174112994764684e+01
1.671173149921562384e+01,1.937463039945458476e+01,1.958859906334336998e+01
1.573991822296827792e+01,1.751177010974791415e+01,1.872103803614752948e+01
1.584696547426344182e+01,1.784304412083843516e+01,1.988957527566495997e+01
1.196790905153389062e+01,1.513759376494165565e+01,1.829909007416605249e+01
1.526144467228749235e+01,1.887954517045643499e+01,2.326605658338285565e+01
1.624235393486941348e+01,1.898576762522776917e+01,2.038150479093359380e+01
1.057157280370391916e+01,1.516799743058798455e+01,1.935185696185227755e+01
1.503293084090801912e+01,1.705637825847016842e+01,1.918327435162493089e+01
1.533326667371888696e+01,1.756552096838210630e+01,1.957896186544138217e+01
1.632930683088887491e+01,2.101105827844811103e+01,2.204118315723533428e+01
1.229678402321393094e+01,1.568674862611507592e+01,1.650707074456305889e+01
1.438818428127604854e+01,1.454872702369972259e+01,1.498975298425367342e+01
1.667526752340970475e+01,1.685734402568524359e+01,2.092274083888520408e+01
1.484918704799308031e+01,1.980983910757465338e+01,2.453020078513833724e+01
1.666250856397677893e+01,1.675746959424600391e+01,2.082594189439768328e+01
1.683966513311549917e+01,1.851432217661950119e+01,1.893386613932396756e+01
1.271241271893106273e+01,1.471784139624838517e+01,1.731956967199529629e+01
1.544297537863954162e+01,1.773193236946900342e+01,1.826473668607739853e+01
1.341393994666454148e+01,1.810816201688195193e+01,2.268078891497420813e+01
1.006322238818193604e+01,1.354473758179333487e+01,1.492604905170346896e+01
1.047473781178591068e+01,1.378474618371362226e+01,1.465318304221112911e+01
8.182274317297313360e+00,9.771160294277407843e+00,1.447479554001552415e+01
1.700076572726061030e+01,1.712220241635311879e+01,1.870535395088942110e+01
1.068045737507721427e+01,1.309172388916083918e+01,1.728545844022656297e+01
1.004297140490611362e+01,1.444253771274098597e+01,1.782284395804274268e+01
1.264674714823364710e+01,1.444618790598461011e+01,1.934151117832452371e+01
1.610293220576689421e+01,1.622361621719232971e+01,2.104160039396992943e+01
8.105155193397413527e+00,1.284066005590803350e+01,1.481219772290802972e+01
1.287969885227425770e+01,1.385008595251364483e+01,1.784670464038878990e+01
1.440747189110361504e+01,1.779345925789160532e+01,2.098922273806078209e+01
1.460037659228043161e+01,1.866984568734827832e+01,1.975988532513829909e+01
1.448953600068555225e+01,1.538564266449163753e+01,1.992550868166262745e+01
1.484118915202403777e+01,1.721274469260351836e+01,2.064834438566265007e+01
1.289228394214031326e+01,1.432618625633656251e+01,1.682513956333098903e+01
1.132060828201852054e+01,1.248933858468343416e+01,1.552071983011681233e+01
1.420444025935239729e+01,1.499631713986128290e+01,1.574042606881438111e+01
7.602646225293936411e+00,1.102571363702240959e+01,1.302458594570698480e+01
5.288224693786784947e+00,9.588525163125027007e+00,1.131218704329299385e+01
7.895013795377062493e+00,9.702287305343446633e+00,1.079055062248896846e+01
4.940452274629153706e+00,8.924810099098586136e+00,1.362903335011441186e+01
1.073476144285248068e+01,1.258337976883534814e+01,1.473243623117462775e+01
1.036710610162116986e+01,1.194185776176252034e+01,1.196371401160565640e+01
4.957427179700597542e-01,4.443687658708204147e+00,6.226046553796165561e+00
5.777761303516749436e+00,1.052972822471634551e+01,1.115482291379999147e+01
1.001088534678766351e+01,1.369435326587070278e+01,1.820793339354102613e+01
1.229065047274588629e+01,1.555724402357907366e+01,1.851476830940358909e+01
1.173253660372174956e+01,1.372209585365951057e+01,1.591295168672442983e+01
3.156515530402005609e+00,6.338760110344964893e+00,8.650237981417321365e+00
6.094242466521293977e+00,1.103241120723706281e+01,1.333565516256918215e+01
5.253347466722349424e+00,9.732169611076452398e+00,1.104287732174991277e+01
1.065682593203821860e+01,1.398359638174620656e+01,1.882432183015016847e+01
1.014402706091951600e+00,5.897745774448019063e+00,7.693005952151301230e+00
8.968057357186102863e+00,1.080731440798438747e+01,1.159054172878992617e+01
1.289165368133715894e+01,1.331741109556918445e+01,1.461372454941523458e+01
1.022621616050471083e+00,3.601653789737217615e+00,6.778327733598656479e+00
7.624047434421643565e+00,8.056355443176711262e+00,1.118901906599770157e+01
3.708195298997331690e+00,5.650049002842877144e+00,6.113521886371249714e+00
1.065023003993799122e+01,1.076639524804685344e+01,1.498762192043017194e+01
5.330854273444313840e+00,9.491237736444880113e+00,1.400969611900008616e+01
6.566803808163054867e+00,1.103115695507477945e+01,1.590844374881451451e+01
4.450814148765166678e+00,5.914602485425104916e+00,7.609100991381746226e+00
4.309007528583596702e+00,7.497515683635169736e+00,9.526910635786499881e+00
4.128798123439061385e+00,7.217489866409303012e+00,8.565982690846404068e+00
4.614224248107991144e+00,8.838417497181183080e+00,1.214142579469376315e+01
5.780590363931274567e+00,8.552889027219427120e+00,1.179725802083116193e+01
3.364650602458614248e+00,3.816583142531356110e+00,6.382804422585417470e+00
3.501333503743175868e+00,7.901135357652146141e+00,1.074755547872728556e+01
7.228736332232450490e-01,1.714613663776784591e+00,2.021006258979580306e+00
4.337988350793532177e+00,8.796248749430697345e+00,1.337955127713459902e+01
-2.395471416620473804e+00,2.245764590617104872e+00,6.045748551598608245e+00
7.175469423861400742e+00,8.785475787476691778e+00,1.175653959218363021e+01
2.175379684793894874e+00,4.556913481586184922e+00,8.807411358514766420e+00
5.213652320456745315e+00,8.259111977215159328e+00,1.171621362776365238e+01
6.925652008443355712e+00,9.337679063772139187e+00,1.269189412358448976e+01
8.720209350587024844e-01,3.469920273908246422e+00,7.956162708961438845e+00
8.787264898681005576e+00,1.001317899085507435e+01,1.282520940890112193e+01
2.580824795913057024e+00,3.033220302463300655e+00,3.986770490603931183e+00
4.505372608515227917e+00,6.461180857280290013e+00,9.178602073761172875e+00
7.070599182136989569e-01,3.536122111499328646e+00,3.684149618671741067e+00
-2.694565412610509192e+00,7.669404261167684922e-01,4.896179802474351028e+00
5.750255222932294075e+00,6.537176434066221731e+00,9.645465145415219155e+00
3.929232853558962901e+00,8.544545207260231479e+00,1.154178464501053014e+01
3.613744287272608879e+00,4.327539082544730853e+00,4.825432957805633194e+00
6.743997759567609052e+00,7.756478332322997105e+00,9.269225392891554449e+00
4.769328311356120231e-01,2.225093948016173773e+00,4.796279115636579604e+00
3.759673935324785443e+00,7.043103425202934531e+00,7.869187251049378773e+00
-6.399269151874301897e+00,-3.647106221797027814e+00,-4.286057839611294717e-01
6.907551698247936578e+00,8.891344122163838293e+00,1.128849589523692565e+01
-3.325538775222716126e-01,3.395651811300245182e+00,7.480719740680331853e+00
-5.761180351127244137e-01,1.492389094556175522e+00,2.840247899641369589e+00
6.240540739121742675e-01,3.256484877561180546e+00,5.736965676822332938e+00
7.591138703662277720e+00,1.056582808588146705e+01,1.236053925567594014e+01
2.143172079865101942e+00,6.224820258198550782e+00,9.064571422145478508e+00
1.380771558982504033e+00,4.179838852825350060e+00,5.419071015132675306e+00
1.014263864306065699e+01,1.262131453956163440e+01,1.715865943176934394e+01
3.987521724447391502e+00,6.755861116181474557e+00,7.318568570284179842e+00
3.073050076849426215e+00,5.678658538690235957e+00,6.614724431395732296e+00
3.382616528372559550e+00,7.951698247219534998e+00,1.060365143362076523e+01
4.630189964206340214e+00,8.299176129936466140e+00,8.602009894034422288e+00
6.548929730823429551e-01,2.682910035831150175e+00,5.665915265782242471e+00
7.622006883585116244e-01,1.320514106045441949e+00,1.616241739468372351e+00
-3.021639966441256320e+00,1.562024029395645996e+00,2.129535739333470179e+00
2.076812406733720806e+00,4.689115608117521816e+00,9.413409773555819982e+00
4.182518058877833234e+00,4.249157694855211886e+00,8.517874500365198998e+00
1.567873486504529179e+00,2.608985744060112744e+00,7.270352232083645561e+00
-8.210573964085705612e-01,1.662694515747670021e+00,2.390806020244856445e+00
5.607257451981300100e+00,8.175706418159888855e+00,1.132085397114052050e+01
-3.817922261100221704e-01,2.686679659687220223e+00,6.374875802345046694e+00
-3.881682665864332193e+00,1.069997329647218720e+00,2.732269665062545982e+00
3.047205410434359329e-01,3.413999603773082647e+00,3.732345268978989772e+00
-8.202739868202972850e-01,1.792515530146680192e+00,6.667061966136117235e+00
-1.542022929240811635e-01,2.095247546966804819e+00,5.925010889775498057e+00
2.527800980914745033e+00,4.469388831241409399e+00,9.242419284060904516e+00
4.295421558393382355e+00,6.223834651342472490e+00,1.028640851754590102e+01
9.593920923020885283e+00,1.352086789532657285e+01,1.427384118416092207e+01
5.648070139632964448e+00,9.883735124547500916e+00,1.341580362482517330e+01
-1.081122180712490444e-01,7.403847067995883435e-01,1.976266776330312114e+00
2.399986878497851528e+00,4.071930856299064594e+00,4.126652236788603823e+00
3.172171981602038393e+00,6.131790953111610598e+00,9.519918848321594851e+00
4.093758419876054155e+00,5.924659489803465462e+00,7.557546115492910666e+00
-7.264639715997689429e-01,2.958396512193037786e+00,4.559438141224465113e+00
6.899722460644165167e+00,7.362301351399528571e+00,1.008859475636231373e+01
-1.882170988920818022e+00,2.072554163489840118e+00,5.053976899609320839e+00
-3.412963961641053423e-01,3.171664363210747961e+00,7.066213369557797108e+00
-6.822697163884465787e-01,3.980312851454197887e+00,8.044368089091260998e+00
9.235897078466894783e-01,3.139714180338704530e+00,4.574304367391182069e+00
9.440175625842234908e+00,9.489802460766821213e+00,1.139269051964198631e+01
5.549183059381473271e+00,6.589242616940154562e+00,9.862831029451459841e+00
4.861392967273443944e+00,6.812314410062557002e+00,1.082894999726526919e+01
-1.320828385513301839e+00,3.657404924241790312e+00,7.601788882742987141e+00
9.415588224368336867e+00,1.326363227481591878e+01,1.557255790374781768e+01
-2.946100304896970279e-01,1.656449366320826400e+00,2.146404654465658091e+00
5.205409720003708607e+00,8.245797265319575686e+00,9.838712962068886014e+00
9.143092220043662621e+00,1.158683684692834248e+01,1.419884521533025712e+01
4.395341920519155288e+00,7.080068813523187288e+00,9.010936448743997573e+00
4.601998283574836535e+00,6.525019773807184009e+00,7.012204915210924483e+00
3.174669325910098650e+00,5.043989616528786080e+00,8.979501291150871367e+00
6.408736778435941694e+00,8.040743676559044317e+00,1.028850867289837367e+01
3.850010403302479567e+00,6.118871133316424960e+00,9.940871086150487201e+00
9.467790838615695037e+00,1.130721156102573133e+01,1.215632698447026883e+01
4.585656379648406222e+00,4.758968043872300768e+00,8.573884231260667121e+00
2.135997909924486571e+00,4.400835654403945973e+00,6.624211050321655136e+00
2.222148744160266975e+00,3.836907801049131095e+00,4.100881426376502326e+00
7.861151232320132465e+00,1.156532531210624981e+01,1.544340186617383814e+01
3.779862454680150030e+00,8.488518718194505652e+00,1.062783719284128381e+01
1.057765186081565467e+01,1.133475284713739129e+01,1.335838685040339158e+01
4.353939074405982268e+00,6.285729137846278292e+00,9.003445869476253804e+00
2.198037920749140284e+00,3.106300644882185047e+00,4.898834574502886952e+00
6.005868532693730444e+00,1.066824398162260756e+01,1.488170503457400073e+01
9.745488651546152070e+00,1.034248387952202286e+01,1.056427139738562460e+01
2.848385339250557813e+00,5.728570237092375450e+00,1.004279755898244275e+01
2.251210505042708476e+00,4.993030352144641526e+00,6.638088812345270817e+00
1.096596498436542610e+00,6.033070500862800500e+00,6.035523211716198766e+00
7.151384296462203416e+00,7.562377850386308609e+00,7.785661104541081734e+00
8.283337386351924181e+00,8.748753843417260256e+00,1.136406528597509258e+01
8.585858885943272512e+00,1.001625279054740325e+01,1.480689235837205686e+01
3.583387988468215823e+00,7.501697653453716086e+00,8.524025351560233332e+00
1.330385654985042265e+01,1.507103431493922940e+01,1.941990824800986104e+01
1.430669844279809766e+01,1.516500456251544904e+01,1.867386294300748872e+01
7.287413113451258084e+00,1.010128651481582018e+01,1.285848273665740749e+01
7.260785203047001701e+00,1.040198548382397981e+01,1.225564071376558140e+01
4.608109085980213848e+00,7.745717003107860599e+00,1.151560016696334898e+01
1.068058774287313994e+01,1.330301007170436023e+01,1.553214197327234558e+01
1.013822409313090134e+01,1.054293183378442578e+01,1.064072883160600469e+01
4.387989739690475233e+00,5.921467059757447693e+00,6.073251533142891567e+00
3.690421609687823512e+00,8.482019756364611140e+00,8.567403548858672835e+00
5.912443654400444615e+00,1.066812451959504671e+01,1.400697002502437449e+01
1.344285069491167661e+01,1.397708094385527211e+01,1.524840024933864413e+01
-1.225564481380352788e+00,3.664100633287960207e+00,3.685166049876960948e+00
1.201837234477854288e+01,1.213216062296951314e+01,1.655659302119260801e+01
8.699131039197860460e+00,1.117348462204386550e+01,1.151863357462652537e+01
5.814374639378484311e+00,9.869769781413895160e+00,1.191853587692142113e+01
8.110571703396846743e+00,1.030734226209427717e+01,1.456677913539174796e+01
1.469683745610732473e+01,1.483416806322013670e+01,1.924990488629254060e+01
8.103188821353615623e+00,1.197205074639261468e+01,1.295942867412156829e+01
2.859317815892261194e+00,4.849817785144525217e+00,7.759506609616549255e+00
1.104614344059148934e+01,1.220237178208138396e+01,1.351567656079737922e+01
1.165587092193834096e+01,1.423966796388884681e+01,1.721502371130743470e+01
8.968927892785524492e+00,1.078488482692230832e+01,1.557153401079811061e+01
6.941617324335368266e+00,7.747829565558480347e+00,9.430757381593382505e+00
1.291764685660087508e+01,1.676645920138025758e+01,1.987725654241826589e+01
1.145070634583958125e+01,1.201094939318594434e+01,1.342631919683753416e+01
1.181884243387306022e+01,1.428195042305337736e+01,1.654185584344381255e+01
6.053611897099158590e+00,8.002790375981172488e+00,8.050437490566718424e+00
1.634598993500298292e+01,1.759426120780719671e+01,1.858032750655891974e+01
1.028837891409701477e+01,1.047373476855804242e+01,1.241851729134074311e+01
1.808145605949447798e+01,1.845930888056111030e+01,1.892073309029731121e+01
8.044056100431767220e+00,1.274135296851029331e+01,1.583687737720701882e+01
1.357039861997840191e+01,1.607423848552740253e+01,1.729689026236391669e+01
1.635615325299323075e+01,1.764590657419778097e+01,1.928538928821177123e+01
1.116870063394432933e+01,1.154458410283121239e+01,1.496252142263066531e+01
1.583281086494472589e+01,1.726205183595121895e+01,2.190734672049981313e+01
1.605815078169457522e+01,1.777270080588760237e+01,2.187858758455747221e+01
9.335979577500683746e+00,1.045794295675656294e+01,1.536042651612450172e+01
1.298003880905706708e+01,1.475860230780997995e+01,1.950587769032632579e+01
7.990673160864552926e+00,1.209843803346055147e+01,1.311725049650313402e+01
5.666738302926884963e+00,1.025633707655500260e+01,1.070628879274011958e+01
1.517446190431115483e+01,1.612734902847763152e+01,1.888001636158115204e+01
1.173915085581225171e+01,1.611932739463877695e+01,1.811206998759577402e+01
1.431770884433291080e+01,1.514452780160509882e+01,1.529511862951445700e+01
1.104955780928686515e+01,1.484810502233921348e+01,1.816801182200228837e+01
1.013441240673146737e+01,1.277501436383267475e+01,1.361798078059424988e+01
1.690602698004046900e+01,1.790471243104607879e+01,2.102224526155925588e+01
1.493891856409414487e+01,1.993364383138047558e+01,2.060634019378217019e+01
1.469909731021304111e+01,1.940533413910333849e+01,2.408938172008285150e+01
9.173211812118172048e+00,1.355181861773622565e+01,1.623275191201888745e+01
1.871185499163096466e+01,2.101323083240719569e+01,2.136177840388827676e+01
2.174321302207446394e+01,2.208523755334773142e+01,2.304643212148016218e+01
2.389510767629164434e+01,2.631270654640692186e+01,2.862677202496130491e+01
1.552724753136278757e+01,1.720931010407559825e+01,2.090392893836200727e+01
2.114569470451151290e+01,2.151135968978836388e+01,2.572313597843994515e+01
2.447688061948570848e+01,2.462065164345048274e+01,2.923944020502792540e+01
1.811304965530948863e+01,2.184219260449363631e+01,2.498965637691490471e+01
2.861208795913327307e+01,2.938880226050604705e+01,3.093271583818168580e+01
1.723097859893216111e+01,1.967643339434706107e+01,2.350663353274327960e+01
1.826198127803583660e+01,1.929315219998277797e+01,2.347137977496531036e+01
1.137644396896653731e+01,1.538154579147397527e+01,1.847977174237437126e+01
1.753032616315343972e+01,2.092603371054545391e+01,2.199829864414432024e+01
2.002925560741918432e+01,2.141656719254519103e+01,2.490935130960011534e+01
2.209104771556620150e+01,2.238007669121786591e+01,2.478399893842416546e+01
2.088273772809214179e+01,2.330347191705119769e+01,2.492839087003069665e+01
1.921378072480442256e+01,2.135916782977941608e+01,2.606485517365958771e+01
1.860243694203463605e+01,2.302651927403576337e+01,2.418821035119108132e+01
1.666736454015038404e+01,2.148745020496060931e+01,2.424220255960274883e+01
2.379766883112879583e+01,2.422782166345343668e+01,2.656303206183426013e+01
1.663964500250686740e+01,1.863047303278236200e+01,2.341674557504601850e+01
1.730164596007558586e+01,2.078733771075925318e+01,2.469236794805929947e+01
2.066686844216546604e+01,2.404263349777207281e+01,2.600998261554870794e+01
2.474021172587180217e+01,2.544146758279568488e+01,2.779650460204058859e+01
2.118973776742847548e+01,2.301127039733253099e+01,2.334496479743743791e+01
2.065890801849032954e+01,2.258091976706445436e+01,2.533675909033592077e+01
2.028786869768632073e+01,2.313525529466224029e+01,2.811138571917124906e+01
1.946316164444504082e+01,2.137528589003444779e+01,2.291399238812403283e+01
2.041206527120035119e+01,2.347266990063506142e+01,2.686690043950259721e+01
2.723787643434724615e+01,2.751085665795451618e+01,2.771345612508645218e+01
2.290937058887599420e+01,2.419827093410216889e+01,2.527548964779186136e+01
1.937458165110829356e+01,2.385560602884419268e+01,2.837453483928557318e+01
2.131701978535295083e+01,2.431240425929739857e+01,2.875784321244568886e+01
3.005794686200685817e+01,3.046779191327850356e+01,3.214142117382452568e+01
2.644235583559968816e+01,2.780349455057000441e+01,2.828391023362530632e+01
2.503667260728886745e+01,2.794036989992735798e+01,3.083922495056583202e+01
2.480342675585697165e+01,2.714077628841057788e+01,3.167023544078446662e+01
2.468163606975955560e+01,2.735640599262027095e+01,3.010389197357494240e+01
2.842746292258560459e+01,2.843982294978699699e+01,3.068519893526647735e+01
3.033471244155594349e+01,3.123029197157116243e+01,3.381958402288874765e+01
2.369135610119149504e+01,2.674314721976535125e+01,3.019472559380664478e+01
2.353480494036442039e+01,2.693128033619866102e+01,2.834145108307619410e+01
2.797655088257151590e+01,3.059649030775573664e+01,3.346392837658807906e+01
2.280630211712428945e+01,2.703824189974679726e+01,2.859429772440186568e+01
2.904345517702247648e+01,2.982011597047732110e+01,3.314209949168659364e+01
2.199077923080586672e+01,2.580480759943269575e+01,3.061337499043264643e+01
2.053208609098000892e+01,2.286311616862955987e+01,2.654737533913310443e+01
2.071969541511553814e+01,2.324225497187562439e+01,2.391379794343476917e+01
2.782818912806769163e+01,3.241589045243494382e+01,3.554333376642496489e+01
3.573448600554003463e+01,3.588868245924076916e+01,3.813595537656445345e+01
2.649410854019680883e+01,2.764834295306872036e+01,3.208633572097569697e+01
2.363169906161613554e+01,2.600609130077666009e+01,2.832112370544965074e+01
2.720864461666128520e+01,2.879488267862884499e+01,2.901821216950569493e+01
2.444783974962783546e+01,2.585317842275124889e+01,2.863715314564612768e+01
3.232521338982176928e+01,3.395863152058826273e+01,3.423464412770491805e+01
2.184389939064649866e+01,2.576120037155078535e+01,2.854598445340597124e+01
2.328106327343320459e+01,2.423808386382685853e+01,2.699947650141026401e+01
2.521011965344066752e+01,2.867180655308203896e+01,3.196540076859908197e+01
2.721851432661589953e+01,3.042706382349862082e+01,3.121290684981470775e+01
2.815820664359267056e+01,2.832689903650838659e+01,2.908383236070645239e+01
3.007717092867459741e+01,3.277255787111624130e+01,3.562150057676380044e+01
2.552243921958808670e+01,2.887641357383226293e+01,3.113603160703537753e+01
2.283433575878066435e+01,2.758954699182820391e+01,2.971304224374618030e+01
3.421861283268829368e+01,3.676737299837552087e+01,3.962138046427729421e+01
2.681009063554553506e+01,3.008574026333730345e+01,3.017752508725510907e+01
2.430360868325622192e+01,2.696470576490847648e+01,3.097432641783206009e+01
2.439580271139713119e+01,2.584303260024434223e+01,2.758676790510299881e+01
2.317949421905390395e+01,2.567245599089366692e+01,2.742056550409425952e+01
1.937909972379976864e+01,2.025716762947420335e+01,2.339764693111588301e+01
2.818872630592516870e+01,3.296144624533063450e+01,3.496081888249015890e+01
2.643884619398955493e+01,2.885432127376560629e+01,2.923992983649230837e+01
2.967155408718662457e+01,3.154578721659543561e+01,3.405388815144198134e+01
2.886109925368781148e+01,2.997491733387903778e+01,3.485130111335311653e+01
2.202922679689825713e+01,2.216675923022721406e+01,2.649573128345542017e+01
2.574723328192354543e+01,2.871234315990530561e+01,3.058538664673231011e+01
2.731600358725692246e+01,2.899209912137849798e+01,2.920584254188553075e+01
3.276164796722542860e+01,3.377284907058209740e+01,3.616305686470600733e+01
2.813522140101504831e+01,3.237460935987648014e+01,3.638052897497896510e+01
2.623339872748519852e+01,2.903685588749643998e+01,3.042606695625065427e+01
2.753722083528547770e+01,2.945968487424786630e+01,2.955405626033582323e+01
2.347731379826716491e+01,2.732107385351311279e+01,3.168602350516356836e+01
2.604044712332186862e+01,2.688099976865933272e+01,3.102162142130986666e+01
2.390706429583038073e+01,2.735338028651206699e+01,3.206910744089697829e+01
2.781298490621344399e+01,2.900183949653962401e+01,3.272194111562858865e+01
2.700609768915590081e+01,2.995347466860459562e+01,3.479732175751114198e+01
2.531600962233187602e+01,2.877886033096665130e+01,3.117110813308380912e+01
2.718372380498761132e+01,3.063710171472211030e+01,3.562186247724530119e+01
2.432217351332268862e+01,2.828967239901837516e+01,3.300408159138095243e+01
2.685423631265398825e+01,3.167101503779398541e+01,3.570370923103718042e+01
3.440650432449799467e+01,3.547948388936848119e+01,3.952799565815088556e+01
3.290709646136284761e+01,3.331033797090825743e+01,3.523072341346579606e+01
2.155311021288295947e+01,2.644302755948066164e+01,2.898963492354200611e+01
2.512667785661240316e+01,2.777943050732897845e+01,3.141676579488902377e+01
3.176368735754967076e+01,3.325289477690368756e+01,3.347729177064357486e+01
2.348839284534535921e+01,2.453899884523589492e+01,2.846808034022398814e+01
2.669275384988088362e+01,2.851862962841098437e+01,2.914321735727928342e+01
2.632937538465025185e+01,2.949818417826272920e+01,3.210210531385453692e+01
2.625537133428456826e+01,2.849321715775680275e+01,2.965055279138103117e+01
2.486392033399914681e+01,2.859974167704405446e+01,3.139469451561696189e+01
2.526989973623489405e+01,3.018566628996137524e+01,3.449876734006865320e+01
2.814148637344011661e+01,2.933024564974024173e+01,3.199096844688699903e+01
2.401375066143538817e+01,2.665954085787786454e+01,2.739609998799219426e+01
3.021602335482215551e+01,3.427760053445497590e+01,3.595792168648657139e+01
2.822660343437338426e+01,2.893465211190391528e+01,3.014255478421432599e+01
2.513865407377964090e+01,3.000073089586192410e+01,3.281888427268690833e+01
2.779683005333648182e+01,2.790076994000898125e+01,3.053763298960579320e+01
2.396944336043387125e+01,2.885879572100717283e+01,2.931550652921372802e+01
2.449521910849361106e+01,2.639550622843908556e+01,2.839126959407758832e+01
2.407780884820099843e+01,2.483323917907059553e+01,2.696662705567606722e+01
2.998975742656095633e+01,3.053242182583878161e+01,3.400666520445531660e+01
2.102460601433089593e+01,2.566526927036933614e+01,2.773186086337932110e+01
2.255884609874973279e+01,2.743464622726769875e+01,3.021672835210440766e+01
3.338649518912446013e+01,3.355790255014072443e+01,3.439165787119492279e+01
3.145732714325367851e+01,3.196656541337856439e+01,3.549328577604835999e+01
2.203915016050622455e+01,2.569557537963364524e+01,2.768811719390354753e+01
2.503259010788717731e+01,2.918419330075087359e+01,3.357135989565427536e+01
2.219562978847741874e+01,2.350466677693378514e+01,2.776415467399178638e+01
2.750068155740032338e+01,3.152600836986923838e+01,3.357239616778894487e+01
2.596044488169760811e+01,2.781876506425899009e+01,3.270471354530300090e+01
2.887622963237771145e+01,3.093846003690110180e+01,3.243004194179839317e+01
2.511708065299009007e+01,2.814994192460521205e+01,3.252345182167116633e+01
2.281957891163480667e+01,2.593383609004008861e+01,3.037511237550630128e+01
2.221656607388687732e+01,2.622411633251024199e+01,3.067434352332274727e+01
2.186832573428312543e+01,2.575992146800225413e+01,2.876802043751729343e+01
2.783606656441557092e+01,2.812085685244631250e+01,2.992147510412299027e+01
2.409867601440780049e+01,2.434893776010629196e+01,2.895137817535864144e+01
2.181113439464045811e+01,2.653815920159646780e+01,2.730464034583591015e+01
2.359820129959566515e+01,2.671710930204598355e+01,3.084433238608449557e+01
2.106286643536218151e+01,2.146008890796371560e+01,2.630151599671490104e+01
1.968765251991349174e+01,2.273993729522188190e+01,2.456621738735189098e+01
1.806992413258672059e+01,2.088198268448132211e+01,2.370893487417728451e+01
2.429444467085557235e+01,2.488105227071562453e+01,2.773108172974648866e+01
2.197659104214737624e+01,2.533041087561667837e+01,2.647921802018242587e+01
2.748932113876547589e+01,2.763426395482181164e+01,3.017460856913747591e+01
2.223872194382120782e+01,2.265861406550103396e+01,2.397001832333428695e+01
1.867615496528204844e+01,2.111339553231394461e+01,2.135334946172743997e+01
1.875772410565569359e+01,2.333736150819069621e+01,2.515106137344130488e+01
2.364908029050456761e+01,2.593359879373506516e+01,2.872812017542486629e+01
2.718158775117414905e+01,2.974302842579901096e+01,3.081173128306074105e+01
2.400109060871238853e+01,2.473529739356068191e+01,2.562595098514294278e+01
1.929757594749614924e+01,2.114997571072253635e+01,2.471164717640981578e+01
2.196584757108201558e+01,2.529109589113372891e+01,2.832685078437017268e+01
2.337998105221982215e+01,2.420982662465534929e+01,2.467887683517457376e+01
2.291490965622084985e+01,2.381441427575444081e+01,2.779240321864388008e+01
1.556405354138042796e+01,1.951346657339138346e+01,2.291821120523482591e+01
2.003261106140968906e+01,2.453247199446098747e+01,2.477091704943539341e+01
1.850098694140783095e+01,2.174844744862723189e+01,2.587904320403648484e+01
1.892797653343284381e+01,2.153150395209093304e+01,2.359302510541758835e+01
2.206603846275138636e+01,2.547390459950058528e+01,2.902616896728352813e+01
2.092938907733012144e+01,2.432221543241415773e+01,2.912171687422274502e+01
1.413470480432478027e+01,1.897235595431357424e+01,2.211880263254771606e+01
2.187140569354996700e+01,2.669656178541638525e+01,3.133389989249329233e+01
2.399556509392617443e+01,2.513390710904888081e+01,2.878421566586764158e+01
1.764924689184515572e+01,1.926140424670308349e+01,2.325471661739266338e+01
1.352488961916574617e+01,1.502564455908972008e+01,1.617946216178010843e+01
1.759609360662348010e+01,2.245240095981347395e+01,2.380960204234724031e+01
1.846862382586457940e+01,2.198359856346280949e+01,2.225935459148306350e+01
1.568361451109590732e+01,1.818257136315144962e+01,2.076290930294585735e+01
2.247520727008633656e+01,2.624029837283714883e+01,2.966240942531851843e+01
1.705698543677713275e+01,2.023580810500553895e+01,2.165976609161636901e+01
1.808306233132168117e+01,2.024902616943447242e+01,2.323140401514838871e+01
1.918962673044091360e+01,2.116365925929780190e+01,2.557237701929575735e+01
1.905366359314737679e+01,2.361272293234073771e+01,2.615816574128968952e+01
2.000157258331026711e+01,2.058965076143165618e+01,2.179528006921317740e+01
1.503564576159844535e+01,1.975225074967783101e+01,2.374576131150002922e+01
1.134617132713711030e+01,1.496206553133069939e+01,1.684070831799461843e+01
1.726319279738972767e+01,1.902768991452161984e+01,2.181626739218032895e+01
2.008059875271420935e+01,2.290227363983492737e+01,2.592003829668680837e+01
1.378499512058722765e+01,1.665460356645487039e+01,1.824696440028690247e+01
1.793048267098624748e+01,1.883358951167516437e+01,2.368722967866797191e+01
8.516897501583688523e+00,8.976784727449398815e+00,1.306563107713784078e+01
2.130050154689597974e+01,2.228509617156889888e+01,2.705317556249548616e+01
1.497920699872671690e+01,1.747597389510544730e+01,1.916626771961260900e+01
1.249424587341080084e+01,1.708888310452466897e+01,1.879151026163395244e+01
1.628268112951508684e+01,1.892325824410195878e+01,2.292238848350947578e+01
1.430073783502330009e+01,1.803733967923145087e+01,2.251365289330178143e+01
1.634647316163227515e+01,1.818369545161133871e+01,1.920346331301424314e+01
1.104556124858117805e+01,1.321835148263771842e+01,1.663273579960501181e+01
1.916397989675093783e+01,2.047460427163565200e+01,2.386289561119611946e+01
1.890729370479223803e+01,1.975588333207780067e+01,2.472757117082003120e+01
1.433615403095696550e+01,1.707753327037324453e+01,1.746563253731131127e+01
1.992771469016200925e+01,2.051823233747317232e+01,2.346979614019362970e+01
1.294491604597969392e+01,1.572028743054045030e+01,1.778878326770012563e+01
1.099222571171168639e+01,1.402079513240914110e+01,1.451072566977641465e+01
1.541841683518401140e+01,1.603193807540898419e+01,1.748836494556226739e+01
1.447546103350693159e+01,1.859695229738897382e+01,1.979453798230978734e+01
9.848793155590700010e+00,1.353642624785812032e+01,1.642916918330858422e+01
1.140809823434355152e+01,1.311848631196417436e+01,1.374845478939523957e+01
7.538919942661547857e+00,1.117994704874597822e+01,1.335470794484360901e+01
1.106651559802578078e+01,1.410605077955846021e+01,1.633426924741209874e+01
1.110839692445451732e+01,1.456019949207030351e+01,1.483880265781479757e+01
1.037913278521875604e+01,1.062289983951174044e+01,1.193719544638731911e+01
3.542793940458545343e+00,7.544955534180877166e+00,9.678193111035350071e+00
7.315284873739143379e+00,1.220015333386213996e+01,1.610329805663606706e+01
1.081499141753816851e+01,1.387510140441526296e+01,1.516176706500103499e+01
1.669546454104924038e+01,1.801532816003765802e+01,1.971721615654278636e+01
1.080827176387662547e+01,1.504503561359995167e+01,1.903814969391997636e+01
1.598988255767555700e+01,1.966534641128912142e+01,2.229078877588679575e+01
8.992156587153012026e+00,1.084056844840930545e+01,1.451961314574727702e+01
1.183424349621461147e+01,1.349756261559625159e+01,1.737645442251006145e+01
1.080754852693006107e+01,1.156622343486939641e+01,1.469417539878709178e+01
1.870347256913373002e+01,1.919531467988170803e+01,2.197856692381609278e+01
1.281953240893503221e+01,1.331258937438329149e+01,1.779345878103124790e+01
2.236585971991725152e+00,4.253632193035845610e+00,7.424642730982199623e+00
7.548817107461283982e+00,9.257596368307712709e+00,1.197497797515825368e+01
2.820319356527402732e+00,6.417806115611845996e+00,8.127094493607053494e+00
1.359042946515840278e+01,1.465341468416002968e+01,1.812280902732417687e+01
7.477094636515323245e+00,8.119925696167429763e+00,1.224240938638597953e+01
8.856380269181372000e+00,1.163769948693354550e+01,1.235893592498434757e+01
7.395994563786214115e+00,9.726630810499901969e+00,1.150954762780767915e+01
8.017362412382667003e+00,8.804224190063033362e+00,8.998712000551821077e+00
4.700273537130359003e+00,6.936935869882026040e+00,1.019457280441397984e+01
3.735806017667846035e+00,8.175825799148459083e+00,9.840756275489145111e+00
8.102164195968889260e+00,9.624153667698358561e+00,1.227123899290613451e+01
5.479222932170271676e+00,8.317612364672500647e+00,9.029066413569692529e+00
1.028909909886051821e+01,1.066483682605133332e+01,1.155535816334869459e+01
6.790914088822463945e-01,3.749814812412501475e+00,5.704047794696277762e+00
3.958439582178006511e+00,4.428128078724231642e+00,8.335320780952569564e+00
7.732938522031385986e+00,1.090280799619227992e+01,1.507833935313026785e+01
3.854115130946046186e+00,5.383073582337368990e+00,8.219635373349571950e+00
1.117340669141548837e-01,3.637390632147216252e+00,8.235996089043343460e+00
8.758482586848757023e+00,9.020229398106227592e+00,1.360947044101653702e+01
6.524225070692298623e+00,7.466003597085293819e+00,9.495351078005425549e+00
9.782475787419873114e+00,1.041213370439513852e+01,1.482380537167259682e+01
-1.550536070392670496e+00,-1.669520386764009601e-01,2.863623563425072405e+00
-8.361285994326284055e-03,2.350216296803254501e+00,6.734478974146138164e+00
8.782857142689410423e+00,8.982315335423407987e+00,1.105576705640399382e+01
7.622001576519572552e+00,8.900807356530952674e+00,1.019476205809409386e+01
6.818563568490983329e+00,9.476997468478902675e+00,1.067287593930625356e+01
6.240645467378675093e+00,8.852184958432735229e+00,9.528420931773560199e+00
2.451637690380174206e+00,7.075113877341603796e+00,1.118600810300073789e+01
4.515738894713853924e+00,4.956555800148358060e+00,9.018284010468175182e+00
-2.827324635173502632e+00,1.019767017667237319e+00,1.364945213231392174e+00
9.861630039470732356e+00,1.233329228259071897e+01,1.309832473183991652e+01
3.200258113488706257e+00,3.478270432478013596e+00,6.837717827266253323e+00
7.499735128644601900e+00,9.804432304409303356e+00,1.267067890279946951e+01
3.629906101207570845e+00,4.349537637292606007e+00,6.462174847165080394e+00
4.711391355338387044e+00,5.351500481049016322e+00,7.867703279936803185e+00
1.475631836366164684e+00,3.505505023626949157e+00,8.424610051179485026e+00
5.964419529182958257e+00,6.061274867198378047e+00,7.543460629226570902e+00
4.177146022849095530e+00,7.234667352165075727e+00,1.034384794809101571e+01
-2.282660879863530834e+00,4.973261193806859382e-01,4.788826037044207951e+00
3.360246309264295128e+00,7.093036768595290198e+00,1.175476988629475983e+01
7.048052516260690403e+00,1.043476971282114540e+01,1.174907477491967889e+01
4.123118098733311143e+00,6.960326768340072690e+00,1.076957919960325682e+01
3.585646219857643757e+00,7.736767739665719290e+00,8.184546502919362254e+00
2.492089034007379578e+00,4.717718010767687709e+00,5.876827054974794962e+00
-5.362317408896415394e-01,3.603586950438094849e+00,3.952910094745474723e+00
4.023998257102552323e+00,5.841244125744483817e+00,6.438018168901167293e+00
-1.537442259641438547e+00,1.766361840208328537e+00,1.812524789316067197e+00
-4.880681062675229498e-02,4.145627104328746704e+00,6.717390528365451807e+00
-2.184814517994209560e+00,-1.241430145722670630e-01,1.729016624650632883e+00
-1.821207962361239829e-01,1.423004132011954859e+00,2.974928759183281368e+00
3.587966262799504591e+00,8.332605623132991468e+00,1.063390967539509013e+01
-3.123792432722884094e+00,-2.684724096518610104e+00,-3.624979580021379100e-01
3.311742302823359019e+00,6.949457920845650172e+00,9.843642661651895054e+00
6.514310816573160245e+00,1.070256713584605812e+01,1.258154790437821724e+01
9.540126497375602810e-01,5.376876665675900391e+00,8.743046801377341026e+00
-1.030698203060170126e+00,1.717114933376398422e+00,5.469371960659895393e+00
6.004083256535800217e+00,6.412317700932271158e+00,7.684811967108775121e+00
-1.653025109455694253e+00,2.200565514858059402e-01,3.286380964867305909e+00
1.313025783060989715e+00,2.106484952851790826e+00,7.049421263839315444e+00
-4.225152610281289967e+00,5.030003972474084151e-01,2.684518487731109015e+00
-3.974217330815963400e+00,5.044068918011515024e-01,4.865114286072151906e+00
5.261814001166989385e+00,7.108454940426415902e+00,9.826325072969860130e+00
3.703859018028446304e+00,3.912843534699822268e+00,6.468369886335874952e+00
3.763897601906136092e+00,6.312200185047242229e+00,1.048400151058589103e+01
4.775812320119245058e+00,5.144930226652100203e+00,8.165315232554352320e+00
-4.278454311743766780e+00,-1.491894820181647319e-01,1.919396012887272462e+00
7.973474800942548235e-01,3.592607859963695027e+00,6.873081965235407154e+00
1.303869922914207669e+00,1.617057766547202569e+00,3.890114893175478983e+00
1.905121298222474557e+00,3.055302221070237856e+00,7.623392122795817905e+00
-4.663941307186902918e-01,4.248387997337616184e+00,8.068720471383500126e+00
2.988247908848787215e+00,3.613300412362656644e+00,8.601805802080578545e+00
4.925206667752110690e+00,5.176397339680789855e+00,9.858985581707617740e+00
3.810467033517533686e+00,4.966023038939122003e+00,6.060553967709282119e+00
-1.171471759564447268e+00,1.606778833430053233e+00,4.533701890271890633e+00
2.456258547998004360e+00,4.969353347906020346e+00,9.246857041826251233e+00
9.868103793800928614e+00,9.904144103745863958e+00,1.134401370190794722e+01
-7.882505997914179829e-01,3.096752776005096575e+00,5.781910020723910471e+00
-3.925716988433356480e-01,3.907345461465396852e-01,2.611297601482778674e+00
3.844386782637852829e+00,4.083409302794096973e+00,5.046892847723433384e+00
3.962141104147381299e+00,7.269136647860893419e+00,8.080066411600389742e+00
4.172683730224755472e+00,6.894989161606951633e+00,9.592281887616325164e+00
5.568497410768295630e+00,6.120720067508254481e+00,1.079028475399515763e+01
6.715621066401610051e+00,9.821688982667883039e+00,1.392534326996271332e+01
6.810500576042347376e+00,9.487876224373673395e+00,1.325512572289509450e+01
5.934393781194368778e+00,8.606810774356091542e+00,1.115272610782620788e+01
3.607596511628383240e+00,4.479939349903251156e+00,4.638878956036023737e+00
1.259293656881417256e+01,1.380145466508151841e+01,1.472211479617932106e+01
1.268550210580960957e-01,3.445643038137471414e+00,4.394504285812693922e+00
7.575172141899075839e+00,8.216830667358903995e+00,1.249772123479115038e+01
2.137961097922648879e+00,3.661498391857247459e+00,7.932773582662317580e+00
4.007654789873034140e+00,8.017112307249508518e+00,1.212001035016760575e+01
6.664496431401047083e+00,7.561200575867133011e+00,7.685886084195992396e+00
3.349492583365385023e+00,4.929461618529110467e+00,9.043253067490773844e+00
-5.146175757863431066e+00,-2.257095345497646122e-01,2.156271128245967006e+00
1.179171283432902584e+01,1.265222412319563716e+01,1.389597687780486979e+01
6.773068169805260830e+00,1.106127814861873482e+01,1.163431764417861025e+01
9.156701185397981391e+00,1.081298946491624946e+01,1.499568705573887328e+01
7.240360421111242673e-01,2.094834454092406872e+00,4.881489198807681618e+00
8.267474983608838812e+00,9.560791659551709287e+00,9.857388666491470275e+00
4.561485959826474534e+00,6.262889179725376287e+00,6.343018951642453551e+00
9.788011031661927319e-01,5.572265386073496529e+00,6.339645598934421145e+00
1.410239026212269930e+00,4.476964873780797660e+00,9.261061904694685154e+00
6.845451268864468197e+00,1.145076466096224266e+01,1.198519032063688172e+01
4.446010234844951725e+00,8.187543989475830841e+00,1.021231732730264952e+01
7.000999336198729495e+00,7.409100356028798018e+00,1.086775728301457633e+01
4.000006705061160517e+00,8.607044607437275729e+00,9.596888551028207814e+00
7.576650274760753589e+00,8.234301326199291893e+00,9.713322975057753439e+00
1.002577413773372150e+01,1.080357041985582001e+01,1.177557831268670974e+01
-3.586375611294556620e-01,1.693191862975846007e+00,2.254354002334448381e+00
6.438981807249921197e+00,6.874103581493134385e+00,9.142096782634208552e+00
2.071057315130658161e+00,4.060506646863018432e+00,7.801733182164633185e+00
5.319413132661359178e+00,9.137054055629427296e+00,1.172575714479830467e+01
-4.262132711402157881e-01,3.843604552142175557e+00,4.316481993121472627e+00
4.437956227740686543e+00,5.019667578637704963e+00,7.273482356419785688e+00
5.115433037767331825e+00,9.831801521598071858e+00,1.248039828030985632e+01
6.229483054342992432e+00,8.161831843947826570e+00,9.152580022762462519e+00
5.412301238701015649e+00,1.027923124001074129e+01,1.201119382639175726e+01
4.415841491359048909e+00,5.776802803265303154e+00,7.673698048159658391e+00
5.706395469976769164e+00,8.837571188289716773e+00,9.144719972912657369e+00
8.999710060617736929e+00,9.577205060702947748e+00,1.451893643456416072e+01
3.952177077433352004e+00,5.800420986368606258e+00,8.636087930282586811e+00
6.140207295035769341e+00,7.993895684596493467e+00,8.017040426695920985e+00
7.038229987831934764e+00,1.079685438283651422e+01,1.319497331799873052e+01
6.921034528794532292e+00,9.350055082876339796e+00,1.193873994675913508e+01
7.095558374063087648e+00,8.094996181117490863e+00,1.222189529770904493e+01
7.502421109836463486e+00,1.152189289602228861e+01,1.280205659240652238e+01
5.316331730710307291e+00,9.493282295135706761e+00,1.423429350013871186e+01
1.199223529199240801e+01,1.206389920234404833e+01,1.541193811763269572e+01
9.418460958994572252e+00,1.304866336984917652e+01,1.528698652990018836e+01
1.305921122317744398e+01,1.339088305564215275e+01,1.408786198564682657e+01
7.349690696378575971e+00,1.216581890703126057e+01,1.481154867992832180e+01
8.036296173410050869e+00,1.143774970186326101e+01,1.384445600336411175e+01
9.459931123473378278e+00,1.205725768788457763e+01,1.303073291346085583e+01
1.503578261233698754e+01,1.634504345208426201e+01,1.805029349931227500e+01
8.899640364211194310e+00,1.049983760403454092e+01,1.096884850504659958e+01
1.337570992204531350e+01,1.688012911384057446e+01,1.724902701404753813e+01
8.732823686257646045e+00,1.147751286374145607e+01,1.351096963756258695e+01
1.223595129218308664e+01,1.464266780687525227e+01,1.807059183881327868e+01
1.100964278108259187e+01,1.400237045401668645e+01,1.859344898289134207e+01
1.082430430391132070e+01,1.565519571167798318e+01,2.058869422202668176e+01
3.183106697000331664e+00,5.388227816782675816e+00,7.230375323738122972e+00
1.358747157873635558e+01,1.572066801092230648e+01,1.676053889832063248e+01
1.148949799601756716e+01,1.370964900021373190e+01,1.686361386256515971e+01
1.286343501206152240e+01,1.634286514298068838e+01,1.676955819682280691e+01
1.125392120899766368e+01,1.554340890787558394e+01,1.694680903414167261e+01
1.417552897298013193e+01,1.765972687031971233e+01,2.165804357752932674e+01
1.003585006429311832e+01,1.214246987660620469e+01,1.341909664685149650e+01
9.008205670136302246e+00,9.844723634984998029e+00,1.442305340836964156e+01
1.000211788961669157e+01,1.067052499641616592e+01,1.255115139266503022e+01
9.891402470293609639e+00,1.422747507256021926e+01,1.731285299837308145e+01
1.285754170513627415e+01,1.352786592679582256e+01,1.660267360319322805e+01
1.363459023796515446e+01,1.770768635874212293e+01,2.146120778789755690e+01
1.581295174491187794e+01,2.006982504446847670e+01,2.357986226912075978e+01
1.521799974947462175e+01,1.877079607406458805e+01,2.135055765881287471e+01
1.393639085304932479e+01,1.503313477024505396e+01,1.721851513902976194e+01
1.654711693988637577e+01,1.673785566234528943e+01,2.083302220694793405e+01
1.405855972111280749e+01,1.902962636302978794e+01,2.204227124481707989e+01
1.824335692295490929e+01,2.154700340807184489e+01,2.354579986561014238e+01
1.924754381762002353e+01,2.088524880502149728e+01,2.500404322828989834e+01
2.007725137370245250e+01,2.110761992504970053e+01,2.513977392186804138e+01
1.620513319762925164e+01,1.933107145563432283e+01,2.053918543665231411e+01
1.816190835529041436e+01,2.170213955132414085e+01,2.599495500729007347e+01
1.962122313641421911e+01,2.095363286595183894e+01,2.237373908750121743e+01
1.391319969668265522e+01,1.410493363715751691e+01,1.430670561448649103e+01
1.618248809535491262e+01,1.992385860479119941e+01,2.025120539207192749e+01
1.625659450069346690e+01,1.663815363672136272e+01,2.020079500671974415e+01
1.382410624797059739e+01,1.684424610013863344e+01,1.937448612475766652e+01
1.715796572566804201e+01,2.008382814965506213e+01,2.367489685603514360e+01
1.686246453073704288e+01,1.981068058355492312e+01,2.439519012053600377e+01
1.817826284803063430e+01,1.934806239362189473e+01,2.246592826283770705e+01
1.525475561984980111e+01,1.641204844306127342e+01,2.088797429508446513e+01
1.573452776423125599e+01,1.997126295964524800e+01,2.470935767015976126e+01
1.671578455302825006e+01,1.710012783331474751e+01,2.147415105651595724e+01
2.118265192084900406e+01,2.180420459036330882e+01,2.647386032935895983e+01
1.651796043865063979e+01,2.098249458052855232e+01,2.471330557434269082e+01
2.302352317721064878e+01,2.316159823405394391e+01,2.351301661662317954e+01
1.441398442690980453e+01,1.850774274741782222e+01,2.330051365627739912e+01
2.361847453902187155e+01,2.523804208710945574e+01,2.692958778221340310e+01
2.002086566903117060e+01,2.250107965488354722e+01,2.258591562866943292e+01
2.946178728629920585e+01,3.223884165252017198e+01,3.467501006961287402e+01
1.812246710481679557e+01,1.971420674733590062e+01,2.305455865505407687e+01
2.725695524896523736e+01,2.739787622602067074e+01,2.910322450461032062e+01
1.950169010363679334e+01,2.037631260823653889e+01,2.371267376409160121e+01
2.477069117904729723e+01,2.598239084581893721e+01,2.837636246701876885e+01
2.379748237401527433e+01,2.457077997849683726e+01,2.598518485646330234e+01
1.491529815237628398e+01,1.876447602894938527e+01,2.109843470631160756e+01
1.758948190298271541e+01,2.258824842944563471e+01,2.343291676728879835e+01
2.511678540171339336e+01,2.647632568086384808e+01,3.064822550443260596e+01
2.269722377203305186e+01,2.317925531377019865e+01,2.505910602838025270e+01
2.580361476439620105e+01,2.696778393391202044e+01,3.026916056069207883e+01
2.230656720195761267e+01,2.586129333905376626e+01,2.912265939109132518e+01
2.627358019898290920e+01,2.763616795813126004e+01,2.818816115913853793e+01
2.510331910028531865e+01,2.607598011585623965e+01,2.908128268412400885e+01
1.785000166138368272e+01,2.188751305625978816e+01,2.256383944312161560e+01
2.329253288708724767e+01,2.507523113977712015e+01,2.635955255082544824e+01
2.470267899120405630e+01,2.559423441290017820e+01,2.808060196177438073e+01
2.309003134763689147e+01,2.521877902989723097e+01,2.856445158611714419e+01
2.065034674825014349e+01,2.314696510176855071e+01,2.778871434094865123e+01
2.054192693958171390e+01,2.480469560646239557e+01,2.634798696780430305e+01
2.419580030562025286e+01,2.744777629694060295e+01,3.069804649227365445e+01
2.295767641710982687e+01,2.597318317948740329e+01,2.894237398556708030e+01
1.845879991467872827e+01,1.889700977383110470e+01,2.351463408429245661e+01
2.719256065290511515e+01,3.003321061025562244e+01,3.208350866630014764e+01
2.087544741420875027e+01,2.495022451228498284e+01,2.621164807197050806e+01
2.130966468710207806e+01,2.153950524781632225e+01,2.314940420666861698e+01
2.362580176517811026e+01,2.658000879343889622e+01,3.118716522264050539e+01
2.114477763664298493e+01,2.487049916706130759e+01,2.666475821404547730e+01
2.021097298804540543e+01,2.418203093676537563e+01,2.888003391147373122e+01
2.542776386797006793e+01,2.751353973129824482e+01,3.247664589760461951e+01
2.918277683498187258e+01,3.129645004431504418e+01,3.556103503845167779e+01
2.733609342813615939e+01,2.864131693581075666e+01,3.040103584400009140e+01
1.895940657658530526e+01,2.327893674651628686e+01,2.345463436568203974e+01
2.533410346860988938e+01,2.670230427845844545e+01,3.036375346910188000e+01
2.362085341921326531e+01,2.633176045503990892e+01,2.917554053888672527e+01
2.765425339869560162e+01,2.930970244657708079e+01,3.212105837346319959e+01
2.048123259437051047e+01,2.207234077058219412e+01,2.240776111710723129e+01
2.964777379554854164e+01,2.971252827457288603e+01,3.112194959787790793e+01
2.222857071552026298e+01,2.528082444859304800e+01,2.630152065441933118e+01
2.304938027833352976e+01,2.645006457310110903e+01,2.871912218058460198e+01
2.782795491065445503e+01,3.101341545933548716e+01,3.318740613252421667e+01
2.538104633142527433e+01,2.936772029221998892e+01,2.978270365726002211e+01
2.972056715276155359e+01,3.007434338065047541e+01,3.485836837316212922e+01
2.989675186740830881e+01,3.144989591369531468e+01,3.274626184233092374e+01
2.428906312640178200e+01,2.779037120863041466e+01,3.137165259201993450e+01
2.479352481716979284e+01,2.572300485273277104e+01,2.637726818353450042e+01
2.547565463711329059e+01,2.956616176609080426e+01,3.412377117872729571e+01
3.011965183302272564e+01,3.134326015813638833e+01,3.216607268436987255e+01
2.564161226549102324e+01,2.913213821484939814e+01,3.246888298668844186e+01
2.962942397091228131e+01,3.297262424800788949e+01,3.657347131974252363e+01
2.442860393979775324e+01,2.809123371791324431e+01,3.199695640307265876e+01
2.818370393917302152e+01,2.850876371769229678e+01,3.335927597537715172e+01
2.374924898297464182e+01,2.576683583040838244e+01,2.761261302574454746e+01
2.518098607901006503e+01,2.640584680708225207e+01,2.752858351180836749e+01
2.737869961861765944e+01,2.993418725672971092e+01,3.249208948492119475e+01
2.437756907046890120e+01,2.550340324980755824e+01,2.789754028163612176e+01
2.649012189974225606e+01,2.920814310901888433e+01,3.098162561531235681e+01
2.555082903846436437e+01,2.930530657427411967e+01,3.322321461638903628e+01
3.037015794906014321e+01,3.121277786576829882e+01,3.438535155964182621e+01
2.895950279449176534e+01,3.237250149072636418e+01,3.736346897656640209e+01
2.686019677907221137e+01,3.101424890278622826e+01,3.540563853821123530e+01
3.223342867549815338e+01,3.604422492294477109e+01,3.874687379892606742e+01
2.767658802955345010e+01,2.991649632638853262e+01,3.197599810972819512e+01
3.068007232215997249e+01,3.480057271070965896e+01,3.657853802207791460e+01
1.901570946763349923e+01,2.237184032019099789e+01,2.434509466548934853e+01
3.067081507407710461e+01,3.067323657522063129e+01,3.247626312884710131e+01
2.781541088223687197e+01,2.846335953210508052e+01,2.860763010124549410e+01
2.960402227889062843e+01,3.065068593327494995e+01,3.561155476522851160e+01
2.990552984786355140e+01,3.059558246695396022e+01,3.400225947356020129e+01
2.723606345989405497e+01,3.211858727647057066e+01,3.497044622813029946e+01
2.728827947009731858e+01,3.179913643535525125e+01,3.451106646780660725e+01
2.815345529693830784e+01,3.013169266735651775e+01,3.273851306981078579e+01
2.505091477728933569e+01,2.605556707372765857e+01,3.018050768900022973e+01
3.078857025423332416e+01,3.134725612129269834e+01,3.167895380208096512e+01
2.153420505804606933e+01,2.589247739327957731e+01,2.987026480589655009e+01
2.265917212480244203e+01,2.689968682133090638e+01,2.692628905519731575e+01
2.952956222224582561e+01,3.091056943548114688e+01,3.201853169092618856e+01
2.968592453714373747e+01,3.000110676541020283e+01,3.354049402523556722e+01
2.147589212042154827e+01,2.646738099046194392e+01,3.103645155314550763e+01
2.183410987902899336e+01,2.544966777062726493e+01,2.559320549716205662e+01
2.616890150191885667e+01,2.967845565347679937e+01,3.271175038078848729e+01
2.478046189189713289e+01,2.862192745184434983e+01,3.346618051848125219e+01
2.381723735493407190e+01,2.757456887587991901e+01,3.122504322814197764e+01
2.740266100260122784e+01,3.112229687292026981e+01,3.207885161437288701e+01
2.813366208682018055e+01,2.900816564519074703e+01,3.364564086879417459e+01
3.160854909896485410e+01,3.209449919292162434e+01,3.679303629584488533e+01
2.878738419733736364e+01,3.074112316906309772e+01,3.079201126329994054e+01
2.211115056225262521e+01,2.426789976846221464e+01,2.744010739032373891e+01
2.030437531455598332e+01,2.334781495508526916e+01,2.440764438550595017e+01
2.884397168091663843e+01,3.122786409356759663e+01,3.393420941811817926e+01
3.078802536332582207e+01,3.205064325391630575e+01,3.363627402172595282e+01
2.725890429119830216e+01,3.036730661099786843e+01,3.282250324376791184e+01
2.478556781395204212e+01,2.596737553716799596e+01,3.021609606220479449e+01
2.977700814458414413e+01,3.271780079228877014e+01,3.766964585912972296e+01
2.772377269716506021e+01,2.991090449475782265e+01,3.266096257471930642e+01
3.077870839588355167e+01,3.129461384033794857e+01,3.292887376584373982e+01
2.564041291255585975e+01,3.019926716112960463e+01,3.369719661332136695e+01
2.644307597978785296e+01,2.676811064176652621e+01,3.033365635521571591e+01
2.578447969944901530e+01,2.808185463493683542e+01,3.221814393621628625e+01
2.432023319197578104e+01,2.718377599466341010e+01,3.214942304860010580e+01
3.205229850233617128e+01,3.364434154799202759e+01,3.727712512197996375e+01
2.699073530266728937e+01,2.863776342711163281e+01,3.109964140784822106e+01
2.481202706098984123e+01,2.912714133598396415e+01,3.178752665768430674e+01
2.426476497348529904e+01,2.740299456265837108e+01,3.128891846788353348e+01
1.964064890550594100e+01,2.341210538826049969e+01,2.753418746426777730e+01
2.142229547069354822e+01,2.432668743220947860e+01,2.705955974784193074e+01
2.232104517961325385e+01,2.676039154015836274e+01,3.138066322967115696e+01
2.075420612307962287e+01,2.140072588214955829e+01,2.364967965774178182e+01
2.456540207637561224e+01,2.484398674869929380e+01,2.551840745802464028e+01
2.582495901575184760e+01,2.721204996048270530e+01,2.878375411968112729e+01
2.271814044576859004e+01,2.570655868565363278e+01,2.836355072295532764e+01
2.709958482775989808e+01,2.736457292305514599e+01,2.739975450548114821e+01
2.420376592236434732e+01,2.827171094635970405e+01,2.880078264480284034e+01
2.154288509317855471e+01,2.236404352632523285e+01,2.702008111638010135e+01
2.182097867162287486e+01,2.606157619601032494e+01,3.078711575938252309e+01
2.008381886098615610e+01,2.439910866316671090e+01,2.874194105651425701e+01
2.175836809297575059e+01,2.293319398761990868e+01,2.686183211458726205e+01
2.139246689406868995e+01,2.335458522398424819e+01,2.786908059968931539e+01
2.419941062413624522e+01,2.660948782023590198e+01,3.060704818878400957e+01
1.567196961540184930e+01,2.053192774427794021e+01,2.518894341738260323e+01
2.102539166363991185e+01,2.227150069265780630e+01,2.504519322947291471e+01
2.180388206388360928e+01,2.344489060281668102e+01,2.588706751945290208e+01
2.577130072756516910e+01,2.611879351723742460e+01,2.827342704485673153e+01
1.970762722138302081e+01,2.259748397593529035e+01,2.588844836254700610e+01
1.902587748021318959e+01,2.170003691784399535e+01,2.176452786733053202e+01
2.065050804133789697e+01,2.268470692917912857e+01,2.550515026652996298e+01
2.330004455589486412e+01,2.795662906708308881e+01,3.263061584418665007e+01
2.865889192965320831e+01,2.931093418948411511e+01,3.223398722516239445e+01
2.196658576923882933e+01,2.393630847933284755e+01,2.787474402127909201e+01
1.085382452991267677e+01,1.554973008304451554e+01,1.837694904838550514e+01
2.220320519164420148e+01,2.556693546805939121e+01,3.045665142576216056e+01
1.649964969928810632e+01,1.955892836341453034e+01,2.336848668887911273e+01
2.156657071306005591e+01,2.384967312549253649e+01,2.705035755420723476e+01
1.383561222448703454e+01,1.815152612570923552e+01,2.245742484042550302e+01
1.588392489989487544e+01,1.878297226545505438e+01,2.372841350437542474e+01
1.960764485094248499e+01,2.179646978643649291e+01,2.330818597693033922e+01
2.071538702442992275e+01,2.297895967667927408e+01,2.549118785076030136e+01
9.545128495776548760e+00,1.413133278178548657e+01,1.443361167533311473e+01
1.599560006200182727e+01,1.854771791846741280e+01,1.929319265862987365e+01
2.316420021929670270e+01,2.378555932132763928e+01,2.825001604252258147e+01
1.614451295711676693e+01,1.856417632827443143e+01,1.887550778478293267e+01
1.516074065964181372e+01,1.745999195623113920e+01,2.079849226440575904e+01
1.873100329933693686e+01,1.932114973704603145e+01,2.129359248181063435e+01
2.022125555304604916e+01,2.518124180081978736e+01,2.932682129204955146e+01
2.043800818258635132e+01,2.269845693159761879e+01,2.622135617984411482e+01
1.932030864356444511e+01,2.098904045415880049e+01,2.533323981022626725e+01
1.472745896341298710e+01,1.926217899093550656e+01,2.209290798968471492e+01
2.157744906161332921e+01,2.161708218163257555e+01,2.568520209203283144e+01
1.889874499589061685e+01,2.154733473302117730e+01,2.203489218342015121e+01
1.687844346432960663e+01,1.718103629965782986e+01,1.963876155485993991e+01
1.310139876020689620e+01,1.647796970284471030e+01,1.900932307410923983e+01
1.653960270089929452e+01,1.792741476917323951e+01,2.183746954188703171e+01
2.086996632200058599e+01,2.126031708659112240e+01,2.220489936576720424e+01
1.706390308505126185e+01,2.085669454463885586e+01,2.475218938036596583e+01
1.441398701068973054e+01,1.693556210411194840e+01,1.744923208192548003e+01
1.544846867459176920e+01,1.559495916962450579e+01,1.763226346356267271e+01
1.837805520336486964e+01,2.007762230949413862e+01,2.328308342639159889e+01
1.356514412133725145e+01,1.646288381415195801e+01,1.837493136522011739e+01
1.661105183039198963e+01,2.025744118894100509e+01,2.207621774146041815e+01
1.623260513579035802e+01,1.703250046733490564e+01,1.820236031887084494e+01
1.477043574350038924e+01,1.840454090958487754e+01,2.212597664993489133e+01
1.106237223271401326e+01,1.458233461972301725e+01,1.469174081714936442e+01
1.648712066022979172e+01,2.073705530049617707e+01,2.277003795933953612e+01
8.364153196417969838e+00,1.274388843977613917e+01,1.460516160069858849e+01
1.296919045738338738e+01,1.787376362692358356e+01,2.065251341585711131e+01
1.187247594692485997e+01,1.284694961723542761e+01,1.560194498994029999e+01
1.883518795353006325e+01,1.949250354649981176e+01,1.975691858719002880e+01
1.091714612682448937e+01,1.143872822271186429e+01,1.288823777855975905e+01
1.866040802900392848e+01,2.047627766877813471e+01,2.382936545547548590e+01
1.881061070481098341e+01,2.013652112216777113e+01,2.487166814707703111e+01
1.649307358525765466e+01,1.722252535063795520e+01,2.034270593824243534e+01
1.577549075589651117e+01,1.672306999774058767e+01,1.680918330645232928e+01
1.299730009656202512e+01,1.625620538731859455e+01,1.768038037215389480e+01
1.162943391918775760e+01,1.211598177185457104e+01,1.586883267682697962e+01
9.339214286305166368e+00,1.230225347726013929e+01,1.243102802674872009e+01
1.473120633867987017e+01,1.494217921526465354e+01,1.507354137646071912e+01
1.688721303005226915e+01,1.736112344872258362e+01,2.140521021950176817e+01
1.381520444260440250e+01,1.528768240137805101e+01,1.845711915423579086e+01
7.734442871732699842e+00,7.815474325614381712e+00,8.755630890875684358e+00
1.097930080340553793e+01,1.494597665415395582e+01,1.855391080126789660e+01
8.753452738726480220e+00,1.097563724406659702e+01,1.506831837615773395e+01
1.436553816419891660e+01,1.443239527590012017e+01,1.614775195931734686e+01
9.749116724594992789e+00,1.032084537887790532e+01,1.474589774842084466e+01
1.031143622783063307e+01,1.468438217958970071e+01,1.484604475408076318e+01
1.006040511404292559e+01,1.384189296898314581e+01,1.548890003637236568e+01
9.546728877347710807e+00,1.125225036992693184e+01,1.458001050714289448e+01
6.051969727761394857e+00,8.044433102904649857e+00,1.150574953746750495e+01
1.193359904972843744e+01,1.487071343842039539e+01,1.901068969651149843e+01
1.099742877850378342e+01,1.155020754814682427e+01,1.438554943445892498e+01
9.794218422482083852e+00,1.038777326789815092e+01,1.123771594088397308e+01
7.154014282091812227e+00,1.113249904383932787e+01,1.479804242750035215e+01
5.950195410290244347e+00,6.720216985077181349e+00,8.872155513426374540e+00
9.343783953529026576e+00,1.222325374585430957e+01,1.393906523554633559e+01
7.418742873773023661e+00,9.132427856791407450e+00,1.090998596560036482e+01
6.507954287885507227e+00,9.892942382371861854e+00,1.061916195972937871e+01
7.977363660433590020e+00,1.032873099082886270e+01,1.380114431769741934e+01
7.253796067990641028e-01,4.344345551203796951e+00,5.264136489468711488e+00
2.633390767989357784e+00,3.285181877398422046e+00,7.661818456266836996e+00
2.324984778660037943e+00,4.107415434686304323e+00,5.658584275350666992e+00
2.852625928894054308e+00,6.644290685622246784e+00,9.242266323633515412e+00
5.099522310126653579e+00,8.072904134850119817e+00,1.074867667046957465e+01
1.860467990473164690e-01,3.652244138503792037e+00,4.121081659180663159e+00
1.884653138872991907e+00,4.379046620071540552e+00,6.199386775616542167e+00
7.368111052564992214e+00,8.620187364731894064e+00,8.892550492358402892e+00
4.028221681614443384e-01,4.632016927472877299e+00,6.723179120754305238e+00
1.228695746529991695e+00,5.981920358997994569e+00,7.767001245466540915e+00
7.434052636947146908e+00,1.132467450095679418e+01,1.310254226577803038e+01
4.502475725465231449e+00,8.680971119555792370e+00,1.240394866494579951e+01
2.504900907286246703e+00,2.703500599201253074e+00,5.298300583488121163e+00
6.974949156700876784e+00,7.744888534634707611e+00,1.173617926301450609e+01
3.961783882880389740e+00,8.521742242047691818e+00,9.981162016012396165e+00
7.312991412758993448e+00,9.904592062384383055e+00,1.328597977993907975e+01
4.505085242350636676e+00,8.856070944526649669e+00,1.107228601510548316e+01
3.787549068264841168e+00,8.393817581477639678e+00,1.260570245493713770e+01
3.019921927043916376e+00,6.918636693579588659e+00,7.640950080366839536e+00
5.294684923104432173e+00,8.031823644013732277e+00,1.156398388366210384e+01
9.217218916061490575e+00,9.271641562297196160e+00,1.289919328443873070e+01
3.785840231921524079e+00,5.992021842149814148e+00,1.017438114432382790e+01
8.739129831548786420e-01,4.065950479337292478e+00,4.288043656704433104e+00
4.084805215695464398e+00,5.748579173592034408e+00,5.904371824793361867e+00
4.784074471935058526e+00,4.823502309195975890e+00,9.722939835839381928e+00
4.272573677596445130e+00,5.584385734822115310e+00,6.376539747808146252e+00
-4.427379920596771434e+00,-6.463171873572637338e-02,1.480058746392059588e+00
7.433870706045548005e+00,8.904633598946567474e+00,1.332947478929194318e+01
3.457707646516422262e+00,6.340510969130784602e+00,7.386590465651105220e+00
7.491315542167630070e+00,8.940930248143169834e+00,9.424354208988560799e+00
-7.658035911233080917e-01,2.526174088864346245e+00,3.399753815509062527e+00
4.731183619794034456e+00,6.889079076137208268e+00,1.016121835278945085e+01
2.491471308468129475e+00,4.720171914855468387e+00,6.989374085553921034e+00
1.060745971762914408e+00,5.601212087166082654e+00,9.629746608173137545e+00
5.143711045866456999e+00,7.006700484254935191e+00,1.001058299539291596e+01
5.452777684101545397e+00,7.571414171366017243e+00,1.076180067055176437e+01
-1.034292462188588058e+00,3.505313122606123155e+00,6.336366133752548535e+00
2.742607924857248136e+00,3.447164928731748734e+00,7.648668146331106144e+00
2.234361923292571550e+00,5.893676796030525189e+00,6.780510578057082682e+00
-7.592669954482617278e+00,-4.465316608091518091e+00,9.134831234117335441e-02
2.664845993074204777e+00,7.161310193478681363e+00,1.208599914785784435e+01
2.279230621478455454e+00,5.695355767572822359e+00,1.057003995756566717e+01
4.824025415352894974e+00,5.295237564309582368e+00,6.369723695704017530e+00
2.600377966372833693e+00,5.224996288761096785e+00,7.090193897223014297e+00
-7.813044758120690769e-01,-4.772896794574243984e-01,1.538963233740536785e-01
2.278668968209345724e+00,3.885755063235345474e+00,7.981249475314241337e+00
7.984104390293129683e-01,5.302848705194117329e+00,9.750797898160323385e+00
3.768840409197778740e+00,5.160330847464036808e+00,8.913624315381794005e+00
9.340440389901486284e+00,1.092048613818993630e+01,1.402933322485953305e+01
-1.137186271919864211e+00,3.054986345005086257e+00,4.216006247657044348e+00
3.608372588066329989e+00,5.769415660391604028e+00,8.196781683226737059e+00
-1.810472936254515997e+00,6.943036064169394450e-02,4.357251722157860385e+00
9.027602495074841249e-01,1.311900245745701632e+00,6.100492142846705157e+00
4.196165322301371070e+00,8.776520254938223076e+00,1.060670528856995531e+01
-8.580989833278183099e-01,3.316342383140649552e+00,3.817258162231963237e+00
2.102251017999900995e-01,4.762293379090630552e+00,8.490253463436015835e+00
2.054760634800931740e+00,5.294061098526405829e+00,7.502124764073046848e+00
8.796220567728724404e+00,8.798518358470786893e+00,1.250482311973371097e+01
5.052654493151065296e-01,4.304287132210880884e+00,7.351494881164249762e+00
1.116960716868800940e+00,2.613534717443743105e+00,3.107026425255760227e+00
2.135819268138777094e+00,2.337058046552147328e+00,2.981061051755222735e+00
4.338910241819625924e+00,5.086650645203237175e+00,6.459994970487341170e+00
3.168990668970747659e+00,6.979911667226492256e+00,8.538215448237625793e+00
-2.310202650800392998e+00,2.684178635353018816e+00,3.607397406050439681e+00
-1.893372989933697070e+00,2.372256385090775410e+00,3.509957813439388730e+00
5.305391224243047432e+00,6.916530542467658194e+00,8.144916447647927882e+00
4.772977263109247303e+00,7.842504292555909196e+00,1.159738604944856277e+01
9.144084217258072300e+00,9.328541912150239312e+00,1.154832819156976953e+01
1.898279859055706620e+00,5.227930279159317628e+00,5.948371534139260675e+00
3.115658934659814250e+00,6.185344788334588451e+00,7.945835929100923067e+00
5.991446878522592279e+00,6.155411859891565030e+00,1.100015162198135599e+01
-5.455409243155538768e+00,-1.396603999543641450e+00,-1.089775729532624027e+00
6.296695296093387739e+00,8.627764717091086055e+00,1.262831263000073889e+01
2.800422971025280816e+00,7.622471055808938800e+00,9.890138424689924435e+00
1.753517751362527299e+00,6.278054584827031270e+00,9.587063037035861157e+00
5.553476003999571198e+00,6.141932354914540149e+00,1.028137024634016683e+01
1.946528397976276636e+00,5.777032357388379502e+00,7.423858623092700171e+00
7.237483012185571774e+00,1.181805697309198599e+01,1.291247921259365938e+01
-3.405737856162126320e+00,1.085510158542106751e-01,3.828907762102502055e+00
2.766796417987470225e+00,4.251127114848756605e+00,5.939713993202802911e+00
1.209703037937214454e+00,5.828398487352649759e+00,8.718765061189447607e+00
8.611446416403364168e+00,9.400756671710524870e+00,1.041528413351287341e+01
6.464031319167120593e+00,7.016356633957853361e+00,7.503126848801660920e+00
1.523619011385839883e+00,3.985292435784762333e+00,7.396653662407308261e+00
-1.087892859731955042e+00,3.584870206313886420e+00,4.018816707325582271e+00
5.016997969624069853e+00,6.809807245263455044e+00,9.120351278857112831e+00
1.989411220514840650e+00,5.282916039703575706e+00,8.376263203010752889e+00
1.088002595538986661e+01,1.273167726883262851e+01,1.447099881491957341e+01
3.683417579914758822e+00,7.274383653897626978e+00,7.274970411886294563e+00
1.825682685409551809e+00,4.599400469539178360e+00,7.602140263511657281e+00
9.519348442992626502e+00,1.243652519403087631e+01,1.335660048371087605e+01
3.353540417646048155e+00,4.100226371345387477e+00,7.130176499355560082e+00
3.981626409921044107e+00,7.339299504998340495e+00,1.069795020547852715e+01
2.271002245842154377e+00,5.321118974384783762e+00,6.422083485889241494e+00
3.594280978788702008e+00,5.233222294825917942e+00,5.717208616085807549e+00
4.087259419022859497e+00,8.494556926068565161e+00,1.327909684491778464e+01
9.599563474599861479e+00,1.047750407648035775e+01,1.125865676460119147e+01
6.442321954963118102e+00,9.780286282663436026e+00,1.339863132338748741e+01
2.335371256525373251e+00,5.502807058543250918e+00,9.675225099295204245e+00
1.111953024149689462e+01,1.176386527847168750e+01,1.617286448747931260e+01
5.558508687049499741e+00,9.669432714932057138e+00,1.180547909099183812e+01
-5.722872281823783158e-01,1.171906966123049010e+00,4.141508706679879026e+00
8.389026168537746742e+00,1.086860830282046742e+01,1.527688099092724627e+01
1.181470079543072593e+01,1.219276989163268254e+01,1.492672529411628801e+01
5.589419272293811858e+00,9.304537470935525079e+00,1.105901834169537423e+01
7.769078883889447340e+00,1.076656851947717186e+01,1.178763419822640302e+01
1.101032899838068957e+01,1.489717309525998346e+01,1.624594981212484157e+01
-3.198857769209486612e+00,1.699827180782365055e+00,2.115936244713391368e+00
1.015822556207100469e+01,1.132708252087195433e+01,1.164735572412144471e+01
2.072071143895779954e+00,6.989504276501730118e+00,7.402257635316282780e+00
1.150403304696857454e+01,1.334644884400924703e+01,1.487672522032471534e+01
7.730556013593246512e+00,9.168316876709786456e+00,1.400202091560192486e+01
7.046121697091019875e+00,1.142194828767950732e+01,1.305017523159687087e+01
2.255410898215409077e+00,5.630284921885388982e+00,6.347697338259978395e+00
1.030527943915471845e+01,1.306069951367797977e+01,1.738390558917649287e+01
2.516102740696902984e+00,7.176849755891001159e+00,9.160507692608643282e+00
8.785480032577261511e+00,1.002567056844978310e+01,1.115971418605633403e+01
1.170247874940724131e+01,1.489070972895586920e+01,1.683706795487725572e+01
1.232493470496942223e+01,1.348608044378529414e+01,1.656670287482373993e+01
7.581487076620494037e+00,1.073414984651006066e+01,1.108953949370288861e+01
2.519648522775648658e+00,7.403338354950125932e+00,9.667363984925241738e+00
7.441772619397554855e+00,1.146257414575108768e+01,1.314632143030715383e+01
7.152546544922280702e+00,1.063056341666156257e+01,1.234713280915311095e+01
9.809711409646087787e+00,1.079636271993859076e+01,1.333268318311724698e+01
9.915691801831673757e+00,1.033684431878236687e+01,1.301555136666518209e+01
1.077549560643516990e+01,1.162072029165010534e+01,1.180540833448347549e+01
8.442980796300039614e+00,1.225954638686075526e+01,1.528712891590692990e+01
1.556666324485675013e+01,1.898510616156926289e+01,2.390898295912820259e+01
7.210209989027639210e+00,1.006536430273857796e+01,1.155912287643954883e+01
1.664327181348125606e+01,1.705022307924139469e+01,1.940702189137322264e+01
1.744448286045154006e+01,1.751825751825560573e+01,1.846109413836705926e+01
4.317367574750047510e+00,7.196739017354131462e+00,1.155950175870016139e+01
7.312283109932649516e+00,1.178853946958141741e+01,1.511020727730396196e+01
1.110222130249844064e+01,1.412843830407684464e+01,1.671612585071403956e+01
1.314156121085204809e+01,1.509950570035414685e+01,1.803058953815154908e+01
8.150386984469975005e+00,1.034308629456534412e+01,1.448507641630856213e+01
1.338774960337100239e+01,1.446667923953766000e+01,1.623368928461540150e+01
1.471723862377321979e+01,1.657518522495509927e+01,1.982487530197174053e+01
6.710727438285180035e+00,1.103760460494621753e+01,1.361623801947277279e+01
1.096754655808264012e+01,1.555917378804935147e+01,1.557010245428050155e+01
8.386643128638297640e+00,1.320642583591438779e+01,1.817589273565676677e+01
1.501155319520237796e+01,1.554333600398511095e+01,1.865471367467600672e+01
1.347587698167732917e+01,1.394371395584964723e+01,1.525374257071274897e+01
1.506655183989791347e+01,1.542993345176575559e+01,1.964586205564688015e+01
1.166063578094877151e+01,1.563304336502568326e+01,1.721260136685326358e+01
1.913693486092632412e+01,2.205422537176167452e+01,2.269723753171399849e+01
2.218774023395769390e+01,2.355761936257996680e+01,2.701769406171436216e+01
2.347436974386175734e+01,2.370474139830501770e+01,2.532012667206502954e+01
9.459947614628671175e+00,1.073881851651169761e+01,1.384841534061632373e+01
1.680968149711772597e+01,1.979024408644904298e+01,2.337360633918583019e+01
1.230521140619351961e+01,1.727391226708549254e+01,2.190614723042651946e+01
1.318908985154410729e+01,1.514126570494342516e+01,1.639656857878156870e+01
1.894993026654715962e+01,2.291579394796030300e+01,2.624641930207143048e+01
1.710124434704552243e+01,1.834943829203866272e+01,1.934039069201278238e+01
2.066558291547134729e+01,2.174794611449514647e+01,2.588466227590730995e+01
1.841796720476459370e+01,2.224004974906677035e+01,2.336056384555782017e+01
1.846641561679862065e+01,2.142697235592049054e+01,2.396717059714795539e+01
1.686709377716310598e+01,1.861663497256646949e+01,2.057050661038823591e+01
1.528707925018946590e+01,1.885703978570607475e+01,2.084685995812059645e+01
1.611355955755725589e+01,2.032384955452032216e+01,2.436230658165405316e+01
2.371598005459541270e+01,2.461374470791141533e+01,2.823097433871904016e+01
1.931432579467688626e+01,2.357058256410913089e+01,2.758336258268941066e+01
1.967101829127464541e+01,1.993108518201363566e+01,2.015141048042879390e+01
1.809577691429273116e+01,2.061476667497915471e+01,2.500704977205625568e+01
2.505030904121642976e+01,2.643299649895739023e+01,2.713809922859178414e+01
1.754143093406175780e+01,1.758634263900189154e+01,2.232615659053346135e+01
1.439181961614115934e+01,1.586278042282084755e+01,1.882117459314229180e+01
1.521769701309571943e+01,1.909377730452640165e+01,2.133542590230192815e+01
2.457474256365076215e+01,2.823697229228190508e+01,3.063934975296119489e+01
1.536140329960477047e+01,1.850236479668831180e+01,2.245095170454469979e+01
1.535245112087073416e+01,1.950814559226738609e+01,2.213291420889635219e+01
2.255976716855456488e+01,2.340361005937997874e+01,2.581238651171968712e+01
1.994825084115178981e+01,2.322105748641120115e+01,2.790306135396767928e+01
2.229467555607283913e+01,2.634817895791009690e+01,2.996095343752060813e+01
2.529497214779394554e+01,2.684237976542354076e+01,3.135149483837573214e+01
1.952591741395960767e+01,2.198094595793791228e+01,2.249218133650456508e+01
2.392837945840940961e+01,2.459532488480070000e+01,2.482443838240808631e+01
2.240203281910113020e+01,2.426784738963401011e+01,2.624387542743509982e+01
1.952189992281097730e+01,2.143405532467744479e+01,2.215093963073609373e+01
2.260844739334278941e+01,2.561468063359268399e+01,2.885532243827773868e+01
2.364445074226371446e+01,2.455953781686702797e+01,2.923896713370230671e+01
2.081417958911831789e+01,2.534078800840693191e+01,2.669024672046866442e+01
1.948183289748843805e+01,2.264858441649962018e+01,2.339079038576931424e+01
2.703027228691445671e+01,2.844284476701321296e+01,3.133185447387200639e+01
1.788984866047206879e+01,2.170871200974391613e+01,2.605411430789604310e+01
1.829237472262781239e+01,2.255638081362560499e+01,2.687184155886283321e+01
2.799727150493842487e+01,3.127372102542455679e+01,3.327561607231505292e+01
2.301416148027662700e+01,2.410507787442645977e+01,2.826442237204100394e+01
2.547465415307892656e+01,2.574823734892806470e+01,2.829836614451933130e+01
2.359004963567231172e+01,2.514371475874020945e+01,2.596652023127776232e+01
2.024884214632950119e+01,2.236856481560155885e+01,2.540872534161623975e+01
2.130284442224163755e+01,2.199042249742468513e+01,2.629154486143000113e+01
2.422701053329144472e+01,2.470183364058591025e+01,2.680773024271220706e+01
2.075099962641116491e+01,2.521930869664844721e+01,2.728102647883764220e+01
1.991098723955660432e+01,2.390708780009619261e+01,2.827433700760398239e+01
2.768321077677050468e+01,2.787473286246544291e+01,3.201412056734552181e+01
2.814916559212441172e+01,2.948908873340008086e+01,2.982070606192553797e+01
2.404660416676289003e+01,2.778116372691222580e+01,3.217671154156072788e+01
2.081727991736134697e+01,2.575308983565156851e+01,2.973676685911858897e+01
2.703630256185715552e+01,3.017505593049393298e+01,3.457515406606693631e+01
2.505619562552668000e+01,2.906227774138935516e+01,3.106394008876817381e+01
2.767575130440837938e+01,3.198364387832989664e+01,3.200628324053887752e+01
2.306332826395472324e+01,2.558607280318940624e+01,2.744584686273466900e+01
2.254770193634464448e+01,2.514695280495832463e+01,2.842813950542488755e+01
2.569707089783214826e+01,3.013491513922600618e+01,3.037170879252182942e+01
2.618535484024508975e+01,2.778878400170185614e+01,3.078009442390585448e+01
2.562542685114620156e+01,2.862485142196601018e+01,3.151449757766783222e+01
3.201039540481959733e+01,3.499724941611658835e+01,3.976465322614324549e+01
2.252696863372322156e+01,2.523217590061664950e+01,2.560849584931617073e+01
2.904138871501767483e+01,2.948575915180687090e+01,3.309281468244321900e+01
2.448583994526868324e+01,2.889246145825076439e+01,3.215103742271133314e+01
3.138967693754377919e+01,3.212417787167816385e+01,3.708626429797436685e+01
2.085096016150351517e+01,2.229934449135257779e+01,2.677326608870672331e+01
2.678449226022939200e+01,2.732065435348766158e+01,3.096934657583151207e+01
2.827628167406547988e+01,3.046489152206542883e+01,3.447198069603354753e+01
2.764377335148856929e+01,2.891690180860811665e+01,3.193898714553247231e+01
2.828029280398657974e+01,2.926914405040525224e+01,3.118458062440385703e+01
2.645659574209805598e+01,2.688368401118008322e+01,3.024777813249894365e+01
2.715785080600075219e+01,3.079237240937171904e+01,3.411836741027465791e+01
2.838373672176960127e+01,3.264626934731105479e+01,3.305933047117130030e+01
3.308833482259000647e+01,3.415838274980362144e+01,3.778793787031894169e+01
2.895117059058062381e+01,2.954424999564436050e+01,3.247348701462523479e+01
2.762024579201167995e+01,2.915589683169588753e+01,3.060587380297585725e+01
2.965898467887044632e+01,3.010743008465403747e+01,3.148489731318689877e+01
2.212590881010464727e+01,2.690766363746860534e+01,3.124079955539799514e+01
2.654945115077870099e+01,2.849703026354712065e+01,2.871668528769157902e+01
2.380698278418671876e+01,2.680576706088245231e+01,2.992128503807921192e+01
2.891886827623584821e+01,3.067675889273975542e+01,3.474258492702499268e+01
2.375874578982199026e+01,2.741596206761577648e+01,2.904242796591283593e+01
2.794674205132926303e+01,2.977032814646376480e+01,3.072356232973945112e+01
2.825125661257700571e+01,2.980999975289144288e+01,3.423072512295038194e+01
2.877891037981504496e+01,2.902469229261858175e+01,3.384841995468309506e+01
3.279517372741606351e+01,3.427919880502955152e+01,3.813888960093372305e+01
3.087576849298442383e+01,3.220953819980655197e+01,3.440022985332496575e+01
2.935861742677477437e+01,3.138856162780268022e+01,3.394884516983228195e+01
2.904704055205494129e+01,3.231691264219692528e+01,3.343222813000223681e+01
2.647356322868218825e+01,2.802059452165618580e+01,3.250135753680620354e+01
2.636080337723842604e+01,2.735238685900245770e+01,2.875093693631130520e+01
2.771773437796701955e+01,3.138635293161933149e+01,3.244494936719605960e+01
2.421017170419204945e+01,2.695055571110694714e+01,2.838544495963723335e+01
2.563413496214169385e+01,2.764565083698373726e+01,3.177180484933767701e+01
2.788054545259265637e+01,2.913862238498906976e+01,2.917734811874022327e+01
1.766131000406710072e+01,2.085624611070495860e+01,2.535911820286756679e+01
2.431163174963183948e+01,2.728310019211030735e+01,3.003048214964681506e+01
3.167526188043868629e+01,3.201307928021556393e+01,3.269862289210009720e+01
2.869063258094561775e+01,2.985510987474170719e+01,2.987353545568175761e+01
2.920389286588905620e+01,3.123531179727439522e+01,3.393923504926137014e+01
2.904279802909154640e+01,3.154038380737301495e+01,3.298780991856443734e+01
2.590516198286328020e+01,2.667723298873841031e+01,3.158841898361473710e+01
2.039849110683623934e+01,2.320625209463464955e+01,2.431077678252680840e+01
2.559971121933643090e+01,2.952316821731271190e+01,3.188073723355303457e+01
2.737849924647137811e+01,2.842673038945087782e+01,3.209337545331526087e+01
2.356243411651286479e+01,2.724059612833414690e+01,3.152624903704678871e+01
2.717546747006784358e+01,2.734792954707514667e+01,2.977445715045356067e+01
3.008947896486787599e+01,3.227742749594455063e+01,3.688591345242233643e+01
2.441201570642842711e+01,2.641015144163907635e+01,3.095841138883982069e+01
2.549559423808591418e+01,3.036229809498323817e+01,3.517196064285356272e+01
2.634642658006531590e+01,3.098426692083285872e+01,3.212034641614415875e+01
2.818728493575277838e+01,3.192189161137612885e+01,3.420507080197185701e+01
2.064292416627122861e+01,2.472299098249110116e+01,2.938866824918430609e+01
2.460323091624899661e+01,2.785262026445079897e+01,3.205582404355600090e+01
3.386712299940879944e+01,3.596953141585105129e+01,4.001706629614648136e+01
3.551958959697672924e+01,3.638859978711629140e+01,3.645321230410103652e+01
3.144142587091971919e+01,3.428049397329233727e+01,3.736929052415973018e+01
2.813721924227881033e+01,3.033629610730279325e+01,3.171794571256450723e+01
2.693494458880558184e+01,2.901612006395144050e+01,2.938579722696793439e+01
2.408631135821950053e+01,2.570940121608846241e+01,2.942365601524733876e+01
1.900393583425020694e+01,2.285110310356638763e+01,2.542721634393246077e+01
2.944903184031275600e+01,3.059002894721023580e+01,3.201661234854989857e+01
2.460101022177401831e+01,2.640473887406716003e+01,2.880096646536040339e+01
2.176782481871052966e+01,2.324451049821800552e+01,2.462150230753546509e+01
2.645915033303968400e+01,2.886670275288408405e+01,3.066845176308617837e+01
3.253354988035309248e+01,3.615781389040469662e+01,4.115146242340294691e+01
2.840103084670665723e+01,2.859086955106113948e+01,3.144859056072172621e+01
2.464170614199112919e+01,2.573386712470351512e+01,2.818386888186050143e+01
2.654143506203032388e+01,2.891713792080482648e+01,3.229669043866615397e+01
2.095790123385580372e+01,2.475778186631242050e+01,2.825887709341079201e+01
2.360186703930777696e+01,2.533514656102044782e+01,2.558116237149009820e+01
2.642004895756008409e+01,2.788388454453813736e+01,3.196588149309891236e+01
1.941475845182812066e+01,2.159129906465763327e+01,2.508001414489459791e+01
2.395972726581561218e+01,2.706335926039702500e+01,3.045631495810475897e+01
2.183839444943615860e+01,2.559444661073720084e+01,2.993019111377401842e+01
2.458882660137408038e+01,2.563762750883410746e+01,2.587213651985471685e+01
2.148527434540206826e+01,2.406493768066297179e+01,2.860726226236494085e+01
2.953416814761312281e+01,3.022177408665979925e+01,3.488469902129955358e+01
1.796251603068572678e+01,2.228142562082608436e+01,2.709924129148004823e+01
2.259377353324416760e+01,2.405060141941213914e+01,2.611249904938897259e+01
2.203422116455983470e+01,2.619442884333451715e+01,2.758103010362775720e+01
2.459096999940782524e+01,2.947161837954959296e+01,3.012374298454069077e+01
1.935367370874880066e+01,2.103317868768638732e+01,2.333117991809283254e+01
2.501778484746321496e+01,2.602644078781982273e+01,2.631540900366926294e+01
1.925836016260036843e+01,2.367039538905950025e+01,2.526089075662136807e+01
2.809498344469717424e+01,3.093075450690123063e+01,3.184504067000030858e+01
2.236829363140167004e+01,2.604838646266280477e+01,2.657059580726016890e+01
1.966660617358779106e+01,2.321622100618015949e+01,2.645912810904644630e+01
1.683973608989618498e+01,1.980180356408050102e+01,2.321758737877150836e+01
2.223538182407324371e+01,2.353240160125019287e+01,2.653964042878765639e+01
2.283433458776562475e+01,2.300685718595367746e+01,2.429595987844625427e+01
1.264165042530971661e+01,1.579088285231085109e+01,1.800877105384206089e+01
2.256368105838432925e+01,2.266874719818709494e+01,2.563085607800991994e+01
2.305586150234304910e+01,2.722543920046333099e+01,2.723014685959203618e+01
2.081276118293087762e+01,2.426004506236856528e+01,2.537270229089359930e+01
2.172672067533883222e+01,2.225593271510802751e+01,2.494197865706142636e+01
1.875618813565914422e+01,2.193448436292907999e+01,2.221335626827108456e+01
2.042507863291891468e+01,2.060184099335797114e+01,2.484051817710232513e+01
1.941423005668406887e+01,1.974534591811985251e+01,1.988398841701817332e+01
2.133776467398360310e+01,2.281283122437903188e+01,2.679554342839862358e+01
1.702674559523930142e+01,2.000683182520300107e+01,2.400032957151223201e+01
2.142214920253365662e+01,2.176930681707473170e+01,2.397806500444106703e+01
1.953366989356429428e+01,2.312527760403420274e+01,2.668312991847367499e+01
1.242221768790637526e+01,1.588743529027448531e+01,2.034443009530867386e+01
1.479521144865498528e+01,1.619401154508454255e+01,1.695941005669346424e+01
1.709145312007680673e+01,1.813613013376585315e+01,2.014821082009671827e+01
1.799140123295874005e+01,1.884462022344096965e+01,2.325901732611210093e+01
1.532777364209457538e+01,1.735951577205206675e+01,2.221533567556973310e+01
1.321472506217296328e+01,1.731663323903596563e+01,2.006444654345699874e+01
1.457784663288188121e+01,1.697765768962824851e+01,1.835228851116873727e+01
1.279183305197958731e+01,1.709198831806048346e+01,1.897766167782415891e+01
1.850223643773685467e+01,2.097927425842410187e+01,2.178296488344526338e+01
1.690301848921005501e+01,1.722934120185528784e+01,1.915668065493868610e+01
1.960874567571579874e+01,2.138529241675142956e+01,2.620530411570041807e+01
2.049520653489159727e+01,2.183210053832211273e+01,2.325881871298857462e+01
1.726603449739659624e+01,1.983979240918355202e+01,2.068683956831559811e+01
9.026003743542766244e+00,1.373141759003333462e+01,1.849134966445178563e+01
1.470450640279074683e+01,1.543174174586674674e+01,1.813634844438484350e+01
1.817741583358163027e+01,1.960907741562007800e+01,2.296594567474588189e+01
1.863861828018337619e+01,2.225031584349363101e+01,2.295352761501348127e+01
8.201101215213176587e+00,1.160957207838348992e+01,1.499470957774389390e+01
1.774099442320796882e+01,1.946669548849497033e+01,2.221423475595718244e+01
1.321259009205639501e+01,1.395834039991833109e+01,1.623955673019978008e+01
9.639556308880404600e+00,1.133467270685881445e+01,1.393179519762286844e+01
1.748739982582577923e+01,1.840292879402457160e+01,1.986447755384138247e+01
9.145580888610878034e+00,1.196148812870780986e+01,1.690295052988994939e+01
9.397898365921593111e+00,1.165473549460276637e+01,1.339565849975266154e+01
2.214300088674653466e+01,2.303868584319112855e+01,2.637839065488017809e+01
7.364698242311718879e+00,1.035819047711157026e+01,1.325568350682354257e+01
1.143389644538092220e+01,1.161048135839421924e+01,1.523636489042919351e+01
1.198291949093605346e+01,1.476867692304907287e+01,1.503344425132755013e+01
9.891131497765146108e+00,1.261078113159683944e+01,1.602642616636418538e+01
1.485036464857105187e+01,1.546629198600958865e+01,2.017325923243448926e+01
1.155155858960231008e+01,1.576055907727104355e+01,1.587418049790945140e+01
1.022458583079748706e+01,1.111248693066822923e+01,1.443834116824733016e+01
1.938550790879775221e+01,2.030459372240505544e+01,2.420527914766682187e+01
7.474632870580233401e+00,9.015626549257341082e+00,1.331375153780757969e+01
1.223766954674458241e+01,1.260981669050321052e+01,1.466610211087465920e+01
8.103124052974463254e+00,1.283871839942411341e+01,1.392094848531423601e+01
1.047786075895887237e+01,1.319363712819155410e+01,1.440962297645502233e+01
1.333571735063869923e+01,1.503446319326980429e+01,1.541767002251774521e+01
1.479685986293160660e+01,1.489917175765499380e+01,1.558731287786029895e+01
1.085634966446303551e+01,1.227948245297599961e+01,1.566886686582083321e+01
1.226304326330041405e+01,1.551928102289489431e+01,1.805309147178896012e+01
5.661804560730533176e+00,7.841531502764969908e+00,1.021980175257980150e+01
9.794111469245276425e+00,1.247427882709853719e+01,1.591768360324946308e+01
1.082332530733325804e+01,1.442051454670247779e+01,1.884182137930715584e+01
9.658941444203112070e+00,1.147874413257422965e+01,1.246625672374687888e+01
8.595087002571025536e+00,1.042640777313168954e+01,1.291297451211085523e+01
8.046163698155426758e+00,1.078655130810789409e+01,1.498006552360061860e+01
1.076233258194880982e+01,1.152601753537834206e+01,1.512048000853982366e+01
8.583747625278419946e+00,1.134248905823694642e+01,1.364583385018487860e+01
8.441707082560069964e+00,1.284106285469425934e+01,1.558806143778759079e+01
8.424803791165331290e+00,1.255358650607495719e+01,1.642447942201367539e+01
7.840945029242316622e+00,9.471088241475635883e+00,1.268064818697613561e+01
8.767906392313488340e+00,1.066150173903760212e+01,1.269893964762789551e+01
4.222984535136805384e+00,8.668674753853725434e+00,1.035212193270553982e+01
-1.040610782551851798e-01,4.471270013880901395e+00,8.649826214142809278e+00
8.590989391633041095e+00,1.345074800726263042e+01,1.422718075597426690e+01
1.355072565949377861e+01,1.402999646449143789e+01,1.420431813206428018e+01
5.115389798836263324e+00,9.776290871922418191e+00,9.780864632773209166e+00
7.892695781501295471e+00,7.933590750221441112e+00,9.105191786856996927e+00
4.029729964488431015e+00,7.126040607600417687e+00,7.535990432468917533e+00
1.060437379831804705e+01,1.293665097815524234e+01,1.548618098729789239e+01
3.166720491341607158e+00,6.267858679451791204e+00,8.837330841106581403e+00
9.792227992281095084e-01,5.977957345059232708e+00,9.856389517120662802e+00
4.846520475155742247e-01,1.536795667426109624e+00,2.246398764721170060e+00
9.507543039534779084e+00,9.890321682714926510e+00,1.096970150035481595e+01
1.241904145471115584e+01,1.244472366852018119e+01,1.327162431107920959e+01
6.116039365087065249e+00,9.219452286829895371e+00,1.000330775392855287e+01
3.868708962225602122e+00,5.973040971185531234e+00,1.002401898999121599e+01
-2.580996396280879956e+00,1.832689370018751873e+00,2.400032125429071073e+00
5.409282533943958526e+00,8.703567172195235457e+00,1.021404678920768738e+01
5.461117411633522600e+00,8.122004211793351303e+00,8.406318710992104926e+00
2.489997669046094764e+00,5.114542136255433746e+00,8.825893656251595942e+00
6.290729328864164138e+00,6.468909007117810361e+00,1.082073651756154220e+01
5.194539003507625097e+00,8.712441672208354859e+00,1.242621469041880644e+01
7.027519273868660044e+00,8.920216445426875751e+00,1.125427293340563573e+01
6.293788018065811229e+00,8.356875380264332520e+00,1.193692557775278829e+01
9.562342972339855862e+00,1.039696916438387575e+01,1.081764017389091670e+01
3.794903440122387561e+00,7.048242100593226311e+00,1.120210976760979094e+01
7.206471361462651437e+00,8.176463263946283533e+00,1.177964732202929454e+01
3.371255650031842244e+00,4.950950687676670015e+00,6.556822500306061841e+00
2.148427035471398128e+00,3.015215139326991256e+00,6.388459955602411533e+00
4.617139390159314516e+00,7.391919942578192071e+00,1.009052489198305125e+01
6.479639661532895722e+00,7.078454641586762186e+00,8.410831062778619582e+00
2.050034711912181784e+00,4.117314897940356211e+00,7.256695323174322532e+00
5.667927153472142265e+00,8.517463284718699512e+00,1.107818999516396552e+01
1.282882889142989313e+00,4.776034940278318430e+00,9.466919740361911195e+00
-5.017237758058661790e+00,-4.289133080135689724e-01,2.371482552295753443e+00
2.607780910724022849e+00,5.756666890432778239e+00,7.254523605769578332e+00
-4.803546892838821414e-01,1.160792719858573463e+00,2.667759413464746210e+00
-6.302529704299066893e+00,-4.283270620740738721e+00,-3.792447816843355302e+00
2.189149286089276725e+00,4.371179264846739798e+00,5.015874194124238628e+00
2.798797518355196523e+00,6.953607259351176850e+00,9.663756181403913459e+00
-3.136232362344504310e-02,3.714330310731801088e+00,4.804399106018198751e+00
3.544003237781151672e+00,5.289265412705860925e+00,5.676560952928247694e+00
-5.133691616542614966e-01,3.827439033665258172e+00,7.006317522643494833e+00
1.838994054163830327e+00,3.847530523579947292e+00,8.742871507114831076e+00
-1.237935686823713244e+00,-2.569778371966817687e-01,1.387278074420433382e+00
-5.021963430655672411e+00,-2.430266488068296482e+00,9.501492534549051960e-01
2.334440774798652640e+00,5.099071546146541678e+00,9.264071787728466845e+00
1.743163032444888572e+00,2.873221565758928175e+00,7.542237598438715551e+00
-2.558478607937280991e+00,4.581338884802912403e-01,2.472261124439610214e+00
6.667269512436035939e-01,3.738518405262356126e+00,4.513960267238998902e+00
-2.077162933922945598e+00,4.541797789849830735e-01,2.834183929426187909e+00
3.838200413942160161e+00,4.190075268607007963e+00,7.388615886423758106e+00
-5.989212691550818590e+00,-3.616915473386397295e+00,8.172844236623886260e-01
3.675361320530582177e+00,8.122250141466391682e+00,9.464072171134652933e+00
3.915201227279407892e+00,7.412560982653018549e+00,1.232070126364624585e+01
4.782548678616704851e-01,1.588630198598792731e+00,2.719682780702774139e+00
5.409402763239417489e+00,5.703534074818325195e+00,9.096774439455549199e+00
-1.174326747136943627e+00,2.556485989717672602e+00,6.164718581022432531e+00
6.840231793324169196e+00,1.122458058214479237e+01,1.173762435511730473e+01
-2.723227376245988651e+00,-1.029844833897586298e-01,3.592888781889302940e+00
6.914601623660368013e+00,7.830953075719374823e+00,1.041267984718479411e+01
2.595669735456726634e+00,7.227243620676610192e+00,7.735669788554188742e+00
-7.348977697069491999e-01,1.003518164048913253e+00,3.485730241477605240e+00
4.106212933417978661e+00,7.818970248717199034e+00,1.265501950389653629e+01
2.270931937124109901e+00,3.179054009899751954e+00,6.286560717282092980e+00
-2.025048218682816703e-01,2.192980058295438628e+00,3.948286709380099069e+00
4.566543519063343659e+00,5.394428774972670482e+00,7.834373408308888287e+00
1.805871040918415105e+00,3.945521769170355242e+00,6.550247690846106252e+00
2.426102110615583118e+00,5.038461220565451981e+00,8.166460152289985786e+00
-2.208068715801299930e+00,2.634253286013348294e+00,3.686043456469879409e+00
3.187099722074173691e+00,4.783949117374942439e+00,6.157537636255462132e+00
7.697951740047383140e+00,7.892412227671368186e+00,9.702646946737274902e+00
-2.167878541472717746e+00,1.757046176955810779e+00,2.689183710653566983e+00
4.226028084572102550e+00,5.955239662988192961e+00,9.372203616614424249e+00
-1.485308809156959065e+00,3.044668704814370130e+00,7.443178068262700897e+00
1.389204644794123977e+00,3.045844490673091709e+00,3.639914415293281635e+00
1.206119058346546602e+01,1.239104428913711153e+01,1.270845309232433884e+01
6.982958113676046352e+00,9.819432864636848279e+00,1.439052349661418972e+01
-8.867977854825355166e-01,3.440842400261518108e+00,7.462104758550884398e+00
2.189043019039607074e-01,3.674896332485913852e+00,5.970692557293549640e+00
1.422562546481564993e+00,3.017323260911369154e+00,5.979384343728607831e+00
5.838970343032183763e+00,7.982157296278238334e+00,1.106651939681058394e+01
5.798375701549164374e-01,1.564068357763807704e+00,5.640163322944265367e+00
4.337741122252126047e+00,6.882313264660188779e+00,9.858514372659648473e+00
8.954714239526330388e+00,1.294017623231286684e+01,1.417352884696629367e+01
4.669370052218720701e+00,6.469449727490041546e+00,7.103361922413626850e+00
6.873903876332799534e+00,9.118330413669918144e+00,1.242159512745795880e+01
6.697668526075767126e+00,8.843625619462507359e+00,1.242469133059161024e+01
1.106705361161070655e+00,4.824993528364013073e+00,4.837220641999560478e+00
-7.237580994742645046e-01,2.195070328162282536e+00,7.021006203446203742e+00
6.026005411538415402e+00,9.535067965217606911e+00,1.191586449918968071e+01
7.372431609190204682e+00,9.617745222870411226e+00,1.058574843478823624e+01
8.046917198508497293e+00,1.248494254784715451e+01,1.743120495658198621e+01
5.939517133143479732e+00,6.856005896707784153e+00,7.408352473191244236e+00
2.413414222502279216e+00,3.923258179729926187e+00,5.531266489028602962e+00
3.686807389264952661e+00,7.422345682418688639e+00,8.550220523309141285e+00
2.230423557274283652e+00,5.032717775888278844e+00,6.370605412330771600e+00
6.064349621122338441e+00,9.904979907394876548e+00,1.172409805598950605e+01
7.957737179632845326e+00,9.737609903303814818e+00,9.911821081225809849e+00
9.255575245850273802e+00,9.604897656021385899e+00,1.323427788852655596e+01
2.926647776803563694e+00,5.805857079913188556e+00,6.579510419348475025e+00
2.640445023131308133e+00,7.415816037899876534e+00,1.003486784305671975e+01
2.289423665849962042e+00,3.155974021820183495e+00,5.159473351052794143e+00
2.834738804591087291e+00,5.362793761133287873e+00,6.001888388576470668e+00
3.955391289062467841e+00,6.438293198061860068e+00,6.865145347290991573e+00
3.394699562705684848e+00,5.139971948875255769e+00,8.376254588006711188e+00
3.347220934072002940e+00,7.217370205051847343e+00,8.645593209397294032e+00
6.770790852510819136e+00,9.433843284592057898e+00,1.116697274008985907e+01
6.629739862350492174e-01,5.655006396968991211e+00,9.616052727173524772e+00
2.057330234340127184e+00,6.131863399973815021e+00,1.067331330890158902e+01
6.891332925625821559e+00,9.985694152882375718e+00,1.366266837586754868e+01
5.137079928299970177e+00,9.114392743056960455e+00,1.048200593477971054e+01
6.041598145529342823e+00,1.093699824576681401e+01,1.318953186273018119e+01
9.877632634267001777e+00,1.268276560409155351e+01,1.571776708459931449e+01
9.346700399067266574e+00,1.191211075359115412e+01,1.388875685197799648e+01
8.551431681248615746e+00,1.296870101845119549e+01,1.318718394426505114e+01
1.080345222014275208e+01,1.203258869152740473e+01,1.703250361518999867e+01
2.628932159973496052e-01,1.326272405578947655e+00,3.132479072791420904e+00
4.247768613335525245e+00,8.229584888849707625e+00,9.459625091055304580e+00
2.850916447331848680e+00,6.702481383559984351e+00,1.122518927623999119e+01
1.073601591899964447e+01,1.101612074174489209e+01,1.574330947081548793e+01
7.760021946655014879e+00,1.023275126256566736e+01,1.323646095999415273e+01
1.281936574572385368e+01,1.421336369559255353e+01,1.673697038164268491e+01
2.605096657580915576e+00,6.649096394901757634e+00,1.066789827264492097e+01
6.315609467286686041e+00,7.857603081332190875e+00,1.132721989294438103e+01
6.352795988912202318e+00,1.053190776050235655e+01,1.517193309373478272e+01
1.316492625278432094e+01,1.387800171064194288e+01,1.497920209575527828e+01
7.775781778197117688e+00,1.141644772644046135e+01,1.596941069326537388e+01
1.427825617719356366e+01,1.467736274909131566e+01,1.585640554832317406e+01
7.912125562849272598e+00,1.242665512991715104e+01,1.313341925510107799e+01
1.028696866091331685e+01,1.326691419088471768e+01,1.337687001318383295e+01
1.273158256474741457e+01,1.399247918458752338e+01,1.535209048278886357e+01
7.004056639178880772e+00,7.076061332197710385e+00,1.095351695153183158e+01
1.171220309527071635e+01,1.531931316424183187e+01,1.535119414162296891e+01
1.267946464784069960e+01,1.312012910786956077e+01,1.698170986552498363e+01
1.486069516709364180e+01,1.597995990319381931e+01,1.885229886256393073e+01
1.497436116997836741e+01,1.970255093876597741e+01,2.065521283151201004e+01
1.827172538971177929e+01,1.854205428331207983e+01,2.149127445889956078e+01
1.298764596351232825e+01,1.456506994671968158e+01,1.787130477448759791e+01
1.217252401067592693e+01,1.698432189464002562e+01,1.982556129075085849e+01
9.584576087603336347e+00,1.299444463149789541e+01,1.411853153092307345e+01
7.674466417694585374e+00,1.143106058455262897e+01,1.170570825657566871e+01
8.312380836891744451e+00,1.270129375822356366e+01,1.492777247776359495e+01
1.678576426148282152e+01,1.822343694814771808e+01,2.123867457883590149e+01
1.013430544008756229e+01,1.430897985845728115e+01,1.630624720882095247e+01
1.303701510802525654e+01,1.636530666459103500e+01,2.096234158982445450e+01
1.249463883410063048e+01,1.638109502741353296e+01,2.113243799577331217e+01
1.997013286979451507e+01,2.420878334680513433e+01,2.599051522337422071e+01
9.403364592137261724e+00,1.247573487231782785e+01,1.335949583542023689e+01
1.216114613211716033e+01,1.669234955243160456e+01,1.832887147616391843e+01
1.655711168313215964e+01,1.913042267107694983e+01,2.173566422218517857e+01
1.724192571704148236e+01,1.854021210009511123e+01,2.323327541225252091e+01
1.283034603305205579e+01,1.693481329861457496e+01,1.878606600762568490e+01
1.500474498798732270e+01,1.640220701931106717e+01,1.876728154031048135e+01
1.646009381477988143e+01,2.126329037280128631e+01,2.519793410151498136e+01
1.320192682259395589e+01,1.507833782166306236e+01,1.564632597152026072e+01
1.886642906745288428e+01,1.929640783006446014e+01,2.269785406312362852e+01
1.522996432645334686e+01,1.653236563839779905e+01,2.001274883082343337e+01
1.573982322585148452e+01,1.700788204846556795e+01,2.091374166049195082e+01
1.765643324904165468e+01,1.786265134853437075e+01,2.168646925476443243e+01
1.777781406652732343e+01,1.909695372918766765e+01,2.078768219750916657e+01
1.778896374057232777e+01,1.848339443129240323e+01,1.933230803962210587e+01
1.791566091552830642e+01,2.031718012741879065e+01,2.392138067952254588e+01
1.980765065550473736e+01,2.218798579209100552e+01,2.547537680542891181e+01
2.041916000469869985e+01,2.189790981927393432e+01,2.193999114735615308e+01
2.031878298274286365e+01,2.089959890171451562e+01,2.364462094264599656e+01
1.909048194962806733e+01,2.091292310644680796e+01,2.334583205108528148e+01
1.827326377837281512e+01,2.148911134777053178e+01,2.273094106599140929e+01
1.894968231650273793e+01,2.133875191846363251e+01,2.426176227255049511e+01
2.089443558189596928e+01,2.221654406243232671e+01,2.614852784327444724e+01
1.323634917611683548e+01,1.704190465256920106e+01,1.766899035527852391e+01
1.759178391648554296e+01,1.778452063209588374e+01,1.855340864766940712e+01
1.902590642068093629e+01,2.232025880890026670e+01,2.366860712727776672e+01
2.098482024596528817e+01,2.340582554812982252e+01,2.743608888934990730e+01
1.477882371905726266e+01,1.691013627578768563e+01,1.940735346465320887e+01
2.345150303110684575e+01,2.374779765877570625e+01,2.809895645964835609e+01
2.029346745425400300e+01,2.041808867971067798e+01,2.240172749595309298e+01
2.111386064990201561e+01,2.439554065705984698e+01,2.585379152773226963e+01
1.682580905002125604e+01,1.978080343384622353e+01,2.132904119295090695e+01
2.571714731135902454e+01,2.932133542463171239e+01,3.164982410910128152e+01
2.169564551063161417e+01,2.460438860163536390e+01,2.788814612455945152e+01
2.413908443604373844e+01,2.694804504945800616e+01,3.075472631169042259e+01
2.089105394392033332e+01,2.320148368209618539e+01,2.666135384990104029e+01
2.318081895445505580e+01,2.647092202604767763e+01,3.092124214642879565e+01
2.508921754986007713e+01,2.595648108733154302e+01,2.966757635266267101e+01
2.019183307819760742e+01,2.274675094918943330e+01,2.289117083358752325e+01
1.910643127395042029e+01,2.386611414805524589e+01,2.665121438629102357e+01
2.870777543271337606e+01,2.933828188002286197e+01,3.280018336669843393e+01
2.580229983999303300e+01,2.846492003733003173e+01,2.884946098237300660e+01
1.890317655782856576e+01,2.095987812887163670e+01,2.344577476573336838e+01
2.364056643475058550e+01,2.841673374816841147e+01,3.162671333758452619e+01
2.142479105660036254e+01,2.461312087398852455e+01,2.915437417327669678e+01
2.484074921002882874e+01,2.494435692776336211e+01,2.691849934889380691e+01
2.246533864808549907e+01,2.480223932469192860e+01,2.797142257615778504e+01
2.395056107613442720e+01,2.858259218761712361e+01,2.873965898392156504e+01
2.956093777064119621e+01,2.977933060894946138e+01,3.168114993554844716e+01
2.527777985407220029e+01,2.857894585873023985e+01,2.959351176409167294e+01
2.333924116356005385e+01,2.617340896324056132e+01,2.686968616492936235e+01
2.512769494902019929e+01,2.680358124287280575e+01,3.175014102792825099e+01
2.445617896018186954e+01,2.576485117213811549e+01,2.946027306000143398e+01
1.951848927211873175e+01,2.308130780599552523e+01,2.498542538745818220e+01
2.540151013985764550e+01,2.763318504621004479e+01,3.164362275487423304e+01
3.056090274890948066e+01,3.086092297186426237e+01,3.461467909841736912e+01
2.745339084201137680e+01,3.020384093574804396e+01,3.480948130552037156e+01
2.374056119344285420e+01,2.629054405210204237e+01,2.872196783992128388e+01
2.246516195904901991e+01,2.690505843289656340e+01,2.904835079915121199e+01
2.523841197864989994e+01,2.782759809518047334e+01,3.130467241703118475e+01
2.603308906971485825e+01,2.756549497789800185e+01,3.154242934298483547e+01
2.242552259927054337e+01,2.632063453819892729e+01,3.045036521597561574e+01
2.431998201127073855e+01,2.920135080581029641e+01,3.359269029017384867e+01
2.233634638263760053e+01,2.564298365319806905e+01,2.671359751216012057e+01
2.648190264805030836e+01,2.920914746003579054e+01,3.006836609229410939e+01
2.908244649229790824e+01,3.230727537236718661e+01,3.621156319755039021e+01
2.558370263372466979e+01,2.657023538513277927e+01,2.687618264561604065e+01
2.883434511336663775e+01,2.885111882527277771e+01,3.368781019240678631e+01
2.819900405248825237e+01,2.933758480649274603e+01,3.224796154521679625e+01
2.937323487702540348e+01,3.073810284070068022e+01,3.321988445070164886e+01
2.598562426237331735e+01,2.666878461805420741e+01,2.902265679642517782e+01
1.930788635013200860e+01,2.399775311280608037e+01,2.877870405072566484e+01
3.267540161042836644e+01,3.477457289566723375e+01,3.802482910113091918e+01
2.786187854581221401e+01,3.106441706741096098e+01,3.425464361133799684e+01
2.378792007809086329e+01,2.646291519917189916e+01,2.863382580536864452e+01
2.310383705833597645e+01,2.398461248728311901e+01,2.685804942165285780e+01
2.737134318814009859e+01,2.753004520131628752e+01,3.217592015569718455e+01
2.557663282054398834e+01,3.027648841108727851e+01,3.506723862143369530e+01
2.594007321946275368e+01,2.626955331834902552e+01,2.817298575590185195e+01
2.670586809045798660e+01,3.023179228365433957e+01,3.140594052739851705e+01
2.548834028483699043e+01,2.953714196159784677e+01,3.071926650539171888e+01
2.983211254702270665e+01,3.002099124959236676e+01,3.161003249439083618e+01
3.282267508429468705e+01,3.486347385616401340e+01,3.612747321876086204e+01
3.070648946765930987e+01,3.336519317683714547e+01,3.570619605265618901e+01
2.170540192226915366e+01,2.669458528356839366e+01,3.123396328381214815e+01
2.169503465259768404e+01,2.607548196941429808e+01,2.648260601072474785e+01
2.524636632520796553e+01,2.682644721320373904e+01,2.891984451594105110e+01
2.422926707594434603e+01,2.769584435720296867e+01,3.246931109597881715e+01
2.783337895476723745e+01,3.222796223843720043e+01,3.440614413868522092e+01
2.867303939584926908e+01,2.872195787437523506e+01,3.220298186701845822e+01
2.473522633326005149e+01,2.862565633796701192e+01,3.313451153080585243e+01
3.347536468136689791e+01,3.379480006584256557e+01,3.770094075212422524e+01
2.889073282488183381e+01,3.027255281178581470e+01,3.476597121313467653e+01
2.845256167433972294e+01,3.118220146747839649e+01,3.238059256173064426e+01
2.061560720427747739e+01,2.542059511649114967e+01,3.030806189294148822e+01
2.482684088873816108e+01,2.945164556783007725e+01,3.195002452541129401e+01
2.772056001973676942e+01,2.812131611172235068e+01,3.156530666033953736e+01
2.136650926410525386e+01,2.579160160510941679e+01,2.961293296649462192e+01
2.539082348945263945e+01,2.865581013210075767e+01,3.150757737453447049e+01
2.254420665326920314e+01,2.733247284421888423e+01,3.221161262018743088e+01
2.818056078262036124e+01,3.141171021476192848e+01,3.274712170497123509e+01
2.726698090486784309e+01,2.942914483018796901e+01,3.039994106346494718e+01
2.820865714986910788e+01,2.925019130653992860e+01,3.030856995292143807e+01
2.485810179420249710e+01,2.489976615910747171e+01,2.491846710204630000e+01
2.787206738597593869e+01,3.187907569266446828e+01,3.418249053180878860e+01
2.404504201997078283e+01,2.419308159535430036e+01,2.834414372679154326e+01
2.512452974353948321e+01,2.742119015607488564e+01,2.935258005838989703e+01
2.813250673897449161e+01,2.827608936937262385e+01,3.003419278681100835e+01
3.049809372160564891e+01,3.057746129810298541e+01,3.129485428284187876e+01
2.563806229733503983e+01,2.815725664290873809e+01,3.029525889700482111e+01
2.592750530442952694e+01,2.627382657385122400e+01,2.647944929433863237e+01
2.840608424619951577e+01,3.163759582224348321e+01,3.256935634925237366e+01
1.907031341783316236e+01,2.374570832313356661e+01,2.664471108578911185e+01
3.016815792608664637e+01,3.090712268531023099e+01,3.459626425462575838e+01
2.631216077422885746e+01,3.019851583823637853e+01,3.331083237278168951e+01
2.438193640919406491e+01,2.799101584266529485e+01,3.275429345538736214e+01
2.774517752097323253e+01,2.871603555540722397e+01,3.270311312676173543e+01
2.514170555276352914e+01,2.722483658793640870e+01,2.946062056952788311e+01
2.229354653932486130e+01,2.541545545096101577e+01,2.748356452297422337e+01
2.444121820254175503e+01,2.468876139296245853e+01,2.516609116900096410e+01
2.130538774345701114e+01,2.500414184267606643e+01,2.597555484916406954e+01
2.253751497046165042e+01,2.429143977876722005e+01,2.496257783441406986e+01
2.844693695042185411e+01,3.082262712489470857e+01,3.156313054007462071e+01
2.510689438739840540e+01,2.986374600059991380e+01,3.476269816746123809e+01
2.631954876933354015e+01,2.701288269018827037e+01,3.016015348018438402e+01
1.617524597002738318e+01,2.049155079806059021e+01,2.280713280415759669e+01
2.561639936519264538e+01,2.568920105801403864e+01,2.599979254195130096e+01
2.593661591968836788e+01,2.920237500299204925e+01,3.249052339575227677e+01
2.403638703682720745e+01,2.727739824463899510e+01,2.994885464383544971e+01
1.960391458088356131e+01,2.430131172152629659e+01,2.770051249426678552e+01
2.580054645642030664e+01,2.582133371230484187e+01,2.873945454066758742e+01
2.573495944009297176e+01,2.923681447953388357e+01,3.070994864614074871e+01
2.885775794999372934e+01,3.260720621030736766e+01,3.625565887698924428e+01
2.874614682309410085e+01,2.992239244243316421e+01,3.489892007588859002e+01
2.321616127210212710e+01,2.555541389566195676e+01,2.749196342250005642e+01
2.179805383754382220e+01,2.324700603222756357e+01,2.701924510262569967e+01
2.398018539015252060e+01,2.431750116472605683e+01,2.897784889525061303e+01
2.794030846447649097e+01,2.979757939195711458e+01,3.453235129888116717e+01
2.211453037874484551e+01,2.549212355913448746e+01,2.836280259568841444e+01
1.417719615846183778e+01,1.855926681729302175e+01,2.298121747557671313e+01
1.626792420012332130e+01,1.970841757433667851e+01,2.078604990116756213e+01
2.197323470970222559e+01,2.235643881168499192e+01,2.581071556679007983e+01
1.317702140657038257e+01,1.656489954979704748e+01,2.092267654941698751e+01
2.435683527866222065e+01,2.771543365032661299e+01,2.799522241519407473e+01
2.811537239826551016e+01,3.174567255337286653e+01,3.329188185269791234e+01
2.711368927637238357e+01,2.753743156466369868e+01,3.241853206798520404e+01
2.281083944260506158e+01,2.763477996587539920e+01,3.254621131659249755e+01
2.629384486476923399e+01,2.727156519015731106e+01,2.879062674139327527e+01
1.560252935416066400e+01,2.052724093913260717e+01,2.381973813147050834e+01
2.168112298851256980e+01,2.353751610178279918e+01,2.654950107112552971e+01
1.962010442356318762e+01,2.397578740358320815e+01,2.757534285312937072e+01
2.741182045584053739e+01,2.891057966247885958e+01,2.945453481540050333e+01
1.834023466210880571e+01,2.146687678885887962e+01,2.160687340072603035e+01
2.522102110280269827e+01,2.540155081353988109e+01,2.764447544335241957e+01
1.724365597430792008e+01,2.089331458433422029e+01,2.264850396895298701e+01
1.931167260302047595e+01,1.935896185118473412e+01,2.424119458093836244e+01
1.796763759995609888e+01,1.939544166604792963e+01,2.356790713887494348e+01
1.458571894039403993e+01,1.760950591434707491e+01,1.977371223935533706e+01
2.003752869246503465e+01,2.203054388033213229e+01,2.593229756791770413e+01
2.237275104833699046e+01,2.449055123405139867e+01,2.764432484493045550e+01
2.642468273593809513e+01,2.963985060640490943e+01,3.158722060590927327e+01
2.370628025912579417e+01,2.405308782191275085e+01,2.447622201368467998e+01
1.477180793073596377e+01,1.905454936589477910e+01,2.010348168433252880e+01
2.072528476263250141e+01,2.454078487248150964e+01,2.518905559728379373e+01
1.893951246830268431e+01,2.365837536897521076e+01,2.419812348868205731e+01
2.045113558440862533e+01,2.049794083438638026e+01,2.426957362600964174e+01
1.322927076726721296e+01,1.764923664848600282e+01,1.962081309602043078e+01
1.521860857159535385e+01,1.536174665546404050e+01,1.965908156837070209e+01
1.617238934099465908e+01,1.787604225626370180e+01,2.264265462992269562e+01
1.644129982151245173e+01,2.041667617462098150e+01,2.335019220250899963e+01
2.059211776005441763e+01,2.410949665180034529e+01,2.725718950440837673e+01
1.372502776322721019e+01,1.730621438655713007e+01,1.992576639186984622e+01
1.695555985751780881e+01,1.990810749355311060e+01,2.230218625855584236e+01
1.898242297651677291e+01,2.086305253940383153e+01,2.101467410896646726e+01
1.647203993243146414e+01,1.700849901764763317e+01,1.753211795971951048e+01
1.271876042841982368e+01,1.511986666694281212e+01,1.906971602460484760e+01
1.515471151956475282e+01,1.859959806265910842e+01,1.963437059508800786e+01
1.143469572504579723e+01,1.523693201110121365e+01,1.964515314166196802e+01
1.166840496139253602e+01,1.359430732765376248e+01,1.672794684304236057e+01
1.972076534340328635e+01,2.257357500826560326e+01,2.717836431675499753e+01
1.190232541260682808e+01,1.599391323820848143e+01,1.653812148864089338e+01
1.400983778634803301e+01,1.900389845047723725e+01,2.352651721689434794e+01
1.777126678155365980e+01,1.818463185104665314e+01,2.303523528231655604e+01
1.323652391378295867e+01,1.346486059329014751e+01,1.743984198884648151e+01
1.458554882788148355e+01,1.767767524875731766e+01,1.991630501435212253e+01
1.705688560161883061e+01,1.766651543036245542e+01,1.977649356462439556e+01
1.536239667515753204e+01,1.692033473525399501e+01,2.150746858267438810e+01
1.392703548282840842e+01,1.634808105215358509e+01,1.817755401906814328e+01
1.521188850337796339e+01,1.763548721005189179e+01,2.066057793545517285e+01
1.333746415050123701e+01,1.719639328894776398e+01,1.855386425028388686e+01
1.607365358084689433e+01,1.746637984854959669e+01,2.206380321341199746e+01
9.596635111732247481e+00,1.177461849587144727e+01,1.392848002776928951e+01
6.085924339415887729e+00,9.976629976617509499e+00,1.117410192553111692e+01
1.242546166598545554e+01,1.333129749369814299e+01,1.742948745107733188e+01
1.236395888394001119e+01,1.445382214819508171e+01,1.737812674548436931e+01
1.654935170775279829e+01,1.691990020365273040e+01,1.936671382403045527e+01
1.863925570528810738e+01,2.024199558597151949e+01,2.267476917742911979e+01
8.607025662610713113e+00,1.186530416664996324e+01,1.279849783984949951e+01
1.512380160608267232e+01,1.744092334499914543e+01,2.160771208186544357e+01
1.229049257717019117e+01,1.392993974822050163e+01,1.465148500059877357e+01
9.234852368120987975e+00,1.163592967876238404e+01,1.199184363495802685e+01
1.379301168321934412e+01,1.445995329541549523e+01,1.543811681117449552e+01
9.651099848253243962e+00,1.420019665869395453e+01,1.752900240828794409e+01
1.330504205332555578e+01,1.370356977651324115e+01,1.505049488444251793e+01
1.197754121312327058e+01,1.682180504953514344e+01,2.133649535962152655e+01
1.066984423992959030e+01,1.073824840398838631e+01,1.222094233095130811e+01
9.804492320990947363e+00,1.335616473144773586e+01,1.570026944698938642e+01
3.231600305398847794e+00,6.874857281695250677e+00,1.171099241944342495e+01
6.260993899426397391e+00,7.285671739744351783e+00,8.551082816620937166e+00
7.003899933832079761e+00,1.139835798885534679e+01,1.140672690971504899e+01
6.862934325483675657e+00,9.109321168219345566e+00,1.062845179256816586e+01
1.070361968505477179e+01,1.501719401907569384e+01,1.707616300698621359e+01
1.114920818509799361e+01,1.356495842135082164e+01,1.707129567500485834e+01
1.014707949205754112e+01,1.228527845615920810e+01,1.378836987816445259e+01
8.549426758773581270e+00,1.034860179805968272e+01,1.468827489086060467e+01
5.662882050605535511e+00,7.466500045390962903e+00,1.190213444279991606e+01
4.399879347578793398e-01,1.380014003080026086e+00,6.295703130812018600e+00
3.278337738882129315e+00,7.710101116725569526e+00,1.205999952233478822e+01
7.680106672523979938e+00,1.103653258212336574e+01,1.387214580118998342e+01
6.201836314393620597e+00,6.357157328697923049e+00,8.150729782756396702e+00
1.372338441892984484e+01,1.390760720240948700e+01,1.598316212264728264e+01
8.932916862577911843e+00,9.809031372008080396e+00,1.055649756791344984e+01
7.270172253945428764e+00,1.130322582084662919e+01,1.293229939369851422e+01
1.125073611907686910e+01,1.334935533310467370e+01,1.809933560489633919e+01
5.082969348486991557e+00,6.014805348953230713e+00,8.724056411290206370e+00
3.077951177267066463e+00,7.945846939113874186e+00,1.291835662361722470e+01
1.015283654047767214e+01,1.048984431022982555e+01,1.120926792275279560e+01
-8.233870707227977093e-01,3.838526632327424082e+00,8.284770484810538349e+00
8.256224725769126138e+00,9.404805882543923801e+00,1.347299520793488270e+01
8.496831619033198280e+00,1.171539652470493209e+01,1.352855519515886051e+01
8.976924198048690684e+00,9.750339034316287012e+00,1.149991388439770112e+01
5.754106807572007654e+00,8.684920676494380487e+00,1.034398169090804842e+01
-4.540614317985118831e-01,3.382914453769121366e+00,5.732137061044036308e+00
6.045079492984084091e+00,7.244839918106542598e+00,1.173334803841033214e+01
1.755391460185346864e+00,3.465368153128155271e+00,3.503882159237950322e+00
3.086493444796363228e+00,7.057225939275356907e+00,7.686805353088184134e+00
2.551124070146919109e+00,7.239432300965684242e+00,7.481080318611594393e+00
2.704069964965454265e+00,4.710581905635937261e+00,8.034291035808838188e+00
1.032133687839686331e+01,1.079780951343005668e+01,1.508854170587327559e+01
-1.585048125385999818e+00,2.604359847813378259e+00,6.886617366121638995e+00
1.244166271126965029e+01,1.390687082362418536e+01,1.431132741037579059e+01
4.637006930190744391e+00,8.681380447375317999e+00,1.308480435865365266e+01
7.257513609237271623e+00,8.888518352219483276e+00,1.177673761022859367e+01
2.697889896597307491e+00,6.539505507707082721e+00,1.032236914050666243e+01
5.231360595726193274e-01,1.349484357469973972e+00,3.537237024942591290e+00
3.926197519057669449e+00,4.005786709379949961e+00,7.004603144502689283e+00
4.089746740694251592e+00,4.890720460235264078e+00,9.530252259641972756e+00
3.849964232745132442e+00,5.261495857507786589e+00,7.606544303232612769e+00
2.267492040782914664e+00,3.544907395482303603e+00,6.112642698327608315e+00
8.852051445894883130e+00,1.051119562665227747e+01,1.358629310120958067e+01
-1.816779921079342053e+00,2.613169988927761089e+00,6.666587852687165139e+00
2.796894897428785942e+00,4.533517209475275145e+00,5.326967520988521443e+00
-5.517703944020588835e-01,2.352107729759882915e+00,2.624791798580484503e+00
1.691005272257792846e+00,4.683195426986438648e+00,7.001305136513478189e+00
-2.512304127466007841e+00,-6.853453720817270778e-01,1.294398533466345480e-01
-1.989132289652664198e-01,3.580771668354693738e+00,8.413895871294869266e+00
7.375479467087709295e+00,8.199286797522546522e+00,1.006968566821166888e+01
4.152894265675644903e+00,5.286705192822841681e+00,1.027299112952263371e+01
-4.461462252755146629e+00,3.876070452613831208e-01,1.265130702482491820e+00
4.342752801727606027e+00,5.660939248819963687e+00,6.278377273555561189e+00
3.148351481229538784e+00,6.295003563145183278e+00,8.348028487021805333e+00
9.373422732949823200e-01,5.588408344936810934e+00,7.233795242351243715e+00
3.359637316408369934e+00,5.732354359719137094e+00,9.554717906391569926e+00
7.903737922383317738e+00,9.298225208953939003e+00,9.692558329746132628e+00
5.629372761783473678e+00,8.169016885332645472e+00,1.081892849587614691e+01
-1.305582530811786768e+00,2.343082200506866997e+00,5.221534716359061967e+00
-1.000439699649634306e+00,2.833182346690167108e+00,7.357017589279689851e+00
-1.546901008133710231e+00,2.107447692807093986e+00,6.152833863801303593e+00
4.008449065535575784e+00,4.964347467073417342e+00,5.861389390705838309e+00
4.463796189186957086e+00,6.412567409716551481e+00,7.040959532433073598e+00
-2.464213580678946247e+00,1.787768781413827668e-01,3.169353152689060593e+00
3.717213371084505003e+00,5.211562314060453893e+00,1.018704498231614508e+01
-1.743197304001650849e+00,2.175211606108053974e+00,5.989709454496480845e+00
-2.120395243794423568e+00,1.094586328201690328e+00,2.240351004784717048e+00
3.760889807364311110e+00,4.765217105393571906e+00,5.578102795128997649e+00
6.075256088183886405e+00,9.994465964732640373e+00,1.178180584542071330e+01
3.368550140712310625e+00,4.434871799725708996e+00,8.952117358442375661e+00
3.287755966009055619e+00,7.391903370421643693e+00,7.518449098613475989e+00
3.586929233925037153e+00,4.996690941956220655e+00,7.112777683547770735e+00
2.977985301555611031e+00,4.048228400534469529e+00,6.378706293069335231e+00
3.240389568528287079e+00,5.960904301300186781e+00,8.561526943325176831e+00
2.875956619676212078e-01,2.742792598214103261e+00,6.990803228939730829e+00
-2.467585292629614901e-02,9.988859912438918798e-03,2.063668009593135899e-01
-3.811197858041683872e+00,5.536283585057990564e-01,4.454567075723677938e+00
4.208435267544481384e-01,4.109958096766841429e+00,5.467048492624613232e+00
5.217744419454191096e+00,5.697735181193205989e+00,6.956806159620789742e+00
6.993404662789144410e-01,5.302671356519550017e+00,6.890257435173119838e+00
-2.207852453805947412e-01,2.711397314935750646e+00,5.425515115215344686e+00
4.454407697044937997e+00,4.671837978374303368e+00,8.598053102889629429e+00
1.345155651168196353e+00,3.157513972199301300e+00,3.390911074471431697e+00
-2.652999418027546241e-02,1.028717742948093594e+00,3.207100673631360976e+00
-4.843567631419817054e+00,-6.111711944883335690e-01,1.165353846356679268e+00
7.893394908895641215e-01,3.887166564626395537e+00,6.494436690269136392e+00
5.546060197491739174e+00,7.319889192299905645e+00,7.872911410656925568e+00
4.436352615850616132e-01,4.811449292911874842e+00,9.331467155175912964e+00
-1.345068466785618311e-01,7.999969754417293188e-01,1.177130567982658471e+00
3.562842865124922653e+00,8.484042164304469225e+00,1.101824951582474554e+01
1.624679010500245546e+00,2.996116065906875736e+00,3.454261141550710068e+00
-4.790430749431903834e+00,-1.660823144425338072e+00,1.669104336767005314e+00
7.700922901186419978e-01,5.090058970663871030e+00,5.837775591299390499e+00
3.911010477353828563e+00,8.797689887811712239e+00,1.279248499386991789e+01
1.403511659725318772e+00,6.105698320778060406e+00,6.831046612596384016e+00
-1.734814680945534704e+00,2.439222037653448361e+00,5.785163754579366824e+00
1.713811878713595416e+00,2.792013621309674676e+00,6.919462533021285111e+00
5.501810629535035524e+00,9.227434614730629647e+00,1.237784060550454157e+01
-8.605356255042888591e-01,4.072654602372061561e+00,7.124477766587505201e+00
-8.533007407149924006e-01,2.166816193844204541e+00,5.264395898028364051e+00
-5.667013584718549879e-03,2.718494947539698003e+00,7.497548325229683286e+00
7.635659587176100160e-01,5.255485344474250198e+00,8.836084308238369545e+00
6.227942868889406292e+00,1.037350085459283022e+01,1.237979084513825612e+01
3.731394880584701035e+00,8.584521425739026768e+00,1.199589631914212262e+01
2.276052229841142527e+00,7.025695149974894527e+00,9.483245728794766904e+00
1.409320641797125973e+01,1.414141731029894089e+01,1.509332378563001420e+01
5.072246387469634854e+00,8.593287519396447749e+00,1.116715995995981814e+01
1.135482078997209321e+01,1.536434495115772414e+01,1.691681605621280582e+01
1.300035730462008488e+00,5.953649982822069475e+00,6.348680122014489058e+00
3.041553096260314781e+00,7.389162178417455706e+00,1.052686080368107113e+01
1.080092504827988797e+00,5.268744342617146970e+00,8.674513046378265813e+00
3.717864197018093009e+00,8.012572930479114675e+00,1.043731340139379959e+01
4.441611195831375980e+00,7.216003536748321068e+00,7.282615286494923623e+00
1.343121693082390422e+01,1.729300623433246287e+01,1.785233088177849226e+01
4.358964347872342771e+00,7.422215078713289671e+00,9.647846082624877084e+00
6.802350085547004710e+00,1.165192068878313592e+01,1.335057538915131303e+01
4.767424843757789077e+00,8.382854041040353366e+00,1.229851671328142793e+01
5.643939644237493169e+00,1.054972488835289113e+01,1.137886928617393956e+01
5.901716934034634043e+00,9.813061012119145943e+00,1.163396744379263481e+01
8.334965187579525647e+00,1.029915369390822022e+01,1.299951364092567907e+01
7.190115422377890475e+00,9.142569562237888192e+00,1.179865810888076716e+01
1.781790156581084972e+00,4.224292515218256661e+00,4.752910294193598340e+00
1.207500958569235827e+01,1.219422878588228087e+01,1.255877721082928566e+01
5.694655722371844142e-01,4.030507518382735910e+00,7.571430291468532303e+00
1.254181153122181769e+01,1.420867531297806430e+01,1.512443245954275461e+01
8.186635213000146294e+00,1.163088837764560068e+01,1.246765110771111473e+01
7.054721577919545794e+00,1.103841224309346458e+01,1.365026139225717650e+01
1.034262417765493147e+01,1.051880549845679447e+01,1.228321340380028737e+01
9.911479324643840627e+00,1.452106791922832407e+01,1.771311976213447537e+01
1.047133947535355603e+01,1.479131581292769937e+01,1.853029174463100048e+01
2.898749999634354868e+00,6.388978870899456375e+00,6.684878708299374139e+00
1.459220958642802657e+00,4.127312281881459377e+00,6.028949054222112913e+00
1.044093738834776275e+01,1.312995656282999413e+01,1.485498222995651751e+01
6.695601687019498094e+00,1.156378202795967525e+01,1.623811933796855556e+01
5.536977835303049211e+00,9.932956939494253845e+00,1.100805339792464110e+01
8.825254214530501073e+00,1.232189692224616806e+01,1.657939597850630875e+01
6.123624873144912328e+00,9.179888672323301080e+00,1.310729634549870504e+01
1.115247120591624252e+01,1.384086924395463036e+01,1.626207155300526352e+01
6.664504580883694018e+00,1.006043905441131159e+01,1.149852741911937137e+01
7.817240767486769215e+00,1.228405446580427096e+01,1.388863032042172385e+01
1.410364011784359484e+01,1.439679469450471494e+01,1.791636043281393142e+01
6.733930044953254423e+00,1.131371918597857018e+01,1.318845415551331790e+01
1.082214939779868246e+01,1.201075270732893152e+01,1.433744058136830724e+01
8.916813077886743599e+00,1.320341007907004993e+01,1.625190152149701106e+01
1.188694547597494378e+01,1.459007104681009359e+01,1.935873198648825522e+01
1.562739523605634417e+01,1.808342482693375430e+01,1.914275634593863629e+01
1.142190762085170519e+01,1.290233647809579587e+01,1.532889893203897280e+01
1.456158817397800043e+01,1.661874689003343875e+01,1.873333426141836355e+01
1.447183744706977926e+01,1.630739670279170639e+01,2.105559227325872840e+01
1.566902093650414862e+01,1.568068219794369256e+01,1.869353364140491180e+01
1.387941816709369469e+01,1.767270340931801442e+01,2.045573481687141992e+01
1.561777167783458431e+01,1.993693708319418789e+01,2.473484942373873352e+01
1.496050436245819526e+01,1.573628443355219098e+01,1.752683693460961933e+01
1.585860300087203001e+01,1.777531734569732436e+01,2.231557716859639839e+01
1.064121486139130823e+01,1.424066693008947304e+01,1.843865566675517442e+01
1.062261491048856499e+01,1.510029246742015019e+01,1.516280921724407271e+01
1.173317200293723062e+01,1.329744369556092742e+01,1.421633094028863376e+01
1.073374163608916199e+01,1.567694680105448235e+01,1.746373034322078155e+01
1.479095447799161178e+01,1.762672407563098176e+01,1.809529282974522602e+01
1.422229468137349429e+01,1.699533588260662498e+01,2.082627670026293742e+01
1.318726733946686736e+01,1.654054314594294794e+01,1.934833658789401056e+01
1.568080881877619426e+01,1.673284857102477474e+01,2.013515829669341883e+01
1.692761878863186809e+01,1.728466159901352128e+01,1.791259059882122884e+01
1.605222535946631623e+01,1.752371020807801116e+01,1.876001242726871254e+01
2.141945192459312963e+01,2.278041304153723345e+01,2.468201817246436747e+01
1.788156617153950734e+01,1.821269984727345204e+01,2.039309730512470864e+01
1.224348169818868826e+01,1.544968198342131416e+01,1.853768510584986373e+01
2.398860857804748647e+01,2.431014110666780681e+01,2.610411365022595476e+01
1.649844140776563961e+01,1.881366114567909875e+01,1.938951216961259405e+01
1.556334428790509428e+01,1.869647523030164749e+01,2.237583691682913312e+01
1.663999713424549043e+01,1.667881206770434588e+01,2.084020223910694725e+01
1.427532580553678265e+01,1.731401041651530548e+01,1.734039074525859192e+01
2.128270956401306790e+01,2.459151947470230937e+01,2.867283569665502085e+01
1.294089668310564889e+01,1.732455034080440726e+01,1.981213825684711338e+01
1.618251793402950156e+01,1.796285717702534868e+01,1.967927374346502489e+01
2.189082015060337483e+01,2.225245953561209333e+01,2.353081741277022587e+01
1.498702857628002683e+01,1.600488697842122576e+01,1.916479136237972014e+01
2.306969329711532524e+01,2.391442637187164877e+01,2.741135961451608338e+01
1.964749897205985363e+01,2.291055904027098933e+01,2.529548968289383382e+01
2.078356623685993654e+01,2.086361498312436424e+01,2.273941820121010693e+01
2.206233935947147629e+01,2.265318960495741507e+01,2.667069644769275882e+01
2.211529814519758474e+01,2.638589821306253924e+01,2.660236915892259191e+01
2.191182204913347675e+01,2.430127921800217194e+01,2.802796465946523341e+01
2.319296285122213419e+01,2.474138530628621169e+01,2.743781135900855972e+01
1.975445457349450606e+01,2.388855337842690574e+01,2.596695451191344972e+01
2.118380057846441744e+01,2.189357848153372643e+01,2.650506347374636462e+01
2.038383710188286102e+01,2.234849700372739179e+01,2.411557396479071258e+01
2.044665414869446707e+01,2.350062087506976383e+01,2.764400431820115500e+01
2.010038777559109491e+01,2.494072100156910565e+01,2.812182782385199431e+01
2.025310262390563310e+01,2.197626319904031433e+01,2.416823287623564198e+01
2.157808121505974341e+01,2.499725100497737529e+01,2.983519675275218930e+01
1.797710445373471444e+01,2.289616922252906051e+01,2.624419055513336474e+01
2.271103746106762244e+01,2.452149446623537798e+01,2.669999954471877146e+01
1.954634637046696710e+01,2.423522038251438815e+01,2.788160757870898010e+01
2.364722499693384350e+01,2.534043912681485367e+01,2.791745252096270846e+01
2.300479351140462825e+01,2.543321952172877332e+01,2.965188647986027348e+01
2.443767671412969733e+01,2.451193568394350919e+01,2.818838851498375675e+01
2.132339452293705406e+01,2.221926085128288619e+01,2.378781455994592875e+01
2.563962072224515865e+01,2.897054596459733489e+01,3.302600106412012337e+01
2.000305428239695615e+01,2.366656050457557825e+01,2.506685864499961625e+01
2.612191768083992471e+01,2.871910092093519395e+01,3.029358452234659893e+01
1.951718435089729198e+01,2.183075157522812049e+01,2.490015131014855854e+01
2.191597029217798820e+01,2.220883358062573620e+01,2.699769438623888007e+01
2.623066332571947257e+01,2.897138221838388716e+01,3.118168129495879981e+01
2.868802052836622352e+01,3.107474619247635772e+01,3.524771211794992354e+01
2.715153482907815885e+01,2.774214540331512424e+01,3.226886022772321638e+01
2.074756895791216849e+01,2.190749730318780308e+01,2.536161095279657118e+01
2.691974741465695686e+01,2.970211259746422883e+01,3.351841369466907850e+01
2.287031213678809394e+01,2.363302723811852957e+01,2.771731856819973672e+01
2.001724423384538198e+01,2.326957765766817943e+01,2.716277154742223132e+01
2.473898133663806931e+01,2.718085198313007922e+01,3.132018167215938220e+01
2.147112151094664867e+01,2.536398794097653919e+01,2.620753426266091068e+01
2.459198149105318265e+01,2.942579033610203965e+01,3.428455821080544297e+01
2.374676391494119088e+01,2.866171963509683351e+01,2.915463174030129068e+01
2.248680517402787871e+01,2.622679782614824617e+01,2.942669931082456358e+01
2.440605056324232436e+01,2.928188083657849461e+01,3.232716721353681066e+01
3.076435557833111289e+01,3.418644423278902877e+01,3.445574690076420410e+01
2.514696316097841233e+01,2.678269065956683548e+01,2.993907620078375231e+01
2.728232049116153490e+01,2.878152412530067039e+01,3.092787831113886199e+01
2.540812432366576346e+01,2.967841855568124387e+01,3.452558866659853010e+01
2.476079529857157624e+01,2.966405600607978954e+01,3.218634861158613347e+01
3.204079093056385119e+01,3.435107432968477070e+01,3.651585075607027875e+01
3.162320880559440894e+01,3.163383428379691864e+01,3.472883160792828505e+01
2.501858452559257273e+01,2.532183407815647769e+01,2.990544803178289968e+01
2.384914255053388032e+01,2.550345282270303215e+01,2.806986743767307146e+01
2.358213410212727723e+01,2.810392894082408333e+01,3.164033025180472336e+01
2.965828794968430060e+01,3.029676626565466435e+01,3.375879534473585863e+01
2.872895922003786140e+01,3.170705196597516107e+01,3.564333413874281575e+01
3.136468567932442397e+01,3.177351767510355529e+01,3.656963609760394007e+01
2.842594484611537808e+01,2.873769346935889502e+01,3.107726560841002339e+01
2.721566772597547157e+01,3.066907204987169422e+01,3.428100123382315445e+01
3.238963854397967168e+01,3.371144637381563314e+01,3.691772990276204780e+01
3.034749464604951541e+01,3.060708254181124133e+01,3.233206371459846906e+01
2.556101134668773156e+01,3.022970362357544971e+01,3.252085053069305332e+01
2.780797091618162042e+01,3.208674050180818682e+01,3.281647367749893363e+01
2.761558893248211177e+01,2.989370117997880172e+01,3.294700195282782573e+01
2.980302680596090426e+01,3.135784088724546947e+01,3.625453348353462957e+01
3.239212845651852746e+01,3.493803344290514445e+01,3.632549132905219125e+01
2.257824381999683538e+01,2.589356862702577189e+01,3.012390570446524407e+01
2.725463837538263334e+01,2.887715823011061289e+01,3.113630207163237174e+01
2.292736879794571792e+01,2.766284776499102449e+01,2.834767692971798780e+01
2.653229455301277895e+01,2.748838597796178718e+01,3.248144270327719596e+01
2.565082440498957084e+01,2.784319271572637788e+01,3.063844911402186000e+01
2.059591899435284645e+01,2.316806885238837310e+01,2.632282439934358109e+01
2.603005056528916583e+01,2.826656031934870228e+01,3.002710540991665766e+01
3.094754809402506268e+01,3.281889039977997413e+01,3.592460249904640790e+01
2.373348689060352612e+01,2.589905217810194316e+01,2.800569298276112562e+01
2.282728733925957698e+01,2.444691791619927557e+01,2.857119818101880782e+01
2.708816984220707269e+01,2.790271258698785317e+01,3.092795567622146535e+01
2.245305898921703402e+01,2.731311507283705708e+01,2.828316811689189691e+01
3.008288940067946982e+01,3.216894202730795627e+01,3.575823428498382128e+01
3.270925816398784036e+01,3.486308423475455243e+01,3.491382147827629012e+01
3.275510251774736048e+01,3.629493484037743656e+01,3.988152338376718831e+01
2.362691572051094369e+01,2.739870655241603714e+01,2.994703963736505870e+01
2.988626078779520157e+01,3.140273620085663708e+01,3.530481597843972708e+01
2.817630991001092156e+01,2.951172488756977330e+01,3.052042257422707650e+01
2.947842615068773497e+01,3.081501309430412761e+01,3.208618642192999459e+01
2.951140589464206698e+01,3.125448484037027441e+01,3.622372986436904085e+01
2.877580163533385615e+01,2.931639679377801500e+01,3.151017750323126165e+01
2.207629866569616439e+01,2.664722700483484630e+01,2.668121239932239419e+01
2.256412926555337961e+01,2.714028530705827436e+01,2.764719606335245317e+01
2.781230749061375107e+01,3.003534814385523077e+01,3.113379782353243641e+01
2.716736769927417328e+01,3.048164971525784850e+01,3.540244555277092076e+01
2.358144158542031832e+01,2.746736599774137488e+01,3.123230289536134308e+01
2.626283418963453897e+01,2.860367250193750621e+01,3.148235977240485184e+01
3.004917653650392140e+01,3.272087663405537938e+01,3.455991450356824402e+01
2.435881180223375608e+01,2.920149840241040451e+01,3.361829221834827308e+01
2.604735398698335658e+01,3.050436218993390725e+01,3.180722888384049440e+01
2.980083751893060651e+01,3.354677245950966835e+01,3.633740313627370000e+01
2.653368154490773279e+01,2.939693529534941874e+01,3.022823083547947931e+01
2.526048478752927906e+01,2.753489611209889887e+01,2.999920655075371201e+01
2.392910269009949431e+01,2.736450264160533763e+01,3.037309161244552769e+01
2.942811263873565153e+01,3.065629668666693419e+01,3.097964915785495776e+01
1.993987651251108417e+01,2.415754255249765947e+01,2.724241609639830841e+01
3.030279245141187872e+01,3.309891665314117404e+01,3.402067261747134808e+01
2.721694069048227504e+01,3.198390738712678782e+01,3.547499829415390593e+01
2.107115777023080483e+01,2.438404974528198821e+01,2.624410947752236112e+01
2.428127327044659367e+01,2.678442995175860375e+01,3.059000815726649947e+01
2.488230692843097813e+01,2.668447583469031770e+01,3.142006459827306486e+01
2.781326915104084563e+01,2.972484718384636793e+01,3.152214775802275426e+01
2.342003845135120699e+01,2.574951999403810987e+01,2.865011904220210681e+01
1.870242255786250496e+01,2.075827918658040971e+01,2.157309494607942923e+01
2.937344812719901199e+01,3.146663777571827580e+01,3.458984818037185960e+01
2.046224170817987087e+01,2.080487831347544159e+01,2.530606063824464158e+01
2.998270784950288359e+01,3.262239001593037813e+01,3.537783327178966175e+01
2.295499024655143216e+01,2.627297004961693005e+01,2.791907699804047382e+01
2.571382321907005775e+01,2.726163028089482410e+01,2.848745205094800070e+01
2.213106963263241056e+01,2.638924689000104351e+01,2.941993738060783059e+01
2.554774119085114137e+01,2.571858832159277597e+01,2.735948923503936570e+01
2.667053744422443273e+01,2.713508666650350065e+01,2.783544035821497076e+01
2.291377369808466824e+01,2.598557808771803224e+01,2.631498280732116157e+01
1.944040191948318252e+01,2.411137459333803434e+01,2.771729662719265974e+01
2.396644590531256824e+01,2.834214529157236839e+01,3.331504091815812529e+01
2.424634429343869968e+01,2.567102368276174928e+01,2.942979394936824988e+01
2.911692614329823670e+01,3.213650254082494939e+01,3.686500131984190887e+01
1.980644312777356220e+01,2.341285008465309403e+01,2.612389212036381636e+01
2.718863870002376970e+01,2.739601159717681966e+01,2.913546619064701915e+01
2.298522077626829585e+01,2.416400445930639762e+01,2.506825054633619132e+01
2.166804081422136008e+01,2.372195971020799377e+01,2.626922771784541411e+01
2.327632668335054333e+01,2.538751506701741079e+01,2.676374805137528057e+01
2.373161919482677717e+01,2.721696625583145490e+01,2.872278099323380474e+01
2.495149868653702185e+01,2.751906481823611017e+01,3.165251842926483761e+01
2.245292449938610346e+01,2.446548094000127094e+01,2.940316914894411582e+01
2.756495903803783065e+01,2.950026215619342196e+01,3.126171146622524333e+01
2.490819913743490588e+01,2.710657690412897480e+01,2.884259033443065690e+01
2.197338949533468622e+01,2.529656154148391778e+01,2.913352452051005059e+01
2.494214791124546338e+01,2.632947475649166336e+01,2.699165530805231583e+01
1.778879937989464466e+01,2.106428763492065315e+01,2.211401443326630556e+01
2.441937159670482771e+01,2.731964425459169377e+01,3.020457468338795337e+01
1.824759206547406620e+01,1.981792884229342633e+01,2.316938970849170332e+01
2.232121690555051075e+01,2.483698193266582521e+01,2.484816851527782688e+01
1.998671905568227558e+01,2.309747325420823927e+01,2.468967701424481476e+01
1.593781235356403059e+01,1.885603638650084690e+01,2.122762110933398816e+01
1.573076510350343504e+01,1.929956492581853666e+01,2.005244823571127455e+01
2.067690177609418711e+01,2.268073599039291111e+01,2.448404579516082791e+01
1.904870826653118954e+01,2.227865174917071300e+01,2.405809355397973093e+01
1.969213336534427938e+01,2.013238716184177690e+01,2.164158872308932757e+01
1.643110867626499072e+01,2.101868216915401533e+01,2.536704014867831347e+01
1.729837674172584627e+01,1.757803605585837659e+01,2.127073272813451155e+01
1.533186765028855802e+01,1.746297302967020926e+01,2.038655966465753266e+01
1.828823138778053448e+01,2.064066146891545728e+01,2.434503835542673400e+01
1.425520078336688279e+01,1.589293419496960702e+01,1.942459367389619374e+01
1.757044451454238043e+01,2.052932752567357255e+01,2.492849329524692692e+01
1.998870257496459857e+01,2.233528103013298960e+01,2.469972016050568087e+01
1.961504221212808474e+01,2.016396051366259101e+01,2.043057399636771265e+01
1.976999227236083456e+01,2.200770952923983259e+01,2.468531295980667650e+01
1.738858725281139073e+01,1.809174469591796353e+01,2.250291315457984354e+01
1.336947439844960783e+01,1.409761322312116150e+01,1.720359811873777289e+01
1.819201584984836373e+01,2.151938587581995321e+01,2.340004579002291862e+01
1.841085399062155759e+01,1.884242261905058768e+01,2.091379431553615120e+01
1.582871046481690414e+01,1.616890209196330375e+01,1.626365996901431998e+01
1.491043843098322697e+01,1.817322793200302300e+01,2.064069815241963468e+01
1.634354004735626376e+01,1.666438034411946489e+01,1.966892244741071494e+01
2.022848986184991205e+01,2.118287487271818748e+01,2.418563960644656063e+01
1.172555560791262508e+01,1.570986977713701371e+01,1.922058971782241699e+01
1.342812596798811242e+01,1.581478710810552890e+01,1.593765233637475021e+01
1.475731202490288396e+01,1.802653144406841790e+01,2.285275199742104135e+01
1.744665395588039658e+01,1.802658776342872571e+01,1.856043050349715529e+01
1.334862199432364704e+01,1.697700117865428027e+01,2.065771191751244018e+01
7.582564660122914191e+00,1.145430280845832094e+01,1.629886025691281048e+01
1.196750186530116622e+01,1.244152785654831916e+01,1.415988759550242193e+01
1.598892589157339472e+01,1.754766871701004760e+01,1.870344594991444964e+01
1.009346887743324750e+01,1.346279006140120771e+01,1.515225551148976990e+01
1.751687447765421268e+01,1.820880078160291760e+01,2.152248870373582790e+01
8.605971328400386255e+00,9.465852420067818684e+00,1.383302679118268763e+01
1.079371638017492074e+01,1.473629243551807377e+01,1.835742034872961881e+01
1.061187492330856585e+01,1.231541200942371539e+01,1.576983956557347888e+01
8.179796611925587158e+00,1.136191570071934542e+01,1.283642109938467968e+01
1.048352292821313902e+01,1.088371816987920226e+01,1.481701719057847555e+01
1.430166501189044936e+01,1.442010162979288701e+01,1.548546002858931558e+01
1.139875415304260287e+01,1.290466764049252113e+01,1.352918969356084133e+01
1.220415105689695068e+01,1.301831682054727501e+01,1.325399484804311356e+01
6.340672939968890809e+00,1.116713165764170412e+01,1.434539433646780004e+01
1.321426136160392595e+01,1.700380643852647466e+01,1.881044873011989083e+01
1.049646113810314318e+01,1.418303722632633246e+01,1.709575414167906615e+01
9.039180453393500514e+00,1.289297927327586635e+01,1.668886528862869056e+01
1.243695721521633502e+01,1.572113358335441902e+01,1.922616234547234271e+01
1.153426415714894304e+01,1.369940834083375947e+01,1.644774871430962548e+01
1.008585687723725677e+01,1.106035101116277808e+01,1.274792120692731423e+01
1.120137166290285080e+01,1.411904511136424212e+01,1.561093095140569709e+01
1.560418069289529086e+01,1.794293378283883911e+01,2.132791449664204109e+01
7.040829444145100702e+00,1.192991096526476724e+01,1.473319409180253459e+01
1.084988051087778516e+01,1.395989898275236207e+01,1.432832029778821514e+01
1.362876006983564103e+01,1.582727120654578812e+01,1.924121590482285171e+01
1.148871518937050062e+01,1.252466236752984585e+01,1.343431648843465354e+01
1.011077592221277577e+01,1.494558045256123613e+01,1.511788154691160280e+01
6.455931784992220202e+00,1.106032066283514581e+01,1.571255060989295771e+01
1.018172779095357861e+00,4.572640926830933594e+00,4.923334356220911090e+00
4.839726331706887485e+00,7.361995313294910304e+00,7.985277368194429570e+00
1.270619943715797540e+01,1.287836476682765507e+01,1.661922353805567809e+01
1.236046982913792114e+01,1.623379878478257865e+01,1.687123053358320135e+01
5.547584433414288085e+00,8.545574621101893698e+00,1.326265938547206247e+01
1.441500575737949497e+01,1.534281161898097601e+01,1.869960211912398051e+01
2.253184217655421762e+00,7.196434112441810527e+00,9.208804378237772426e+00
8.771026220496819903e+00,9.049497512550910727e+00,1.077170395039205353e+01
5.280382349367632067e+00,9.970964807759418846e+00,1.199757732032477620e+01
8.393577561058918945e+00,1.128814425689592227e+01,1.159666865125707957e+01
7.568233959210413531e+00,1.137019210407357761e+01,1.517268135695984554e+01
6.388990633400961627e+00,9.316154903594719983e+00,9.835643304022079647e+00
1.389744124798312441e+01,1.681585063003282343e+01,1.683046426708639487e+01
5.286580206183003838e+00,1.015429249544092727e+01,1.330906528824610646e+01
6.542313052053111200e+00,7.127212903588818094e+00,7.204705336382383862e+00
1.310727354217727481e+01,1.428903067657186732e+01,1.825975888737450248e+01
7.747094715691067002e+00,9.444790224899515252e+00,1.361022062011229394e+01
1.153208736018631342e+01,1.245737594921882163e+01,1.682306462074689790e+01
9.204526135265842512e-01,3.562036269542231182e+00,7.608905182809673207e+00
7.663133496438993220e+00,8.772848372352560986e+00,1.251852817263166529e+01
2.481465181533986986e+00,7.217865319635044408e+00,9.114385960538733400e+00
1.827401759302278883e+00,6.407199463674373874e+00,6.913928833622550840e+00
6.200976676825026956e+00,8.395434664081324883e+00,9.655393871513370030e+00
9.819517445482189189e+00,1.109914545672277342e+01,1.298095458325904517e+01
4.460950115846137543e+00,7.106863697911855127e+00,8.685928966043283239e+00
9.884723893264345307e+00,1.169200569753230567e+01,1.393524096027590531e+01
2.386090480373227685e+00,3.578410651742435000e+00,7.598316809272255057e+00
4.189059799284535757e+00,8.099829826801540733e+00,9.880972586630742072e+00
5.713075431253001213e+00,8.607719646362953725e+00,9.288216532907499712e+00
-4.357040988025126182e+00,-2.249548129096670124e-01,3.562794869724513980e+00
3.525086873082816652e+00,8.208465296764860142e+00,1.213594127295237612e+01
3.107671718137012373e+00,5.878637661538683723e+00,7.746402995482281284e+00
6.030407611830407966e+00,7.752742248019901083e+00,8.014774119888917525e+00
6.731105324233586096e+00,9.968156472247052591e+00,1.434291680345945430e+01
3.654038123886414802e+00,6.977122640821058042e+00,8.793328845972055774e+00
5.837510848022793297e-01,5.366562785455242235e+00,8.083964798321343181e+00
-8.826619813753553423e-01,1.541189410034014884e+00,2.236824264023967057e+00
5.012618778674770681e+00,5.723793265153821253e+00,7.618691065373136340e+00
7.161511876953046141e+00,1.019789273133702778e+01,1.112912750934627049e+01
-8.192849437187504691e+00,-3.510029362132302211e+00,-2.343827344724033868e+00
4.377260838016408862e+00,9.167816674271147548e+00,1.115992838504179474e+01
6.253271098908157022e+00,7.469988030061184503e+00,8.422347726373454080e+00
6.367844572205196840e-01,5.324187533133460271e+00,8.160261268787703415e+00
7.071409404872742499e+00,7.212253478704669263e+00,1.000163435724248728e+01
4.367885481415033411e+00,8.752570226379909002e+00,9.472720902651454722e+00
2.120939170288050235e+00,3.936121836518216011e+00,7.606144617932089957e+00
4.359327855308512412e+00,5.446317772781361199e+00,1.023376487168309090e+01
1.575623994416365470e+00,5.127649518079723023e+00,6.495773665361584293e+00
8.691778984909840133e+00,9.670592920366331668e+00,1.451090292577267959e+01
2.115686989881477409e+00,4.992000873098871416e+00,8.260366801049261909e+00
1.254466691990251626e+00,5.354666936217036266e+00,6.839875131761976590e+00
5.820142275521289044e+00,7.676433999021803345e+00,9.481482266545555149e+00
4.408074175483720047e+00,6.329350719273548975e+00,1.077509409587578837e+01
6.011417428559528986e-01,5.413255444305791642e+00,6.565860488742582213e+00
-2.737646571116134631e+00,7.372606389642433200e-01,4.988681246023750404e+00
3.280019869459493975e+00,3.399849678025329780e+00,5.442183425313777967e+00
2.012016795635008126e+00,5.716201857126943509e+00,6.077562504998980764e+00
1.806982006037329835e+00,4.980066041531710397e+00,6.128528665186292912e+00
3.709484303548628237e+00,4.151554934482037496e+00,4.446578562718588756e+00
3.816596710704596607e+00,6.616127970879899678e+00,8.926048934667949908e+00
9.403712001674977117e+00,1.100287553817165254e+01,1.483174489291190845e+01
2.800656702062516601e+00,4.722639120233450782e+00,8.261248326643856998e+00
3.529083457294603932e+00,6.450756476710838072e+00,1.049583345609348939e+01
2.052483338777212563e+00,3.869809055023317512e+00,7.127102126478060740e+00
-7.282718366554672418e-01,1.091180317109111897e+00,3.973372105984960712e+00
1.880703130831041570e+00,3.543678759366558850e+00,6.007162150256211142e+00
2.618969949684472276e+00,5.038998138319899844e+00,5.166040071738675188e+00
2.477558557400652006e+00,4.279539841364432107e+00,8.239407221628052724e+00
1.585409731621970408e+00,4.748080344616720794e+00,7.853728393608299996e+00
-7.791970084174356659e-01,-7.010693173669793055e-01,9.326252486688351162e-01
-3.978222895224665656e-01,3.096014953572502115e+00,5.057597331571987098e+00
-2.232280451809840471e+00,-3.239532677403005323e-01,1.852534818724659527e+00
5.150681358153311074e+00,5.440182532861179254e+00,6.862074179692863041e+00
3.535150333707378856e+00,4.502889266672047697e+00,5.821761807219649754e+00
2.675100466502143615e+00,4.016376210896232202e+00,6.843302158803977520e+00
-1.516933477254065243e+00,7.977885760739678034e-02,4.746015323189886281e+00
2.439968603552365334e+00,4.179583658811137248e+00,5.382911912487706729e+00
4.783108917475817456e+00,9.063444789539969904e+00,1.336528548963692486e+01
-1.873241107868421906e-01,3.093088716552089501e+00,4.341002880329629221e+00
4.022548643836520554e+00,5.091426790412485026e+00,7.156101659612701837e+00
1.561543991962447642e+00,5.409366477819301799e+00,9.582068878257611999e+00
-3.702465367811351271e+00,3.040084644519733814e-01,1.446503908887324164e+00
-7.375819708315836110e-01,4.374131583200382423e-01,8.085053817716627567e-01
5.660547680068992449e-01,7.378731132678471027e-01,1.454559503335617787e+00
1.697854598587302810e+00,6.230811557067466921e+00,8.210228780363655332e+00
5.718172775563733268e+00,8.826418486835191146e+00,1.017468752994101067e+01
6.977686360113173336e+00,1.045394204657539738e+01,1.327970444827507990e+01
4.796536471383290312e+00,4.872612426957917187e+00,6.481289994461919335e+00
7.562119859294980095e+00,8.650384766807174941e+00,1.331435728501675264e+01
4.094570168754112061e+00,4.250350809172088518e+00,7.750124682733302350e+00
1.145476630123944961e+00,1.909648454773711368e+00,2.660587290124911242e+00
2.573165963437443970e+00,3.028986310564830475e+00,7.466282525371884304e+00
-4.278384098209366826e-01,4.420532007224703186e+00,7.504190990463428967e+00
8.139153108417831461e-01,5.703553753225999223e+00,1.044015775769545762e+01
9.175598676742406923e-01,5.695648337591762811e+00,8.110634198291732488e+00
7.581675018481567996e+00,7.860685233646260706e+00,1.172460641035442386e+01
1.479985898429253766e+00,5.538669376789173704e+00,6.554161920345117132e+00
5.293026069841332060e+00,9.043828472560864640e+00,1.260587177470251063e+01
8.438191931571026316e-03,4.402560943043867248e+00,8.340431805844328750e+00
4.408988870620714096e+00,5.237813944304267721e+00,5.952538003077932238e+00
9.781235931498130753e+00,1.151498102265465207e+01,1.511175893704633211e+01
-2.718140809627606735e+00,5.237447521366185299e-01,1.293903195028735631e+00
1.142185616292206873e+01,1.413218400220503312e+01,1.532861573285680024e+01
3.614706741716616101e+00,8.458642849373282147e+00,9.876594086127932215e+00
1.134978318385939389e+01,1.621460164012626493e+01,1.701059067585929796e+01
1.068466812666787114e+01,1.131469053680129377e+01,1.278711708417269577e+01
4.142808728123551276e+00,6.711260783552473796e+00,1.078507481278931301e+01
-1.309960649398600463e+00,3.689151700918449794e+00,6.002200185374533703e+00
7.739946999268417116e+00,1.229755312774751275e+01,1.685037198432061700e+01
2.504152312834104332e+00,2.831534526319936518e+00,6.879836736479691517e+00
7.210515646038246018e+00,9.360364883769893396e+00,1.134502157609917816e+01
3.309233067656218275e+00,5.255805103973015591e+00,9.583649869731717175e+00
9.025743690616142345e+00,1.113216874663677203e+01,1.434191207981441174e+01
6.484340916749387063e-02,3.573833780418794959e+00,7.131508307608717345e+00
8.803777981148595444e+00,1.087157575601280612e+01,1.220568416388689847e+01
6.942666749879844446e+00,1.019166552620182742e+01,1.344700336503245097e+01
7.818873278752601408e+00,9.564573886971533767e+00,9.689411832632741195e+00
6.807940897516536083e+00,1.020052163193227912e+01,1.192273679688139154e+01
8.597774596062937036e+00,9.852084497826460563e+00,1.288454110321188750e+01
2.704180856490036255e+00,7.114150904531070019e+00,9.517754441521546482e+00
1.561471204940625412e+00,5.882308828817540913e+00,1.047654803943255608e+01
4.649979320764978219e+00,9.355192295342055431e+00,1.130811701059488428e+01
1.322187027834919348e+01,1.600314829576211650e+01,1.611092681750490030e+01
8.023326289116209153e+00,1.180277266234786993e+01,1.625696628720590908e+01
6.895568145047543673e+00,8.116339316864271680e+00,1.306024236874688782e+01
1.222026472722999380e+01,1.263612474963639976e+01,1.407799595360537026e+01
6.238609939735408005e+00,9.775323592827582786e+00,1.274690035918575326e+01
3.368765699248657874e+00,8.252446776124379824e+00,1.214994494724915697e+01
1.328344978704930668e+01,1.467502235556121803e+01,1.753277696050774992e+01
8.429128251400975103e+00,1.335298025297544022e+01,1.679259648953960138e+01
9.793346084549206410e+00,1.133247519122753566e+01,1.243199706937449278e+01
1.337656411046755878e+01,1.607240259014044170e+01,1.820467352551349549e+01
1.034179103725441173e+01,1.328409003263123722e+01,1.408252799701956270e+01
1.037361388626508329e+01,1.265935409248667654e+01,1.270877225305728508e+01
5.850778311862319114e+00,6.830805011310770780e+00,8.862821556198396067e+00
1.128397086112536662e+01,1.626062523038706331e+01,1.674090878131752191e+01
7.924717763855785080e+00,7.928443430048318419e+00,9.444254903478704222e+00
1.126167140720753679e+01,1.331418148206574692e+01,1.648141616855310332e+01
1.020132240788659850e+01,1.391660895351711780e+01,1.578984727212336381e+01
7.218299517363988116e+00,1.167825245166789472e+01,1.270166195541394316e+01
6.353023038236832676e+00,1.013522551804735095e+01,1.317603071752422395e+01
1.055444697146461408e+01,1.400832603670269627e+01,1.407962733308866810e+01
1.103864559909304077e+01,1.567846424019584184e+01,1.633345907453695034e+01
1.146214596184701762e+01,1.200797962236557836e+01,1.493314008287052808e+01
9.732049922442925549e+00,1.251995348317435486e+01,1.380281855003285507e+01
9.662503490569736897e+00,1.103590093488512025e+01,1.420523006369391439e+01
9.031171724785451715e+00,9.762896147074476616e+00,1.073939546786145627e+01
1.308716624839586373e+01,1.442877861452538824e+01,1.942216020367721541e+01
9.044091570845740335e+00,1.289164692368984433e+01,1.290329544656832716e+01
1.690153842614136792e+01,1.730103932406562706e+01,1.801719018046024345e+01
1.472785715492181069e+01,1.754131273323117668e+01,1.987166074835882768e+01
1.496351420624133688e+01,1.753121291154974415e+01,1.911894909855088898e+01
1.304717017949144520e+01,1.381334681219545857e+01,1.541296903548030528e+01
1.467963167418214887e+01,1.902184246149099778e+01,2.154104704161010631e+01
1.091422744263675071e+01,1.351659897289223977e+01,1.685052535423479014e+01
1.880193700784558786e+01,1.907204535132768441e+01,2.025750058885117610e+01
1.775909395203583685e+01,1.831011943884502813e+01,1.974045703784515737e+01
1.900386428913347103e+01,1.910035470226763366e+01,2.379847063719378042e+01
8.204813986058017150e+00,1.305910766093360387e+01,1.694670206124116874e+01
1.790442859851009771e+01,2.120892929821068051e+01,2.309816839369457142e+01
1.647494691498306452e+01,1.818621694680764023e+01,2.247067664609780024e+01
1.715613339534544579e+01,1.781777011741268879e+01,2.160680015355145756e+01
1.070510366765991428e+01,1.526507002192527551e+01,1.587185879392339771e+01
1.607969918008493693e+01,1.655067979720810101e+01,2.110860066140344671e+01
1.490962763052680629e+01,1.791978513665207018e+01,2.170199839234018313e+01
1.504808830909095363e+01,1.815198129308506836e+01,2.240223279537338641e+01
1.906027930385954861e+01,2.397152514710349180e+01,2.666337099076825368e+01
1.466475193468535387e+01,1.898897766201611148e+01,2.278414136660684619e+01
1.403037461405212127e+01,1.849394974240453848e+01,2.247336583409691002e+01
1.885082465489403702e+01,1.891758041818121683e+01,2.360782643641290690e+01
1.750722853418916714e+01,2.098023226858978063e+01,2.118725165026290114e+01
2.029258295813228230e+01,2.072988842339935189e+01,2.221155956239197593e+01
1.235429303054872818e+01,1.711604399564562584e+01,1.827971811631498156e+01
2.250757053624449711e+01,2.600018088649676073e+01,2.669432854443302716e+01
1.952281235481260069e+01,1.995392390930019744e+01,2.280533335520462401e+01
1.459889151060065338e+01,1.692195975881109149e+01,2.114011814282145707e+01
1.500570613752712390e+01,1.913642640742692791e+01,2.407113272522299141e+01
1.712906468210225697e+01,2.115639564577342568e+01,2.567319325393156504e+01
2.360492756760387678e+01,2.648910902754883523e+01,3.030376720229078913e+01
1.849762072600139717e+01,2.094798831443740283e+01,2.265721540356796737e+01
1.726562729911272953e+01,1.934240280885942198e+01,2.050500272981025418e+01
1.675526702931657042e+01,2.106252814514150273e+01,2.315710716997073959e+01
2.014795332515452841e+01,2.189707489774795235e+01,2.664992841013968672e+01
2.137577024208106025e+01,2.203595008380012743e+01,2.416715969689461474e+01
1.258351968158970280e+01,1.740428357461874498e+01,1.934151423034175821e+01
1.595957619872141819e+01,1.986451131414341731e+01,2.324904900257273255e+01
2.342478608523110140e+01,2.550204084773984903e+01,3.008572410946134568e+01
2.039993430963161458e+01,2.443765475594310388e+01,2.451428725534386643e+01
2.274795503899124682e+01,2.447299614389186218e+01,2.563849254261816313e+01
2.098968838947327953e+01,2.182085583441505960e+01,2.305326624208944963e+01
1.714568499543890212e+01,1.930284248283776805e+01,2.089270059455007100e+01
1.964908410308272124e+01,2.427544130475266115e+01,2.454224637441988932e+01
2.377903260704693977e+01,2.541140327180022496e+01,2.772603863534923008e+01
2.899911153075776937e+01,2.983073614039753707e+01,3.075160284305675162e+01
2.149851283044871764e+01,2.202425326206436296e+01,2.602041506138350968e+01
2.656247662828689826e+01,2.663530485156244509e+01,3.057731614926574437e+01
2.320805338851613797e+01,2.655561066148609939e+01,3.006171611111334840e+01
1.565970097190361088e+01,1.949537718616299742e+01,1.992558309015731766e+01
2.539384928956692278e+01,2.613500290441844243e+01,2.889879201790428098e+01
2.202783805767835545e+01,2.275837741506399325e+01,2.451726947692404934e+01
2.404620122007555949e+01,2.722720187627980692e+01,2.737971357590463839e+01
2.521217591402087876e+01,2.789608559643049901e+01,2.960658865565578068e+01
2.068682531732166652e+01,2.384357396960812991e+01,2.673096512108126888e+01
2.515354154465945058e+01,2.721593900740762706e+01,2.937457631918027445e+01
2.958214923293843057e+01,3.175325961033190580e+01,3.549750491470837233e+01
2.674429951008780293e+01,2.728500766545514011e+01,2.921283010348097520e+01
2.302306949610921905e+01,2.548060431786332458e+01,2.598700344327266620e+01
2.644342415323498940e+01,2.720411570105321530e+01,3.154866636046324757e+01
2.255626491097880404e+01,2.501726332640946637e+01,2.826549882079710230e+01
2.345621002289998103e+01,2.432150751090901863e+01,2.757087504280990586e+01
2.991811465051576491e+01,2.999379231864546469e+01,3.180065240157870576e+01
2.234444804099425497e+01,2.660314237048051211e+01,2.737316838840537514e+01
2.906743872272054574e+01,2.911988185540149487e+01,3.054991335177696143e+01
2.572025840265741792e+01,2.591841762899765556e+01,2.795978070423871387e+01
2.797348670644152335e+01,3.021101502834155639e+01,3.410786312593216962e+01
2.487852100879382178e+01,2.932120865655623021e+01,3.034180702772132321e+01
2.868331763403300982e+01,3.292495106012043493e+01,3.456844084285594931e+01
2.627852561462439240e+01,2.847910003123328693e+01,2.999502122971055584e+01
2.488295180622429825e+01,2.788405318184823400e+01,3.210518581435273688e+01
2.549813868616682555e+01,2.700386625887597702e+01,2.815742964908094947e+01
2.750759228731587669e+01,2.900544757401149099e+01,3.161999899201408226e+01
2.361570887482448811e+01,2.817524109424241630e+01,3.155143408993011889e+01
2.929703083268539388e+01,2.965411350041823724e+01,3.005712497010187079e+01
2.145744117704222376e+01,2.586435092828540760e+01,3.001902928850037355e+01
2.474645314977470179e+01,2.946466186774846108e+01,3.112719289238901155e+01
2.612025710114039612e+01,2.857863670900926678e+01,3.208137335050060557e+01
2.806074432371766747e+01,2.964105812513375682e+01,3.094418111151568596e+01
2.225069706796644908e+01,2.321802211057835308e+01,2.751210574690433219e+01
2.387741153480041234e+01,2.776338442828446418e+01,3.009937606127264687e+01
2.860099312770149638e+01,3.302995869100306692e+01,3.796122306920116785e+01
2.666073358429193263e+01,2.725116809468469015e+01,2.885540509951900745e+01
2.396361756613957894e+01,2.827427147612687719e+01,3.157285637869228268e+01
2.467418541939101573e+01,2.767303270046007313e+01,3.044596098534841033e+01
2.317917255277654576e+01,2.549400557609529017e+01,2.914350622700317572e+01
2.668711751348141448e+01,2.691004882261368536e+01,2.980147639497221945e+01
2.445868413412763687e+01,2.766650379433827212e+01,2.949646661639387091e+01
2.867408345166121819e+01,3.116300879648552780e+01,3.199132161644752870e+01
2.467278645065665899e+01,2.869192616445052124e+01,3.148847772773921960e+01
2.923670484276182435e+01,3.200814014303408328e+01,3.651590527551455523e+01
2.779616694139385302e+01,2.996960804529548739e+01,3.239338290623836514e+01
2.489958458364844773e+01,2.723594822305570418e+01,2.847618894638143772e+01
2.102300107671957363e+01,2.224524809534554848e+01,2.601747164084942199e+01
3.444028061127995954e+01,3.487550317004009059e+01,3.870009544912181809e+01
2.894577216697497946e+01,3.124728535001122509e+01,3.135741714884320785e+01
2.645858900350018672e+01,2.753465860762482365e+01,3.180418200499799397e+01
2.949231788148620481e+01,3.357577579515491806e+01,3.368601031688568526e+01
2.507894878165750541e+01,2.984122806745033429e+01,3.063232506658283683e+01
2.507890961622574011e+01,2.923416950689802718e+01,3.354430845547086193e+01
3.245388943383328950e+01,3.577255105931013190e+01,3.755960835581682034e+01
2.922000755913081349e+01,3.127299505238344324e+01,3.414749545508389872e+01
2.971708429139109242e+01,3.396733191881759240e+01,3.863273743103141555e+01
2.903823809525943744e+01,3.390486498844194330e+01,3.483104641544813518e+01
2.544899144709545880e+01,2.840621642259714719e+01,2.840853276910715763e+01
2.279044113393256410e+01,2.758087375017757381e+01,3.174885984129693739e+01
3.230764996414655599e+01,3.246054675887571506e+01,3.466926751690474617e+01
3.201247718330488112e+01,3.213735089756345076e+01,3.691156311056825245e+01
3.000500548970956061e+01,3.023176621004661868e+01,3.511580885100795513e+01
2.751000237017138161e+01,3.092584197296172022e+01,3.358221915223899146e+01
2.765248835836058561e+01,2.855617263950087548e+01,3.155548927964558814e+01
2.296831735837873367e+01,2.771990535342901651e+01,3.136428346998584971e+01
2.430252827228978418e+01,2.721191091418266694e+01,2.906839938564050385e+01
3.001011745249022056e+01,3.344966478924225584e+01,3.816691653505687043e+01
3.266382415827470709e+01,3.664623252588206981e+01,4.089292730628379502e+01
2.356915370361767614e+01,2.828055230297077927e+01,3.010233937406563598e+01
2.913903523104400506e+01,3.051770622710800751e+01,3.551022168445069838e+01
2.927273625374910893e+01,2.937413789263903041e+01,2.969595639168997536e+01
2.799367942235109297e+01,3.057666349691778152e+01,3.060229259424870918e+01
2.604384707580437919e+01,2.716149119424982317e+01,2.923157282847601124e+01
2.518837243768402701e+01,2.883672679001238137e+01,3.295135860721628518e+01
2.451598996496166194e+01,2.616682205501229674e+01,2.645270750504217716e+01
2.612938263020827989e+01,2.857445941886377128e+01,2.953650138884218279e+01
2.948617746751468971e+01,2.963468859199551986e+01,3.102203600442114606e+01
3.184578034147704173e+01,3.394723934453239877e+01,3.509719946329072116e+01
2.480819105507115196e+01,2.685791977103872696e+01,2.734900950747283943e+01
2.555629589803255541e+01,2.986127530340699820e+01,3.298356324801827100e+01
3.313825635814549031e+01,3.425160535793826000e+01,3.716885227474875819e+01
2.560965227468933136e+01,2.823081543428524753e+01,3.144426155521681920e+01
1.826518521311263399e+01,2.170304818970581096e+01,2.492080164568131195e+01
2.303131410015232561e+01,2.329133766383430526e+01,2.564544103218997506e+01
2.472848730678931872e+01,2.869412215952156942e+01,3.219496501592149684e+01
2.287297041346165827e+01,2.685866271360666957e+01,3.009133243245821632e+01
2.261576011403963449e+01,2.611400221759211604e+01,2.967604531775499055e+01
3.252464035294041622e+01,3.392394325214183226e+01,3.694991149814379838e+01
2.809781486205678291e+01,2.827964014556368255e+01,3.199087506250444335e+01
2.668072333712412103e+01,2.877814523953276904e+01,3.352928603115483952e+01
2.641987845396090862e+01,2.895658387771247533e+01,3.082168031957304066e+01
2.494077011749823569e+01,2.536058066790669585e+01,2.775948873099350678e+01
2.732306446938939004e+01,2.837609525129638399e+01,2.993790152290591777e+01
1.958095449357482210e+01,2.432272955648688395e+01,2.569019198884060273e+01
2.517277812834231199e+01,2.667243165901329149e+01,2.908515205162996864e+01
2.166607059783042644e+01,2.533497042043204672e+01,2.697352365591980217e+01
2.165311578611594356e+01,2.261745259787243612e+01,2.589622249077853766e+01
2.517132992688016557e+01,2.542267462003216139e+01,2.859422345114644770e+01
2.144707671473389965e+01,2.538255862429591403e+01,2.859365891348799948e+01
2.171611122678039152e+01,2.394603610718052167e+01,2.753407431374973413e+01
2.557240152477534778e+01,2.566547584559140205e+01,2.850503685697039913e+01
1.871632120007831546e+01,2.137195006878179271e+01,2.629725629790692309e+01
1.355971237661698403e+01,1.723460330416195774e+01,1.909322151013671132e+01
1.509313087107033979e+01,1.742973914258950430e+01,1.789910278130624377e+01
2.386478156268283968e+01,2.467373356479842528e+01,2.831825288037446242e+01
2.270493867000802624e+01,2.642896754339374965e+01,2.797964411254251260e+01
2.226209868814506976e+01,2.547253125593115186e+01,2.832366660088852939e+01
2.684152617353101533e+01,2.800193499288091203e+01,3.156752178416421017e+01
2.384984892517206490e+01,2.576909395495705368e+01,2.773228497462390152e+01
1.998831897311233163e+01,2.315096892065950129e+01,2.439208959180327341e+01
1.850884996129205717e+01,2.229864412939684115e+01,2.239481532504947126e+01
2.678870014929321641e+01,2.779225016488673816e+01,3.169207475314977529e+01
2.607570776421810876e+01,3.047471641671896236e+01,3.358674648502096005e+01
1.994604974759655747e+01,2.433498380738728883e+01,2.501125770356373579e+01
2.211501494526983080e+01,2.535681172430117769e+01,2.873035555968701260e+01
1.524942155166406721e+01,1.946977070949782274e+01,2.062283418734859097e+01
1.766952584726966791e+01,1.812354443465122245e+01,1.927495171732199708e+01
2.391231744053347441e+01,2.693553461181206643e+01,3.171648176952275122e+01
1.610269136505110410e+01,1.787835392312164373e+01,1.982381573149168119e+01
2.192976033804418279e+01,2.475419952098272702e+01,2.724975527366262185e+01
2.721343521373954033e+01,2.792953613304435123e+01,3.002337481256422436e+01
2.223218769261657712e+01,2.686240533321793933e+01,2.817228950941343513e+01
1.701094093443481015e+01,2.118115011535726211e+01,2.292856125282737878e+01
1.638422296909533316e+01,2.036492890177849802e+01,2.377373882611867728e+01
1.872587498348012502e+01,2.202674337493846934e+01,2.307826338105650166e+01
1.746626100607693743e+01,1.788947844904478757e+01,2.160106504831281171e+01
1.591967924258704770e+01,2.066693738816815795e+01,2.388444226109914581e+01
1.918320224891589021e+01,2.394511804282601730e+01,2.410030750909706754e+01
2.368446766836644812e+01,2.731297663083046245e+01,2.999383215086743348e+01
2.095594130900836660e+01,2.385538958299231638e+01,2.503355214529947403e+01
2.004208750342094447e+01,2.360841012723783194e+01,2.590096248769540921e+01
2.006886109948962726e+01,2.434784442428547635e+01,2.672527530679230878e+01
9.820386234655845925e+00,1.311450492627501596e+01,1.406422220882646990e+01
1.544194338106133202e+01,1.982243778576348703e+01,2.170266184909847595e+01
9.861109458237844905e+00,1.477983412033763777e+01,1.693620548050062169e+01
1.428911524650285259e+01,1.583420523513890643e+01,1.935713466975433050e+01
1.770936467318807672e+01,1.836342908027011234e+01,1.929503614698748848e+01
2.303300743825047547e+01,2.319185873100325779e+01,2.390901151038010397e+01
1.418424787597855996e+01,1.750777691440697126e+01,2.030580541753948864e+01
1.189391214414771980e+01,1.651630156797448379e+01,2.040848626929799181e+01
1.342658505408272873e+01,1.765559164705256379e+01,2.010324950328161364e+01
1.688961583322042870e+01,1.765009884188046740e+01,2.084144871985485636e+01
8.426516624528625599e+00,1.295545887580671618e+01,1.634345534313638026e+01
1.622363330718798835e+01,2.100575259692559627e+01,2.473835941383747539e+01
1.568237817265552003e+01,1.661347674313892142e+01,2.117779899571335278e+01
1.041171041432563626e+01,1.443697826333373868e+01,1.631555635791499625e+01
1.855288804587389606e+01,1.938519319705827826e+01,2.235219376832453619e+01
1.250639932151794653e+01,1.354524214610859545e+01,1.810475414359572000e+01
1.540415351729274462e+01,1.838425704138193595e+01,1.850465651404348577e+01
1.381961994455780385e+01,1.612533029604629675e+01,2.006453558287841332e+01
8.633917111993651972e+00,1.133194115252933543e+01,1.403417657727317547e+01
1.373653101146857836e+01,1.735422577480165174e+01,2.013562460833796663e+01
7.697275296826158630e+00,1.090099423571470538e+01,1.119577388874326829e+01
1.157415550401525017e+01,1.474245190368000813e+01,1.587521345210470614e+01
6.654452208487343867e+00,1.059306806440677207e+01,1.278257746177931509e+01
1.604648907572304140e+01,1.712385144159291528e+01,1.743676534770020226e+01
1.063185065069912127e+01,1.195590993991094564e+01,1.628120012827037755e+01
1.101607641530396009e+01,1.432725035447188056e+01,1.659106377248302167e+01
1.508313863936791677e+01,1.674256049556076320e+01,1.836707732847258967e+01
8.113474742584434907e+00,1.015547882921062239e+01,1.027130956364154102e+01
7.708759647286387739e+00,1.093458108439090459e+01,1.266177729868448409e+01
7.057648704657484728e+00,9.815630408281231567e+00,1.234482916404201092e+01
8.047114879445494751e+00,9.982568639078042594e+00,1.321117167748258936e+01
1.207334300950071082e+01,1.659936051441646043e+01,2.136788304026305241e+01
1.186762816165344070e+01,1.312111884691176122e+01,1.730926341968755722e+01
1.125495140318983545e+01,1.142219806892557443e+01,1.283699291456869673e+01
7.851978963558854829e+00,9.141147638518702934e+00,1.010741040123825485e+01
9.942744399710438330e+00,1.088788977685325676e+01,1.220909474617246637e+01
7.371793190453320044e+00,1.091278396177499133e+01,1.294411263287194558e+01
4.823317353978258559e+00,9.317310082090475731e+00,1.340930280987933187e+01
1.157591879357574349e+01,1.279839086888690147e+01,1.707671772493265649e+01
4.454074991559776819e+00,8.773704326861942349e+00,1.139658050156837099e+01
6.084882708091769565e+00,7.029675086598881961e+00,9.613036034055228995e+00
7.234810364624525647e+00,7.363591227610561951e+00,7.424372844188177112e+00
6.895146659425964053e+00,9.419964915714022169e+00,1.399495100185593444e+01
1.409958375407152786e+01,1.477158329853800822e+01,1.660821698355966802e+01
1.244302382407262009e+01,1.489092884654529669e+01,1.754756266062868164e+01
1.784760009183999685e+00,5.879973588053426070e+00,6.684137347594075074e+00
7.202877796456217396e+00,7.321314627505194572e+00,1.096684732579386257e+01
-9.851299641376485283e-01,3.266357287725083935e+00,5.279937741644054050e+00
4.448989564466898194e+00,9.231342971290603217e+00,1.187003411952200516e+01
4.074095029529841483e+00,7.509958927697786280e+00,1.000274292247597430e+01
9.186393909462434948e+00,1.024625407945949007e+01,1.187262989925164014e+01
1.739177973647330511e+00,6.520346576239951730e+00,9.151193100005148295e+00
7.091098339099166203e+00,1.184580641893674269e+01,1.356878261456287049e+01
5.167462649648085993e+00,1.012093114552761008e+01,1.336878560036105945e+01
4.115778938596053038e+00,8.165350620926009384e+00,8.731459193486179160e+00
1.610462082310202270e+00,6.028428483375781965e+00,6.130119151668234068e+00
1.477910533651088798e+01,1.510711962352594284e+01,1.689332339805450545e+01
6.779488455476703201e+00,8.282572579614438268e+00,9.194977963601514759e+00
3.342124226139117305e+00,7.241426376462454684e+00,9.304165340778823179e+00
4.232625874338610927e+00,8.680101646082775346e+00,8.826871630097189225e+00
2.699551642330524359e-01,1.975209109109426819e+00,2.890758907496657315e+00
3.444592860097924536e+00,5.638737470395853713e+00,1.061997497855439221e+01
5.178239573957890585e+00,9.591780998258126800e+00,1.280489021279825579e+01
8.890784386036619580e+00,9.932237176054691474e+00,1.314495345651545044e+01
7.690140928349631366e+00,8.808236110121026030e+00,9.129278632136214711e+00
-2.836900464879671624e+00,6.292545484622795726e-01,4.550716756502056981e+00
5.087497359273445596e+00,6.458230210704696717e+00,7.325256390263618300e+00
2.162311054154182344e-01,4.258646779251536785e+00,4.915334951658793194e+00
3.309565355320843061e+00,8.147690999429418213e+00,8.215144921818481549e+00
4.189987076423022927e+00,7.071251582135961833e+00,9.993050282724521338e+00
6.422726738704652050e+00,8.893680634945278385e+00,1.267067294981106151e+01
2.206881384926652423e+00,5.273180345707141115e+00,1.012061620164558207e+01
6.173039040317530812e+00,6.534758669778100604e+00,8.540110092007484610e+00
8.044249263175208498e+00,1.050057329877591528e+01,1.399520738819830257e+01
1.044256094582316940e+01,1.069944161668161797e+01,1.468419530015810892e+01
8.319041101992128873e+00,8.935376421749486653e+00,8.944321347279984735e+00
-1.747349644572074201e+00,5.657090235571260450e-01,1.614758934294542758e+00
-3.823000070011870477e-01,4.386658613196270373e+00,7.763098557844551273e+00
5.487562820722039270e+00,9.631190936833732508e+00,1.429293049923373893e+01
5.010853013327419170e+00,5.457348423945820315e+00,8.392160531728078965e+00
9.875006449067016412e-01,3.393785109647366127e+00,6.899977441526095490e+00
2.460908615296840019e+00,5.873699128393490732e+00,1.026130562170355098e+01
1.284164261805333940e+00,3.454996500837738793e+00,4.109297191507970126e+00
1.893288824249246716e+00,5.716295320343639297e+00,6.072746251712016985e+00
3.959420004207231170e+00,5.661579024311047981e+00,9.987572275443882930e+00
-1.606466676741753030e+00,3.370555730935308691e+00,5.927603176599085089e+00
1.782805399951917558e+00,5.648895846187463654e+00,5.837686058368372066e+00
-7.773598169789757151e-01,3.600184274647446614e+00,4.814813912462769352e+00
2.936407013253100828e+00,3.410673169680221939e+00,4.603700613907891537e+00
2.568145589729657896e+00,5.765339216078652740e+00,9.709080266987619723e+00
5.075045036970553092e+00,6.602707598612846951e+00,7.563352658411527152e+00
4.983187456521909198e-01,4.886874649484269639e+00,7.958570478026252282e+00
-1.947988197918861797e+00,1.470041742046213074e+00,1.594431797368040638e+00
-1.903358627577837137e+00,1.828119600792398103e+00,3.123957299690284461e+00
5.008390019722682496e+00,8.511918683624660531e+00,1.279379208167432758e+01
3.693655050652699501e+00,3.916480029752539949e+00,4.661726005489232882e+00
1.222508408868805629e+00,2.531633651467263491e+00,3.621974957564366271e+00
5.897216180472050873e+00,1.046476216631049283e+01,1.360233240229777429e+01
3.533140684287664257e+00,8.467441323677824982e+00,8.539351296088101506e+00
6.758349675771512466e+00,7.726225218855163668e+00,1.192111445732059494e+01
1.755109692518610043e+00,4.506413859723640947e+00,7.035309570251536471e+00
-4.627895855893813248e-01,3.779063658326142772e+00,8.354386169127907991e+00
1.497030117574854380e+00,3.810115509255530775e+00,4.996469675212045658e+00
3.032084118808126227e+00,3.501231466166683681e+00,7.554411142623355779e+00
3.647566296618993231e+00,5.789202104417594086e+00,6.312203188088472139e+00
5.831130715460852265e+00,7.036798602898834076e+00,1.016970502604439908e+01
-5.985086567004040070e+00,-3.354908377036127654e+00,1.453167872267405514e+00
-7.481924296641908612e-01,1.711149187766808133e+00,2.233060337721446853e+00
4.482315013609938781e-01,2.628143739612911478e+00,3.284876216274547733e+00
-1.907427287894424284e+00,-5.692166020546984839e-01,2.696962561801805158e+00
1.257273165621389577e+00,5.143513714232158307e+00,7.406948853926313525e+00
-3.659371778627241500e+00,9.935522315209985855e-01,3.605857468221461914e+00
7.298472239928656791e+00,8.135795123615864100e+00,1.026614647047865780e+01
1.951511861832702532e+00,4.166640842510616949e+00,5.574236269436943836e+00
2.510892202252197780e+00,4.958021169567593311e+00,8.223095427509058197e+00
3.784174446982430773e+00,7.064983493291720151e+00,7.429740190910450792e+00
3.054852358738320284e+00,5.658309060083888120e+00,5.909283715037321194e+00
4.120510148218935242e+00,5.107912351474075408e+00,7.877951624486066784e+00
1.135628035761916621e+00,3.718831607458231048e+00,7.773605918768240919e+00
2.284453923495471273e+00,4.272638118333383694e+00,7.926504886450111087e+00
1.492269020520253342e+00,2.825154753466342594e+00,3.678333979044734470e+00
4.064420329088422434e+00,7.775103762656771167e+00,9.508195300241213843e+00
2.051210737305567910e+00,6.588249634728569504e+00,9.616389949730741904e+00
6.736229695027887487e+00,1.128413975149240933e+01,1.476728510303337316e+01
1.918427179714339736e+00,6.772987274540799518e+00,8.478483398586192266e+00
1.233228408417073041e+00,5.788361676542148615e+00,9.386698350767446186e+00
4.739559785397167602e+00,6.191431353981425190e+00,6.656829707490254044e+00
-8.877643071146184006e-01,3.370932645191898391e+00,6.647836027348223098e+00
6.877464246219098243e+00,9.141377440765987572e+00,1.263143014291826383e+01
3.689435629950016171e+00,5.145802744707414611e+00,7.343314453216940763e+00
-4.431864796941566986e+00,-5.109340288386583495e-01,3.490771853341977149e+00
-8.928773697973446666e-01,1.692819656136236972e+00,2.475046976880497240e+00
3.578965701595322457e+00,5.398468489169672146e+00,9.212203396458637172e+00
1.262504955741072132e+00,1.482526079289868015e+00,4.880623602734007527e+00
-8.127231040465026091e-01,3.170002876471671449e+00,5.921851869656123313e+00
7.107573713874872467e+00,8.597293753634538405e+00,1.169564418739530964e+01
5.993501111261917202e+00,8.896303024358225287e+00,1.330241972891211688e+01
4.379982783893516363e+00,8.344347178322559344e+00,1.072879771798564263e+01
5.457728255203868173e+00,8.920775746831271391e+00,9.731488515185800381e+00
5.825529521324195770e+00,8.634093804212357171e+00,8.873951671890296211e+00
7.366629714007061125e+00,9.075338415604567999e+00,9.904094216958153396e+00
7.098699613453430146e+00,8.098063558214334989e+00,1.176193235741156684e+01
6.967535212722951066e+00,8.832101094165437871e+00,9.248674251798561841e+00
7.301814301704519394e+00,1.213047208510134745e+01,1.590009134847111483e+01
1.675541558820778043e+00,6.644625966640722581e+00,7.318375285391117480e+00
9.539995097733925178e+00,1.433985615367268984e+01,1.464379556728628629e+01
4.640873936712358372e+00,6.555644701573978494e+00,9.602868122723993594e+00
3.889812183625282138e+00,6.350995199702625271e+00,8.539252148879860727e+00
6.210830491901788264e+00,8.857709639011252634e+00,1.013571319458508313e+01
6.851922415331938687e+00,6.851946308377754313e+00,7.583058665713323876e+00
1.056983195379105567e+00,1.691308025798742953e+00,3.175148322268434242e+00
3.219935770938924691e+00,5.700203696018411037e+00,9.907703913947631946e+00
3.563207074148841080e+00,6.768564146330995790e+00,1.037628273725266226e+01
5.076275337647416563e+00,7.511687634674984793e+00,9.601928270831040280e+00
8.968286330535266693e-01,3.561381377754865518e+00,4.749728683320300071e+00
2.973472057923459921e+00,6.876830473439647484e+00,1.067198917272133585e+01
3.369229223028648690e+00,7.331571768673196487e+00,9.083243150781028064e+00
5.395358346522014514e+00,7.182010399842382320e+00,7.790202124307750609e+00
5.498100742313967615e+00,8.447567497639298040e+00,1.091745562000222591e+01
1.152584334207837991e+01,1.222359943893059686e+01,1.324251048176197720e+01
1.199222394772323774e+01,1.263853022800837245e+01,1.579204570058140078e+01
9.926361517139607571e+00,1.084822097657886175e+01,1.409657374295154852e+01
1.097488653441018513e+01,1.341372590663961795e+01,1.448219198998661561e+01
1.047679015164717065e+01,1.061500800171880421e+01,1.110890172477334481e+01
1.234607561230473571e+01,1.402105061578478029e+01,1.700308153687196011e+01
1.155534384205391873e+01,1.199333803513428798e+01,1.457317300088108780e+01
5.339102035784437206e+00,9.003903398308271022e+00,1.338400193312005726e+01
5.146851930845741663e+00,9.306603749739608133e+00,9.992633533496125153e+00
8.123839636229607919e+00,1.307763956038331088e+01,1.800358334583604147e+01
1.105672001704006036e+01,1.387509049646273951e+01,1.681544332850619128e+01
7.404903457896582886e+00,8.766522994180059314e+00,1.012825579932397346e+01
1.696946926601150807e+01,1.812468175649139113e+01,2.055039704512426013e+01
1.063213986145510859e+01,1.490123288742140595e+01,1.718332758489430745e+01
8.502719223690306194e+00,1.115548128012792972e+01,1.581161773030548900e+01
7.928354206872434418e+00,9.520370104600857530e+00,1.344593867201936632e+01
5.841665116212533704e+00,8.229441604966742929e+00,1.154909154642115965e+01
1.629215599540247794e+01,1.716018715521569504e+01,1.893306337887061730e+01
1.186858410899040628e+01,1.563574418807433730e+01,1.805761938682681134e+01
1.192342722872452931e+01,1.351889280663643333e+01,1.703197400174969545e+01
1.216158634575847408e+01,1.467521438294178537e+01,1.770894676468101991e+01
3.376286120686954995e+00,7.140577340211914148e+00,8.291165597916805297e+00
4.888998792749640998e+00,7.133304724545028286e+00,1.175518455939188556e+01
1.203632034942307172e+01,1.567971081624834540e+01,1.624429904263011437e+01
1.479380851711181322e+01,1.523488881969543485e+01,1.897708492680303038e+01
1.187114545300092416e+01,1.508907679419002257e+01,1.848137446034591846e+01
1.690555263052447188e+01,1.947720117744305668e+01,2.297432148203899516e+01
1.265083713901322326e+01,1.724271004697554588e+01,1.937632754938190871e+01
8.815379687956848898e+00,1.380997642570035566e+01,1.634917429957216584e+01
1.287092563565903802e+01,1.404443582886303155e+01,1.779737918898744198e+01
1.416365123565662643e+01,1.749523271493522714e+01,1.976367457732636623e+01
1.376550593981875004e+01,1.759907694953015422e+01,2.224382637494881720e+01
2.144786030420228684e+01,2.176576287463482373e+01,2.613415624591916142e+01
1.200553775583225580e+01,1.425547006618183943e+01,1.685316567359274487e+01
1.354585485145237378e+01,1.372717546605625394e+01,1.477866024648916543e+01
1.378352953660895075e+01,1.729567327256230769e+01,1.932880789978206693e+01
1.544598101127588308e+01,1.718614201478322556e+01,1.755856498933173526e+01
1.706386277662759454e+01,2.069974751786042688e+01,2.147749081319767939e+01
1.597909652779424050e+01,1.791279677168921580e+01,1.903718082895889196e+01
1.593161739983676739e+01,1.903061028206886718e+01,2.163297366845770142e+01
1.166793423040734901e+01,1.270572250899057920e+01,1.333418751173067740e+01
1.944790974121580263e+01,2.191320406868661053e+01,2.446954043831983938e+01
1.763860690898383865e+01,1.833524836129475588e+01,2.055761613271722155e+01
8.457936562810090209e+00,1.340615919150901902e+01,1.525994095132543826e+01
1.652380285412736072e+01,1.997743678177182858e+01,2.087751753754591633e+01
1.239839369272986502e+01,1.683668343676024648e+01,1.862203728011829895e+01
1.509941448480467052e+01,1.631051921217810730e+01,1.933178847693458735e+01
1.728573217956440189e+01,2.032427485171545456e+01,2.175518818631311291e+01
1.449831018137583527e+01,1.652868626364330495e+01,1.811967203197391640e+01
1.700542951328615260e+01,2.145382610479492769e+01,2.447265147533544649e+01
1.462819471769079982e+01,1.889300103311811085e+01,2.125461972355647333e+01
1.987757044188707312e+01,1.995594932757873252e+01,2.092307301335917913e+01
1.784923074156947109e+01,2.169787961920783914e+01,2.260833499439367600e+01
1.235457494669134526e+01,1.664831506819551166e+01,1.814397759556149481e+01
2.012246861607895099e+01,2.108621022993283844e+01,2.174780006694075496e+01
2.213395908493105679e+01,2.537675095776671697e+01,2.973031049071427390e+01
1.970682662195580548e+01,2.257461456803441280e+01,2.491632150811263813e+01
2.123535222794238209e+01,2.345339476634057263e+01,2.558322867901090092e+01
1.859380611442550801e+01,2.321398341675837784e+01,2.820620459933669721e+01
1.395548889677454696e+01,1.727015901241459517e+01,2.071013917720879149e+01
1.855663059253875957e+01,2.331346521856422171e+01,2.331471176453548466e+01
2.109629031497950535e+01,2.218332040790864212e+01,2.652641707081374278e+01
1.752522473637413114e+01,2.101637900470126397e+01,2.130100362151366511e+01
2.787344431310612336e+01,2.826312019636621287e+01,3.021482221577344518e+01
1.023837643986593093e+01,1.473857334473438918e+01,1.792030661733770458e+01
2.853948655654075850e+01,3.305607308315980220e+01,3.510702470534646125e+01
2.559747873406683283e+01,2.597249233188986395e+01,2.744774095298323147e+01
2.220465383875324861e+01,2.605516076766244637e+01,2.867528094880357870e+01
1.533620053665874750e+01,1.916483707763693189e+01,2.216492075895435931e+01
1.849348814345684389e+01,2.276829631576736190e+01,2.369595625371687930e+01
1.579905059319750116e+01,1.732931318957439970e+01,2.131588018306379340e+01
2.008865245728427951e+01,2.198644479173253785e+01,2.375268953291505980e+01
2.002965313901393074e+01,2.322506346626486007e+01,2.603875663731551882e+01
2.440648437422246886e+01,2.549877995706591349e+01,2.675061979612148022e+01
2.106877052971312736e+01,2.346072312474874622e+01,2.607595833166868005e+01
2.107712653469577901e+01,2.421347724957169589e+01,2.821679915723605703e+01
2.050520754187557770e+01,2.519093742178253592e+01,2.887397070219304851e+01
1.816739185168590254e+01,2.201755145495290122e+01,2.657784344737213189e+01
2.269892424465989222e+01,2.416454741840748710e+01,2.693951055730765631e+01
1.832660123720655321e+01,2.282747147329473592e+01,2.588355948168631215e+01
2.042066791235758316e+01,2.390684685994316538e+01,2.509227257636672093e+01
2.472184110912176180e+01,2.484694096726587276e+01,2.507681105175473135e+01
2.637624990421177174e+01,2.679340085209229727e+01,2.983784747683716176e+01
2.397492095778217092e+01,2.539880110273485414e+01,2.692716009956766854e+01
2.330271779229727969e+01,2.504577227504234926e+01,2.673044078874261942e+01
1.814702330448885448e+01,2.283410397750196097e+01,2.469429783362467390e+01
1.978563084884442702e+01,2.231957327054857743e+01,2.552786725109924504e+01
2.156240149464538192e+01,2.647036193137105542e+01,3.015005040024008309e+01
2.274278594761885941e+01,2.574003856733748563e+01,2.726558022459758845e+01
2.370790301313911641e+01,2.814790068083015484e+01,3.183267652165399397e+01
2.150877730958914213e+01,2.213959396143269132e+01,2.572043576903518414e+01
2.906304678068305236e+01,2.930064507917154870e+01,3.351256701033662466e+01
2.106576251034324088e+01,2.511507969028061282e+01,2.903896069138609093e+01
2.337477578633370001e+01,2.623970553945857631e+01,2.691169846698580415e+01
2.351652772519506840e+01,2.829377947725800624e+01,3.066474976034385236e+01
2.318467379465626976e+01,2.564674725240324804e+01,2.873807998126780205e+01
2.161208866284502861e+01,2.338024781091005622e+01,2.669547932450651828e+01
2.361295634245277597e+01,2.701014612101512924e+01,3.175197830439979185e+01
2.333223719687918418e+01,2.414345012820065151e+01,2.675606307747956691e+01
2.063494392524274446e+01,2.359830748593579131e+01,2.720317543451306719e+01
2.995300676199804712e+01,3.020079392920669292e+01,3.106752189529699493e+01
2.819986044967433614e+01,2.844406272229999644e+01,3.098019702480975468e+01
2.497788547855467556e+01,2.925346148798825752e+01,3.250703715921647330e+01
2.756022194378392598e+01,3.022939184196347639e+01,3.028098935797792635e+01
2.890724570009756533e+01,2.956382750443857077e+01,3.252764108975032542e+01
2.544709837940413522e+01,2.665593668823597540e+01,3.155823304579949706e+01
2.618891303540731741e+01,2.819574036629419922e+01,2.967484173514406720e+01
2.382340961167979643e+01,2.655626780868960424e+01,2.714927003750731060e+01
2.732675846434221612e+01,2.993135708080566104e+01,3.436621122252867622e+01
2.390462478141773772e+01,2.507898029195106915e+01,2.626710083036089927e+01
2.624365199411071714e+01,2.645123457369300013e+01,3.090557288116870893e+01
2.536244472152683826e+01,2.928606507081288868e+01,3.138248707575814578e+01
2.590893765433678197e+01,2.840787512102187051e+01,2.904927176168300207e+01
2.227210554742140403e+01,2.605154009492527223e+01,2.661956424896991535e+01
1.810041992751678563e+01,2.058738754261607440e+01,2.070351402212387626e+01
2.620654138202573691e+01,2.814089469058528081e+01,2.999670207870592264e+01
2.873731600329912084e+01,2.919546693130864767e+01,3.053283634607569397e+01
2.939626615947752342e+01,3.114382146643263027e+01,3.127040398025915380e+01
2.727448772934311449e+01,2.828336169604219918e+01,3.220559613303960589e+01
2.872889582821126453e+01,3.224737558653126257e+01,3.417505602804202880e+01
2.866308509919655023e+01,3.191541765736761960e+01,3.627826272309895472e+01
2.513746403740334756e+01,2.889528379051062501e+01,3.142403150940925372e+01
2.677058862098447634e+01,3.151913567765898350e+01,3.378519440431432486e+01
2.862645643689852193e+01,3.206395785799576714e+01,3.509240664166301826e+01
2.617308925422691246e+01,2.808337031757297808e+01,3.176664460125649470e+01
2.471892553033739404e+01,2.802668226584857081e+01,2.807798455757813372e+01
3.003531096224881836e+01,3.024687864835526696e+01,3.467703770487869264e+01
2.834369864238047754e+01,2.848183169950357296e+01,3.034638808468628923e+01
3.339714621407080131e+01,3.531198744705893233e+01,3.590394447298088920e+01
2.907700166854723989e+01,3.172509464065957729e+01,3.264461373032683156e+01
2.791802556307425931e+01,3.049314770047784151e+01,3.264774610005955680e+01
2.637156455940902333e+01,2.791749403469255952e+01,2.952273495452005392e+01
3.423258895615595065e+01,3.468910886820091832e+01,3.919354326685254364e+01
2.616148794821283019e+01,2.817502329206454803e+01,3.272479878169620093e+01
2.998791984819389356e+01,3.073407981801893385e+01,3.252004622925306876e+01
2.806043229762315150e+01,3.272563002623012807e+01,3.689083105991450395e+01
2.704932598470522365e+01,3.082900277760191443e+01,3.253479766371456350e+01
2.715221470324765107e+01,2.734001225026342752e+01,2.848608035549483120e+01
2.548212326246474646e+01,3.004345689233099037e+01,3.325397415444468407e+01
2.858122600420650627e+01,2.873942307816728459e+01,2.944334734577688550e+01
2.449489738567086050e+01,2.758182749069501227e+01,2.945905470865106324e+01
2.864317092293792655e+01,3.322363042155674862e+01,3.429272705734457105e+01
2.930504983702723365e+01,3.024598956152057028e+01,3.217476118893375769e+01
2.726003286689018879e+01,3.152686244524944570e+01,3.305895641139159835e+01
2.642626496799807256e+01,2.761344416266789636e+01,3.106495662983279971e+01
2.779670986516916287e+01,2.796717684040227780e+01,3.016033156888836686e+01
2.384882646579461962e+01,2.877544049202970200e+01,3.040439459660127852e+01
2.702133685478309033e+01,3.000813849294376467e+01,3.235582331171705306e+01
2.879942108066141060e+01,3.324416691113990652e+01,3.348827785208390395e+01
2.470167953884462975e+01,2.862951294802903490e+01,3.072884035060484109e+01
2.517510531723598177e+01,2.527079606907310705e+01,2.831169746102244744e+01
2.739090192992333428e+01,3.045858953784584600e+01,3.346546878132733838e+01
2.292689356130972556e+01,2.701361632042293692e+01,2.921401871670508754e+01
2.464226572222909795e+01,2.783126828832279642e+01,2.794547212429665706e+01
2.943323449054384611e+01,3.314436307246892710e+01,3.340658127319620263e+01
2.213803514524669325e+01,2.647420679254962650e+01,2.967573249928541657e+01
2.445250370075854107e+01,2.653294420425586253e+01,2.991197940571357705e+01
2.474733959025097363e+01,2.586214833916769962e+01,2.855308549902983373e+01
2.135198470479974020e+01,2.501263140247713324e+01,2.544264267293684867e+01
2.553896157970841685e+01,2.593913854560319976e+01,3.042190034387386177e+01
2.415005524691791905e+01,2.839285710315159861e+01,3.007816979764823984e+01
1.714525868363980976e+01,2.055771843653653264e+01,2.356248265724370228e+01
2.141918418896404219e+01,2.502253034230334094e+01,2.657849301097769512e+01
2.407271027217374026e+01,2.639571891910146206e+01,2.785154177467425995e+01
2.620833268949525063e+01,3.012871904984866944e+01,3.122346547980618325e+01
2.844854464624292589e+01,3.295772500393966453e+01,3.724225707598064616e+01
2.032505106537065132e+01,2.403399113052100233e+01,2.889022530033361491e+01
2.582617919651562488e+01,2.852876599455508710e+01,3.011142317526392986e+01
2.480055965395044026e+01,2.829033559476921056e+01,3.323155754483428836e+01
2.368664923604958261e+01,2.629778925371266496e+01,2.773538333468714256e+01
3.096167894473154902e+01,3.162921848887545195e+01,3.569897537639931073e+01
2.423874925169436167e+01,2.584720149028895619e+01,2.957278334517728879e+01
2.334379609007177692e+01,2.806061816899460482e+01,2.823471002797694496e+01
2.882950337151729414e+01,2.932213535432598306e+01,3.000532824284301725e+01
2.208979149379673856e+01,2.519418813169900773e+01,3.001854693132607821e+01
2.033952693445263904e+01,2.232371590777021808e+01,2.532167248927992276e+01
1.753155977325872428e+01,2.059278139926847118e+01,2.381751845873841589e+01
2.376551982889079540e+01,2.662053151616136404e+01,3.150129443137163676e+01
2.383149961917534299e+01,2.518775016654348775e+01,2.572104196760017558e+01
2.267714562892046715e+01,2.377830523861750223e+01,2.555988478835033462e+01
2.110324390686595564e+01,2.502933136431993333e+01,2.855659497961520188e+01
2.537961876096012759e+01,2.777425067720628959e+01,3.167616733255714934e+01
2.577363937248136949e+01,2.672938852747148175e+01,3.159023431327754139e+01
2.157645707668380908e+01,2.322572070309174208e+01,2.613248560873068627e+01
2.338932614809092314e+01,2.368270924600481209e+01,2.510030888782912939e+01
2.652533197976297075e+01,2.714657163443995103e+01,3.026293104886017105e+01
2.105828419699263065e+01,2.180105977428136654e+01,2.326080829672553918e+01
2.075452327827594701e+01,2.302031071965811293e+01,2.753611112204824707e+01
2.542989308029321194e+01,2.579923581099258101e+01,2.840471285634221843e+01
2.258383099155840767e+01,2.601490650455944831e+01,3.022894095189414543e+01
2.134088496425480486e+01,2.265495311706047943e+01,2.278875203896523871e+01
2.836932591262342740e+01,2.879685532036324958e+01,3.137649640862926148e+01
1.828912242736691951e+01,2.300170409384893588e+01,2.601147956173144848e+01
1.528518888114173535e+01,1.848195369279735090e+01,2.214753259151651221e+01
2.391119494765451137e+01,2.551544373360176010e+01,2.780068727479689983e+01
1.930316541136187070e+01,2.039897065823693723e+01,2.357568247799536465e+01
1.913921452883823449e+01,2.383782616738824345e+01,2.524799447642889660e+01
1.801259343081861530e+01,2.217482283766016593e+01,2.666038009451592927e+01
2.517957255602532030e+01,2.951855470030819362e+01,3.047622880836781789e+01
1.748229855536854060e+01,1.997745826221426313e+01,2.131186252941151338e+01
1.870631343088947673e+01,2.088760892898610422e+01,2.471123990692979433e+01
1.895782391064036077e+01,2.057540551654753713e+01,2.488735914923405801e+01
1.900106739521695687e+01,1.986044805084340581e+01,2.104679205562516842e+01
1.390801487625486033e+01,1.672200294561348244e+01,1.783578803350766151e+01
1.563576929920050773e+01,1.630854515692596962e+01,1.849574482672392861e+01
1.738326780160177876e+01,1.893055750037012430e+01,2.106011293625796554e+01
1.917526852328796139e+01,1.980579437197805248e+01,2.366583751746076203e+01
1.374745987213733400e+01,1.822992501412932143e+01,1.964228668689911927e+01
1.456465324905320813e+01,1.811818337341551199e+01,2.148115020551721344e+01
1.675998963096498784e+01,2.104738041325984810e+01,2.560616998541909695e+01
1.644790211400951918e+01,1.750908036692100467e+01,2.172481754937581044e+01
1.357780478712374084e+01,1.430703616124107747e+01,1.495952296007554594e+01
1.702950295304826511e+01,2.028896870074307657e+01,2.213004128199639453e+01
2.015947061240477822e+01,2.148470109289593566e+01,2.517320118027137354e+01
1.484312862552018508e+01,1.967488991232809425e+01,2.116306510951432784e+01
1.177422922249398418e+01,1.653826436084104046e+01,1.786950381130706944e+01
1.380237813762781585e+01,1.711193101753118029e+01,2.102774474734623311e+01
1.501636865934673182e+01,1.620513871791369809e+01,1.770838260135440834e+01
1.356912594922211568e+01,1.846235892779315080e+01,1.999424338662016964e+01
1.847451877977502122e+01,2.049028183650456469e+01,2.416486499901410667e+01
1.460350532671117563e+01,1.790530190471249483e+01,2.226235483748167354e+01
1.380194840226680597e+01,1.639542229736055035e+01,1.802844544969302376e+01
1.228029523204219231e+01,1.646134969498367084e+01,1.895637338733183697e+01
1.467172093924082965e+01,1.727443087473188044e+01,2.187009405847920362e+01
1.939056471133589454e+01,2.130432951849525836e+01,2.522583039066424959e+01
1.302200256995947036e+01,1.797631861695135314e+01,2.056629413758341229e+01
1.018977123001720564e+01,1.251002638055390825e+01,1.355768330276673161e+01
1.036350447262908858e+01,1.230756983769871837e+01,1.333074762381692402e+01
1.817862446974057633e+01,2.038695755113472430e+01,2.251117483955140841e+01
1.371737263824703845e+01,1.692592013329418066e+01,2.022317603518572326e+01
6.679369731849422287e+00,1.147263203067385007e+01,1.306256593510376085e+01
1.135488983447205769e+01,1.177807112664254774e+01,1.598567503659138112e+01
1.387823189423290771e+01,1.404386231065866220e+01,1.452504531571674917e+01
1.552177181696866448e+01,1.732257405255744231e+01,1.941537937862625895e+01
7.619036037354856461e+00,1.098022200398121129e+01,1.510314872683331799e+01
9.947142190980358123e+00,1.460771072441162488e+01,1.467625135365572575e+01
1.635435871592477497e+01,1.747406614544247105e+01,1.892867338642441055e+01
7.421250255742473101e+00,1.086998559532285036e+01,1.565925806545000043e+01
1.162262460176411594e+01,1.186870942054765088e+01,1.207368705939209974e+01
1.539527844294674175e+01,2.003299092523625546e+01,2.388218561823232022e+01
8.513865032600504534e+00,1.215828766166768382e+01,1.701913929659546199e+01
1.082309867135515802e+01,1.196669051866460443e+01,1.596611604635708836e+01
1.118160159552056676e+01,1.234872392965407251e+01,1.355791896509053984e+01
9.167485630267826480e+00,1.155102801634037135e+01,1.475006111286301547e+01
1.272724869136241210e+01,1.404131754601655047e+01,1.667561908638462498e+01
1.154747378252808510e+01,1.223479820357138514e+01,1.689531051268080120e+01
6.154630899240752129e+00,9.770327174306228102e+00,1.468210496571701107e+01
8.200196475368537463e+00,9.402664547216827984e+00,1.010040183187588525e+01
1.130196772204691236e+01,1.185460518757534132e+01,1.668632469066523072e+01
7.062016107319701419e+00,7.153695368773824725e+00,7.174539058341133924e+00
9.512904822548762240e+00,1.309463476558281592e+01,1.800187053752127753e+01
1.410778859731685841e+01,1.701960197917830442e+01,2.012452424904840242e+01
7.744880347676199150e+00,1.081065144709513071e+01,1.212708028470033561e+01
4.330310834834784295e+00,5.634660672948857751e+00,6.155066148727041053e+00
7.098877971804071763e+00,9.443915427847322519e+00,1.035939262064571409e+01
6.703636334407756081e+00,8.258350352031714081e+00,1.062790821470267311e+01
5.786579307473508571e+00,9.784580644673281924e+00,1.350868584547982998e+01
5.401547980318978759e+00,9.216216402872591473e+00,9.314020292953260949e+00
8.676049163191350999e+00,1.290166880650745007e+01,1.403202440456522915e+01
6.091001094373304170e+00,7.494336327328557701e+00,1.113697777525785781e+01
5.829798173013875484e+00,8.634409920205662559e+00,9.884017249981638997e+00
2.168414663792169961e+00,5.882278635996641469e+00,8.708353195328392360e+00
4.746880883453648892e+00,9.495241179951603883e+00,1.125677166614431179e+01
6.413478820223147636e+00,1.092650475651612929e+01,1.508326315496931791e+01
1.197944856095698718e+01,1.231167476300669605e+01,1.293230714289210503e+01
8.382701751555906355e+00,9.169526881468357260e+00,1.071404118684436924e+01
5.013307931067610745e+00,8.637671176175455656e+00,1.250121356766003444e+01
1.430005452774574692e+00,5.406078112444908434e+00,1.017485414518825415e+01
-1.412836114536870191e+00,1.200836341497078408e+00,2.181287693705573627e+00
1.673495943377849571e+00,5.755698773761043441e+00,6.973232479571688458e+00
4.482315578230058328e+00,6.569744287265584681e+00,6.633690540664569646e+00
3.239566850438056367e+00,6.800634014342397116e+00,1.095179858814668528e+01
2.143426482802495592e+00,2.218144165504164711e+00,3.627481194762787631e+00
3.489380547429470347e+00,6.056756806087947531e+00,6.800950005093705286e+00
-1.486496513108996886e-01,3.388016104905595682e-01,3.085606881644044286e+00
-1.569037818990461908e+00,2.774132646555963255e+00,6.552800960369348893e+00
7.818869547580654000e+00,9.792239287476325771e+00,1.107644466456390653e+01
5.900721912023191962e+00,1.034840636605979469e+01,1.422509572581735071e+01
1.793214508784275019e+00,5.837778573856921227e+00,1.042394941694263899e+01
2.423640260562286208e+00,6.897090573865682472e+00,9.005000928365699764e+00
3.391288595237078152e+00,7.246871395147784334e+00,1.188166835472004479e+01
6.733882093360397114e+00,7.138055779632331621e+00,1.098083763314332373e+01
-1.413280738538666981e-01,3.177139773994831273e+00,5.950952299295240167e+00
3.079876184987150989e+00,6.242393670272775807e+00,1.112502941188374805e+01
2.066888708861419843e+00,6.449439136153132246e+00,1.136912584327430054e+01
2.571015714768140281e+00,6.258946784552572140e+00,6.307967141365865338e+00
1.488151106154372183e+00,3.205523325954660940e+00,3.638323261879921500e+00
-4.910797463306915134e-01,1.982898264484378892e+00,3.081380469714047887e+00
3.372128608288325058e+00,4.727416305590203649e+00,5.265213182642605183e+00
-2.120428048359439099e+00,1.126309773744776699e+00,5.717727563723904005e+00
-5.717614433099256210e-01,2.774877410419958501e+00,6.063798370682243366e+00
1.907227608635433391e+00,6.496743592563861469e+00,8.397981996711434860e+00
3.796175086405634502e+00,8.267667628874681540e+00,1.177796883647326531e+01
7.155050031923677167e+00,7.562630598084613354e+00,1.110144440007616318e+01
2.460229833523262410e+00,2.930292959347633897e+00,6.490974464715373315e+00
2.439739956845783375e+00,3.661939806287947796e+00,3.690585563844220651e+00
4.114735308972607974e-01,3.388143514157956560e+00,6.853467652555170986e+00
7.215271902894633271e-01,5.349858884020154193e+00,5.460054633259714407e+00
-2.844495495351705205e+00,2.100616333325003193e+00,5.926897264061819826e+00
7.025473558036576804e-02,4.820642164693992093e+00,6.111166446323539780e+00
1.811303842782661100e+00,4.296702249969523102e+00,7.072510351957976837e+00
3.158001012617281500e+00,6.374870446234943699e+00,9.234689875784379609e+00
-1.862883732149883453e+00,1.194494670876510067e+00,6.084086949510844278e+00
1.068035484475687191e+00,1.664996179707428414e+00,3.422889739038415424e+00
1.980767590790327937e+00,5.424976331437049382e+00,9.560052982524720022e+00
1.402617392394499340e+00,4.876759566209707408e+00,8.302206328320771433e+00
-3.028335550995329140e+00,1.027425004300976052e+00,5.674876828998041134e+00
-3.820281552631902500e+00,-1.130645495669117651e+00,-8.567407066165388940e-02
1.670736475506285679e+00,6.030627599569513109e+00,1.067309696814719899e+01
1.729729293173010163e-01,4.815927358162252148e+00,8.173652510121842241e+00
3.909524896415867978e-01,3.715751396287112929e+00,4.524033542365744509e+00
5.498176071475869620e+00,6.003751849036855326e+00,7.467561881467332796e+00
1.035165542627511259e+00,2.037609624022256760e+00,3.680949157371807612e+00
3.671917745837595781e+00,5.717027409879046118e+00,8.331868248338661687e+00
5.154269826332017246e+00,7.699866514291537456e+00,1.248364958354038379e+01
1.263963077249720790e+00,5.665998947253156004e+00,7.477727800347122589e+00
-3.940831072370658106e+00,4.935603880663554932e-01,6.318726467428661397e-01
2.966409303911941464e+00,7.230109852157578842e+00,7.443531938999434772e+00
1.097779066522777125e-01,1.249751162404767690e+00,2.286394364523169465e+00
1.994742335844810643e+00,3.547144204936332201e+00,5.274657806937753435e+00
2.506271381289063349e+00,5.919978031981738553e+00,8.402925789197045248e+00
2.154010868310860083e+00,6.918692858699884596e+00,1.104184325338788319e+01
9.580580672262692943e-01,4.586038616523516964e+00,9.518174242317574141e+00
7.187737330549142989e+00,1.092160986343074214e+01,1.149442459453834786e+01
-1.298980424829440317e+00,1.240102481190315409e+00,2.230628753625379268e+00
1.074136787902917156e+01,1.100059155736657601e+01,1.597302884942402201e+01
-4.965415860892624877e+00,-3.927380823709425428e-01,2.720878349571784760e+00
1.532839736739700420e+00,4.876794678236464620e+00,6.319792550774327999e+00
9.543476136696005252e-02,4.416774526344759977e-01,4.461218920189939041e+00
3.268412874632331544e+00,6.130198175176596820e+00,8.440776445610996603e+00
-2.774007988982854833e+00,5.833348930184367731e-01,3.046292576764645155e+00
4.651819543144268820e+00,6.653210965052044124e+00,1.025452506718987422e+01
8.333742311930456559e-01,3.496999965607282768e+00,4.354259476869908774e+00
-3.308665787048283402e+00,2.289959328949207062e-01,2.126657441285867645e+00
6.211519141390960286e+00,1.007099652237825538e+01,1.495448227882821080e+01
5.156184529857027243e+00,7.684308637591659163e+00,1.139548992735830701e+01
4.527967581713578049e+00,7.224452282857625640e+00,1.208091869651120653e+01
8.471373028708580222e+00,1.129695335836358794e+01,1.344888237429478117e+01
2.803658319722145631e+00,4.570436471969011372e+00,5.600897671608642270e+00
7.820917393355829361e+00,9.641199125525744762e+00,1.265684372391280021e+01
2.797628621053251496e+00,3.068028609792374795e+00,5.391066060317934117e+00
4.714804051766476434e+00,6.257189870995121694e+00,1.094135332292687934e+01
-1.913938523453124319e+00,1.457568967496214007e+00,4.925403965391956795e+00
8.777135541718363854e+00,1.205565447699784443e+01,1.555474741603404354e+01
4.444769655077801751e+00,5.870232264294003244e+00,9.126459113672321877e+00
2.123018358777100989e+00,4.435449441874067311e+00,7.518861809631988358e+00
1.028822545106041275e+01,1.256443429188394312e+01,1.651054837128906527e+01
7.035450050776601572e+00,8.885019327272104306e+00,1.314241690133624374e+01
3.673966300557389708e+00,4.800648748951219957e+00,9.137540566879550852e+00
3.075188056868769948e+00,5.531959587747781626e+00,7.447749539135856800e+00
5.818896444483527830e+00,7.980435614727699800e+00,1.147836662446062483e+01
1.360773392806592241e+01,1.485126050301936473e+01,1.813316288715775215e+01
2.380348072670556370e+00,5.206494100296647609e+00,5.249398280521618609e+00
9.417683676978253260e+00,9.948595192003839571e+00,1.135440994351101196e+01
3.591975604664500832e+00,7.032714142234302024e+00,8.344801917442351780e+00
6.603140374220317632e+00,1.095450819299782452e+01,1.173792494540796660e+01
7.302637120141272753e+00,7.324809217076306389e+00,1.205423835934470134e+01
6.443478055445340580e+00,7.924825604286787062e+00,1.041754322182666215e+01
8.802962494387713832e-01,3.657453913917785293e+00,5.553854951208535340e+00
7.989872404074350065e+00,8.264942261900204201e+00,1.104923970381109122e+01
1.178728720700676291e+01,1.677257961020493582e+01,2.032208441993939019e+01
3.599071899205133374e+00,5.694462996964000823e+00,9.623682069834259778e+00
4.207617594967707930e+00,8.558574982632840999e+00,1.130542576673988009e+01
5.910652471253392548e+00,9.461017198788164606e+00,1.331881505842111224e+01
1.133343618034418299e+01,1.259195222336157372e+01,1.487464496958482840e+01
5.316313027395858093e+00,9.848928263305717579e+00,1.336913697304542836e+01
1.152020770976060149e+01,1.373093941338762036e+01,1.501669355835049657e+01
6.932280559869780312e+00,7.563684548832982912e+00,1.243364487085575831e+01
5.274547059796290682e+00,1.025302555958130313e+01,1.290897960090213914e+01
1.027478132966517599e+01,1.028596643048443227e+01,1.125226828166058191e+01
7.510097241188696593e+00,8.887774851964820755e+00,1.118477084274102928e+01
7.263367760275319718e+00,1.087475638851605275e+01,1.237681802647634299e+01
7.067787434347183151e+00,8.699506043008859990e+00,9.606503248967827702e+00
1.077705398530276604e+01,1.355654827009730745e+01,1.533436668033793104e+01
6.904603843615273462e+00,7.501774357702389651e+00,9.823541922742636601e+00
3.631692887072356601e+00,6.949540622940061141e+00,9.336224866264576150e+00
5.152022414295767128e+00,8.778512486499460366e+00,1.146609049893290511e+01
9.865007287384903734e+00,1.218537786519108579e+01,1.305929105641260257e+01
1.151269341036069349e+01,1.350872064965583697e+01,1.427529350230735439e+01
9.970633954084485495e+00,1.041815522932030724e+01,1.060494889528740181e+01
1.351986483828696173e+01,1.422782719596828649e+01,1.431615057615536557e+01
3.831239636676437854e-01,4.579732440663969228e+00,6.755108915445302564e+00
1.095522237782980568e+01,1.183182372334133170e+01,1.238921963433547013e+01
7.228702171096340834e+00,1.157400371701666586e+01,1.184894764589028782e+01
1.095833140122697458e+01,1.442531429801106668e+01,1.862271988977741444e+01
1.186767742734953401e+01,1.670268836960058323e+01,1.783967548501356859e+01
1.907012702528571779e+01,2.186108215753109363e+01,2.309838809546041460e+01
1.085693027954151724e+01,1.369359003750519932e+01,1.511270558874005232e+01
-1.960167666966245115e+00,2.247058768798215311e+00,6.257345987840666979e+00
1.112143923445934490e+01,1.470643197099667354e+01,1.752895560715492351e+01
1.011695070311685640e+01,1.391179616420950715e+01,1.843396805347474299e+01
1.570068324226816614e+01,1.605946434055661598e+01,1.636981066279937735e+01
1.584246280750333291e+01,1.647479503731769412e+01,1.939787222281665180e+01
1.244440427845338526e+01,1.353715630825112548e+01,1.762443435537785419e+01
1.110163623924009180e+01,1.177482531036988789e+01,1.220923045723840872e+01
1.546692956758667137e+01,1.763406170078062729e+01,2.114684261732864456e+01
1.591744744796135436e+01,1.948870283200226083e+01,2.007772387569439587e+01
1.757701232992377882e+01,1.801695416129145855e+01,1.802229065739360436e+01
1.743343525829828877e+01,1.796802988830486569e+01,2.258534763177591742e+01
1.527007989701525048e+01,1.689590754305792331e+01,1.766533919782225937e+01
1.556207560714117122e+01,1.962429791755670294e+01,2.321131386437501831e+01
8.679214669206949395e+00,1.351512353977731351e+01,1.373342603436462639e+01
1.766534537639481428e+01,1.836854354926737543e+01,2.194184439002075138e+01
1.337732569437783958e+01,1.501909220137506296e+01,1.795402691897854197e+01
1.024755275385528996e+01,1.335863321025088979e+01,1.411098761393736112e+01
1.937315101670709794e+01,2.138037604733658625e+01,2.165069461159335873e+01
1.433099325312884886e+01,1.592099374558283387e+01,2.032152699723934219e+01
1.879580609531275925e+01,1.954311738962364231e+01,2.144800704582151241e+01
1.652776837008936539e+01,2.091657848542057607e+01,2.451279100904882213e+01
1.718971117797149617e+01,1.904999900968329385e+01,2.219971679392876496e+01
1.195746188684948663e+01,1.640199509475379713e+01,2.093156268491028271e+01
2.221418172940440172e+01,2.374066211800351667e+01,2.535725952150578877e+01
1.115447374351723653e+01,1.449021686659251529e+01,1.610524807908909040e+01
1.845366650349487259e+01,2.024362245354292966e+01,2.165270824381361336e+01
2.540042328737408184e+01,2.578310535144650117e+01,2.799664835790603945e+01
2.181294910652792041e+01,2.482035390044341483e+01,2.918242409467073983e+01
1.404335520278513805e+01,1.819199579313253423e+01,2.012268503676639853e+01
1.935239029865525850e+01,2.425365924742075308e+01,2.430516928815373490e+01
1.410501279706139499e+01,1.779894997901133635e+01,2.097823742718754048e+01
1.610442621820127229e+01,1.857385822419159638e+01,1.998083213398408731e+01
2.101401986287311985e+01,2.280382299099908039e+01,2.298538962167183897e+01
1.397269938629423436e+01,1.817899017968814945e+01,2.239156669391984167e+01
1.802650846869590495e+01,1.918917639383363039e+01,2.363092329757667898e+01
1.592387916841516571e+01,2.089456317825420584e+01,2.390544700803571843e+01
1.924221339354782501e+01,2.254704685782017393e+01,2.276971835853786885e+01
1.829532186045561559e+01,2.161281475344245351e+01,2.241585666526666643e+01
1.807309552342100289e+01,2.131630802634962052e+01,2.453297331536320414e+01
1.865345760332522573e+01,1.962554690001859825e+01,2.087705696445733849e+01
1.591223561599603542e+01,1.686312052781741144e+01,1.687319138584128098e+01
1.549418347962791387e+01,1.946471999973752531e+01,2.215780854067883965e+01
2.403464696329700701e+01,2.672137405529468523e+01,2.711307464159461134e+01
2.117488545762926933e+01,2.394484412139041751e+01,2.633080272647807618e+01
2.076020736198809047e+01,2.427790898123785368e+01,2.686920016371055198e+01
2.234356568814961008e+01,2.652399856675366507e+01,2.847518416772863148e+01
1.905020517684315351e+01,2.298235025687230149e+01,2.397867321869901858e+01
2.571210707131949036e+01,2.624518152451922148e+01,2.758094156267996766e+01
2.415039621414311100e+01,2.647982999884318644e+01,3.136241604578084718e+01
1.885487085373567595e+01,2.202650713414781336e+01,2.206583663313802646e+01
2.317154334864822829e+01,2.685055548301921036e+01,2.686921847571880306e+01
2.344303990223623657e+01,2.562467396313413559e+01,2.662451780585652372e+01
2.029728694545445578e+01,2.231287878473538200e+01,2.362919806725706451e+01
2.738806924389654185e+01,3.045642342383955281e+01,3.069159643560184136e+01
2.714088418157405869e+01,2.784267079275058876e+01,2.837651102841388706e+01
1.792007420061186096e+01,2.239051907972158872e+01,2.424895251548607078e+01
2.216200958995284509e+01,2.534239701088338492e+01,2.962698293926768400e+01
1.879433212478589610e+01,2.374007204896038203e+01,2.719500119344530731e+01
2.888980205558893033e+01,3.032854053355126567e+01,3.523374277464390047e+01
2.068796590088279430e+01,2.377034858914673876e+01,2.872949724026958762e+01
2.653997492027306038e+01,2.786981376857555404e+01,3.161514177851180207e+01
2.165245008785149139e+01,2.357725020049300824e+01,2.674200837822589349e+01
2.831065853687122313e+01,3.150163492956625433e+01,3.253205238820010692e+01
2.389020291865697132e+01,2.847218016711193656e+01,3.259902581927903498e+01
2.791311050005505479e+01,2.851222277801533878e+01,3.272300059695253083e+01
2.515705957069901899e+01,2.769954237437093170e+01,3.140166960720130618e+01
2.611937577151317669e+01,2.718650927107323412e+01,3.216910773114454258e+01
1.814504893181898382e+01,2.041421874267923187e+01,2.420261093650107398e+01
2.470406576952346001e+01,2.897232162469640926e+01,3.006508178106433959e+01
2.451105622507681403e+01,2.771119260934388251e+01,3.036639291905348514e+01
2.353038074938145741e+01,2.360999242106786156e+01,2.511331687539096080e+01
2.766075179228797509e+01,2.824721970074174493e+01,3.028912937982753206e+01
2.277620647979361834e+01,2.417241336181911038e+01,2.913275904096127533e+01
2.819083889481516536e+01,3.304714185984366992e+01,3.605093772284958220e+01
2.605130248314107888e+01,2.815860087216588425e+01,3.256920970370050838e+01
2.509818267296718375e+01,2.806715863321086957e+01,2.946745250859435217e+01
2.587897636395567247e+01,2.992811129230517153e+01,3.156911797592314883e+01
2.548833712063843038e+01,2.691010192797014611e+01,3.122798911122793086e+01
2.681067878035331020e+01,2.787451335397403795e+01,2.894833514285607734e+01
2.277025327298029111e+01,2.729028390200801013e+01,3.100475758063171838e+01
2.552966662370796769e+01,2.615050481942165206e+01,2.627053734224105952e+01
2.553865791564594190e+01,2.645827570499997350e+01,3.143636931312891392e+01
2.403957063524349280e+01,2.862388360576730761e+01,2.978821019703117656e+01
2.494464604687260234e+01,2.779149116375313966e+01,3.065548976488132737e+01
2.597884013726991270e+01,2.983260754507450585e+01,3.151605492115266927e+01
2.476176982673134219e+01,2.510581176603999509e+01,2.762957997579447422e+01
2.465476535410665093e+01,2.622633842805958082e+01,3.022483367742523797e+01
2.801599696527994254e+01,2.935114778702971350e+01,3.137638390436315561e+01
3.040833978426281092e+01,3.128609977435239387e+01,3.145221486805595035e+01
2.809759469736028947e+01,2.838990134940523902e+01,3.296322986249919040e+01
2.803937860353998701e+01,2.841314528656134897e+01,3.064495790539054454e+01
2.687568796503078872e+01,2.928403036823812045e+01,3.322813457040960117e+01
2.946944686063955743e+01,2.962175291419179501e+01,3.227847349874471661e+01
3.042464527643464223e+01,3.421457633354437178e+01,3.422275076343952804e+01
2.982735194304725468e+01,3.100724743917689707e+01,3.244554588288702490e+01
2.508761868641315118e+01,2.757012391374639293e+01,3.062677403509145435e+01
2.995240185924416210e+01,3.023343183949570090e+01,3.441296255154737338e+01
2.594022798007450348e+01,3.003952758388352606e+01,3.463866795888969818e+01
2.057441700102798521e+01,2.481551961650743721e+01,2.542818838228957645e+01
1.961834239835340910e+01,2.249401120503087270e+01,2.278157935445501181e+01
2.774138846664948943e+01,3.175423628856329117e+01,3.663429293016343991e+01
2.592236892721131269e+01,2.675078531893954548e+01,2.986131784359903207e+01
2.942733412532790283e+01,3.307944324860237373e+01,3.385016725605146348e+01
2.961363035165509316e+01,3.069814730844605322e+01,3.256385896729515395e+01
2.844553827230124199e+01,2.936727512133123952e+01,3.097539579383863639e+01
2.427453119625184641e+01,2.927335941157667065e+01,3.397125596970005290e+01
2.851073433287954018e+01,2.853018328928201086e+01,3.241400792892169846e+01
2.256871295064356531e+01,2.555295497889878220e+01,2.949695063086745606e+01
2.583095284423979976e+01,2.825870580896807738e+01,3.030638957506764442e+01
2.527973348163769174e+01,2.530418674521314060e+01,2.714855016751375416e+01
2.866399775952113416e+01,3.219447878877639369e+01,3.622846091441529381e+01
3.033375449781874167e+01,3.093311035146233579e+01,3.130127831799277160e+01
2.478879874121189175e+01,2.889786141328113089e+01,3.048534461516042526e+01
2.620953896047037190e+01,3.041532469310934061e+01,3.535117028568053144e+01
3.175441972483249131e+01,3.255006099689363452e+01,3.391778230480615974e+01
1.904608085630330194e+01,2.285826398994758790e+01,2.467326605231657766e+01
2.855828071914474720e+01,2.874262901333716869e+01,3.124379940491193253e+01
2.674166428037566234e+01,2.857974355572137171e+01,2.921079297318061307e+01
2.843725609153378642e+01,2.928751071651348425e+01,3.088671562633130918e+01
2.334749630755860395e+01,2.744319540379748190e+01,2.820363083009177174e+01
2.856558028265066440e+01,3.104415020570150574e+01,3.371893639517683283e+01
3.137252224331206918e+01,3.185994938690486222e+01,3.461458564964392792e+01
2.597502667804885945e+01,2.853612335980571757e+01,3.199248253767882488e+01
2.801710285508925935e+01,3.200760047186682300e+01,3.619652027114646842e+01
2.765022220478924098e+01,3.024225514735943676e+01,3.303869978568339150e+01
2.484141558038160014e+01,2.801345320158961982e+01,3.287723659594313119e+01
2.886948610763719003e+01,2.923700550600787196e+01,3.201548614676737259e+01
2.749344206213751107e+01,2.763540542867299266e+01,3.128857165932374329e+01
2.618041731798340876e+01,3.014678589724714186e+01,3.024312972001452593e+01
2.738925031366033025e+01,3.158547407195690937e+01,3.359525978240117894e+01
2.946435504468911404e+01,3.094373383582108517e+01,3.157555636792423570e+01
2.863497976973667747e+01,2.917575513610573879e+01,3.091493508602755469e+01
2.996245776322180632e+01,3.194213895227635192e+01,3.686875590425029969e+01
2.304932533764126035e+01,2.767896409478747088e+01,3.240310792470610579e+01
2.869067045993744358e+01,3.030371828309755244e+01,3.139486914513010163e+01
2.453865841765532352e+01,2.507859384461440300e+01,2.715898355598674385e+01
2.777490933380700255e+01,2.953930410534324125e+01,3.109060407533425519e+01
2.900626825410000365e+01,2.934461202340396468e+01,3.120239712068913107e+01
2.248710854608075849e+01,2.669535140859727207e+01,2.986440836681553890e+01
2.459361133753710860e+01,2.890794942400399847e+01,2.919491353401877021e+01
2.596194132795277199e+01,2.721604616524450293e+01,2.852615427981448448e+01
2.969327962183065495e+01,3.243174086491688968e+01,3.719146704803370085e+01
2.293259155166757068e+01,2.781561126484654523e+01,3.225098976113527272e+01
1.666551247006093206e+01,1.881012834424713986e+01,2.307951356105376206e+01
1.867667680237704531e+01,2.311776487862210772e+01,2.605179779925070704e+01
2.489702040564565522e+01,2.664591748604128441e+01,2.897234815921348172e+01
1.923596511316232238e+01,2.198390920569206486e+01,2.501382730178010760e+01
2.466793760989122219e+01,2.588741230571593377e+01,2.677027127601812495e+01
2.602905817759694074e+01,2.877012358036721906e+01,3.053147277740363918e+01
2.481366390819122714e+01,2.859428254082572352e+01,3.079598719196558321e+01
2.693535638622258332e+01,2.812107519941100620e+01,3.001298789108608744e+01
1.655966013772988532e+01,2.031861726866912932e+01,2.043796301587369157e+01
2.446384604425525922e+01,2.814789596697627161e+01,2.922904025747453716e+01
2.328311143141617734e+01,2.614718941187472367e+01,2.798636822418254866e+01
2.914684262558553129e+01,3.235836240514893802e+01,3.281938959756644181e+01
2.343957226783727776e+01,2.353965448239784308e+01,2.725371017407204022e+01
2.491741187027199445e+01,2.717659001152692966e+01,2.935579610833613629e+01
2.192153611591432139e+01,2.301099796487334004e+01,2.705282291604771672e+01
2.128101022310280399e+01,2.260918389512651672e+01,2.658696321204280366e+01
2.539960555599649084e+01,2.665742899861200499e+01,2.862007786449532887e+01
1.939809066380280456e+01,1.974278322366781424e+01,2.212022632565421176e+01
1.732261937125258555e+01,2.094324975602307859e+01,2.384148079821474653e+01
2.073381120152538415e+01,2.444682690606993702e+01,2.724756686451762988e+01
1.773425633325629747e+01,2.220538781429877773e+01,2.713266955031213001e+01
2.052268098008280717e+01,2.426251130950639379e+01,2.651065532451214324e+01
2.147821931630891967e+01,2.385440711115351320e+01,2.708692556392496797e+01
2.137631790657578534e+01,2.242292191862580708e+01,2.400148625284671766e+01
1.463764602751225752e+01,1.677290002546911296e+01,1.765135491178794069e+01
2.304667215474039210e+01,2.325355482899307447e+01,2.600829482252163771e+01
2.281895983804041705e+01,2.510941856068482281e+01,2.925847704244309355e+01
2.080045336432468162e+01,2.377167002480591762e+01,2.781274620768645178e+01
1.494712660688081129e+01,1.673685172673854993e+01,1.995886062716853715e+01
1.724343425492843807e+01,2.011544049234542086e+01,2.436519353455204850e+01
2.108105981315809174e+01,2.432733522049175789e+01,2.448577424729171170e+01
2.289222008940374664e+01,2.565998295187769429e+01,2.888364380946142518e+01
1.777565594415594319e+01,2.136543130569964077e+01,2.476046962548876351e+01
1.140835604853481655e+01,1.609062626203717983e+01,1.832791304939021870e+01
1.852765019424986548e+01,1.866788028908380070e+01,1.896977597856069409e+01
1.716118063273938077e+01,1.836927469811137570e+01,1.852159961895350904e+01
1.970884835906092292e+01,2.093166079079479402e+01,2.136909227814913237e+01
1.923512583896218686e+01,2.033215316389467731e+01,2.086127342799107609e+01
1.833693471163136834e+01,1.865135875697410128e+01,1.895452057514073729e+01
1.173649848455123745e+01,1.406402862767601825e+01,1.535978871552678449e+01
1.151455207765071442e+01,1.641358043498191677e+01,1.684472474942118225e+01
2.009851511110739963e+01,2.052067937554492616e+01,2.404972246422514104e+01
1.645077814154017659e+01,1.828048071558482945e+01,1.863043482463150724e+01
1.495371171619349226e+01,1.818907913382615860e+01,2.121049748896724196e+01
1.231131254263875263e+01,1.511010522549076107e+01,1.772466915005693622e+01
1.993609983479319681e+01,2.243772308345746325e+01,2.575984666484742291e+01
9.337624978239119855e+00,1.099481867337919283e+01,1.334619396953008419e+01
2.105016574276183761e+01,2.292533746857663601e+01,2.475666019818135055e+01
1.740220973520203884e+01,1.930573178792188216e+01,1.936368093855266892e+01
1.575366555370012556e+01,1.602373808568077607e+01,1.823361872641775250e+01
1.632800981284156450e+01,1.651306061264801883e+01,2.119552840816790962e+01
1.218218562422327622e+01,1.671215595713119839e+01,1.905587975129241229e+01
1.756594223294969837e+01,1.887140282034764383e+01,2.290878547240226482e+01
1.296157156445823766e+01,1.645302173292670034e+01,2.075870649074194318e+01
1.637215960502219758e+01,2.077566175598146714e+01,2.363828822165751831e+01
8.208261857038312570e+00,1.279651118303403123e+01,1.597422670627472741e+01
1.733683289763663993e+01,1.845321113382928502e+01,1.976260290306968059e+01
1.683038092468882851e+01,1.867293332948756301e+01,2.312932282938842476e+01
7.800842841904204406e+00,1.274725787087647788e+01,1.537523706673241719e+01
1.599342462960892064e+01,1.629762248801887736e+01,1.637556526282415348e+01
1.107615650548305375e+01,1.547877377982808866e+01,1.670084768567612343e+01
1.201605822042109750e+01,1.664095385011360406e+01,1.685099497209781205e+01
1.526084908197087664e+01,1.554855578242971426e+01,1.879049565783831710e+01
1.081470753667228557e+01,1.440919063859507077e+01,1.564571613632948299e+01
1.027150505719308704e+01,1.394600741264727795e+01,1.494210296396403947e+01
1.288842014967164218e+01,1.396050696953702541e+01,1.562996947220784705e+01
1.188659314467610884e+01,1.189595836621631086e+01,1.371755164744065425e+01
8.760384331127522017e+00,1.188922739605990841e+01,1.686053885750639481e+01
1.079071112160748314e+01,1.300198940153402738e+01,1.369907262586473529e+01
1.106881815887611253e+01,1.560692534194254399e+01,1.894143269043040334e+01
7.790321389484413217e+00,1.073940145166875304e+01,1.117317192919269786e+01
1.439095078896930069e+01,1.490699924576589908e+01,1.964378165692929201e+01
3.443169007785613189e+00,6.838759462576718740e+00,1.104433063573809370e+01
1.003154610035420014e+01,1.042762683925692535e+01,1.517641575954233701e+01
1.081890608992700464e+01,1.384112817964886233e+01,1.737703705037865021e+01
1.436033379071406912e+01,1.650082501203667817e+01,1.684503846423673679e+01
1.016639638171085736e+01,1.370247735232179664e+01,1.653149261495880396e+01
9.108641288976791373e+00,1.012219262980568146e+01,1.218423741985978737e+01
1.132329432599161834e+01,1.529899003238828925e+01,1.899684814509579311e+01
7.918945412841780218e+00,1.237033113819205887e+01,1.348364097157819685e+01
7.750941729281981551e+00,1.070737848823208616e+01,1.569094281525338630e+01
8.183800471624518735e+00,1.043426652791765363e+01,1.099258327416543146e+01
1.004189687540613107e+01,1.211830517491047843e+01,1.654262440547983459e+01
9.975460048602412755e+00,1.204356103629710262e+01,1.397919440203170360e+01
6.880743275639745526e+00,6.969084938816180852e+00,9.641198700181945469e+00
4.308921711869831306e+00,9.288246084679968817e+00,1.045340471195776466e+01
5.818096234214702456e+00,9.607670789288757618e+00,1.037439774721112329e+01
6.335762935768812554e+00,8.142990370538772282e+00,1.105806793122998322e+01
1.251473823410931629e+01,1.360926207756698503e+01,1.540677287914673421e+01
7.060037961117430427e+00,1.149317606336131270e+01,1.189120477734019765e+01
1.789140340817785280e+00,6.214635961747411841e+00,7.627446260071543804e+00
1.299614776464829546e+01,1.347733960625726546e+01,1.588643536237536402e+01
1.002988106025378201e+01,1.140107092300833713e+01,1.624131474221742266e+01
5.388308829701036196e+00,6.663978194516508857e+00,1.101322815071994299e+01
1.033819480115972134e+00,5.885377887418873577e+00,7.707836354843391469e+00
6.215469849184968254e+00,8.060501872669579626e+00,1.247888232016567933e+01
1.735154803755787789e+00,4.108894256687054103e+00,7.642148033395222306e+00
9.399571012289507976e+00,1.171810863290569316e+01,1.367977702141945251e+01
1.880898074387913788e+00,6.529587053336997293e+00,8.733161738005829733e+00
7.212900671316132772e+00,1.001889041654520796e+01,1.384103051812085639e+01
4.113978872020893185e+00,7.480410148816721616e+00,1.229438493591207227e+01
2.538752456861301798e+00,6.239029910647628796e+00,1.006460193090417121e+01
6.535623832462283289e+00,8.524257972505466796e+00,1.059689117503670630e+01
7.443420511841604359e+00,7.845833861225361971e+00,1.150746466286505054e+01
6.250759201607176685e+00,6.416075363280183907e+00,7.138713217246519527e+00
2.646878228904427033e+00,6.660076671332751275e+00,7.599709609122316856e+00
8.295256870468886490e+00,9.392816788722861077e+00,1.364135231529380476e+01
2.418064278358682095e+00,4.348000414035617212e+00,6.579720260671055421e+00
9.732154319384985541e+00,1.242968183690858019e+01,1.354881564307567743e+01
3.323643438972767150e+00,7.128124228056018197e+00,1.057671102687714892e+01
2.831995033622288549e+00,6.536731435800693824e+00,8.003335206504946342e+00
6.702729232673363846e+00,7.558671600457049777e+00,1.199197687276287994e+01
3.824566941873697612e+00,5.581263371112378024e+00,5.970867995463181366e+00
7.845227966179209034e-01,3.380001517989737359e+00,7.589612692708606723e+00
5.960195279065264806e+00,7.383993332574924295e+00,7.669000378524220451e+00
1.516976562753241886e+00,5.978516524476491512e+00,7.532452963382159083e+00
4.836773325344965180e+00,7.927006032235865973e+00,8.814589381993220840e+00
3.095974625210021536e+00,5.890169553872462771e+00,8.191209221924721007e+00
-1.231506239313430839e+00,3.634980118078830813e+00,4.545083663193421941e+00
1.552762988798778387e+00,4.685653806820089251e+00,8.808671548809126506e+00
7.269657611112047668e+00,7.822205718858491252e+00,1.078136224557478862e+01
1.044862956950203703e+00,4.474082992611553067e+00,8.518233010027444152e+00
6.120775778700058289e+00,8.655328454424473961e+00,1.092031498587869365e+01
-5.776264429104394083e-02,3.417187976550243533e+00,7.944898789141581652e+00
2.995854378389148476e+00,4.932874382989766993e+00,7.138307103897785666e+00
7.847857370580168634e+00,9.373054326127743252e+00,1.257134976768019463e+01
5.599862737833374737e+00,6.060088567863596509e+00,7.636594380248643787e+00
7.799494598746077756e+00,9.181645928484662988e+00,1.204335968359347397e+01
5.428651050398238809e+00,8.271436202578902552e+00,1.029237532993591664e+01
-5.737875248249370230e+00,-2.813839309034053215e+00,-2.047424824965323520e+00
1.993216525795102445e+00,2.752697519309239560e+00,5.558843769366348830e+00
6.806592864360911932e+00,1.029499804711809752e+01,1.325205858892054422e+01
1.396759044356123747e+00,2.670687517658293153e+00,3.166212343248079542e+00
1.325381507732515729e+00,5.957574635102790062e+00,8.167798310955999952e+00
7.365938082182301727e+00,7.802523980946840965e+00,1.146989598883577344e+01
8.807134434489009678e+00,8.913440638127418936e+00,1.249733003343400384e+01
2.879683690876085667e+00,3.345031431639756914e+00,6.887060050184453885e+00
2.344407601783537132e+00,6.839998743554609462e+00,9.558568507092486399e+00
7.020576006712672346e+00,7.235429768255656313e+00,9.339198985079132598e+00
3.497534100011620017e-01,1.057870365778236454e+00,3.062763500365423219e+00
5.126321173866356773e+00,7.496023361836142485e+00,7.933395154312316677e+00
4.473184474813532319e+00,7.445783075684397900e+00,7.710749470236123670e+00
1.094830133023337648e+00,4.801916424222133273e+00,8.155745260511240602e+00
5.226460900876816140e+00,6.926830553816190061e+00,7.301216680554102112e+00
4.023806357166478165e+00,8.063816698337298305e+00,1.161239675956025863e+01
9.182376492740871310e-01,2.688288121688265697e+00,4.172939862981825954e+00
6.215084379689421290e+00,8.281258777142404881e+00,1.311677828229035114e+01
8.765110679268492078e+00,1.058845631801009191e+01,1.163001785516318165e+01
7.862981091449691817e+00,1.169814953849812156e+01,1.522481622327182649e+01
3.498609983831820980e+00,4.281140797964543943e+00,8.373463108222750861e+00
5.171847423708752167e+00,8.120746593060573559e+00,9.620623639445765818e+00
2.681776784391669999e+00,4.422770984756691171e+00,8.443311155201794094e+00
-5.193413648583482534e-01,1.106590595461621973e+00,4.556701913530101677e+00
4.420553790030437469e+00,4.496604046993756043e+00,5.893620262599622350e+00
4.548002648939349690e+00,5.817028326815306016e+00,1.018739789950686614e+01
-7.940004793251933535e-01,3.983617435459174239e+00,8.378592133649632956e+00
7.418944131769871220e-01,1.910058639982137763e+00,3.441123235963567062e+00
2.382604849691678517e+00,6.409775676811911183e+00,6.491419457694072470e+00
6.864864459790167572e+00,1.172789640811504697e+01,1.597526342107571651e+01
3.773145286683024846e+00,4.102328627207832312e+00,6.077411840494281847e+00
2.393587368245131852e+00,5.804539327049664799e+00,6.201747393172240663e+00
1.681111320456324165e+00,5.058631262534426298e+00,8.425502510045587812e+00
4.651613240085776368e+00,7.421710193567610858e+00,9.388538138512618758e+00
4.656066407486106229e+00,5.216576360000521717e+00,6.133999676661770373e+00
2.093538532284671128e+00,6.168321664599662135e+00,1.065037194984166291e+01
5.583442157585735366e+00,8.637661923668876085e+00,9.857478614533139449e+00
6.258129333378581904e+00,8.914164410493487622e+00,9.954922699371380190e+00
9.277108029747573426e+00,1.099230401827842130e+01,1.412923689340395228e+01
2.965797255458371584e+00,4.706977795007712295e+00,9.494241754080906759e+00
-9.030854058678694507e-01,3.928427219522764968e+00,4.804343060227947326e+00
-2.257540092745818239e+00,-6.161006354517883921e-02,3.175789249245996704e+00
1.198734586604621732e+00,5.067970374753998364e+00,7.827241156755717633e+00
2.718996458332243460e+00,4.067106785114329881e+00,8.914125915300353142e+00
3.229811592924477281e+00,6.623740347744028867e+00,7.663054026461457724e+00
2.000994601161167896e+00,5.598864194002846517e+00,9.011302565206770865e+00
-7.021454335596571950e-01,-1.468403587648126063e-01,1.729899616825841147e+00
-3.247615658350112788e+00,1.686115069612792894e+00,4.795918942836518539e+00
-3.896046578656475745e-01,4.159826429022942307e+00,6.501083127770726833e+00
3.632012523259133374e+00,5.822563147806183892e+00,7.360139669685993979e+00
1.104909145546245952e+01,1.358856365635522678e+01,1.421980152495702043e+01
3.850417440036945749e+00,6.882264817298136883e+00,1.102776157065212814e+01
3.620545134581522717e+00,7.161519421884895209e+00,9.122901939884005884e+00
3.079187001037234417e+00,5.781911564150679084e+00,9.573015833183426082e+00
4.152949697242023674e+00,5.054636194278288919e+00,6.180997124833455203e+00
4.372420386202114706e+00,9.268402001937555923e+00,9.382241577322963266e+00
1.087946480188684184e+01,1.105347682695191480e+01,1.445059469195514978e+01
1.151674575811962065e+01,1.378211754861937344e+01,1.465313377779965087e+01
9.428087924351954641e+00,9.500553898288684351e+00,1.353981080736313558e+01
1.875853660551841884e+00,6.756603911592756084e+00,1.012692039983314984e+01
4.935772063362555251e+00,9.042619543308642704e+00,1.016756916858475890e+01
6.063957014259471201e+00,1.084919629559694698e+01,1.337349581059413062e+01
9.535009724856728042e+00,1.060656165529679384e+01,1.338803792481803256e+01
8.148652350966372637e+00,9.164902201579550933e+00,1.381829771627593928e+01
7.345978137059379520e+00,9.677419184866582924e+00,1.090320779107192450e+01
7.273442226502895736e+00,1.024710348983519914e+01,1.159643652798828839e+01
2.341775324267132419e+00,6.886060206120536265e+00,8.853683832226591832e+00
2.351964498253469316e+00,3.082242434101132744e+00,7.514663974076895236e+00
7.771279059071199313e+00,9.572718405151031007e+00,1.279447507553516061e+01
7.740635165018151298e+00,1.201572046218868195e+01,1.453231573731957837e+01
7.701727300635701212e-01,5.405861415217520616e+00,9.164653757838125969e+00
6.009884963390803136e+00,7.897488962923541855e+00,8.518194131751133824e+00
-1.006958771802901609e+00,3.213043012106926000e+00,6.524750264468616834e+00
4.823106958841542280e+00,8.350149042070846406e+00,9.204180226392448816e+00
5.928215383334217492e+00,6.114942049989863904e+00,7.314957813310001278e+00
-2.034172228342466582e+00,2.877825903074022307e+00,5.230377906736499050e+00
4.656495626012305600e+00,7.986228707564369422e+00,8.624461376966142012e+00
6.195632999181385436e+00,9.515829792042508117e+00,1.388528550022161845e+01
6.644370708637310941e+00,9.956781172608746289e+00,1.166917514672944911e+01
8.424075406955033429e+00,9.935378937015617140e+00,1.041236356612513703e+01
6.408197491871778340e+00,1.122878172069317060e+01,1.263254723283448655e+01
1.672495453350077099e+01,1.685683689754444714e+01,2.175215467545945813e+01
5.770609494321567112e+00,1.018061063473971828e+01,1.415635093825299329e+01
1.451119352040645438e+01,1.662054852634465263e+01,1.939056684294933675e+01
1.325410049276317181e+01,1.739366834958212138e+01,2.105082352258504130e+01
1.106292105501104395e+01,1.135262103961219182e+01,1.488787618175999938e+01
6.077849643379041211e+00,8.929840262962436270e+00,9.808969529910790186e+00
1.134929260033282183e+01,1.412754170852435820e+01,1.702826852505947386e+01
1.747683884944930099e+01,1.798516753285382563e+01,2.069390637240486086e+01
5.278348352196792881e+00,5.673117542392581036e+00,6.063209505715345671e+00
9.436660318617750676e+00,1.282075328424812177e+01,1.705257469342216936e+01
1.204404049411376221e+01,1.423654293758884037e+01,1.630139197906634863e+01
1.689149775753768523e+01,1.919470533042969862e+01,2.209579789583494502e+01
4.226714365162231424e+00,8.795430305568697094e+00,1.090358250426689146e+01
1.116548549446558702e+01,1.561107748954105645e+01,1.595299084578616977e+01
1.663842407536033718e+01,1.683290982646808231e+01,1.905153649731766663e+01
8.969966237952540666e+00,1.231226061432180074e+01,1.639887028479755315e+01
1.502844741337505141e+01,1.585037962045032600e+01,1.911530945737885645e+01
1.202816875026467969e+01,1.626182633514862985e+01,1.876412573492191882e+01
1.892483646252739504e+01,1.915309761708829939e+01,2.268432988665953687e+01
1.522037088869383581e+01,1.970100545993128804e+01,2.148420911921355270e+01
1.347115851798928787e+01,1.695445590662136581e+01,1.719220900501539262e+01
1.398116634805533565e+01,1.675921190357563972e+01,1.781470575088949104e+01
9.445086985163570148e+00,1.255210404375702105e+01,1.352406720796768091e+01
1.555464959026961225e+01,1.681391179558615789e+01,1.788226602419530309e+01
1.415600492208641015e+01,1.699291231710936856e+01,1.718647637794940053e+01
1.072833467779948435e+01,1.444555322959154253e+01,1.731317089750563554e+01
1.702954168116440314e+01,1.982609937381453946e+01,2.443196422675306678e+01
1.735065002771167997e+01,1.850945194557144902e+01,2.205645108387480491e+01
1.510421526561771444e+01,1.852451003754650216e+01,2.108891874026879520e+01
1.947451541824411692e+01,1.953170069571546463e+01,2.129935472282218001e+01
1.528134323901247882e+01,1.546117767904526374e+01,1.570492779782913573e+01
1.066449737431934608e+01,1.392601445894995393e+01,1.525302755374969266e+01
1.962832644078421040e+01,2.029673842179616017e+01,2.322210024760734370e+01
1.005213763909480384e+01,1.432889148792812861e+01,1.641114452115354538e+01
2.227831130664766590e+01,2.514683659935287352e+01,2.840794711595825106e+01
1.822963324468980417e+01,1.884671447820486634e+01,2.258737274658177796e+01
1.584699252560997351e+01,1.877922194898702912e+01,2.370559818087371085e+01
2.193235830238990403e+01,2.233234015442435094e+01,2.704964652076319709e+01
1.909236211615931111e+01,2.081318129282072604e+01,2.315585480745270175e+01
2.433877214406686562e+01,2.526205746953934295e+01,3.021049925347424647e+01
2.188287592227538880e+01,2.321184095549018167e+01,2.424106877433309393e+01
2.067275972334046941e+01,2.073579191377131892e+01,2.434946253516906367e+01
1.901244553044874763e+01,1.911102480614188792e+01,2.010760552576169502e+01
2.438094438992911606e+01,2.461957482265546204e+01,2.715474689008307863e+01
1.439956557790963210e+01,1.769515092565674763e+01,2.128444694007851723e+01
1.914373135361393707e+01,2.103417279520403937e+01,2.174396827295647938e+01
1.858358910563000421e+01,2.129174037087978988e+01,2.140060804139767825e+01
1.881755639791801471e+01,2.055581760386299095e+01,2.513062382523363425e+01
2.557335436399938189e+01,2.958016395473604021e+01,3.147936031239379417e+01
2.390253968866027634e+01,2.712600979422273184e+01,2.904325413268837508e+01
2.166216803231331767e+01,2.490869218847380040e+01,2.940370410418243807e+01
2.726937303394007728e+01,3.052022473469817498e+01,3.254831869996650795e+01
2.610752038034898348e+01,2.631536751728055634e+01,2.755125543716997427e+01
2.190811927960774241e+01,2.368255269400748730e+01,2.716449121691864477e+01
2.051057061274487126e+01,2.193979767711395112e+01,2.619826547517342874e+01
1.574263295250856487e+01,2.008810099392144366e+01,2.284008427457937529e+01
1.740397755543855851e+01,2.130430761984084853e+01,2.425362793564900343e+01
2.089552459576266585e+01,2.386906827278075482e+01,2.671212924648834530e+01
1.703960551278957070e+01,2.015051271054206339e+01,2.231470526877981442e+01
1.629499730927269852e+01,1.937173373284016975e+01,2.094997227273604068e+01
2.399168056861431708e+01,2.756548392623964361e+01,2.971929755368729076e+01
1.714540716978268975e+01,2.009153418681328063e+01,2.441534759849460201e+01
2.409218127803504217e+01,2.436534995117767366e+01,2.922119937873658913e+01
2.284427417451539100e+01,2.732824205831538933e+01,2.989287850729043683e+01
2.125574374034055225e+01,2.464373938538205167e+01,2.715063720246044454e+01
1.842637908691110837e+01,2.236302200314342059e+01,2.309381140021570644e+01
2.616452208523997314e+01,2.775830092672296701e+01,3.122962437718934581e+01
1.849434983271984834e+01,2.229534401513227593e+01,2.637529816266509641e+01
2.702542786385787821e+01,2.867290079989317420e+01,3.126444540804160255e+01
2.342855460428973657e+01,2.461663333890152217e+01,2.753548962261848487e+01
2.400481494222179535e+01,2.765120712255180280e+01,2.769655531918871461e+01
2.676119337334765547e+01,2.678988074485228665e+01,2.888720316449670733e+01
2.795179672612264454e+01,3.002873588297361707e+01,3.281902889316241101e+01
2.277908043791423509e+01,2.476698747574720372e+01,2.820520042907300606e+01
2.666565445706732973e+01,2.822834034834482253e+01,2.917465079363084968e+01
2.035484173806612773e+01,2.423099880899688330e+01,2.550065677340764125e+01
2.011190706459279198e+01,2.336449294267094245e+01,2.368058595077905792e+01
2.383784515067687693e+01,2.777694764357942248e+01,2.895531181881482752e+01
2.731724196497345503e+01,2.929466084277171589e+01,3.265291360601126769e+01
2.837872134736052487e+01,2.895549640571063676e+01,2.999143454486819493e+01
2.670511614286946411e+01,2.866318121196287194e+01,3.018750148403868394e+01
2.581148697627843092e+01,2.742873080850321799e+01,2.755184390454557075e+01
2.820604377072575986e+01,3.089359046455544089e+01,3.179384963847288859e+01
2.045231029408947165e+01,2.535471361618611397e+01,2.603828947065731825e+01
2.001539322066190962e+01,2.474479582084834206e+01,2.856806396193774944e+01
2.798110160202052654e+01,2.950596171054641559e+01,3.241799538699897454e+01
2.352816298285054586e+01,2.626871365810468006e+01,2.630901012003523221e+01
2.150849012514315106e+01,2.536800284881736189e+01,2.968776338315401375e+01
2.539065423627920381e+01,3.007546668490321906e+01,3.043141423549506897e+01
2.817796815042816760e+01,3.124892746321019743e+01,3.563030035399447826e+01
2.649917357367791126e+01,2.881856425126974486e+01,2.936773249153653964e+01
2.241093541247196441e+01,2.340998338246912525e+01,2.726079184330353300e+01
3.355047998178778812e+01,3.505809091485227214e+01,3.959397020479542562e+01
3.150698619987607074e+01,3.171775671066091107e+01,3.425762370157814019e+01
1.766510378725772412e+01,2.201221369454727750e+01,2.693978969881464991e+01
2.250438614585754848e+01,2.376107990001323600e+01,2.809945812960462419e+01
2.894110079159731441e+01,2.951971589277249208e+01,3.094390467461395033e+01
2.677909216792895108e+01,3.051625696397077903e+01,3.446009706717719467e+01
2.233978030437836182e+01,2.693539039654804768e+01,2.774452868924787907e+01
2.456190665005480867e+01,2.947405600286498384e+01,3.238477584810288334e+01
3.063491023202828600e+01,3.133171978503374078e+01,3.405215438512637149e+01
2.683241317326327291e+01,3.120778745042506586e+01,3.274571710044918404e+01
2.441773501341922881e+01,2.627334518252891726e+01,2.676237824854896985e+01
3.414541987513139532e+01,3.546772367147975302e+01,3.837555825165923551e+01
3.070732771910765990e+01,3.418215384430126846e+01,3.749667139085570255e+01
3.110149977264405763e+01,3.208042219335808198e+01,3.261655321331112845e+01
2.182440650112415170e+01,2.663603268348260045e+01,2.754294320386446415e+01
2.936761992630838236e+01,3.295406021862241630e+01,3.393126838585060767e+01
2.563305295924680749e+01,2.678889461239702996e+01,2.735827770416220517e+01
2.706132886054650655e+01,3.165372494241936607e+01,3.617356797116513434e+01
2.994079535100105005e+01,3.063438115295718589e+01,3.404114167074168051e+01
2.898780106723990357e+01,3.204953006493433065e+01,3.317059188866550556e+01
2.689399330268426880e+01,2.833037583936028980e+01,3.098456848391783325e+01
3.139585202172451517e+01,3.361450413118265601e+01,3.540544321864761912e+01
2.848972145800142641e+01,3.059348772428674579e+01,3.359650156590760162e+01
2.736110572281421227e+01,2.738115068611664782e+01,3.099749790950620110e+01
3.042212341151454780e+01,3.173340846749160704e+01,3.635825505893884468e+01
2.630271764404454160e+01,3.086062865324818816e+01,3.122223327053233888e+01
3.008868278049020972e+01,3.224563131765528823e+01,3.447311664967909195e+01
2.536493887887368004e+01,2.788034957266332725e+01,2.827709023476505124e+01
2.621678184263560496e+01,2.882187922260711233e+01,3.142992424972282350e+01
2.618342556907216334e+01,3.021974567537633405e+01,3.445542791610797906e+01
2.730408386297236234e+01,2.777980578155467839e+01,3.039228587872282716e+01
2.623000899800375763e+01,2.740335561679047061e+01,2.907310678552535066e+01
2.244570084466749194e+01,2.567267283335546324e+01,2.632627117693114727e+01
2.506149176871161188e+01,2.950346209669401532e+01,3.415325751772626717e+01
2.627829783565478650e+01,2.751835596326075262e+01,2.885775740735948247e+01
2.656318027666993942e+01,2.741894858107881916e+01,2.944968462549187294e+01
2.714490313180837688e+01,2.758658795322184432e+01,2.810673900391580204e+01
2.384592490791616726e+01,2.506778205294779838e+01,2.648039700054745538e+01
2.277522422504387123e+01,2.759392991020281016e+01,2.773035623503459135e+01
2.616288370413722930e+01,2.972958514822692777e+01,3.472674369987275611e+01
2.431349269423579074e+01,2.721444966951053246e+01,2.960941869532538107e+01
2.014523830920141023e+01,2.472752038407758590e+01,2.730844650450321254e+01
3.076219266494277704e+01,3.182203285314014707e+01,3.424467263566022268e+01
2.663673346013850107e+01,2.811730989555459459e+01,3.253887448152549666e+01
2.645936810777398307e+01,2.845218024091319364e+01,2.848021898038418342e+01
2.163157803235894150e+01,2.609892972980404835e+01,2.624371235358984222e+01
2.306018400164729343e+01,2.607799937385214406e+01,2.623683185053388911e+01
2.501513451736508031e+01,2.902457086297867406e+01,3.176231183720002704e+01
2.166867623555577893e+01,2.250811900514067432e+01,2.480786568560126781e+01
1.852589884306756574e+01,2.285695447980230099e+01,2.530584995971593543e+01
2.780275312517216335e+01,2.972237490549838057e+01,3.462400346528102801e+01
2.618038697857851815e+01,2.927051403034493404e+01,3.082767324883524296e+01
2.277515625555738765e+01,2.547716071568743246e+01,2.918704813890644090e+01
2.269224492175681718e+01,2.699241976880623639e+01,3.100723545278425064e+01
2.539668835092996346e+01,2.614456633678028297e+01,2.892909397859846266e+01
2.128190851099602554e+01,2.394331355965986319e+01,2.441774613972374297e+01
2.573220996957515894e+01,2.696006990587256880e+01,2.708911377747899962e+01
2.357276996449200723e+01,2.666860406353987756e+01,2.822434059793373962e+01
2.931320489122302675e+01,3.076532200322511557e+01,3.090925664505045134e+01
2.046612703481713780e+01,2.370321521282152588e+01,2.555590538578864113e+01
3.054352600270656382e+01,3.512829918025954612e+01,3.934552915740636081e+01
2.296153897682455636e+01,2.375514712539869322e+01,2.680154792803667974e+01
2.556056544918781626e+01,2.854976437105542431e+01,3.024485425960364182e+01
2.638791173403187074e+01,2.707128707262479139e+01,2.919544382415674733e+01
3.178726226059566784e+01,3.440023580638224843e+01,3.739143440000655971e+01
2.838831663672826267e+01,2.899461048093733595e+01,3.182057654629674204e+01
2.375366963735736903e+01,2.850505130398416043e+01,2.951353015860907547e+01
2.753747105955119423e+01,3.011846713574581358e+01,3.481103280153935486e+01
2.136868000000023571e+01,2.575793736672530443e+01,2.756684469322163267e+01
2.400795966478843724e+01,2.451790422206795128e+01,2.471223121277068202e+01
2.281129549689208602e+01,2.754784856925081016e+01,2.869569115405588278e+01
2.330733278505000072e+01,2.457760683904785282e+01,2.528282767718518897e+01
2.030229426103407775e+01,2.521224533806748980e+01,2.894242265661124236e+01
2.490680470785242662e+01,2.829197197342865877e+01,3.247680063781739079e+01
1.792032471460378673e+01,2.113101633636561871e+01,2.346168701405980173e+01
2.404076606461172005e+01,2.530899414558490435e+01,2.889758617824286446e+01
1.982823540628296044e+01,2.444753896666936299e+01,2.498539720591081803e+01
2.384774341763180061e+01,2.386346697895628921e+01,2.520970746410475627e+01
2.498283450031929220e+01,2.613870761671104503e+01,2.697894026095696063e+01
1.861071111509677678e+01,1.989044319185505572e+01,2.012006705298077947e+01
1.743033575874057561e+01,2.169617933494374284e+01,2.484994977623882662e+01
2.072047608636307103e+01,2.268278946463373913e+01,2.560320070145156279e+01
1.983816355427091338e+01,1.990056394196113843e+01,1.998999323159026531e+01
2.599676687558198296e+01,2.720730070557489455e+01,3.182779452964305023e+01
1.781081930972273142e+01,2.157750838566737528e+01,2.534078174820304241e+01
2.718383147519002563e+01,2.932620203699674022e+01,3.376122031210782382e+01
1.974583432605083644e+01,2.170041210767964301e+01,2.530136847931146349e+01
1.750295231783956140e+01,2.055771188926801685e+01,2.387917040537940494e+01
2.343717125602985618e+01,2.518764148145601567e+01,2.724785291476494464e+01
1.856023776496499877e+01,1.985641215973644336e+01,2.215525711546926502e+01
1.366453393740752809e+01,1.371545680242856591e+01,1.820259420039607079e+01
1.881290256852362930e+01,2.373276612434501587e+01,2.467706595974399164e+01
2.539683721089869906e+01,2.718544472587238658e+01,2.798122885550383288e+01
1.468427465504602125e+01,1.687756681698721906e+01,1.914887116198117312e+01
1.902546566470788036e+01,2.284977677436924282e+01,2.547068549612431454e+01
2.239000287981565052e+01,2.469116918652945714e+01,2.725801830198567188e+01
1.932591177457655363e+01,2.159654189718100881e+01,2.179933959339600591e+01
2.219929585090334356e+01,2.485084631703450242e+01,2.913176169681866412e+01
1.531911182916564051e+01,2.025009617417319063e+01,2.313163120815352158e+01
1.576435161961597409e+01,1.807716944971718576e+01,2.007428497802125378e+01
1.736270799103922258e+01,1.767780721396214005e+01,1.846182065693901819e+01
1.803483206800891026e+01,2.157937455837987528e+01,2.620095105097952271e+01
1.869772838458389685e+01,1.929509213059318284e+01,2.402765727560736764e+01
1.635862398770032300e+01,1.858601921541450253e+01,2.009256306937946945e+01
2.120418786330344219e+01,2.195657880488360902e+01,2.581390949976362847e+01
2.155240228847487671e+01,2.306006187036486210e+01,2.552899718029058818e+01
1.436092376235930246e+01,1.826126911697569000e+01,2.256550595054201835e+01
1.540879479367959703e+01,1.556655284960259422e+01,1.655179459792173802e+01
1.984697246176988017e+01,2.210108330928640186e+01,2.233175232807169053e+01
2.269883123138416536e+01,2.406826126167814195e+01,2.578683959669006143e+01
1.396406651834979940e+01,1.457188844425651730e+01,1.946000168753994330e+01
1.547245732280100583e+01,1.631554403299684353e+01,1.675640778401073661e+01
2.292934256121379022e+01,2.355290182867645399e+01,2.636000182871337216e+01
1.386399599411660510e+01,1.685492725335870290e+01,1.939745126303169442e+01
1.854045799816512030e+01,2.344528207067637382e+01,2.545602670538259815e+01
1.512860182343792914e+01,1.669789915840727446e+01,1.918890673727235807e+01
1.322583854280573767e+01,1.809197244738395582e+01,1.820482976379147999e+01
1.278626579805101748e+01,1.286188550380914108e+01,1.376782361329410165e+01
9.108714491492095888e+00,1.021858340531828446e+01,1.061942743960447544e+01
1.538665429099847337e+01,1.553104279136124255e+01,1.922132261328452429e+01
1.253826394396157262e+01,1.673942649824424933e+01,1.677199899529204075e+01
1.708406189344077220e+01,1.780111799480827983e+01,1.788532389477151696e+01
1.799405363805719205e+01,2.003068620241286624e+01,2.240858140166709234e+01
9.520417994081183721e+00,1.439959090797014163e+01,1.816831251993497531e+01
1.523092967605120052e+01,1.622419698570546487e+01,1.986836073894482269e+01
1.386005828820268349e+01,1.481262717276445606e+01,1.561029947233264181e+01
8.028747415377956997e+00,1.220086106978829221e+01,1.447783388038484986e+01
1.295062318361331144e+01,1.516649523539471467e+01,1.639395814394446305e+01
1.707865537796639899e+01,1.982516628522559543e+01,2.156410285144741934e+01
1.396553829351629616e+01,1.687401812161984793e+01,1.827705416051542286e+01
1.496007133886656071e+01,1.533286539338960530e+01,1.836163202687465912e+01
8.285837687919054062e+00,1.175508576130058280e+01,1.523950462722529053e+01
1.047260630318810826e+01,1.207665184279261084e+01,1.231313698561643477e+01
1.373278093726864846e+01,1.389532851927160095e+01,1.460852916648483912e+01
1.152071938364861303e+01,1.479385281583152256e+01,1.658397931201532671e+01
8.703125032637920810e+00,1.248211668075487246e+01,1.494223026538241328e+01
1.037520135235989294e+01,1.269200871881725590e+01,1.663885209306144475e+01
6.577123240042566543e+00,9.139982239397351549e+00,1.031614008965149232e+01
9.301258029098509184e+00,1.135851177994135597e+01,1.179336101088586375e+01
9.221868687524768404e+00,1.273917847864297492e+01,1.579248518823844449e+01
9.657086913586795163e+00,1.254130665306503367e+01,1.497560406377002806e+01
1.390465457689480999e+01,1.564593090748608972e+01,1.657056056124206123e+01
7.256179352082121170e+00,8.885586732363179863e+00,1.244515750506921492e+01
7.720369270709957377e+00,1.055671568510767422e+01,1.482862857430098558e+01
1.262280423002926710e+01,1.659509918480127411e+01,1.859239989488095901e+01
6.233220314657694772e+00,7.276823552414143137e+00,7.371307755316765409e+00
6.782943045803035531e+00,1.012413589503480438e+01,1.073260148271173442e+01
1.060113408181442551e+01,1.543566834217717521e+01,1.893222404973922579e+01
1.273615152377326609e+01,1.553305387740908472e+01,1.554685572680679506e+01
8.061216954268985546e+00,1.011569229357294297e+01,1.305355653806305760e+01
3.670987846098479945e+00,7.336522853112313669e+00,9.780442708865066948e+00
8.447568099789833695e+00,9.075870264030346135e+00,1.137824730878174861e+01
9.540705491431763718e+00,9.793554391917368207e+00,1.110661296193280734e+01
5.542646823479413065e+00,9.432331075797055320e+00,9.780045057624949578e+00
1.087114781686188181e+01,1.367399841394582793e+01,1.684650118710708711e+01
2.794364405445964650e+00,7.250089830551122105e+00,1.126180505774011920e+01
7.220786603529162129e+00,1.043653312868783267e+01,1.116405377428822376e+01
6.547172185399707800e+00,8.807503022334559617e+00,1.223728332542689756e+01
4.831609825149637771e+00,9.087905929150466022e+00,1.221298938670747347e+01
9.114612561480418762e+00,9.246686537597323507e+00,1.270831143617017389e+01
6.295124619686953693e+00,6.728611910433301979e+00,9.235733624687842536e+00
1.096875160061260246e+01,1.118870686159091399e+01,1.525655686019771196e+01
8.525795808073755921e+00,9.791585040349700009e+00,1.035386013242342607e+01
5.715874220768731639e+00,9.621240654661107783e+00,1.064247393292707322e+01
2.763852879950428054e+00,5.372390744510878946e+00,7.376106487182923388e+00
1.138282014875094816e+01,1.251922708614069535e+01,1.370108213197383407e+01
6.651125641980925707e+00,8.120678724360431033e+00,1.038508820889279605e+01
5.110954396183080561e+00,6.192484151632195122e+00,6.939034316018102722e+00
2.697788595025765179e+00,4.474245862584638189e+00,8.993039512470918595e+00
2.685490863102968362e+00,5.167432477187279716e+00,5.884595846537276742e+00
6.053658431404801199e+00,6.418934464231487169e+00,9.784422145655275571e+00
-4.192720635527733997e+00,-2.580874620657461094e+00,8.835017990122184806e-01
6.779831212747656544e+00,1.164988638390039455e+01,1.415910489422478236e+01
7.239854406622553640e+00,8.596909923219072880e+00,1.205450485372739777e+01
6.374328979346127078e+00,1.010091500718142221e+01,1.455877924883550989e+01
2.276430088927723361e+00,5.934248138006541495e+00,6.190993578583665169e+00
5.930218471053180451e+00,9.494386333115537369e+00,1.067121846211065872e+01
7.362306366691464099e+00,8.226538588202473079e+00,9.021933090239208752e+00
6.977104453282494845e+00,7.017360422122934871e+00,7.758168702558994489e+00
1.097351216557240772e+00,4.964630438373281329e+00,9.417224696129173012e+00
5.732589310464331511e+00,7.316701512822102238e+00,9.439842326026255392e+00
7.408893983728711774e+00,7.637949421856152554e+00,1.057135281164358354e+01
7.720646677686056947e+00,7.791428401035986440e+00,1.013861892438346501e+01
4.118667635271597405e+00,5.099912634050326687e+00,7.713861522720243613e+00
-8.057990751595882628e-01,4.093347982669416574e+00,5.161081398093992689e+00
5.362610369015686551e+00,5.692890540065563165e+00,7.317039404113656609e+00
5.973256832034536501e+00,6.229217047402129559e+00,7.044873809156623423e+00
7.773130744509998635e+00,7.995912100318081528e+00,1.138077555920517980e+01
9.840872897637797934e-02,2.043017311427903326e+00,4.624374090743782695e+00
-1.842152124397894219e+00,1.474617992951359646e+00,2.250019207296032331e+00
6.171363648763303900e-01,4.395672466712952975e+00,6.471256534106144542e+00
1.091645937487675688e+00,4.277322496189109202e+00,8.872746121226990468e+00
3.886721553749100888e+00,4.291015622029127563e+00,8.569176926769941360e+00
8.062699485969456958e+00,1.096120997659178897e+01,1.299909956842167702e+01
6.033667767023819906e+00,9.587920226285056913e+00,1.020352428710824810e+01
3.354020851486370081e+00,6.622702166160275183e+00,8.005324727057345768e+00
2.027056322295484936e+00,2.890571598704235967e+00,3.459370733760363414e+00
1.966269411852157312e+00,6.686455937308602770e+00,9.538820401900725443e+00
-5.941046491878498870e-02,3.528595837100996224e+00,7.463670617261978890e+00
4.086076709984750366e+00,5.264163714383947479e+00,5.881308980821137844e+00
3.511458038958616967e-01,4.579541975780958118e+00,6.122086105268808254e+00
1.904495070842476157e+00,2.493932742721354234e+00,5.231204672247860898e+00
-3.694567106426036140e+00,-1.008732358834270038e+00,2.667045222693109618e+00
-1.908466096377581023e+00,-3.812673284093879289e-01,4.540840725207844208e+00
5.004727674183936159e+00,6.435721341829696129e+00,1.006773603188286614e+01
1.137317953468642173e+00,4.909923760015124650e+00,8.641547361643780789e+00
5.646970227061000713e+00,7.421901985043797723e+00,1.084213095933625581e+01
5.849833693419115299e+00,6.261831264045733647e+00,1.057757331636919318e+01
6.156584619668157288e+00,1.043949535012327701e+01,1.046237925617543318e+01
1.872498417868091014e+00,5.073864861980241336e+00,6.168454785722788714e+00
1.585455195408309592e-01,4.139207440943920346e+00,5.836852256642598213e+00
-9.530000438524846018e-01,1.409968204084342425e+00,4.701621719383749287e+00
4.373526957323516484e+00,5.071161728324891982e+00,6.574019670268890891e+00
1.253635710558185679e+00,5.929233888687081233e+00,8.029238384045637389e+00
3.108600749344536673e-01,3.856930170632401733e+00,6.217399164802561273e+00
2.774000587639447790e+00,5.809792000744010920e+00,9.937113278006219019e+00
3.453052016541007241e+00,4.985957507304513037e+00,7.457078386631174283e+00
6.704479225798750441e+00,8.955199423799040659e+00,1.286360355032265090e+01
2.678063087215662108e+00,4.793009929962415150e+00,9.196550496174758393e+00
2.454638108588573786e+00,4.811398639133313004e+00,6.402554146214169961e+00
4.802146922730190504e+00,6.106655907657692950e+00,9.161207443843448317e+00
9.391095885169619351e+00,1.011556304400964379e+01,1.059460562095060254e+01
1.623397334390146440e+00,4.991244152407906753e+00,9.601578436834522279e+00
1.361926864579384944e+00,3.399578980729160538e+00,4.497457053064056076e+00
3.252673561281433479e+00,5.863045087881765483e+00,6.521185452167776120e+00
1.268176416846338750e+00,4.346713259284720188e+00,6.398131910964202085e+00
-2.609710541157808095e+00,1.344984789141359549e+00,1.828985392828079037e+00
6.099839464063255612e+00,7.416527023474433378e+00,1.137990650571993356e+01
-3.891334735328266348e+00,4.530979894130355845e-01,4.601742015287384469e+00
1.205865283311355229e+00,2.513713443433154726e+00,3.509864331757739375e+00
2.394821712909652511e+00,4.046449263528476337e+00,8.493331142253943256e+00
4.707727280972172856e+00,8.374812424634626495e+00,1.063464057526536344e+01
5.116364628192911823e+00,7.115157940731445585e+00,1.064987035351712485e+01
6.185231449482467170e+00,1.015727056487622626e+01,1.226918475714446188e+01
4.281341573950998125e+00,7.277422771507399801e+00,1.063419811727573716e+01
3.534212650641040732e+00,5.296352406911818633e+00,9.757174441798147413e+00
-6.848393715994736120e-01,1.166461585452868377e+00,2.086085581055690863e+00
3.910673973381226354e+00,5.169967301127326387e+00,9.735945338934072879e+00
5.653221795917108494e+00,8.174995674389235134e+00,9.810443587220891715e+00
2.014905432919662509e+00,2.713812751819262736e+00,3.151533714101795169e+00
5.046744204975043502e+00,7.931555952602157511e+00,1.060095420958517742e+01
3.896066508672077155e+00,7.076673241314175300e+00,7.711506352897485428e+00
2.745930918564845058e+00,6.325742423454602026e+00,6.997696016679227249e+00
4.546435031125420245e+00,6.359928785754460634e+00,8.169769885077220906e+00
8.116167943588212808e-01,5.402753398827929487e+00,7.045295107459713435e+00
1.237477879021652516e+00,3.147466513027977975e+00,5.292916600696301543e+00
-3.669001066795276156e+00,-1.546560214839661995e+00,2.534712496881617483e+00
8.476463532679193946e+00,1.075105989240938165e+01,1.127056414990462585e+01
6.471193511175338919e+00,8.197897562960603679e+00,1.012143834550910704e+01
7.080903964404935635e+00,9.268412426394807113e+00,1.344996075045576589e+01
4.649781012266771540e+00,9.042589773026840305e+00,1.355931916050748143e+01
8.735797387994971075e+00,9.023723877581286246e+00,1.194077733024307264e+01
1.479268581510812908e+01,1.512972637883938454e+01,1.937070229699768475e+01
7.130247384856234660e+00,9.327153016657288020e+00,1.363548131685559817e+01
9.850727791986443549e+00,1.168395808700315541e+01,1.553639718004854231e+01
6.120377440959944515e+00,6.259051980551777916e+00,7.422416293539765064e+00
9.757391321890729330e+00,9.992703685609914288e+00,1.373897944183258346e+01
1.385868819004135943e+01,1.512058000011349179e+01,1.658619195382919997e+01
6.360424835532188403e+00,1.042932043370198514e+01,1.384249955101945950e+01
3.467127030173886126e+00,8.265409396789266339e+00,1.213623293851566842e+01
6.133935417333605145e+00,9.361606429217021130e+00,9.671480675427286400e+00
3.737088361035922901e-03,4.154077895108127194e+00,6.253664574312317370e+00
3.211176334156438550e+00,7.115520027064083486e+00,7.723260923530344435e+00
9.279045218097090597e+00,1.160359737071902941e+01,1.585139666367917144e+01
1.036582537402916770e+01,1.196987516007129848e+01,1.240357501157274633e+01
6.740576525000240515e+00,1.161928885076612872e+01,1.390322141756822560e+01
3.893868684654918866e+00,8.373282448136599498e+00,1.111383050444299414e+01
1.037065204992754275e+01,1.134627323775954366e+01,1.351976531132443071e+01
1.081227659931688656e+01,1.508027346539121716e+01,1.686761645799512976e+01
2.884486770489199436e+00,6.177479719978302697e+00,9.738618255566429127e+00
8.219329588253142305e+00,1.044111246186481523e+01,1.370859595186474245e+01
7.088734667091419972e+00,1.024036110548937195e+01,1.372095447216251785e+01
1.069020562936073837e+01,1.250014221670050141e+01,1.498766391965122580e+01
6.548850840376428728e+00,8.633259713203404573e+00,8.715589991480417353e+00
6.996870462449621186e+00,9.352904739944865042e+00,1.017576145149823752e+01
9.070610989708441707e+00,1.391263885368656439e+01,1.571597467922557634e+01
9.042669226024829143e+00,1.109372555561598617e+01,1.170244651482218501e+01
1.068942445399316910e+01,1.478185111317597134e+01,1.940281936074080704e+01
1.152105268665818727e+01,1.394425380225014344e+01,1.444486502174388143e+01
1.544058760496244709e+01,1.562909523329259365e+01,1.665902978795794098e+01
8.127566087772359893e+00,1.018281494369954387e+01,1.117563328150279389e+01
1.708361650114877506e+01,1.755196594157014545e+01,2.107531890978095035e+01
1.177813036354323373e+01,1.463707850705605651e+01,1.467806815274199650e+01
1.418779678558610868e+01,1.675845551696669844e+01,2.134060116821169117e+01
5.661852603746551971e+00,9.864089836807748313e+00,1.068398961926593493e+01
1.298929712437505479e+01,1.381226381035928163e+01,1.728674151448487351e+01
1.185472644974004908e+01,1.459577854540235009e+01,1.500017350800563598e+01
1.403977987891854440e+01,1.609055479155423996e+01,2.041462604187877261e+01
1.482846233437393124e+01,1.865309323279100084e+01,2.221138604394708338e+01
1.259715486821166053e+01,1.410155574521943400e+01,1.751410104106189891e+01
7.613108717236412915e+00,1.107725809732586519e+01,1.462073829218712007e+01
9.334201050966665747e+00,9.578754011783621181e+00,1.330452176917973439e+01
1.337806818256313512e+01,1.482222625175743147e+01,1.939074931520636369e+01
1.332423233587404177e+01,1.802649655648499660e+01,1.940331973512813235e+01
1.686573852540388430e+01,1.764446221852990604e+01,2.110756705818197787e+01
1.619539428374092083e+01,1.632694387968361127e+01,2.046075473580202697e+01
1.514306522734026927e+01,1.876950419194101372e+01,2.039942006737147295e+01
1.998710352429206694e+01,2.228077954778507674e+01,2.712963129170545784e+01
1.779430233420484342e+01,2.247766648317554328e+01,2.499777848445349804e+01
1.689757745398856770e+01,2.107884783418699826e+01,2.155257637921588909e+01
1.879014664054609085e+01,1.967184448585844336e+01,2.221501433949966398e+01
1.255387657308734717e+01,1.579815792083386583e+01,1.866321636759157698e+01
2.306350801229556069e+01,2.386757367410826802e+01,2.869369073659292013e+01
1.761562139891504231e+01,2.179140655998579845e+01,2.464868048347385354e+01
1.826829031200491826e+01,1.898088485777032375e+01,2.365685759616107831e+01
1.250215233506411217e+01,1.535124033489183404e+01,1.672560850725429660e+01
1.867161218092377339e+01,2.097094422835489169e+01,2.222153203829683932e+01
2.096113131205342128e+01,2.180231015899458313e+01,2.497916258770588271e+01
1.851265396320074430e+01,1.937290931373405201e+01,2.059922911446855665e+01
1.326435257758888930e+01,1.498860709055216667e+01,1.943332344875909712e+01
1.380122308015277177e+01,1.827414474508895736e+01,1.968554143710372983e+01
1.992980772868407868e+01,2.112069126784932394e+01,2.465258734037234589e+01
2.089634523842877201e+01,2.372009837488998940e+01,2.672989298598110963e+01
1.555175920298151304e+01,2.038614524495234903e+01,2.475028601423736774e+01
1.592029528595194066e+01,1.824888832177810727e+01,2.192850563342059544e+01
1.116941208436327670e+01,1.413507946101915991e+01,1.881396722712755931e+01
2.488018146606885495e+01,2.676060334182330536e+01,3.003634471278314066e+01
1.843784704951589504e+01,2.117269106579600546e+01,2.458018865891698468e+01
1.885993103282362071e+01,1.910039342662672723e+01,2.184323692320894139e+01
1.277089720885638613e+01,1.597587049396735992e+01,2.041738058961549740e+01
1.618439682653174572e+01,2.023440015728193586e+01,2.347013865743023331e+01
2.251805681564004402e+01,2.652585142419860631e+01,2.946213919581613538e+01
1.534691542465482961e+01,1.837793850749212154e+01,2.008270373791740582e+01
2.244714826426809751e+01,2.499077364680237423e+01,2.565547992013845402e+01
1.722091785458495039e+01,1.971928673113353270e+01,2.151697044337362641e+01
2.153344686205870673e+01,2.282443348259542049e+01,2.664361936403307496e+01
2.362832334244966503e+01,2.560752327903075809e+01,2.859466453957722365e+01
1.763119320853967409e+01,1.919337930418186744e+01,2.132723377971785794e+01
2.478498768988502476e+01,2.588992582668429066e+01,2.820478162295550462e+01
2.109254858740082028e+01,2.438979231371695633e+01,2.643355311165351651e+01
2.228860025282056512e+01,2.457138880731646324e+01,2.665000234745451024e+01
2.087341833255315393e+01,2.367470654594468371e+01,2.545565469828785155e+01
2.559679438178536159e+01,2.585662428964113246e+01,2.967553155497300921e+01
2.237342400645690788e+01,2.369585314134272735e+01,2.675076274117566655e+01
1.553706075128341446e+01,1.977574728126052150e+01,2.333467866326529361e+01
2.263468052896649496e+01,2.423215822835373245e+01,2.685383550171247080e+01
2.813808015393885142e+01,3.042197936784302925e+01,3.112736715376434660e+01
2.273033591098331030e+01,2.436147716058372126e+01,2.635295040527493171e+01
2.412295518524136639e+01,2.469098012887380378e+01,2.549834087653467307e+01
1.903097193163375067e+01,2.161396023031696245e+01,2.611597064128017465e+01
2.999653142848125498e+01,3.333965761495811364e+01,3.645728228552547989e+01
1.828999405957159397e+01,2.021506759355457206e+01,2.251629465773668670e+01
2.445935488860675022e+01,2.539148913351381154e+01,3.025896948330261793e+01
2.047589320890940812e+01,2.427299578233162691e+01,2.456515065439416290e+01
2.366210336204298059e+01,2.462284738892951452e+01,2.760123318941541726e+01
1.863134905763971716e+01,2.348168645507596963e+01,2.612688165348392744e+01
2.182726921207838799e+01,2.633132721590539660e+01,2.822312140072485676e+01
2.269202562814485091e+01,2.408708584984107759e+01,2.884977047481438461e+01
2.248989210606612588e+01,2.334920741207805861e+01,2.703121266883660567e+01
1.685636195391169423e+01,1.898010826429236175e+01,1.984637878809043343e+01
2.156199444788791553e+01,2.352745638251210281e+01,2.840485011090232348e+01
2.671306406233539832e+01,2.781557952916226739e+01,3.273125522397974407e+01
2.697294412722498436e+01,3.135618747657578353e+01,3.370981761201835525e+01
2.164333837976814578e+01,2.463559461228663139e+01,2.530537938169334922e+01
2.490981430173154720e+01,2.922555621717322794e+01,3.044658225497707349e+01
2.461792703610010236e+01,2.691278925185905280e+01,3.149619006975355973e+01
2.521184785295595177e+01,2.595245278852458171e+01,3.074677563302807570e+01
2.412760187597458739e+01,2.660111630145197736e+01,2.952454615310889707e+01
2.033352276046146656e+01,2.489210785300515028e+01,2.525176122761849484e+01
2.220123810216630389e+01,2.540950531164543946e+01,2.764667216756994961e+01
2.579472821826365703e+01,2.640402720816558002e+01,2.881211924471757513e+01
2.748262545771346055e+01,2.813358368401651788e+01,3.036792524043177011e+01
2.475525455873944480e+01,2.477269054405992676e+01,2.915316724903004086e+01
2.602203992080324468e+01,2.873694524751403279e+01,3.351491697065624464e+01
2.439482714530975827e+01,2.646863560789147130e+01,3.110380422133670208e+01
2.706938475918508402e+01,2.977978787618060963e+01,2.982610066457031905e+01
2.871669094874231476e+01,3.149814630242648050e+01,3.339477062997458745e+01
2.477691458665765722e+01,2.936399920779724226e+01,3.377520116129667826e+01
1.845232099643829571e+01,2.166995293823137914e+01,2.371669939045167652e+01
2.270038521529180997e+01,2.722054183172218345e+01,2.797966861159079244e+01
2.679825950887253327e+01,2.712965185440735638e+01,2.998132221009917586e+01
2.628750545037029696e+01,2.885000936334725807e+01,3.336687665048056317e+01
2.634176275437583215e+01,2.746084993352729953e+01,2.785527095557552002e+01
2.525998108655977603e+01,2.867232588634586676e+01,2.910495912075264613e+01
2.697811993891638593e+01,2.911097422171150484e+01,3.285817366822426777e+01
2.717184410528492222e+01,3.168039338775852087e+01,3.488603361477770903e+01
2.769752325291940309e+01,2.792931342608002865e+01,2.945667542801505334e+01
2.220072115181234551e+01,2.255259615838053477e+01,2.258432444522739857e+01
2.643847418425406559e+01,3.142555243146961175e+01,3.208380408812777773e+01
2.627912793833421290e+01,2.955765126783406771e+01,3.093789266093738277e+01
2.363548026628699716e+01,2.715627828951993550e+01,2.808666580774459121e+01
2.518804468986611056e+01,2.658843316305838655e+01,3.111276035355632530e+01
2.582244769140718788e+01,2.983765764798571851e+01,3.313020637009257996e+01
2.588105378134678958e+01,2.820095870316345099e+01,3.138592939565350193e+01
3.228171659216661027e+01,3.518583082871776924e+01,3.613104279722489309e+01
2.734971780569398803e+01,3.223342925697630790e+01,3.362082569681661681e+01
3.000185389244651546e+01,3.023378761493586708e+01,3.197091658088608312e+01
2.989838800380195494e+01,3.263224296524937529e+01,3.297984371964650308e+01
2.714835970058995329e+01,3.009497011057696270e+01,3.152542985173720780e+01
2.755824232901127147e+01,2.796358487090719080e+01,3.031907284667347113e+01
2.313152853405759046e+01,2.646401922359645909e+01,2.969977327144559354e+01
3.136562822847178467e+01,3.280846042129250861e+01,3.452106336969497136e+01
2.335057488480190102e+01,2.757607155807235699e+01,2.830142175323121734e+01
2.884069790648252507e+01,3.290193655898941927e+01,3.349210384011606578e+01
3.053300948362224432e+01,3.165954694856088736e+01,3.300350827692442124e+01
2.689053323032666398e+01,3.034967516810418431e+01,3.352902908940468762e+01
2.942671817000042012e+01,3.092106566968400472e+01,3.254050675933143566e+01
2.782818910311732452e+01,2.825424091073602639e+01,3.106512621943016939e+01
2.748843759133544040e+01,2.939209149167479396e+01,3.274424809724654750e+01
2.374886703703928248e+01,2.862978176979740752e+01,3.339416504641617678e+01
2.849998637773852295e+01,2.941448574962919693e+01,3.184295418154693635e+01
2.444549235498209327e+01,2.635795820516836585e+01,2.665415515079383368e+01
2.842748724186354181e+01,3.071242139285081763e+01,3.255986803606423763e+01
3.238435519415956065e+01,3.274528315108592125e+01,3.465933032117014534e+01
2.953170093572341059e+01,2.966557879003165965e+01,3.291102675195079286e+01
2.896517475878042092e+01,3.369756919355135949e+01,3.486381838405772982e+01
3.002942263643324594e+01,3.260479506291167695e+01,3.562311369782477755e+01
3.236993346961640583e+01,3.357944238551622362e+01,3.508322160045907623e+01
2.644834092663505487e+01,2.785916285478622001e+01,3.128295777714868819e+01
2.182337149722967240e+01,2.544871324902249654e+01,2.847501934035219762e+01
2.865562945139888029e+01,3.210012334001044820e+01,3.706136581062327906e+01
2.801780984072878056e+01,3.189735612193486247e+01,3.545912094993803976e+01
2.526339610547798742e+01,2.948521990174481644e+01,3.342476584397879691e+01
2.137291254719105993e+01,2.449236985579170778e+01,2.657099676953147593e+01
2.698819069142705018e+01,2.913362298891353319e+01,3.230537851898745316e+01
2.291667960698670470e+01,2.739831994657663117e+01,3.033087655910834357e+01
2.754950506840959434e+01,3.105024116542113433e+01,3.396374341506800221e+01
2.698152414060091786e+01,3.048133350603592007e+01,3.474651358554396552e+01
2.207460715468277357e+01,2.698268543290798505e+01,3.006928458171347884e+01
2.216995610137390571e+01,2.570336278331780377e+01,2.956423482798492230e+01
2.150260229532528911e+01,2.517156478580515966e+01,2.993036957396410358e+01
2.234309794657361792e+01,2.624554179013255251e+01,2.672281114673515390e+01
2.781338552306029754e+01,2.792347846103813680e+01,3.006139661928780527e+01
2.249182989515306019e+01,2.692017915252148796e+01,2.700629856445316079e+01
2.126046136085970417e+01,2.232711858861284782e+01,2.705869377465130654e+01
2.932914785137578662e+01,3.149291120958809387e+01,3.284887712665339166e+01
1.957037353511212885e+01,2.299156204386271440e+01,2.754623621372736508e+01
2.077399142473588967e+01,2.425203771027858224e+01,2.827923114420033457e+01
2.565236433767447366e+01,2.588022225592554548e+01,3.030113237881711541e+01
2.253786010054348310e+01,2.476941872292579205e+01,2.817109774880330519e+01
2.394995444308357690e+01,2.576503377736701239e+01,2.821694714399684401e+01
2.316987637052664084e+01,2.664285990238564139e+01,2.712137834950683057e+01
2.408109821616751844e+01,2.602183981913944422e+01,3.067939842570445563e+01
1.803426379878348484e+01,2.260932023203894303e+01,2.324066462910324660e+01
2.130493721938524132e+01,2.456055562274741177e+01,2.674388283952559675e+01
2.276962978598950471e+01,2.445068454125297919e+01,2.667417543627137633e+01
1.781568601842336719e+01,2.201489792938918555e+01,2.230274061894515825e+01
1.817673119911523472e+01,2.112500324057484136e+01,2.304327592638442113e+01
1.989520094535860650e+01,2.368249742224628207e+01,2.779206813317926361e+01
2.233231596850436418e+01,2.410486018169991240e+01,2.640413752217226673e+01
3.114248824704434782e+01,3.319484193081063239e+01,3.540484466848646861e+01
2.320158757021878415e+01,2.738536600172861668e+01,2.982173269163512686e+01
2.697714598582630785e+01,2.738279460605292570e+01,3.160427093696521439e+01
2.078350361891511255e+01,2.345363402132633013e+01,2.406833606838820572e+01
2.905391925264617825e+01,3.052854528740540374e+01,3.360973135806754186e+01
2.210551145749846214e+01,2.547929189337778766e+01,3.007639903834767736e+01
2.176873574237056275e+01,2.554822851173632614e+01,2.762370065465339763e+01
2.126055871442956047e+01,2.513606356555644794e+01,2.894288124900897330e+01
2.219503190153050909e+01,2.643939695083864194e+01,2.867603492976298440e+01
2.200023114828466930e+01,2.433941756737133488e+01,2.588255484736763279e+01
2.340131805467110837e+01,2.408459467627912787e+01,2.526957253387270441e+01
2.218904733146882080e+01,2.610812022838779711e+01,2.742517531179493062e+01
2.054570244188345995e+01,2.277187122754429893e+01,2.298225662315233464e+01
1.373612674594270722e+01,1.624231571798500084e+01,1.917396380515539178e+01
2.269540816402179928e+01,2.342195501880537734e+01,2.475180897007745884e+01
1.552177190228251646e+01,1.619516345065486007e+01,1.707297045575055705e+01
1.625237842005958200e+01,2.114820012804227289e+01,2.453965737063713703e+01
2.047208982886403561e+01,2.305103207089782913e+01,2.653594080173546743e+01
1.964588910993026261e+01,2.277852712571191418e+01,2.515988413650086031e+01
1.847315830637832335e+01,1.977354809092215149e+01,2.177758936748014307e+01
1.482238762653850372e+01,1.625850497160075037e+01,1.846056116183623175e+01
1.550518408567911521e+01,1.769032202533111686e+01,2.259281060677935216e+01
1.360616952655893286e+01,1.428055098356720620e+01,1.812968763352641233e+01
1.271620942354085138e+01,1.652892223138024619e+01,1.919219961687369391e+01
1.419328246857907416e+01,1.801956047914712400e+01,2.157695253030120597e+01
1.618364853601566011e+01,1.984147260835069204e+01,2.281494710927638181e+01
2.079572559782780061e+01,2.179942945999384207e+01,2.662291278874873512e+01
1.544690253448098005e+01,1.868195478520312847e+01,2.354781415260957544e+01
2.028177943186518917e+01,2.059081326766043674e+01,2.307803771023824169e+01
1.501569885851359487e+01,1.901618767584619363e+01,2.132581689437506967e+01
2.316280430315428163e+01,2.551328983428619779e+01,2.577557399378759229e+01
1.244942314407091644e+01,1.481579759017976095e+01,1.930720063164343259e+01
2.035087882960220895e+01,2.511731801458988400e+01,2.691830885764365178e+01
1.483438129371538139e+01,1.624438382267973680e+01,1.935961248187770067e+01
1.582446343370234132e+01,2.022025893314661360e+01,2.517467649327792145e+01
1.312331674202741461e+01,1.601117291580058222e+01,2.044352923625896068e+01
1.312615570666427445e+01,1.606557740793390820e+01,1.731564478817537633e+01
1.573817058084269860e+01,1.815070177860515344e+01,2.253972513702469627e+01
1.039766000769646936e+01,1.431669420547646077e+01,1.863221671398301282e+01
1.367593674514838042e+01,1.695336819993130462e+01,2.074140524268693042e+01
1.674282121914169963e+01,1.777376660558352484e+01,1.998054325159034761e+01
6.572881628984466040e+00,1.026117917160729398e+01,1.145333956679029619e+01
8.398971355160686159e+00,1.299114102518871228e+01,1.306271148221970790e+01
1.286127480916921328e+01,1.406454858207733949e+01,1.745018350786294192e+01
2.116817032582918046e+01,2.279261478659920925e+01,2.338633298254463710e+01
1.286898665937334485e+01,1.339196855448964030e+01,1.360386325472182634e+01
1.450593471516123500e+01,1.649181617299529989e+01,2.030930959792972956e+01
1.539897965652526679e+01,1.871674774413397557e+01,2.057547416540629825e+01
1.350183078727172870e+01,1.376384361965594216e+01,1.521590498715801942e+01
1.223750787695047215e+01,1.305160896720112795e+01,1.438014754585084098e+01
1.451378153822204986e+01,1.575174991352007403e+01,2.027660236975253838e+01
1.081711802352032414e+01,1.217534545919901845e+01,1.339994507484040476e+01
1.293424534484496924e+01,1.662022879764116823e+01,2.017904263163873679e+01
1.440137024314657843e+01,1.713796178649814550e+01,1.722676963650300763e+01
1.239828275259787560e+01,1.468637917040214624e+01,1.955166590436970608e+01
1.438149611185129650e+01,1.703947547767036852e+01,1.709988327145073583e+01
1.465725677759783707e+01,1.633139491522790365e+01,2.047301497672846438e+01
6.848489894458643867e+00,1.083067666479726476e+01,1.307139994288853480e+01
2.709841995513218471e+00,6.741201697354343381e+00,9.939030101737523992e+00
1.235820399648594581e+00,5.700315452499721047e+00,8.511854004557932285e+00
9.895761126437292887e+00,1.471762399078522243e+01,1.955157206092058075e+01
7.868820581975803918e+00,1.046529111857701366e+01,1.346338395319016001e+01
1.013458345929674564e+01,1.176987196075876163e+01,1.304863412433381598e+01
1.387410839118975403e+01,1.542692233919017042e+01,2.022526615036260722e+01
7.031547162278263485e+00,1.079380052440826532e+01,1.578808598889923687e+01
9.380584090594517477e+00,1.084359392661151666e+01,1.385666263125647468e+01
9.443145962915235003e+00,1.060208133034394784e+01,1.530022263899679658e+01
6.649167681083917536e+00,9.119099985366952765e+00,9.744316039043418698e+00
9.135169729901482683e+00,9.838487160296400802e+00,1.223999241156756845e+01
1.202959548786677324e+01,1.476628645247940241e+01,1.820316934356282701e+01
3.658313573487724568e+00,8.090211516532955116e+00,9.947608377134949720e+00
8.647621281906747726e+00,1.177683932781843090e+01,1.408801875697842654e+01
1.125957005760388796e+01,1.284591585768850841e+01,1.338376781229055190e+01
1.172939126652251218e+01,1.387942273547555949e+01,1.730622499983571672e+01
1.457908040111986026e+01,1.501807472718799374e+01,1.616258855487451029e+01
5.028085687777817725e+00,9.353700800455738928e+00,9.520368946558672718e+00
8.651961027737939958e+00,1.154181232290061487e+01,1.267009308732223261e+01
6.920375972554092314e+00,1.053804115088815330e+01,1.454486036983868402e+01
1.180715787200456646e+01,1.356332680603183505e+01,1.607887141571936596e+01
8.414425236181809709e+00,9.209145115820982497e+00,1.290143288625574058e+01
1.070813324859305560e+01,1.358107998897513191e+01,1.422392949130028761e+01
1.070823403577528588e+01,1.147653772206199108e+01,1.286147990972090760e+01
5.281875580947122728e+00,7.539538383809789579e+00,1.169215406362336651e+01
5.219015413681220572e+00,5.868243364909089266e+00,1.035123058267388352e+01
2.891522933861279121e+00,7.210918504437442422e+00,8.717802854066086127e+00
2.659344670820622092e+00,7.412822333926905927e+00,9.435106338502606604e+00
2.333379867783422768e+00,4.606217477019130868e+00,6.889093869723578401e+00
6.089538618452960961e+00,8.202253535480600988e+00,8.779722916624756124e+00
5.875727937367782872e+00,7.571551204525867718e+00,1.068407295659856970e+01
1.021113466482201915e-01,3.344569837285161995e+00,4.889402217490473213e+00
1.561333540051535129e+00,2.945210036136351128e+00,4.456319378025348499e+00
6.543704816117249301e+00,8.809238217916432134e+00,1.138638790005593826e+01
4.228190790920992370e+00,8.397221152114072495e+00,1.149801138058986183e+01
5.428460313200621279e+00,5.583311436377679016e+00,7.346557017809995926e+00
1.162469041039528417e+00,4.372109318897678953e+00,8.837021390252964181e+00
7.757646762193068923e+00,9.263248205650260303e+00,1.417249903184041671e+01
4.006716164382885026e+00,4.118930971452878786e+00,4.523080958720676392e+00
6.522096565966499782e+00,8.843520044925158530e+00,1.114537026409916720e+01
9.994497579648095709e+00,1.090919791379942616e+01,1.411909588111914182e+01
4.858854063658196942e+00,9.135485456050322028e+00,1.356304923793629058e+01
-2.112296964900507668e+00,2.471863360371761686e+00,5.992254605736031081e+00
6.241505479403235412e-01,3.681961495344915569e+00,3.742028713391132300e+00
3.950256711050133429e+00,4.600577839521607260e+00,7.446952508254043757e+00
5.676028309025007879e+00,6.234714510559055789e+00,8.577087433283169915e+00
5.983679149348747117e+00,6.350148512766846665e+00,7.672522970733897552e+00
-1.231867895688988579e+00,2.680733207441282850e+00,3.744875318017871546e+00
5.958056728122889112e+00,8.616836856762915886e+00,1.234967666819216703e+01
6.037776428838665055e+00,7.411050938403178634e+00,8.677300344834783630e+00
2.358618269704988002e+00,5.080317495390551663e+00,5.528430213579921038e+00
5.978134192775743649e-01,4.020173450346030464e+00,4.750086714773869012e+00
6.092226950281258269e+00,6.333297774762713495e+00,8.328595656465509478e+00
2.863147873477164040e+00,4.517257421450481480e+00,8.508190535120657927e+00
4.011473034453090669e+00,5.366726517168872945e+00,7.148143941980501737e+00
5.663272290025324729e+00,5.719443256131633291e+00,6.119358014781871802e+00
-3.232819255409413728e-03,2.550103929205419284e+00,5.334423815737938668e+00
9.132423497330018236e+00,1.141864964158539664e+01,1.559484061115161069e+01
2.068478115134077644e+00,3.093776404190026419e+00,3.784404673480064929e+00
2.312764274266867037e+00,3.079090180217081141e+00,3.244870215265556634e+00
-3.485897256444940417e+00,1.495198007639094051e+00,3.544669450962329993e+00
2.277318540963452875e+00,4.088557717424142091e+00,4.368818041934457774e+00
5.188741387980317477e+00,9.180257428415593779e+00,1.159092951116273262e+01
1.377998594967799306e+00,1.708035046916449140e+00,6.661047739660484801e+00
8.085400280674166495e-01,5.052816458853442327e+00,8.731761380228949321e+00
5.692821961119054031e+00,7.603312169087318217e+00,1.064122761758803826e+01
-3.735349705319372049e+00,4.460372130049252704e-01,2.302965467833880453e+00
5.033839654805891684e+00,5.056321106059314729e+00,5.734532130433823482e+00
4.144497414993143281e+00,5.595278868915590564e+00,7.511176586102210173e+00
4.994584726120868012e+00,8.345889593695588360e+00,9.749025393841591836e+00
2.538420734647843346e+00,4.856020439473137884e+00,8.930312854779897336e+00
9.301486920619819188e-01,5.616904011278251119e+00,9.710890561386934294e+00
-2.516127059098663299e+00,-3.515560408080720123e-01,4.536400248808475588e+00
6.157316114658373252e+00,6.654961456020380695e+00,9.620619599159718760e+00
7.010256158487928602e+00,9.355040937822959535e+00,1.121883785744104856e+01
4.039519261824590757e+00,7.548038039520572617e+00,1.083663825334553010e+01
3.562957889674648548e+00,3.621032574525173686e+00,5.373950933994764867e+00
2.775316388505670862e+00,4.074045669283639093e+00,4.947131255607050804e+00
2.517667955454533590e+00,4.477907051039842656e+00,4.497615560132286028e+00
7.119614689177782729e+00,1.048013048628039812e+01,1.317797937399822672e+01
5.595054600188406724e+00,9.069258174618987312e+00,1.243514783266100210e+01
-2.614443636104555324e+00,2.264413120516816313e+00,7.017988784674558111e+00
-1.163758068143121882e+00,1.977458785297930177e+00,3.956801165819604282e+00
7.134025772092429385e+00,8.115876857189450178e+00,9.150022665876070604e+00
3.741231567616298825e-01,3.995015663320669042e+00,7.863966089958776884e+00
2.008783951399085943e+00,6.037207173978291763e+00,9.683593989103428612e+00
1.484954211453990425e+00,5.798554781044343187e+00,8.091836169937849377e+00
4.200336800288068773e+00,9.189118481800990779e+00,1.326370426204877262e+01
-1.636112224665816406e+00,1.668051353544641735e+00,4.785983130500852667e+00
4.575691205322483412e+00,6.175613280579532294e+00,9.271237223605398370e+00
8.193498734359138780e+00,9.364136390219877981e+00,9.852751399731994653e+00
7.237099267620168419e+00,1.184494348587454482e+01,1.680022548223790935e+01
2.090169947144731033e+00,6.755463049479885740e+00,1.008842791418905094e+01
-1.840537926551935932e+00,2.903663082720108868e+00,4.942124436117653730e+00
4.197082920958076890e+00,4.906523513050372820e+00,7.671687244522503946e+00
-1.199857469014160571e-01,4.309112503652777093e+00,8.791707079740731956e+00
6.775587881306568860e+00,8.750431060308576647e+00,1.045734628164012747e+01
2.312440696690567954e+00,7.149575862120506997e+00,7.409794240085702199e+00
7.032792961790919506e+00,7.921557750971148337e+00,8.382139023874552564e+00
4.023988100952434976e+00,6.008735574243541322e+00,8.141788867783933625e+00
6.607935970150666805e+00,6.753445154223292946e+00,1.044157731422021662e+01
1.994649976062039087e+00,5.520070708657729419e+00,8.563302629458730664e+00
4.807157730768534698e+00,5.576495951918651883e+00,5.824477702735734397e+00
-2.667017525560233970e+00,1.321890482050397608e+00,2.231930305507783707e+00
3.530145294627630381e+00,6.419918602605277691e+00,1.000632076371917734e+01
6.408560955513610047e+00,8.712368999753699939e+00,9.218520505793511788e+00
6.633865580721359123e+00,8.334870602958645236e+00,9.716052787337703833e+00
6.600459616299009014e+00,7.127200971588634637e+00,1.125259240888331647e+01
4.631696829002456717e+00,6.588281447096766108e+00,8.915589224717352934e+00
3.754180637490999395e+00,5.014400230691498095e+00,9.840327892473457183e+00
4.665146832246693798e+00,6.015329945146892676e+00,8.524620966839473013e+00
6.842840063068963197e+00,1.041267338399359232e+01,1.539541893693036556e+01
4.081885132920049841e+00,8.916814708514369414e+00,1.080390763880889260e+01
3.802245302667183857e+00,7.177423902084234086e+00,1.183718866374095313e+01
6.479448369217525538e+00,1.032620460370106130e+01,1.325460245157650796e+01
9.921014058137522795e+00,1.206627953799868003e+01,1.614476993896346357e+01
6.365884159620663674e+00,9.640759869477893318e+00,1.183989037187719440e+01
9.420370987646949246e+00,9.692309396588854042e+00,1.138705462554430170e+01
2.502778409999605103e+00,5.790868095516610303e+00,9.790350756008921351e+00
7.462163192781995136e+00,1.034315706717511851e+01,1.452194078644673425e+01
6.300448328035498591e+00,8.270994991144839048e+00,1.220544442928382800e+01
6.975483348559180286e+00,8.104643700347127222e+00,9.740006849871091887e+00
9.206573514937041125e+00,1.140105010780077421e+01,1.452092127801083521e+01
4.233183863410879155e+00,8.048628165578453064e+00,8.707754439984334738e+00
5.771992078779083712e+00,6.090450752522396982e+00,1.002678708711738409e+01
8.707973640985912311e+00,1.247503750503614484e+01,1.550222887838891772e+01
5.314332242322589828e+00,9.887030421782476708e+00,1.024673164618018362e+01
5.362789980613673180e+00,7.281673260813239068e+00,9.572323083562750412e+00
6.594440008373602780e+00,9.682445480603144361e+00,1.231297706429482908e+01
1.027382705273280905e+01,1.085842654254211581e+01,1.488407910076583818e+01
2.648292739586863398e+00,7.381176863492314055e+00,1.193424239547992016e+01
6.688452877994262913e+00,9.426839430753352289e+00,1.307759491219733761e+01
8.617012218561150405e+00,1.019314820073751982e+01,1.217019712068758253e+01
2.178621490364418101e+00,4.484027022635717508e+00,6.505469905430750543e+00
1.210542249102472923e+01,1.582389034541031592e+01,2.035737867928499867e+01
1.309106496916334628e+01,1.578263151206074788e+01,1.711069758114977901e+01
8.456112980121879730e+00,1.144881294317727338e+01,1.388544901509667362e+01
1.020011970141077207e+01,1.195567928495594856e+01,1.425858117249829426e+01
9.189576878433975082e+00,1.223239709970719424e+01,1.595408259471621903e+01
6.741638035049636102e+00,8.865101552678149588e+00,1.275924872637520657e+01
1.078245418363268726e+01,1.340606932819974340e+01,1.663617829831733275e+01
5.901463748845946711e+00,9.615086386702703436e+00,1.040272254852009048e+01
5.054356938159317636e+00,6.590388144645346280e+00,7.597257697115100683e+00
1.015293945123027797e+01,1.220863459070595347e+01,1.332167083813656383e+01
1.040685565130731050e+01,1.211035737920033917e+01,1.646575435888851047e+01
1.372220175664312158e+01,1.777232660789673346e+01,2.170168776330160654e+01
1.039253113661132844e+01,1.102777101092442003e+01,1.469801638841321001e+01
1.059718651557063751e+01,1.256635849051884435e+01,1.309707746900978975e+01
1.179815780750684340e+01,1.235643324345843475e+01,1.273502000578866422e+01
8.758380867181234208e+00,1.186653585714996240e+01,1.510191475194317867e+01
1.012877280735839136e+01,1.123155861162127067e+01,1.479665072108055135e+01
7.862075810381484509e+00,1.197223832514496067e+01,1.439009588726345790e+01
1.050926596009646730e+01,1.497768540536331194e+01,1.752548624351138429e+01
7.266452463722449906e+00,1.196927370707271265e+01,1.213858269575380611e+01
2.015054799984831746e+01,2.151523544213038974e+01,2.299795635440318975e+01
1.280398743777214143e+01,1.443335004918173503e+01,1.643282882834782654e+01
2.010613637231679718e+01,2.233102260865920385e+01,2.277237722700904143e+01
1.315027969681557884e+01,1.353299028998603681e+01,1.601465039679828450e+01
8.902523372782273015e+00,1.020809438489895982e+01,1.242632804533338842e+01
1.532013606694247265e+01,1.726599274646903481e+01,2.149299931996041124e+01
1.275307785641603964e+01,1.407458130956140074e+01,1.651495783027984388e+01
1.038428824419781904e+01,1.360480923259289909e+01,1.814248697101500341e+01
1.083981506622722968e+01,1.138770835444457319e+01,1.328351880836935273e+01
1.484574691301133420e+01,1.566361656236714062e+01,1.890530476778693370e+01
1.735073185370031723e+01,2.071732234838455611e+01,2.392505379770123497e+01
1.432719742689359421e+01,1.756481320704551408e+01,1.831873617244108488e+01
1.674743091416614860e+01,1.689623925473293298e+01,1.841789719748002696e+01
1.490057857929472362e+01,1.658754183293605422e+01,1.865980602747839612e+01
2.078672747081516903e+01,2.202701147443972118e+01,2.695897916796603511e+01
1.691710883484208949e+01,1.727375860747512348e+01,2.175387463352049977e+01
1.375605435061998527e+01,1.531903643216271504e+01,1.580313182778327885e+01
1.472536951343134071e+01,1.760539756179309734e+01,1.840839366321936055e+01
1.514252644946542858e+01,1.893847767838055418e+01,2.170633056637359459e+01
1.331479274024940906e+01,1.720831757200243928e+01,2.040161464394782342e+01
7.742043207221947831e+00,1.235313059603793562e+01,1.388660545968646431e+01
1.761187211819581933e+01,1.828812434416310495e+01,2.162691373983496490e+01
1.671994625512117594e+01,2.136486646181729299e+01,2.444539356883964132e+01
1.359196071694166541e+01,1.803412152456627737e+01,1.827742420213610686e+01
1.414738211536163348e+01,1.826763307745430254e+01,2.264640039977046371e+01
1.942189680503494031e+01,2.264089973879215734e+01,2.483080065965556571e+01
2.104176472393982067e+01,2.250515633994118048e+01,2.311416200116631714e+01
1.467533696780173713e+01,1.948982000298695283e+01,2.045756452520731372e+01
1.591612276376901214e+01,1.924531704274161470e+01,1.935164595655020392e+01
1.513884844580873512e+01,1.628064436688918448e+01,2.114123069045393066e+01
1.854266951113391215e+01,2.167902738110709393e+01,2.476974954159470599e+01
1.838199873305216059e+01,2.022242454407657419e+01,2.035110544359247697e+01
2.345363437200021295e+01,2.696902023684560135e+01,3.046929113417264290e+01
1.919717044163143882e+01,2.359317428065330091e+01,2.714071258065703773e+01
2.347367937847667818e+01,2.532391496020302313e+01,2.789451164650085957e+01
1.790976276937345446e+01,1.928532750741261736e+01,2.252494359090996312e+01
2.136348841132111076e+01,2.344019063577923845e+01,2.412019456192726352e+01
1.794174793868532447e+01,2.262111599427948150e+01,2.385620147047483286e+01
1.640449399990519197e+01,2.108757844562387618e+01,2.516281761046224119e+01
2.074317205791129837e+01,2.169201056725960086e+01,2.277760520179616321e+01
1.585787771442378258e+01,1.702766797763989715e+01,1.703869338375201892e+01
2.406681720939700853e+01,2.686799054252108476e+01,2.992320951483454294e+01
1.412722730974484797e+01,1.836487974783376131e+01,2.151909193393107245e+01
2.187292836362442472e+01,2.391368053417609829e+01,2.726166844503448061e+01
2.161412624135718374e+01,2.571912254172452350e+01,2.659252502532982376e+01
2.762722016874764819e+01,2.774016996443310390e+01,3.052273819562228496e+01
2.705816404854290980e+01,2.913260181904460921e+01,3.348104360651687728e+01
2.306098788398507082e+01,2.629798378120133151e+01,2.811514227981416880e+01
2.263748596112865741e+01,2.553723005995653494e+01,2.834720484558975073e+01
2.699263236677755629e+01,2.936840015948608951e+01,3.279359785062063537e+01
2.212781831987117087e+01,2.363784252812158826e+01,2.594455663697612025e+01
1.829001145434557785e+01,2.315476959508063715e+01,2.466056641467898203e+01
2.460038518320640932e+01,2.536471594559017007e+01,2.543805854109320208e+01
2.173159355148677108e+01,2.291039658306091553e+01,2.319240982686738306e+01
2.004119553131487308e+01,2.322980115616605445e+01,2.392740083571824883e+01
2.408330195630925630e+01,2.702957192773659401e+01,2.835005140878077512e+01
2.494036416594024175e+01,2.565876557509928446e+01,2.919165559157222845e+01
1.924607571663696604e+01,2.417986915150040517e+01,2.850750158270444956e+01
2.234541057367604111e+01,2.638973577788145164e+01,3.026055164029082434e+01
2.565463643347008826e+01,2.744967870965287204e+01,2.833589504395287051e+01
2.423223424024511630e+01,2.484347909671336296e+01,2.784425080487932291e+01
2.438587951827676292e+01,2.824356076313728181e+01,3.318273134144582315e+01
2.385002607291974286e+01,2.637230648702703917e+01,2.857078332979853386e+01
2.756815938047773784e+01,2.912205063728810117e+01,3.112080409857627217e+01
2.602094570948961305e+01,2.764523867510659727e+01,2.953789487429471805e+01
1.773516078770450832e+01,2.145058529504275668e+01,2.367847242085586146e+01
2.601616143304570627e+01,2.905893179069398258e+01,3.337081625126450035e+01
2.567841309416512985e+01,2.924518288663132992e+01,2.967539966932037387e+01
2.024263148158552283e+01,2.405045085279825301e+01,2.891865583411646412e+01
2.256987661386609645e+01,2.637086978474296473e+01,2.971589112380509334e+01
2.461374211736018225e+01,2.636873809174038641e+01,2.858380276567027778e+01
2.287831671432576286e+01,2.575172803051010462e+01,2.880506785523488844e+01
2.332739966440826862e+01,2.379526170947375618e+01,2.435434775916902694e+01
3.006750938080008595e+01,3.023953056225003166e+01,3.275267425344679850e+01
2.871558104761843211e+01,2.968848620515354142e+01,3.080705372469406100e+01
2.865304213383480914e+01,3.091761953245842420e+01,3.218685908345038627e+01
2.295099731410034849e+01,2.792180617302543411e+01,3.091448108204318501e+01
3.121658363619702214e+01,3.194997428995404576e+01,3.417129939895610136e+01
1.967580812295745929e+01,2.409898288313473813e+01,2.664245642297359140e+01
2.586613549224672326e+01,2.986334531841570694e+01,3.160984324719620275e+01
3.141160567337522735e+01,3.167534331026799777e+01,3.531428750625407531e+01
2.199616828204833752e+01,2.601835569987074592e+01,3.035005977852413395e+01
2.409547792072767436e+01,2.757404716815001677e+01,2.941680466065631094e+01
2.054533150599102953e+01,2.490337984227522838e+01,2.874835416963463786e+01
2.990375306745404771e+01,3.130304725534347909e+01,3.494461774799866305e+01
2.486679295556742275e+01,2.643232633065476023e+01,3.070546240177990072e+01
2.628879395195307467e+01,2.913689149274797785e+01,2.929477344238460290e+01
2.374346472048140555e+01,2.783645608134338900e+01,2.816222074266272557e+01
2.638710833611507667e+01,2.642074512009179088e+01,2.833247397767809161e+01
2.752570475072459999e+01,2.835591042318051791e+01,2.952359110850213852e+01
2.835011513663685179e+01,3.029069941308851810e+01,3.064710586207511156e+01
2.785775759282975628e+01,2.967764226547940964e+01,3.095965532491663197e+01
2.470242312942884411e+01,2.549248193390764783e+01,2.872454589429672467e+01
2.695881009573194120e+01,3.062458375070590932e+01,3.340258940939478549e+01
2.844796430530876918e+01,3.051367473671121644e+01,3.343808164918247172e+01
3.208153354579532390e+01,3.273184749446534880e+01,3.564279057051441413e+01
2.365308259329934515e+01,2.621141948184334680e+01,2.693114053611116177e+01
2.920500343281022637e+01,3.271499375145545230e+01,3.633337858867287906e+01
2.446209455541722022e+01,2.718957418813407756e+01,2.842390722066374664e+01
2.051625152722056811e+01,2.529786567164665811e+01,2.932767731535377109e+01
3.014722035170777659e+01,3.138747341058684981e+01,3.364790923854256732e+01
3.013001609315074347e+01,3.146436376152827208e+01,3.449231997150066320e+01
2.765014424555827333e+01,3.224424027756757027e+01,3.466394666890085574e+01
2.676902464320330921e+01,2.718182137398642340e+01,3.101389870601945020e+01
2.333874596783072874e+01,2.724691712902566465e+01,3.151988872086678839e+01
2.498609761059501722e+01,2.794092081618214607e+01,3.240632671620630134e+01
2.547732270031590218e+01,2.915635461244542626e+01,3.291577072272932725e+01
3.028052305593487148e+01,3.210729411663285049e+01,3.492536154498942125e+01
2.239082759090630503e+01,2.645949218083027077e+01,2.795564313968599279e+01
2.745610522319272206e+01,3.065972805210959962e+01,3.535122588195254423e+01
2.627121917714023880e+01,3.035546904445405048e+01,3.395415263127783589e+01
2.700932394397537450e+01,2.811344637985678574e+01,3.052595426574318083e+01
2.933953621388316790e+01,3.174286121968499685e+01,3.506021966914298105e+01
3.135258395349178073e+01,3.299972012287271639e+01,3.557555317073272505e+01
3.242026710943826373e+01,3.268460347525663678e+01,3.305786896395900953e+01
2.778166291671763233e+01,2.883006990984910800e+01,3.249269496918498845e+01
2.912965897915206881e+01,3.074196027101864814e+01,3.101159690296902482e+01
2.535602610611982399e+01,2.840690461245997156e+01,3.131088715911918285e+01
2.380443492965672903e+01,2.823631666529560391e+01,3.180930350576569765e+01
2.779755937494441298e+01,2.837356569689619690e+01,3.215328896706809303e+01
2.281716947738999579e+01,2.581579638450025627e+01,2.772451680180417810e+01
2.149384116259446031e+01,2.543465922580057281e+01,2.980610568157910478e+01
2.438973502496879320e+01,2.602698630747277520e+01,2.950613964554095503e+01
2.734372702501536523e+01,3.013053493039555875e+01,3.055625570229215526e+01
2.747121386735116744e+01,3.128821778942680254e+01,3.542376501868512406e+01
2.028371374745313460e+01,2.391917900501164951e+01,2.724185196515484364e+01
2.348128881807559765e+01,2.634137815383318326e+01,2.876039326942354890e+01
2.024329335972369037e+01,2.383582561468444183e+01,2.446483626367018971e+01
2.791007257640124450e+01,2.793210809796263305e+01,2.913709030154395663e+01
2.853855653870514431e+01,2.856925118115243123e+01,3.081437218707103298e+01
2.516697784035653029e+01,2.797581023842151993e+01,3.090806821039814878e+01
2.860963698589915083e+01,3.259903109601275162e+01,3.703514214922314807e+01
1.981486270303983588e+01,2.433426616012348731e+01,2.438488971647728221e+01
2.128420035262935528e+01,2.358622889616977858e+01,2.541503100838783169e+01
2.489473417527803534e+01,2.527379869578437876e+01,2.675424135749534926e+01
2.566011454889068588e+01,2.648093780988741841e+01,3.072139895046090174e+01
2.719870842576647263e+01,3.169173317963260672e+01,3.604191284914601567e+01
2.901656269745173233e+01,2.912836578644158436e+01,3.323439443663892945e+01
2.217762368445321641e+01,2.688106215466263649e+01,3.109809414659762439e+01
2.721123895122807212e+01,3.043576111787600524e+01,3.526819395451880013e+01
2.320800246864309102e+01,2.660856345980079851e+01,3.109548162065323140e+01
2.305501500005778936e+01,2.552083601477209385e+01,2.915366014743431577e+01
2.560251015601413727e+01,2.725260743969151633e+01,3.060079643616628076e+01
1.902923129275307090e+01,2.300393224296717420e+01,2.315505329406085977e+01
2.256120916270365129e+01,2.377422297787107297e+01,2.559921076986928057e+01
2.859485539153244105e+01,3.113044812781803117e+01,3.465345476671435421e+01
2.737532368911022473e+01,2.766941956801472813e+01,2.826419037218367691e+01
2.614712546047964281e+01,2.814255996691289852e+01,2.981053490027958119e+01
2.395119452082220235e+01,2.470788758725145229e+01,2.865865636441201758e+01
2.403907899071603538e+01,2.523336066862250249e+01,2.705334213510884567e+01
2.659535894741768303e+01,2.987425036575554671e+01,3.303606570219562144e+01
2.262394064274087668e+01,2.274019516089093784e+01,2.610887426654901589e+01
2.102270448558913785e+01,2.600852500900897368e+01,2.642972674694781787e+01
2.494888831958543918e+01,2.830434579348647972e+01,3.146471779996655727e+01
2.117311174927637296e+01,2.199240098964678936e+01,2.618645004095172624e+01
2.015440931517622403e+01,2.236598778109119223e+01,2.416167764495472881e+01
1.763379893928765085e+01,2.244796048715063819e+01,2.468025114426259847e+01
2.235886126244074745e+01,2.432224285070055458e+01,2.443504960356465361e+01
1.990656517182178575e+01,2.381300773361029854e+01,2.876279068539989225e+01
1.877819666261171250e+01,2.208574699963150678e+01,2.396256351591888034e+01
2.444224110368192626e+01,2.454059489586268228e+01,2.705707318153509888e+01
1.943801234653129839e+01,2.259170610357953990e+01,2.451304681904419169e+01
1.774581952068992052e+01,2.261795122455036378e+01,2.308654604672860344e+01
2.409459839502547496e+01,2.671574664657870457e+01,2.832477248689844984e+01
2.125537621775272612e+01,2.359451812855320441e+01,2.382324970131595876e+01
1.977084133325060833e+01,2.458315915369660587e+01,2.669338386771925542e+01
2.300558313714211423e+01,2.329420316980386119e+01,2.822602379910076209e+01
1.568042283052526287e+01,2.059851886729639503e+01,2.326057100160321411e+01
1.882420939227251111e+01,2.229670775171079100e+01,2.247759743799816334e+01
1.894674911422486829e+01,1.999666454240529134e+01,2.061452085713850479e+01
1.895386864483796430e+01,2.208176833353490665e+01,2.650952131985668458e+01
2.346745187956347323e+01,2.485162203310331819e+01,2.867527855598662612e+01
1.758300682350944300e+01,1.790098721929672720e+01,2.005610309257732737e+01
1.899952463987712292e+01,1.950828631248111478e+01,2.177812928967151507e+01
1.966217871569690701e+01,2.355483905282940782e+01,2.477515744832545153e+01
1.714433509301764147e+01,2.005913472900319761e+01,2.064915706218295455e+01
1.614442368168421282e+01,1.783355663002289759e+01,2.145151774658488719e+01
1.245939675226940935e+01,1.628982833236113947e+01,2.110463008533850626e+01
1.781716588042226590e+01,1.913169750103571687e+01,2.294461719696003854e+01
1.603363107212429739e+01,2.039057411697126909e+01,2.243035668744737876e+01
1.942003574726811976e+01,2.222956236296056076e+01,2.460178160515842194e+01
1.964662402952912146e+01,2.288459588139749101e+01,2.535467577709887976e+01
1.579530962507181613e+01,1.852554828806829690e+01,2.218973949422740333e+01
1.747932763282635449e+01,2.061525889052774474e+01,2.188245153430806411e+01
1.746843358225137521e+01,1.999402984726388155e+01,2.059177269869146443e+01
1.878462154463893796e+01,1.883558975667679647e+01,2.086454733934216677e+01
2.284964353594264708e+01,2.311961444305173785e+01,2.508748724125459972e+01
7.660038006359798146e+00,8.964738501657656400e+00,9.822153907913515170e+00
1.088233558729096373e+01,1.244689765613469312e+01,1.568958842003734233e+01
1.251254483663302963e+01,1.702850240905105395e+01,2.168230772693635799e+01
1.574716127645268315e+01,1.903002228767791948e+01,2.126774561469906288e+01
1.851480830126099519e+01,2.312427358378243269e+01,2.499752511990479320e+01
1.598783920482354048e+01,1.727084446690988528e+01,1.901663497855431473e+01
1.742404705440221235e+01,1.839227111084766619e+01,2.262478701165805006e+01
1.518337659830198128e+01,1.686952109186429638e+01,2.087848796619909564e+01
1.539504900098460460e+01,1.934743685838112981e+01,2.184535985425619131e+01
1.197894888246576173e+01,1.435134638625664749e+01,1.899957668428620394e+01
1.107757172129430678e+01,1.606697749150193033e+01,2.095037475604603827e+01
7.973192342519828557e+00,1.239377363013399602e+01,1.557830907943785625e+01
1.280464152909047826e+01,1.406012203280631212e+01,1.643244450758857766e+01
9.886661184370867161e+00,1.240324382370805978e+01,1.365578220095077278e+01
9.261190201658919818e+00,1.363305978221941217e+01,1.569016224005087956e+01
1.140144711840365943e+01,1.449855134719314087e+01,1.831879729852569483e+01
1.217546005296595091e+01,1.578132414536687378e+01,1.875057301664106646e+01
1.855173898966653212e+01,2.069091048327531368e+01,2.272752846319807674e+01
1.608049006622255561e+01,1.765645219932176602e+01,1.937086854545201930e+01
1.114784806726724042e+01,1.578612207827748648e+01,1.709241219149696533e+01
3.815481396644225143e+00,8.363676858980465312e+00,1.192787493791845321e+01
9.475726024297411954e+00,1.101211625900029389e+01,1.575006635992018467e+01
8.996047043636567153e+00,1.393060687102455297e+01,1.703625331987180758e+01
1.598494776130080375e+01,1.716572661224446605e+01,1.916996590443584125e+01
7.849239456460439968e+00,1.263169646327903273e+01,1.477840312931047784e+01
1.295271767056487988e+01,1.454058190239711834e+01,1.828929226837929889e+01
6.291255702914217096e+00,8.990667480946834544e+00,1.200861233948798557e+01
6.862198033361632810e+00,1.003502656083953326e+01,1.462679388350074028e+01
9.144905360119604865e+00,1.169846956492326129e+01,1.382096372734081768e+01
1.428736193870451032e+00,6.192125749444464589e+00,6.427686739681819361e+00
9.775626021375789065e+00,1.389093994713986291e+01,1.607661062319634837e+01
1.048456190944137134e+01,1.472997703535641989e+01,1.717045564745591690e+01
1.348498193312611448e+01,1.385474986373283812e+01,1.468141804302814180e+01
5.066512161875646569e+00,6.597111034117711270e+00,7.166160731906112247e+00
6.592229414733242976e+00,1.093333435238899476e+01,1.209325187243601718e+01
3.572192883041610756e+00,8.541237533035197060e+00,1.003340564773652410e+01
6.748389815477751519e+00,8.983894097538506429e+00,1.346351548687314903e+01
-4.453637402841121862e-01,2.655728220144888851e+00,7.098801278912191925e+00
9.509336555305882399e+00,1.263434234553705338e+01,1.411449798569415037e+01
1.194332557636598580e+01,1.394416868076279847e+01,1.610424398177460859e+01
1.740925173639299217e+00,2.757129328616892749e+00,4.500038959210071354e+00
1.698144725805222244e+00,6.534545332867486067e+00,7.036044056232354293e+00
6.560263714158097059e+00,1.087927435862344439e+01,1.466808479221757011e+01
4.637423201369976766e+00,9.239455957666462993e+00,1.325502377236971085e+01
4.863081234383326290e+00,9.370090365324376336e+00,9.813500133259855929e+00
5.623892811724496177e+00,7.641384978561314156e+00,1.228519127928939980e+01
9.840719934347813336e+00,1.090513225319052815e+01,1.192481574624637553e+01
3.269765544486444853e-01,5.141287368177136941e+00,6.819894102363304178e+00
9.323018906051149912e+00,1.096322283919137064e+01,1.403370340315636255e+01
5.446041456980800888e+00,8.608440484700771833e+00,1.310582466961011328e+01
7.970905977488245142e+00,8.148445675911546004e+00,1.190330088365753625e+01
1.088153296008708359e+01,1.347063544693634718e+01,1.680449355665589550e+01
5.829415737904281691e+00,8.374956660402050446e+00,1.225325761675487435e+01
4.222883451702324820e+00,8.055555732937175861e+00,1.255569949599848023e+01
1.676462380619200943e+00,6.374491522116301212e+00,7.483073917242734296e+00
1.582382018143689173e+00,6.508302394605719243e+00,9.461292631185507673e+00
8.682352841485860395e+00,1.219851805119439447e+01,1.553691177285739045e+01
7.175679833584139189e+00,1.148239362917149720e+01,1.482943851989081452e+01
2.646486418115718386e+00,6.743871133614574020e+00,8.557936816727110596e+00
9.194125270578666687e+00,1.354817999767435310e+01,1.614253728363745921e+01
4.129137196501297069e+00,5.439551305746755716e+00,9.133866937969145283e+00
7.621665571549884888e+00,8.445157419258681131e+00,1.326557995377408083e+01
3.510576865553149517e+00,7.921351386309140707e+00,8.892989455592177350e+00
2.672348677748527024e+00,4.610380252583995642e+00,6.532623434338740154e+00
7.142816308252587731e+00,7.713653112591940975e+00,1.117151346443704441e+01
3.440876495602820384e-01,4.126036680583520244e+00,5.673397683154233206e+00
7.516271265590777517e+00,1.009672318025214821e+01,1.351568025702435705e+01
3.320361009110694095e+00,6.970420918386582620e+00,1.173876739971001726e+01
2.129797601452495748e+00,5.600716553627899330e+00,8.862820797288993191e+00
2.554315721398647820e+00,5.335689281350193269e+00,6.618098509092837034e+00
3.848546958070826030e+00,7.086705519294859812e+00,1.050851112316495950e+01
-3.715245772950961811e+00,-6.259272069114611980e-01,4.307320900147957765e+00
7.113807488961277237e+00,7.880460512746493507e+00,1.184244401949775494e+01
2.030019276955032037e+00,4.697997818450764029e+00,9.028929411598983990e+00
1.212261148291658319e+00,2.588655436573281676e+00,5.182684640121579811e+00
-7.356034973452199033e-01,3.434927981197705815e+00,3.530232107818445542e+00
1.612123937160733433e+00,6.313582904295895304e+00,6.618222110326676066e+00
1.914220689722046398e+00,3.182331229194000244e+00,7.066543585014236406e+00
4.025700777427302590e+00,4.033241115985018332e+00,6.621321995108663927e+00
9.029844984253045936e+00,1.028736535253739248e+01,1.370393144646468286e+01
1.285923652221175661e+00,2.470026010960845397e+00,3.008744248498349982e+00
-4.058252550079121113e-01,7.070378384885511736e-02,4.332182039024998765e+00
3.742876130491699094e-01,3.671036309327505798e+00,5.462878503719613477e+00
1.132921239371323274e+00,2.256627069546487174e+00,4.800350080012846021e+00
3.539241347833748108e+00,8.284223777535801858e+00,1.241725774489321310e+01
-3.279369367018301062e-01,2.298679874954140612e+00,4.123402908973358372e+00
-3.581437827361627413e+00,1.064752108061317593e+00,2.736199200346185467e+00
6.954217201166644102e+00,7.594637155143898255e+00,1.115884793946844056e+01
-4.864956794722896660e-02,3.153359038540906489e+00,4.774206708064363980e+00
7.683570845754454481e+00,8.895556285536756036e+00,1.141879629127885565e+01
3.870420652530017769e-01,2.949006960424332746e+00,6.527611081384693037e+00
-2.853403691712264045e+00,-1.002971755755033278e+00,4.923070002462788253e-01
-1.975692649372442489e-01,9.290249616449806069e-01,3.947988945532783678e+00
-4.699017938852877663e+00,-3.196936344324649681e+00,-2.271383496868685015e+00
-8.674849155470784723e+00,-3.682630169101951623e+00,-2.973743797311770631e+00
-4.422303896795423128e-01,4.424028698192488562e+00,6.879552323271724390e+00
5.150615649857670952e+00,6.460526468362802532e+00,8.959191322393273538e+00
3.634447436653617025e+00,7.949583190335043348e+00,1.256379537483340059e+01
2.257529874018809224e+00,5.019462598501160500e+00,9.383735268122006090e+00
4.084022839376389769e+00,7.275211185021723814e+00,8.839235898510436229e+00
-1.720027465417800272e+00,2.872922091110477361e+00,5.721248395819234389e+00
5.944221933585176920e+00,5.972948980199798363e+00,7.153293458455138421e+00
-2.048771544056042337e+00,-1.266692136481656128e+00,8.798911289351432075e-01
2.068782315697919039e-01,3.141059844511986388e+00,3.569112659852215153e+00
3.451922199744675623e+00,8.059237643330103396e+00,1.286322101372240923e+01
2.071285704227881386e+00,2.866830160001170746e+00,4.071805538950618697e+00
1.624814856592524670e+00,3.914418820448744452e+00,6.027883419937113629e+00
4.393638208508622967e+00,8.325340826535098770e+00,1.312878065003500971e+01
1.989504178725183259e+00,5.712860465653185393e+00,6.587419388724276459e+00
-3.871247727937310756e+00,1.410308633839250092e-01,4.380107571962928326e+00
4.252136645890367106e+00,7.857273207685032013e+00,1.202330260408705698e+01
6.309132311440944108e+00,8.467495864359953828e+00,9.277699917168009236e+00
-2.789273529484737058e+00,1.842375224007123169e+00,4.393810317904693008e+00
7.112431780068344978e+00,8.816141032123994137e+00,9.757598979653943516e+00
3.916877042061244651e+00,5.607523984859142274e+00,1.033116542851010067e+01
3.239706367838989909e+00,5.240227926636634947e+00,8.582701703240690705e+00
-1.824860711873829366e+00,4.381217042253640059e-01,4.926857546701769230e+00
3.569395582951576884e+00,7.851111693531850122e+00,9.359812666813404292e+00
4.657727175649510443e+00,7.067480810826915594e+00,9.645503041803269895e+00
2.797453579293660120e+00,7.664342482835815318e+00,1.248344970117272013e+01
5.902239580807865593e+00,7.185404228917930070e+00,9.183366144083361604e+00
5.744001542669716187e+00,5.997540168519833514e+00,9.212957304380600121e+00
2.419134284890930964e+00,3.836435652486430925e+00,6.763612208945505522e+00
4.887208815128303740e+00,9.003836877517183979e+00,9.249001070659414125e+00
-2.029092726410188341e+00,-1.929748144260567955e-01,7.878221449259370512e-01
7.810266554069447587e+00,9.807461190263586204e+00,1.206364826707715387e+01
1.884970149722128063e+00,6.496923221609693933e+00,7.965572326096514999e+00
1.735837838687902535e+00,2.439108423258247171e+00,3.130854737807216015e+00
3.058470127523893467e-02,3.838973440062424025e+00,6.165706543378395743e+00
1.066007400112978232e-01,4.916634187935721378e+00,7.085252405803865727e+00
5.900064665367774630e+00,1.077395234861295847e+01,1.377560209931140633e+01
1.551842723322566897e+00,5.833849179982740552e+00,9.052292245554141914e+00
6.721496315443816982e+00,8.492351089119360097e+00,8.763302390567950795e+00
1.075937007336780660e+01,1.113745532047361131e+01,1.234700543650349047e+01
5.951308561835705113e+00,8.318983084339077294e+00,1.078604282380363699e+01
2.096812822851857216e+00,5.259160135020302107e+00,6.479230124613406971e+00
3.123218947010796498e+00,6.523562431679914120e+00,1.123903089100164365e+01
3.220781507949079803e-01,4.174553119507066867e+00,8.597965033463474072e+00
3.900402652366111944e+00,6.407732626198960446e+00,9.851675683617022727e+00
4.748811077525108004e-01,3.816963407123832752e+00,7.582741760155373711e+00
3.736583304103438863e+00,4.506734600798372625e+00,6.168998232604463894e+00
7.488046167307752299e+00,9.221294825116693517e+00,9.414729828890157748e+00
3.577792002852439257e+00,5.524327823334631127e+00,5.709384520588258738e+00
6.375420825973173500e+00,8.083294983770249686e+00,8.712174167283244230e+00
4.388403600683847827e+00,4.556431096826821125e+00,7.921112919826977183e+00
1.163559707793481124e+01,1.205656044190176068e+01,1.562311653281187418e+01
5.000792158109954144e+00,8.907078889334117733e+00,1.374348720796744772e+01
1.251645328054505768e+01,1.261377994023371940e+01,1.389397394752412040e+01
5.382423835982072191e+00,8.368395124037194321e+00,8.608286756826766251e+00
4.028368696952357553e+00,6.386341340030599056e+00,1.100481523259716710e+01
2.327173877462532126e+00,7.324354661783896603e+00,1.174267359633734387e+01
4.382190476403267532e+00,8.664963303647290616e+00,1.281462996779739782e+01
5.765786020947534674e+00,1.048527492208377687e+01,1.269300476380627885e+01
4.469911241502674493e+00,8.596810650195640946e+00,1.116225226923473279e+01
7.519243769518327625e+00,1.060109218013279175e+01,1.091965431480170423e+01
7.604932820419529449e+00,8.089521985782395674e+00,9.323472888656606727e+00
5.185593122716682046e+00,9.133442431860142818e+00,1.025903195138840296e+01
1.099962548192903711e+01,1.477043166309045930e+01,1.751566034824256946e+01
4.437074272469944347e+00,9.087512378493098453e+00,1.155513907598480827e+01
5.613996439136908378e+00,7.632651963287261587e+00,7.882579299415402474e+00
1.037817387198213481e+01,1.329833165800137529e+01,1.403117026857101024e+01
-4.952378285165659477e-01,3.074980499789916166e+00,6.182206196618609262e+00
1.203505000399668923e+01,1.623392623502292764e+01,1.692665620171132801e+01
7.669611896359048941e+00,1.110714514431622035e+01,1.424840208031439026e+01
7.879594329703964561e+00,1.206538344080079739e+01,1.389231414293212019e+01
5.691157276385926167e+00,9.580786965765522467e+00,1.395377271666707131e+01
1.292556480265284868e+01,1.415143851744860548e+01,1.427571006491681338e+01
8.204589355112961613e+00,1.027075187299518788e+01,1.316116081662353743e+01
1.201627843561798059e+01,1.342865983906158434e+01,1.411558544680482008e+01
1.447443858395254601e+01,1.539701808368389280e+01,1.881644454083436813e+01
1.509080863322548005e+01,1.609597261668315582e+01,2.001820253232899915e+01
1.253861910205050734e+01,1.470881522190032697e+01,1.946834393841255206e+01
1.044199049176716265e+01,1.253223168654948516e+01,1.573188932166532616e+01
2.075671027736997232e+01,2.081414917204022430e+01,2.206156544215680171e+01
8.494452119605167439e+00,1.193691923273928346e+01,1.638901854137118619e+01
9.932018611825807142e+00,1.441587144531496456e+01,1.566646910705879314e+01
6.047293991819902459e+00,9.043998712045667077e+00,9.300302056651490901e+00
1.023732467418750858e+01,1.345142224164523448e+01,1.378546666386963793e+01
1.181671983338630305e+01,1.348445926541835505e+01,1.824996882220209571e+01
1.258290448839724718e+01,1.409418958188108917e+01,1.858542017729102014e+01
8.615283095400123159e+00,1.345076282635515952e+01,1.815541019610678930e+01
1.500309492428130653e+01,1.579677118505611233e+01,1.868993918595944947e+01
1.752260237212513161e+01,1.936811208538532370e+01,1.958623658994319072e+01
7.408417010984866380e+00,1.011771131440896809e+01,1.403758925735486329e+01
1.720960397748036996e+01,2.172290264171861196e+01,2.441139651260542109e+01
1.408587216542864340e+01,1.755308188110071299e+01,1.835048416418561956e+01
1.635314074759173408e+01,1.714010159171375847e+01,2.099762867165586755e+01
1.300600606533978265e+01,1.415184167427186424e+01,1.719387931959785831e+01
1.518109337853147167e+01,1.874334573724696540e+01,2.154033932864136247e+01
1.118251667162668284e+01,1.615890540434862643e+01,1.952940122498234743e+01
1.617944412122333731e+01,2.026834480026219865e+01,2.077119003124091634e+01
1.827079997015330548e+01,2.092412076340312055e+01,2.555824575873368332e+01
1.311620293502005374e+01,1.664184502451493586e+01,1.880956406823722205e+01
1.297293858246826481e+01,1.533039194571214736e+01,1.721657451138515071e+01
1.535222755092454605e+01,1.566081623880752716e+01,1.755745830765401649e+01
1.360667569909828956e+01,1.772196007133344509e+01,1.965952967559327647e+01
1.687452017573444252e+01,2.106491181714637762e+01,2.204364621028726035e+01
1.821641842153852409e+01,1.843906188362566567e+01,2.057327036611966875e+01
1.186681682506739932e+01,1.394507948345348680e+01,1.788009429961522301e+01
1.014770854256884647e+01,1.447101882977798759e+01,1.470281082570398112e+01
1.596902272948217139e+01,1.930498003354448500e+01,1.933888039280242666e+01
1.804073708950977917e+01,2.139836787361714698e+01,2.496535471447518972e+01
1.553242776754443710e+01,1.788589465670153800e+01,1.838112921133243916e+01
1.352810367656438473e+01,1.587172163319545959e+01,1.904636313360111188e+01
1.907887164992914464e+01,2.304148441019278337e+01,2.687525063018527050e+01
9.868370374926913158e+00,1.407005903104406563e+01,1.536835624708389858e+01
2.080536695850020834e+01,2.397521771728923667e+01,2.541526682002701421e+01
2.297969397798662072e+01,2.457078398264916785e+01,2.712729617297159024e+01
2.351263705259098558e+01,2.462501709233776737e+01,2.681948255545358606e+01
2.132269420520387371e+01,2.303358269328679597e+01,2.371858523107314554e+01
2.224026805387235228e+01,2.333900041649242496e+01,2.666934105109481834e+01
2.343920197937264760e+01,2.436888208629947883e+01,2.631868010338394726e+01
2.007668841148353422e+01,2.363893242758518198e+01,2.552375536228152697e+01
1.760205456815869240e+01,1.860634482020933689e+01,2.139571411019257141e+01
1.900671399760217284e+01,2.241658485314124860e+01,2.588206846479488021e+01
1.529799281809960831e+01,2.009743288262264471e+01,2.016086826973157642e+01
2.041647452033110710e+01,2.486675712528874982e+01,2.669430351521130262e+01
1.818579387321783969e+01,2.237018402021483610e+01,2.703461007081138590e+01
1.705296758119105505e+01,1.961106455805650484e+01,2.337057220966906712e+01
2.332785935161488311e+01,2.699379150227956714e+01,2.819692497065932102e+01
2.982331313631089742e+01,2.996350815690562186e+01,3.466055603914860939e+01
2.008447788898187270e+01,2.115123411970036926e+01,2.225192584194572376e+01
1.676220212085898353e+01,2.096241616916577044e+01,2.576632455208528683e+01
1.665239182826890030e+01,2.025971233057989451e+01,2.126925048995864387e+01
1.692068150608101718e+01,1.887399533143591412e+01,2.316533659844428783e+01
2.366230090841087730e+01,2.564633660490035894e+01,2.971757912051790385e+01
2.093417803007805844e+01,2.544131426074869040e+01,2.582056782883959656e+01
2.207117624555815993e+01,2.209387404410186306e+01,2.293549998102512077e+01
2.539453815609102705e+01,2.591087241446761880e+01,2.815993381886145386e+01
1.748397720177151626e+01,2.158727831962955435e+01,2.329115218949721466e+01
2.649625714224990247e+01,2.734528162478788360e+01,2.877402091511995863e+01
2.729528738458478543e+01,2.903027049216848354e+01,3.113523935344880300e+01
2.552206053054094070e+01,2.705643701698683046e+01,2.890715780729954432e+01
2.479324131303252088e+01,2.656623488161010016e+01,2.700169013647273530e+01
2.122467213362278216e+01,2.511532920138706615e+01,2.562982778269691053e+01
2.726785429370011826e+01,2.807205223656505311e+01,3.125201189554999459e+01
2.901814842227410196e+01,3.219943954168800815e+01,3.599461252183079552e+01
2.314763160658620578e+01,2.680650404789222918e+01,3.162722557185519179e+01
2.212092059515616072e+01,2.455121953621437925e+01,2.916757241895262354e+01
2.161125966524007325e+01,2.492599342432489351e+01,2.776539799322619473e+01
2.615887796612814498e+01,2.654199573676184798e+01,2.753878069634750503e+01
2.586521884293843598e+01,2.934780674512543186e+01,3.329653535525324060e+01
2.813458690739494372e+01,3.082196972839124882e+01,3.267755750892412436e+01
2.312944157340276163e+01,2.774113011856051259e+01,3.253293872290263522e+01
2.771295071204765392e+01,2.823374457609162391e+01,3.186143939883545073e+01
2.241358854713225668e+01,2.642019685735448675e+01,2.767432791231199829e+01
2.593807864541035357e+01,2.831798980624880713e+01,3.220147965113444855e+01
2.294715033958814132e+01,2.737445172571769803e+01,3.203207983938705183e+01
2.785703912723236186e+01,2.807842371253868308e+01,2.835141949758203594e+01
2.484227709710403431e+01,2.564776884428875547e+01,2.726073345636456580e+01
2.397821552762361819e+01,2.638598039431106557e+01,2.751924121312524463e+01
2.699738662357417951e+01,3.069495047889509465e+01,3.487609140429235310e+01
2.064724970351058531e+01,2.401091814031031646e+01,2.488159101654152039e+01
2.801064132173017640e+01,2.902335537681720012e+01,3.130448876095109867e+01
2.771095281912055341e+01,3.031144646850297875e+01,3.181750388371959204e+01
2.449059651857850639e+01,2.658637683562187348e+01,2.944138568922123866e+01
2.338830502793252464e+01,2.524411583220150135e+01,3.007195660936569226e+01
2.008486586413270913e+01,2.476571270225043619e+01,2.654380875731854061e+01
2.491544352422805275e+01,2.872547466023848273e+01,2.989167744516993253e+01
2.806865894018457652e+01,3.179042027270482862e+01,3.539795016207176559e+01
3.035933959848335917e+01,3.144531607534898754e+01,3.519456432921354860e+01
3.604936274767842974e+01,3.613484418428158307e+01,3.964697177695963859e+01
3.061081692677442234e+01,3.123949797557703789e+01,3.318192342188807231e+01
2.551737909490002210e+01,2.640744122549281769e+01,2.727489825076349206e+01
2.376079272661429442e+01,2.610674536138737878e+01,3.079678475216692846e+01
2.683637237947831267e+01,2.955495254425375506e+01,3.089772073170609801e+01
2.097850465210835580e+01,2.539924897136330628e+01,2.725619633447341172e+01
2.518210816157623100e+01,2.542567285083323014e+01,2.912958960603727121e+01
2.634204369620633557e+01,2.719579791302906102e+01,3.105853273274939141e+01
2.573001079935001556e+01,2.956985311198813804e+01,3.227063639244605042e+01
2.467820365262399207e+01,2.751094114432171267e+01,2.904743662578677643e+01
2.972042462124467832e+01,3.004414430284785098e+01,3.044188034336837845e+01
2.706547660289356827e+01,2.838875480196959700e+01,3.010070575902961565e+01
1.958024275780135781e+01,2.435288888520568307e+01,2.931480974822739682e+01
3.284668216764313087e+01,3.323357440747849267e+01,3.444265748491652346e+01
3.266849943024229930e+01,3.273634900606322873e+01,3.580811302889178904e+01
3.107906045319444033e+01,3.464361442788716516e+01,3.583370630453490691e+01
3.113822790954689523e+01,3.184583827068210837e+01,3.204467720523022223e+01
2.622424199292766644e+01,2.965622055711556726e+01,3.193792326319981356e+01
2.474022468145722442e+01,2.880956029609457403e+01,3.228612837046959072e+01
2.930567597999397833e+01,3.281826266920501922e+01,3.541919311976472073e+01
2.569001823600557088e+01,2.939774893650552912e+01,3.260497266817844064e+01
2.967693717732941749e+01,3.119773167180206741e+01,3.603291548322645355e+01
2.467409298819058705e+01,2.776741146964797124e+01,3.238803236588011458e+01
2.600939286124301120e+01,3.081847234133869051e+01,3.252027950531386580e+01
2.724804567017944379e+01,3.171800579090334438e+01,3.396525705455575661e+01
2.646562426358224940e+01,3.093830066586902561e+01,3.413493133936299984e+01
2.765815722237613627e+01,2.904076261558413563e+01,3.349981302754603973e+01
2.464445619167516099e+01,2.859252908515862046e+01,3.005455915338455597e+01
3.073280991344294932e+01,3.209313531584791690e+01,3.635576458872362338e+01
2.787594256052005548e+01,3.062580807729567312e+01,3.235669857013400019e+01
2.755645188559797631e+01,2.924647338323511647e+01,3.286541982017632790e+01
2.813767975654458198e+01,3.218842492429592284e+01,3.523962154204861008e+01
2.467815451379637892e+01,2.633475915300665804e+01,2.853484120744107244e+01
2.315385209835438829e+01,2.497418311753104092e+01,2.804301036876418962e+01
2.954689896279800365e+01,3.424618994712269426e+01,3.741856762262051461e+01
1.951373261337540654e+01,2.411669411402674967e+01,2.898392267527294308e+01
2.929928802998061599e+01,3.256233636263837639e+01,3.496993325050183898e+01
2.707608993574007172e+01,3.189902702903419396e+01,3.581685536241779033e+01
2.701279197264469190e+01,3.178488220783043516e+01,3.478637102059777675e+01
2.629552964844290130e+01,3.042660379351316990e+01,3.125468396571086416e+01
2.828864059350404858e+01,2.966823851911644638e+01,3.423826111323273835e+01
2.646182960524955519e+01,2.789753321426791288e+01,2.968259217927039728e+01
2.831374979598864172e+01,3.181254437078513675e+01,3.388588566596309448e+01
2.290054375804861309e+01,2.745742819372988208e+01,2.850957423572351601e+01
2.078992264178798877e+01,2.371792870556298993e+01,2.576697513377109061e+01
2.439526803140932998e+01,2.687667776483247195e+01,3.044136365512291320e+01
2.438184665703192877e+01,2.685434288708900752e+01,3.074867764734387876e+01
2.952886597625105125e+01,3.015998228200074749e+01,3.160400857311347167e+01
2.475260625938855696e+01,2.912390803213693502e+01,3.037325090976735709e+01
2.252602749608434252e+01,2.266764855799123879e+01,2.493218718689076496e+01
1.972188003574765247e+01,2.140962882633573017e+01,2.326097871768615022e+01
2.714388355066039082e+01,2.892385360632447089e+01,3.016289456377240796e+01
1.971430647501326661e+01,2.361542352146615542e+01,2.386347668693800372e+01
2.640198636306629965e+01,2.893000319790067820e+01,3.151590601757458288e+01
2.479367822549122025e+01,2.504337598786705854e+01,2.507634034090204622e+01
2.091744428323242389e+01,2.349669991520368484e+01,2.755308576934281817e+01
3.265135204101303401e+01,3.357320056598153712e+01,3.375541906445614870e+01
2.448204290937318461e+01,2.617400153318714118e+01,2.815681348879278545e+01
2.777649716025799620e+01,2.965774190387443454e+01,3.443161760214494649e+01
1.958012996974380115e+01,1.998526710980085142e+01,2.206674851664912396e+01
2.621702730061029740e+01,2.757128750585281907e+01,2.988241794484716607e+01
2.128955551324312623e+01,2.299681490007083795e+01,2.357042788846289838e+01
2.702593280722318525e+01,2.881025212711675465e+01,3.291624218628552967e+01
2.174915301559176939e+01,2.413839205944777788e+01,2.828913631794060279e+01
2.051740948992690150e+01,2.254018613803624049e+01,2.335560004457655836e+01
1.849464408592811182e+01,2.228284946699668723e+01,2.632233228338125031e+01
2.416980430672089142e+01,2.761565825476798253e+01,2.963630906703778933e+01
1.715598358125144784e+01,2.086861006586791589e+01,2.390503458161103723e+01
1.890218547611596378e+01,2.291992442183667222e+01,2.576341757383991649e+01
2.392525215603014033e+01,2.833023333053597881e+01,3.000297448615340556e+01
2.303733654992107560e+01,2.667661080337126478e+01,2.863967352555513557e+01
2.589173285805701852e+01,2.860380608154357063e+01,3.081637785907324911e+01
1.961613921004698824e+01,2.410501119170901063e+01,2.865685781658471143e+01
2.700298349329198544e+01,2.919464841388039034e+01,3.144173652443603473e+01
2.033839078908537701e+01,2.305593914767524311e+01,2.381424685739795777e+01
2.226986292934496348e+01,2.669165207829740538e+01,3.033415950762860902e+01
2.001592353325009555e+01,2.220662405380824111e+01,2.250837202997117359e+01
1.860908737649510059e+01,2.063594799944002744e+01,2.077095477863844053e+01
2.235850639589605748e+01,2.296536294226401864e+01,2.733303701067348257e+01
2.250100113323674123e+01,2.417247589312224676e+01,2.893720744171282533e+01
1.713766810359538084e+01,1.808494328773886295e+01,2.081014478749147045e+01
2.053781676841842341e+01,2.396160356345867726e+01,2.794389733082915583e+01
2.078199681845223878e+01,2.127960147408813896e+01,2.437449337748664391e+01
2.269033033793848375e+01,2.459484612522539848e+01,2.502054646297737861e+01
2.037601095556252417e+01,2.193424110061726395e+01,2.551036298077744746e+01
2.238455557595747081e+01,2.414376157357306241e+01,2.550379507471341611e+01
2.034234084156935296e+01,2.363266047555671179e+01,2.809887940339601897e+01
2.141312664833263213e+01,2.248944131670917912e+01,2.629947056700848407e+01
1.652400716632346089e+01,2.132972681865193820e+01,2.143420240646051056e+01
2.340275939733871624e+01,2.500377639062246615e+01,2.997454295255867152e+01
1.657287670437138161e+01,2.117491388547737685e+01,2.366966892473443806e+01
1.457462667608191786e+01,1.808344353204502752e+01,2.014165486313861919e+01
1.542605679439876809e+01,1.717063868337336530e+01,2.162021102063169664e+01
2.050361472364071247e+01,2.262248659241674886e+01,2.640605984199324752e+01
1.765848984746163808e+01,2.156839814488008500e+01,2.645196346955926714e+01
2.169028975006629167e+01,2.420953935557373526e+01,2.505917559502369940e+01
2.167434247961320892e+01,2.473258367372055488e+01,2.495207698416312425e+01
1.889513405242386668e+01,2.127663116657241460e+01,2.558040967627042050e+01
1.364956032881501713e+01,1.756627960616881623e+01,1.789706861869493792e+01
1.855500617307924216e+01,2.117630836994041488e+01,2.136266953077063846e+01
1.856048512921850246e+01,2.249122396690304271e+01,2.716145054572827178e+01
1.365629436164544508e+01,1.498795397657804251e+01,1.859344622275995462e+01
1.564105757965303667e+01,1.780369214717648418e+01,1.933731446077958438e+01
8.188476157836046099e+00,1.020408730640457051e+01,1.040626219327677227e+01
1.927422449589518294e+01,2.007433620955364617e+01,2.118555193457292418e+01
2.141908577568294803e+01,2.288738651831501514e+01,2.422283794564389581e+01
1.841474278196853831e+01,2.028940808819694652e+01,2.432133099981691515e+01
1.071426640897521487e+01,1.280241645455952160e+01,1.427058885564816393e+01
1.039063137097941691e+01,1.436874667359117197e+01,1.896372512974475910e+01
1.604631935244660212e+01,1.774111956373128507e+01,2.186688718435490486e+01
1.423362569986600867e+01,1.906196437990977444e+01,2.075313853788991736e+01
2.075452754777194997e+01,2.127573962800787299e+01,2.338967436253375354e+01
1.705363584602475058e+01,1.777039639614217847e+01,1.881130630651296798e+01
9.097791880438183654e+00,1.233450444272679647e+01,1.482520782324389685e+01
1.182999579487660036e+01,1.540264910814480537e+01,1.747866399699233497e+01
9.880950696938414879e+00,1.488050036294116651e+01,1.782088710294269163e+01
1.485615056022362701e+01,1.646140356878486344e+01,1.753810288406492646e+01
1.620141909650508083e+01,1.770825222773381213e+01,1.891454398150395377e+01
8.399853545425145285e+00,1.087678035207136062e+01,1.507207202689648540e+01
1.433519194051210022e+01,1.638175081747711559e+01,1.798391833082320090e+01
8.096746032710989027e+00,1.055100681598878509e+01,1.242196891516434398e+01
1.485561949012632077e+01,1.507546264619257137e+01,1.677641356032143349e+01
1.762199555054587208e+01,1.926791302647662718e+01,2.280026310875755513e+01
1.392511327731070381e+01,1.479752482379231537e+01,1.514299889944128807e+01
9.421288500596221027e+00,9.661663873618440590e+00,1.022020008798554613e+01
1.644869269824366498e+01,1.656146515736790192e+01,2.041560416148177026e+01
5.973632382025384047e+00,1.074597059029449397e+01,1.146764918185977677e+01
1.704203541444601200e+01,1.753305323652465120e+01,2.060792768162827926e+01
9.442964622705021682e+00,1.114346517854349017e+01,1.416758248003988285e+01
5.753972914499589031e+00,9.370015705475633894e+00,1.411977438023876985e+01
1.364844848815809719e+01,1.810896862821740072e+01,1.864625483469098555e+01
1.238660906402428985e+01,1.262204320705884975e+01,1.293315571659783103e+01
8.124265701950747598e+00,1.145869374724990131e+01,1.369769733315371596e+01
1.156829168204434666e+01,1.279043169318685358e+01,1.479142655049647104e+01
4.114897732379811934e+00,8.085800975699775961e+00,1.083731600131358519e+01
8.789643227079515952e+00,1.256916927105778115e+01,1.705079657402513504e+01
9.769043066051954938e+00,1.303819383336680460e+01,1.395267388524397667e+01
4.379501427032101546e+00,5.363396031912980533e+00,6.665338397904939427e+00
1.413752891371095899e+01,1.455966997101572780e+01,1.892740574104877282e+01
6.964403304298100394e+00,9.131831370427271111e+00,1.048920561998493994e+01
1.059817992541956322e+01,1.060618654447493014e+01,1.558970532390304875e+01
5.228358472267395030e+00,9.370599568730337836e+00,1.432645179625022180e+01
1.320727395463737253e+01,1.412174741129465261e+01,1.423031142208181166e+01
9.026808514949372864e+00,1.090964224771505897e+01,1.223648086354248576e+01
5.401693845663601223e+00,1.035281038117152264e+01,1.055053154319245756e+01
9.460648877688235814e+00,9.993787376165068181e+00,1.034811248272014517e+01
6.507632626849337854e+00,1.071336128651494590e+01,1.283225351087543942e+01
9.602598846193785675e+00,1.209573987333623180e+01,1.341783674940647586e+01
1.107272190530757427e+01,1.176537858756447719e+01,1.523396104461026468e+01
4.874595488131459931e+00,9.500596975304787861e+00,1.364935441487831369e+01
7.521044312132183052e+00,1.120837229531974444e+01,1.311012984676347415e+01
5.271361373249123794e+00,9.913748113526338557e+00,1.454509943422081264e+01
-9.898965586127195238e-01,2.272149756131602416e+00,4.273158701142245164e+00
-1.917956497529997861e-01,3.394806063563496679e+00,6.192084464767884100e+00
9.632270689091264160e+00,1.136754885270725701e+01,1.412271383615682652e+01
7.603888381401176844e+00,8.604973943178984896e+00,1.194568916297215111e+01
3.000893582462913933e+00,7.546537360713482911e+00,1.019822279542633581e+01
4.141880557790011963e+00,5.750940565940099169e+00,1.056552939639321487e+01
6.969146623657493933e+00,1.015567869178208582e+01,1.275828050125175039e+01
4.646967719743285485e+00,6.675411245981919706e+00,9.414365409107826821e+00
-1.733754403380372455e+00,7.457717135885557624e-01,4.824013248809327692e+00
-3.454371899485271236e+00,1.030121670183229199e+00,4.957658046044576494e+00
6.373342659775891761e+00,8.008024706893088762e+00,1.105833652917518073e+01
-1.436773489149469896e-01,4.488658477506426436e+00,9.165296582754168142e+00
-1.138223548812671293e+00,3.407509740556897260e+00,4.956496070151890976e+00
3.342192792231227561e+00,6.581387986009883839e+00,9.357093572704100026e+00
5.577621865789296862e+00,7.927307419409530098e+00,1.288598579536779098e+01
8.540266544352405731e+00,1.027455829265724496e+01,1.142452077091288842e+01
3.754171084216941345e+00,6.550291085235230071e+00,6.974254835643453276e+00
4.886910046974385580e+00,8.558974154453927952e+00,8.570272435286645063e+00
1.025164412178112716e+00,1.904935889667789262e+00,6.823302124810556535e+00
9.247346610352000340e+00,9.952548530515727521e+00,1.013340844423634479e+01
-1.418207563533584459e+00,-2.626361596231578943e-01,1.017963622124530954e+00
6.663115890531305041e+00,7.129568539812279226e+00,8.517571133411326656e+00
1.385733228886041335e+00,3.828108513490073861e+00,5.938849457833607737e+00
4.565244830641889351e+00,4.969317461623936616e+00,6.572375632315448968e+00
8.579637790512002482e-01,4.278133197760737083e+00,6.413010175375639221e+00
2.829200089934615026e+00,4.290931600023842662e+00,4.962700344012759501e+00
2.758973255680817527e+00,4.609880286570794183e+00,8.496492082071220864e+00
8.354585775533065473e+00,1.041124676974512475e+01,1.285998659762896423e+01
4.890859619915496559e+00,8.620877470374610496e+00,9.332646093838508961e+00
2.650344538354858948e+00,7.075282247930937629e+00,1.146056932073025614e+01
2.185953342808559352e+00,4.238755546396361318e+00,7.813951003513130544e+00
3.555586355061305603e+00,6.020316754848512808e+00,6.448205312353623597e+00
2.363281538427304262e+00,2.986023841647246435e+00,3.221426943635803397e+00
5.819917151594119709e+00,6.015822361498640802e+00,1.085590583282960964e+01
3.864767502366956542e+00,4.616827805284406949e+00,5.352355769022915766e+00
2.610496152296523320e+00,6.337003099227741743e+00,9.359997421252852945e+00
-8.854713851904731925e-01,3.417584016137753089e+00,7.088564383342438546e+00
4.222021477000069467e+00,7.703393639054322506e+00,1.084682591121774564e+01
4.100976358827871593e+00,4.863743601576181241e+00,8.470441796013512104e+00
9.621041808298969045e-01,4.097997130181947334e+00,6.910707770386395055e+00
3.176042043895079381e+00,6.913028741953862522e+00,7.538919033612904386e+00
5.717587625561812992e+00,9.428632372255858485e+00,1.380050528773752916e+01
3.714132531437479123e+00,4.619782457121705654e+00,8.117520072468616732e+00
-4.756681939395885905e-01,3.982836382341867321e+00,4.607251026637621649e+00
2.171276507562574842e+00,5.752489740100394044e+00,9.005331852715006136e+00
2.002190804734521379e+00,3.104010560059394130e+00,4.574418056827189716e+00
-3.675960418952893605e+00,1.183602095601026249e+00,3.085889333536024903e+00
-2.347181206517552354e+00,2.469970058426394388e+00,4.036762766604875097e+00
7.872918107079393657e+00,8.316446817664617797e+00,1.236420577822758204e+01
-1.417142803762251546e+00,2.962758543473057671e+00,4.033276255248358311e+00
3.050657715909778300e+00,5.190481353800876718e+00,6.856387496173039331e+00
-5.055564095519812007e+00,-5.289858295682217104e-01,9.131332373147857950e-01
-2.319706566123408198e+00,1.128517997018827490e+00,4.414578587670717980e+00
6.063881180019002670e+00,7.652180622152556566e+00,9.579174906905381093e+00
4.041683188715230912e+00,5.813144880786111912e+00,7.515564014657227787e+00
3.106045355914232253e+00,4.922447618491389676e+00,6.410465332433922470e+00
-2.910944332232955567e+00,6.412506942541678079e-01,2.971165138426291374e+00
4.500387386837322090e+00,5.075733569234679443e+00,9.419647735585854775e+00
2.383930549521373621e+00,4.923255775096508913e+00,6.061090184447408546e+00
3.664971586034404538e-03,4.712694514308126692e+00,5.198055303846650155e+00
1.026531467692007205e+00,2.320685772703939165e+00,4.036356429402053081e+00
4.739650525298396033e+00,6.867588898376375539e+00,1.048765550934177959e+01
-2.232743130505760121e+00,2.384038796324020382e+00,4.502261485291491283e+00
2.779035587833982746e+00,4.029560580853285501e+00,6.167756890980693463e+00
-3.135450904415990170e+00,-1.322987337010887110e+00,2.391885619331251434e+00
3.822899982821892806e+00,4.715333330403368883e+00,8.833222153353126771e+00
-3.439573524302588226e+00,1.446025975341902026e+00,3.602288070253861996e+00
1.613024521696375224e+00,5.549493796458222050e+00,9.891247620309734145e+00
4.159892939777892096e+00,5.198598656723292244e+00,7.002445948572091794e+00
2.532298534845248916e+00,5.144016220801390205e+00,6.145433097907022635e+00
1.311912479499369955e+00,1.697900114815259265e+00,5.373016797089149144e+00
6.924248993317250189e-01,8.743304690013209424e-01,2.807418116623177973e+00
2.817794414813619142e-01,5.169051980329232521e+00,6.851555133983409540e+00
1.104803694745165599e-01,2.775555117413297523e-01,4.110575277428269558e+00
9.226154418295381632e+00,9.248494101912706711e+00,1.010301161688137483e+01
6.448860904690382867e+00,6.470332490465100506e+00,7.362320758100683094e+00
3.400083832874495116e+00,8.244509330272872916e+00,9.410907730768737878e+00
6.608370730448259067e+00,8.691521700235011139e+00,1.188234659242502644e+01
4.182798928837065944e+00,6.901126340744319521e+00,7.698465147843340795e+00
5.279934640756013486e+00,5.779425497819542734e+00,7.904203201292960834e+00
3.592981155847390529e+00,5.793049605531770396e+00,6.274325860607850913e+00
8.936101829955859444e+00,1.006137543121642963e+01,1.226004434133016652e+01
-8.942744552445613948e-02,4.672560313833864498e+00,5.119942929019683397e+00
1.887246075432875259e+00,6.037157001259489952e+00,1.035203168187580758e+01
9.597337105725607387e-01,3.690965910283273033e+00,7.415984351161311494e+00
8.865819700199155662e-01,4.842737128313087780e+00,8.877266941589061489e+00
3.994801904189609232e+00,5.480697607439317665e+00,8.973644923887633240e+00
6.295172313180544599e+00,6.424062807635572803e+00,8.259708658744015608e+00
1.914140861618504275e+00,6.641403869575300156e+00,1.029899093612596772e+01
6.551903221545170908e+00,7.518658603691193321e+00,1.159716199616301857e+01
5.464195826433337899e+00,8.233467877853307471e+00,1.179335466091020912e+01
4.185651434584908515e+00,7.935646709336541704e+00,8.236731811752887822e+00
1.096734196882802870e+01,1.213415762428596523e+01,1.595460728935506900e+01
7.366885104163359621e+00,7.629499789552705025e+00,9.384250502632305313e+00
7.857664584339161706e+00,8.109667903545970447e+00,9.091748506346180037e+00
1.004621312507338970e+01,1.011959874210842969e+01,1.025382807572257349e+01
4.045142609237890596e-01,4.754775358645043859e+00,6.711633281631740999e+00
6.806037830352310358e+00,7.727165602957093427e+00,1.051026633543318134e+01
6.779507375805220448e+00,9.660841796410631233e+00,1.167714081958194150e+01
8.065522722165079372e+00,1.006066707142664818e+01,1.132833568719515505e+01
5.631534657246184850e+00,7.558615148351885082e+00,1.141737394445214093e+01
8.414568255054431845e+00,9.802652059612004365e+00,1.024385812937849849e+01
4.837275485205113412e+00,5.159631116477387813e+00,6.981854284783802100e+00
8.547203249034510009e+00,1.256312551843524616e+01,1.434210256628345981e+01
1.038730469149990476e+01,1.101777645034837150e+01,1.409657711282374137e+01
6.848687685420526527e+00,9.688655413169051656e+00,1.264565339031720015e+01
8.202282109843290314e+00,1.070558950359011696e+01,1.549570796942382422e+01
3.722728588459797372e+00,8.002712861791458465e+00,9.706403421441523349e+00
1.159588699220507024e+01,1.420781632841093511e+01,1.682774855108691980e+01
1.200670865155773548e+01,1.569281919946916304e+01,1.745966727755269687e+01
2.271940723801804562e+00,5.926259498363755540e+00,7.815318031398497567e+00
8.242899986182919747e+00,1.277441189180474268e+01,1.409576451712472256e+01
1.168831320296359877e+01,1.322688215980326909e+01,1.520666857824372364e+01
1.090388605729044613e+01,1.261072173254025941e+01,1.739476207831815202e+01
5.724323181575549313e+00,8.645839392291755132e+00,1.000475449038420805e+01
8.084701298443004447e+00,9.926748722130657399e+00,1.218583541363258149e+01
1.716115653589128875e+00,5.103156237386233585e+00,7.194630914218906881e+00
4.989657961791754914e+00,8.639735931955504711e+00,1.284022445001475710e+01
1.657666643167998544e+01,1.778777175563189772e+01,2.165336200275482881e+01
5.947557027600844037e+00,8.121529222969726902e+00,9.500267795316947428e+00
1.327079686279871495e+01,1.632550740055712524e+01,2.115423660722396804e+01
9.949620152581317711e+00,1.409012557833831281e+01,1.484414319717119923e+01
1.074083872410366425e+01,1.199296940185496929e+01,1.605657182380361903e+01
9.084934419509227865e+00,1.290650038654566600e+01,1.588223108415062335e+01
1.498529319123428216e+01,1.679788519166927330e+01,2.039299284185940309e+01
8.290758635887637951e+00,1.003595542146455522e+01,1.403448193818647027e+01
8.498966907573013430e+00,1.254625915083796706e+01,1.549232969175440111e+01
1.381467004225689976e+01,1.612349503041172127e+01,1.830162433989912074e+01
1.176907647469372797e+01,1.273504204384870775e+01,1.388461736308462235e+01
1.710367367971434760e+01,1.950370046490990106e+01,2.025248996438423887e+01
1.161370548211442255e+01,1.627187517744264866e+01,1.725212819598694480e+01
7.381540846513633625e+00,1.233830648328133606e+01,1.579497669311485808e+01
1.341326559024960474e+01,1.675297129462495604e+01,1.713042599335102523e+01
1.104101485526381765e+01,1.439620237820619408e+01,1.664346950051516671e+01
7.064587768639556842e+00,1.147423801766533558e+01,1.267890840817201159e+01
1.755927454192440251e+01,1.946727751774563586e+01,2.278398048776744389e+01
6.338286035594675738e+00,1.129705460350213642e+01,1.604593266786755024e+01
1.850951392626558700e+01,1.934610021767702293e+01,2.150682877514882918e+01
1.353526234407198103e+01,1.545166845024876778e+01,1.745429567768885093e+01
1.817437913584719666e+01,2.147281195066894099e+01,2.331087432115159430e+01
1.486238784067034047e+01,1.796329761734400776e+01,1.873412230460021988e+01
1.413926784234924305e+01,1.833586030243286658e+01,1.894407497756283831e+01
