tmin,tmean,tmax
-2.766244578886687844e+00,1.925869771232842975e+00,5.313066563864444092e+00
-3.600594108355982925e+00,-1.461246214968191515e+00,2.499326033222881271e+00
-1.104225001731580491e+01,-7.790732316854043660e+00,-3.158900031950127918e+00
-4.801674322144959817e+00,-9.466771645116016654e-01,5.566054555414630123e-01
-4.230087293958764150e+00,-3.085244350210560871e+00,-3.024663113788840008e+00
-3.341277800194554892e+00,9.368444059346223707e-01,2.951694635698618896e+00
-3.634368355197695966e+00,5.301002996816195356e-01,4.960224493094747444e+00
-2.829835553525317238e-01,1.751012556711557089e+00,5.693144193878735493e+00
-6.103106622532516568e+00,-2.719151281028461042e+00,7.784338365790346437e-01
-5.156314447662317058e+00,-2.437727705411008916e+00,7.043876474637986718e-01
-4.213334094442238609e+00,-3.281191013929416478e+00,2.336430103334485864e-02
1.233777852492198512e+00,3.515753186596430879e+00,5.254498881267842592e+00
-7.673978434777641411e+00,-5.560561673965657370e+00,-3.004513597216994292e+00
-4.800409323582607080e+00,-9.126096524825910716e-02,2.721919946662476164e+00
-2.848925231846672013e+00,7.907943222212948653e-01,2.193832909083806459e+00
-3.857555968796787305e+00,-1.991432653897920790e+00,-1.725251564098373214e+00
2.021392222297846430e-02,2.550037972038082135e+00,6.205467967659696882e+00
-5.145631147145570239e+00,-2.860738876894690641e+00,-9.594001889885284129e-02
1.729763353697186812e-01,6.592001404545242416e-01,8.141797869325193560e-01
-3.448164061856942464e+00,-9.591313400948662249e-01,-4.169208544993766585e-01
2.548293546145441901e+00,6.651491501099572545e+00,8.043726300032002285e+00
-2.151586669384798700e+00,3.435841005405113613e-01,5.289537148735252714e+00
-5.737022483441474918e+00,-3.514309878683769206e+00,-1.140399038973633150e+00
5.392673111805000197e+00,9.505902147354632348e+00,1.080957907585065669e+01
8.027200787987782693e-01,1.429592200979276750e+00,1.557111903749012871e+00
-1.718464865187966595e+00,2.297005549482811659e+00,6.879132240176456747e+00
-2.987678428221203220e+00,-4.840475078330204184e-01,2.412460219124901606e+00
5.305589616184531732e-01,1.808691903106331544e+00,4.778481025613822375e+00
3.376099211260834565e-01,2.818345930853179748e+00,6.614499046757943646e+00
3.322577001366940230e+00,7.586957244711303616e+00,1.041271619079061495e+01
-3.414271835782976439e+00,1.249617706464830391e+00,5.843413185829350986e+00
6.265891560138534544e+00,7.334263319694854566e+00,9.531686994454780404e+00
3.357498633847120217e+00,3.953354526454271767e+00,6.410745048327070705e+00
6.380684979752269115e-01,5.240941434749546879e+00,6.516927860880935341e+00
4.334629145602796996e+00,6.437251120671809268e+00,1.120379411778685608e+01
2.493163580198417328e+00,7.190765742408728123e+00,1.201694450539546821e+01
8.333150014464507649e+00,9.549276417781474180e+00,1.427921366466847175e+01
5.564601249352783441e+00,6.611502863239662631e+00,1.010802266863041687e+01
6.201368952285028158e+00,9.160511392099309091e+00,1.402447437248634898e+01
-5.277623213179580830e-01,2.986559967077943689e+00,5.787098612652920693e+00
-3.228763990586813293e+00,1.599120424958034192e+00,3.272746851388514955e+00
4.338038304250741106e+00,6.229271792295225652e+00,8.651167395091814427e+00
3.916522135193129639e+00,7.138377487857514581e+00,8.620043532863292057e+00
1.874095718758391982e+00,3.933368941337342051e+00,4.502564858123611735e+00
8.265658505258912214e+00,9.572037198344126807e+00,1.425083059757653459e+01
7.509724661201918394e+00,8.683720738409535400e+00,9.105930529287810771e+00
4.117508476836704290e-01,4.665524751017819938e+00,6.859676018349689208e+00
1.162864093485801043e+01,1.198186572686901563e+01,1.302591566788202471e+01
2.724374614379105886e+00,7.019293237268697361e+00,1.103766355691400847e+01
1.044790000323428814e+01,1.103026171413652357e+01,1.215296302682808971e+01
1.299118449747013671e+01,1.414745512386364545e+01,1.505333994148353760e+01
9.191056212183193352e+00,9.279582839104316250e+00,1.011350858671765174e+01
8.551803368304835118e+00,1.348212110043565559e+01,1.713876533965893856e+01
1.310103211809168400e+01,1.377046539277908543e+01,1.580541542676335354e+01
7.568846452755046528e+00,1.069025638417267565e+01,1.456267195477570553e+01
1.207697438870863138e+01,1.643970163199178458e+01,2.050980835814963754e+01
8.885173798833665870e+00,1.355506599367371479e+01,1.492544207038383064e+01
1.588182134634083909e+01,1.843105990855779197e+01,1.922845134663132427e+01
1.113953451383789073e+01,1.130762320816271327e+01,1.539796065512376444e+01
8.607819744300012843e+00,1.172040688582046464e+01,1.522034938572658902e+01
6.126751064038341354e+00,1.082526256764045058e+01,1.425372115214432966e+01
1.204144918947345211e+01,1.304643485058187125e+01,1.531949913490503334e+01
1.003010264628266768e+01,1.409925272897416448e+01,1.462244993473133370e+01
5.796950857974449534e+00,9.334822718608840830e+00,1.105597192482085234e+01
7.295312512992475185e+00,1.223415564176907466e+01,1.225536460492638469e+01
1.149409588059884868e+01,1.265643908945791374e+01,1.418142837053499683e+01
8.992368445532902044e+00,1.098205917163784129e+01,1.119369656017021697e+01
5.245502799455898923e+00,7.573263860699549710e+00,7.666479919893882666e+00
1.212121484594194598e+01,1.633111826223139929e+01,1.687939527038319554e+01
1.513546347764081546e+01,1.537484242279942848e+01,1.622189152006635382e+01
1.374096470564528083e+01,1.574475057250474563e+01,1.590987447094187424e+01
6.228420604059387244e+00,6.715291777310566701e+00,8.653741778918430327e+00
1.285933279848319977e+01,1.538590643244972078e+01,1.902088735454434953e+01
1.142912061779233035e+01,1.496113628349345959e+01,1.797703540358163110e+01
1.059978082697704238e+01,1.401182752327924774e+01,1.445709587258490991e+01
1.552422127657706596e+01,1.855239633149214029e+01,1.970543210430168202e+01
1.212061552009848597e+01,1.589575817068982566e+01,1.804318166886769603e+01
1.301479683515045238e+01,1.718774048976037250e+01,1.973628577346147495e+01
6.541843705618819449e+00,1.019839084244821947e+01,1.368331679712175841e+01
1.035186119779127800e+01,1.309083253497108856e+01,1.798989017487505038e+01
1.191790045408208698e+01,1.231596953976843345e+01,1.656331995364401877e+01
1.452423259387913212e+01,1.947619670505516609e+01,2.310669116671762069e+01
1.029773427817819531e+01,1.273431039123826558e+01,1.633136505519748383e+01
8.410152607317122886e+00,1.010208627578616003e+01,1.245650252953976356e+01
1.200990370319980727e+01,1.332507169147782555e+01,1.525642718237967443e+01
7.987341675094633331e+00,1.287784424188594024e+01,1.442219145015032922e+01
1.224405445662198488e+01,1.522412474195227716e+01,1.940849266217562530e+01
9.528273258647260491e+00,1.223345952210348919e+01,1.602689414736337525e+01
1.029531593872378181e+01,1.457169897712805096e+01,1.753315943184311010e+01
1.233409292484932607e+01,1.539817531314606924e+01,1.704182398640965701e+01
1.183042145771374365e+01,1.368586525053139269e+01,1.794237598467054440e+01
1.230161524335091627e+01,1.281175492576436348e+01,1.339631037180027384e+01
7.505171912684279967e+00,1.219145029694736770e+01,1.699710287858849611e+01
1.639635601041185353e+01,1.869547281561812824e+01,2.268611996158271182e+01
1.014479328487763254e+01,1.087800870767192585e+01,1.386808805326065297e+01
1.151023403216913188e+01,1.232949279966111256e+01,1.345358208941346589e+01
1.549399935457194744e+01,1.809011341221347635e+01,2.299633060499967385e+01
1.228319777810182245e+01,1.251515912910543449e+01,1.591449634263249280e+01
1.397208317559360857e+01,1.454445750940269910e+01,1.850867461822604909e+01
1.461084973663265529e+01,1.629104841897334666e+01,2.036136362898341545e+01
1.518081292150105810e+01,1.534289814212635505e+01,1.973674097843865738e+01
8.306396351014898372e+00,1.012307723878084786e+01,1.151302204007398977e+01
1.271993827702893576e+01,1.330719994224165070e+01,1.429151052514450626e+01
8.708157828725521910e+00,1.165073146612409438e+01,1.313418933027743485e+01
1.471425235676924537e+01,1.474861524096600007e+01,1.722889475775176038e+01
6.341578010203469340e+00,6.587463560560980369e+00,8.151685008216340123e+00
1.220920885104516884e+01,1.295737232749668344e+01,1.484273177293670365e+01
1.116746498708480217e+01,1.370827558228019427e+01,1.460243787239948254e+01
1.349433806171306394e+01,1.531265919355166005e+01,1.599417567146849350e+01
1.091542944840279361e+00,5.929324692104636085e+00,7.289965359441923809e+00
6.020650401535489138e+00,1.083302817382107364e+01,1.084615868913391701e+01
1.022162701191846779e+01,1.376579708050538819e+01,1.727135947750081257e+01
1.202084559321151325e+01,1.413458985937852930e+01,1.888474850698880658e+01
9.463168981627381626e+00,1.011842667327778500e+01,1.413302544417415696e+01
8.245311133194027420e+00,9.350906224382391940e+00,1.276582054575602676e+01
1.245361943980854313e+01,1.465952041481492785e+01,1.923309458354854229e+01
1.357129056557183233e+01,1.542617601344989353e+01,1.922853083543172303e+01
8.863145051441723155e+00,1.264958588617145629e+01,1.300788370538279182e+01
1.226729997589873378e+01,1.502859005942986315e+01,1.933659631583986993e+01
4.805674514268470254e+00,8.235305927984146734e+00,1.097313188535363082e+01
8.879695209389279142e+00,1.382308976557361113e+01,1.720571989785571532e+01
1.211576147725986630e+01,1.359845537908065261e+01,1.545983649820285599e+01
9.892710800421102846e+00,1.447321054982202071e+01,1.867550384495406135e+01
1.049598006655632432e+01,1.180196899746720973e+01,1.588596614665076601e+01
6.253061235219331770e+00,8.796735949321146109e+00,1.285025519371090397e+01
6.710183401956531846e+00,1.108891938395784216e+01,1.327401333201733635e+01
7.988384897764062131e+00,1.283118778095188617e+01,1.343416657781483181e+01
5.999694884920952376e+00,1.027960152390212123e+01,1.386235671637221856e+01
6.212867344097879219e+00,1.052943916565221905e+01,1.492486646321651378e+01
9.883771811540217556e+00,1.178516163050703724e+01,1.587512914461409963e+01
1.118897815923286743e+01,1.205645722131853148e+01,1.348018046326158981e+01
7.090749834062958001e+00,9.463465691033812632e+00,9.587711227211787701e+00
1.495897783912738888e+01,1.577380385686025477e+01,1.999131006845425418e+01
6.938515402486724604e+00,1.157179555622064626e+01,1.510555696162851547e+01
8.183839228893447171e+00,9.404729540006730559e+00,1.403588252083704901e+01
3.920667268602356703e+00,7.314598693337170054e+00,1.100565691704037619e+01
2.539437160886394373e+00,7.445759460654635120e+00,8.670409140660117586e+00
7.034398866389550697e+00,7.752323484894795946e+00,8.744978760607374113e+00
9.971991498072222626e+00,1.298125596306279306e+01,1.376145532767369239e+01
-1.193107118452465976e+00,3.679354301617659750e+00,5.414283435285700108e+00
3.338938236805071291e+00,7.374403131497434316e+00,9.380348494758068867e+00
3.702766680285551448e+00,6.712424176382054242e+00,1.164827736244824052e+01
6.488567157898061488e+00,8.954761631954966106e+00,9.044148365602998396e+00
4.117111586895926933e+00,5.910782384224202879e+00,9.067753034444653082e+00
4.455648850640664627e+00,7.130583674316989473e+00,1.058440815072230023e+01
4.123096252859443922e+00,4.730208811126288992e+00,9.151996899529978080e+00
9.070719527903580826e+00,9.234796722094646526e+00,1.324908974546297635e+01
2.943411314730302486e+00,7.719896274385731338e+00,1.092590675517212340e+01
9.387385977236085921e+00,1.023705225193206303e+01,1.441921786778264547e+01
7.788508597217402851e+00,7.891876594286616253e+00,9.627560470942668758e+00
9.493194629349298808e+00,9.997918616693624472e+00,1.018839420928124362e+01
3.467725715868800407e+00,7.968828719625991042e+00,9.550092927843138568e+00
-8.650408609075664890e-01,1.083564399768084385e-01,1.860729217611282849e+00
-9.747338177822104655e-01,3.794375057695948072e+00,5.341501132410299668e+00
5.485558795899274642e-01,4.776737870508990902e+00,7.467816852895272639e+00
-1.806501434113253701e+00,3.036133381488376415e+00,6.756094750079800093e+00
1.287099380038078777e+00,4.174449894233996261e+00,4.860666898965429361e+00
1.832874702136209955e+00,5.785659578471419096e+00,9.616451035430742422e+00
2.448462420889286673e+00,6.131502908176967637e+00,8.617793783794869711e+00
4.767783663995381005e+00,7.414606374840728265e+00,1.043351456878361283e+01
7.343188567026120772e+00,7.660676467661040157e+00,9.836521019433742907e+00
5.296431788658042095e+00,7.696997662438913146e+00,9.612299099789131773e+00
1.654864979071486442e-01,1.533161169938312529e+00,4.493230759132655017e+00
-2.423798212920917905e-01,4.597438401288984622e+00,6.023547488623977486e+00
3.354480644517568777e+00,4.940099902492252504e+00,9.278871403807539053e+00
7.675539544160941974e-01,1.289775134369640641e+00,4.837046543407288013e+00
-2.437887921763848276e+00,5.654337680462254712e-01,4.377234928408457293e+00
4.421251715034877350e-01,2.379033250461947357e+00,5.236955184214229675e+00
-3.484105265137816598e+00,2.280435703813279980e-01,3.306209802642659845e+00
-2.991450230478934547e+00,1.825602813324399332e+00,2.382784212079080088e+00
-4.365589479034667875e+00,-3.389849398647354572e+00,-6.955919103573018347e-01
-4.302662274338621140e-01,9.508592301137863689e-02,9.054941913414537025e-01
-2.413738717695516289e+00,2.035188328444929251e+00,5.387065942625771875e+00
-1.948220772194488859e+00,6.366908127599026912e-01,3.134537358957406372e+00
-2.530786567344406102e+00,3.810141659787846802e-01,9.048972640884861418e-01
1.569269826399552148e+00,1.667172708828428496e+00,6.006893872182280880e+00
-8.452435708710982709e+00,-3.728917560526737951e+00,1.177091050158615815e+00
-4.447274734364485838e+00,-3.121218141717117422e+00,-3.091974355513620765e+00
-4.119259365021325614e+00,-3.052739482596796616e+00,-1.602676612197840189e+00
-1.162181032067291042e+01,-7.846142386898321774e+00,-4.275631490458047246e+00
-6.863348778946045670e+00,-6.514580643211578703e+00,-1.858374483723030934e+00
-1.210784374142452435e+01,-9.013240380186903877e+00,-6.844455214584522551e+00
-7.869585815158339770e+00,-7.085919704386183682e+00,-5.647394961342032893e+00
-9.203477618993897380e+00,-4.802124609790677567e+00,-3.749548305279722271e+00
-7.847218377399289402e+00,-3.409123228418707185e+00,1.403728857682351894e+00
-8.052498483533131690e+00,-5.899349562825668691e+00,-4.722023287845517281e+00
-1.142642181332782947e+01,-7.961953044267175983e+00,-3.612149993602073117e+00
-1.226656813754870967e+01,-8.925289553868291037e+00,-7.364952748528341253e+00
-1.007807612842694489e+01,-5.357312584384048115e+00,-1.717099439623594570e+00
-1.415809424638744485e+00,-1.346715146119003670e+00,5.460649920230469245e-01
-7.036230261343549230e+00,-5.537274975355632733e+00,-8.060078696317880542e-01
-5.618741465210158381e+00,-4.098445242346645756e+00,-2.598832763137866486e+00
-1.641905557275168448e+01,-1.371490248627431896e+01,-1.351020690398834923e+01
-4.852650564730728533e+00,-2.219108183063680073e+00,2.300466679744297416e+00
-5.039180823839620516e+00,-3.976348688443130719e+00,-3.104374030286057184e+00
-9.056529651943703740e+00,-5.605139822529537241e+00,-4.616465409410353438e+00
-1.206100849314034562e+01,-7.809983468834206022e+00,-6.944778023041790149e+00
-1.163110184166506400e+01,-6.912293312019884617e+00,-5.067978811185370525e+00
-1.053295095590888941e+01,-1.015539156395722564e+01,-9.176960195790895725e+00
-1.421358496228525681e+01,-1.109743967129078612e+01,-1.057537981982370745e+01
-1.079841554601570408e+01,-6.866610523594104620e+00,-5.343808268931475425e+00
-1.342371994165197790e+01,-1.200058850601549487e+01,-1.137771848861658341e+01
-1.487636378153688632e+01,-1.006084968458839057e+01,-7.146007309550107323e+00
-1.075988465415285233e+01,-7.208925019722024707e+00,-4.530382850413537277e+00
-1.915145697044498618e+01,-1.498651770987672727e+01,-1.057575105331606835e+01
-1.802402587155219749e+01,-1.363076760838644397e+01,-1.027355989163928562e+01
-1.024018360319024623e+01,-6.756956370293803360e+00,-5.493769510567846126e+00
-1.351543693059763207e+01,-1.038338353570348183e+01,-9.448916515761768053e+00
-1.199147983504362358e+01,-9.026621218593437135e+00,-6.478942529289482444e+00
-8.910100289686566200e+00,-6.434477896591611845e+00,-3.116539860876782253e+00
-1.039002269450432614e+01,-9.715031029605269097e+00,-5.586393614603315960e+00
-6.909682346769219663e+00,-5.704687999610966287e+00,-3.265767207853766951e+00
-1.738690207173949531e+01,-1.637306223482761069e+01,-1.523864196281674488e+01
-1.460959496166633187e+01,-1.420824763227000709e+01,-1.163430522123526956e+01
-1.248560780384334556e+01,-1.024421038642114468e+01,-5.584934058033956816e+00
-1.347206028263312483e+01,-1.222110710639270081e+01,-1.153349110784583686e+01
-1.598092043301570975e+01,-1.488071802999899518e+01,-1.288087518679994581e+01
-1.783903970905988956e+01,-1.686200088846019796e+01,-1.558104224445015973e+01
-1.159159873968498644e+01,-1.073406699346013937e+01,-7.195784313008563693e+00
-2.151996497276291720e+01,-1.719870620934129946e+01,-1.598037051027395528e+01
-2.090019953961461141e+01,-1.635562447228526395e+01,-1.301353433433344087e+01
-1.889465253376274134e+01,-1.391484644665961312e+01,-1.339080968232542190e+01
-1.431930781456052948e+01,-1.365431306780775422e+01,-1.283998938211925811e+01
-1.968001421995361611e+01,-1.759329083936422222e+01,-1.483695618351143430e+01
-1.635826434220035708e+01,-1.603935978913474614e+01,-1.123457526430045839e+01
-2.239498849010851345e+01,-1.889618082883192329e+01,-1.475112248075993371e+01
-1.625106171098499885e+01,-1.380443436894645615e+01,-1.059701602669043119e+01
-2.039070757879104789e+01,-1.958495794843131677e+01,-1.562624411383353262e+01
-1.099188363764990584e+01,-1.049748159369309519e+01,-8.774059061352568634e+00
-2.132980872614579226e+01,-1.687647815320524813e+01,-1.623815327074819237e+01
-2.553814262526837098e+01,-2.063190066463248229e+01,-1.895924133342590423e+01
-1.554659390121151574e+01,-1.471893157550917053e+01,-1.205083682493557262e+01
-2.459680241403967926e+01,-2.144837157944602524e+01,-2.075995203837529601e+01
-1.812943374411112529e+01,-1.455728945815775965e+01,-1.293721467879786502e+01
-2.039483204591949317e+01,-2.021377796213992184e+01,-1.719702360112805550e+01
-1.573803869312309445e+01,-1.453267004326256284e+01,-1.403365523636283108e+01
-1.814361532170619640e+01,-1.452532584672069227e+01,-1.267227765442596699e+01
-2.442740756602634988e+01,-2.224130999342802184e+01,-1.777671784429404056e+01
-2.439929956815836931e+01,-2.138167235224110385e+01,-2.117559715714883950e+01
-2.179000058516919580e+01,-2.049313674538030838e+01,-1.583420286396565935e+01
-1.907593853002191508e+01,-1.796136084245206987e+01,-1.758420607178310036e+01
-2.297290845953819272e+01,-1.910015565559182704e+01,-1.871687178159197629e+01
-2.067371164436237052e+01,-1.984895803398756797e+01,-1.699996666730418937e+01
-2.643031118420908854e+01,-2.542688348393511433e+01,-2.381302107729320028e+01
-2.158420346169988591e+01,-1.970393192028618401e+01,-1.815223109169415849e+01
-1.955698814875011848e+01,-1.668593722915439770e+01,-1.350099292908005566e+01
-1.793942985582392424e+01,-1.387684635325151206e+01,-1.006875901050643307e+01
-2.837987210057323750e+01,-2.398772306042840441e+01,-1.976160159153216256e+01
-2.007084972990567451e+01,-1.597076878515627740e+01,-1.527687092941590663e+01
-2.186566398315279258e+01,-2.092602913592768132e+01,-1.735145933498802506e+01
-1.749118150616465073e+01,-1.656739512757230415e+01,-1.254519637127847886e+01
-2.572686263922309635e+01,-2.553659546956308191e+01,-2.115409734291647936e+01
-2.313751568389919555e+01,-2.199515978487047718e+01,-1.936511850053281236e+01
-2.241358338626866953e+01,-1.819205887173554004e+01,-1.527041785036926136e+01
-2.253691858581979091e+01,-1.754283250453980614e+01,-1.488134996697915291e+01
-2.377016490724852460e+01,-2.225338173277211240e+01,-1.773575772988239763e+01
-2.453617882693156105e+01,-2.129867882491354791e+01,-1.643277097493605510e+01
-2.577469455291203460e+01,-2.189506475555179676e+01,-2.116515747050190299e+01
-2.095566385896402295e+01,-1.808729427576607307e+01,-1.739304647291925576e+01
-2.522204466422611446e+01,-2.311702893497854205e+01,-1.952605164540510074e+01
-2.353922094314549796e+01,-1.974696971403536949e+01,-1.561436044940209200e+01
-2.568034280785508727e+01,-2.351744602401161188e+01,-1.990773829562291297e+01
-2.129907121928369662e+01,-1.975597370037406719e+01,-1.723348773688957891e+01
-2.721719109257395175e+01,-2.419651532657891124e+01,-2.078471089966614826e+01
-2.391524898271090649e+01,-1.895292212291336043e+01,-1.575439799442907329e+01
-1.754261914437854131e+01,-1.589275228378629023e+01,-1.351153229758724095e+01
-1.895507767988172532e+01,-1.726860942513761543e+01,-1.588367265192705347e+01
-2.535171205836072517e+01,-2.481368127038088289e+01,-2.407037969026082891e+01
-2.643368765637591622e+01,-2.531826863765355995e+01,-2.081967866108423593e+01
-2.271666976136474858e+01,-1.799162742994448294e+01,-1.778817843330033099e+01
-2.393403228249009729e+01,-2.231385129395696865e+01,-1.910843063056784530e+01
-1.989345692771582463e+01,-1.726084068583798725e+01,-1.467053056007149436e+01
-2.446586993437988156e+01,-2.058574299636329386e+01,-1.849595851955005088e+01
-2.147791957464255574e+01,-2.060752121821947824e+01,-1.712446963780898201e+01
-2.104369152786043884e+01,-2.054761941409346093e+01,-1.787031698087275799e+01
-1.756854181142231042e+01,-1.728820138612712398e+01,-1.649563536823026055e+01
-2.439193754092882926e+01,-2.226268877961839365e+01,-2.057892080176027960e+01
-2.054066393816580316e+01,-1.994954616597707897e+01,-1.987539140381850444e+01
-2.379785447751577721e+01,-2.102913142044111083e+01,-1.979054464262543078e+01
-2.405100978816425794e+01,-2.211898011412981191e+01,-1.874117868526976594e+01
-2.346272779350989879e+01,-1.963914040255627924e+01,-1.703144525698683864e+01
-2.640019074797556442e+01,-2.157426815844058865e+01,-1.894540990792896906e+01
-2.198301196450751149e+01,-1.872796983622730238e+01,-1.855047738519451173e+01
-1.523903283034422884e+01,-1.465970748045288019e+01,-1.063067045582682901e+01
-2.140254146391896128e+01,-1.913369935434537084e+01,-1.439269237104735666e+01
-1.948682796606156842e+01,-1.842791263668793178e+01,-1.592701196950080700e+01
-2.512921919484211486e+01,-2.013921554136288350e+01,-1.725899966438727162e+01
-1.726986948451907722e+01,-1.592578837975869988e+01,-1.425442851539683886e+01
-2.920410310678228072e+01,-2.516645763471917974e+01,-2.422326463340270308e+01
-2.411727400187567127e+01,-2.008758790445374842e+01,-1.954241693590549644e+01
-1.645229573906365772e+01,-1.611861652354462393e+01,-1.339982942114631648e+01
-2.685169929602520256e+01,-2.260035016115002549e+01,-1.854958957144852150e+01
-1.975753108553388060e+01,-1.701096526088083749e+01,-1.355096431436952109e+01
-2.589013427085962249e+01,-2.115900575038005016e+01,-2.101807079115990362e+01
-2.343122187239825038e+01,-2.172978221564781620e+01,-1.775737302816636998e+01
-2.012705292990800388e+01,-1.949840319014125356e+01,-1.836527110852229328e+01
-1.898984591394237142e+01,-1.847982001268870889e+01,-1.356348387565562774e+01
-2.049889015857090868e+01,-1.867930366312612378e+01,-1.806920778866291855e+01
-2.375759772178092888e+01,-1.995231424736851622e+01,-1.806255145169345866e+01
-2.831270074779275703e+01,-2.480530335680452936e+01,-2.427250908966152920e+01
-2.104073472397283950e+01,-1.761446689123379272e+01,-1.546067429094267887e+01
-1.997285030081651414e+01,-1.810405951171525274e+01,-1.766160674369750794e+01
-2.412545892524310176e+01,-2.123219184399050263e+01,-1.832351013204353407e+01
-2.859618706152323497e+01,-2.701479139515526384e+01,-2.654769675685446373e+01
-2.245157107271418795e+01,-1.837055090530784796e+01,-1.351005444259890709e+01
-2.069270482820029855e+01,-1.969460447224108890e+01,-1.778224944239817518e+01
-2.244814914898082847e+01,-2.084988240635483692e+01,-1.611414435981318150e+01
-3.188479634700315302e+01,-2.707366379439899262e+01,-2.416950457653846485e+01
-2.460817987843273613e+01,-2.299724123666973696e+01,-2.079356658056107676e+01
-2.343098101541615819e+01,-1.844893634520209602e+01,-1.626619609436928116e+01
-1.924945764411810956e+01,-1.834248714922761181e+01,-1.722356764402647045e+01
-2.593409753695960163e+01,-2.279628317926421488e+01,-1.974242048711353448e+01
-2.043755284568729280e+01,-1.690859662213242132e+01,-1.461023195698471966e+01
-2.430461895975873787e+01,-1.974240662994971984e+01,-1.795102174888482338e+01
-1.988275031431398077e+01,-1.814438136541711799e+01,-1.558028411630045795e+01
-1.793216098834982475e+01,-1.598244056989521944e+01,-1.405195653391057498e+01
-2.127944799594498804e+01,-2.049748784382155975e+01,-2.010097928892707486e+01
-1.716489479481843361e+01,-1.623255814430760680e+01,-1.378302889103626505e+01
-1.702213129654196422e+01,-1.336048271752150107e+01,-1.051952643800390419e+01
-1.582285089004010459e+01,-1.560941996643590279e+01,-1.244432487454026770e+01
-2.538884994069818291e+01,-2.334039764446492882e+01,-1.839403810021327956e+01
-1.910860168531245051e+01,-1.529872214236537786e+01,-1.360015943788372894e+01
-1.985271454563343596e+01,-1.751579101863320176e+01,-1.385871128923142592e+01
-2.438069502873944572e+01,-2.197722207840423181e+01,-1.934612688877659181e+01
-1.666262805557731497e+01,-1.513517285721759364e+01,-1.421644872998431275e+01
-1.468605077509203838e+01,-1.154816161925288220e+01,-1.058455076381302895e+01
-1.685468114387455785e+01,-1.198191164118789054e+01,-1.173849878656923451e+01
-1.848595934324108470e+01,-1.446330265464998988e+01,-1.268463710400301991e+01
-1.274150050096742071e+01,-1.003168911819339115e+01,-7.461486093039211731e+00
-1.321328168540842185e+01,-1.215162732737858953e+01,-7.216177815873204615e+00
-1.568542605014237168e+01,-1.169725637816352659e+01,-9.749263386452760471e+00
-2.173728731847661777e+01,-1.919115978274234990e+01,-1.687222380153981760e+01
-2.216778582733338965e+01,-1.792317522931037388e+01,-1.770317931223085850e+01
-1.873484605383881885e+01,-1.393458848778848136e+01,-9.453951384006821002e+00
-1.984830760123620053e+01,-1.884763350199856546e+01,-1.624446645589400973e+01
-1.444709306624379686e+01,-1.118226716437165891e+01,-9.842595191812952393e+00
-1.762514411675454440e+01,-1.415975873436910959e+01,-1.400542239292753166e+01
-1.249422339916722358e+01,-1.116239690178042032e+01,-1.075225787390039578e+01
-1.571008386059625295e+01,-1.134101527416303945e+01,-9.326637948617555907e+00
-1.609719656763058282e+01,-1.132768522474129824e+01,-9.319643475377599628e+00
-1.860981346860960883e+01,-1.617028944427325143e+01,-1.552909179771736703e+01
-1.055487992289687327e+01,-5.795088571900086194e+00,-3.023119810055349355e+00
-1.481106002370818331e+01,-1.427863426025099791e+01,-1.148293852243992852e+01
-1.467778793782909297e+01,-1.386920626147958657e+01,-1.185682458179219267e+01
-5.549641517973841864e+00,-3.378943445523818312e+00,6.704354345719085728e-01
-1.851564488084052940e+01,-1.422611862394412796e+01,-1.381047732525260585e+01
-1.092204579849410884e+01,-7.388328238181752994e+00,-2.807995971446292316e+00
-1.566228512098147263e+01,-1.332493558448289939e+01,-8.905369068316169034e+00
-1.391486002956292545e+01,-1.285289833592307573e+01,-1.192749939362969513e+01
-8.375590138760349745e+00,-6.187166912690635456e+00,-1.481117156161364079e+00
-1.030653929905393440e+01,-1.011468673427161491e+01,-6.692099841724401088e+00
-1.045120581194431075e+01,-8.213433753579845842e+00,-8.204997216562528450e+00
-8.208054369380665349e+00,-5.965413164258507095e+00,-5.483866930016461083e+00
-7.286997929876581459e+00,-2.494108407553529361e+00,2.037094199084257262e+00
-1.287407918719390310e+01,-1.199145816445226131e+01,-8.437516683385666738e+00
-4.638569859564944053e+00,-1.637298952877404012e+00,8.294714507243172719e-02
-1.190782780086393444e+01,-8.290655662300792983e+00,-3.596540537479366861e+00
-9.946889539076479991e+00,-9.676094290907981232e+00,-6.413354449282747005e+00
-1.124430379670396718e+01,-8.017411738734082860e+00,-4.611356686363842883e+00
-6.282006993055558652e+00,-4.308626475610266127e+00,-1.058807735455499888e+00
-3.960815328580102879e+00,-3.700878831120048673e+00,-3.394320045272454678e+00
-1.047665323331083265e+01,-7.490884316541061239e+00,-3.542500876921777397e+00
-4.469734736513147233e+00,-3.352853434088334694e+00,-5.616538460352424877e-01
-4.906229460255205232e+00,-4.845369192790205837e+00,-4.663222601568743464e+00
-2.625081572476168468e+00,-1.749799912383015243e+00,1.767935273903150861e+00
-8.682545003855024035e+00,-7.182342307158208428e+00,-2.629691126708701532e+00
-4.747128313040822611e+00,-1.167884990774742171e+00,1.153865349850442534e+00
-4.217018924293432391e+00,-2.322616687005367719e+00,7.855907178518961587e-01
2.066439025833071597e+00,2.682878497034703713e+00,5.694137919471899068e+00
-4.505360915839517588e+00,-3.990205969935790797e+00,-3.025642751293439403e+00
-7.388828115349078685e-01,2.960164445802315747e-02,1.225851529242995008e+00
-5.852334800892172950e+00,-1.403716980787683255e+00,-8.334430142383992823e-01
-9.714984778949990130e+00,-7.956894632832686831e+00,-6.989569943906680294e+00
-2.411225883737589726e+00,-1.237846422834314675e+00,1.801119105177566793e+00
-2.384205950867117618e+00,1.290780316482984524e+00,5.531546094072506747e+00
4.592306215352248699e-02,2.090659318661413302e+00,3.840722387333120658e+00
-6.229111184327196682e+00,-3.785819147804034390e+00,4.816904913572197522e-01
-4.545030374544346330e+00,-1.116293457513806819e+00,3.852707970992745867e-01
-9.146100299231583186e-01,1.228537588150948157e+00,2.145929197311280845e+00
-2.008209803869123622e+00,2.567060313190246301e+00,5.861606367686232666e+00
1.717269431087727671e+00,2.167511028871774492e+00,6.946875134536839802e+00
-5.755201654003769818e+00,-4.390754899966064606e+00,-2.062715934864397305e+00
-4.543658878593141992e+00,-5.249146353707323520e-01,5.398131214933177269e-01
-4.125593965117513306e-01,2.810393365078510897e+00,6.628095279377864912e+00
-1.712790220112001549e-01,4.178989000648957841e+00,5.167464917600558927e+00
3.618773123962690352e+00,4.616294489035737136e+00,9.413279619580361413e+00
2.299943577405101802e+00,4.726331140778277984e+00,6.743697366960615724e+00
-9.660132891268613520e-01,-4.606944453483308166e-02,3.850341270255058124e+00
4.067803317164932153e+00,6.903963874354480446e+00,1.013744859008937027e+01
1.617998710909843929e+00,6.034837491589550851e+00,6.216755943554315600e+00
5.062039555150293246e+00,7.572944544803089428e+00,1.144494495131834100e+01
1.673746401271224649e+00,4.243432549959190503e+00,7.350046574331733140e+00
-1.404531484658640306e+00,3.442166425939626517e+00,4.117880196813661797e+00
-1.276413709584114820e+00,7.680413136200678892e-01,2.890643663441952338e+00
4.360598699305493042e+00,5.670995538587784601e+00,6.644071923062395690e+00
5.347669720414529593e+00,7.710830199699101328e+00,9.065968350057199032e+00
3.046036984001313286e+00,6.631469260815086031e+00,8.808511424389331879e+00
-3.321392558608914136e+00,8.824213759051078299e-01,3.574874984953668289e+00
1.503017492768500496e+00,5.471204734644057766e+00,1.045030927103999119e+01
5.284532240508731604e+00,7.783782533651971036e+00,1.212432779910262681e+01
3.837561018250301714e-01,3.470523012022233900e+00,7.211744327558262668e+00
1.807899545200293723e+00,6.117732075496353339e+00,1.015241096493878104e+01
2.193874604927177341e+00,2.993865042432391377e+00,5.599254124928772391e+00
2.325020122804613010e+00,5.626105638177744339e+00,5.985901202251294073e+00
7.742887754650134013e+00,1.148325755552434657e+01,1.562444736135891787e+01
5.787244418816743341e+00,5.813078458886830724e+00,1.045699857127479504e+01
9.991731768493163912e+00,1.208627824579325605e+01,1.576035154826217166e+01
1.080598168824664462e+01,1.177644066683105351e+01,1.563297002226623533e+01
4.227221076091504770e+00,7.431098011910461487e+00,9.798766361551525250e+00
8.775741003179557964e+00,1.275179047246921193e+01,1.511734792679250461e+01
6.545618572334020335e+00,1.093849526934443617e+01,1.503671942308598730e+01
3.709630458659226804e+00,8.537269031269524078e+00,1.009797368952049013e+01
1.133391176378215626e+01,1.401269773654466988e+01,1.521930175692284593e+01
8.109201360248558643e+00,1.001010032654322224e+01,1.300571152293554711e+01
6.757868686795076130e+00,8.815258676339738031e+00,1.299386622951953285e+01
1.307554566016276620e+00,5.257186024481957709e+00,7.164009949751065420e+00
4.390466955883938205e+00,8.504223897800709864e+00,9.587145080051765689e+00
1.484873608817245128e+01,1.580176149302545063e+01,1.794249517798044735e+01
9.877058517029247753e+00,1.213923100344416639e+01,1.673420730616954799e+01
8.881299971648092040e+00,1.002400897248245570e+01,1.376017946432077999e+01
7.650730230901300111e+00,7.795481616858333851e+00,1.178461081074445538e+01
9.992802135602616431e+00,1.177289596673670680e+01,1.592585890812988580e+01
9.874458549531260232e+00,1.220335541446977068e+01,1.705297177120426255e+01
7.895788184355623684e+00,1.086872925360629338e+01,1.178315835662322364e+01
9.920994757505571471e+00,1.385627720172439759e+01,1.531241544884434802e+01
6.376910462834672444e+00,9.842245035106873985e+00,1.456585011673467989e+01
1.352583076223153746e+01,1.484124006468458390e+01,1.797530879774820534e+01
1.398023551471829506e+01,1.536937604514474920e+01,1.964506768617908961e+01
1.017423821670058182e+01,1.493061168062859778e+01,1.762369210558840393e+01
9.320111348821615849e+00,9.813974058444145498e+00,9.884290278784137129e+00
1.150820208950588075e+01,1.565393952866471849e+01,2.036250105472007377e+01
1.621549778344585846e+01,1.818540187870600633e+01,2.215613876851971042e+01
1.513855417615609689e+01,1.845787940423686635e+01,2.058212061060192610e+01
9.400521456757820360e+00,1.235283586560218438e+01,1.654765852965077499e+01
1.154812415025472738e+01,1.381577350407540372e+01,1.584959885256418843e+01
1.125084950711881859e+01,1.344785161953100250e+01,1.477418712114719845e+01
1.402070400412351425e+01,1.457460912370936867e+01,1.681402065616425290e+01
1.113213984576479731e+01,1.522507045583315666e+01,1.588817981001982993e+01
6.361609471193657939e+00,9.581635550530535284e+00,1.377959667639771268e+01
1.063992499502128375e+01,1.501403898113035495e+01,1.943572034520305181e+01
9.988553603818701276e+00,1.482949925274773584e+01,1.633858153544311520e+01
4.608805305165621036e+00,7.100779738189871182e+00,7.439668267455034290e+00
1.214875913889733283e+01,1.481488433888495848e+01,1.610510081826604178e+01
1.220206198673163378e+01,1.696397203148057997e+01,2.111136750372351045e+01
1.040576985582220892e+01,1.249676578642462488e+01,1.604519741137256261e+01
6.080254111018058794e+00,7.229274197568683391e+00,1.156629290064382865e+01
2.024678120922957092e+01,2.110024560418997197e+01,2.302347424852634106e+01
8.536114044541378121e+00,1.230447143038895597e+01,1.304488742280616975e+01
1.079366202717393008e+01,1.173573792010406791e+01,1.597215469693305323e+01
7.931059032810511056e+00,8.972257551133104414e+00,1.138812960013076570e+01
1.139317750160539688e+01,1.192328433360980000e+01,1.460776069254774612e+01
2.475258192737110008e+01,2.657399225674825161e+01,2.982409365151646341e+01
1.198753038213897604e+01,1.340860106370570115e+01,1.494726438900573129e+01
1.222735474974611591e+01,1.501877317681277724e+01,1.904164423957814023e+01
1.174069737011976500e+01,1.217516502305196191e+01,1.324141057549957878e+01
1.279260662436049323e+01,1.359716639902352497e+01,1.819983047533413867e+01
1.171046177280019585e+01,1.380961221722604826e+01,1.831846800156734290e+01
1.362016763954419218e+01,1.697977707936102831e+01,1.714868241697461215e+01
1.369023296361060638e+01,1.632566423538781919e+01,1.936112498442524199e+01
1.295961316167637811e+01,1.363969815384107598e+01,1.487550074561666058e+01
8.859400246273464674e+00,1.216100277711005084e+01,1.562374285957702824e+01
1.591999465770148703e+01,1.736459927169773820e+01,2.199433287011354210e+01
9.538344248474619036e+00,1.202447954500785876e+01,1.581239779884138841e+01
1.297164020389154615e+01,1.637521454725876779e+01,1.701643467111133035e+01
1.426841737781950314e+01,1.770872093090590127e+01,1.933746357332979215e+01
1.639061842195556551e+01,1.803635516335550548e+01,1.903174633023648710e+01
1.227957219084170681e+01,1.487443490213385644e+01,1.635226744009988664e+01
1.082859485833043678e+01,1.185735060440148203e+01,1.648812605734623915e+01
6.131090726329286866e+00,8.837438203788750002e+00,9.861937092484161838e+00
8.116093242459211154e+00,1.074640975291969802e+01,1.254187931153707680e+01
6.319314725007112443e+00,8.691202392671749877e+00,1.099196357789172396e+01
1.376562080364204199e+01,1.454853156174591255e+01,1.838561147725671674e+01
1.401365243577304476e+01,1.501016457806366233e+01,1.942334026379760559e+01
9.968227244368588202e+00,1.372246580109122505e+01,1.645958491377786714e+01
6.939053957169802445e+00,1.177166574027993740e+01,1.394721893057499429e+01
1.175517845492457880e+01,1.223734735205474777e+01,1.466943640298065432e+01
1.438615793048241898e+01,1.647675688570602048e+01,1.983934788820900863e+01
1.659798721585390169e+01,1.682559729210899135e+01,2.169850073978025762e+01
6.955790708151259771e+00,1.054120100542657923e+01,1.537305391408086486e+01
1.147588645582534639e+01,1.465576709238176889e+01,1.887500899415023525e+01
6.542451257977092816e+00,1.057094815734191862e+01,1.467859459062511363e+01
5.538371872204170820e+00,9.683472646782032456e+00,1.253516468950692087e+01
9.497071022351317282e+00,1.134865066684035284e+01,1.471097743884733688e+01
1.526377172457225839e+01,1.541151049245801907e+01,1.726410658368669715e+01
6.884114390949314988e+00,9.791555399539507931e+00,1.006214897505130423e+01
8.237365892092945785e+00,1.179361160319305135e+01,1.670170969700215124e+01
5.854185467478666638e+00,9.798822242840056873e+00,1.438115510243726014e+01
6.488054970267272736e+00,7.705748234656478068e+00,1.183436126829672475e+01
8.835682280836966385e+00,1.120582655047588361e+01,1.431507754319715886e+01
1.244085091476582861e+01,1.337775789526572723e+01,1.738042719220806021e+01
6.131978165996589070e+00,1.041582990620059057e+01,1.232884567059396375e+01
7.491090857665325231e+00,9.550517161179536529e+00,1.289511666768936493e+01
6.824580013169413206e+00,9.208009451966928438e+00,1.209329681388818045e+01
8.909389733041887638e+00,1.298735731040101271e+01,1.494527543819691573e+01
7.981183344516349365e+00,1.085891984323105852e+01,1.351958628262688755e+01
1.037483772703135898e+01,1.396623927314234948e+01,1.780964180807033159e+01
1.271297035374680817e+01,1.277042687393686116e+01,1.771994673496190131e+01
6.351667088441704578e+00,1.006914380386849750e+01,1.059924688435383011e+01
9.115243487121478694e+00,1.251615831918715749e+01,1.405304617673460754e+01
8.650267970376040338e+00,8.848613361567455371e+00,1.075257562787660071e+01
1.121013974231202148e+01,1.261720016861865901e+01,1.633921599023340576e+01
5.801186090239328408e+00,9.693327716554515305e+00,1.191973009310206777e+01
9.111753331371856390e+00,9.799384242901862052e+00,1.393774163431164581e+01
1.367174043902048552e-01,4.374081614766392789e+00,6.047182199028881655e+00
6.417583023461065572e+00,8.133783519989965072e+00,1.047870530246327192e+01
5.527013356793799126e+00,7.064223994695914222e+00,7.620746338688637600e+00
7.199673301376533274e+00,1.080069780112063960e+01,1.568497704809360194e+01
5.568065503405558836e+00,8.737763936195388936e+00,1.333289411744964426e+01
2.434936428390615859e+00,6.699953135755074562e+00,7.095460035392108011e+00
8.256621025351389420e-01,3.247244560460988971e+00,7.336053122638256596e+00
1.070575628823406511e+00,4.915085015584343964e+00,9.906107161345275358e+00
4.751755464464963552e+00,6.033959271113249478e+00,8.010738007501775115e+00
6.590094821541330639e+00,6.979562050975784970e+00,7.004332250107283109e+00
1.078345452255769388e+00,3.187556180372371983e+00,4.962077267498920641e+00
3.243261706483746565e-01,4.941936700992987319e+00,6.357548179652984466e+00
4.139617225272604450e+00,4.304524841686770742e+00,5.205220188179483287e+00
5.527585161364255484e+00,6.773582594015992164e+00,1.115842200708367926e+01
2.154105549668533293e+00,6.613580322941754908e+00,9.639845328370787669e+00
2.638632135466290052e-01,5.143461407533160390e+00,5.318870527081981159e+00
-1.227433264242174360e+00,3.447137364883779753e+00,3.835609848316625659e+00
6.965515840446021123e+00,8.311763603129087130e+00,1.229203862802682146e+01
-2.086698961876067404e+00,7.557845188499490163e-01,5.421738052293116894e+00
2.926382342029987260e+00,3.424041946338791664e+00,4.746071995486111028e+00
-1.543112253596401473e-02,4.181340921577107572e+00,8.250774343813052525e+00
1.457692658095115945e+00,3.835589700971968607e+00,8.171197295779016656e+00
-1.153832304452724555e+00,1.416054891842923213e+00,1.888857478323347827e+00
-1.817522192726521935e+00,-1.303345774759002929e+00,-2.834758106331860539e-01
3.493850426102925955e+00,6.406670254824270216e+00,6.690767117455115987e+00
-7.887150853046958066e-01,1.533555278685747814e+00,5.009476487594857197e+00
-2.009222382455963185e+00,-3.583592292957438197e-01,6.192401560274518602e-01
-3.110684006400636914e+00,-1.685725842014236253e+00,2.610778020278446743e+00
1.801026402002128712e+00,2.498690193024023287e+00,3.979556386978595484e+00
1.570195474069262964e+00,3.605793414603941649e+00,5.525606879136249816e+00
-9.888192690516722783e-01,3.803849406684777223e-01,5.256058866025722587e+00
-5.274898294523101328e+00,-1.355777575681869518e+00,-1.027766098545634943e+00
-4.310197877948919398e+00,-2.220491433456718955e+00,-1.345783289215663592e+00
-9.989426507453353921e-01,2.020155734762985933e+00,2.182100450031711603e+00
-6.495241774966305393e+00,-2.540228329845160893e+00,1.129838017707090803e+00
-1.676405472842700917e+00,1.866628172184665146e+00,1.930008392718280952e+00
-4.388483588711797445e+00,-6.426551656419117187e-01,2.124372462768486347e+00
-4.720380989166022445e+00,-2.544311969104826598e+00,-1.784167756187364784e+00
-2.741407197790302508e+00,-1.601477020656555839e+00,2.851490741125155104e+00
-4.699045578367548437e+00,-4.014143129319823977e+00,-1.796571325625048843e+00
-3.093557736207964481e+00,-2.303859688261441718e+00,5.842107586355984594e-01
-6.660627495496488137e+00,-2.301356452088494819e+00,-7.814453124252782601e-01
-7.476275301243077820e+00,-4.660072697472524617e+00,1.081895524679108433e-01
-3.296886928434314967e-01,3.094343451672511236e+00,3.195889273894730653e+00
-4.018255116541151750e+00,-1.754600162469471591e+00,2.926820149095376244e+00
-9.052001600982190865e+00,-7.314953439660391687e+00,-5.981416053983870995e+00
-4.719025216605900575e+00,-3.922989470126422074e+00,-2.633815009918274441e-01
-8.699747438555496259e+00,-5.360813129347657302e+00,-2.418453886607657921e+00
-4.766397882496050897e+00,-2.834033728502168614e+00,2.151842195941204849e-01
-7.788531025759315440e+00,-6.481959844496016920e+00,-6.248081898886186814e+00
-8.916629298234123979e+00,-6.968188542214303283e+00,-4.144900538766901121e+00
-1.170388859033839424e+01,-7.430344394167981648e+00,-6.831110541188452068e+00
-9.302099923482945343e+00,-7.332214298613353165e+00,-5.380614272442469037e+00
-1.042748407965414081e+01,-6.148261764378762706e+00,-1.772146732070749131e+00
-3.088480641329175214e+00,-1.132438721918823887e+00,7.381185715696734206e-01
-7.720554620718553807e+00,-5.301812289967527292e+00,-2.106798987113104094e+00
-1.169080210532931297e+01,-6.768695409169982469e+00,-2.996505398132130793e+00
-1.512755648276426612e+01,-1.064894612289265652e+01,-9.103585498277070087e+00
-1.555973793354421808e+01,-1.173679972652448100e+01,-8.494588855117974902e+00
-1.233839537198190150e+01,-1.051914484205215139e+01,-7.347210028453941888e+00
-1.596228280005236577e+01,-1.201878713759770889e+01,-1.178059922560026607e+01
-1.017161369136440641e+01,-8.203781917964574788e+00,-5.892257465945961670e+00
-1.411343411596829078e+01,-1.257054268422617227e+01,-1.076196873617672800e+01
-9.572023077455837026e+00,-8.241807460482517556e+00,-5.455469307747248031e+00
-1.133424243669265152e+01,-9.900800893833324068e+00,-8.471141629818346175e+00
-1.025643704549873902e+01,-7.818148736970336188e+00,-7.300983664203114287e+00
-1.148804231864656167e+01,-1.009793164461842174e+01,-7.782262829681084071e+00
-1.130385877436866338e+01,-8.618970031479605609e+00,-3.656530702429101609e+00
-1.364223294335471870e+01,-1.076797357758791485e+01,-7.283921117251234811e+00
-1.096027398010630094e+01,-9.043931576595756638e+00,-4.427785237412118491e+00
-1.304554379973165190e+01,-1.168048198582984476e+01,-8.118780855717625755e+00
-8.952889081734513255e+00,-8.859268234803337805e+00,-5.195140940694029652e+00
-1.331020755526086319e+01,-1.160811511746562452e+01,-6.758055377616498660e+00
-1.682555655489380797e+01,-1.332349541153863903e+01,-1.232546253691959848e+01
-1.500394812280561396e+01,-1.175440324657239977e+01,-9.205227947473730410e+00
-1.641752210302333026e+01,-1.463623576956638317e+01,-1.069832725159545639e+01
-1.499067334587192946e+01,-1.225251750866928546e+01,-1.218111856815183458e+01
-6.016167086045848933e+00,-5.375331235836469546e+00,-1.525999488765103607e+00
-1.592834168049757260e+01,-1.515603639468494634e+01,-1.386376124680676902e+01
-9.264321139972933494e+00,-8.778511003804499779e+00,-5.710762446572264395e+00
-1.815145808141053152e+01,-1.484706489362212167e+01,-1.147324616769793693e+01
-1.926966163853125380e+01,-1.817908808696585155e+01,-1.433506489376141779e+01
-1.914751523075679174e+01,-1.558286580697519597e+01,-1.172461653688879046e+01
-1.537484405448719116e+01,-1.127906051650865038e+01,-8.583512679444247340e+00
-1.820776663156279440e+01,-1.549409212712126482e+01,-1.074376031795232223e+01
-2.117816419473441414e+01,-1.862958245879874752e+01,-1.811105052859728559e+01
-1.829177947095865164e+01,-1.781066126021795526e+01,-1.505900485504364639e+01
-2.236410846361608051e+01,-1.763939662098962557e+01,-1.703186543491625926e+01
-2.343732168516344672e+01,-1.855149788994175353e+01,-1.556458942800467327e+01
-1.796529497870233172e+01,-1.507459900662082042e+01,-1.090099237808938426e+01
-1.437455801158834312e+01,-1.407852502303763487e+01,-9.561060805962004139e+00
-2.254020971615036117e+01,-1.907263447065825090e+01,-1.849135082624097137e+01
-1.662218823630134068e+01,-1.417844622074721528e+01,-1.164367949580063488e+01
-2.465313880086992171e+01,-1.981347065783234029e+01,-1.697399398980867957e+01
-2.224328939990783383e+01,-1.821843101621226779e+01,-1.781974644957582399e+01
-1.820741963467976632e+01,-1.490780829699031429e+01,-1.271155041464606406e+01
-2.345253313633188696e+01,-1.889667828018949791e+01,-1.867769552734037930e+01
-2.438734602169621724e+01,-1.974856015162154677e+01,-1.834852862685317021e+01
-1.962311880674236164e+01,-1.557323172396922573e+01,-1.207670836244082935e+01
-1.656064564304591613e+01,-1.593575523181457854e+01,-1.409293475364006021e+01
-1.857290691453365383e+01,-1.792666047611381330e+01,-1.499439894250117788e+01
-1.630253460557861089e+01,-1.599313353025802620e+01,-1.288970287773883427e+01
-2.141148705036992084e+01,-2.138675448886440833e+01,-2.103640574982400224e+01
-2.414007477407468372e+01,-1.999019051102440869e+01,-1.661274688948409661e+01
-2.086516253187103231e+01,-1.832322820686821885e+01,-1.733257213158549703e+01
-2.616717370176839097e+01,-2.237857691181752173e+01,-1.771152308747979021e+01
-2.147400301598655048e+01,-1.798501520939605314e+01,-1.606197663669074061e+01
-1.989759704999239887e+01,-1.678537211606132118e+01,-1.606330167403289622e+01
-1.817651003124412412e+01,-1.650930436785422728e+01,-1.483433615889255286e+01
-1.950842868311920597e+01,-1.469503396131052675e+01,-1.251442217340367336e+01
-1.896331182271134708e+01,-1.633188429997106539e+01,-1.203252956756804437e+01
-2.004536189229955667e+01,-1.759947976391226021e+01,-1.714987880866324232e+01
-1.645641506467101323e+01,-1.433468664351990185e+01,-1.416134639911412840e+01
-2.224899914556314329e+01,-1.889341699700884547e+01,-1.485985676572134473e+01
-2.371312926379405539e+01,-2.347844760900575523e+01,-1.896682400219186349e+01
-1.745160120327629016e+01,-1.481143943811557406e+01,-1.303294943535620298e+01
-1.835267681291825070e+01,-1.796201885991007430e+01,-1.566932818414812623e+01
-2.195024506290178579e+01,-1.909716126939017755e+01,-1.513905259334062947e+01
-2.108967520349306568e+01,-1.636228258093061427e+01,-1.350850551206397654e+01
-2.800028305437289333e+01,-2.321261351650129967e+01,-2.113718144909919872e+01
-2.366710582171961974e+01,-2.338556126499291565e+01,-2.199788374566518812e+01
-2.129089377984581688e+01,-1.947733144216154955e+01,-1.640834325984359054e+01
-2.477681665622881368e+01,-2.270777580344587321e+01,-1.948541244417974383e+01
-2.266394179163556544e+01,-2.104705106882709842e+01,-1.853301327542557786e+01
-3.116592126198195700e+01,-2.634477861455402703e+01,-2.345156339387536804e+01
-1.957702894051279330e+01,-1.919012615645880970e+01,-1.847052263470229860e+01
-2.668791309110186205e+01,-2.276360191237927211e+01,-2.080756637715897739e+01
-2.217606366916832528e+01,-1.814304802205282385e+01,-1.704668307742769429e+01
-1.780722216572253203e+01,-1.730644000813300210e+01,-1.647104711843014968e+01
-2.706999361758519385e+01,-2.455295147277852763e+01,-2.276347341264861512e+01
-2.397415799226730471e+01,-2.047072509633287041e+01,-2.036094540720052137e+01
-3.054003979741325736e+01,-2.564613748568656248e+01,-2.138058042209461718e+01
-2.198376871957424328e+01,-2.195016414778658032e+01,-2.154195298417501547e+01
-2.125701913273317345e+01,-1.857398557652766868e+01,-1.832503997610841751e+01
-2.558517185100615876e+01,-2.375903042316037883e+01,-1.924548285792849711e+01
-2.354416314291347589e+01,-2.156096986777400204e+01,-1.989714390467159433e+01
-1.912132882267805201e+01,-1.697074603405577164e+01,-1.327289155355554762e+01
-2.819481408773909692e+01,-2.424371289814851593e+01,-2.357838822208033847e+01
-3.138306678517004755e+01,-2.793495175348096993e+01,-2.628922828814122425e+01
-2.596156700854688282e+01,-2.460898971028729321e+01,-2.329052728354930224e+01
-2.115660530817158147e+01,-1.819561672854608503e+01,-1.325282507005653088e+01
-1.815873828687820790e+01,-1.462302841451656477e+01,-1.203737795777556485e+01
-2.587862935947643095e+01,-2.422650505847339275e+01,-2.356340520066452981e+01
-2.816005203381185495e+01,-2.659747655096634844e+01,-2.461890054656573668e+01
-3.064774507926615854e+01,-2.700005830633315540e+01,-2.471692114198331680e+01
-2.679354884628033062e+01,-2.403590076465175684e+01,-2.326885568754455136e+01
-2.384187881560733047e+01,-1.990284966794180832e+01,-1.840166744029291479e+01
-1.907023729414486013e+01,-1.821620028820286663e+01,-1.599744050073789126e+01
-2.252539543903496622e+01,-2.146799819342481541e+01,-1.952954168258623469e+01
-1.997451450507121606e+01,-1.967422323218483982e+01,-1.932656705449186063e+01
-1.966100592003407854e+01,-1.926119170302735384e+01,-1.431193404664374214e+01
-1.818732488915974699e+01,-1.362210232092529871e+01,-9.910026501891678663e+00
-2.471299009190505558e+01,-2.052248126533392636e+01,-1.835750017582328297e+01
-2.518127995580157119e+01,-2.156166268408878040e+01,-2.057794290759128941e+01
-1.925908265038540890e+01,-1.588155016982790535e+01,-1.355823544205126829e+01
-2.192373673545887769e+01,-1.867448127683235981e+01,-1.810129314168828074e+01
-2.492861295044024317e+01,-2.411715218411422867e+01,-2.076861938255222029e+01
-2.356783475159787145e+01,-2.342865687299283906e+01,-2.128146665720804975e+01
-2.213884543152731510e+01,-2.077503535777114507e+01,-1.743440333795449249e+01
-2.022623308922743490e+01,-1.847494211254969798e+01,-1.750988297428490625e+01
-2.599381496238190437e+01,-2.167803666515249716e+01,-2.050785456097927550e+01
-1.913931959793811188e+01,-1.734772661681203587e+01,-1.641915751816591396e+01
-2.416982783229760656e+01,-1.951161379800624474e+01,-1.833231841451955191e+01
-1.882275818689228331e+01,-1.622332805331475925e+01,-1.213794494744997010e+01
-1.978106334550030709e+01,-1.876229715830742251e+01,-1.377053093936272710e+01
-1.911659749238780392e+01,-1.753601861678580676e+01,-1.291569488602474536e+01
-2.213776162043656726e+01,-2.127511838853617476e+01,-2.003171000728787021e+01
-2.601025748505255919e+01,-2.253961003380210926e+01,-2.166244319833709397e+01
-2.016409748104532085e+01,-1.656867039030684197e+01,-1.458073886418423548e+01
-2.033198989695570802e+01,-1.902410010976222665e+01,-1.830465195400714151e+01
-1.825593957786363575e+01,-1.761040180730111260e+01,-1.422577210111914070e+01
-2.308002033487304772e+01,-1.881735757591074787e+01,-1.408872242088732563e+01
-1.733158179257532083e+01,-1.538557863007054749e+01,-1.224327964812853864e+01
-1.616195815734990049e+01,-1.417826569306773088e+01,-1.104619137688976238e+01
-1.839018028489723022e+01,-1.659942113711349521e+01,-1.327908890866000213e+01
-2.221519066360221828e+01,-1.828816075237473271e+01,-1.502425881209582315e+01
-2.362445932509041313e+01,-2.170509801198668143e+01,-1.677243289264540493e+01
-1.596202729422271815e+01,-1.476454532732739366e+01,-1.353871425232621917e+01
-1.390244399206925863e+01,-1.289262354635918939e+01,-9.375173237044867491e+00
-2.282376552695600225e+01,-1.999948556866605287e+01,-1.509447405315937196e+01
-1.734695411448227631e+01,-1.570036945638507753e+01,-1.072255527263804531e+01
-1.901850192516576854e+01,-1.450048331274224900e+01,-1.022736628196253150e+01
-1.812249947258044358e+01,-1.659424846695353040e+01,-1.501896498235189803e+01
-1.642694523779447380e+01,-1.211805866040367796e+01,-1.206209130505930283e+01
-1.410626574381307918e+01,-1.021005177436434863e+01,-8.958744229736172571e+00
-1.483995822783770713e+01,-1.319911969811352215e+01,-8.657236702086226643e+00
-1.641362260631210646e+01,-1.506277910540445575e+01,-1.246294826507160280e+01
-1.476256724010912080e+01,-1.328327068782300913e+01,-9.594000578321589146e+00
-1.395780387188727367e+01,-1.201938663653721129e+01,-8.741831363564132928e+00
-1.044838152140067855e+01,-9.784887761145455443e+00,-8.228079121169173504e+00
-2.504226318313497046e+01,-2.028897915160677456e+01,-1.914407194206832230e+01
-1.513080621164767336e+01,-1.493614340784559680e+01,-1.106437325618115963e+01
-1.872420672926174490e+01,-1.417682152224885783e+01,-1.176008188975867697e+01
-1.680666356698264607e+01,-1.258758530241627582e+01,-8.853016474750486253e+00
-1.969516593923201242e+01,-1.795826041111168792e+01,-1.552484224889477460e+01
-1.594543346221998448e+01,-1.198423670884275616e+01,-8.171888487018616587e+00
-1.578874327718560622e+01,-1.493535993187562028e+01,-1.328038178190298702e+01
-1.551720904664558276e+01,-1.469983383158050927e+01,-1.038745370004718538e+01
-1.863771111445045037e+01,-1.405440573459114262e+01,-1.048832083314693264e+01
-1.260135060360425818e+01,-1.196909431376810495e+01,-8.735207322854844136e+00
-1.457328842755821796e+01,-1.009377631331942737e+01,-8.072548197059429498e+00
-1.711964745370524099e+01,-1.630800083007896006e+01,-1.510268721263517655e+01
-1.090605156990715052e+01,-1.029852957582165196e+01,-7.281828780851906657e+00
-1.016412289167393546e+01,-9.854489322784226957e+00,-8.460141466365030283e+00
-1.056634019726421236e+01,-8.664227034565987751e+00,-7.294980823472064557e+00
-1.243259362513720845e+01,-9.534604379347415559e+00,-8.266902601599092293e+00
-9.901647235252212909e+00,-9.773993396470189055e+00,-5.064042044562173217e+00
-1.039370840234345472e+01,-5.718281219526701875e+00,-3.394070005141480273e+00
-8.468194250623254149e+00,-8.276493387100170906e+00,-7.413007109378612292e+00
-9.280084866760361706e+00,-8.656040719689430674e+00,-5.748827865511825230e+00
-1.269838192964906121e+01,-8.023700822241886854e+00,-7.225673356709817696e+00
-6.730180860746469484e+00,-3.937819108372925925e+00,-6.890279220528845450e-01
-7.264765814728670001e+00,-3.627241465306292767e+00,1.186419448168159363e+00
-7.364314167083551688e+00,-6.321095358643814777e+00,-5.261715130737629309e+00
-8.382471566741013902e+00,-4.343843865132513749e+00,-4.226279371504158000e-01
-8.116098088530772969e+00,-4.171725278159096106e+00,-3.964165864883774315e+00
-9.912309160026344657e+00,-8.353584515989242121e+00,-3.535763039231055060e+00
-1.145824029771587504e+01,-7.348390162639602430e+00,-3.512631705141482819e+00
-1.139709780358072599e+01,-1.092380141959969997e+01,-8.443781182658788964e+00
-7.873643164586001220e+00,-4.657239491721849589e+00,-2.428384535086385299e+00
-5.342797868786937521e+00,-1.418919520715225868e+00,-3.625239474497821135e-02
-1.234622040761870743e+01,-9.680404689452121403e+00,-5.502087191912130137e+00
-6.336148185690959167e+00,-4.855228014845748064e+00,-1.578510793702286197e+00
-3.033578495780136830e+00,-1.769664476210527582e+00,2.190622490917404797e+00
-7.934944359080137843e+00,-4.155550586963168591e+00,-3.900116840001848217e-01
-8.879475956374994539e+00,-5.147852770349300222e+00,-4.445571667262271376e-01
-7.968221169562381689e+00,-3.296231702125136831e+00,-1.737130805369280218e-01
-6.609899125385805263e+00,-2.601459705081511586e+00,1.160865909607970092e+00
-7.162641658626732521e+00,-2.497426209318096113e+00,2.007498638962678328e+00
-9.548745191149702549e+00,-8.818893781595949832e+00,-4.061905537945745159e+00
-6.093474210149837589e+00,-4.745324997158192559e+00,-3.588662079424197682e+00
-6.251646905841786506e+00,-1.611478847379107737e+00,3.081096951237575876e+00
-6.839883952073197548e+00,-4.188212167834293176e+00,-1.405440807249223045e+00
4.724363507531346151e+00,5.333126499903096729e+00,5.618121859139092678e+00
-2.818554679272388341e+00,1.195513727092677669e+00,2.349150866190258036e+00
-3.225914491335055700e+00,7.822795437704685995e-01,5.403922049640347502e+00
-1.362229219193750174e+00,5.612445171156983381e-01,5.136534926474232599e+00
-5.234891807504781447e+00,-4.281036203016331143e+00,-2.257411404137683597e+00
-1.524078785900805588e+00,8.799803210082410843e-01,3.979937199145255011e+00
-5.666495168262279059e+00,-4.773227198721825992e+00,-2.897320371781225479e+00
-4.089623233706733529e+00,-2.475171434904978263e+00,-9.104254465351127035e-01
-3.161457300394239667e+00,3.178585365447997857e-01,3.404853413254268268e+00
-3.050561063530992101e+00,-7.727560669528206194e-01,7.425383811746664176e-01
-4.658104294583664817e+00,-1.569457501556798640e+00,5.863494373267652549e-02
6.501107496047396239e+00,7.718099006119527594e+00,1.060632554876894496e+01
-6.625757125634533118e+00,-2.896080223018843824e+00,-1.217441525792811285e+00
-1.016831436463107696e+00,-6.220723460026951201e-01,3.365135202579474516e+00
3.970921752702576413e+00,4.411292639111297653e+00,6.849820149160495752e+00
-2.958621741343524736e+00,1.889100866255459810e+00,4.279875192373683745e+00
3.028965597944115018e+00,5.143906086348808415e+00,5.632521916231262082e+00
-2.922684229632886765e+00,1.824396057010743366e+00,1.858384119016569080e+00
9.667947542109734727e+00,1.142673338361572988e+01,1.415680942329409220e+01
5.216576886564547877e+00,5.597903989168015570e+00,7.114729599947410499e+00
1.158490836781034261e+00,3.091570546999253821e+00,7.850337842562250756e+00
-1.252001633488290633e+00,1.031171110314343498e+00,2.392905744652619848e+00
-2.142682186546321255e+00,2.233765530824277867e+00,3.404196329235419594e+00
2.980641650637627649e-01,2.988218394822522939e+00,3.201486025245640743e+00
3.107765968952982405e+00,6.727685908796118497e+00,1.081579852124564312e+01
4.531132301008766738e+00,7.050148334499209746e+00,7.853159850624276572e+00
4.144136473413571053e+00,5.339752705993708659e+00,5.366491448162944877e+00
7.613627844652398835e+00,7.877833208721957803e+00,9.171876482525574303e+00
5.890356263271837811e+00,9.518743570889792949e+00,1.375866660473494463e+01
1.078953827473904337e+00,1.722267049606554856e+00,4.376723976586127662e+00
8.846263660610222956e+00,1.090975531960853040e+01,1.537790542603552169e+01
7.622521694152023741e+00,8.311840906937202789e+00,1.331008425457342348e+01
8.245924839421807206e+00,9.262447474292461180e+00,9.976780136583029091e+00
1.163745022644049065e+01,1.457232720440278584e+01,1.954708337507160820e+01
5.660518068287582416e+00,6.498498816463975203e+00,7.226193087958757921e+00
9.010060702000025401e+00,9.200364087060709295e+00,1.055060616677341123e+01
4.501091990948115296e+00,6.097068868769779826e+00,8.446359308518633924e+00
7.499158088572883685e+00,9.783280929905036061e+00,1.072722566594500826e+01
5.269362671461083281e+00,6.844025065023365606e+00,7.466121539141552077e+00
5.681619329743292646e+00,9.120298404227266786e+00,9.433480526305975999e+00
1.218635042699361470e+01,1.241030605447627089e+01,1.281908472044938385e+01
6.911290314197908735e+00,1.071523703658423265e+01,1.227503091178897776e+01
5.141184075921803043e+00,7.241918757607553658e+00,1.208335351884275966e+01
9.689763354704266085e-01,4.083469556953600588e+00,8.530640143768025041e+00
3.493162626794887871e-02,2.538936544209976276e+00,3.703103096341533895e+00
2.396066319855257198e+00,7.231129532457014619e+00,1.078218354714388383e+01
9.912186543763732871e+00,1.005724377528604307e+01,1.061843850929037991e+01
1.074084313420545200e+01,1.182136235173534544e+01,1.449595417145446241e+01
1.021421708924494887e+01,1.479620881861891846e+01,1.855704448171935894e+01
8.488680728788741803e+00,1.213831017036664228e+01,1.253000621063593378e+01
1.158604251643029670e+01,1.473110876832600624e+01,1.709388000393305518e+01
1.662128075086462076e+01,1.693706150075866645e+01,1.938409656603505482e+01
-2.425156746306766919e-01,4.257006496828777742e+00,5.184375459887538007e+00
1.175326664434978952e+01,1.188735861039185693e+01,1.440764786696382416e+01
4.032152238305320324e+00,6.960114018688089210e+00,8.530995987905029665e+00
9.290565911555379586e+00,1.276671327819332546e+01,1.291860895375467244e+01
9.208010570079844470e+00,1.122152933115429185e+01,1.275128512108823031e+01
7.201610806799554787e+00,1.130468429910234285e+01,1.476065277603048287e+01
9.614847987839402421e+00,1.267876608046705122e+01,1.286524598299091338e+01
1.107555178813358232e+01,1.248938189970148116e+01,1.538137849879214336e+01
5.242077984522358847e+00,7.386561277068334874e+00,1.128685377074381968e+01
1.266320918223557968e+01,1.526263132584115212e+01,1.602392981399152916e+01
8.190691989826268227e+00,1.275314350137988484e+01,1.615448652763893733e+01
1.261743508327507080e+01,1.310063914039249866e+01,1.321959586257542263e+01
9.634698335567295047e+00,1.275833220713003513e+01,1.679105718643939227e+01
4.763380853858086184e+00,6.720309671975010168e+00,8.167281708218609992e+00
1.061233425855766299e+01,1.285630816617482886e+01,1.321682098668855154e+01
5.916883178363351092e+00,7.743028921593092306e+00,8.327724607917749822e+00
1.394109144482748164e+01,1.892764464683808967e+01,2.314144954750896233e+01
7.717668533190456870e+00,9.982462268224832513e+00,1.223580744303852796e+01
9.669264919081657084e+00,1.059660338001667768e+01,1.136614933873679867e+01
1.448656136773557890e+01,1.489530641132875743e+01,1.854712152354424504e+01
1.870828979949626003e+01,2.040626030404604307e+01,2.359882720903837594e+01
8.118515173600027168e+00,1.128355109864070904e+01,1.195354482756068926e+01
1.644103438748479107e+01,1.830362252293615910e+01,2.298449936363242330e+01
8.345422236186593068e+00,1.311995566940931113e+01,1.557310399251813138e+01
9.756352896356460747e+00,1.385566238672187822e+01,1.843561126738376998e+01
1.768818416751049227e+01,1.923993458024887815e+01,2.288809151316113599e+01
9.927002246877876246e+00,1.008640250485287915e+01,1.141642319460139632e+01
8.784408786690590887e+00,1.212711945598872987e+01,1.570370365667231738e+01
9.399950542183937330e+00,1.015065419231972577e+01,1.018915275963474976e+01
1.068322969197221894e+01,1.172034159248945429e+01,1.488446202847004507e+01
5.792338812483890820e+00,1.058934995218784181e+01,1.077489849898721630e+01
3.403080934671311564e+00,6.445362277248207761e+00,1.101757071238432673e+01
1.480812504036926924e+01,1.685069107773230712e+01,2.023984891948715159e+01
1.328882330017715674e+01,1.464355612812137686e+01,1.689262653090115407e+01
1.165572274265397823e+01,1.240906970647429119e+01,1.622591272610167223e+01
1.514643568323362643e+01,1.614708118208739407e+01,1.878594605584877186e+01
1.108164176561482428e+01,1.183737866370937297e+01,1.376735452785078451e+01
9.873784285271236527e-01,4.742262834616040479e+00,6.342777033020022159e+00
8.416178009209110300e+00,1.165346769354142609e+01,1.276091433095044891e+01
8.266131233358620989e+00,1.281061162851019475e+01,1.424224927597248680e+01
8.740038638994066744e+00,1.307053477774674555e+01,1.795154104522555372e+01
7.517374890111594432e+00,1.165208002391916509e+01,1.202993095263557777e+01
9.857564035402578639e+00,1.108100406724105724e+01,1.134631906277897961e+01
1.111835002254447602e+01,1.375385664256710072e+01,1.547952683269756946e+01
1.119138384215811044e+01,1.419957111500164793e+01,1.811566464551384925e+01
1.089676605245448293e+01,1.326023296376060578e+01,1.400333566651331196e+01
1.250956090693289546e+01,1.514245486779744354e+01,1.566899590984456125e+01
4.651389441882247233e+00,7.928430126189985216e+00,1.163041902721291265e+01
1.373322508128900132e+01,1.475321455614473365e+01,1.840665310351278094e+01
1.305131208929738840e+01,1.354172789331935078e+01,1.457992359991866493e+01
8.110711055767023225e+00,1.190450306520524570e+01,1.264224925341432204e+01
6.943872171101406643e+00,1.152638338052222622e+01,1.272915829422498213e+01
9.665064328441864916e+00,1.199767814936503640e+01,1.306218742127483345e+01
1.373950412951475641e+01,1.675336767972764207e+01,1.755756323810723174e+01
1.279255533669985567e+01,1.711026007486132272e+01,1.986963441451261758e+01
2.068437423800440378e+00,5.933354582914766695e+00,9.291377191585507234e+00
4.975626029304448750e+00,9.804443897753527537e+00,1.151707535354909950e+01
1.374168232288307401e+01,1.434578400673862930e+01,1.444083911251520824e+01
1.189804995089992801e+01,1.402096012897128219e+01,1.666964531827667173e+01
1.300994857372706015e+01,1.546962110701351989e+01,1.703103972779729958e+01
6.720332064468055755e+00,1.141788240886483408e+01,1.153286184460106689e+01
7.377204219149561482e+00,1.183899506788411138e+01,1.226722437446443159e+01
9.755126023236122990e+00,1.231148731054254952e+01,1.261831244360842419e+01
1.253211788401602789e+01,1.341478266494902272e+01,1.651860505395303136e+01
9.711349425360213061e+00,1.182308885724056147e+01,1.186757386323286312e+01
7.344896621850057983e+00,1.132345745045143204e+01,1.390012265694117488e+01
1.174546330504692548e+01,1.391299435762007697e+01,1.642445096961600370e+01
8.890819560146015377e+00,1.215079653327346954e+01,1.673712866881589889e+01
1.172685224070993826e+01,1.490073284433591461e+01,1.504012261760404812e+01
7.701253102264809414e+00,1.131101598777776651e+01,1.428709565902385670e+01
-1.697736218042076750e+00,1.675024548938093716e+00,4.174978469663735758e+00
1.219902630903117124e+00,3.732029474408451009e+00,7.511204491507947445e+00
7.174767088383164904e+00,8.305829040518545980e+00,1.289296678150655140e+01
8.468495643590877364e+00,9.990554196297313894e+00,1.076327529317615728e+01
7.040628490868607869e+00,9.711715902735605255e+00,1.196539126877630643e+01
8.978286762842287771e+00,1.105187847171740323e+01,1.215782452014908444e+01
7.006017289638806211e+00,1.174331272746248800e+01,1.477181963199644166e+01
6.363198443560717621e+00,7.117041065948431999e+00,7.180091862532425040e+00
6.334989113662143012e+00,8.890191823362288304e+00,1.200320158157910022e+01
6.702834715256913434e+00,1.155761852676504198e+01,1.276711724144481863e+01
8.960883692234443032e+00,1.057805898054180638e+01,1.384161110464816957e+01
5.987068838377896718e+00,8.965833245686729569e+00,9.224311396793117623e+00
2.613269497762680249e+00,4.024807899639233355e+00,6.735412694483917662e+00
1.334527473666701525e+01,1.417883646114673724e+01,1.880705290153113296e+01
3.515317500704892240e+00,7.469166909543502264e+00,9.418502593947858159e+00
2.811204897682543447e+00,5.946596217001152596e+00,7.944351296413136865e+00
8.736659298032865451e+00,8.925132650707070070e+00,1.125415987596896272e+01
2.097772655767069949e+00,6.660567456737949144e+00,7.249775318117682943e+00
8.573392801368314053e+00,1.209694295616015935e+01,1.644364873437081442e+01
8.670086714527842631e-01,1.967153181148108665e+00,6.732619353637242732e+00
3.107074995423690034e+00,3.884296992223852385e+00,5.280368521575675267e+00
2.847165063662773665e+00,5.464434929360768578e+00,9.135772385659214123e+00
6.340216188020521670e+00,7.290926402284149788e+00,1.100609281664221584e+01
1.695382432705186737e+00,5.138612617900444768e+00,8.228649640889486250e+00
6.399250585690277049e+00,7.750023788677397718e+00,1.149662986468242565e+01
-2.572585587015417286e+00,9.206722282813180058e-01,3.855953345451108127e+00
-2.707693121183978313e+00,-1.596361996414819906e+00,2.153158353023850502e+00
1.253644024561975989e+00,2.775219803183111900e+00,5.023605186576785009e+00
-1.141594891514629895e+00,1.941382242100156086e+00,4.691168398774820503e+00
4.013916088705111740e-01,4.389725755799416262e+00,5.199314370262350771e+00
-5.211250395617577524e+00,-2.417880697040985183e+00,1.281669483400192266e+00
1.925853956006395418e+00,5.902323754149474411e+00,7.584992907262192219e+00
3.514293274653346622e+00,4.847994044942042891e+00,5.948884002608380683e+00
2.323819680710878632e+00,4.371298041278820712e+00,6.046904473467009211e+00
1.038701471864789783e+00,1.569820259524317807e+00,2.127211477741598689e+00
-3.902979612439568591e+00,6.079324403751671380e-01,8.741389007836095626e-01
2.361142001509210608e+00,3.724443451027543706e+00,8.020000619803104414e+00
-2.128271651970536471e+00,1.353300654307008077e+00,4.190167096564176852e+00
-2.900030957788351849e+00,-2.705029027892194016e+00,9.424058639818078120e-02
3.264597271845437909e+00,5.930522784038017470e+00,9.629186278216380401e+00
-4.186073126830640589e+00,-2.065581297070191891e+00,2.681086564236015324e+00
-9.607269928818138460e-01,1.562473465007806706e+00,2.663038228941379870e+00
1.628891768354152170e+00,2.416927560244021667e+00,6.458955029688247862e+00
-4.069193231401322386e+00,6.091732409611754218e-01,3.280230393011952295e+00
-2.050065769198728294e+00,-4.424040417180766793e-01,-1.480197935869257408e-01
-4.900402732427114216e+00,-1.304650428366986414e+00,2.108154430054212547e+00
-3.274011378558492336e+00,-2.041513279665587710e+00,2.156646141642792891e+00
-4.151968819304276970e+00,-1.525165597990767674e+00,-1.022559236318536735e+00
-5.643621062151878753e+00,-2.429819329011865925e+00,-2.247473221288205369e+00
6.159982750882111446e-01,3.120147170023340522e+00,4.844836600108500591e+00
-6.005608728353738712e+00,-3.565878163465772577e+00,-9.264079887670639835e-03
-7.900242246368874177e+00,-6.274630947263782232e+00,-5.280613147436527655e+00
-4.080143693155076079e+00,6.662832123676296625e-01,2.479326245927692352e+00
-7.661287733229097618e+00,-4.233394274281624625e+00,-4.229615177821259842e+00
-7.600357244310719018e+00,-2.777046112373914966e+00,5.837771816855679141e-01
-7.803092631419277225e+00,-3.137915225308733902e+00,3.332212157319673906e-01
-2.085007016607272501e+00,-1.994534540318204652e+00,1.150979188758848526e+00
-6.891680606684662536e+00,-2.137706805644102648e+00,-1.315018539939603937e+00
-2.956364410620773597e+00,-1.702045382673517793e+00,1.011789383504062556e-01
-4.617583755506533549e+00,-1.875670284179582481e+00,-1.401225796698699622e+00
-4.663139282568809385e+00,-2.801091239108296715e+00,-1.840081220761575986e+00
-1.260071942120006128e+01,-9.788160937548909146e+00,-6.075370653391124698e+00
-1.135401858939097330e+01,-7.642535378700003434e+00,-6.043953554915820092e+00
-1.009034457533424778e+01,-8.993121783825118953e+00,-7.320673677869673490e+00
-8.656489954493533645e+00,-4.280401809805155722e+00,-2.089434839284772583e+00
-9.302212959467667019e+00,-4.754877917101126172e+00,-2.131458997074812345e+00
-9.476415139582709202e+00,-5.647254845223401709e+00,-8.134246481738118817e-01
-1.108590045511574296e+01,-1.095352655244244033e+01,-8.558148753357681215e+00
-1.225133635377120811e+01,-1.073614457838724157e+01,-8.567479121818612597e+00
-1.534328877539562797e+01,-1.068961564777633377e+01,-9.591341912305228590e+00
-7.046486498533318432e+00,-3.083757527328867099e+00,-2.952286835088027139e-01
-1.311982199606127431e+01,-9.778094975536500755e+00,-7.467966170605366827e+00
-1.102998772534772520e+01,-8.004769540074985201e+00,-3.193480907384239842e+00
-1.585148591615391567e+01,-1.203374018124043943e+01,-9.475563178255354657e+00
-1.280159674407687476e+01,-1.032093886332876131e+01,-8.241279414212058896e+00
-1.034971913691305900e+01,-1.009208047543564746e+01,-8.808515046437715768e+00
-1.675017478642281787e+01,-1.210425438009032462e+01,-7.217818029445599137e+00
-1.192306879362518579e+01,-8.154845491385312783e+00,-6.871609051921073075e+00
-1.539095260019936262e+01,-1.277124765868913059e+01,-9.544984534638883744e+00
-1.554903792898472048e+01,-1.345524231514263036e+01,-1.337268210132177337e+01
-1.165891108044855429e+01,-1.073533518694318367e+01,-7.813336292069211098e+00
-1.403125564256359326e+01,-1.031764768231297502e+01,-8.113673386061606152e+00
-1.578588754705000419e+01,-1.396370469237847445e+01,-1.069969631371237995e+01
-1.118260376166457704e+01,-1.004320244562524067e+01,-7.508923125422953149e+00
-1.584849346007886695e+01,-1.130342847601153800e+01,-6.521243791344255136e+00
-1.607978028365447543e+01,-1.124308127916343913e+01,-1.118217235424671152e+01
-1.992096668167148010e+01,-1.559770235434519137e+01,-1.342811386022865072e+01
-1.729831757349914056e+01,-1.372835797444776951e+01,-1.227440347057716430e+01
-1.142135711580822566e+01,-9.245872327288463310e+00,-8.834464997328495883e+00
-9.957289623350170871e+00,-9.731017151958063494e+00,-9.681145371865973459e+00
-1.592416337133635018e+01,-1.285837130731963462e+01,-9.590765247438927332e+00
-1.416639769275919392e+01,-1.187834447616477718e+01,-9.127184484805296094e+00
-1.943711013102737084e+01,-1.943499640635737080e+01,-1.740876660941521337e+01
-1.994246551397631606e+01,-1.562550481675953407e+01,-1.182961093360496108e+01
-1.323900185470118451e+01,-8.795673450135010896e+00,-4.042912677060289894e+00
-1.769041922368783304e+01,-1.514038683865942048e+01,-1.172532854614367892e+01
-1.592249588709857200e+01,-1.284881922922913233e+01,-8.947791414846385294e+00
-1.579797959567678767e+01,-1.541606264302105522e+01,-1.412536326634219286e+01
-1.666329326939752065e+01,-1.376583602990131361e+01,-9.038235887364223231e+00
-6.656976128222501288e+00,-6.049627424024706102e+00,-3.422677280064277738e+00
-1.150205862153268832e+01,-1.133015477880449318e+01,-8.031941473403396259e+00
-1.710582457954865987e+01,-1.440127096362691361e+01,-9.480422655323391012e+00
-1.715717563136946211e+01,-1.372982299158095465e+01,-1.127540067430371629e+01
-2.215952659720808526e+01,-1.758736961619191064e+01,-1.366579017220776393e+01
-2.298736458889726464e+01,-1.807454915570733789e+01,-1.612134386538463815e+01
-1.651956270968052820e+01,-1.350902682238095309e+01,-1.026647166235639297e+01
-2.168874455192974793e+01,-1.771250519132427570e+01,-1.616268015375934297e+01
-1.992430898601712030e+01,-1.815717849814762275e+01,-1.649220226509510212e+01
-1.873456440508048715e+01,-1.553980316808570805e+01,-1.110371919781804628e+01
-1.799045684880716323e+01,-1.663570248999130996e+01,-1.320224796169509673e+01
-1.648938523526131661e+01,-1.600460107906430096e+01,-1.392896871358968625e+01
-2.379812234718959019e+01,-2.020319914431600594e+01,-1.629190831684204355e+01
-1.532775710444012951e+01,-1.503584686664960302e+01,-1.200024060877370680e+01
-1.943336684446214235e+01,-1.868306511540599146e+01,-1.370473309198496104e+01
-1.823775883732570335e+01,-1.482650753823148904e+01,-1.099665697426682520e+01
-2.354663398516654027e+01,-2.189368407778557213e+01,-2.002313455264153674e+01
-2.439258434585557112e+01,-2.074481307745837100e+01,-1.682769577131885441e+01
-2.467691839808690801e+01,-2.000943581807896621e+01,-1.592587774864494854e+01
-2.531068817909198643e+01,-2.297480125327737710e+01,-2.142473923120423507e+01
-1.711621603625036414e+01,-1.653895057280358927e+01,-1.644792597943320800e+01
-2.280979139234532838e+01,-1.943502077186420607e+01,-1.444546261278459909e+01
-2.414666011533826051e+01,-2.082997023001129122e+01,-1.994787584993605023e+01
-1.798101743581442946e+01,-1.781860496718109133e+01,-1.682258014139023317e+01
-2.060197262848747002e+01,-1.602542651186348621e+01,-1.556644660982485640e+01
-2.180354900884655933e+01,-1.887547329552810638e+01,-1.721968351729956126e+01
-1.706130386665504517e+01,-1.669103616806791379e+01,-1.653566900281579777e+01
-2.194457967059792836e+01,-2.025494066913260127e+01,-1.884178985103939397e+01
-2.453586904468194874e+01,-2.346702598685003593e+01,-2.131542292647819181e+01
-2.057820236283243887e+01,-1.740460594318123810e+01,-1.249482176092822527e+01
-2.366710993723594214e+01,-1.994599318622760720e+01,-1.657696165720956927e+01
-1.450680896225786398e+01,-1.222103208734145774e+01,-8.985322012392337854e+00
-1.385797072946708042e+01,-1.248727223495650662e+01,-1.046522750938433077e+01
-2.799126102067008404e+01,-2.359123461411061839e+01,-1.996718375245078647e+01
-2.246472573764173220e+01,-2.037047157504646577e+01,-1.937734908515021459e+01
-2.265652205316174062e+01,-2.142217887695796108e+01,-1.869440547014682608e+01
-2.108539622014819770e+01,-1.791946008215990105e+01,-1.750635179174022937e+01
-2.153455911443505499e+01,-2.027969751411989918e+01,-1.941303752704089902e+01
-2.114920541486294780e+01,-1.699748038045460063e+01,-1.467186939842341786e+01
-2.493642907867574365e+01,-2.426988677849507425e+01,-2.281477468976638789e+01
-2.106695925287302629e+01,-1.808151001602767849e+01,-1.784206637046556310e+01
-2.336016192044963447e+01,-2.254571000965059469e+01,-1.821896734730457723e+01
-2.190069938590340115e+01,-2.035494375720346838e+01,-1.614767564792180465e+01
-2.053622688912276573e+01,-1.940438578775632905e+01,-1.720663243575121726e+01
-2.350731383131134677e+01,-2.276464142886284847e+01,-1.971905535443776358e+01
-2.875087369925411807e+01,-2.433885509846179218e+01,-2.024242902380040832e+01
-2.332759253706416658e+01,-1.951998915138857882e+01,-1.888118934047928832e+01
-1.654059578998302271e+01,-1.618357441312627998e+01,-1.183521987528867925e+01
-2.396565621374213961e+01,-2.330682771273140830e+01,-1.957908206028328379e+01
-2.631770614346220327e+01,-2.557905793920977544e+01,-2.329529037984424633e+01
-1.969199803469877708e+01,-1.760240096744013272e+01,-1.272451266426373806e+01
-2.297657371314094021e+01,-2.034229127084650912e+01,-1.763055149314115866e+01
-2.388215598560882924e+01,-1.906257438983230657e+01,-1.784919833083843344e+01
-2.144128082901638521e+01,-2.107439088961401552e+01,-1.756215429823655683e+01
-2.466844295626169270e+01,-2.281877861814809449e+01,-1.809041200049412623e+01
-1.418494717284657725e+01,-1.416443292876386018e+01,-9.456351734134459619e+00
-1.806490892017089678e+01,-1.647612142476037889e+01,-1.358308631556462487e+01
-2.974272950685956829e+01,-2.715808159288718571e+01,-2.604994139220637805e+01
-2.663312829443304253e+01,-2.269547170951441828e+01,-2.163414751042990147e+01
-2.506657563544901279e+01,-2.231902751425852927e+01,-2.026392323378030014e+01
-2.363716383243597363e+01,-2.297750128765534328e+01,-2.054859814844397903e+01
-2.075997072022934020e+01,-1.862305193330856312e+01,-1.808194346447636747e+01
-2.639496329784991246e+01,-2.448706604008068410e+01,-2.421914447380875046e+01
-2.426401857882439117e+01,-2.209623161643330747e+01,-1.903934595193781476e+01
-2.108030492963901992e+01,-2.048322756798393485e+01,-1.747584569783277431e+01
-2.446003619466190671e+01,-2.039790201882083664e+01,-1.954056683034369257e+01
-2.659124418201367490e+01,-2.186528811102255432e+01,-1.945588869495360385e+01
-2.636890836320284137e+01,-2.283601801933573938e+01,-1.971451481598501587e+01
-2.549839185273147280e+01,-2.126546153596413902e+01,-1.925206763423177492e+01
-2.237713708095226650e+01,-2.043725107029111143e+01,-1.989446095905169898e+01
-2.316697821422494386e+01,-2.040684912371195026e+01,-1.886091413112697879e+01
-2.260161086570584388e+01,-2.183564109243760853e+01,-2.063020085675947968e+01
-2.269827043528695043e+01,-2.110092540215904933e+01,-1.640430133699818072e+01
-1.958617825907279553e+01,-1.739789405035190484e+01,-1.450510314039517468e+01
-2.658928041312780621e+01,-2.370820530995008113e+01,-2.102827549835193111e+01
-2.417601086233132079e+01,-1.978749820003465132e+01,-1.812153789565202189e+01
-2.313445433571551035e+01,-1.914750349146519071e+01,-1.823031417012638045e+01
-2.253837879348746043e+01,-2.079782872617101575e+01,-1.839231130464494868e+01
-2.150235008863538866e+01,-2.077896916929121574e+01,-1.843131502801007215e+01
-2.128653466806933636e+01,-1.636270472217538696e+01,-1.269654003739065118e+01
-2.143097950425035947e+01,-1.792225247497914609e+01,-1.613520085394110382e+01
-2.264340557348146632e+01,-1.809410172381831927e+01,-1.774253515629285616e+01
-1.474089351852623864e+01,-1.414444237378377522e+01,-9.890748621879497549e+00
-2.217949676107901524e+01,-2.104543430108679658e+01,-2.071223259891267432e+01
-1.483100627589843157e+01,-1.422861952452409895e+01,-1.053396329089725647e+01
-1.869292820814778722e+01,-1.750819007426592222e+01,-1.455263190998365985e+01
-2.235053543397937048e+01,-2.184684603880305076e+01,-1.945731091857328465e+01
-1.385926130653572663e+01,-1.312861263229003939e+01,-9.428757658309226741e+00
-1.670671496849086424e+01,-1.662507306689633069e+01,-1.180742031042050044e+01
-1.943451906399305429e+01,-1.532612707672537589e+01,-1.044331611896924983e+01
-1.793593541852593987e+01,-1.666005623367599497e+01,-1.518600863141066526e+01
-2.170221125323426747e+01,-1.710497495875980078e+01,-1.211565249391334298e+01
-2.336369356041025114e+01,-1.934550891446444254e+01,-1.540299058369561713e+01
-1.636652311709087826e+01,-1.268675855605842528e+01,-8.782977496603121992e+00
-1.802846023529185615e+01,-1.646621188908235212e+01,-1.326979505905022094e+01
-1.759623598022846025e+01,-1.314773570226438970e+01,-1.233335872128738586e+01
-1.866434983749624976e+01,-1.483735277918588835e+01,-1.070532287125406867e+01
-2.057023583866800465e+01,-1.758058186258026012e+01,-1.283099358243383570e+01
-1.922110655984280214e+01,-1.699410970320270664e+01,-1.691436368872146190e+01
-1.737824545822955002e+01,-1.535681151871511751e+01,-1.072768396553148129e+01
-2.061058995088880152e+01,-1.642440757527841200e+01,-1.328437721748236555e+01
-1.520172521875631588e+01,-1.166397515442353594e+01,-8.739880696828791429e+00
-1.723300481507910931e+01,-1.563862301477445627e+01,-1.382546432584950580e+01
-8.703647033143452560e+00,-6.673048243336445751e+00,-5.341981777201780801e+00
-1.569790216850644171e+01,-1.124389395212419807e+01,-7.499694699276655996e+00
-1.768137915123985948e+01,-1.453052159092029783e+01,-1.235260584661576289e+01
-1.224104271225374596e+01,-1.110960993070681901e+01,-9.886628912983269402e+00
-9.996583379994371299e+00,-8.930799837858776513e+00,-8.236822047556694670e+00
-1.415701828575601695e+01,-1.238450024139071459e+01,-1.198904641997484966e+01
-8.693177795328985269e+00,-5.670099852524026929e+00,-3.495667293869865411e+00
-8.909882776345522615e+00,-8.342027141748804553e+00,-4.536479929298478986e+00
-1.863915546879994523e+01,-1.630015900837481624e+01,-1.615971972747492558e+01
-1.757187264583395958e+01,-1.529260077410101459e+01,-1.349438973716012136e+01
-1.169972628624101318e+01,-1.029269864279082292e+01,-7.622496627639469224e+00
-1.205051149004216882e+01,-7.585849358915280227e+00,-4.045749886291181596e+00
-1.887225455801445051e+01,-1.435516077184106720e+01,-1.364121708995961768e+01
-1.275893541922875940e+01,-8.805685436021033041e+00,-6.067864146424702732e+00
-7.685763750664124316e+00,-6.200204329800470759e+00,-3.010920590590365542e+00
-1.515845692317215310e+01,-1.224158929095218795e+01,-1.025092205669609058e+01
-1.023107444406898736e+01,-7.972376893055852065e+00,-6.722770895881655662e+00
-5.846838099727564853e+00,-1.839076101234454974e+00,3.132725688762294958e+00
-7.912109225383752609e+00,-5.568843975191611229e+00,-5.493395019989359085e+00
-1.489004766245050604e+01,-1.064223410547035087e+01,-5.893070920762691678e+00
-1.101273289278777767e+01,-8.843756622520309918e+00,-3.970350385261050441e+00
-1.030483582651391750e+01,-9.617958652814468934e+00,-8.394213490796875732e+00
-9.973186808315446683e+00,-5.962900872983606604e+00,-1.940958146764170777e+00
-9.173784407012071540e+00,-4.577955166361981298e+00,-3.340232017674069187e+00
-1.130500126959580243e+01,-9.215346036662168672e+00,-5.875087924734353706e+00
-8.071587886634452147e+00,-4.722655218617059170e+00,-4.335097302051358348e+00
-8.816791792949434381e+00,-6.844988990914984583e+00,-4.397606534163223557e+00
-1.254535682879092917e+01,-1.053671966999282184e+01,-6.057782819117637274e+00
-7.583078127830512827e+00,-4.649379034710211300e+00,-2.146651687669188568e+00
-1.265307113675198991e+01,-7.824715592408972853e+00,-4.544972954548677890e+00
-9.546596172338041697e+00,-5.629728728030240603e+00,-2.565518765876193097e+00
-3.762097293984580482e+00,-1.499130669515497338e+00,3.280668031879089952e+00
-1.053874916667876604e+01,-7.653455738736491654e+00,-6.409754162739337957e+00
-3.926316149527803834e+00,-1.749742786253440485e+00,1.215096297715970053e+00
-9.911343899404773339e+00,-6.549201499057007325e+00,-4.439394509463641114e+00
-1.967742857482568386e+00,-2.477249739152975749e-02,4.933785290967424686e+00
-3.000490696488568698e+00,-2.737685254426396320e-01,1.190556152403348777e+00
-2.224604386186502580e+00,-5.752869009488486007e-01,4.564294423743504581e-01
-3.240595426938517321e+00,-1.450726733363467691e+00,3.294691069523506766e+00
-3.296646169499753309e+00,-2.942157298745835980e+00,1.462896978977999751e+00
1.274020461444011154e+00,4.920757757749049333e+00,5.777950651651620362e+00
-1.865421356954936272e+00,1.067125035130366939e+00,3.299230416533497579e+00
-1.073525618531579351e+00,9.508244897799000839e-01,5.617101494922740024e+00
3.409020245310426134e+00,3.993807054403493151e+00,4.892630197729007868e+00
-2.970847381814226473e+00,-2.347209064032321102e+00,2.027548039642473654e+00
-2.429335878594359954e+00,2.511625456387229782e+00,2.646519765269477187e+00
-9.229744075635264444e-01,-5.798375947780686213e-01,-2.986456294513127885e-01
-3.819423976701342482e+00,-2.313906300288445017e+00,-2.112136120824946950e+00
-4.116120120063426313e+00,2.459074468074361475e-01,2.919303848201477258e+00
7.426909908433843022e-01,3.323667300625479548e+00,3.517317893290027087e+00
-7.227423134722669396e+00,-5.728617539935666692e+00,-4.806946539002387553e+00
1.656994043646811132e+00,4.701818609577663288e+00,8.867587313005884653e+00
3.498375824841160053e-01,3.166307925938935952e+00,6.301344532192260317e+00
-6.493952906008741977e-01,1.764268130151639635e+00,2.968384419573500743e+00
3.092407113391570928e-01,4.872822655755637555e-01,1.113360828997209673e+00
7.000725271220174406e+00,7.906815009893580992e+00,1.230604681720218174e+01
3.329348255501263232e-01,2.093954460205886825e+00,3.248640881763905419e+00
-9.916358556271390512e+00,-4.982515529973515100e+00,-2.011299750225866045e+00
-2.839909116852838977e-01,1.248812005262277758e+00,2.157993670863630697e+00
7.048013333741456776e+00,9.691373740419864546e+00,1.212663809270422632e+01
3.552371635795496196e+00,4.252099063690649494e+00,4.976501285912725336e+00
-4.612841986500093583e+00,-1.424452855180573962e+00,-5.929676896594942015e-01
5.411485373956743672e+00,5.883321852436834476e+00,7.881819298463631718e+00
6.390855117847976885e+00,9.824515742363434612e+00,1.108482863147947128e+01
8.388941392068176128e+00,8.705002213753616047e+00,9.364905123239051221e+00
3.501269035533368879e+00,6.065716929574238137e+00,8.881822493806730279e+00
2.276328940771887410e+00,3.723512550055304349e+00,8.615580554243107869e+00
2.752772737783838242e+00,4.986709317909972405e+00,8.687506189133696211e+00
7.020394325236852806e-01,9.802238093933715035e-01,4.586399360788991686e+00
1.277824334967166742e+00,6.135915668455553806e+00,9.620616360973595960e+00
1.268962872980771373e+00,6.195328325661900948e+00,1.052276068855250912e+01
7.570730387611890322e+00,1.004497722899029455e+01,1.265353772254936082e+01
-3.043257023150247598e+00,7.817823688208243027e-01,2.381122363865404878e+00
2.602403948289254920e+00,5.809580877353827333e+00,7.052851640975475789e+00
6.713266501010164866e+00,1.007070775680129771e+01,1.138896777359171786e+01
5.533143119254102515e-01,5.113198825413380000e+00,5.692345711945135278e+00
2.901020663966762836e+00,5.615694644232165800e+00,1.003182302139594917e+01
9.853455244171122729e+00,1.139151895581359675e+01,1.239959500987376551e+01
8.207013934417656031e+00,1.113844006931278940e+01,1.521499914017114463e+01
2.219763023803950297e+00,2.309416522566463570e+00,4.793173935746876779e+00
2.605400164506570526e+00,6.613732432525027960e+00,1.031474159606927188e+01
9.845375268955278258e+00,1.001416083174405891e+01,1.224597504002361603e+01
1.086518487003175437e+01,1.322844757471323618e+01,1.387100683707422633e+01
1.063977540976092762e+01,1.068126470104903269e+01,1.542543799140322491e+01
6.444607264339327735e+00,1.087787287250728951e+01,1.213162138593729011e+01
1.447858356752277587e+01,1.581540125697573984e+01,1.873453384598747107e+01
1.120645992492291931e+01,1.271899304969636901e+01,1.735226150017355451e+01
5.589150422612789271e+00,8.830752930561772018e+00,1.236020783983326865e+01
1.195584957494788547e+01,1.255132948359862866e+01,1.588579097085574787e+01
5.690398845516923210e+00,7.628668131822820442e+00,7.845710730528845822e+00
4.119132346889458951e+00,7.335858199088402642e+00,8.094858510573216037e+00
1.076977063015526248e+01,1.441495168377251979e+01,1.783007628571117920e+01
1.042645755919649631e+01,1.361396775599228448e+01,1.619407194926341020e+01
1.814350050157535676e+01,1.855423582251027881e+01,2.140196719143026272e+01
1.052926619878451575e+01,1.423519007218226484e+01,1.606797026234013614e+01
3.842020099245115894e+00,8.155073023998724580e+00,1.250490753085247775e+01
1.269079220326497293e+01,1.387816414419153510e+01,1.725549208793936984e+01
6.997946989353621028e+00,7.607262037262615628e+00,8.462749043927823678e+00
1.074609252312973950e+01,1.296225254878791411e+01,1.497576567116050761e+01
1.799235539033975684e+01,2.033747276481758348e+01,2.169299256097433570e+01
1.118826660965438435e+01,1.237469990490160932e+01,1.403041883361928122e+01
5.948991704252073021e+00,1.026226335178513516e+01,1.338251612757921372e+01
1.451955286710096438e+01,1.841956546181033616e+01,2.295201590833390881e+01
1.182900905839942496e+01,1.470820186111829209e+01,1.901179627957963447e+01
9.395648553629886379e+00,1.146840670885674562e+01,1.520130980423032696e+01
5.933820815793126258e+00,6.465494985210376022e+00,1.113397303260347471e+01
1.326346224631509862e+01,1.641132171360218450e+01,2.117559040067222043e+01
1.267947961887197117e+01,1.503564746292440546e+01,1.509633519853839267e+01
9.449450366377435628e+00,1.159988668379123311e+01,1.178843346481326471e+01
9.473794800491845081e+00,1.424806113666789997e+01,1.750094769668995554e+01
1.026275246425375798e+01,1.079736882216128002e+01,1.380358072327450714e+01
1.261129789921421640e+01,1.344354538676403443e+01,1.546438476596743072e+01
8.057919013062976532e+00,1.018925783559749831e+01,1.171990545737646983e+01
1.122908911544862143e+01,1.261336574579501324e+01,1.453858383245321306e+01
1.741790309211836885e+01,1.925472484513825933e+01,1.941651458931666596e+01
8.938025647923435457e+00,1.380693544726977073e+01,1.417856028993106143e+01
1.385355514649872255e+01,1.411573872795919193e+01,1.567730638190555226e+01
1.612000403434769424e+01,2.102714671443647632e+01,2.121277419110920803e+01
1.423900805061441766e+01,1.507884524132970228e+01,1.523704735245709330e+01
1.021625013182622865e+01,1.235692806375543462e+01,1.274452840748323368e+01
8.713416332873116232e+00,1.317617620744219664e+01,1.373473892494424042e+01
1.165910528924174017e+01,1.438700542480904154e+01,1.749686526878589277e+01
7.606410430089286301e+00,1.105089084734965255e+01,1.173284274277808237e+01
6.251588398313534967e+00,9.739748868310758922e+00,1.212304095912388568e+01
1.477810306492592574e+01,1.510692598909283113e+01,1.797107185358184722e+01
1.226307425842567511e+01,1.510181716979334077e+01,1.529112349625305001e+01
1.194868562762236408e+01,1.612762786428559636e+01,1.695503426547202253e+01
1.368207404898868340e+01,1.739908025320982787e+01,1.965604101433831374e+01
1.710407538067282118e+01,1.715654074101465199e+01,2.155399892369467096e+01
1.217513149304550168e+01,1.382210707417482531e+01,1.882006793752512408e+01
1.146772809979733587e+01,1.208534047776472420e+01,1.549766595324900109e+01
1.569571747214450319e+01,1.604986775275273558e+01,1.687954405065596220e+01
8.290261748754435445e+00,1.107282569026508767e+01,1.154122106321066177e+01
7.503063471033951437e+00,1.069993820509442806e+01,1.339339364723196724e+01
1.239001528690282861e+01,1.253203384421714794e+01,1.651923836069884644e+01
1.365426577446073608e+01,1.613018113311154167e+01,1.988214987121040522e+01
1.214611260717293639e+01,1.664572250547526977e+01,1.955079280125283603e+01
1.090153136660744693e+01,1.230005758628227142e+01,1.585015836909108877e+01
9.165979966539211432e+00,1.355002625063792543e+01,1.686719956291747025e+01
1.341634826908819811e+01,1.788661842575517369e+01,2.266818752912712398e+01
4.684391860584320000e+00,8.335953698180810889e+00,1.078804338704205712e+01
1.449480766091739703e+01,1.458164536421407931e+01,1.875857201845541766e+01
6.215285525882531914e+00,8.359314683855521011e+00,1.164728192341497426e+01
1.106594337330886546e+01,1.389809651154917880e+01,1.800644864682717383e+01
1.730629894047071460e+01,1.842528257269069769e+01,1.974941454209225711e+01
1.142021338674975084e+01,1.514888944139909022e+01,1.654416793937085117e+01
8.283088982859169391e+00,8.530473570030117969e+00,1.335937223771423099e+01
1.333399712154181671e+01,1.489064587372986992e+01,1.911999185924221578e+01
1.176733050361105271e+01,1.339774116880999877e+01,1.351637857466866599e+01
1.347001506697319506e+01,1.352862186902430430e+01,1.780854653713137736e+01
1.298102820739595664e+01,1.704779823375061198e+01,2.113130468734175338e+01
7.998635109604691706e+00,1.284406996815189750e+01,1.475592693010380962e+01
8.437267466647968561e+00,9.910230299458774539e+00,1.036628042435403074e+01
7.363287936412664436e+00,1.193329245981041531e+01,1.685693372840343329e+01
1.385025954303583440e+01,1.456963839713322528e+01,1.606643952219907945e+01
1.563581610163665481e+01,1.634349106833168008e+01,1.661236948759447074e+01
5.234685066794524388e+00,8.178852304038157328e+00,1.077733148262279883e+01
1.118976499790157320e+01,1.559803748891437536e+01,2.016804333043153008e+01
1.024788275063307807e+01,1.298847841176005602e+01,1.641771409442900165e+01
5.723999894106352571e+00,9.976839038187151232e+00,1.104249547324641334e+01
1.179156048783299937e+01,1.462688135382198951e+01,1.694983037473650356e+01
7.089660624163025560e+00,8.414246426395161293e+00,9.301222620941189234e+00
9.510749409269413590e+00,9.871937672041999789e+00,1.109376508838864339e+01
1.112712207117784047e+01,1.284580410919950921e+01,1.718205261140784756e+01
7.415868560289114342e+00,9.388216362779900237e+00,1.061339313505693305e+01
5.964242220024716268e+00,8.156169034643721005e+00,9.699940539512503790e+00
6.934520310446568025e+00,9.219663340860906331e+00,1.261418217257885921e+01
1.186158243564533876e+01,1.435588675421910665e+01,1.540857176799285355e+01
8.669546280961258233e+00,9.937621439192428241e+00,1.385673309681448373e+01
2.438611530651067394e+00,4.869002174433091135e+00,6.652221403938360922e+00
9.957038806911567619e+00,1.106800386705368666e+01,1.437015376832740543e+01
6.102156561368040855e+00,7.443281599618596367e+00,9.686178854987378628e+00
9.452461566363561829e+00,1.056852130740293383e+01,1.410380936637851512e+01
3.230420881073650108e+00,5.837336079666757271e+00,7.946213770186930425e+00
6.464397492132100354e+00,9.966330157899392361e+00,1.021185289007112829e+01
9.024151875125703270e+00,9.168427629065599049e+00,1.062433528330189247e+01
6.742167092768617920e+00,8.823718686607566752e+00,1.323764387132343323e+01
5.909262450187051208e+00,6.352536206632100502e+00,1.097367716191816278e+01
4.103967352622182929e+00,9.092561905155637447e+00,9.603958064379046533e+00
9.281802999362080087e+00,1.318890083240134814e+01,1.341498756176486751e+01
2.048991796861187709e+00,2.932210464224199065e+00,5.275511235293099510e+00
8.866670301151293287e+00,9.933197689722561563e+00,1.368843272722950211e+01
9.012988475343370887e-01,3.930083250295428599e+00,4.742912891171734202e+00
4.074585448433946766e+00,7.637366431466366734e+00,1.094404204630324706e+01
4.746626768386805750e+00,6.096694868114970411e+00,8.458574025358043258e+00
-1.332812431174082324e+00,1.144731168735546589e+00,3.408786845380989305e+00
3.552696370589472963e+00,6.565823194124350337e+00,8.801466773238994179e+00
6.765253939988737031e+00,8.019715973462538727e+00,8.183379722479225293e+00
6.155301465919770898e+00,8.460503347475111013e+00,1.009559937220675430e+01
3.299899614514102630e+00,4.351910537645758303e+00,7.795899781049647537e+00
1.654676253848621492e+00,5.821553855182434845e+00,8.718307387812522791e+00
-2.800737741939809844e+00,-4.950037499103006056e-01,2.148612475382102538e+00
3.157286839309359827e+00,5.258547053584234021e+00,8.002283699397962025e+00
-2.852567099638332326e+00,1.467367059400580320e+00,2.413482833145522921e+00
-1.962186461928925318e+00,1.129531246335860217e+00,4.852551465639923123e+00
-3.916561930670294789e+00,3.255304148011926024e-01,1.632442694198957156e+00
-1.238572116109208032e+00,2.886453149175592259e+00,6.695123135267301961e+00
-7.402945708761713206e+00,-6.128197108454878972e+00,-2.348631744251892250e+00
-9.566798130133871148e-01,2.376202224443976885e+00,5.065100375169569347e+00
-3.419409708413943871e+00,-1.540410411772699995e+00,-1.018776968656341708e+00
9.625712511615280853e-02,1.521506513106454239e-01,9.787392622406417830e-01
-1.757467060571803241e+00,3.058572474106352690e+00,5.121017421847343876e+00
-4.037607465755232106e+00,-5.884432137058999146e-01,2.548285950688873314e+00
-3.484511831196135390e+00,6.201112290408301586e-01,5.329981520047512689e+00
-2.019284105003675389e+00,1.510176068395096272e-01,5.066270689190972121e+00
-4.786183738464290904e+00,-2.551228032059885131e-02,2.193300882674761976e+00
3.090344312030449458e+00,7.360388369410469700e+00,7.635270894570150624e+00
-4.574360407860250000e+00,-4.345824792251073987e+00,-5.372120690542048216e-01
-2.604542879944263589e+00,-2.597227636811869189e+00,-2.304619184197748805e+00
4.062735337226448529e-01,2.193344552073927645e+00,4.089272111762183748e+00
-1.949822358899307773e+00,-1.076719431716399500e+00,3.328684093175046321e+00
-5.013412193310458065e+00,-2.408023770191198842e+00,-9.149427747546889922e-01
-2.809540541759557808e+00,-2.167014523178396601e-01,1.811029961849036418e+00
-6.949632669661869322e+00,-6.642800528351794576e+00,-4.491062409466898053e+00
-1.151109789193894350e+01,-6.773094347793113812e+00,-4.748776735601170529e+00
-1.479220204252862381e+00,-9.910660345460780007e-01,2.018801673775867389e+00
-1.563282284338640693e-01,1.112947802627986427e+00,4.148946373334706728e+00
-7.341366435601202056e+00,-6.516771008378400509e+00,-4.100999010759329266e+00
-4.510877038992605392e+00,-3.812908552655071226e+00,-1.202799385793632769e+00
-7.417973053696474750e+00,-5.098011374949590113e+00,-2.088819282246657139e+00
-4.683080895494359908e+00,-3.854535442342382101e+00,1.129894565055878264e+00
-1.022535199119900540e+01,-8.842277426802091611e+00,-4.174575111348254985e+00
-8.942172717040214991e+00,-8.014239909642892457e+00,-7.996906401051054658e+00
-3.338456543119502129e+00,1.291233888143429098e+00,3.482464811842583607e+00
-1.269169303605298360e+01,-1.239076534567815457e+01,-9.718229480193940617e+00
-1.053468419496482511e+01,-1.018173511258549802e+01,-7.631260592844325785e+00
-1.302864169941973316e+01,-9.376719428264026490e+00,-8.677591851529948386e+00
-4.574396108128149230e+00,-4.551154516015097684e+00,-2.146927773826257990e+00
-1.139322595042607134e+01,-7.899965143566910264e+00,-7.674767862609845004e+00
-1.445071282685644576e+01,-1.278993034776869919e+01,-1.237868222322002332e+01
-9.113738083623601938e+00,-6.380873823889317009e+00,-1.754407046310072715e+00
-7.186749869444854610e+00,-3.471935077053971419e+00,-3.048362914389956657e+00
-8.662596583930579186e+00,-6.070262531569441400e+00,-3.384255065820678698e+00
-3.983926416064858422e+00,-3.418818174753638139e+00,3.501707174876620421e-01
-1.091975161767394908e+01,-9.522463896032760999e+00,-6.541474621894574071e+00
-8.769062377656661411e+00,-6.234305521254759341e+00,-3.962344841629377612e+00
-3.965117426807460710e+00,-2.941583031850675489e+00,-1.036119840688375149e+00
-1.466932469961048469e+01,-1.031202802814244457e+01,-9.733676651427497717e+00
-1.127816576113903579e+01,-7.546970730872013533e+00,-5.374954592266034226e+00
-1.680689485831315366e+01,-1.344909611064662158e+01,-1.224862389740730251e+01
-1.685638908858830831e+01,-1.579798825574959764e+01,-1.146179900809384122e+01
-7.626235625725396261e+00,-7.154934173744278425e+00,-3.996298825142182043e+00
-1.118976039211853468e+01,-1.075598061551010609e+01,-1.006929618053968589e+01
-1.402014005404561203e+01,-1.099073106801620447e+01,-9.756919467366380161e+00
-1.093935737538351560e+01,-8.317165091259994369e+00,-4.390549776130523441e+00
-1.463415588031622505e+01,-1.077397073032548036e+01,-1.068363420113277940e+01
-1.490914551969525981e+01,-1.103650918078899501e+01,-9.351466703166599004e+00
-1.423969373197027366e+01,-9.597174239415291908e+00,-8.976116731128442439e+00
-1.198943972984923434e+01,-7.096472094731020697e+00,-3.479748142557332891e+00
-1.661000467511974676e+01,-1.290336921096820610e+01,-1.185410029160156320e+01
-2.271931499633976514e+01,-1.880321417044415711e+01,-1.603707761719981306e+01
-1.480311451215430019e+01,-1.375493593376923229e+01,-1.244072277652765735e+01
-1.831587053594392600e+01,-1.814217340974781223e+01,-1.322726038042676144e+01
-1.645769300588699124e+01,-1.247086269079227350e+01,-1.137465723265017381e+01
-1.001290763562752772e+01,-8.850268890118053733e+00,-6.019244159953384354e+00
-2.016479076480168331e+01,-1.582456771421260733e+01,-1.249346756616466614e+01
-9.246374134059260896e+00,-5.771281073125983596e+00,-3.031714702542770201e+00
-1.905590007664605068e+01,-1.431347426408414414e+01,-1.273620733491054224e+01
-1.861140354745759140e+01,-1.373830037888327915e+01,-1.358648662966847809e+01
-2.058649706159148707e+01,-1.682645787494892531e+01,-1.377375147386934451e+01
-2.303684035856989709e+01,-1.824229090863107317e+01,-1.404330534730926061e+01
-1.651855194367219681e+01,-1.647211590473255072e+01,-1.308729327645855101e+01
-1.734375488406364241e+01,-1.315078561151850067e+01,-9.040775814683929212e+00
-1.640433400770552552e+01,-1.256354671077643204e+01,-7.586966423021485717e+00
-1.772718718216096434e+01,-1.727266128650264676e+01,-1.701410076694797624e+01
-1.630617875007520823e+01,-1.283599815412265954e+01,-7.928426225879424472e+00
-1.588884275720532990e+01,-1.459976303367514383e+01,-1.360809811966790583e+01
-2.050693025392077828e+01,-1.786368674093771247e+01,-1.756474966478519306e+01
-1.475804962433150536e+01,-1.240469431439214532e+01,-1.074091778728054258e+01
-1.756909523434412179e+01,-1.378967708025819228e+01,-1.215130670834721727e+01
-1.614272523660865843e+01,-1.579982730718644746e+01,-1.463817982226716730e+01
-2.358874933787148365e+01,-2.225787851614965973e+01,-1.977683034452263655e+01
-2.679424272485668013e+01,-2.267681254411349201e+01,-2.006106600094703296e+01
-1.758378100375139397e+01,-1.454465349552462961e+01,-1.070117119503164815e+01
-2.048464642466337438e+01,-2.016777580293081229e+01,-1.537739440671221303e+01
-2.213859414594176656e+01,-1.823671907290178140e+01,-1.570921441688085451e+01
-1.831918406074883876e+01,-1.599825125259597591e+01,-1.457222564367678075e+01
-2.352967706482215959e+01,-2.156613665617575393e+01,-2.071946561597709291e+01
-2.216631680606060328e+01,-1.845556165821905381e+01,-1.830774438926914627e+01
-1.652225167654877680e+01,-1.651826948504739079e+01,-1.196517406708528419e+01
-2.112424946023577732e+01,-1.772359460709013135e+01,-1.301388461658198992e+01
-2.312598719452258322e+01,-1.930138651465625088e+01,-1.706019530603854406e+01
-1.858538390721293609e+01,-1.853274417999950074e+01,-1.628955491503836583e+01
-2.146681716935340134e+01,-1.886741044918927912e+01,-1.885429044382755492e+01
-2.261520727607257797e+01,-1.983214076651723445e+01,-1.685413019807940316e+01
-1.913596727299684375e+01,-1.804073207310959148e+01,-1.346947448555905424e+01
-2.717834987003148584e+01,-2.357681122156582632e+01,-2.231872913252765400e+01
-2.285742487045942184e+01,-1.946342611080094898e+01,-1.775544454592913368e+01
-1.880375532710293385e+01,-1.835269879249340974e+01,-1.446645157865229336e+01
-2.212797210950791538e+01,-1.965641047244178807e+01,-1.498987120204938606e+01
-2.217237023972781529e+01,-1.739009675867146498e+01,-1.323527549296502137e+01
-1.551303677135093295e+01,-1.427047177649933829e+01,-1.187612931264007088e+01
-2.723293846157665499e+01,-2.327292001638664232e+01,-2.174652214304368059e+01
-2.527358018375889515e+01,-2.373183796205789520e+01,-2.163433329247206061e+01
-2.622511294122740821e+01,-2.449898086330295399e+01,-2.154068675870700034e+01
-2.474936300779573983e+01,-2.075983610003178370e+01,-1.628992534794286229e+01
-1.933961300472795131e+01,-1.874850542173998136e+01,-1.591402588560418252e+01
-2.557278424041848552e+01,-2.075526416510703243e+01,-1.761856314536894885e+01
-2.195049389120448069e+01,-2.143845556118497697e+01,-1.822496927213794038e+01
-2.672423664142771571e+01,-2.290017925234642249e+01,-1.906901955930707970e+01
-2.222400879495247494e+01,-1.901999412739457540e+01,-1.692198751560446013e+01
-2.901461304741450320e+01,-2.516473940296106804e+01,-2.105911110272342768e+01
-2.679031122890222960e+01,-2.198143761908912452e+01,-1.920966435452185550e+01
-2.676042788050826715e+01,-2.322425986633684758e+01,-1.996702182945725568e+01
-2.581773641575448863e+01,-2.123124263171965254e+01,-2.009200918707975347e+01
-3.201229732011903195e+01,-2.809308048551001846e+01,-2.568865488612825132e+01
-2.734967836962839272e+01,-2.329132944321838750e+01,-1.980190322033005756e+01
-2.331294263323470162e+01,-2.105975748438112660e+01,-1.725068126764896448e+01
-2.178545934630876246e+01,-2.143173789838531818e+01,-1.677225828923489104e+01
-2.232393189839632797e+01,-2.146931337886867652e+01,-1.688540927952656645e+01
-1.930012351044821273e+01,-1.852858519450396102e+01,-1.682369450875556893e+01
-2.564243897411868645e+01,-2.459386283779372562e+01,-2.283711857380620458e+01
-2.738030261740770754e+01,-2.245968619859842619e+01,-1.862147732090612706e+01
-2.563520640259790895e+01,-2.106904207244685523e+01,-1.748676915492478301e+01
-2.292397094479617081e+01,-2.075048225748189878e+01,-1.919881039993160243e+01
-2.286021065289529375e+01,-2.176992570235501034e+01,-1.838415562221662825e+01
-1.956751149721068828e+01,-1.895961985560278862e+01,-1.722659649283147942e+01
-1.971230852156789837e+01,-1.818680517726605572e+01,-1.499267136696950864e+01
-3.022662038649336935e+01,-2.552622128892740250e+01,-2.358291563511312816e+01
-2.085465318925756151e+01,-1.877940988797131183e+01,-1.408613169166973833e+01
-2.896386817164837524e+01,-2.517702234892347590e+01,-2.233838109968095154e+01
-2.088899367273482000e+01,-1.766762978584477395e+01,-1.502361923220805906e+01
-2.231055282031865161e+01,-1.845797440739632123e+01,-1.774825928905916328e+01
-2.444505825603570415e+01,-2.231165368596712284e+01,-1.779783606741670354e+01
-2.034267450359653040e+01,-2.014893985228834339e+01,-1.987367374569506495e+01
-2.525423523126960745e+01,-2.073698858566720560e+01,-1.912698893635729647e+01
-2.272598281928140551e+01,-2.210618741973312495e+01,-1.778034482923041892e+01
-2.689101857570345189e+01,-2.224311857708203988e+01,-2.209140040809183958e+01
-1.726319688276996445e+01,-1.670046232645365691e+01,-1.262474107724006522e+01
-1.765235522275473556e+01,-1.699193316775176399e+01,-1.261590856344579947e+01
-1.854769434099996417e+01,-1.762538328724127012e+01,-1.350837666976870111e+01
-2.307263770872916808e+01,-2.116640855453272252e+01,-1.633234015417088614e+01
-2.698767832563708424e+01,-2.516586435833016466e+01,-2.458119296131721754e+01
-1.850997099214074737e+01,-1.358237524551751285e+01,-1.044076750852211077e+01
-1.773736134548752474e+01,-1.763640490885159195e+01,-1.449080186357988609e+01
-2.534990244363666534e+01,-2.181967684494156856e+01,-2.133170910640828666e+01
-2.298313900236824381e+01,-2.284672727886606225e+01,-2.127105193103136571e+01
-2.066420243427113235e+01,-1.938072405889637650e+01,-1.642579935511939482e+01
-2.336752434789261912e+01,-1.969481750968431655e+01,-1.591774264678172557e+01
-1.891571092736561965e+01,-1.392357981540245859e+01,-1.067871331297385851e+01
-1.728890174875577657e+01,-1.485068175899097653e+01,-1.150915685173750092e+01
-1.784131285463160310e+01,-1.675031106521363000e+01,-1.530220112190305137e+01
-1.960463526459509964e+01,-1.956622594635581436e+01,-1.901650941693398167e+01
-2.466560555722051973e+01,-2.068990730084797747e+01,-1.909194613522145190e+01
-1.555730472609227988e+01,-1.101931480504227423e+01,-6.690171171496952951e+00
-1.143983257803947673e+01,-9.229636124258512098e+00,-4.276865112463125840e+00
-2.155225954852341275e+01,-2.007314184387601230e+01,-1.765445211248956525e+01
-2.002374038887784025e+01,-1.644604155884569963e+01,-1.527770332009148824e+01
-1.862762002542696749e+01,-1.669922863298661397e+01,-1.636961071046074778e+01
-1.981324946911101748e+01,-1.859837248122728681e+01,-1.688362840284506206e+01
-1.914457655837231798e+01,-1.440132944275502780e+01,-1.433479498806297059e+01
-2.103838419358317324e+01,-1.881543413211507954e+01,-1.448240431621828428e+01
-2.174798993974118844e+01,-1.764929748891710304e+01,-1.380939733722091844e+01
-2.034829045005022863e+01,-1.585406133865693867e+01,-1.188031498868039115e+01
-1.877748831003922803e+01,-1.693476008525329135e+01,-1.335608124498193128e+01
-1.612773211242400251e+01,-1.386375361095966952e+01,-1.003865534293101547e+01
-1.998705301848339033e+01,-1.657677035739038018e+01,-1.356090267827730855e+01
-2.108335018375198189e+01,-1.723829563263929998e+01,-1.587731940747515935e+01
-1.954506376644992827e+01,-1.740539049023757912e+01,-1.332969888110119072e+01
-2.293665447451224537e+01,-2.085953735089497130e+01,-1.616885155737548985e+01
-2.095818791472763820e+01,-1.721654366901011812e+01,-1.642800708786895214e+01
-1.384755714069367372e+01,-8.986661179355943219e+00,-4.602248631726507000e+00
-1.962280772114032601e+01,-1.554758599561508703e+01,-1.322622988074382100e+01
-1.458579475688837057e+01,-1.316468005625415927e+01,-8.571630638877575592e+00
-1.001821291918972534e+01,-9.728729302819120406e+00,-7.810554744351223988e+00
-2.110752094737992479e+01,-1.744295799730803864e+01,-1.731407322831808671e+01
-1.204913696763509989e+01,-1.032155027966999938e+01,-5.961340795478578869e+00
-1.267893994595929819e+01,-1.242849601972610607e+01,-8.370533659562781281e+00
-1.547004045907471337e+01,-1.437858925504001384e+01,-1.019681963600194052e+01
-1.116294569643503465e+01,-1.087475603921415512e+01,-9.909891549578427217e+00
-2.061174193824214385e+01,-1.719482465777570468e+01,-1.588046876173238076e+01
-1.495227349292538754e+01,-1.371388248583615166e+01,-1.112487042739024901e+01
-1.346450052443607959e+01,-1.345062418581692398e+01,-1.043787170124442021e+01
-1.594428283043884065e+01,-1.142410487884267845e+01,-8.822077664599245139e+00
-1.533989168545752690e+01,-1.088666521178731195e+01,-6.891767387620255647e+00
-1.288933967791390423e+01,-8.347536892511273621e+00,-8.278561634111071044e+00
-8.365658092354111730e+00,-6.088969879274042540e+00,-2.978940143162756460e+00
-1.038767735964654548e+01,-6.097164967826963711e+00,-3.564987131489570693e+00
-1.238847656996063407e+01,-8.914434864639211753e+00,-4.916903123188742342e+00
-1.106638269388065865e+01,-1.026644726649079864e+01,-6.660519966434534034e+00
-1.036376432760706123e+01,-6.145054451575592047e+00,-4.218017558729755478e+00
-1.365781175651688883e+01,-1.120018985378330001e+01,-8.364084838081330631e+00
-1.029850916966954344e+01,-7.781080010625795573e+00,-7.774830560475589181e+00
-4.747237380328209966e+00,-3.187742340236458638e+00,-2.420221454076744383e+00
-1.159009242012500884e+01,-6.818448180877075160e+00,-4.967314997572152002e+00
-1.184840809982858900e+01,-8.462976737235059943e+00,-5.715567671029289087e+00
-1.485726186819020356e+01,-1.027833360519183259e+01,-9.002409594834185569e+00
-9.143048771448865963e+00,-6.288092497244331724e+00,-5.323764760994522227e+00
-7.077720188135688595e+00,-6.450883065686294771e+00,-3.938476681471716034e+00
-4.634170801093032921e+00,-3.808657265463326613e+00,1.160384303034102782e+00
-1.023027422725127522e+01,-7.427080272527859961e+00,-7.052970583836748020e+00
-9.696464404709308482e-01,3.317584423410499639e+00,5.559686575034444189e+00
-1.244736422445489765e+01,-7.596295147040446949e+00,-2.850237948775408370e+00
-1.100381420929219978e+01,-8.568797528163107913e+00,-5.403267191023463312e+00
-1.435666024168577692e+00,1.647516665566071126e-01,3.517618627247784957e+00
-9.936167708593039549e+00,-7.844510869969042233e+00,-4.321372484813148063e+00
-9.310540084169737440e+00,-7.578881765686896976e+00,-5.575656015187528070e+00
-4.321007476108121637e+00,-2.701394151660949206e+00,1.890601748464275644e+00
-5.956056968977864408e+00,-2.852711358502093120e+00,-2.538366859885272664e+00
-2.372785476954543782e+00,-8.933225135062747846e-01,9.266656697461586045e-01
-7.053334967871537131e+00,-6.030711031813036804e+00,-2.897580013068784321e+00
-4.242943355025712293e+00,-2.046368636528828944e+00,-1.817428312228022591e+00
-4.549998238867948075e+00,-3.465711974413679286e+00,-2.432632873750970148e+00
-9.995322582321546356e-01,7.717489764002305463e-01,4.372303152612660782e+00
-1.006082872854235610e+01,-9.365763733757997755e+00,-6.008861715292789896e+00
-3.007281750201329373e+00,-1.732065820815225532e+00,-6.744107987242475843e-01
-6.192756454016201673e+00,-3.081423924994137753e+00,-7.601068972424545045e-01
-4.660817044934560727e+00,-1.000683399254892025e+00,2.358690391393489350e+00
-6.181635094479164039e+00,-1.609823508248300339e+00,-1.302158348984181924e+00
-3.918285520977110803e+00,1.074258634531016998e+00,2.679117189105357344e+00
-3.174454213121370660e+00,8.998277109706669386e-01,2.684781707922360816e+00
-1.007126145788866722e+00,2.391851099967558181e+00,2.500686364792120475e+00
-3.263289581491121361e+00,-1.902451733596581818e+00,-3.526188547168163101e-01
-5.479640325287747693e+00,-1.001155985647728563e+00,-8.582945023606003421e-02
-7.839797564964355203e+00,-3.472224339702393081e+00,-2.272869317841174297e+00
-2.245058962537335390e+00,-1.459112514606442090e-02,3.724870255170162014e+00
-2.805872242202565037e+00,-1.158728771778534394e-01,4.098585305289430103e+00
-4.005838020312674885e+00,8.608356351767656456e-01,2.945995266910154786e+00
2.340045559576900747e+00,4.869214173233376464e+00,9.197219730871548649e+00
2.846918374162106247e+00,3.183858469753835685e+00,4.498147371388609983e+00
2.881929825918541077e-01,2.142698581228365207e+00,2.925427483123503425e+00
5.125486586529393040e-01,6.638578243872350626e-01,1.293607373787295067e+00
-6.631450792907678249e-02,4.424572136252153953e+00,5.896637140384619613e+00
1.413622918420762931e+00,2.917655715106278969e+00,6.689448506092488422e+00
3.845468765958494739e+00,4.030780347786968143e+00,4.935874961832695362e+00
-2.783510386947622983e-01,2.085135790458099159e+00,2.317990396777874107e+00
2.750514357493701656e+00,5.159772423393275353e+00,7.334256682733518495e+00
5.755990560772797693e+00,6.031400155970230159e+00,6.307778116787524425e+00
-9.016881122057007758e-03,1.690925224080717104e+00,1.723074182960887546e+00
3.828446766635352105e+00,6.306418081664932451e+00,9.848278371070360748e+00
4.381442252157304651e+00,6.627892995772768359e+00,1.022743829279488992e+01
1.102093351508674246e+01,1.302304363063108639e+01,1.692106165855548738e+01
1.040267614563481935e+00,4.538643622218605955e+00,8.734849792372294530e+00
6.612995570411002610e+00,7.808807061441812358e+00,9.013551706061749158e+00
4.274615934621932567e+00,7.503216577892062311e+00,1.143712829259608910e+01
3.617261311441237304e+00,8.585148162292865592e+00,1.156026653754985212e+01
2.581833786552628851e+00,5.594810850075270459e+00,9.381996248365364721e+00
4.927328348747028741e-01,5.395921984293817530e+00,7.842847744814196886e+00
4.763681445958185989e+00,4.919477209861957689e+00,6.658285642643812174e+00
3.515886312070432229e+00,6.418200563435535244e+00,9.544059796874616808e+00
3.865224742738614161e+00,8.575967135664622987e+00,1.268000242681685918e+01
7.586331445236543125e+00,7.614874105882442734e+00,1.063816540566926605e+01
3.518924174691024476e+00,8.318064774229876335e+00,1.046180104600404803e+01
3.822760512666869559e+00,8.804338851295781865e+00,1.141959051469394737e+01
6.711730637428624746e+00,8.175357070905860724e+00,8.340847269302425815e+00
7.653733112765801927e+00,1.037549610097328134e+01,1.238399129232318252e+01
8.241748300151090945e+00,1.125742326308515118e+01,1.234665376443335738e+01
7.001036411272734128e+00,9.605334722118179513e+00,1.280325132779868902e+01
1.061887441770234375e+01,1.442262846963041945e+01,1.720424806022692721e+01
8.079126321276632439e+00,9.009764203400242977e+00,9.091099195530821575e+00
1.079777978317314968e+01,1.325731466233665046e+01,1.403188682503852114e+01
1.155376142944841433e+01,1.548062747796400807e+01,1.954286515853210915e+01
1.045556497954072483e+01,1.093446361625526819e+01,1.494563893971109891e+01
1.111640906775457260e+01,1.149742951230867405e+01,1.314417028929017128e+01
3.549127164107033217e+00,8.546825611082583762e+00,1.143922082818062691e+01
1.390703651712248501e+01,1.407378209847212602e+01,1.488658798537804451e+01
7.711029877998623050e+00,9.866906279899962939e+00,1.035189605956541925e+01
9.473506008768431741e+00,1.302513626295178106e+01,1.409548369468833151e+01
1.456045589854473121e+01,1.601945011221426185e+01,1.702641013324424080e+01
1.198394551565825417e+01,1.415902770671308630e+01,1.535461354404833934e+01
1.126411706953352265e+01,1.396373309227035442e+01,1.723798616930195493e+01
6.212222361019844818e+00,1.082089083457667122e+01,1.505751794126707210e+01
6.380310724939731948e+00,1.073047403265442234e+01,1.096814196915751261e+01
9.638694232205798684e+00,1.415461410569560030e+01,1.563430145326787901e+01
8.864921594323266874e+00,1.136182450736612637e+01,1.155660844369430151e+01
1.283585266461173191e+01,1.394021597345961361e+01,1.704503223852422522e+01
9.907283456041874103e+00,1.278069727122740495e+01,1.390031276409330374e+01
1.234309954823660860e+01,1.670041543726753019e+01,1.719589991638989446e+01
2.011161955385228239e+01,2.067178403265414488e+01,2.389089665495513159e+01
1.120681977116808881e+01,1.170235659709800657e+01,1.279416497897788929e+01
1.147788675258316893e+01,1.444232125518920640e+01,1.475939281221894461e+01
1.637300391473848293e+01,1.663940010755156962e+01,2.147335512435646976e+01
1.832215547438625691e+01,1.963699562317518499e+01,2.138977412427567160e+01
1.464849699958654128e+01,1.615292304652592748e+01,1.832701952878147367e+01
1.026355310410689725e+01,1.465972779210668264e+01,1.483856793877256841e+01
9.295960767195905916e+00,1.280628412904208702e+01,1.482989997473853983e+01
1.001176380766102092e+01,1.351361566503997835e+01,1.390718327180752567e+01
1.619548805878943654e+01,1.646679715417839418e+01,1.938799832859927719e+01
1.512399378722014021e+01,1.764622595761868595e+01,2.171724657728324814e+01
1.690758006879344677e+01,1.824325019327845965e+01,2.199623112256549362e+01
4.316209464390041717e+00,8.048244198615311262e+00,8.116373524279937968e+00
1.084697914781401451e+01,1.293799821562313213e+01,1.328347553178478968e+01
1.328295347194976195e+01,1.556608829503265135e+01,1.727141718561621531e+01
1.386443848333701823e+01,1.687333925033252768e+01,2.029394979506804830e+01
9.557030909373100513e+00,1.051873049351862299e+01,1.379949428151494217e+01
8.816022321264995298e+00,1.249111260549038960e+01,1.262110694661493326e+01
1.197789287250538948e+01,1.370012340011759555e+01,1.749484447400334730e+01
1.725751579663242197e+01,1.809498014609584260e+01,2.238973999186195840e+01
1.097682935947021754e+01,1.536204833924399971e+01,1.539316736064277258e+01
1.059671603401172568e+01,1.137443845822326338e+01,1.493994956335122737e+01
1.450338832999545424e+01,1.620106800878332365e+01,1.742726370787843493e+01
5.752665448565656092e+00,9.320157915136482174e+00,1.007019602669487313e+01
1.351982906728783718e+01,1.480474221379249222e+01,1.687545173730864789e+01
1.224105904354867391e+01,1.387275832214539939e+01,1.473052826440147811e+01
1.135195429562107705e+01,1.234722649106773851e+01,1.526899778897118765e+01
1.057416188027428205e+01,1.531614669738552692e+01,1.773489093638990965e+01
1.450034658552793942e+01,1.776778612489193421e+01,2.131421508619578731e+01
1.266765117951497999e+01,1.620738270137469428e+01,1.987188242927061310e+01
1.351085622892148663e+01,1.559001231069041360e+01,1.684296195282514930e+01
4.858174924687284957e+00,8.655808564999535548e+00,1.170772573854221577e+01
7.627309250858992584e+00,1.088628511219759076e+01,1.167344527362456930e+01
1.804753152184387943e+01,2.030670847485026798e+01,2.226684061182950103e+01
1.467656561359491718e+01,1.774919299660811234e+01,1.807945801815356646e+01
8.333437255143900657e+00,8.573807701194400721e+00,1.140216765184073466e+01
9.431647965577921511e+00,1.068711332683394133e+01,1.372981698132208273e+01
7.940293862170538119e+00,1.113593664017916751e+01,1.148032563173020826e+01
8.185975212600933304e+00,1.265959033883251550e+01,1.642563343247628538e+01
8.175395182787696058e+00,9.853971632220279275e+00,1.114507894862074444e+01
6.849471219451826798e+00,1.183511498619329672e+01,1.242487478627648656e+01
1.390156396296592334e+01,1.538808962452868201e+01,1.903510585029260938e+01
1.194008987451596937e+01,1.538374605359550529e+01,1.613070846309350515e+01
1.014344239773789269e+01,1.457735323873559352e+01,1.591706642283639539e+01
6.193150471290082670e+00,7.169787849642466959e+00,8.480075570546706132e+00
1.152152961817948906e+01,1.293707399816533510e+01,1.508498164620118231e+01
1.210956817983915634e+01,1.320868667793533824e+01,1.668031403977951754e+01
9.430243600624166334e+00,1.271179677040001721e+01,1.652984388102075641e+01
1.137178573542882987e+01,1.315517716700395567e+01,1.594429179942930297e+01
8.062217507578775866e+00,1.139339920454787780e+01,1.346200032915660216e+01
4.495093848858765284e+00,9.155596326641774141e+00,1.096626240543290187e+01
8.492921595545379176e+00,1.017536714700065659e+01,1.024306176847941963e+01
1.339605940971581433e+01,1.409893042677022912e+01,1.899750102216866665e+01
8.892823872267671348e+00,1.263899008800257384e+01,1.686365460260070748e+01
1.048378673124097560e+01,1.473165948039008200e+01,1.764714376428141662e+01
2.487176936041042730e+00,6.758972863119857344e+00,7.749870823711049184e+00
1.143357870627164097e+01,1.167673378421491392e+01,1.208879887634156525e+01
6.000369333635418911e+00,1.012433573607362192e+01,1.227799834027266890e+01
3.947220349210928347e+00,8.758640881630370245e+00,1.302621644931380018e+01
1.230865288668494628e+01,1.463089914483420984e+01,1.895448050884842317e+01
4.653972216253340122e+00,4.932531394873025832e+00,9.454787417657110282e+00
1.362696039124578640e+01,1.420870068950831744e+01,1.808936019096242021e+01
3.450744623466380556e+00,5.883627313527733271e+00,6.628907032556290879e+00
4.515405212340387386e+00,8.529377866898695260e+00,8.861505030327181842e+00
8.218764680357477204e+00,9.681914865261164849e+00,1.079674145395373230e+01
-7.412518022909697635e-02,3.935838795851342553e+00,6.114230529626986765e+00
8.844196149436417187e+00,1.044893587257980094e+01,1.279481415422483614e+01
2.961445227064355645e+00,3.022877572608388519e+00,4.569856253262718937e+00
3.661610444673020659e+00,8.486371810991830245e+00,9.339081462644637455e+00
7.831360538624593914e+00,1.075744556277415853e+01,1.539871342481627892e+01
3.849197034042648902e+00,6.124167811989605248e+00,9.013849321911326484e+00
7.157994671322586377e+00,8.002432244635535596e+00,8.348980368571169208e+00
7.434387925631511074e+00,8.448206118056537761e+00,1.274406931085649219e+01
6.025104601510653524e+00,8.369982973873904442e+00,1.318045742051335267e+01
3.482794013027683100e+00,4.281778582558319002e+00,7.952207820639081604e+00
1.514410412531336902e+00,3.398650675399829790e+00,7.931852701355182944e+00
1.067295380726770659e+01,1.077483482654902858e+01,1.348422492016930008e+01
3.796924469656884682e+00,4.996403751216962341e+00,8.196597257666693892e+00
3.749430150067035505e+00,6.991297885873453133e+00,8.364436588716721133e+00
-3.449425008121153269e+00,1.203131685823747965e+00,5.447118110566034233e+00
-3.699797157867243946e-01,3.505583837927754409e+00,7.627380091582491417e+00
3.310482510953427493e+00,5.320920299824828170e+00,8.758845315775886320e+00
6.857843627394520247e+00,7.218427906699409036e+00,1.176133575625065752e+01
4.262897675015896226e+00,8.700048462980220165e+00,1.001632084462371175e+01
1.682844178948732505e+00,5.953459522597047027e+00,1.036952233204384122e+01
-7.000938701225303262e-01,4.045709668578518325e+00,5.621725911126762121e+00
6.550048076059034052e-01,3.351425102133558376e+00,6.271019334842751647e+00
-1.701439905968911148e+00,-1.467752436170874475e+00,2.386840483065855611e+00
4.537667523848170070e-01,3.538438220419706681e+00,8.259032055210262513e+00
-3.486432929724372354e+00,-3.269693981463952070e+00,-2.409263573283162430e-01
4.594543327901671859e+00,6.722693617706231528e+00,1.020327700360289569e+01
-1.056139521083342636e+00,-8.549529556073496295e-01,1.712737720174986045e-01
7.068315619311409392e+00,7.584428281159602214e+00,8.298370036503820657e+00
1.416633917864141612e+00,3.993316495515682796e+00,8.325880180069674452e+00
5.746681017779577516e+00,7.886365537833827766e+00,1.134409025377056146e+01
-1.158272044372423704e+00,2.011100644204772525e+00,5.105036089005991151e+00
-3.565932941905886722e+00,-1.315158504851364540e+00,-1.269412058052026726e+00
-1.240420324200857793e+00,1.479707940519091158e+00,3.447684340777508183e+00
1.384266301977887803e+00,3.551116725894697179e+00,4.102232354069838216e+00
-4.853514361488094231e+00,-2.161825175756423967e+00,-1.760498627501607682e+00
2.938919670293000941e+00,4.785540821801064659e+00,7.602943692273452569e+00
-3.192568211534376754e-01,5.737628251081403619e-01,1.769722670189163072e+00
-5.772059423236372666e+00,-2.817918783978175856e+00,-1.076719610940606753e+00
-4.684943857079043816e+00,-2.896382956903358341e+00,1.640545772760281906e+00
-7.267324948158218945e+00,-7.028728780597122139e+00,-4.878112343841770837e+00
-5.073091968717365674e+00,-1.320682923221162541e+00,3.239286201938346821e+00
-7.972750910329541085e+00,-5.620453428174752020e+00,-1.421074593105995376e+00
-1.235418801946254197e+00,1.440428304302265872e-01,3.114495305921599844e+00
-1.187445119888842271e+00,1.564425985938607155e+00,4.120966821787332535e+00
-3.438504595376587147e+00,-3.058943591081951130e+00,-1.759346780407300415e-02
-1.607198025733198143e+00,-1.258674564281179853e+00,1.542255148317446478e+00
-1.020668878244723032e+01,-5.445168500958514457e+00,-5.009631301011125082e+00
-8.446612054906250222e+00,-4.678329890738851304e+00,-1.411727613062893294e+00
-2.450370592761793365e+00,-1.416684544171907589e+00,2.311385622506886950e+00
-6.026874273330210308e+00,-1.068874662573318979e+00,3.362871697210898958e+00
-3.649962102975190525e-01,7.808037700095900036e-01,1.765088411399592605e+00
-8.063736772888631776e+00,-3.340026437420475780e+00,-2.981490063749205888e+00
-8.649586184747034778e+00,-5.574933416881915349e+00,-2.128818433076058447e+00
-9.450759128465332282e+00,-4.665801264900256484e+00,-3.876161348157841413e+00
-5.385484514349171192e+00,-3.668894882646400291e+00,-2.109437351251461923e+00
-1.176240009217659832e+01,-7.465342283529444956e+00,-6.953214789963766407e+00
-5.595811838107458414e+00,-3.043924835713410992e+00,8.255566909259304254e-01
-3.791500343651628135e+00,-2.528562132280273822e+00,-2.199592745210036338e+00
-8.459549441456010399e+00,-8.395045801316147305e+00,-7.990893718201990126e+00
-8.456080409182284541e+00,-6.934160510448879933e+00,-5.866367707463495229e+00
-6.592057520080605748e+00,-5.542669796716963582e+00,-2.874313517089023939e+00
-1.551964414428145567e+01,-1.127669253350100220e+01,-8.459866215405988044e+00
-1.130186199771190303e+01,-9.533633949805519592e+00,-7.810740931501868545e+00
-5.938342210808381871e+00,-5.730094773872296265e+00,-4.705983282031814596e+00
-5.253661682635711649e+00,-1.953325037030417377e+00,2.061934091204240538e+00
-7.909411007182339581e+00,-7.133490024005803676e+00,-6.828946339982961078e+00
-1.102335863497409107e+01,-9.689844097586217231e+00,-7.395962429262643134e+00
-8.150541923627352858e+00,-6.765426087243139541e+00,-2.095043690730467922e+00
-5.669350878220277501e+00,-5.265457153332077311e+00,-3.865245579886292582e+00
-7.124791481597696929e+00,-6.616145638467807011e+00,-2.068128499645490059e+00
-5.056558675222565746e+00,-4.167704474519227098e+00,-2.349390841112750650e-01
-1.695717218814690241e+01,-1.475358572602296903e+01,-1.264506357543092463e+01
-8.311903822325827917e+00,-5.840020298609371885e+00,-4.164035013708918598e+00
-1.140587131791794384e+01,-8.675697937068193255e+00,-5.571349306431394588e+00
-1.139097770399973619e+01,-9.596967715802623644e+00,-6.005888467780735596e+00
-1.665380118069422011e+01,-1.480702631322476392e+01,-1.009578631502976975e+01
-1.096564059835873373e+01,-8.986428501481167785e+00,-8.715957993243716118e+00
-1.580576314922426207e+01,-1.447673290322776296e+01,-1.406911926238780275e+01
-1.475904778710686571e+01,-1.031475459166478359e+01,-7.995697659356349796e+00
-1.185530708173904202e+01,-7.761623244622558815e+00,-4.724474153727986625e+00
-8.539054228909321864e+00,-6.969251881369660673e+00,-3.511178587057574241e+00
-1.328707300657270096e+01,-8.812696898177355465e+00,-4.319070036733122286e+00
-1.175890865796088214e+01,-1.169012529485344132e+01,-9.919037795598088181e+00
-1.879049228552513284e+01,-1.859925518811331813e+01,-1.505707828605966192e+01
-1.580432430105549813e+01,-1.512097227785074161e+01,-1.288891542025380232e+01
-1.528120453677813018e+01,-1.442518063660146765e+01,-1.382467349837635773e+01
-1.876680765778952775e+01,-1.377216255850034798e+01,-1.160493931636272258e+01
-1.753823437671701413e+01,-1.661379438924952012e+01,-1.208394122865132658e+01
-1.763241131689350993e+01,-1.710849227019200214e+01,-1.285583045652550993e+01
-1.989062787337581284e+01,-1.494252757842008883e+01,-1.475125086130105423e+01
-1.809488033368845450e+01,-1.747722516896463674e+01,-1.483262664479841852e+01
-2.060813889277119415e+01,-1.844421298842530277e+01,-1.352656883823341971e+01
-1.781493331698653293e+01,-1.580756022105125247e+01,-1.265634902015660401e+01
-1.899055591376927055e+01,-1.438267927752933950e+01,-1.319594611917786331e+01
-1.404021916957469962e+01,-1.141410067424851604e+01,-6.580418272495156984e+00
-1.991197961031187091e+01,-1.792300431212717626e+01,-1.674546251522912144e+01
-2.028567314206822303e+01,-1.844108877045032457e+01,-1.505587672091267493e+01
-2.462192232140778003e+01,-2.050029975200316557e+01,-1.895081300573053795e+01
-1.943155867313911500e+01,-1.717450617114723244e+01,-1.617992728783252687e+01
-1.838140361285687518e+01,-1.419848534669486284e+01,-1.200961865849030019e+01
-1.871289889607053070e+01,-1.774642996150578966e+01,-1.336706368211201834e+01
-1.994687779298807584e+01,-1.557278970051653388e+01,-1.180502570949474617e+01
-1.546582900414038697e+01,-1.304004017064490384e+01,-1.106205526391599747e+01
-1.486265381210580117e+01,-1.122028833665598313e+01,-8.696026666049206710e+00
-2.099138936138107070e+01,-1.875295908687653323e+01,-1.528507215992991775e+01
-2.135817959279696510e+01,-1.692000559764844780e+01,-1.584886083805165136e+01
-2.700079181290626451e+01,-2.269059385164278098e+01,-1.808350834642274663e+01
-1.906154994898372479e+01,-1.815368648242287364e+01,-1.485191289312313678e+01
-1.874666638157388476e+01,-1.676430643400968634e+01,-1.278993261411628346e+01
-1.796397621641985864e+01,-1.680448100946344425e+01,-1.327610944305652652e+01
-1.885370387199450093e+01,-1.740607231320927184e+01,-1.507647664409630650e+01
-2.359430300273416847e+01,-2.254398218086469186e+01,-2.203863870501530187e+01
-1.928177910134071027e+01,-1.910480033206516026e+01,-1.591463390964059066e+01
-1.915744568913112289e+01,-1.634672623328552987e+01,-1.241925293664374408e+01
-2.609286352455233171e+01,-2.247688450183650843e+01,-1.815653235420695921e+01
-2.341013946187062089e+01,-2.042297014600899985e+01,-1.780231670219893658e+01
-2.108302135509726227e+01,-1.954312680778015832e+01,-1.748989855658102499e+01
-1.944997306944446436e+01,-1.707365802140267874e+01,-1.239846273702389645e+01
-2.194709452695058260e+01,-1.961475925896354155e+01,-1.505004909094327914e+01
-2.020852839092063391e+01,-1.846869858100479433e+01,-1.527871552634902130e+01
-2.750667791670063167e+01,-2.332052373086592212e+01,-2.161319843190608481e+01
-1.740491409299429293e+01,-1.676951260539822286e+01,-1.208341156805949979e+01
-1.664074263671376741e+01,-1.624730926433158729e+01,-1.391079278374406414e+01
-1.855579511599049880e+01,-1.729402585444439922e+01,-1.500280351875956519e+01
-2.601485413721336926e+01,-2.116130223812723088e+01,-1.728060062386805740e+01
-1.989993794403794780e+01,-1.870331251545840701e+01,-1.576049413003096866e+01
-2.184171305049644118e+01,-2.128516020245339391e+01,-1.711442186380638120e+01
-2.191340217821445080e+01,-2.064520529848565289e+01,-2.007379028673575050e+01
-2.738540386476590172e+01,-2.452767946545312938e+01,-2.152852641141360834e+01
-2.590547512063705682e+01,-2.339224426064612317e+01,-2.031007151969688707e+01
-1.790389606496803054e+01,-1.711811760489062095e+01,-1.337453305200418541e+01
-2.437866208512336286e+01,-2.142387076608195784e+01,-2.086147996457909315e+01
-2.295422056373716302e+01,-2.219968330800933032e+01,-1.727465740239892966e+01
-2.011029026980596512e+01,-1.974104115637830503e+01,-1.755258661293753875e+01
-1.971183228137983079e+01,-1.679714870093239298e+01,-1.652970386693157678e+01
-2.757090250113428453e+01,-2.529109163378697644e+01,-2.338671357821683117e+01
-2.666679425142523385e+01,-2.607506533441489438e+01,-2.363163535878814159e+01
-2.214156592310916238e+01,-2.093458784592251121e+01,-1.895301848295600067e+01
-2.382578919450005372e+01,-2.174974256352990665e+01,-2.039531000648607062e+01
-2.397872632991583330e+01,-2.031512632266419160e+01,-1.726162239245629593e+01
-2.061813638983687724e+01,-2.037583211582100517e+01,-2.029096393870877790e+01
-2.131316680021743437e+01,-1.857870518916389102e+01,-1.609101880894753123e+01
-2.246684958699335510e+01,-2.019443777521010830e+01,-1.666953143497271128e+01
-2.220908111937988139e+01,-1.750785107583326905e+01,-1.264206691856128906e+01
-2.362885408285227840e+01,-2.087915359896488710e+01,-1.993997754822512647e+01
-2.663943509589162062e+01,-2.235906339980168767e+01,-1.946939434858138540e+01
-2.541762604824914362e+01,-2.340727157825407190e+01,-1.906341245107026339e+01
-2.755145549033324670e+01,-2.362419037325707194e+01,-2.279762985459356273e+01
-2.055719533598471926e+01,-1.748559478687890589e+01,-1.269710489888671390e+01
-2.243105778318706456e+01,-2.000694964683326660e+01,-1.532314014925420054e+01
-2.783701638678049761e+01,-2.545236572354691873e+01,-2.236400871730667461e+01
-2.799830267343365620e+01,-2.318208007918625313e+01,-2.260715062180202040e+01
-2.079197986345361571e+01,-1.978426926361431271e+01,-1.654224271894979381e+01
-2.586614704318827407e+01,-2.408905994492028668e+01,-1.980285995370345020e+01
-2.222873280479180380e+01,-2.104340882143704761e+01,-1.794763510852802568e+01
-2.674648983589762707e+01,-2.248478833314890224e+01,-1.905553550471239177e+01
-2.454597430859699259e+01,-1.976946244739733061e+01,-1.701911074341659003e+01
-1.909401572739431785e+01,-1.798344693251925719e+01,-1.755403856439009402e+01
-2.154664770444618327e+01,-1.691763410021409797e+01,-1.478076198259241814e+01
-2.437690584139215488e+01,-2.379396824405300848e+01,-2.066692079028239704e+01
-2.671454188647843608e+01,-2.661868793271409572e+01,-2.309727167027643446e+01
-2.276404511915073314e+01,-1.966451038182901101e+01,-1.726763942152750886e+01
-2.412390706962435516e+01,-2.128395772572658373e+01,-2.060605195582229854e+01
-2.341692460502375894e+01,-1.863090944591169063e+01,-1.836818849760491190e+01
-1.974807049059176123e+01,-1.952887502096892547e+01,-1.756254699357786819e+01
-2.353066491835001273e+01,-2.000642125251679104e+01,-1.956329285801566087e+01
-2.060628127371082030e+01,-1.727209313611476560e+01,-1.600156931265252780e+01
-2.595855264875837776e+01,-2.295038725270246260e+01,-2.180691880429202811e+01
-1.993170190010077647e+01,-1.894086621988060415e+01,-1.557653943758442239e+01
-1.926299962670330501e+01,-1.551608095402548848e+01,-1.374430511323618020e+01
-1.719256703700646227e+01,-1.352920813669148004e+01,-1.126612116619456572e+01
-2.364914051334105594e+01,-2.166815050153365974e+01,-1.721620120245939134e+01
-2.188574229212436606e+01,-2.114316455601845846e+01,-2.040346167297699864e+01
-2.211136232575986327e+01,-1.787462500098788354e+01,-1.618456841770973043e+01
-2.445347033831354366e+01,-2.040486375599372693e+01,-1.757693453624677460e+01
-1.844013640040348889e+01,-1.441785453945871787e+01,-1.177457109693080461e+01
-1.953671712739689426e+01,-1.716847526708551186e+01,-1.436222044326498803e+01
-2.192891930695289915e+01,-2.185783997831961400e+01,-2.076855339517734933e+01
-2.667919394728233584e+01,-2.211424707020092129e+01,-2.070652555121804284e+01
-2.519034511004382182e+01,-2.309247082907708304e+01,-2.184013802707456620e+01
-1.814535964906032461e+01,-1.391916215704053528e+01,-8.947624871991481044e+00
-1.389342954562045662e+01,-1.327751352808552454e+01,-9.942898506463439645e+00
-2.258448932651543828e+01,-1.774207744681647014e+01,-1.518828705520703615e+01
-2.414191564574900895e+01,-1.966712931886032223e+01,-1.857392874344893841e+01
-1.975498336459796889e+01,-1.532404606209663100e+01,-1.311240505912670429e+01
-1.620868782503323757e+01,-1.222598426398594285e+01,-7.973395818485069952e+00
-1.434032729688325603e+01,-1.237613145976950335e+01,-9.641848376911124063e+00
-1.512443220378292708e+01,-1.451018568454455782e+01,-9.715547304081116664e+00
-1.535473599945133749e+01,-1.311142520135830303e+01,-8.196722859543337236e+00
-1.996966084771534611e+01,-1.643490297849756487e+01,-1.334964869568799806e+01
-1.524984174089788524e+01,-1.353279377901495906e+01,-1.049917132339079551e+01
-2.364250808587908281e+01,-1.924100195046226247e+01,-1.798216629776571196e+01
-1.371547887631087903e+01,-1.110024075401142341e+01,-9.753119793413981498e+00
-1.880824281047859614e+01,-1.484175454846615594e+01,-1.354736043535808321e+01
-1.656264419434462454e+01,-1.545371450331664853e+01,-1.325647212042904854e+01
-1.349014879539949519e+01,-1.259400002665400464e+01,-8.682489058954194761e+00
-1.372959657126681599e+01,-1.231893974701648098e+01,-1.165796274535430221e+01
-1.349057430765638266e+01,-1.011095798867553341e+01,-6.463314060905458902e+00
-1.522347379199395689e+01,-1.055313367223128296e+01,-9.413448812326093318e+00
-1.365147702916284622e+01,-1.277638861274858506e+01,-8.409740918879737848e+00
-1.592797201173993571e+01,-1.568072695065413669e+01,-1.446881705682442210e+01
-1.228293204418848106e+01,-1.012547346167629669e+01,-7.645279813629142218e+00
-1.752547849018676018e+01,-1.450320255993981888e+01,-9.587122815497318484e+00
-1.874836468280217616e+01,-1.712703683116736642e+01,-1.294582888358303485e+01
-1.387624321344866374e+01,-9.793956704104950006e+00,-6.323834874958819796e+00
-1.366310530687451319e+01,-1.090272384075863599e+01,-1.037559920806865144e+01
-1.648566801589212716e+01,-1.217311500563460847e+01,-8.855236186538734344e+00
-1.280056720574691020e+01,-1.130629449155043709e+01,-6.365970480200919823e+00
-1.053283458222136915e+01,-6.183092370703782592e+00,-6.143848816256136658e+00
-1.280680140644163778e+01,-1.244674104348441190e+01,-1.197304720938013745e+01
-1.148299284675832865e+01,-8.739793684334300039e+00,-6.383136268801075985e+00
-1.034930865258641397e+01,-7.918579165099612460e+00,-4.039243204048609925e+00
-8.644649820078537772e+00,-5.710543086817588154e+00,-3.038962353015159046e+00
-1.116914252983184319e+01,-9.490208703385086153e+00,-5.588075022363717004e+00
-8.680347679186375842e+00,-6.262641158338023928e+00,-4.240619361636197127e+00
-1.314325152426421361e+01,-1.307620910170334305e+01,-9.265638015993202359e+00
-1.149751267106524111e+01,-8.520550665317701444e+00,-3.555518476148729512e+00
-5.758061607199378429e+00,-5.436497814724630118e+00,-1.015348387459762414e+00
-8.672934903795329831e+00,-7.153317932697763837e+00,-7.125311351190248388e+00
-1.151864975233370281e+01,-9.610566630853929482e+00,-5.082450659608240606e+00
-1.293881383018413622e+01,-8.179233314584269721e+00,-7.090441534965331805e+00
-1.865103380174774372e+01,-1.385327972643072947e+01,-9.348237361825571412e+00
-1.277305635904737002e+01,-1.125078261919118106e+01,-9.168993702064646811e+00
-6.011942589321200181e+00,-4.533011362406742961e+00,-4.126756921113647891e+00
-1.031321016124498513e+01,-6.544507295303475303e+00,-6.354243422336013580e+00
-1.043253555861268467e+01,-8.349245552293162120e+00,-7.775273392202281642e+00
-6.621746126844215041e+00,-3.354300728455752001e+00,-3.163607136681954479e+00
-9.985812004984857992e+00,-8.353956503444067039e+00,-4.796379451544603434e+00
-8.716165778195513525e+00,-4.958755020692611204e+00,-7.295659178024784808e-01
-2.198066637756398212e+00,-1.796065871761053145e+00,-5.375807613801051321e-01
-8.287849974422101695e+00,-3.502826213835460667e+00,-3.500527926763547626e+00
-4.130291114124238216e-01,4.144037745253661420e-01,1.378948101322365449e+00
-9.937091593431658154e+00,-6.576494919806412653e+00,-4.643272595066088471e+00
-3.979150016769825715e+00,-1.094485479224901692e+00,-4.882074190361398447e-01
-9.410446340927840936e+00,-4.967730246641634650e+00,-2.085164222343522944e+00
-4.209076726383951694e+00,-3.582635514038937430e+00,-1.792918564383373603e+00
-9.221456068417621665e-01,9.577121345803396579e-01,3.206154351483680554e+00
-3.118887121357555081e+00,2.242662389693028668e-01,7.850897999583866804e-01
-1.038908340672999131e+01,-6.291888287299634896e+00,-5.343098135376778579e+00
-1.960633730666976771e+00,-9.483505588072035364e-01,6.258755752731591793e-01
-9.649814572474493701e+00,-5.220157809672478777e+00,-2.399027343615154351e-01
-1.395375593959732097e+00,2.255729819280794413e+00,5.304572076840535999e+00
2.174538953699636679e+00,3.903237684425294507e+00,4.607719167187374509e+00
-3.016757357989798383e+00,1.998496745850220913e-01,1.898820720476174229e+00
-8.933456784509676396e+00,-5.547019166570799520e+00,-2.737472218517019495e+00
8.702451630701368845e-01,1.425788276156766399e+00,4.983792278311639734e+00
-3.717507262938793411e-01,4.860188255806488500e-01,3.313979368279901472e+00
-4.675004401917732366e+00,-1.009880825887169653e+00,2.650382937855361387e+00
-1.371363715429985808e+00,1.644134106095155756e+00,5.028214898658972309e+00
-6.486891980068902885e-01,9.334716610717381791e-01,4.613678796550059857e+00
1.529908205151828682e+00,2.542626326154801664e+00,5.364838693906509803e+00
2.956774444265661383e+00,6.263136173549019858e+00,7.372723790387366805e+00
-4.825688434987988273e+00,-1.843363570500666349e+00,-1.720661739028601644e-01
-7.209045514896006424e-01,1.907095783597925198e+00,2.670019826036780231e+00
-3.337807222654359585e+00,1.524363380274037505e+00,3.714347739272669813e+00
1.011360661620249957e+00,5.894044550928650317e+00,7.732930024876488062e+00
3.073250797442552695e+00,5.869543585257608775e+00,6.966807009345545865e+00
6.065659715882452119e-01,4.675198267566445409e+00,9.018858398415565247e+00
2.953993765374720581e-01,2.804274325479402474e+00,7.565136427915723161e+00
-2.401369531866510698e-01,4.249209208757780409e+00,5.938212065691296004e+00
1.413319391974024342e+00,6.126476502448236161e+00,7.514559559017442325e+00
-3.114227544789838653e+00,4.415321344747242804e-01,3.792350312577645433e+00
9.834785801495735669e+00,1.008973942601680918e+01,1.294842833744363020e+01
2.829051195809715757e+00,5.182425891892023628e+00,8.484234789047510716e+00
3.711191227249108771e+00,5.253203864135168821e+00,6.007134353073941391e+00
1.687487373801335622e+00,6.555921417992146338e+00,1.045259794042279466e+01
3.732109066824199850e+00,7.698089018203003064e+00,1.098963645542796641e+01
7.192591790388121353e+00,9.572875984026330443e+00,1.038359333749337132e+01
2.409012823315877405e+00,3.302429401254280972e+00,6.476471242666393735e+00
-1.463182268964438926e+00,2.568253957285268285e+00,6.220927539647277626e+00
5.314066379433302956e+00,7.893701406962408740e+00,1.203436043068915851e+01
1.009360696117973522e+00,4.828914651090561172e+00,8.614708008980729304e+00
3.811536563935831623e+00,6.819150781682439266e+00,1.039961236437835268e+01
8.037433659205440506e+00,9.388903772610216691e+00,1.066298786527916498e+01
4.591772232052055536e+00,5.872744262498691192e+00,7.951006643322788392e+00
1.164456597490353928e+01,1.441564647353863649e+01,1.681811322880134796e+01
4.453771426331252670e+00,6.441129667900476363e+00,8.890669929972233376e+00
3.301094639895331362e+00,3.364814544757106951e+00,6.408132473482080371e+00
1.490083879203666584e+00,5.432610890810571469e+00,9.167828282199289802e+00
1.150926440518286320e+01,1.337594320057647224e+01,1.626632612517888177e+01
4.817228115074175143e+00,9.377989427442409820e+00,9.900519633547771647e+00
1.236953073986480511e+01,1.392006082297293723e+01,1.854179690169765848e+01
5.375860398351136382e+00,6.854053415913480940e+00,8.117393513655827064e+00
3.445955949119695383e+00,7.693326725795206045e+00,1.030292498163677095e+01
4.851261728209774304e+00,9.534907223853913649e+00,9.699228296979761410e+00
9.272238621576500250e+00,1.278916233587946039e+01,1.655666241041478770e+01
9.339561293367481198e+00,1.423743868669585666e+01,1.500906571505858800e+01
1.262942094250637659e+01,1.308143598350147130e+01,1.411377882084791402e+01
9.151735090591746058e+00,9.223990481256866047e+00,1.271421928324362938e+01
1.957917439920772829e+00,6.380522942278004983e+00,9.812502091842389973e+00
4.709272833279159798e+00,8.386396639497846195e+00,1.083772638669791100e+01
6.606911172721948056e+00,9.563631739127208320e+00,1.285129301743574359e+01
8.082094594961485967e+00,9.826274730622372999e+00,1.141849917396681136e+01
6.070919179626164564e+00,7.301372375713997442e+00,1.124624448951245093e+01
1.338926446570829931e+01,1.388332343994318308e+01,1.709743939054630602e+01
1.175457565992295272e+01,1.270519963445267742e+01,1.746574534556888736e+01
1.198078248524946154e+01,1.213774363235627263e+01,1.661365621792836933e+01
8.840123787882204098e+00,9.316845932150439324e+00,1.223333066657747992e+01
1.201950427600381488e+01,1.651396349259650265e+01,1.718104537708243029e+01
1.153555814889360320e+01,1.239572272471448500e+01,1.725607142437467800e+01
4.997591236375000356e+00,9.431237994050794882e+00,1.037910690612760689e+01
1.138770460166673537e+01,1.202399627977138508e+01,1.428874415874735959e+01
1.301890499021056868e+01,1.361683285682431865e+01,1.732292588523195676e+01
1.199232994177659073e+01,1.260502045639882773e+01,1.603761237156454200e+01
1.121603004565518980e+01,1.421757231090819040e+01,1.887026031917210389e+01
8.122655619432043395e+00,1.095122087374900843e+01,1.578651871100053050e+01
1.318414084676565068e+00,5.998917172924178587e+00,9.633128708520496630e+00
8.925414381791814122e+00,1.322582516780092021e+01,1.654634269072107955e+01
1.081266453723324794e+01,1.163109633336381421e+01,1.448837515602372861e+01
8.025867161708466924e+00,1.273120166639174577e+01,1.333595662244462865e+01
7.153585140753186522e+00,1.165271334339583653e+01,1.449094194870794894e+01
1.105878019566598702e+01,1.341602028894916820e+01,1.581297829826038992e+01
1.871834788188228060e+01,1.945724892553518615e+01,1.983954600894907117e+01
1.328664919121362331e+01,1.592256364006805036e+01,1.735858245900065100e+01
1.080244367657682147e+01,1.106436843936839409e+01,1.594496969917095974e+01
1.818196139595272243e+01,2.213816205393595027e+01,2.223605411548926369e+01
7.808155352831807505e+00,1.139390215789963179e+01,1.577127856039813203e+01
5.118713660110295827e+00,8.590168720083006804e+00,1.077291356999368688e+01
7.019419248867713179e+00,7.986268706517988036e+00,9.897523623155585426e+00
1.275290104474674635e+01,1.698566954631799319e+01,1.785190230753288176e+01
1.413700630674892977e+01,1.563809701142035991e+01,1.973007163311326195e+01
1.419821441953991936e+01,1.700941979980897045e+01,1.756217716399578777e+01
9.499782832026991031e+00,1.246243282721816747e+01,1.671952994757260669e+01
8.074717884813129132e+00,1.104600595209440428e+01,1.529937637582714238e+01
9.362607511477904154e+00,1.218309673886657940e+01,1.352779410482265021e+01
4.730229611958522540e+00,8.904399677772964594e+00,1.263880217784887705e+01
1.416646498797452658e+01,1.454953213787343103e+01,1.733864879534182180e+01
1.087987561095127731e+01,1.316344219549847416e+01,1.439817300198475358e+01
6.956690353320192699e+00,9.460412740800101972e+00,1.324824396449632502e+01
1.080470772060133200e+01,1.102351779372162888e+01,1.314894971514839561e+01
5.206296341015371532e+00,9.251041705488345812e+00,1.310549329686416442e+01
9.832343862606915508e+00,1.375520308398019331e+01,1.808296028599798433e+01
1.128623553074459096e+01,1.161685844079606689e+01,1.190792231369382215e+01
9.315784320963928167e+00,1.359336406914336948e+01,1.679572042025561984e+01
1.543912271531459268e+01,1.885256142317643935e+01,2.377879240951851614e+01
7.864453085569026669e+00,1.091182566003874399e+01,1.466765593910386833e+01
7.816701111987979012e+00,1.052158601888406153e+01,1.207997738188445958e+01
1.179396074521063653e+01,1.628518243007947675e+01,1.727129354941585149e+01
7.222939832401145566e+00,9.836945848564898398e+00,1.261832004837854271e+01
1.273873721915727586e+01,1.691147495382950794e+01,1.897158265921784448e+01
9.366031338270914830e+00,1.278195384454717320e+01,1.750801403665037270e+01
8.307073693428385752e+00,1.125533933794176278e+01,1.493750028074652292e+01
6.886219031099019006e+00,1.109262523038517401e+01,1.481729374814885247e+01
9.015047160861378472e+00,1.361176738196664537e+01,1.401419396541440321e+01
6.346466091151333977e+00,8.513786056447635531e+00,1.079822682245461962e+01
1.403399365989909242e+01,1.707556416315216907e+01,2.009306201940838577e+01
1.204063683612295854e+01,1.384528697485466076e+01,1.679642539419619496e+01
1.009301624126811348e+01,1.315234320735424589e+01,1.726904796576191359e+01
3.875213487445267280e+00,7.852186564333829111e+00,9.418428724134667362e+00
9.674938880752600667e+00,1.280479137554283753e+01,1.521811386299079594e+01
7.151572979008668618e+00,8.785415466746890445e+00,1.308480025993444862e+01
1.098970209058726155e+01,1.543460813611678617e+01,1.601519307941569892e+01
1.670104630952617697e+01,1.828662221556151479e+01,1.981478596236662781e+01
8.915954741843497899e+00,1.355732038654920224e+01,1.603421418055539860e+01
1.230590810123957901e+01,1.379896851490723719e+01,1.566503620224500004e+01
9.999924838833440077e+00,1.218133511793545587e+01,1.224114980844894696e+01
1.068972433336708505e+01,1.228088851411981253e+01,1.584462694034370323e+01
6.551257607872353006e+00,8.809425486432012065e+00,1.238150739714823878e+01
9.616672924522443822e+00,9.932630825271822061e+00,1.344181072378953878e+01
7.955818551887855250e+00,1.013121526835475805e+01,1.029709895058977942e+01
7.131057579185244855e+00,9.894865059552181208e+00,1.447240787809892382e+01
8.558229171180544270e+00,1.206656114054555928e+01,1.459415412233825471e+01
5.787056718488972962e+00,7.895926273002373819e+00,9.182245758461075269e+00
5.860044511100451103e+00,6.454020674348496911e+00,9.609582678347738494e+00
5.362993047581037231e+00,8.859846874276362527e+00,9.591031171161107594e+00
1.055675338282631515e+01,1.289128870933904558e+01,1.764774573798251467e+01
1.009397367771322607e+01,1.342944696961414230e+01,1.500746168664272595e+01
7.863815860822145787e+00,1.062396442438721778e+01,1.265037624659803228e+01
-1.023704561287549719e+00,2.928506726574283014e+00,3.062822651584714784e+00
-3.428071778522569613e+00,-9.614692049337847379e-03,2.272977525020690948e+00
9.123524787712206319e+00,1.004187594554942464e+01,1.485561651307430964e+01
5.744179782218452601e-01,4.735746575595289443e+00,8.293809376206299433e+00
7.210914525040101886e+00,7.491108169809698403e+00,1.064434040848178498e+01
5.656345011867503381e+00,8.312944126321895055e+00,1.150381508163584243e+01
1.007183257696890522e+01,1.035800350027034256e+01,1.279862921206260573e+01
4.082494240959337439e+00,5.818249727921416259e+00,1.014099495552699715e+01
-9.488352976768581470e-01,2.459997864659650091e+00,7.222845231902635277e+00
5.660583478216602238e+00,6.939209771938242177e+00,9.190574015572655853e+00
5.050219692531433324e+00,6.236220846981487931e+00,1.120246068537676720e+01
-4.811772904040053866e+00,1.739359792513264225e-01,3.196498006657715329e+00
3.699868672512334200e-01,3.446812761822978466e+00,4.645019794991147144e+00
3.799445865292168989e+00,8.545614106001199417e+00,9.892964399895184613e+00
5.098716734102867854e+00,1.002263026719050742e+01,1.209290842672677968e+01
1.759166217667721632e+00,5.390811734524469045e+00,7.905983995831963540e+00
4.377297184469082225e+00,4.853092502175938350e+00,5.343523431053487371e+00
1.826749844560642710e+00,4.396653265195425320e+00,5.974626259919007865e+00
6.454973545702685556e+00,6.829195362875279507e+00,8.091361603982999640e+00
3.278266678006087620e+00,3.293462997265146797e+00,6.839527869837795038e+00
-3.687281101714412479e-01,3.444540742714277126e+00,7.213948772215086791e+00
1.742061506713189267e+00,4.777607272653165538e+00,5.819126546418021739e+00
7.304101637357193866e+00,8.290590843325915671e+00,8.669016835500226392e+00
5.160919175367291167e+00,8.282265691340230163e+00,1.057071679745952331e+01
-1.330532400054077469e+00,1.562019126491503540e+00,2.570288594393468351e+00
3.282374315809457155e+00,4.059278309240221816e+00,6.725386741132519219e+00
9.618326715186138465e-01,2.793180917177429112e+00,5.699718660536827741e+00
-5.665337739885309531e+00,-2.255568907784452293e+00,6.678494214891816938e-02
-8.680686447514410986e+00,-4.227952329941148335e+00,-1.589956207123335297e+00
-3.184106313670415744e+00,5.998375587079057825e-01,3.481467764065124371e+00
-8.291514111181317759e+00,-3.715006186569108415e+00,-3.619408470696614977e+00
-7.562277942226119265e+00,-4.519980197118081300e+00,-2.704825965193658366e+00
1.009075673757351410e+00,2.023465842402293990e+00,6.145872525301390610e+00
-3.632296657114317817e-01,1.835932737716210905e+00,4.159577542185022736e+00
-4.244808997771725601e+00,-1.875460669116769896e+00,2.368919340037199728e+00
-4.386713546575967904e+00,-2.151191491103016773e+00,-1.413584221267479402e+00
-1.956499766431451626e+00,1.503763963506861145e+00,3.456086378757814881e+00
-2.471184909377197592e+00,-1.790863166788026817e+00,8.017176791046574102e-01
6.860837666494792320e-01,2.306859997588565303e+00,4.188743636059645503e+00
-1.740397335121659950e+00,2.372585048750175396e+00,5.009094234076282959e+00
-2.008411937068950159e+00,-9.162175144775688285e-01,1.708507462934978571e+00
-3.141523271218134461e+00,-1.889286131416079373e+00,2.866672391829129474e+00
-2.139731241445255172e+00,1.193110172674397340e+00,5.015998941352744822e+00
-7.384057924141315787e+00,-3.695297321693923553e+00,-1.201120051064883398e-01
-5.296669861915791699e+00,-3.137373075826389357e+00,-5.033307912806921358e-01
-1.242453208034361545e+01,-8.753481761352485790e+00,-3.872067235738868796e+00
-3.180480735105498002e+00,1.807400225335614063e+00,3.492282484835772749e+00
-1.060004092853129620e+01,-6.791908876755517355e+00,-5.750373264238989535e+00
-7.213945015065689859e+00,-3.338781955897582421e+00,9.373300025703166227e-01
-1.388539889662585125e+01,-8.972670024614354034e+00,-6.453832781704671895e+00
-3.093150821724122146e+00,9.092172624160985706e-01,5.323659167489044997e+00
-4.460515229332954412e+00,-2.683354734321032442e+00,4.538850537940675167e-03
-7.039033412598239003e+00,-6.911882892952516677e+00,-4.921144618999415243e+00
-9.275545517476192714e+00,-8.721917893367308494e+00,-4.373070033299990556e+00
-6.779847563872751337e+00,-3.082439303176668588e+00,-2.498079050958799563e+00
-8.737907370825878317e+00,-3.779438956088792434e+00,-2.321448759592088962e+00
-6.923259068885422529e+00,-6.919705583173920260e+00,-6.291965547918598745e+00
-1.242665224568285964e+01,-7.672617003725909157e+00,-6.717367962245576862e+00
-1.825240647626701929e+01,-1.445442967057631733e+01,-1.294458327372508144e+01
-2.998322150411507181e+00,-2.630650010294291796e+00,-7.218563552932775185e-01
-9.063246321092769620e+00,-5.001753641645581894e+00,-8.558942075546323025e-01
-1.200443217213065417e+01,-1.152479803377651635e+01,-7.388653613247115892e+00
-1.155414307962006681e+01,-1.094382988618906438e+01,-7.804973376561547660e+00
-1.982163547914215584e+01,-1.537288591774466617e+01,-1.196474644519206265e+01
-1.028197883511487554e+01,-1.007654488055402098e+01,-6.905159642248719365e+00
-6.232830627863604533e+00,-3.744481420001689820e+00,-2.007328810830158794e+00
-4.912389745531909213e+00,-4.291308719847449993e+00,-3.707109389902895735e+00
-8.806122477970042439e+00,-8.358567271800922072e+00,-5.316685542347451943e+00
-7.322416509846932264e+00,-4.187228502924042139e+00,-3.711236561433623571e+00
-1.197736687219903828e+01,-1.026617819680310717e+01,-8.758116394575981900e+00
-1.137795329672998079e+01,-9.655993585130907775e+00,-5.993100413346432731e+00
-1.328000209469578152e+01,-1.315691944921952583e+01,-8.932361339918886145e+00
-1.264306367139038123e+01,-1.074872594021407224e+01,-9.156018197445197515e+00
-1.330949562948504727e+01,-1.254726741507444387e+01,-8.179658725501838035e+00
-1.464839388551141930e+01,-1.166955645214658333e+01,-7.398162612544655126e+00
-1.183360905111898020e+01,-1.108561124999891945e+01,-6.266775098304039560e+00
-1.694472528322551597e+01,-1.499825727741264991e+01,-1.293332695835767687e+01
-1.247405156724559916e+01,-9.468515947584192460e+00,-5.991877970195580438e+00
-1.886985713186122027e+01,-1.495624874882930655e+01,-1.157587712086391818e+01
-2.044607062687385479e+01,-1.703098483411540442e+01,-1.325201985130819793e+01
-1.152895991267709874e+01,-8.437018753174390540e+00,-6.020779427085150459e+00
-1.815839721227341741e+01,-1.507966879228069779e+01,-1.137030091127058107e+01
-1.075886044901375094e+01,-1.029130849376539558e+01,-6.590770397576138251e+00
-1.225740729348464342e+01,-1.126943243976220188e+01,-1.103673122108862259e+01
-1.745256842143072262e+01,-1.348769760263941109e+01,-1.014299351722958065e+01
-1.241292853357427539e+01,-1.147145601475091148e+01,-9.394433886663790645e+00
-1.992509935365917784e+01,-1.693766693833375570e+01,-1.607439232816732044e+01
-1.355006965567047317e+01,-1.212688101659963813e+01,-9.290283595777708570e+00
-1.242967380089726603e+01,-1.102373394403178963e+01,-6.737818662326175989e+00
-2.063977000224420877e+01,-1.610906403494446693e+01,-1.220189110722196446e+01
-2.137370410282939659e+01,-1.679118357300972519e+01,-1.432129490187858956e+01
-1.533744203719014720e+01,-1.431569685415388093e+01,-1.199018389221861014e+01
-1.955571697536094433e+01,-1.619509945752542279e+01,-1.421167707549030546e+01
-1.929645882526818568e+01,-1.650098278757972636e+01,-1.538653566040032139e+01
-1.624702989961951971e+01,-1.354883458905940685e+01,-1.234343486453935768e+01
-1.942499346200466448e+01,-1.746721087510097092e+01,-1.357082329763258421e+01
-2.447386369375711723e+01,-2.096039011458709567e+01,-1.710562517869159649e+01
-2.330382938269591619e+01,-1.947553663306594274e+01,-1.784550434225451454e+01
-1.718139749078557443e+01,-1.268099020282482137e+01,-9.887358112555965306e+00
-2.173641190638668164e+01,-2.048015141668965100e+01,-2.046912770438616036e+01
-2.174837284881916943e+01,-1.733678068383340687e+01,-1.632615306685717727e+01
-1.907513721846277832e+01,-1.838686744407337414e+01,-1.518335589988789636e+01
-2.462579741746947448e+01,-2.138792965669177448e+01,-1.853419035238614754e+01
-1.704132455454695361e+01,-1.312483089690937632e+01,-1.011742555699371771e+01
-1.928065585151206207e+01,-1.842111877283865695e+01,-1.374073503009888597e+01
-1.544521284648572035e+01,-1.374385207426564115e+01,-1.129924113743701497e+01
-2.671368282628129975e+01,-2.290084565171462572e+01,-2.175086074381449208e+01
-2.317030621678482660e+01,-2.239333141628502233e+01,-1.865087999540939023e+01
-2.542375704224751942e+01,-2.536437648404784539e+01,-2.205504850025477026e+01
-2.213180954306269399e+01,-2.060794154438529091e+01,-1.631756806553814698e+01
-1.673858501661425535e+01,-1.471208249261248113e+01,-1.309710211650420142e+01
-2.264146628756581947e+01,-1.888027666765289325e+01,-1.595434729823146824e+01
-2.227430604026713823e+01,-1.928577237879352069e+01,-1.790915457985052228e+01
-1.946585751486121652e+01,-1.642642389952424509e+01,-1.491955847344265784e+01
-1.947590245100512263e+01,-1.574474423584954152e+01,-1.446252829740981127e+01
-1.864089773494884383e+01,-1.605974038207767052e+01,-1.503352563072299652e+01
-2.158796499507622713e+01,-1.785374155622214687e+01,-1.668934228012687271e+01
-2.150542074754969235e+01,-2.132237479734102692e+01,-1.962508484597934455e+01
-2.249249923736309853e+01,-2.127317000186832274e+01,-1.949992381043992040e+01
-2.047043261908796197e+01,-1.794459662554042367e+01,-1.392147790956600772e+01
-2.407160361248000413e+01,-2.222364283049471112e+01,-1.791303828400531728e+01
-1.988083361352817491e+01,-1.799639308736608001e+01,-1.777944471770376822e+01
-2.644831459520945316e+01,-2.155972274570482838e+01,-2.024768542342003030e+01
-1.998328389142877271e+01,-1.835418632202904021e+01,-1.556715843422356294e+01
-2.120224666617968978e+01,-1.768066287487372179e+01,-1.372056239372090936e+01
-2.382319457355897541e+01,-2.017336237903864316e+01,-1.766843928195923752e+01
-2.869684636342065431e+01,-2.380258544919883690e+01,-2.324741627623237150e+01
-2.791006376616951101e+01,-2.299391920984211168e+01,-1.962960513419456987e+01
-3.057877452608009605e+01,-2.722411974753962127e+01,-2.290140685140898924e+01
-2.333201911449984323e+01,-2.153120595932960768e+01,-1.724043908425698390e+01
-2.434104066185482296e+01,-2.131947855556532900e+01,-1.957313917426562710e+01
-2.093299095551701683e+01,-1.716159191147516339e+01,-1.311351024512648422e+01
-2.401912324069159510e+01,-2.273980232371402010e+01,-2.261881253194633246e+01
-2.509153294158101133e+01,-2.188307058390341808e+01,-2.104074290296606264e+01
-2.738733858778460117e+01,-2.351334775436917823e+01,-2.186044734081770713e+01
-2.064875572989557639e+01,-1.757693757159544390e+01,-1.720035009196019260e+01
-2.072632120948576429e+01,-1.576148596595033169e+01,-1.467141684952119896e+01
-2.403527490827875823e+01,-2.234955377566642909e+01,-1.860487776994890297e+01
-2.020659276661481485e+01,-1.923967065880670191e+01,-1.538469485202583975e+01
-2.058315965837063288e+01,-1.976227988255806522e+01,-1.955115805929443695e+01
-2.762306496141445322e+01,-2.388115354740691743e+01,-2.194557769803340719e+01
-1.933865055370156583e+01,-1.824602509602468103e+01,-1.544356170338800993e+01
-2.117859928417553306e+01,-1.641743822101549810e+01,-1.146471433713589860e+01
-2.330909780917103902e+01,-2.092149142626613312e+01,-1.996931049189025487e+01
-2.521765439175444357e+01,-2.178218722334650082e+01,-1.958661927096803979e+01
-2.080128549676982175e+01,-1.874600132261568319e+01,-1.843844789835862841e+01
-2.502340311646641169e+01,-2.165472473368271267e+01,-2.063726483649725907e+01
-2.311154738751666926e+01,-2.277495392979165700e+01,-1.974976989284461837e+01
-2.316860427353827845e+01,-1.886470144797156223e+01,-1.406772046207003868e+01
-2.679609449790245179e+01,-2.228400557192178155e+01,-1.927670551632147777e+01
-2.353625465853463083e+01,-1.959156306136299364e+01,-1.856957216773192698e+01
-2.660281529105799336e+01,-2.323243187373757124e+01,-2.154415043741049729e+01
-2.839496334531354549e+01,-2.555106541262918540e+01,-2.101978076151305430e+01
-2.254789505068396949e+01,-1.974420711980609866e+01,-1.742971850404789080e+01
-2.169156922411287525e+01,-1.757083549902548825e+01,-1.651065336466568922e+01
-2.233405116964254589e+01,-1.739275309569961792e+01,-1.674197012048682964e+01
-2.671779584624179549e+01,-2.471871891329375615e+01,-2.308267568310489892e+01
-2.534872079033634051e+01,-2.398326445869223988e+01,-2.102573297222550153e+01
-2.017125004494113938e+01,-1.876924431865198528e+01,-1.638494946169958055e+01
-2.342856523708917393e+01,-2.225842953940150792e+01,-1.815062182937230517e+01
-1.964676074026192865e+01,-1.636273691952150955e+01,-1.225730005966879332e+01
-2.554872003357846921e+01,-2.183830788868314698e+01,-2.102064282064540990e+01
-2.053407602905226170e+01,-1.839985609838248237e+01,-1.617327283900788260e+01
-2.181688352548793119e+01,-1.831095792841606951e+01,-1.702619754682105579e+01
-1.551845586105538999e+01,-1.452526089089518635e+01,-1.093680056912322840e+01
-2.311013940321145554e+01,-1.818980202633670018e+01,-1.560858392917009496e+01
-1.462078977214634712e+01,-1.400703849480401075e+01,-1.288255016254858809e+01
-1.783746580541411575e+01,-1.587728552960846784e+01,-1.302118404206870395e+01
-2.212445856031908065e+01,-1.848667941768470513e+01,-1.515797995470568083e+01
-2.298088582583810791e+01,-1.854099575272664069e+01,-1.372479209457305593e+01
-1.805193293520369835e+01,-1.790743995181537329e+01,-1.412974278328645994e+01
-1.870479489483975044e+01,-1.852401131584597493e+01,-1.729827819065987882e+01
-1.958695821198922715e+01,-1.588284358639158178e+01,-1.351403962114613577e+01
-1.950507705671809688e+01,-1.496818070993287542e+01,-1.040486633147977003e+01
-2.411478169079239464e+01,-2.121318927913875640e+01,-1.767037742110951370e+01
-1.954307836985063673e+01,-1.675931605385731160e+01,-1.471055725352304933e+01
-2.516048088330929033e+01,-2.060784329377221269e+01,-1.910203066353763646e+01
-1.509262197962882368e+01,-1.210227353902276093e+01,-7.877365480586510316e+00
-2.035251797560509601e+01,-1.682788038392699193e+01,-1.321056722216420098e+01
-1.804166336065481246e+01,-1.709879008817535606e+01,-1.308763726132204042e+01
-2.613937249924825679e+01,-2.367690865740920003e+01,-2.177768561192013408e+01
-2.017670045859351902e+01,-1.541978240676088063e+01,-1.426786804735962733e+01
-1.913544789396763690e+01,-1.491647506669442258e+01,-1.062739979569954762e+01
-1.819317669759082889e+01,-1.569917901413929862e+01,-1.358342854761798080e+01
-1.407070511067618490e+01,-1.380489814471942367e+01,-1.003803244217606050e+01
-2.113231470125926137e+01,-1.847287541338655359e+01,-1.521182337357931758e+01
-1.816835209845925903e+01,-1.759835776076613101e+01,-1.558009300429683464e+01
-1.450439158778725712e+01,-1.105209492629656864e+01,-8.224678084312179394e+00
-2.113872152752613687e+01,-1.885745732783748707e+01,-1.624969845360084619e+01
-1.316275374702338752e+01,-1.079492820195617853e+01,-9.474984086435753738e+00
-1.232032693879174445e+01,-9.025534827029677132e+00,-5.126376371672055399e+00
-1.779625014977091269e+01,-1.461593070468244449e+01,-1.448709695495066008e+01
-1.872390389552230161e+01,-1.637922535465686735e+01,-1.319017468911639490e+01
-1.633479341457702461e+01,-1.544163557189239455e+01,-1.439552083065750310e+01
-2.201838909491627305e+01,-1.816573172263252900e+01,-1.646609741359596768e+01
-1.363022845825714668e+01,-1.172553529201452527e+01,-8.261903998245909264e+00
-1.945442839844531235e+01,-1.569589088166779334e+01,-1.357627715816850866e+01
-1.761668299978736130e+01,-1.483702567259188498e+01,-1.119075968896085271e+01
-1.226948729107017755e+01,-8.660946456783822356e+00,-6.370899857432156921e+00
-9.381702757379734692e+00,-7.968464914977339220e+00,-6.435405693214360845e+00
-1.734329552705398214e+01,-1.322510972654650452e+01,-1.250236832032463674e+01
-1.239619998697074799e+01,-1.112253185617014140e+01,-6.261327312331127715e+00
-1.248641508725781790e+01,-8.884235401233478768e+00,-5.721912238927640004e+00
-1.603438546626885852e+01,-1.591756834937826071e+01,-1.310867079576708960e+01
-1.494751686104816102e+01,-1.132549812660038846e+01,-8.702472897001088725e+00
-1.027180040248252091e+01,-8.809754759565118221e+00,-4.205897241771770823e+00
-1.561865342211177143e+01,-1.306426143778247884e+01,-1.272376357081698295e+01
-1.807277091573373795e+01,-1.450559133216022900e+01,-1.374184014106751306e+01
-1.400189115931448036e+01,-1.282457822208948883e+01,-9.724250347884309420e+00
-1.748415165820916428e+01,-1.366346156288846636e+01,-1.041387961421679798e+01
-7.017665923326496191e+00,-6.729739218330306194e+00,-1.940020775129601027e+00
-1.464377008367241295e+01,-9.826226256641565016e+00,-9.155518684300824717e+00
-4.272636459116423424e+00,1.841020044707395442e-01,4.425691694032710899e+00
-5.491392197771993722e+00,-3.273572131997672052e+00,-1.071686613466114046e+00
-1.043413231158212717e+01,-8.995476667045837260e+00,-4.532697330838888483e+00
-7.066565611599902041e+00,-6.401514502207282575e+00,-4.251106246276485479e+00
-7.310431063630218773e+00,-6.296690884408667088e+00,-3.467280244203807094e+00
-5.422094830629513140e+00,-3.092498470440346203e+00,1.096573660102297509e+00
-8.739621967967529770e+00,-5.504379047727995911e+00,-6.686869674404469777e-01
-8.646168268189462935e+00,-5.054837395343769302e+00,-7.531168723156422828e-02
-4.589701592264455954e+00,-2.847745032024682210e+00,-2.524527605716049283e+00
-7.647565262546518028e+00,-6.055296212279632329e+00,-3.454343208373515495e+00
-4.516309303740380088e+00,-1.420033081477618087e+00,1.980957927768816962e+00
-1.044612651097112632e+01,-6.677763324023092473e+00,-2.198060923604991501e+00
-4.301693089264055914e+00,-3.472456932983368993e+00,-2.740243348078908348e+00
-9.695361439443761498e+00,-6.441157961338681126e+00,-2.267005580237412055e+00
-6.031072085606246524e+00,-5.827368553058421163e+00,-2.975142399501087276e+00
-8.360701815756018007e+00,-6.720790837026467734e+00,-5.980396937844361993e+00
-1.655679836481138256e+00,-1.140627391695978154e+00,2.764668013489735898e+00
-1.043249540446092460e+01,-8.159388354347852257e+00,-5.688245855305583021e+00
-1.731636372287738812e+00,7.177764504073067542e-01,4.103540593512310153e+00
-5.515755965911303349e+00,-3.875576322519430406e+00,-2.986320673760213484e+00
-3.534888201791804185e+00,-2.874615326806131410e+00,-4.412517299481599764e-02
-8.632100465299338055e+00,-4.012911868448215458e+00,-2.062634374481519650e+00
-4.110197599707969829e+00,-2.751496292250846576e+00,-1.942898561934758739e+00
-5.069581569763321305e+00,-3.328075614115641123e+00,8.514912792843887246e-02
-4.424683782779537999e+00,-3.761933511504776284e+00,1.051370776083305536e+00
3.060465360918507294e+00,4.158488694972012567e+00,4.930605848366258925e+00
-9.807822213663767386e+00,-6.197146001921183256e+00,-5.164910180158132746e+00
-9.997275358992907535e-01,2.519736798691204260e+00,5.588515807113672906e+00
-2.662158038696563533e+00,-7.643586678457601202e-01,2.158454707123341976e+00
2.430587028003021732e+00,4.709899725214015120e+00,6.892469814022647689e+00
-4.986356715438113874e+00,-1.080849285264368298e+00,1.152969066000339993e+00
-2.495145666577404775e+00,-4.403790192680892002e-01,2.107630596137856749e+00
5.743837503418598445e-01,5.160796052687274482e+00,6.245322844952838182e+00
-2.727237372836239793e-01,4.280398462647132529e-01,1.087665843016588418e+00
2.880597732939606637e+00,4.071064672982252830e+00,7.851400539551432800e+00
6.433868225960602594e+00,6.636428118567032186e+00,9.572834834788356062e+00
1.781243020583649361e-01,3.903839609846042169e+00,5.952725692561934068e+00
2.043252845486875913e+00,6.709042948275367735e+00,7.491028981585422741e+00
4.601221800218411317e-01,2.569697305788714914e+00,7.287314150480387553e+00
2.588757398293666245e+00,2.864709339585240766e+00,4.580307601999217049e+00
-1.871253479792140961e+00,1.827611855280844466e+00,4.791611545615408474e+00
3.867605217265369433e+00,4.299188904683996171e+00,6.473082794161939546e+00
5.890359366717170531e-01,4.247199140560000252e+00,6.774343611657675623e+00
6.033743002871450045e-02,4.766197634405230588e+00,4.850862463760973853e+00
2.763629771883245656e+00,6.059080749878615002e+00,6.416199643242571860e+00
2.798788254541220599e+00,3.815325838044214990e+00,4.602048888200807042e+00
-3.319542295848424640e+00,1.438113308776224120e+00,3.282744536279984970e+00
2.590839106630675737e+00,3.538978537596123797e+00,6.201006147854132067e+00
4.619104201069951898e+00,8.559513175072314795e+00,1.133512288265069223e+01
3.524108965770650137e+00,6.882328829323997255e+00,9.590836211622940866e+00
9.435024078800431369e+00,1.116249417931380705e+01,1.382749307048671739e+01
7.295568841873695476e+00,1.209268000115580932e+01,1.653232114482072390e+01
8.483967299391637074e-02,9.864799221914308802e-01,2.063444087948632877e+00
3.173700712008715730e+00,4.729327416445803678e+00,6.563216312360469651e+00
4.577404211579363391e+00,8.492070337847243522e+00,1.178880476130405697e+01
6.903929803164860601e+00,8.884088220572671446e+00,1.197251746655960147e+01
1.774736657081942948e+00,5.249731667744018893e+00,9.877624779207968331e+00
5.721308873414861829e+00,5.928017253387531049e+00,1.055768886244263882e+01
6.188396685179689882e+00,8.518269805155947338e+00,9.520834587169971996e+00
7.583188082967790677e+00,8.789833037483735012e+00,1.168887244639960521e+01
8.399222832572871056e+00,1.191768291313877093e+01,1.410057441832830349e+01
7.324144354079798802e+00,9.137762529287257962e+00,9.987386650408252464e+00
8.424829736691846094e+00,8.586931898985811884e+00,1.087550936762401399e+01
7.363926734363467119e+00,9.932502381971723082e+00,1.246381999345804203e+01
6.127500885298424294e+00,9.466288178366754735e+00,1.031562986608033938e+01
6.916141051018346531e+00,8.738573974589971982e+00,1.094333547887447367e+01
-5.530625632166961125e-01,3.818438276693227884e+00,3.820523905406270071e+00
1.047674624204194949e+01,1.086582362118490863e+01,1.207531335528906169e+01
7.281863533883448980e+00,8.990955295141150216e+00,9.486038946955527962e+00
7.655628341068885234e+00,8.986824194835254076e+00,9.061475796241152736e+00
3.567773970606581191e+00,7.501870368048503046e+00,8.270475400412975020e+00
1.335613474072805218e+01,1.402105936257287055e+01,1.809224272618014595e+01
6.209292746820890052e+00,7.113203713159583330e+00,1.134199354189766673e+01
1.024765384069725904e+01,1.269318105144336783e+01,1.298944853981919145e+01
5.942761676104634461e+00,7.401528067650686715e+00,1.202950150734303136e+01
3.175106107434397362e+00,6.171340467949330666e+00,1.102996828965722287e+01
8.413597577313939979e+00,1.105182130705106758e+01,1.181773208760594507e+01
7.765895736617061118e+00,1.234699575408896166e+01,1.687442692870153493e+01
5.197321888992224359e+00,8.875915296374957464e+00,9.425053436754087244e+00
4.929303865999085765e+00,5.279251213834582401e+00,7.206794717881793488e+00
1.016323056109977507e+01,1.377611603934559881e+01,1.533196826373041333e+01
7.603532285251516143e+00,9.836439554596175583e+00,1.066147005487665034e+01
8.796136315866021960e+00,1.373858297866265943e+01,1.829914674623581305e+01
7.561723085183295723e+00,1.032019372569931903e+01,1.373420557830171163e+01
1.081211946797594159e+01,1.309079892661626410e+01,1.541718124770307163e+01
1.171614132924978691e+01,1.650754437995648516e+01,1.973314872626992766e+01
6.546131840633319321e+00,6.749576913048914051e+00,1.106722701176269830e+01
7.495881742290340100e+00,1.124794245228127920e+01,1.432265390489969548e+01
1.126821830878885322e+01,1.416407483048304172e+01,1.560252563429785688e+01
1.345397417296935316e+01,1.376419368982716840e+01,1.431783354477945203e+01
1.682073647308814657e+01,1.882423184923109005e+01,2.301821790994439709e+01
1.205034912201593222e+01,1.278712741070350312e+01,1.437685895852544071e+01
1.569439383716627390e+01,1.772509851816774074e+01,2.200391151634073239e+01
1.086214295174814382e+01,1.414361348106405281e+01,1.880897060139057686e+01
1.208922068879334333e+01,1.250757519202024959e+01,1.347760129676285068e+01
7.638254790264844551e+00,1.241327918137738884e+01,1.281828923127768149e+01
1.520767593250767291e+01,1.577660142904314888e+01,1.938269664624472099e+01
9.297291585338921749e+00,1.150220867232744482e+01,1.326831095476785016e+01
1.076904413989431042e+01,1.350420884350277895e+01,1.660956249525499118e+01
1.097040174353786846e+01,1.376456976797837939e+01,1.798019373471639781e+01
1.122734859550384634e+01,1.154756418323924549e+01,1.503329916735391514e+01
1.262532509720509921e+01,1.295423249633969753e+01,1.580168723888636073e+01
1.311182685674483750e+01,1.582011249835613143e+01,2.068151190198048184e+01
9.272357670654923112e+00,1.205697721684339285e+01,1.522051301023818404e+01
9.528836471402854613e+00,1.256220403739953895e+01,1.561992991376120088e+01
1.135844687155702104e+01,1.271252665895218925e+01,1.763612862606145626e+01
1.369420989590545190e+01,1.596639673485680255e+01,1.598647746599845831e+01
1.284563003499029321e+01,1.354153276713311804e+01,1.530768484184988942e+01
1.142988980780978636e+01,1.490833828782172787e+01,1.898368802804790079e+01
8.858091627740762419e+00,1.340083275352915315e+01,1.627531528358556301e+01
1.907124466164196974e+01,2.139738030562720184e+01,2.556317950912443493e+01
1.169322051414205887e+01,1.472483404875741009e+01,1.690390868457817675e+01
7.692629489562355261e+00,1.089173171063302625e+01,1.117024687999445298e+01
1.140626875810731633e+01,1.511301151426807898e+01,1.811675285791174517e+01
1.278550300956768027e+01,1.288156081825653132e+01,1.682940724981803982e+01
1.448645079013977899e+01,1.575523772955735247e+01,1.641372684124575798e+01
1.073489747583362508e+01,1.230366713138262647e+01,1.583892264711741582e+01
1.324098409906794416e+01,1.327575242134245492e+01,1.763838854518794008e+01
1.067224054842106362e+01,1.324184935170100097e+01,1.532842785375334316e+01
7.258607469256481259e+00,1.217540168751357754e+01,1.570422286630698849e+01
1.123696731793396886e+01,1.206068163936332382e+01,1.663318632706560152e+01
7.881708305242532298e+00,1.151720990377610221e+01,1.357622987257117053e+01
9.208150809361036693e+00,1.163382048845071992e+01,1.613594708131455846e+01
1.302456243296608207e+01,1.385511862891171475e+01,1.777445956615478551e+01
7.124887569548036481e+00,8.294146038076473104e+00,1.153919438709811374e+01
1.138167980350054975e+01,1.580931227699455732e+01,1.614737620821317421e+01
4.613069268348694685e+00,7.219410730876658633e+00,1.186932543252922656e+01
7.660411781512689089e+00,9.400693029751305829e+00,1.407241760515833562e+01
1.594455070102063488e+01,1.712797627361117492e+01,1.943995346244225431e+01
1.261900804655818931e+01,1.524630853940153763e+01,1.780442562658303274e+01
1.749931913024918906e+00,6.194890663006158427e+00,8.436845467117008113e+00
4.287118417510800583e+00,6.716403935747088383e+00,1.113164417661883121e+01
9.967156215136769859e+00,1.440642954824219757e+01,1.693354899324303275e+01
1.020017366704820461e+01,1.233805414141485279e+01,1.419220411371638946e+01
5.984304340344982265e+00,1.047166337586680207e+01,1.489087562598080083e+01
1.258024584198259177e+01,1.430607490211751553e+01,1.531020118548811837e+01
8.805307483453235662e+00,1.151693505988997046e+01,1.503568258517200817e+01
5.223016736566378881e+00,8.142543380420271149e+00,9.379335633419039198e+00
8.540477740607688162e+00,8.675292106532522141e+00,1.152503084515337406e+01
1.149537111645136811e+01,1.292783384803173163e+01,1.670223865502270399e+01
1.235223837471897568e+01,1.261904446102353461e+01,1.731080700611920165e+01
1.139193134857588774e+01,1.171816337108762163e+01,1.322730027725114610e+01
7.625909363381506267e+00,8.361651410977220422e+00,1.330474220247063677e+01
1.161656218717911671e+01,1.164960122895639927e+01,1.246001208085414191e+01
9.125908082044391634e+00,9.975609242161343815e+00,1.386116659227804071e+01
1.641507284047993842e+00,5.996306914614951467e+00,1.076637790791478544e+01
4.371890616267357643e+00,4.910758697981537857e+00,5.582596886770274658e+00
2.393619826033978271e+00,7.378995468791711865e+00,7.590719871647645611e+00
7.961146339104961278e+00,1.100711865497067166e+01,1.215987873224364435e+01
1.025293983447998514e+01,1.443701352828332851e+01,1.449480208828160954e+01
5.756048817023772912e+00,6.452709331661086622e+00,7.976736403958852861e+00
4.665083565959210254e+00,6.981026384031750354e+00,9.132760128013327261e+00
7.103707972250629332e+00,1.113940824755377079e+01,1.169168303733924930e+01
3.442383853060205112e+00,6.891864483174765965e+00,1.033014036136746938e+01
1.870712700099972814e+00,6.853347721912559365e+00,1.002296612563882761e+01
8.110648459284616862e+00,9.772953025433103846e+00,1.139813568745151073e+01
4.345940622160455291e+00,7.614176832336394973e+00,1.078342157770196152e+01
1.995912636507686688e+00,5.593812612034046339e+00,8.797818582392270770e+00
5.348477060552063733e+00,6.266121047151557377e+00,8.484098548382974059e+00
4.916788832185491565e+00,6.068294269164892896e+00,9.469793771332629007e+00
2.467982691408178386e+00,6.230239849531995056e+00,8.881735844730368257e+00
7.043755004608407866e+00,1.109985633713054831e+01,1.543990779916577161e+01
1.148671556622773426e+00,5.136335665190951971e+00,8.501121612377531278e+00
7.983285790183222375e+00,9.428509867597362870e+00,1.171943732865248222e+01
-5.296915178231632382e+00,-8.620743139595932192e-01,4.763212957247593415e-01
1.033082103784349837e+00,4.300854915698945291e+00,8.546607915216977602e+00
7.063460909733985105e-01,5.595953200190534993e+00,7.885323514871862116e+00
2.786337239774242747e+00,7.052483460033172946e+00,7.984209248714030593e+00
3.865200796418728935e+00,6.797162034401097230e+00,1.086454741001953828e+01
7.409702299557920924e+00,7.455902231856733842e+00,9.286583266885306998e+00
-7.330401512717390489e-01,2.873098902774250618e+00,3.751034898231504933e+00
-6.156810319163286138e-01,4.277835082651659349e+00,8.781100784491975730e+00
-1.162781560128666403e+00,2.012863124048841712e+00,3.104598940311900979e+00
3.934170080840091011e+00,7.160265784314324478e+00,1.040041230335388533e+01
2.756975474841092399e-01,3.564990376154987040e+00,4.843866390836685909e+00
4.227918685916794317e+00,6.940036799407846679e+00,7.965774300960847043e+00
2.309292083094049541e+00,3.006984989314450907e+00,4.835100092910397329e+00
5.624033852621241003e+00,6.330392797016787476e+00,9.306267732032035056e+00
-1.268579293349759496e+00,2.467040769656970944e+00,5.876889522867171145e+00
-2.727933538165469685e+00,2.871751491365983622e-01,3.195811762598874672e+00
3.518479731438829194e+00,4.070143968726894101e+00,4.185748379721027312e+00
1.370942397087139941e+00,4.695103663311859243e+00,9.417493993675666530e+00
-2.587869058991509874e-01,4.478988684423204525e+00,7.696653577737588847e+00
3.016153133168530509e+00,5.261362572213031719e+00,8.500474955631474927e+00
-2.020880638198108592e+00,-1.388312139965356184e+00,-1.049272363763722238e+00
-5.062157868954316520e+00,-3.696835635557273569e+00,1.191448175796978148e+00
1.489724197762112290e-01,4.139764430483209523e+00,5.950092411106110646e+00
-1.983382778832698534e-02,4.327049828056217962e+00,6.069597775162601572e+00
-3.093861422199644995e+00,1.105835776349877175e+00,3.687591237319209458e+00
-3.098044838272092427e+00,1.347417344834688002e+00,4.076011022425266361e+00
-3.544200847109713948e+00,1.853615040503144851e-01,2.172726298271352441e+00
-5.783724636132493657e+00,-2.731199134657925853e+00,-1.052182462276202379e+00
-5.581915328776343443e+00,-3.375672890460946984e+00,-2.430564981946606196e+00
-5.686078396242908894e+00,-4.165851506036631235e+00,-2.108789977172112806e+00
-2.135869588095739680e+00,2.719018465680900221e+00,3.385996631309561522e+00
-5.307608537609070254e+00,-2.968479501311139135e+00,-5.743787441947327821e-01
-9.027460482744720238e+00,-6.830207652773925275e+00,-6.731792236667553553e+00
-6.433845395328084749e+00,-1.724972960177647785e+00,8.278633536676602844e-01
-6.961430859735148857e+00,-4.349538561304599149e+00,-3.772467806994320050e+00
-1.133984049699187224e+01,-8.339793021108960147e+00,-4.980966682943614110e+00
-9.975020807647171139e+00,-8.463410668352167932e+00,-5.387862852068678876e+00
-3.057618109408544171e-02,8.894284537363015275e-01,3.478961537140919269e+00
-7.682753742167253819e+00,-6.883561624895393471e+00,-5.175751222914628968e+00
-9.544190059110853497e+00,-9.386295632199990635e+00,-4.423259299693208746e+00
-1.125009965031418702e+01,-6.523130068292807948e+00,-6.495013557307986574e+00
-7.257922019657652157e+00,-3.808491956882561702e+00,-7.225277282965145709e-01
-7.566999343848472392e+00,-7.351087568081636547e+00,-3.745739759187921347e+00
-1.540550663359992001e+01,-1.113051993432738485e+01,-6.908102883345966561e+00
-1.262779805181232007e+01,-9.304860006949596141e+00,-4.789032398977987270e+00
-1.001448435076634702e+01,-6.145826068776198525e+00,-2.088797230948485684e+00
-8.464801629442552766e+00,-4.961388308413494208e+00,-1.958527333536479009e+00
-9.386838330850924450e+00,-6.893280298751484736e+00,-5.523810917222084171e+00
-1.143311008760485592e+01,-6.960332183269323458e+00,-6.374141208778063117e+00
-8.328357938614427525e+00,-3.657895099147987494e+00,-2.030318307999445793e+00
-6.627712551606991020e+00,-2.965132188233371657e+00,-1.783062143161284974e+00
-5.344788228789383311e+00,-5.191975426829324114e+00,-2.225492038273234829e+00
-1.431234201794489280e+01,-1.024146015284618194e+01,-9.661403036841285541e+00
-1.442664793271954160e+01,-1.264846410870230997e+01,-1.052248205339785514e+01
-1.008919895442856074e+01,-9.110720755197069920e+00,-8.885245240988336235e+00
-9.281215991683017918e+00,-6.491067445781344425e+00,-1.653188335556242450e+00
-1.267196977234795341e+01,-1.123273630561754466e+01,-1.101931251807838663e+01
-1.361639941568828860e+01,-1.100656852951178877e+01,-7.726704664160282121e+00
-1.206160556036592624e+01,-9.047258322168341138e+00,-6.999031786474554373e+00
-1.173149185564731845e+01,-9.930509763836241177e+00,-8.742654893684907336e+00
-1.319825640960624291e+01,-1.188167492319991503e+01,-7.084984093762607849e+00
-1.325426586046418720e+01,-1.311427482865398098e+01,-1.270225595088428605e+01
-1.100312335141319586e+01,-1.083693760625839353e+01,-6.799718927659204937e+00
-1.690467777331471666e+01,-1.401536702364296616e+01,-1.220358943765540261e+01
-1.365374452146888551e+01,-1.274510685933922183e+01,-8.649039702551629460e+00
-1.719163597273104216e+01,-1.485289521526646084e+01,-1.344603843177428892e+01
-1.826246368142881238e+01,-1.363602030380445918e+01,-1.359667172837788129e+01
-1.431444378698509645e+01,-1.257397899199074942e+01,-1.237078405912800783e+01
-1.647527758552055843e+01,-1.533854615425405576e+01,-1.063946670229394087e+01
-1.479936717783770916e+01,-1.253155477455008615e+01,-9.164840277003985847e+00
-2.215733671462349008e+01,-2.149498116995395236e+01,-1.764581481581879885e+01
-1.595913552343617070e+01,-1.438037013915095841e+01,-1.405681042111657497e+01
-1.626404748118125809e+01,-1.342773259952700471e+01,-1.074652452840191152e+01
-1.846266358905669946e+01,-1.563233970335861933e+01,-1.420895781580841444e+01
-1.239839161593621775e+01,-1.225610970761411167e+01,-7.659663571505939572e+00
-1.367466372314505740e+01,-1.073922432121171688e+01,-7.613923244278562485e+00
-2.175162486596341438e+01,-2.171838995886098189e+01,-1.733200105103841437e+01
-1.870171617739274694e+01,-1.449414479322044613e+01,-9.755734632886724711e+00
-1.863668622283731224e+01,-1.442444044274254367e+01,-9.947325232349825797e+00
-1.884512556409780615e+01,-1.826438276643488123e+01,-1.399217397785455752e+01
-2.121737683909482897e+01,-1.649332297885139198e+01,-1.178831222369026221e+01
-1.970148073930795007e+01,-1.743014840151277056e+01,-1.408726762899760665e+01
-2.087606540889001039e+01,-1.611073009742712614e+01,-1.421329128769991890e+01
-2.215651859981095484e+01,-2.010806242227582175e+01,-1.871300053319135515e+01
-1.813056962403105388e+01,-1.515822810790458419e+01,-1.469283984876879146e+01
-2.299529496078486446e+01,-2.042684744123845775e+01,-1.991245252018758904e+01
-2.074062740011118677e+01,-1.621239159666046348e+01,-1.136648298030718429e+01
-1.795452605377962030e+01,-1.779438430601345544e+01,-1.514722623877188035e+01
-1.739360062872151502e+01,-1.259166944120100595e+01,-1.193885755279807626e+01
-1.503738908492633541e+01,-1.244667948098664567e+01,-1.226334366968679213e+01
-1.882292257922734180e+01,-1.757348448399747909e+01,-1.517450859194946489e+01
-2.489616644414368452e+01,-2.147334818730330497e+01,-1.846008792183640423e+01
-1.766941944277579779e+01,-1.661387116750787385e+01,-1.618179402114632381e+01
-1.780846581462571976e+01,-1.653540500599943286e+01,-1.614787551198233473e+01
-2.312857627515272796e+01,-1.970892082578058790e+01,-1.964845169061035790e+01
-2.188425060555321977e+01,-1.995175591045880381e+01,-1.556300938315008864e+01
-2.135239281794402544e+01,-1.903228994473859714e+01,-1.883299318727008043e+01
-2.246311129915200056e+01,-2.158893012141835399e+01,-2.004745022020212986e+01
-2.159020948201225210e+01,-1.803283177847956509e+01,-1.577682622651213507e+01
-2.501528500600142735e+01,-2.062109770634398132e+01,-2.036398347460079705e+01
-2.023704053283312732e+01,-2.003785491231895932e+01,-1.744920055374356238e+01
-1.447395317242199653e+01,-1.246485714802445699e+01,-9.535813730104653274e+00
-1.818862841370944494e+01,-1.582338303629380505e+01,-1.291308961818248235e+01
-2.301299167567170656e+01,-2.176050598348371068e+01,-1.810711874131007804e+01
-2.348673315859638677e+01,-1.975377212028637075e+01,-1.930643801926929015e+01
-2.245602733369719672e+01,-2.039605284564498078e+01,-1.730465934910987613e+01
-2.567960949930815318e+01,-2.120186155634179315e+01,-1.826135386062030364e+01
-2.428611562185393424e+01,-1.976476574491416827e+01,-1.811755404524456736e+01
-2.074348509614038250e+01,-1.807469938813724042e+01,-1.703305422704992722e+01
-2.549881994034587152e+01,-2.370964369891688506e+01,-2.043759757320645321e+01
-2.061002989551597508e+01,-1.853692875903328385e+01,-1.614415857523270859e+01
-1.892102949910686149e+01,-1.713091778202334581e+01,-1.475799231889564567e+01
-1.871985977855540995e+01,-1.531639854154524549e+01,-1.422897766587214718e+01
-1.572030138084683593e+01,-1.536572196634618770e+01,-1.465445629634604607e+01
-2.328238611279801518e+01,-2.044372994665785015e+01,-1.910178210083465444e+01
-2.481120073855911556e+01,-2.378390314654751236e+01,-1.989029674612065435e+01
-2.189770497339013389e+01,-2.056863404248218430e+01,-1.904319808938243952e+01
-2.286232747970313284e+01,-1.960122688310762840e+01,-1.861068160695040774e+01
-2.450969684934515413e+01,-2.176371467739521393e+01,-2.090446910403746372e+01
-2.449499003220913806e+01,-2.201391129163629046e+01,-2.039345405038785231e+01
-2.558590952488392745e+01,-2.254258927132153545e+01,-1.871771369657236406e+01
-2.577656854677721654e+01,-2.513609821151355561e+01,-2.363873689259363431e+01
-2.504135841139516927e+01,-2.200893864046942738e+01,-2.054645318912921326e+01
-2.743410778852022958e+01,-2.434125859195848562e+01,-2.012664744595908672e+01
-2.871058123981101318e+01,-2.701385149509124162e+01,-2.437587498790668405e+01
-2.292153202192107386e+01,-2.147712089646265810e+01,-1.717891522130301851e+01
-2.777286083344775491e+01,-2.320336103353319501e+01,-2.156045515459779338e+01
-2.671951736958563117e+01,-2.476841962357699956e+01,-2.346431044207988492e+01
-2.226186515107153596e+01,-2.127631026275906123e+01,-1.934346370310326435e+01
-2.190654335412326148e+01,-2.129803673663218433e+01,-1.853991135499668630e+01
-2.405935889120647531e+01,-2.253837678089183427e+01,-1.879071101390648479e+01
-2.767138592990580293e+01,-2.469771791135854500e+01,-2.373422709843009315e+01
-1.641120381091691627e+01,-1.419883383505505847e+01,-1.373574103124890478e+01
-2.036234060092124309e+01,-2.014272360301805875e+01,-1.753391370236963098e+01
-2.116819158645217414e+01,-1.856705344275604119e+01,-1.780208214917868403e+01
-2.335619788062297886e+01,-2.051028997688278110e+01,-1.961499948536593152e+01
-2.036091093505240579e+01,-1.708712010740838849e+01,-1.403425746233540750e+01
-1.905871047087454784e+01,-1.860784402610796917e+01,-1.484347472443543836e+01
-2.225636691291884617e+01,-1.894464838868779921e+01,-1.839501672421523892e+01
-1.902756504071833632e+01,-1.661579960323373584e+01,-1.626459677794650105e+01
-2.107987904338237328e+01,-1.992526767106938834e+01,-1.517972214829308442e+01
-2.580978231245349264e+01,-2.267233260520217186e+01,-1.889389759483216835e+01
-2.556178709655512549e+01,-2.259090961247801133e+01,-1.960886689082413881e+01
-2.330573986939677411e+01,-2.097995731780002160e+01,-1.708906373850828686e+01
-2.447645015081187836e+01,-2.074913633000704039e+01,-1.628054282334957747e+01
-2.381277838554849069e+01,-1.914708102200144779e+01,-1.887297633001820429e+01
-2.347469167660547384e+01,-2.221604547045980027e+01,-1.966858160751956319e+01
-2.085190504168747339e+01,-1.903094235996615069e+01,-1.591900496360129935e+01
-2.441811520701437388e+01,-2.067018362660487441e+01,-1.629643280493910851e+01
-1.746118921511893163e+01,-1.648321458173331422e+01,-1.420799247205047955e+01
-2.427322370711802435e+01,-2.122293837950698148e+01,-1.650707998200354609e+01
-2.136794655960333600e+01,-2.059544852653069569e+01,-2.034013519770496714e+01
-1.517484551009345495e+01,-1.121411519591098660e+01,-7.462628241111083582e+00
-2.249631636730236295e+01,-2.070265188874324025e+01,-1.843754169882815930e+01
-2.366782345191743886e+01,-2.347580199554730740e+01,-2.001342803880142895e+01
-2.157072923196786007e+01,-1.810380804968275470e+01,-1.437224372969286534e+01
-2.007740896855883150e+01,-1.603246909181286028e+01,-1.419075644863607266e+01
-2.002926873135293206e+01,-1.978586172871368376e+01,-1.553020283952681702e+01
-1.987056618787919149e+01,-1.831407798872625392e+01,-1.799043598020153922e+01
-2.001745406450610432e+01,-1.627158484510607295e+01,-1.569583961077395884e+01
-2.099308855373496385e+01,-1.908685507332904407e+01,-1.505201265666136479e+01
-1.792074162795926640e+01,-1.719132325590880228e+01,-1.301545102203930071e+01
-1.795372944263147019e+01,-1.440985086679446958e+01,-1.198240783255164210e+01
-2.119808619742244105e+01,-1.660196202329815307e+01,-1.170169493394800497e+01
-1.954657432490029478e+01,-1.709237253777219934e+01,-1.470754308705246061e+01
-2.256659055332099229e+01,-1.785826996854781967e+01,-1.475166237378008560e+01
-1.884579506977946650e+01,-1.616890977448388966e+01,-1.307780945080547852e+01
-1.853294961083867065e+01,-1.719516565006191655e+01,-1.473479566645549177e+01
-7.313728052844965077e+00,-5.216416821660198266e+00,-1.841600468659915002e+00
-1.997158816589948316e+01,-1.877308344733890522e+01,-1.380050784941740716e+01
-2.176384039709986240e+01,-1.946358719554454808e+01,-1.483688810008289494e+01
-1.591380795878530918e+01,-1.466164958441971322e+01,-1.067633527288443318e+01
-1.801894978450574314e+01,-1.357131471001986256e+01,-9.062365187489543672e+00
-1.911262698875091459e+01,-1.580622869582828649e+01,-1.173478389150269052e+01
-1.880040304505928361e+01,-1.774943568685878859e+01,-1.497253998140572051e+01
-2.112039160156257367e+01,-1.722985678745388327e+01,-1.610001074530899245e+01
-2.328149216800303378e+01,-2.129802612293624264e+01,-1.666349082436133600e+01
-2.117474077713156788e+01,-2.087737945951326068e+01,-1.760104990580810025e+01
-1.856217124398524021e+01,-1.735155365444656539e+01,-1.729245573414971915e+01
-1.662110909613067733e+01,-1.207179389134625502e+01,-8.266595481678868040e+00
-1.966998804761101027e+01,-1.639945140525660605e+01,-1.327268632371413126e+01
-1.461697152971728464e+01,-9.789681381084671230e+00,-8.968285265533495476e+00
-1.587128787681738729e+01,-1.464710754854282904e+01,-1.030553042967823885e+01
-1.247995072567931629e+01,-1.108897689963201572e+01,-1.107436544922451205e+01
-1.287002925128704689e+01,-8.775405317550433182e+00,-5.389592022922745862e+00
-1.422393816129319077e+01,-1.156136086853418554e+01,-8.807505191741070050e+00
-2.268598289090598641e+01,-1.883042681229854054e+01,-1.550575177657817783e+01
-1.591950651440163078e+01,-1.461909644139464604e+01,-1.111432825968826776e+01
-1.599130619260636443e+01,-1.123968486870229810e+01,-7.836742869479932594e+00
-1.435587218797531683e+01,-1.401264497292402567e+01,-1.075745498431240321e+01
-1.641248367751683190e+01,-1.339628401976326799e+01,-1.252110614796241173e+01
-1.254363100873813153e+01,-8.725394261855241140e+00,-6.782165800020855784e+00
-1.165507237527889828e+01,-8.878466170889769415e+00,-7.312035247680441330e+00
-3.781508404748636032e+00,-3.760381629192805164e+00,-2.046074890854975514e+00
-1.539189502198050263e+01,-1.443386805271667406e+01,-1.361549234662762586e+01
-1.544923923986558734e+01,-1.079094589552202876e+01,-8.361201460608972624e+00
-1.066558987016844107e+01,-7.761828477077674648e+00,-7.116692979107115846e+00
-1.138804102212784208e+01,-9.609210512885882238e+00,-4.752565470027604100e+00
-1.009638088483770701e+01,-6.116813813180305814e+00,-3.984940048255178890e+00
-1.472032783081861140e+01,-1.222226539852372795e+01,-1.115035616551140940e+01
-1.349106013432801454e+01,-1.040647927177566068e+01,-8.145471542211678795e+00
-1.151886588414153678e+01,-8.239349564306666096e+00,-7.251406734805006415e+00
-3.782614590946576705e+00,-2.789505596571688173e+00,-9.078220077304077762e-02
-7.589227004414772715e+00,-5.481824802133360208e+00,-4.565118840295776081e+00
-1.327789991729899377e+01,-9.631864596661252165e+00,-5.004045016706320403e+00
-6.752165394630619488e+00,-4.459412940388039814e+00,-1.069719636489014469e+00
-1.244800306243143773e+01,-9.874470028364040530e+00,-8.108155270094600908e+00
-4.736874242089353260e+00,-4.324869721057039484e+00,-3.207497096537181847e-02
-4.303839260365268871e+00,-2.873545412519590503e+00,-2.434204572971249370e+00
-6.710683616740428903e+00,-5.967901515331386797e+00,-2.747148575014974892e+00
-8.942313402843403480e+00,-8.099989486715251985e+00,-7.341667074172644192e+00
-5.172602878769887447e+00,-4.610011347845798468e+00,-4.067508574124635956e+00
-1.090299439644485346e+01,-7.909067187839997182e+00,-4.748589422288508999e+00
-1.057182678109501950e+01,-9.671061239570327928e+00,-9.316045129609610953e+00
-6.093510304676454936e+00,-3.546696938393666620e+00,-6.772177442050031360e-02
-4.775025882989359260e+00,-3.340187961867853605e+00,-3.317357917369577969e+00
-4.479387480499423368e+00,-4.811808583179812970e-01,1.371355399947820519e+00
-1.121328894460052084e+01,-6.915714798782401473e+00,-3.139562983246555916e+00
-5.526425583021362442e+00,-2.292367196801510687e+00,-2.188343832108230025e+00
-9.419650094807617835e-01,-8.064642585643704287e-01,1.522348481269899523e+00
-6.136086734140530297e+00,-3.630632439739125861e+00,-2.127850265275524677e+00
-3.280417148152884987e+00,5.327851409588348908e-01,3.188981233716148278e+00
-8.538225618089704483e+00,-5.627572944131664201e+00,-2.195384377022692401e+00
-6.250560481087792830e+00,-3.791995946826197894e+00,-3.636871939655873742e+00
-2.183269412146662702e+00,-4.505239400261742411e-01,1.227527736201106556e+00
-5.672843474208846715e+00,-2.886366224056458929e+00,-1.298900382358284311e+00
-6.580622177986415799e+00,-3.170051842916611573e+00,6.176580151427555343e-01
-4.881482253850679243e+00,2.087517591270626749e-02,3.359818800100058400e+00
-3.337162384582990082e+00,-4.790782563438655828e-02,4.485483371682537523e+00
-6.232829938108309875e+00,-5.090324398639930692e+00,-4.266742993424295527e+00
-8.352322373309086778e-01,2.032946430429163787e+00,5.748775359595050816e+00
-7.772798699926688482e-01,4.545902130326995305e-02,3.691308461985820077e+00
-5.559150009849149754e+00,-9.784135682858865479e-01,-3.665147088726086189e-01
-7.518192849167886216e-01,6.042680942477269834e-01,2.833747401265326538e+00
-5.993923102821817395e+00,-2.904821269492617652e+00,1.452873242259265396e+00
-4.280495863470898499e+00,-1.117127515626023637e+00,2.903880282532786516e+00
5.884123038532096395e+00,6.838700651476714576e+00,9.309174481450238403e+00
3.640483762017035829e+00,5.933521370593068056e+00,8.601739758707463324e+00
-1.217553571821044178e+00,5.794947869026731979e-01,6.079852262614324765e-01
1.633697840963043824e+00,2.083312966566408519e+00,6.321873861147204288e+00
5.709765955538394167e+00,8.430434308408006672e+00,1.156891592756155163e+01
2.159106556368151963e+00,3.991118724811361762e+00,5.297139928638717521e+00
5.522279653427619728e+00,7.747559956333301301e+00,1.071463099288973098e+01
5.676788038696312988e+00,5.679503771585832084e+00,9.099509787805830641e+00
-4.651502803025531207e-02,3.950048232770440926e+00,5.869875848778168148e+00
7.125690612218038567e-01,2.305725952902277776e+00,4.719906821855063050e+00
1.229973902577658151e+00,2.063301854207319597e+00,4.661058239774256151e+00
3.073574512443725926e+00,5.491489621937588161e+00,6.810256402039977175e+00
-2.495007314315822455e-01,4.454350946264433730e+00,7.910752430029988069e+00
-4.155730179876337971e-01,3.536668019675559549e-01,2.524350965592612628e+00
4.448810493157404622e+00,7.715599497877381197e+00,1.201522409800136160e+01
8.309809070013411514e+00,8.959351202044693707e+00,1.121172771413471203e+01
-7.779231874548120373e-01,3.258887246798913395e+00,4.238860263313394938e+00
1.687675909841539479e+00,6.141931676421242159e+00,9.922964935393540742e+00
5.553051231527547316e+00,7.702624580246506980e+00,1.061435897491869440e+01
-8.753788735592298309e-01,3.615923712707264315e+00,5.686768555844995632e+00
7.668967689271684485e+00,7.901304088151441363e+00,9.956499946415135582e+00
4.236430300967455764e+00,6.587586576143965367e+00,1.083677381083756686e+01
5.654071618820378120e+00,7.811808476148184965e+00,1.148702575095001777e+01
1.262720721785903066e+01,1.265000577451802855e+01,1.266071334438871077e+01
4.665593277079420176e+00,7.285998108502266035e+00,9.328056270267513383e+00
6.978930655163079422e+00,9.371422516563091776e+00,9.992439366301960391e+00
7.612024344941126230e+00,1.196600049745648420e+01,1.539382074816859003e+01
1.161268776120845203e+01,1.331041054588096628e+01,1.667002552586635389e+01
9.502988821381386231e+00,1.122324584453219209e+01,1.237498937282686029e+01
8.685824987478497405e+00,9.229937562691487685e+00,1.269372103641108929e+01
5.083521714749013043e-01,5.181121376500971820e+00,6.305248648783592813e+00
1.178623831766390140e+01,1.670031888200835724e+01,1.822003658029588280e+01
4.848379305102202608e+00,7.615248471671963060e+00,1.024685143425262801e+01
6.767694742127527974e-01,4.718970098153324244e+00,8.487486203633942239e+00
4.295432426117370639e+00,8.974864858758593300e+00,1.013071065946736837e+01
3.156317260362930810e+00,6.445520457287630123e+00,1.076800757636827655e+01
9.279538982022351945e+00,1.082692212974711765e+01,1.096650914558382972e+01
1.034291814714115176e+01,1.075068707099442555e+01,1.457361827618005279e+01
1.072873899921754060e+01,1.141145673802613381e+01,1.383930104565478914e+01
2.953668493317336718e+00,5.112502790454662716e+00,6.547912867287672967e+00
9.652312462585003416e+00,1.209591524048604683e+01,1.498985431122788015e+01
9.807005486492368362e+00,1.377253474942532740e+01,1.802202922502620908e+01
4.574937699960024418e+00,9.079122386346549334e+00,1.191632205598816086e+01
1.020722758405570474e+01,1.411821848272456847e+01,1.520336900868834640e+01
1.093142098652600680e+01,1.509088131113355935e+01,1.690694005707725722e+01
9.339231844364828561e+00,1.157877534515696638e+01,1.505167435318562852e+01
7.478888027141537442e+00,1.229389151407977465e+01,1.676443305671625694e+01
1.326005326560473918e+01,1.522690405604306285e+01,1.866495153827417042e+01
1.105591209483006132e+01,1.387184478413255206e+01,1.538575546427376040e+01
1.003794001728849317e+01,1.011917564480259024e+01,1.269872063556818986e+01
1.464568179032376705e+01,1.529196912431635980e+01,1.937363661335487564e+01
9.188672682421900717e+00,1.055305516386263065e+01,1.441652663330907913e+01
1.304096725214324870e+01,1.456088351776364576e+01,1.485158434720731790e+01
1.010711513350570634e+01,1.174649811733388738e+01,1.514599976503787282e+01
1.043166246255476359e+01,1.168711733525761787e+01,1.188615131634013267e+01
5.786307564551007587e+00,6.499806274980237220e+00,9.884410900021121549e+00
6.660285029122619882e+00,1.148982885896918305e+01,1.376435862819044331e+01
7.603834468271006841e+00,9.847990940123166226e+00,1.195302737972921037e+01
1.174788800499470476e+01,1.516027238067798066e+01,1.995260790565243880e+01
1.046702921525352359e+01,1.262555514082133712e+01,1.326011192504685710e+01
1.226912545706590763e+01,1.581238199879269857e+01,1.927638731576781339e+01
1.242086747459940987e+01,1.258494032742064306e+01,1.545742644470419691e+01
1.388640915066291370e+01,1.496315454406026646e+01,1.677101185077942347e+01
1.057160031181959958e+01,1.285568515802415135e+01,1.774951458983634467e+01
8.491736891852475821e+00,1.325078295052160371e+01,1.505715009913698310e+01
1.334531428274402920e+01,1.363727419752942716e+01,1.805104804112098549e+01
9.260563939511492038e+00,1.039668095816957916e+01,1.101284287474446977e+01
1.220670876532541271e+01,1.497265273634232408e+01,1.890569734913313127e+01
6.189483435588137183e+00,1.068435746410495213e+01,1.442639677819785859e+01
1.194192629119284099e+01,1.672491332262879382e+01,1.939302313235713271e+01
6.628112426670411672e+00,1.110171876831521764e+01,1.314402524216370693e+01
9.103738772901410314e+00,1.339420175670324475e+01,1.581313618017161104e+01
1.296677986231541269e+01,1.371559983784978343e+01,1.595383641486333026e+01
1.227258862581688348e+01,1.292899229269702666e+01,1.505191359504044613e+01
1.417924370341799545e+01,1.558059207212001596e+01,2.031296411110885458e+01
1.094604925749287005e+01,1.408147501054062545e+01,1.628723528075422422e+01
1.184981129455354321e+01,1.209197749117351961e+01,1.640476996400175125e+01
9.001646840237087943e+00,1.250768802585489858e+01,1.580266505532665988e+01
1.400232134616765833e+01,1.779549050849368541e+01,2.032015894623428665e+01
9.462498227471721535e+00,1.392169784005507083e+01,1.668576486974987816e+01
9.986274810742935770e+00,1.133876604306468927e+01,1.421170650837996163e+01
1.014849783432820729e+01,1.086752220252865264e+01,1.379826743699008063e+01
1.603480661567602183e+01,1.828308543761800919e+01,2.280136119917513327e+01
1.332067568942081870e+01,1.654599876160668970e+01,2.121722709978329036e+01
1.030766811531766081e+01,1.219991443637342954e+01,1.469929532288356100e+01
1.039345230147183230e+01,1.359421355067317450e+01,1.558536505431079533e+01
9.270521391282965595e+00,1.384661036648846810e+01,1.533473265493537951e+01
1.292922298122029545e+01,1.659964075176279508e+01,1.787034758956498592e+01
8.149830510008447604e+00,9.568339366610949526e+00,9.895861030681217585e+00
1.203564710053008113e+01,1.502444978302946055e+01,1.999890393801629784e+01
1.439926446671794835e+01,1.666006828747910973e+01,1.783903496085570239e+01
9.916379303372687914e+00,1.029024117231244162e+01,1.292556641529874284e+01
6.819713639335325261e+00,9.963814545825968594e+00,1.415767922414042701e+01
4.334555044935128443e+00,8.876621900464296999e+00,1.368847763517450922e+01
1.018680604963988401e+01,1.442307416494606898e+01,1.752754286533462746e+01
1.542807613507744158e+01,1.563949233863865373e+01,1.987524655794555883e+01
6.245879896453318203e+00,1.042756457661098146e+01,1.228880327407582840e+01
3.906873739448301741e+00,7.425054242942391802e+00,7.738742021373152369e+00
1.289447440066223471e+01,1.508763953138891267e+01,1.907561669130105386e+01
7.056464990362037781e+00,1.162770667112742728e+01,1.576613928156305988e+01
1.223837791716829315e+01,1.394066039064999707e+01,1.598376292100657281e+01
1.018017274731635524e+01,1.060396026584542817e+01,1.512285989798272112e+01
7.410422689052177603e+00,9.476040168686306941e+00,1.295984152068908024e+01
9.243865215719644368e+00,1.184461430769453649e+01,1.355308469285087547e+01
5.023041952665110443e+00,9.786047489779633679e+00,1.302083764199706550e+01
4.229831814883474372e+00,8.953428952879095348e+00,9.567631059027860374e+00
1.480765264388131186e+01,1.612503057283613828e+01,1.644140860538779947e+01
9.125919681599247824e+00,1.197054038945691623e+01,1.375414917570916806e+01
5.814814019389131339e+00,1.042189664313632846e+01,1.266791695568129938e+01
1.067101130646148910e+01,1.501540064628681392e+01,1.673507605079800697e+01
6.564416818545804944e+00,6.722452640971525284e+00,1.116584819515320248e+01
5.902680416606841618e+00,8.574411212491471090e+00,1.155814112916004888e+01
1.117939531744074166e+01,1.342647853158450744e+01,1.694489144815239001e+01
5.524602124719908858e+00,1.032326914519442163e+01,1.209814224510839686e+01
9.886315859224023228e+00,1.053850149060327190e+01,1.185964275501290643e+01
1.326901993472182184e+01,1.431036528429012655e+01,1.584834362762637561e+01
2.166235891238098787e+00,5.601350665187460720e+00,8.808614688179916996e+00
9.210977233592828384e+00,1.049256457807895160e+01,1.525305547253352145e+01
6.925893627875199243e+00,9.390673625940992864e+00,1.418538386947847663e+01
1.253734931963861143e+01,1.255141228990049385e+01,1.525897160677508957e+01
8.141108161819431643e+00,1.097700080739193496e+01,1.098240417362694998e+01
1.842705526577774311e+00,3.914564417982665745e+00,5.607684898269446272e+00
2.928138603730549683e+00,4.658513077273162217e+00,6.292382198339937283e+00
1.103393585580657899e+01,1.141545027408430002e+01,1.417843920382184564e+01
5.879737653997157310e+00,8.630386094991337131e+00,1.360042614812595474e+01
2.675362294482344083e-01,4.929578004327309415e+00,7.363582620036210002e+00
1.159012658568480791e+00,2.899485575087012101e+00,7.749417584211441223e+00
8.601894125603150698e+00,9.158753448395280827e+00,1.161140972004465333e+01
3.540968313534521350e+00,4.878788845770847260e+00,6.491332767435640250e+00
2.802433806141022554e+00,5.474841128910139076e+00,1.009334204460324003e+01
2.498880288250106663e+00,5.891309657530443111e+00,6.247825299334958338e+00
-2.129521833531250685e+00,-3.620268617844226711e-01,3.676327209390588102e+00
3.152460622781077415e+00,5.924211692875738677e+00,1.024810051925109988e+01
2.310359942046549264e-01,3.436879472699007732e+00,6.947588726451245478e+00
4.344553856274684378e+00,6.121991684204100004e+00,6.615173510117306144e+00
7.542433194084345871e-01,5.099402873102006239e+00,8.502473698810010916e+00
1.799260334014547436e+00,4.184066040140607790e+00,5.205164644981665312e+00
1.056906198707361355e+00,5.033780943945894037e+00,6.861502625981358960e+00
4.983714027796510848e-01,1.607170505282859096e+00,5.275465750586375790e+00
-5.173975650808425364e+00,-2.419906002355849850e+00,2.212706747013023723e+00
3.666352629354755699e+00,4.575253452239651963e+00,6.510883241994273263e+00
-3.564205915680024317e-01,-1.581740088739347350e-01,2.339586896574993080e+00
7.506873042960164888e+00,8.215473367630522716e+00,1.036327933756192543e+01
-3.726122517228018793e-01,3.939147652041074643e+00,5.635470466701835157e+00
-5.433150946907872481e+00,-1.565702547458510452e+00,3.301079230169418288e+00
-7.432579147159885657e-01,3.829329284524253918e+00,7.193380030215918097e+00
7.150658881076561002e+00,7.756795145008250181e+00,9.048435054848550152e+00
2.382187347262231025e+00,4.199203069004207478e+00,7.889719779937939492e+00
-1.093507272370095595e+00,2.772733913108014647e+00,7.491115422878094066e+00
-2.866884342544395281e+00,-1.448143549839036037e+00,4.816873436691881949e-01
-1.062693687904284978e+00,1.681790263404428387e+00,3.569262834050050515e+00
-4.010297209958260112e+00,-2.737926984536521058e+00,1.682736881093251480e+00
-2.984443404322878468e+00,-2.382390100407894007e+00,-3.784846237965031612e-01
-3.918401169300986808e+00,-5.973413903320875518e-01,5.949161329269903042e-02
-2.126501300554538787e+00,-9.389458999097985981e-01,3.850465974742458997e+00
-4.187580684307059542e+00,1.138535398426863132e-01,4.520662533758857293e+00
-4.601671099780978658e+00,-2.306316416175668849e-01,2.046836537345473328e+00
-6.346931953312806129e+00,-4.025769977464760174e+00,3.917015273616835103e-01
-4.584827774951067525e+00,-4.064277403078236262e+00,-3.403434442052719611e+00
-4.307093291712711824e+00,-4.255191424749547480e+00,2.283168162395705636e-01
-4.229249987083503193e+00,-2.694501038219468292e+00,1.582981124714511800e+00
-5.312170983080148901e+00,-8.881336953277694235e-01,-5.594592417623631686e-01
-1.712156932704838486e+00,2.657716104044894667e+00,5.425335363379860887e+00
-4.605948641133469579e+00,-4.382937071880633084e+00,4.471787447560373607e-01
-5.665989719530439839e-01,-3.523369539550991192e-01,4.504304858604792017e+00
-1.131984254687318625e+01,-6.897330416811799481e+00,-5.089929644455851054e+00
-1.567576373801583500e+01,-1.321590236005066643e+01,-8.677028883837177631e+00
-4.470155369378063348e+00,-1.560726997417255291e+00,6.583308824233431444e-01
-9.803081318850139780e+00,-5.834387116742804302e+00,-5.718504096321511021e+00
-9.963939481309630253e+00,-5.189489470658190662e+00,-8.475023225090554391e-01
-7.398032922495099584e+00,-3.161836321032580166e+00,-3.002065766816396586e+00
-8.105076354389272097e+00,-6.347840183009950898e+00,-2.522818321248251561e+00
-9.419496613879836389e+00,-5.330799442838547897e+00,-1.620641128629241479e+00
-1.258564210869996458e+01,-9.732043901108422546e+00,-7.590509859509149138e+00
-9.006654529995650194e+00,-5.286554055393129836e+00,-7.317341170481297397e-01
-8.489255233382692722e+00,-4.642335973875150401e+00,-1.177209410010368718e+00
-1.604849898908816019e+00,-6.284802934316466860e-01,4.738194370148405277e-01
-1.359807367116953891e+01,-1.188814195565122489e+01,-1.037373830529023522e+01
-9.791882883992322206e+00,-8.467850546676251255e+00,-7.257657670399197514e+00
-6.587235464813494978e+00,-2.709193741658881827e+00,1.889712751937082658e+00
-8.373277378469103027e+00,-5.908972688886686697e+00,-1.262230765387787557e+00
-1.489287009603738277e+01,-1.173566733036677689e+01,-7.356921439637281068e+00
-9.343598071930010462e+00,-9.141256640652928311e+00,-5.207497076916559386e+00
-8.269209057095515902e+00,-4.951624413647935263e+00,-1.748273188106062026e+00
-1.032301474606113523e+01,-6.984574720096677680e+00,-3.811533011133688031e+00
-1.652442745415035574e+01,-1.425989639318762769e+01,-1.330978449244169504e+01
-1.357339460666334929e+01,-1.305385563146633032e+01,-1.272740908817346828e+01
-4.515681565594033664e+00,-4.314340272064350224e+00,-2.471100054342252772e+00
-1.459115176552569260e+01,-1.332229800082072657e+01,-1.315932019385875051e+01
-1.406754835743332066e+01,-1.139603119173918522e+01,-8.037966990990359051e+00
-1.267122264061850601e+01,-9.920048870604304625e+00,-7.521960661077843113e+00
-1.649795382716060388e+01,-1.334084153485928681e+01,-1.275889612515471505e+01
-1.510159251389319657e+01,-1.033300381653029376e+01,-8.384984509278593734e+00
-2.082698458994162394e+01,-1.583307051404984378e+01,-1.426158599721665254e+01
-1.412783740406510979e+01,-1.125876580057300913e+01,-7.498946705941058610e+00
-1.607282009580906390e+01,-1.302930944915710576e+01,-1.040042539509615338e+01
-9.953757538290371798e+00,-5.939500032051572731e+00,-2.126840398531114396e+00
-1.662800435262181509e+01,-1.515995168482255728e+01,-1.312674389791581930e+01
-1.879170507571391724e+01,-1.669004225170275291e+01,-1.408230098814191678e+01
-1.216417692553642738e+01,-1.020736626382766943e+01,-8.181410061565831171e+00
-1.820000536607042463e+01,-1.483855910709814552e+01,-1.426871310060059983e+01
-1.708381451893745862e+01,-1.356240143340742677e+01,-1.172662262956906787e+01
-2.245098121354371301e+01,-1.789572144547839017e+01,-1.626866044821899138e+01
-1.558075816622472765e+01,-1.370602188776449637e+01,-1.232263124722216041e+01
-1.663696892640287928e+01,-1.217489013871369785e+01,-1.198781933101755115e+01
-1.992408438814963034e+01,-1.749821598165058845e+01,-1.694365419469357903e+01
-1.803128895969944523e+01,-1.680423790078414115e+01,-1.255056153104830940e+01
-2.133747324837958814e+01,-1.713565248503100946e+01,-1.223137217443483671e+01
-2.147494910769618670e+01,-1.829135008942247964e+01,-1.684915131708880054e+01
-1.594012966182128288e+01,-1.511287357388380492e+01,-1.080070109592239191e+01
-1.410288106938946662e+01,-1.360517108252136431e+01,-9.677701964969418924e+00
-2.391543313616179489e+01,-2.266349081759228667e+01,-2.020674606017621500e+01
-1.928061355730960003e+01,-1.810526373902150965e+01,-1.669843165917284367e+01
-1.826159119623949323e+01,-1.823676045058431683e+01,-1.685549714394393916e+01
-2.223908117188947031e+01,-1.791648204993946436e+01,-1.374538870919563038e+01
-1.748233309264848145e+01,-1.579612736224617464e+01,-1.362181920701328330e+01
-1.971339892125060089e+01,-1.819242230387024506e+01,-1.325579964256309040e+01
-2.345824269748684543e+01,-1.915844863699595990e+01,-1.520067406397030041e+01
-2.335747300701503448e+01,-1.909229296612174664e+01,-1.904723974052307156e+01
-1.950104375722445482e+01,-1.696391532976250005e+01,-1.689967008702526385e+01
-1.687352215107658537e+01,-1.292932678080853037e+01,-1.145838480896946976e+01
-1.992392229243499102e+01,-1.692633285433265655e+01,-1.584491405058816049e+01
-1.668648153856844374e+01,-1.624284236762230549e+01,-1.486414859011829570e+01
-1.895053724016140606e+01,-1.493665560920330471e+01,-1.465510421671806718e+01
-1.450059357737414700e+01,-1.439235160348962062e+01,-9.991790930081009492e+00
-1.865946050742492091e+01,-1.746144959875011793e+01,-1.685654979380846186e+01
-2.597023887613722337e+01,-2.212531957291708196e+01,-1.891970938999128293e+01
-2.931444121491815835e+01,-2.484159545107697653e+01,-2.057436783587821694e+01
-1.810257090166735949e+01,-1.494067398258148671e+01,-1.335402918988719101e+01
-1.849725246211948360e+01,-1.830910588081942691e+01,-1.729377284095535572e+01
-1.806583008601497653e+01,-1.777286707710142721e+01,-1.772582194908086706e+01
-1.920952445455187174e+01,-1.741628612127183118e+01,-1.628880416435015732e+01
-2.403591491986893658e+01,-2.014200342261744936e+01,-1.687822722766065198e+01
-2.212504174729830453e+01,-2.193393633076392035e+01,-2.026184057921370751e+01
-2.334265532049775516e+01,-2.130520448078398843e+01,-1.940202222437572033e+01
-2.462624467664687344e+01,-2.307501087957034258e+01,-2.225639108862463189e+01
-2.893698276079887677e+01,-2.452251596741432849e+01,-2.301539030904762484e+01
-1.799311572645959600e+01,-1.747364511995236924e+01,-1.662587569604476201e+01
-2.260664154647626134e+01,-1.933300759902767751e+01,-1.839702392839543421e+01
-2.621367226128246486e+01,-2.497785801496590707e+01,-2.445035359072235437e+01
-2.032367893657316671e+01,-1.885085272670308498e+01,-1.796821476670849904e+01
-2.397981751085794855e+01,-1.953834819766553110e+01,-1.609858234863261472e+01
-2.208845472282538225e+01,-1.850929817732725269e+01,-1.617001070880473179e+01
-2.608832013804851258e+01,-2.512401770632251541e+01,-2.421278055138064644e+01
-2.545937314262671691e+01,-2.221583038796829612e+01,-2.026389541050654941e+01
-2.435703868750423240e+01,-2.378837748422599674e+01,-2.075166353231091421e+01
-2.600540551080521823e+01,-2.330569984408050388e+01,-1.936875018352980504e+01
-2.446103679488280491e+01,-2.046117164183267079e+01,-1.712166255367500156e+01
-2.415192505115389565e+01,-2.056428290501277800e+01,-1.658697485350004541e+01
-2.301047414117976331e+01,-1.887153217234588709e+01,-1.482812428794002813e+01
-2.062042030699601014e+01,-1.795538873153969206e+01,-1.377009632565391151e+01
-2.285865051268562809e+01,-2.184834627116579853e+01,-2.095811732051015497e+01
-2.069883131157815725e+01,-1.736139220309929243e+01,-1.693473808593420671e+01
-2.402228093308606205e+01,-2.156755760770213826e+01,-1.745318476297944699e+01
-1.309082615672794248e+01,-1.177281004726684444e+01,-1.018808806797966149e+01
-2.932987296774684793e+01,-2.852299754096700468e+01,-2.703776479184307036e+01
-1.999443330718699841e+01,-1.915825836129671700e+01,-1.663872198337296027e+01
-1.891186266093055579e+01,-1.726118447474063444e+01,-1.699465890706452242e+01
-1.504242675668422891e+01,-1.433276288050988079e+01,-1.012357602885743901e+01
-2.399680529449536692e+01,-2.173994544031543086e+01,-1.921653410479602542e+01
-2.574897009817508930e+01,-2.195784686606413771e+01,-2.149941055516271149e+01
-2.926418903055581922e+01,-2.637321970196247278e+01,-2.414543214972578866e+01
-2.436068697537057659e+01,-2.158264872033018023e+01,-2.121682960576411858e+01
-2.588609886340665867e+01,-2.568055436099385958e+01,-2.309929597246255994e+01
-2.663356243206955298e+01,-2.212790740002974132e+01,-1.751470637856051837e+01
-2.569583419210531261e+01,-2.343181496792218255e+01,-1.968090664176039084e+01
-2.601674961581893086e+01,-2.544617711157041029e+01,-2.390759908224688246e+01
-2.253137626131709581e+01,-2.166875970820206732e+01,-2.058283474522210454e+01
-2.335511661388672167e+01,-2.230592028992448661e+01,-2.123622077209225623e+01
-1.939905690508710379e+01,-1.894892640319345389e+01,-1.825686848054349554e+01
-2.960118864277331241e+01,-2.716019681511961892e+01,-2.564973009186881825e+01
-2.133277135771526645e+01,-1.916712552700018435e+01,-1.851285357417879496e+01
-2.331172559953574819e+01,-2.272354296194587420e+01,-2.190667830878129152e+01
-1.835676419213399058e+01,-1.820373430546552385e+01,-1.596464435864280063e+01
-2.629684336330365468e+01,-2.282266990300599829e+01,-2.033430762998915498e+01
-2.274061462504592157e+01,-2.014015191616018186e+01,-1.996295974593933664e+01
-2.432547564615813229e+01,-2.210886886011176244e+01,-2.108265364712931955e+01
-2.453067711286028185e+01,-2.327656027965851138e+01,-2.051237525745305845e+01
-2.461110980646357760e+01,-2.292459644762828219e+01,-2.025760169579805137e+01
-1.989385699412047970e+01,-1.612088424535582831e+01,-1.583416046249348597e+01
-2.132502386409980488e+01,-2.099759219910962926e+01,-1.824705861583498390e+01
-2.169795299059991578e+01,-1.817667607726123791e+01,-1.779746566735999025e+01
-2.226885072614143724e+01,-1.842754548770386691e+01,-1.789937950060223315e+01
-2.021287622052288668e+01,-1.705480455331237977e+01,-1.488673934360811657e+01
-2.763250441427253179e+01,-2.266386266805456629e+01,-2.034481107467828309e+01
-1.868727935920122718e+01,-1.751645356994042757e+01,-1.309167540591711543e+01
-2.287929179131217694e+01,-1.890206596253766591e+01,-1.494893058142126208e+01
-2.592734683575849886e+01,-2.458957479711895644e+01,-2.390726788909618605e+01
-2.382416841601391866e+01,-2.312130592949174357e+01,-2.110389841944670408e+01
-1.479937910770403953e+01,-1.473090896223751045e+01,-1.341615326498677163e+01
-2.202734344858809123e+01,-1.871116304046333312e+01,-1.652858004051691765e+01
-1.826283337282956154e+01,-1.572968980566393071e+01,-1.315290509357516058e+01
-2.255645234575100488e+01,-1.824023801397743583e+01,-1.455467791013300882e+01
-2.559959338502528681e+01,-2.085786842564453281e+01,-2.019842290340545077e+01
-2.035140675114607589e+01,-2.010639405461811080e+01,-1.929425399336235358e+01
-1.870205996756016731e+01,-1.529719368288417947e+01,-1.469012715799337343e+01
-2.044787434110462954e+01,-2.024175594833784686e+01,-1.670132539100345781e+01
-2.517251697708579172e+01,-2.043554210201041599e+01,-1.879748504102796147e+01
-2.531185362576420061e+01,-2.042206302970784648e+01,-1.962171306815163518e+01
-2.155007160994978221e+01,-1.871481763534075782e+01,-1.400171201575020419e+01
-1.791998207422355804e+01,-1.567654772726414869e+01,-1.152622551940336670e+01
-1.728111192829546994e+01,-1.246356445272732216e+01,-1.224003654344513237e+01
-2.620857938297245582e+01,-2.151052800280779209e+01,-1.976020122004102575e+01
-2.326368216619396989e+01,-2.037301198202616348e+01,-1.687464267352159197e+01
-2.479462180211004707e+01,-1.999230948683356246e+01,-1.662235643647655436e+01
-1.295649867775688335e+01,-1.100483309581285774e+01,-6.012941041897613026e+00
-2.209053393556903089e+01,-1.814341693248333698e+01,-1.707279284309322520e+01
-1.767769617291529372e+01,-1.527158522280146258e+01,-1.420289840300878836e+01
-1.838585774782154658e+01,-1.357525964467453861e+01,-1.238423532613458278e+01
-1.786440317128123567e+01,-1.398938870620755281e+01,-1.305894554253003825e+01
-1.758641403409594872e+01,-1.592643018769510199e+01,-1.459474656356143818e+01
-1.781051303898082239e+01,-1.350985454389056528e+01,-1.040875609820251491e+01
-9.258257056171762756e+00,-7.066853342068204924e+00,-4.800647428424800189e+00
-1.470207329991136369e+01,-1.140323573715679295e+01,-9.148931025946186679e+00
-1.781090174709996887e+01,-1.674410033735714620e+01,-1.467983444353099465e+01
-1.422662909959423594e+01,-1.299192221454694618e+01,-9.045274592498742550e+00
-1.587713502158439027e+01,-1.242828994343232196e+01,-7.918337935131952499e+00
-1.191458143045048246e+01,-9.886332422633291372e+00,-9.322467845877516979e+00
-1.453362312063751105e+01,-1.251940505486126654e+01,-8.402407496885182070e+00
-1.267124222262763666e+01,-1.019321918359771573e+01,-5.475321062747890544e+00
-1.016894698216724890e+01,-9.678357061987988175e+00,-7.518393803152221722e+00
-1.378028075065263991e+01,-1.166004352782697850e+01,-8.980657787319625385e+00
-1.047354140591192362e+01,-7.377911288512324361e+00,-2.637262692476811665e+00
-1.348817224255000546e+01,-1.159436637582486540e+01,-1.075842539907855056e+01
-1.229290200772273067e+01,-1.160783908891838223e+01,-7.890215419905954874e+00
-1.270193305977121057e+01,-9.660469321966088430e+00,-8.682855360836949643e+00
-1.362492134555903789e+01,-1.019666740203505384e+01,-8.497886096605419937e+00
-1.552074016854126981e+01,-1.139454520952248018e+01,-8.147001873724216026e+00
-2.173510982823231430e+01,-1.749858650398962112e+01,-1.708052850043896598e+01
-9.904056603464301389e+00,-7.527104514193746709e+00,-6.504686156884618597e+00
-1.159049900636353669e+01,-1.069098564537309315e+01,-7.058184671492816697e+00
-1.420369204905000871e+01,-1.375576624104545509e+01,-9.071939349602878622e+00
-1.075810221990158411e+01,-8.961213491569987255e+00,-5.133701947355581829e+00
-4.690923970828741574e+00,-1.767624018244102757e+00,2.630623113175010630e+00
-9.879344832722953385e+00,-6.915461534595644721e+00,-3.842115877738406127e+00
-4.596749871066820425e+00,-3.644649158600302474e+00,-1.326537448447706602e-01
-1.114504376687034615e+01,-6.615635719994529929e+00,-1.785326248138452421e+00
-4.020726427514563994e+00,-2.429013607281686582e+00,2.157400133314086865e+00
-8.732259309941980518e+00,-4.429793896152058430e+00,2.136946648241568880e-01
-1.244512602101506715e+01,-8.282663458392853784e+00,-4.339004241247334193e+00
-5.244979654111158851e+00,-4.508134141318103971e+00,1.129545189657532589e-01
-6.692024807608818904e+00,-2.958312404145529317e+00,1.038418587655942638e+00
-7.314413657427618176e+00,-2.395131502281390379e+00,1.414308089499625609e+00
-1.146746965942271146e+01,-9.759138338479573349e+00,-5.443919102117172670e+00
-1.093737931327009427e+01,-7.876070391240784119e+00,-6.879164826327571980e+00
-9.652044970464601192e+00,-6.523406436278349929e+00,-6.193627687104768853e+00
-3.266883024715394601e+00,-2.962183587424616071e-01,1.005534985942211357e+00
-4.694693903419808301e+00,-2.426931621848059883e+00,1.721456489465164275e+00
-6.884469627466408781e+00,-3.923370575375962677e+00,-7.398449327732641301e-01
-6.379810549806822273e+00,-5.723269689125789483e+00,-7.442132912823398172e-01
-2.732277583650153829e+00,-6.190955860703111213e-01,4.061724438323962794e+00
-8.359047773234749457e+00,-5.829992515221093186e+00,-9.351568642384835428e-01
-2.116981925533196751e+00,9.156459855251559699e-01,2.476711454361248066e+00
-1.939335702476033152e+00,4.589035726830932305e-01,1.106827713528929058e+00
-6.005077156693352514e+00,-1.429886213598790867e+00,2.336360188946402516e-01
2.153542509128571147e+00,3.342267555623414932e+00,7.408223736236216439e+00
-8.857387094990125220e+00,-5.375718886555654663e+00,-2.908542901778741641e+00
-1.616901094382905191e+00,-1.506965051540095413e+00,-8.616575018924774731e-01
-4.503653677797040400e-01,6.051587207376903921e-01,2.943619304945195303e+00
-3.229881427627843582e+00,-2.115554575776648072e+00,3.811087674967064132e-01
2.601708784843462574e+00,4.821428635890559811e+00,6.286429135350527275e+00
3.051832754738819098e+00,6.263324790577396328e+00,1.006896017297371593e+01
-1.473768880030082329e+00,6.339637222863573340e-01,2.275486105985661034e+00
5.030904789634021768e+00,7.684145594204119689e+00,7.863765786076442943e+00
-6.080787290484531482e+00,-1.477104106225623603e+00,1.579616454359251687e+00
2.920617875214513326e+00,3.068406206710232009e+00,5.784447475181716314e+00
-2.043348507004043579e+00,-9.191097908754812806e-01,2.294202444418739439e+00
2.091174651109158678e+00,4.736540622267181533e+00,5.876179881742789490e+00
1.156281404836037030e+00,4.442671073181950092e+00,9.053816034580947303e+00
1.974835145469300279e-01,2.757202867132552804e+00,5.932054049927781847e+00
5.271256183062054568e+00,9.045138449751014775e+00,1.073187110073508421e+01
-3.396414974028378886e-01,3.929699650131815769e+00,4.243239881803532398e+00
1.409480389909101739e+00,3.829987024950114449e+00,8.778604460819314781e+00
-3.846501637577194099e+00,-1.672743731862605721e+00,1.626937027327764795e+00
2.747836685018540948e+00,5.812760685996780197e+00,8.301241490918748411e+00
-2.946339651713585361e+00,1.445838510712352587e+00,6.261947558474539655e+00
6.229586379899393123e+00,9.359421555642857271e+00,9.629004148844565236e+00
5.009992645383959164e+00,7.883359759407028378e+00,1.110660753968293157e+01
4.160672825903645844e+00,5.261124058763673617e+00,9.651679597599732929e+00
1.698789214598795061e+00,2.966613184257965941e+00,6.014146470065834471e+00
6.087491437097048319e+00,7.878269697846625341e+00,1.158067522895835744e+01
4.022770441685450393e+00,6.125218597870873971e+00,8.089089571360773334e+00
-1.379994482670712230e-01,4.225985318595217421e+00,6.080471239043629517e+00
6.709321042369839283e+00,9.316175115430965548e+00,1.120949551041047698e+01
6.121368445181727402e-01,2.106331517168057665e+00,2.418373485478523932e+00
9.815399143570411766e+00,1.137685162906826619e+01,1.392860999930581656e+01
4.645004763749307486e+00,6.694401987383977293e+00,6.807811799244515072e+00
7.333550678492473551e+00,7.999250167065373951e+00,9.374185614640126119e+00
7.375823527235986887e+00,8.373737569535185443e+00,1.172154341047628989e+01
3.972151852020116003e+00,8.446349735549043558e+00,1.144205704296505388e+01
5.639320705258308308e+00,6.156237383098940974e+00,6.811718319893453000e+00
6.725797612003282744e+00,7.507163944317872151e+00,1.109061676181630673e+01
7.037013695666945345e+00,7.986714230854927266e+00,1.273170797406183752e+01
1.422255079689523249e+00,3.763374188827246059e+00,5.235774993455439841e+00
4.487478482193226981e+00,6.070960467084199230e+00,1.058994458583515197e+01
8.621709916875605728e+00,8.847295574922693362e+00,1.229644952513944745e+01
9.401345387949929133e+00,1.187897012493571935e+01,1.281651263548020836e+01
5.937711872771316735e+00,8.432546661366830065e+00,8.910812393068395565e+00
7.182545562456015276e-01,4.051626010825506441e+00,6.132910070865719376e+00
1.485594813988307017e+01,1.619923952835585013e+01,1.991751511525883345e+01
8.613321763798808206e+00,1.179839647998049657e+01,1.328039441651567287e+01
2.192082459528227112e+00,5.673058284350478431e+00,6.748268459314767043e+00
6.871346437709990873e+00,1.183812314236908669e+01,1.289058904530204686e+01
6.614790870143412604e+00,1.079608973416872253e+01,1.455358770657053569e+01
1.250586257764692633e+01,1.413227243289646395e+01,1.571733058571346930e+01
2.627870453121174066e+00,7.427351634616566223e+00,8.409897389523978362e+00
6.988303254818169385e+00,9.313575815378580813e+00,1.162886861852149600e+01
3.480957678009886536e+00,8.143923143165920919e+00,1.102669427496394583e+01
9.853330640602500523e+00,1.066372598739981470e+01,1.254997555891901229e+01
1.115516627026385699e+01,1.140789892975613462e+01,1.224684556809973301e+01
4.231256931927418918e+00,7.961685971060886935e+00,9.963567135355772209e+00
8.877840819098633318e+00,1.291912597602416923e+01,1.703061861807564270e+01
1.165129855652265967e+01,1.300805783471908939e+01,1.708095605906783021e+01
1.136593884408202371e+01,1.418083095024047502e+01,1.585183452065335530e+01
1.925953342925917866e+01,2.023951258501212891e+01,2.190215595282043637e+01
7.191806047853807726e+00,1.204699847455045969e+01,1.459500057529668737e+01
1.147861637868490448e+01,1.451143442111667525e+01,1.783674611184016356e+01
9.295022694515310491e+00,9.769373754597928894e+00,1.448869759550342096e+01
1.298648205263645039e+01,1.323603429026084655e+01,1.503937950999744011e+01
1.292412568659294436e+01,1.704048247932130167e+01,1.871423136384418839e+01
7.331294583297097489e+00,9.110141521231598816e+00,9.428716007197296634e+00
1.488785230028611117e+01,1.586189351182400387e+01,1.914719718032849016e+01
9.981073935482696058e+00,1.021902583946857490e+01,1.326500367557159699e+01
1.098886871194462067e+01,1.118927399400892142e+01,1.452127604013686124e+01
1.111082238582991089e+01,1.601865647555043282e+01,1.893283796357927073e+01
1.236272004817796777e+01,1.587510403513466883e+01,1.882024600941825909e+01
1.016012645901644262e+01,1.459159986528700159e+01,1.791872192171832978e+01
1.040933369202999614e+01,1.316248342489943113e+01,1.495853520380469348e+01
6.260071675363045429e+00,9.544628656034012337e+00,1.382083982925087184e+01
1.210411466749184584e+01,1.301286419973065378e+01,1.541994658839325538e+01
9.804997725438481027e+00,1.238065151096491157e+01,1.477360620893020737e+01
1.223130976136327241e+01,1.584408671352558073e+01,1.954955842045038850e+01
1.204852995015796502e+01,1.510217520889519349e+01,1.649865586278806617e+01
1.159150934859206572e+01,1.309019546663523492e+01,1.648332265764296523e+01
1.487611287070479094e+01,1.523256212924425057e+01,1.724629773755000883e+01
1.259751530323290858e+01,1.423980803951678986e+01,1.735663078134537329e+01
8.637650374307799694e+00,1.205019775300898921e+01,1.608986735510378097e+01
6.219173870133796633e+00,8.866195870209192975e+00,1.026215879811945086e+01
5.050321593732984837e+00,9.451427487213518219e+00,1.351402032489366789e+01
9.947447280882435905e+00,1.355609332150702606e+01,1.631325053620324894e+01
1.001249077699509904e+01,1.212696798089016781e+01,1.478948524256090025e+01
1.292922103662472821e+01,1.778520502089431687e+01,1.993563256264544137e+01
1.165930454020586460e+01,1.423060185387731380e+01,1.903045776871947226e+01
1.132389554531248699e+01,1.535222391019954102e+01,1.597340486827281580e+01
9.343954673596741145e+00,9.926532545100432259e+00,1.130734819907823052e+01
1.019349561284507111e+01,1.325657903094375811e+01,1.450814041841737634e+01
1.158945059366862829e+01,1.573979532301230932e+01,2.010912543447265932e+01
6.958953591074532596e+00,1.032943034097874779e+01,1.484251448873290258e+01
9.612941575138275851e+00,1.406576410431435775e+01,1.581454720502277667e+01
1.110525616707541197e+01,1.118288857739310593e+01,1.472525594768836577e+01
6.828874882574277549e+00,1.078914783385780751e+01,1.438814609123283006e+01
1.536606707988854481e+01,1.609536995293802519e+01,1.892765270546124867e+01
1.134673857437764788e+01,1.222432431499329475e+01,1.511637793699866528e+01
1.109487765491432398e+01,1.264467491475472727e+01,1.638638781083767171e+01
9.613511657205060956e+00,1.084911833106389523e+01,1.300287308317349932e+01
1.087575283201641341e+01,1.499857575945318899e+01,1.576772373895517454e+01
7.706803225511901445e+00,9.777658664106585462e+00,1.157339430322310747e+01
1.161190621644266407e+01,1.189334136353543769e+01,1.217397955078776484e+01
9.476322156975829358e+00,1.263391073773454210e+01,1.401854367292808590e+01
8.750516714863756818e+00,1.008773267636755477e+01,1.143890373929220594e+01
1.206877011660149890e+01,1.315893304524758811e+01,1.498275319569792430e+01
9.933093237756338567e+00,1.395956284766841904e+01,1.592374202782184511e+01
1.139436623082545097e+01,1.337750459442847095e+01,1.359258862020853620e+01
1.201911098426734981e+01,1.208763328567948214e+01,1.478683912503487363e+01
1.378995166490493318e+01,1.642471450970512237e+01,1.711115156034901830e+01
1.212501353014230610e+01,1.473715247268719253e+01,1.484010063471558638e+01
8.264711444665667983e+00,1.049890804214355100e+01,1.279551598066623086e+01
6.127092859732542252e+00,9.712537798955114710e+00,1.325270743875385193e+01
5.577093271635579441e+00,1.053865208834541534e+01,1.433424557326915583e+01
6.078907919544356275e+00,9.761343206689483409e+00,1.250954687062341719e+01
1.031339964100438067e+01,1.119751131416356138e+01,1.240977658094516123e+01
1.497247448579650886e+01,1.521669092222665043e+01,1.882736582359065380e+01
1.037438868084580612e+01,1.169761767338850156e+01,1.389308014728257845e+01
7.094625668373992333e+00,1.021656933499197706e+01,1.169771647166224149e+01
1.093330970926628787e+01,1.508571049402904407e+01,1.978558463319678751e+01
4.999497549597951007e+00,6.886846184191467657e+00,8.665023685443964396e+00
1.095160872864171786e+01,1.329491079333957870e+01,1.602849752782670834e+01
8.784171631808067815e+00,1.060459866433522258e+01,1.370810482161213706e+01
7.126069593826722226e+00,9.532248134589595523e+00,1.308576676725217602e+01
7.838182985591945595e+00,1.018417509137476351e+01,1.399764347235204553e+01
9.572313488640878276e+00,1.054725588600959796e+01,1.198742676890780423e+01
4.290247237834408089e+00,7.242697697744581831e+00,8.359283683621317351e+00
8.992759303600152521e+00,1.086683102482982122e+01,1.495950587514784047e+01
4.047662027877789725e+00,8.294501564540205152e+00,8.510410479652344762e+00
5.136874189789052636e+00,8.103547129710243269e+00,1.148862570699196262e+01
1.010540722880207731e+01,1.244990348476290620e+01,1.559767656846135253e+01
4.734467038716501541e+00,8.938525445061200614e+00,8.952039722682968659e+00
2.219209716501007179e+00,4.641135533086860221e+00,8.954915238336770500e+00
4.533278366022525319e+00,7.773303296538792928e+00,8.122770973758695945e+00
1.516177641679086463e+01,1.569432587000946810e+01,2.029410201969025707e+01
2.810373233805563586e+00,4.827824019894915608e+00,9.253220067220325973e+00
8.759127666115077204e+00,1.154330156365044857e+01,1.394900556386495083e+01
3.914549418815462367e+00,7.347173443991996677e+00,7.661849571562085792e+00
5.206399607825572318e+00,8.492105672848827780e+00,1.326093327885396889e+01
2.093345253149654361e+00,5.183064504800136696e+00,9.365919946837351517e+00
7.322866521396578676e+00,7.393143885983325170e+00,1.193063006638934453e+01
-3.711323374787902640e+00,-2.134882183446891624e+00,-1.932625892341621077e+00
-2.845815945440715478e+00,5.994674199707690221e-01,1.904825541294609792e+00
-8.242129352723113200e-01,3.540121861965420003e+00,8.417510461943880529e+00
1.295752959381808900e+00,4.220734369115691109e+00,7.670433022075535234e+00
3.213093393502474804e+00,3.238458459931681688e+00,7.031552332172265274e+00
3.745931223409430633e+00,4.085151993846477758e+00,4.281041281836523105e+00
5.399844290907368283e+00,6.381434108831224528e+00,8.359907372355163346e+00
3.736453467838850351e+00,7.910162285134683557e+00,1.197046895782294662e+01
1.697911735310418058e+00,2.442466076686104159e+00,4.079206113646359100e+00
9.567737159469160702e+00,1.000866711835779199e+01,1.393519246482742346e+01
-1.512627304107123427e+00,-1.273195721540770542e+00,1.774824046536377598e+00
-5.317482720099286020e+00,-1.256593965042108074e+00,3.882973556668400938e-02
-4.359098187114341272e+00,2.220220688447067658e-01,3.247877991200985193e+00
-1.624765168374223245e+00,6.973605467623975596e-01,4.790940874117353587e+00
1.070941027084733044e-01,3.423874326845668392e+00,7.686988095352155881e+00
-4.865032414354635293e-01,3.447363118419339401e+00,3.772587588648463885e+00
2.066709287127856953e-01,4.613137979358481466e+00,5.107196834092250448e+00
-2.927531249225801879e+00,1.050076819569210285e+00,2.221888661773425255e+00
-5.572411866013517567e+00,-3.241228399398943694e+00,1.681789652024061610e+00
-5.562890311692791911e-01,2.932885281609968864e+00,6.791072334926027132e+00
-1.740536491611479164e+00,-5.234541150093577899e-01,3.709220062806345197e+00
-2.966796389864681416e+00,-2.406317443055756122e+00,-6.142695788395953205e-01
1.907193684459608018e+00,5.009735757507239207e+00,9.803938330722193228e+00
1.445018755513084230e+00,5.046707068761968173e+00,9.137522471824485848e+00
-3.487247982246026723e-01,1.428016677782703692e+00,3.506097211365541533e+00
-1.191996760265767819e+01,-9.405364548264948610e+00,-9.166990028860839246e+00
-1.119540804472418216e+01,-7.803853257802697563e+00,-4.973637534221445833e+00
4.274834016322576202e-01,8.052320408516822070e-01,4.113740114104641243e+00
-6.012130086490483194e+00,-4.432600081184575380e+00,-1.436563051494171184e+00
3.115625112613837899e+00,3.135711606153399167e+00,3.431163091806350263e+00
8.878371699274606454e-01,1.325914532395402468e+00,5.352275205422992066e+00
-6.242904372188007756e+00,-4.979254062747832776e+00,-3.360477198077769678e+00
-7.237812641854281637e+00,-3.156856532905170987e+00,1.489058494235758090e+00
-6.462834027169803264e+00,-1.794695689702924923e+00,2.124791229528962155e+00
-7.882743083095585135e+00,-6.780670434388785139e+00,-3.427422755062805138e+00
-5.436693169519410951e+00,-1.799510883453042887e+00,1.907078938392438694e+00
-9.413996118681094316e+00,-7.558665125297037157e+00,-5.358873352137289992e+00
-1.159963002908650509e+01,-8.442121738267228892e+00,-3.460242926445054046e+00
-3.516402173556721245e+00,-7.795957193109650518e-01,-4.717483040082423029e-01
-8.108184062523784874e+00,-6.168516217930057444e+00,-1.797317788385608850e+00
-4.267219350899810415e+00,-3.013284285432475951e+00,1.519189332848615681e+00
-1.446539225701201659e+01,-1.034106928583991980e+01,-9.207429790111834933e+00
-9.440113582481850507e-01,2.523903320262066430e+00,5.586765447857153788e+00
-3.645449843847675009e+00,-2.410234966835330006e+00,7.289953898270837840e-01
-6.415830469835522187e+00,-5.217424851361906590e+00,-1.817079497451272285e+00
-1.279950051780071973e+01,-9.710166917671301690e+00,-6.308321011409969259e+00
-7.722533312002266115e+00,-5.254641440856424595e+00,-8.775533529702634894e-01
-2.152942949196379629e+01,-1.705256630977351762e+01,-1.292948005704855596e+01
-9.991299981285703069e+00,-8.151119074660806874e+00,-4.452762183319638467e+00
-9.859863872630270976e+00,-7.666584963308455514e+00,-4.508614567364937820e+00
-1.031459682007286105e+01,-9.310500538717642272e+00,-7.393055550761380879e+00
-1.210378595445666505e+01,-1.117800102997000522e+01,-7.633179692558106133e+00
-1.590598933260283943e+01,-1.198498956382804259e+01,-1.059895950742338400e+01
-1.308440343220602919e+01,-1.131624701875011851e+01,-8.708979140071448910e+00
-1.165204417003091208e+01,-1.163529894370778273e+01,-1.136129763272371385e+01
-1.368356513460838997e+01,-1.132682815562290202e+01,-9.047705526743031967e+00
-8.331050201432871560e+00,-6.976266944952515203e+00,-3.228769984520189151e+00
-8.422671339960798420e+00,-5.950479246217830642e+00,-2.228059968677248648e+00
-1.425715868958181787e+01,-9.354542266448721222e+00,-6.192343273795106739e+00
-1.415998368227201532e+01,-1.080774105172105948e+01,-7.968424302311627017e+00
-1.173559713331170684e+01,-1.072981232203269109e+01,-8.555849383757315962e+00
-1.756120449123109140e+01,-1.378761553734553758e+01,-1.349237353511514748e+01
-1.129227256209143881e+01,-1.088013509947747437e+01,-9.571039590401607455e+00
-1.727546526441660291e+01,-1.420944587901706591e+01,-1.077762247670423434e+01
-2.241682148004478492e+01,-2.057886151257109475e+01,-2.025785339253610218e+01
-1.136141735807471065e+01,-8.675386068799678441e+00,-4.707293269926741353e+00
-1.443801139054068372e+01,-1.276359309652057128e+01,-1.255183521365776755e+01
-1.729688751826411419e+01,-1.322835878225853534e+01,-8.961502133031551409e+00
-1.481241443440140593e+01,-1.261561599739281547e+01,-1.086860564220336478e+01
-1.517132188853810248e+01,-1.230439256666743653e+01,-1.195637380544074801e+01
-1.644257200347686876e+01,-1.355305474379885666e+01,-1.201430457207165503e+01
-1.753056933100367587e+01,-1.382955477938121724e+01,-1.357353472778290460e+01
-1.668647925425717204e+01,-1.347190903333216738e+01,-9.068488128336706922e+00
-2.004982847396193080e+01,-1.538952498012990233e+01,-1.226093088132711273e+01
-1.705299177443267666e+01,-1.628381988938038560e+01,-1.255417904496055215e+01
-1.814878576929834253e+01,-1.714937126029564141e+01,-1.609351601211455574e+01
-1.945163472666182258e+01,-1.904822704634326769e+01,-1.433898650250336182e+01
-1.314377537527811768e+01,-1.251228963476661704e+01,-9.653819821418547775e+00
-1.474149648691314951e+01,-1.470015721599473224e+01,-1.025026381060982672e+01
-1.962498185592525957e+01,-1.916169425586468478e+01,-1.794030298508890553e+01
-1.826904520384620056e+01,-1.823944660255085992e+01,-1.640725833715053383e+01
-1.823113279644267948e+01,-1.680839910474588450e+01,-1.483255056049078391e+01
-1.884874142443267075e+01,-1.769713459182190007e+01,-1.501675553569290855e+01
-2.176067413032087572e+01,-1.854321487886382869e+01,-1.760411077358326537e+01
-1.910142993726902105e+01,-1.751692811769943958e+01,-1.659121630774449940e+01
-2.233065712326710184e+01,-1.927872022366470617e+01,-1.593004007927538623e+01
-1.342182401896627120e+01,-1.319654365814601249e+01,-1.278572404164464871e+01
-2.187194364665302260e+01,-1.876373118927435613e+01,-1.440482566402119780e+01
-1.556885622028625882e+01,-1.456789180066582645e+01,-1.234244535404167920e+01
-2.081133338892864870e+01,-2.002261594926154231e+01,-1.813512822920344192e+01
-2.486984940349032058e+01,-2.050873819684434451e+01,-1.881885551412711521e+01
-1.877508837500516137e+01,-1.713084675225541886e+01,-1.564471049547336357e+01
-1.334109801602515866e+01,-1.200164614451032108e+01,-8.357786179817436434e+00
-2.299643425859400736e+01,-1.841105972366831978e+01,-1.554242040124342594e+01
-2.221684735403301403e+01,-1.727411916509917589e+01,-1.563101663014025533e+01
-2.110860077447692973e+01,-1.863189890070058752e+01,-1.755658192803427653e+01
-2.243912516421618619e+01,-1.862833654764025226e+01,-1.435802525341737024e+01
-1.904614095864142698e+01,-1.864893368281965991e+01,-1.829715109671070294e+01
-2.376258728483422900e+01,-2.189789228157155776e+01,-2.151325778479344564e+01
-2.249209993715059142e+01,-1.858795679218176033e+01,-1.640671308702791009e+01
-1.956724479745327017e+01,-1.767630202220001578e+01,-1.608251336823199296e+01
-2.148636193303361352e+01,-1.879903642649161455e+01,-1.459650943979085724e+01
-2.175181266287697213e+01,-1.854796140507719571e+01,-1.393748181588784263e+01
-2.052309499145038174e+01,-1.735235884954876440e+01,-1.252990887035123890e+01
-2.416376926725559926e+01,-1.984788336653098284e+01,-1.855170965066430355e+01
-2.321588022174433874e+01,-1.999559224665102874e+01,-1.963009216073766083e+01
-2.095374398953991957e+01,-1.647728726015887091e+01,-1.217787443978243189e+01
-2.531336947723599096e+01,-2.369507696661801788e+01,-2.308278271239137780e+01
-2.415787026718549768e+01,-1.960318866919217129e+01,-1.906419850146542316e+01
-2.463753649630644915e+01,-2.436981897451119039e+01,-2.078193473512574840e+01
-2.100744063123179473e+01,-1.663797125011270595e+01,-1.354916055919660067e+01
-2.004484321234983213e+01,-1.735040071331152589e+01,-1.497076535719767598e+01
-2.380305988559381092e+01,-2.076241792295522615e+01,-1.902911852785888058e+01
-2.781463311348503709e+01,-2.408733280430909218e+01,-2.043093667030557015e+01
-2.286426866489374632e+01,-2.116535450723793943e+01,-1.703138000606031355e+01
-2.688758299696575449e+01,-2.674751271698555399e+01,-2.474801191459107486e+01
-2.452339440676495030e+01,-1.997761408611488321e+01,-1.677941027050361456e+01
-2.037385142373802083e+01,-1.889811729063882950e+01,-1.393148773369176219e+01
-2.448221729536516378e+01,-2.216331820946712483e+01,-2.073396149904552033e+01
-2.092564687691944414e+01,-1.969129090051309205e+01,-1.881630992174878969e+01
-2.340535997579959115e+01,-1.892401027988857720e+01,-1.780180977020621214e+01
-2.374809999997907184e+01,-2.028541083165503878e+01,-1.595417921268696659e+01
-2.503416421250336299e+01,-2.206819604006633284e+01,-1.803043797119149971e+01
-2.396787178202482238e+01,-2.058505210786598738e+01,-1.782666867174298631e+01
-2.536631282083358485e+01,-2.080101874566650366e+01,-1.722706258098303422e+01
-2.205128812519318160e+01,-1.946092496515894865e+01,-1.512887398003602790e+01
-2.440655405064692474e+01,-2.436512889410726501e+01,-1.971773458436121729e+01
-1.825127935864870210e+01,-1.376444249626086780e+01,-9.410813745111047623e+00
-1.774929494569667199e+01,-1.686854441921670045e+01,-1.601171227494319993e+01
-1.994610473998004707e+01,-1.727739505234386996e+01,-1.573950653307100822e+01
-2.618821076996873387e+01,-2.387774186949603106e+01,-2.337270717273105092e+01
-2.171680962825856298e+01,-1.986199737608491134e+01,-1.861467445081350292e+01
-1.798691309744639710e+01,-1.460596227722654206e+01,-1.016337449546250227e+01
-1.933087592277352229e+01,-1.811099110269522328e+01,-1.531721867050141839e+01
-3.084376712345892813e+01,-2.914935963212532499e+01,-2.898756575857434825e+01
-1.520583512320256325e+01,-1.473310338465512004e+01,-1.310613415935886117e+01
-2.103347111573586403e+01,-1.969033634989673587e+01,-1.778584913964818881e+01
-2.542500557501963954e+01,-2.227382311663320991e+01,-1.736244757137560057e+01
-1.977184839980238706e+01,-1.771731279292222894e+01,-1.632513518136439856e+01
-2.623757719639942820e+01,-2.179214790239024779e+01,-2.098732831433265389e+01
-2.530786485361240423e+01,-2.486185942976396746e+01,-2.123577504553923490e+01
-1.359489059589951054e+01,-1.347192041903405268e+01,-1.310036680298178169e+01
-2.888763785851568144e+01,-2.412058838281264173e+01,-2.188102301348961021e+01
-2.369310996597824825e+01,-2.361879345422045162e+01,-2.160918761601534754e+01
-2.135581908560048348e+01,-1.951007229916256236e+01,-1.668719079632486668e+01
-1.795532053499859515e+01,-1.779092928545973606e+01,-1.330807433497355063e+01
-2.425295564320265740e+01,-2.105537454132287678e+01,-1.768313257052531995e+01
-2.570873484470240911e+01,-2.095985356631422647e+01,-1.918138432981488961e+01
-2.314217383120183058e+01,-1.999149978294731156e+01,-1.579644867864499957e+01
-2.365462737721989939e+01,-2.158930493699220676e+01,-2.148112507573143048e+01
-2.399407750110534110e+01,-2.192007410846763804e+01,-2.079899842894916162e+01
-2.197380478264557624e+01,-1.975768970680728387e+01,-1.883714531224633859e+01
-1.866729218228400100e+01,-1.504749832386317898e+01,-1.151876273162487152e+01
-2.170685341744962216e+01,-2.055958213163466652e+01,-1.709294512866129168e+01
-2.524208299151397128e+01,-2.188964775056346213e+01,-1.809722076343716424e+01
-2.398981543607450817e+01,-2.010844524038512660e+01,-1.764709505234002762e+01
-2.083104393949497890e+01,-1.775156060716652462e+01,-1.577520055407318900e+01
-2.592747364632736407e+01,-2.282579053947356229e+01,-1.820830091627914271e+01
-2.497867937524799586e+01,-2.076457926382153829e+01,-2.053740116829674633e+01
-1.637180827196293009e+01,-1.579031350227370467e+01,-1.317758402880208912e+01
-2.034153471057907936e+01,-2.008113750564318778e+01,-1.852664900376887402e+01
-1.899093997104376896e+01,-1.632864295784333919e+01,-1.484241725174822335e+01
-2.393669759680341969e+01,-2.151810850669347630e+01,-1.908834007338780836e+01
-1.844856081955575888e+01,-1.637289662430907811e+01,-1.294392957104866326e+01
-1.709670392326403032e+01,-1.541254584102013681e+01,-1.461999240380081311e+01
-2.038386101144828899e+01,-1.596734180516827806e+01,-1.566046157459097721e+01
-1.987155940927195275e+01,-1.712022032961521489e+01,-1.555349237452296762e+01
-1.830373955585225332e+01,-1.401919915831634000e+01,-1.380114078793238974e+01
-2.036031400649127576e+01,-1.558818020089720768e+01,-1.518422401298673208e+01
-1.852457734513739851e+01,-1.572229142594797224e+01,-1.414685779538069887e+01
-2.010505190265735109e+01,-1.749973459423042499e+01,-1.677561581738711283e+01
-1.810912176650811034e+01,-1.490312317207162351e+01,-9.918638537659816734e+00
-2.260837130775075821e+01,-1.990071996825616196e+01,-1.686314055353388497e+01
-1.978234739466533654e+01,-1.688117789572586247e+01,-1.487188681451200623e+01
-1.756700427785362706e+01,-1.716879654815584644e+01,-1.458307105793742942e+01
-1.484453241950575730e+01,-1.218321555878383933e+01,-1.022421672103848955e+01
-2.148919142578889918e+01,-1.773181245602476608e+01,-1.416794780376214824e+01
-1.749969714700699086e+01,-1.256909928802540222e+01,-7.607730257152423903e+00
-1.911634471323128537e+01,-1.516408415146993960e+01,-1.041810819629666085e+01
-2.232977312291279759e+01,-1.854320243569313220e+01,-1.664804482827386067e+01
-1.480487382776212968e+01,-1.078395898109166140e+01,-7.364302741546804754e+00
-1.696856464475907345e+01,-1.207147250930412063e+01,-8.548315672153345091e+00
-1.542348926907706463e+01,-1.212399388696324287e+01,-1.179617383731135583e+01
-1.094633406191844216e+01,-9.499073267186783909e+00,-7.429134965317837569e+00
-1.466634093038206466e+01,-1.449329404492497630e+01,-9.759289138093954818e+00
-1.347367611226220596e+01,-8.807646971694364169e+00,-5.979213661090525989e+00
-8.353899042039540035e+00,-8.241595708053063518e+00,-8.240586334189634599e+00
-1.759940407493045811e+01,-1.675782261614120472e+01,-1.665161091119339432e+01
-1.974198236147841357e+01,-1.543945946359609778e+01,-1.059068959858162984e+01
-1.680732253621106409e+01,-1.362929700093052432e+01,-1.265693955062202747e+01
-9.489940382336026659e+00,-8.817445017410584285e+00,-4.464824096958207811e+00
-6.891744527313499624e+00,-6.040110798380966983e+00,-1.285934747594749794e+00
-1.335402417050895529e+01,-1.224962734284406096e+01,-8.335561622107469759e+00
-1.431852542264858741e+01,-9.329485576716926687e+00,-8.865996684826654928e+00
-1.094829196731559406e+01,-7.483738824285188329e+00,-6.941961409660144078e+00
-1.384519340662201614e+01,-1.031644146229867509e+01,-8.338418737204154496e+00
-1.537634122462825559e+01,-1.256860354561674953e+01,-9.883557697060831870e+00
-1.219539342395458092e+01,-1.029347053704959869e+01,-6.917262904898119125e+00
-8.636088813784740026e+00,-7.494949939569404584e+00,-7.397903359238080512e+00
-7.990784161701881771e+00,-5.347934830635280967e+00,-3.399812249879154979e+00
-7.609958899075513372e+00,-3.017757737900695680e+00,7.632276354700495702e-02
-1.125593312263273660e+01,-1.119289822517359312e+01,-1.001382091668753915e+01
-1.121064527658302268e+01,-6.789990483905565810e+00,-4.145580759565420159e+00
-8.866625994247590015e+00,-4.231527525206369766e+00,-3.278274976557219667e+00
-8.466714073229208992e+00,-8.426126429639325011e+00,-7.544380646351589448e+00
-4.032622260718493834e+00,-2.054790789987920974e+00,-5.431113727053129558e-01
-8.134138188667069613e+00,-5.566702928667107919e+00,-4.092553762735444245e+00
-8.192736668195159666e+00,-4.196723956356924745e+00,6.119651422305425470e-01
-8.843741845891477382e+00,-7.535923391011651873e+00,-5.327777522826771417e+00
-8.682841685282991051e+00,-5.777336918872403970e+00,-4.793570870802666306e+00
-9.516186891134827519e+00,-8.219160479078139403e+00,-5.038420105986427089e+00
-5.006480259384046505e+00,-3.270331992893685591e+00,-1.876612526165763128e+00
-6.237699946264005924e+00,-5.742984511862784913e+00,-5.299563176315650104e+00
-5.270242182740715542e+00,-3.536268250344616337e+00,-1.051647685704185431e+00
-6.298807514004284513e+00,-4.463146028259682652e+00,-3.085918615499404272e+00
-3.483073045686768676e+00,-1.629649022315912132e+00,3.206415062820467732e+00
-8.172628594001508873e+00,-3.924100056549726823e+00,-7.328139933050517030e-01
-4.828697318784594295e+00,-2.366726241764930627e+00,1.644699871750770370e+00
-4.479831703446680358e+00,-4.201788151022036288e+00,-3.441911178548306971e+00
-6.717762588444472271e+00,-3.575783625094259399e+00,-2.999527726675077499e+00
-5.311350829249168903e+00,-4.264553555698532783e+00,-1.709751567072110845e+00
-3.422630574138011639e+00,1.198979400483370261e+00,2.518638507528010884e+00
-7.351336808873965012e+00,-2.446264898624500361e+00,-1.903109158879467078e+00
3.907584152363074992e-02,3.047065836259929661e+00,3.616122168665574232e+00
-5.912952474509886036e-01,-8.134429610369919850e-02,2.218754628580258625e+00
-4.382316881372399386e+00,-1.816552585949521514e+00,-1.715391526885680751e+00
-9.043491608253579894e-01,-8.752083282351154070e-01,1.824458987762457518e+00
4.388144191932371818e+00,4.818400006699505411e+00,6.362330620888037025e+00
-1.256023255576036224e+00,2.589935856763781796e+00,6.777236566780938887e+00
-4.741835346959158315e+00,-1.401533853042725042e+00,2.835416920563032406e+00
-8.980057594307677249e+00,-5.719226558141087047e+00,-3.681047918719216216e+00
3.604693032589810109e+00,7.226045526290109322e+00,8.914562311871488731e+00
-8.044258614009859087e+00,-6.814309491016750542e+00,-4.531127209784692411e+00
-7.886356640135141483e-01,3.273457425816969302e+00,4.509868844762969786e+00
4.788015992995246606e+00,7.943475006982612996e+00,1.014863169009770516e+01
5.425799733428855909e+00,9.710838489636635984e+00,1.041320684965510424e+01
-1.112262992567136344e+00,3.876770914323305561e+00,6.740302539031737261e+00
-1.700614146528481641e+00,3.255986796193935717e+00,6.796960707298067561e+00
-1.129554379580421930e+00,3.354494239871709027e+00,4.598654510771456927e+00
1.118612895846241795e+00,2.568387335498639956e+00,6.333239827333260408e+00
-1.477533606360407203e+00,-1.621736693409481234e-02,4.214507772897910343e+00
7.637429550529911682e-01,1.341054711406104438e+00,2.389824934600945472e+00
-2.394220009124051085e+00,1.714022140234272573e+00,5.322462419287199431e+00
5.030397242103168409e+00,9.582732621851755894e+00,1.034094277870712020e+01
6.986945962566270651e+00,8.327432683623101184e+00,1.038328557503846028e+01
1.153627024061966466e+01,1.362170798655004944e+01,1.719647895796812165e+01
7.143647087354945135e+00,7.938796404338147816e+00,8.744519740670222419e+00
2.866326546943513520e+00,7.322702128658361787e+00,7.646155474667888363e+00
3.845782952629338336e+00,4.412826757971400227e+00,5.180060776269606926e+00
2.269832532105918510e+00,6.771555626254441407e+00,7.060871858674339308e+00
2.810829804470247328e+00,5.678976380090168696e+00,8.404391044150255397e+00
4.748551060106360744e+00,4.766513319314045205e+00,7.595866176774075385e+00
2.545386944232433279e+00,6.838794337816560542e+00,7.833822139097971871e+00
8.180570045064300189e+00,1.044640350370846704e+01,1.392797056783347109e+01
3.636331905457335090e+00,7.163060179449793452e+00,9.737997962131776930e+00
1.196941276870358983e+01,1.292703402159158799e+01,1.494479203033263026e+01
5.096089871129642290e+00,9.896531148921013710e+00,1.347207922241771527e+01
6.510850422513206226e+00,9.372136415271395293e+00,1.223821624633202809e+01
2.747492633060553580e+00,7.493489192421095346e+00,1.196061978379731805e+01
8.975447458631672148e+00,9.122192637080910771e+00,1.376864343195203411e+01
1.022069283791702077e+01,1.080187476420969084e+01,1.339774427626682041e+01
1.119839585087976630e+01,1.258657008490446572e+01,1.732921983803659316e+01
2.199992216983526205e-02,2.932460512934687458e+00,7.407447288544951824e+00
1.440761205142537982e+01,1.474441502119681147e+01,1.746738526574137396e+01
3.767802552868371180e+00,8.481717647678383543e+00,9.225670738110022029e+00
7.157267987632504713e+00,9.652304863273291957e+00,1.172190865358282963e+01
1.145510074753753216e+01,1.390427342006414158e+01,1.428430115952983748e+01
1.272780830338968094e+01,1.413986435465372082e+01,1.637693831177670134e+01
6.207533395893322314e+00,1.001463258420198876e+01,1.324108845394909117e+01
8.866178871056074939e+00,9.158879565198212447e+00,1.276177996529120406e+01
5.512963200622851723e+00,9.848195224037587181e+00,1.143699495325634530e+01
9.812770234903462452e+00,1.253465781708496429e+01,1.498113013427019524e+01
1.003490158930727816e+01,1.202946678523155910e+01,1.395023820445127072e+01
5.704548748018840598e+00,9.984069264280833522e+00,1.000252020453691948e+01
1.014325660395385498e+01,1.066765298304710186e+01,1.142573958787207822e+01
1.297930082644937855e+01,1.388979697547094361e+01,1.758476052553077196e+01
1.019451809157468247e+01,1.135932986729643623e+01,1.303068517114546765e+01
8.674849331035270339e+00,9.990625188661059752e+00,1.459021109296941354e+01
1.138300087884053546e+01,1.153447777343293090e+01,1.555493218034347791e+01
1.281812967963059435e+01,1.664936211813055067e+01,1.713681457463620106e+01
9.239422791197410945e+00,1.042033691221811686e+01,1.196771342013631667e+01
6.462874342942697581e+00,1.011148014803234751e+01,1.301692849873489521e+01
1.113672974410814120e+01,1.539761917013333559e+01,1.602692451524759676e+01
7.421533193901094450e+00,1.083221856599933730e+01,1.125344659974352091e+01
9.850441473078539900e+00,1.283231188302360870e+01,1.376601665521901907e+01
1.251525983817820453e+01,1.346051205264882711e+01,1.375060111610390123e+01
1.144693324269806922e+01,1.508135826850644179e+01,1.958600471587752523e+01
1.031169921004622481e+01,1.437581603656411033e+01,1.663429372873427425e+01
1.430934138382018439e+01,1.475344106725703774e+01,1.952812611557942546e+01
6.088780793044094253e+00,9.219768799911694401e+00,1.050700798980140149e+01
6.493227445432387945e+00,9.426394538509075716e+00,1.410191118017619516e+01
1.149841125286673993e+01,1.290812953358561899e+01,1.491667372967930305e+01
1.223024226731557818e+01,1.404200655098483708e+01,1.673495096614473709e+01
1.282319536812306637e+01,1.552711474149756299e+01,1.641661417946284374e+01
1.333996597000693640e+01,1.638254878889643962e+01,1.675360915507500792e+01
1.117233908179972701e+01,1.392794904461950090e+01,1.485048596909374652e+01
1.376865783277513167e+01,1.570788908149399177e+01,1.590467196054654231e+01
1.217465023214194453e+01,1.549810209608555844e+01,2.036354943290503527e+01
6.295095971999379536e+00,6.819109897689497046e+00,8.587728001779444398e+00
9.692041378716616862e+00,1.184574679304662226e+01,1.297209802320297278e+01
1.299641869265660254e+01,1.721255111625634981e+01,1.973155624591188939e+01
3.372476496356801690e+00,8.173009313660212882e+00,1.063169070325713861e+01
9.135589032877010851e+00,1.330469300342082128e+01,1.798394802960672223e+01
1.466701444746168015e+01,1.495264260973493187e+01,1.955988825712570645e+01
9.748844789932350707e+00,1.171666974011852602e+01,1.186389808799971490e+01
8.262521457123538582e+00,9.968973659487069483e+00,1.292555402202983217e+01
5.780302866934087014e+00,1.057117094562048720e+01,1.287343852423696688e+01
5.953974103046375532e+00,9.426047023145297743e+00,1.048232747439987200e+01
9.021470697193405996e+00,1.132240683769017586e+01,1.396399097132440481e+01
2.006404144268266521e+01,2.127051157776882562e+01,2.330779286150415786e+01
9.974371997204794837e+00,1.355135754394324366e+01,1.610327849551119428e+01
2.066354262084050042e+00,5.763370034319777346e+00,8.272334064130598463e+00
1.218749221802501026e+01,1.435790672425984660e+01,1.581917441411392389e+01
1.321496477074462206e+01,1.386909184467095102e+01,1.487318045576569681e+01
1.186988360045652513e+01,1.382067546619747489e+01,1.645140842081517008e+01
8.291426620782740287e+00,1.297672449857581967e+01,1.725246453074471731e+01
1.038379908815105424e+01,1.275908019379264324e+01,1.387631894499551954e+01
1.290104664888882624e+01,1.739185145757054585e+01,2.096211824848248284e+01
1.498442870900304236e+01,1.500933601305083442e+01,1.980271375511829746e+01
1.555809075905641237e+01,1.744661161793532500e+01,1.826628081019376282e+01
1.981484961442594539e+01,2.084534464458116787e+01,2.185963243416603774e+01
1.479142085749661106e+01,1.486202302838610123e+01,1.523516695774953789e+01
9.794056156041493821e+00,1.086870401427178301e+01,1.557692988094610698e+01
1.254421298720323819e+01,1.584543626374342473e+01,1.944032133580290633e+01
1.179272638331268475e+01,1.663158052962848288e+01,1.739590341688336395e+01
6.673611979733045985e+00,1.093436158075154374e+01,1.096748894447660305e+01
8.606085173282247425e+00,1.171891522328985324e+01,1.344988782916797021e+01
1.509860544131285742e+01,1.583419415585330370e+01,1.990609965083040933e+01
4.822869863628907794e+00,8.528184132871885481e+00,1.058211095689198089e+01
1.076283342339630877e+01,1.471987810983835132e+01,1.691738329605880153e+01
9.470444700895759738e+00,1.221257599164420249e+01,1.323672998190156314e+01
7.470547941503554057e+00,9.359122998757190004e+00,1.396703844231336689e+01
1.405737477789434386e+01,1.498464681802103904e+01,1.901888404443060665e+01
1.909335596788777956e+00,5.177331195428882538e+00,6.977159692256758916e+00
8.234218319703691336e+00,1.232522925505642242e+01,1.299924787325629438e+01
1.007491305381132030e+01,1.402361874257432461e+01,1.434093865801734502e+01
1.145153072521331516e+01,1.582306610145527515e+01,1.735739335240008074e+01
6.363815818479173991e+00,1.054579252993759120e+01,1.220974141671729818e+01
4.632798927017022450e+00,4.893159645437182625e+00,6.847567580155054401e+00
3.717709616142951923e+00,7.894062320246430176e+00,1.230000486321693742e+01
6.068791438268853256e+00,1.075113213339155394e+01,1.456553032270167591e+01
8.614508693206316181e+00,1.067821780768895934e+01,1.124600080130586122e+01
1.524579722325126596e+01,1.626887614342476951e+01,1.717749370725852387e+01
8.506065850541666862e+00,1.130438514256175075e+01,1.562813219284101862e+01
1.008128336023214722e+01,1.164848782490252965e+01,1.573544913777837806e+01
4.377435846522107710e+00,7.070804166724969697e+00,1.014032068146898347e+01
1.009455085590266421e+01,1.035334682940633577e+01,1.154807237054731672e+01
7.286735648951167654e+00,9.076143722907678679e+00,1.051791392016569660e+01
7.524235922286536038e+00,8.834999147099123817e+00,1.380050253328040455e+01
3.083725549195785565e+00,6.402927612136426028e+00,7.297838494721560210e+00
6.385311614727800844e+00,7.589481188654356281e+00,1.247871136684412008e+01
2.338688992951672763e+00,4.774981747730524972e+00,9.682433621160491555e+00
4.768629616727948495e+00,4.790212208045934617e+00,7.783307216289603758e+00
6.910823737489424801e+00,1.000653045553425180e+01,1.460431188989707607e+01
3.702075164900731963e+00,5.517500370096838580e+00,6.287344231678088313e+00
9.940261944460228705e+00,1.211189643676422811e+01,1.500505056679799765e+01
8.087772788226109455e+00,8.284756006173699561e+00,9.906944786358984345e+00
1.062077301567528131e+01,1.481314722780665960e+01,1.908563686216306010e+01
3.778116441167197692e+00,8.517936787954740296e+00,1.224325629907996493e+01
3.061708647232223246e+00,3.986838304831796354e+00,7.045423197546462291e+00
8.023791911359694495e-01,3.437089538405012412e+00,4.870672751417858493e+00
7.282397308123612634e-01,1.575703069732432127e+00,4.733650043520817086e+00
4.083345288604447454e+00,7.615827119330836226e+00,1.239719872378143251e+01
7.447320224683140033e+00,7.985004223394508216e+00,1.159832801306118277e+01
-2.716000735625712537e+00,2.213363568445459784e+00,7.104888321545491436e+00
9.354979292743989205e+00,1.099935823438012150e+01,1.174482469635399440e+01
6.544110865764398710e+00,1.001296725766172813e+01,1.083378673907057355e+01
9.168259777284081480e+00,9.390677655013986325e+00,9.977415963755017714e+00
3.041970556140271675e+00,7.323907166130012136e+00,8.300326454609491478e+00
8.797007224034603112e-01,3.878078336201713938e+00,8.291865288216946794e+00
3.745285867783119116e-01,4.710069498480084604e+00,8.201308282770018110e+00
-5.047888332867661809e+00,-1.231980578168750284e+00,-7.126437460591660278e-01
6.440410233743243396e+00,7.486002280103511985e+00,8.706012834430921998e+00
-1.697028562854165923e+00,3.235108796240675932e+00,5.885842663412933717e+00
3.836335923356845257e+00,4.755928548859029270e+00,6.497028085627407634e+00
3.210537932615372902e+00,5.011459755058966792e+00,6.703467769296574730e+00
-2.412815621457341297e+00,9.328234352650190964e-01,2.617262021922848625e+00
5.513350146385162631e+00,6.082796072520435970e+00,6.147923600625886387e+00
8.427168227474579609e-01,5.240958164930327179e+00,7.911786706288100213e+00
-4.629950334918527588e+00,-1.369286440591865883e-01,3.578290783071820247e+00
9.718290608148651977e-01,2.644028811282962632e+00,4.365417728788450802e+00
-4.703490207536161982e+00,-6.007259447760686655e-01,2.547104388070125403e+00
-2.574034581813991363e+00,1.437596292113973995e-01,4.860509401435566090e+00
-4.222196991946446154e+00,4.880052969650109373e-01,8.971285155231365493e-01
-2.986209538004888309e+00,7.887124753536813859e-01,1.040773509074789160e+00
-7.050783234792041831e+00,-3.767254732856193389e+00,-3.632212178789617774e+00
-3.614848998744329300e+00,-2.081749215953728971e+00,-1.308792512283555087e+00
2.011997520926193328e+00,3.682456516115204082e+00,7.271864516910815368e+00
-5.842618483423667186e+00,-3.273271984878471486e+00,-2.686911233999173643e+00
-4.474182708734215197e+00,-3.326175516428448553e+00,-2.017937296332868335e+00
-2.553995526367844882e-01,2.311339373833229072e+00,5.482654411939619443e+00
-3.638767830851755924e+00,-2.958222137294675758e+00,9.197607422003160060e-01
-3.820610175116063711e+00,-1.805449048783205335e-01,4.561630771414236563e+00
-1.831970587406506201e+00,-1.350380710452571797e+00,2.724216346346638673e+00
-3.560524301773497768e+00,-3.114984109537085377e+00,-6.566398810289095778e-01
-4.942576963332770745e+00,-4.706454862121192129e-01,6.106258282312380103e-01
-1.028872348818780758e+00,5.705449835516511747e-01,2.599024808849082824e+00
-2.994754265505114255e+00,-2.174809337572528811e+00,2.745426897174159109e-01
-8.079253379243994004e+00,-6.034961876450274154e+00,-3.507147572463184204e+00
-9.176267753813849737e+00,-5.502678188148728999e+00,-1.079246185840400329e+00
-3.381893400448489295e+00,1.324756970548833124e+00,3.507309583417391519e+00
-6.105836654885708370e+00,-3.789209285736176103e+00,-1.531556281796159436e+00
-8.344118443967079912e+00,-6.292263439522002066e+00,-5.337366108237831419e+00
-8.588514285736684073e+00,-6.208194316314281203e+00,-4.495612373669271911e+00
-7.188533426232765144e+00,-6.028866784966321113e+00,-2.982101828964872858e+00
-9.444837096793854414e+00,-6.281216604863626429e+00,-3.603213699265431114e+00
-1.148241221775253429e+01,-9.760450625775174416e+00,-6.737347248429502500e+00
-9.581310903208567709e+00,-5.646765380352120722e+00,-1.332415537676612693e+00
-6.482540015290712887e+00,-2.618339330404101162e+00,1.539022593308514431e-01
-6.063328971600920880e+00,-5.199982454140689825e+00,-3.677248321810020038e+00
-1.001113503906675462e+01,-8.778751211964877399e+00,-3.937728830195838192e+00
-6.687955200526956467e+00,-4.594858406772709181e+00,-4.451201361096186915e+00
-1.125242944285832003e+01,-8.318479683162481209e+00,-7.034770322196989056e+00
-1.108453185726269652e+01,-1.039174317135154624e+01,-9.496036935907389065e+00
-1.251267592140217744e+01,-1.033607348956876670e+01,-7.559576341520985565e+00
-1.088476444767976758e+01,-1.021491895267580752e+01,-7.423208268869592175e+00
-1.644650179404543167e+01,-1.625202666301862919e+01,-1.345647360846390761e+01
-1.165309996729054198e+01,-1.083892258612752713e+01,-8.997636435021282963e+00
-1.918577848842284439e+01,-1.433966501707431007e+01,-1.065011089129907162e+01
-1.945817930740869883e+01,-1.476793822236311371e+01,-1.233794344142887311e+01
-7.017398455053493578e+00,-6.589856476490155046e+00,-3.607036066081981573e+00
-1.297453246586680820e+01,-1.281682287478739113e+01,-1.080392548000335573e+01
-1.297823112064674511e+01,-9.135765669819660317e+00,-7.958815278426101258e+00
-1.381738065784368708e+01,-1.063989908521683070e+01,-8.269965226474823794e+00
-7.176127931200994681e+00,-6.959712943987113043e+00,-5.301773920184839284e+00
-1.727050280500800028e+01,-1.356072881975281064e+01,-1.347153602651428628e+01
-1.529127093522085090e+01,-1.153837704645646944e+01,-6.744574903429732871e+00
-1.278360663684486553e+01,-9.726407788033634816e+00,-8.285845118698230038e+00
-1.897170134345808634e+01,-1.405248983791782358e+01,-9.875356311621786176e+00
-8.385135244225152107e+00,-8.039876480142023496e+00,-3.252532932007450306e+00
-2.383531747516012089e+01,-1.905443101381701254e+01,-1.426526174268877334e+01
-1.395467489401898753e+01,-1.350637492713203969e+01,-1.251531125021482005e+01
-2.076814064602785237e+01,-1.647358130587791791e+01,-1.422701453127342575e+01
-9.728979902985653183e+00,-8.887568729445307625e+00,-8.300123169521116395e+00
-9.789050591112708588e+00,-8.403913375444087563e+00,-5.578954486994877726e+00
-1.842203172737981021e+01,-1.343351243054383559e+01,-1.264871036192152687e+01
-1.926814213606320081e+01,-1.856605188388893524e+01,-1.812669559919890716e+01
-1.878598717716645439e+01,-1.862482905696284519e+01,-1.589245843159788585e+01
-1.629945694058482886e+01,-1.223321604704928767e+01,-8.788236902573061116e+00
-1.218038946676383993e+01,-1.163817879979084502e+01,-1.053269590264631539e+01
-1.768847102581707276e+01,-1.662325161130809903e+01,-1.442998325222758993e+01
-1.224427278569606514e+01,-1.133290798198764726e+01,-1.036442397102514512e+01
-1.517534710634219763e+01,-1.350839542166496621e+01,-9.415584802338326398e+00
-1.384526207007704990e+01,-1.079272387037529768e+01,-1.068673859380615987e+01
-1.482568841677940874e+01,-1.403675431984859223e+01,-9.735182104819035231e+00
-2.235222000647397422e+01,-1.841131350559687263e+01,-1.681346260525338110e+01
-1.825557449146064215e+01,-1.670422972968517783e+01,-1.538928896224073917e+01
-1.604215792284405850e+01,-1.488623650391581066e+01,-1.045097544633028797e+01
-2.120544995842022473e+01,-1.761131473381512080e+01,-1.351355592822072005e+01
-2.124051097813444144e+01,-1.844803305290926332e+01,-1.458347305252426729e+01
-1.976051109516309268e+01,-1.744876148336329535e+01,-1.623656939163493362e+01
-2.443682639148791935e+01,-2.166432472915084162e+01,-1.986312231220986035e+01
-1.914252376056394667e+01,-1.747457219879819235e+01,-1.737511613377969510e+01
-2.059970304917851891e+01,-1.794867025230852065e+01,-1.375957040356968264e+01
-2.231727079711486894e+01,-1.849247857110198012e+01,-1.568169443141198727e+01
-2.197114592148567169e+01,-1.760091651765327825e+01,-1.298496743710205337e+01
-1.980223416124678337e+01,-1.872434186826127700e+01,-1.397699939532960833e+01
-1.928245286530093949e+01,-1.744211707360405939e+01,-1.567971360230307454e+01
-2.642190689714674434e+01,-2.426352643336781867e+01,-1.940326163768661161e+01
-2.293410396976065257e+01,-2.051855885793102985e+01,-1.556564733119774147e+01
-2.563188687758153606e+01,-2.094301813310056559e+01,-1.981880162839032522e+01
-1.661080739419153929e+01,-1.199717182533739290e+01,-8.875240842730580226e+00
-2.067004698182010003e+01,-1.764750108439395859e+01,-1.648008260115431156e+01
-2.709140941248919887e+01,-2.240565507252894761e+01,-2.019045149265266303e+01
-2.476977350128680655e+01,-2.162118083891714804e+01,-1.848005045381009737e+01
-1.678155409647283847e+01,-1.396883534358015666e+01,-1.109468283558635626e+01
-2.659364057710825335e+01,-2.255333688409108461e+01,-1.888274077129296913e+01
-2.219362621039953964e+01,-2.104941304570914085e+01,-1.827427016587777331e+01
-1.930254807575087028e+01,-1.733051822361612082e+01,-1.470069143929417521e+01
-2.238963397903069463e+01,-1.784341373370192940e+01,-1.423287397789104958e+01
-2.779398400442347850e+01,-2.315637110960905076e+01,-2.131903764746826369e+01
-2.093548834092113609e+01,-2.005062019829724207e+01,-1.725127861852831401e+01
-2.127169781789616465e+01,-2.030733525839068676e+01,-1.831714343744543427e+01
-2.651278707323140793e+01,-2.222370033700451231e+01,-1.970725779739754913e+01
-3.074935055132444361e+01,-2.594428447132671778e+01,-2.465662755929087169e+01
-2.783107239613220329e+01,-2.473197005033395257e+01,-2.272050675075236370e+01
-1.971763598168099563e+01,-1.823045617082478032e+01,-1.450323188426645515e+01
-2.804460461618787548e+01,-2.495800940880836905e+01,-2.393274999180963292e+01
-1.930092671429617113e+01,-1.742025941592115146e+01,-1.371858531077474019e+01
-2.886555206887134162e+01,-2.654374070885010894e+01,-2.309636541952978206e+01
-2.771045267725072136e+01,-2.281952304465481873e+01,-2.127832070822102395e+01
-1.742953509585850824e+01,-1.637598247945445706e+01,-1.339552959152286959e+01
-2.451808877495728467e+01,-2.068450879821254773e+01,-1.716133824115203410e+01
-2.201961093071216169e+01,-1.948685242735664858e+01,-1.655461038518251371e+01
-2.146572068975579484e+01,-1.891175946401202523e+01,-1.541910934404118727e+01
-1.974732063228564982e+01,-1.801769662517175163e+01,-1.688762778840619916e+01
-3.197619814239509850e+01,-2.753219326409702461e+01,-2.482621264755172774e+01
-2.758310909240550757e+01,-2.504390756571291377e+01,-2.317175494115598866e+01
-2.637524493110272061e+01,-2.307792782582107449e+01,-2.282771271297941240e+01
-2.086204130138209578e+01,-1.912122304454535282e+01,-1.658044735841086492e+01
-2.163825965930897866e+01,-1.817574035393250398e+01,-1.514298256158093636e+01
-2.307622822303629562e+01,-2.116102748673878153e+01,-1.935092453412229929e+01
-2.581109208952274159e+01,-2.346197110721885792e+01,-2.313247545360433577e+01
-2.023528505185215565e+01,-1.872872404289574888e+01,-1.711904744237697074e+01
-2.872920394661187515e+01,-2.410984842163049180e+01,-2.129186381991053167e+01
-2.709082891224786138e+01,-2.457233054661181626e+01,-2.079864319479696633e+01
-2.018224794781270148e+01,-1.858548064770196717e+01,-1.434178984796983869e+01
-2.153307782074648102e+01,-2.130781358126140645e+01,-1.805997585300122310e+01
-2.424580742516972975e+01,-2.053221903125678338e+01,-1.699323264604119998e+01
-2.245081434398028719e+01,-2.094454148068042443e+01,-1.992812124517194405e+01
-2.055779541133561139e+01,-1.730266686485550665e+01,-1.598201689985496898e+01
-2.287737106641046125e+01,-2.124467647992105057e+01,-1.880065953109532018e+01
-2.841275106424272678e+01,-2.343139907272134081e+01,-2.005339147154897361e+01
-2.245796268285042885e+01,-2.164370169436254088e+01,-1.841138125589988661e+01
-2.043857259103394597e+01,-1.714998972608693606e+01,-1.384465199391696899e+01
-2.265021508403975048e+01,-2.075773717666161389e+01,-1.648514320066448136e+01
-1.588026008392396271e+01,-1.527030245050016610e+01,-1.220436331245657691e+01
-2.504923276811561905e+01,-2.312019812603651303e+01,-2.053436635772623475e+01
-2.839299498142814571e+01,-2.576015761579726870e+01,-2.199673239168757277e+01
-2.069593541005526660e+01,-1.780035663003593527e+01,-1.733260790663613093e+01
-2.504366741233070570e+01,-2.344050986774750811e+01,-2.119180392761476028e+01
-1.845185496307146522e+01,-1.828611239559955592e+01,-1.750025881915512826e+01
-2.188638902148322174e+01,-1.786814333823586054e+01,-1.332314729655020002e+01
-2.256629155658951547e+01,-2.192878570989266507e+01,-2.089487355135901936e+01
-2.050746591305861344e+01,-2.045859759330791405e+01,-1.765155098994523897e+01
-2.125191731799377948e+01,-1.718597427522723109e+01,-1.312977866767471191e+01
-2.652944568138896386e+01,-2.177960376647374829e+01,-1.934058940824132478e+01
-2.382672760907926701e+01,-2.232811491079462130e+01,-2.166099956600566756e+01
-1.419295551901426400e+01,-1.219298282749239704e+01,-1.098348339027140064e+01
-2.556696541637670350e+01,-2.359452017430544757e+01,-2.229435971306656938e+01
-2.408979759384914487e+01,-2.071657174496949594e+01,-1.895165563355548954e+01
-2.073180479236900098e+01,-1.897982938733228764e+01,-1.856029592923943383e+01
-2.117522541538574643e+01,-1.918612489614937289e+01,-1.452369661180767757e+01
-2.478203878955972428e+01,-2.379449350086057535e+01,-1.973264671772360401e+01
-2.263002806757544150e+01,-1.788660819696562143e+01,-1.476033356979031197e+01
-2.338582663302075559e+01,-2.249506117873755073e+01,-1.980832613331042680e+01
-1.875105871174023164e+01,-1.724225338164074017e+01,-1.400546856424067954e+01
-1.800048500728511414e+01,-1.727357747954710732e+01,-1.333829760125385633e+01
-2.238768949600970615e+01,-1.973777277500331095e+01,-1.682031000978880542e+01
-1.765716005122301269e+01,-1.683348645558278633e+01,-1.624304737059219406e+01
-1.401322216371142204e+01,-1.124831143107677178e+01,-7.238012960162550691e+00
-1.635772820241945169e+01,-1.395175320180087652e+01,-1.360276944335887706e+01
-1.802285079093862663e+01,-1.728597562597376580e+01,-1.586442468288056240e+01
-1.913200812157535324e+01,-1.460845904306264131e+01,-1.111347723730063741e+01
-2.095999661582147766e+01,-1.873474516925384847e+01,-1.563188927928004013e+01
-1.673010924762443352e+01,-1.425224673442530943e+01,-1.251329203782834121e+01
-1.813852145676395722e+01,-1.714135003767490772e+01,-1.693952050235437667e+01
-1.571405966375464480e+01,-1.266011095883332693e+01,-9.107041225086671687e+00
-2.054086420937365531e+01,-1.560776724487199374e+01,-1.516264796218287536e+01
-1.416126892657863046e+01,-1.388270427734924439e+01,-1.193105276816988969e+01
-1.851205752823470618e+01,-1.775870803433736711e+01,-1.299695597295268357e+01
-1.387586626205076712e+01,-1.285106645379724810e+01,-9.719026895225885809e+00
-1.758524421854560060e+01,-1.638910112970546606e+01,-1.231475675840051842e+01
-1.410779709661696302e+01,-1.211386279426158374e+01,-1.163662567224974076e+01
-1.445868420957250322e+01,-1.372777862437878760e+01,-9.956403463410758548e+00
-1.130626622733890407e+01,-9.471458239488434572e+00,-7.346148930114226872e+00
-1.617181421658018792e+01,-1.587873771106535870e+01,-1.249561364328635094e+01
-1.581778665585990851e+01,-1.421930851743370816e+01,-1.396913877954748351e+01
-1.255774659566930751e+01,-8.748374577511439654e+00,-5.025457150927126193e+00
-2.124399603461541375e+01,-2.026912774349075619e+01,-1.585248737735112812e+01
-1.767736089940594013e+01,-1.334435272969898278e+01,-1.299063358073253127e+01
-2.196860514804489029e+01,-1.998006465360811390e+01,-1.636185127093183667e+01
-2.322021677196210732e+01,-1.870779788883838179e+01,-1.495981777903035592e+01
-1.690929895882291234e+01,-1.305270513751513306e+01,-1.182790719718407146e+01
-1.178345693907573910e+01,-1.017459806224808538e+01,-1.016668519379754798e+01
-9.069589103507921024e+00,-8.769330715583345537e+00,-7.311656628656622914e+00
-1.238991486854834001e+01,-1.042788871088804292e+01,-6.345669138995233105e+00
-1.168321497501746187e+01,-6.739132814426321616e+00,-4.526767304094782673e+00
-1.225608628982158343e+01,-1.043433532734597158e+01,-6.792250998568096776e+00
-1.058878958347873755e+01,-1.006412507717275062e+01,-7.939696871392698085e+00
-1.523984407186298284e+01,-1.219649406459349450e+01,-7.214636675276812738e+00
-1.182989703063892328e+01,-8.559167939144767701e+00,-4.952400378783020862e+00
-1.655217109030051148e+01,-1.464206179204265368e+01,-1.335260084661360125e+01
-1.188842326309609021e+01,-9.453385258633797861e+00,-5.984528312912452463e+00
-1.107490991386445067e+01,-8.788198384069248803e+00,-7.511420496436407745e+00
-4.155265005844088755e+00,-3.156798461355113439e+00,-2.924175663243860690e+00
-1.075245742932738580e+01,-8.799823272188348255e+00,-3.876145720071168199e+00
-1.382764030798836252e+01,-1.183679441074983174e+01,-1.033605438399930776e+01
-8.149268675941762297e+00,-5.175953205537092927e+00,-1.011910879739084557e+00
-1.064893524696296545e+01,-9.778570225656800119e+00,-8.843736767784465158e+00
-7.832771547602464857e+00,-5.019931224283519455e+00,-7.209526248815398830e-01
-8.900338986105431616e+00,-5.678053624556403278e+00,-4.931422839589504115e+00
-7.534359020745731605e+00,-7.165330562013201288e+00,-6.802302525212088113e+00
-2.824662660443058471e+00,-2.737037468319496458e+00,-1.473725933348082329e-01
-9.020182573243669566e+00,-5.895637211617336781e+00,-5.594001657246916892e+00
-6.458242705782090809e+00,-4.162802196031081259e+00,-2.744714673153501483e+00
-7.418833511302043604e+00,-5.985765078700683972e+00,-1.664953126698614838e+00
-4.913896852917813085e+00,-4.779741868711537833e+00,-3.136351767549864000e+00
-1.114508916532697569e+01,-6.520746955212557872e+00,-3.852512112729536753e+00
-1.199697184420387330e+01,-7.323307844004266265e+00,-6.779164670995747599e+00
-5.695556195736353189e+00,-3.819911830616251169e+00,-8.867715854024047495e-01
-8.658523435131099788e+00,-4.162585018027589179e+00,-9.302374321694224513e-01
-3.912289667919538694e+00,-3.413287531548014897e-02,2.528725899605550165e+00
-6.332877936990753298e+00,-4.190568294737311739e+00,-1.356399639954553926e+00
-6.565885974527189362e+00,-5.841080330371151597e+00,-1.454752453240783616e+00
-6.720052397144433698e+00,-2.695094510682098488e+00,-2.674431664616323978e+00
-5.691074910152607025e+00,-2.626716734568503853e+00,1.855164986933383275e+00
-1.368343831088432161e-01,1.945057717187495872e+00,3.073332883074531896e+00
-4.517273435519632230e+00,-3.904542395801211097e+00,-1.141440356996255012e-01
-3.932442110852979456e-01,-2.799040928142104701e-01,3.641203003547980543e+00
-5.386449186446938597e+00,-1.201376649280702757e+00,-1.050707002259593903e+00
-5.961101355814952818e+00,-2.254879871678862724e+00,2.441714363848398239e+00
-2.485518236316597740e+00,7.629384286989823183e-01,2.321614480636501554e+00
-1.227112786807155853e+00,1.671744733522088300e+00,1.759254644893067709e+00
-2.405965665590371838e+00,-1.876496825050184114e+00,2.255015184963011343e+00
-6.225814887679943510e+00,-2.300443467091382033e+00,2.478554691697176793e+00
1.854119713168167038e+00,3.302603595209562926e+00,6.134378842247471653e+00
-1.388297110337765705e+00,2.413670343866470613e+00,7.110004959473569031e+00
3.799252393081040680e-01,3.868798117050787244e+00,5.137990167028716471e+00
1.445585539566378586e+00,2.064243508962884555e+00,4.109240345910704306e+00
-9.572286437354300404e-01,8.639554861162772603e-01,5.306095605562752837e+00
5.260690957377496701e+00,8.103043436036104552e+00,1.047815842917094997e+01
7.475352411138838082e-01,2.728728615126855495e+00,4.410552652633549009e+00
-2.024297076581550670e+00,-1.308487824038264691e+00,7.756597776997784521e-01
-3.691027408133196630e+00,2.811989497900135859e-01,4.860834536885485058e+00
3.107145352589685494e+00,3.437617404923013709e+00,6.613767643850010813e+00
3.462006086316025133e-01,3.253842944612591381e+00,7.332436277522405454e+00
-6.013369772886889564e+00,-1.390883711584301352e+00,-7.365845983095291594e-01
-5.641701770405251892e-01,2.024900543882822923e+00,5.880773561690075368e+00
6.184464663750645741e+00,8.130499915318681659e+00,1.035732634583945355e+01
3.629585656604067179e+00,6.161290893214768971e+00,8.643694338232608132e+00
2.959498814011503054e+00,4.185501383170063150e+00,6.457911191995967748e+00
9.814099566240610528e-01,4.872029763849076822e+00,9.373186534981147844e+00
-4.213529630140775417e+00,-3.540477884188719671e-01,1.943482178764903701e+00
3.729219234537805683e+00,6.795611821015421050e+00,1.168890166112263529e+01
6.709445145747793049e+00,9.351453532651643030e+00,9.709063980350096656e+00
5.179733771646734652e+00,7.984572628682509610e+00,8.934397661478749697e+00
8.248419824922962107e+00,1.004404203667534645e+01,1.250657194086136315e+01
4.838520452906738711e+00,6.655311361763778244e+00,6.679293396808541061e+00
1.202306905233999323e+01,1.301036278612424546e+01,1.461669101687149563e+01
5.456590663265454388e+00,8.926543733293012650e+00,9.472077455688699743e+00
4.584147419771522181e+00,6.790086136732853994e+00,1.093753749716420387e+01
1.429105772146579412e-01,4.858187402262379884e+00,6.892276036949513518e+00
8.550586674679991006e+00,9.858602589655649950e+00,1.428052993402642912e+01
7.450593132974345778e+00,1.184026862730123852e+01,1.436414550373581989e+01
3.124271431517901654e+00,6.538008998629813107e+00,1.008259951885730743e+01
1.035196162466371739e+01,1.477378884578303264e+01,1.879565136068155340e+01
4.788332081534399265e+00,8.747636699471383892e+00,1.055531222381801371e+01
5.824034731019727573e+00,9.097665756546588156e+00,1.374862771498002800e+01
5.928197428156003923e+00,9.941360669451002607e+00,1.347867011242880686e+01
9.240428793979029720e+00,1.299534381902777547e+01,1.687193171414169512e+01
7.933230241823816087e+00,1.130519679945382450e+01,1.213370867971837441e+01
7.344443657997082653e+00,7.622354329513519211e+00,8.182347161053051821e+00
8.607294029535244917e+00,8.791491638622199289e+00,1.285194940751441095e+01
9.647343515600381281e+00,1.125551648023448159e+01,1.526765944273178555e+01
5.485915002082893288e+00,9.706393480306799049e+00,1.455715100007512675e+01
1.195528058964998053e+01,1.385596186262643670e+01,1.640004299950983579e+01
1.053951792496327400e+01,1.096228722665610888e+01,1.460733550286843041e+01
1.220750426890503704e+01,1.350618128908263138e+01,1.496635392632701489e+01
7.160999063038477885e+00,9.255894777676155982e+00,1.293507792016233182e+01
4.235835750881268069e+00,7.813333921878898636e+00,1.011281968462021297e+01
9.131035418144742621e+00,1.405591254040158233e+01,1.614737394327004694e+01
1.757067653217536929e+01,1.811940857158072049e+01,2.092685837818270045e+01
8.094044738127131211e+00,1.076755788903277455e+01,1.165902907453302539e+01
8.500637216904108229e+00,8.593945062235807342e+00,1.312292115285391603e+01
6.555011442433612778e+00,9.744722126980189358e+00,1.292747827483688283e+01
1.422888143083815926e+01,1.564879055962042997e+01,2.056824777256388614e+01
1.150483680167818967e+01,1.323439084707219493e+01,1.810199002652276334e+01
7.265851119670804437e+00,1.120369861326473782e+01,1.179090139942010396e+01
1.377097258168043936e+01,1.540066702199545645e+01,2.035160840360862977e+01
1.264009060190159772e+01,1.696200607701560159e+01,1.826354435506126350e+01
1.104587468627056701e+01,1.338127566325652928e+01,1.570234419411641724e+01
1.375295120263493232e+01,1.505747078888712132e+01,1.676965507615188145e+01
1.404336194536601745e+01,1.424271549838885420e+01,1.826533655289867042e+01
9.592340023049079178e+00,1.029255610136006993e+01,1.450885518086940351e+01
1.374647516820611415e+01,1.587379632895978432e+01,2.019692025836408078e+01
1.320225408937265144e+01,1.788319932624109043e+01,2.243990913042799562e+01
9.211792706394241748e+00,1.369840751569689985e+01,1.462854440229100561e+01
1.202312512020268009e+01,1.560974823784435550e+01,1.757562907879949776e+01
8.732636869433040516e+00,1.281057375679814214e+01,1.743546184163757218e+01
1.264336899414308313e+01,1.493574386291944656e+01,1.813451692048986885e+01
6.149018951656352705e+00,7.165340712974645143e+00,1.021014721048468488e+01
1.501597523142146073e+01,1.552221732211591565e+01,1.790577042253003626e+01
8.290743116744717867e+00,9.170207978041213792e+00,1.178124435509624668e+01
4.924830029676288135e+00,9.111261185984034228e+00,1.244973739757264397e+01
5.387785420667943193e+00,1.031850769468112361e+01,1.469878566791708074e+01
1.559171762024974583e+01,1.729154494367552530e+01,1.855877574489177917e+01
8.124236413275557567e+00,1.103298834623456237e+01,1.556789844408783807e+01
8.995441899440411504e+00,1.216459717021564835e+01,1.570543397211912762e+01
1.060957905322837647e+01,1.204089691200048584e+01,1.366516354005690381e+01
1.592471859398300005e+01,1.788453385472422141e+01,2.005948741489650544e+01
7.964147415552928599e+00,1.127214142359855131e+01,1.198981494957909000e+01
1.011187063347702697e+01,1.222091470013079118e+01,1.693652596225369322e+01
1.028134040634441071e+01,1.389445142042475645e+01,1.497813970309553078e+01
1.224378839641609140e+01,1.293644475434945917e+01,1.454756784606968978e+01
1.169164092792494714e+01,1.458348187227128179e+01,1.466645125870746114e+01
6.353332789504152700e+00,9.282264688853302914e+00,1.356567346470879265e+01
1.038392783264766983e+01,1.373982807162089514e+01,1.650264056799307610e+01
1.241291688011090777e+01,1.622404316895058685e+01,1.858044604802357469e+01
1.684276524188358337e+01,1.744177006514975403e+01,2.222198480399151421e+01
1.189628604573513115e+01,1.451341284841685564e+01,1.670931611058697897e+01
9.808426016695365846e+00,1.420021735704183818e+01,1.486226733656710230e+01
8.930546979478796388e+00,1.131063230599975356e+01,1.213046587142950905e+01
6.225619829235620628e+00,8.862490422597371520e+00,1.077407153436788967e+01
1.487950691887332155e+01,1.640408896242905001e+01,1.814946528410524706e+01
6.828134837491078635e+00,1.143536616349146584e+01,1.353020521106783391e+01
1.473690244104014191e+01,1.673829761539835914e+01,1.759846055752909777e+01
4.943392531312305493e+00,8.480403295876913106e+00,1.051045849767331219e+01
1.486992051782332425e+01,1.497994274576963925e+01,1.743568643533706108e+01
1.033407580137544635e+01,1.360919419932986330e+01,1.532498621264891980e+01
1.559676311046927033e+01,1.753389048122109273e+01,1.760282704331443782e+01
8.459297875140272538e+00,1.339202683671308769e+01,1.830659732811599838e+01
1.513696488025381726e+01,1.716591368700152387e+01,2.141758538333521855e+01
1.073435141304414131e+01,1.426846355610480011e+01,1.739059669643224026e+01
1.029597939977747778e+01,1.462041765300850926e+01,1.815802291467220186e+01
1.396264382235748336e+01,1.538651217322681397e+01,1.945243883271982810e+01
1.069403310184190126e+01,1.514392411648934456e+01,1.713153645609326503e+01
8.311815996336175516e+00,1.224551970740191997e+01,1.665637391167568282e+01
1.529469227668129605e+01,1.579710708737477276e+01,2.076242328086843969e+01
5.840825982301623753e+00,8.982375338456172642e+00,1.043063825557711333e+01
9.648964712824273704e+00,1.430038087668715896e+01,1.729599832734296427e+01
5.937607179056676898e+00,1.051856052802151176e+01,1.476356885326471513e+01
-5.872035433156375106e-01,2.386240272891328118e+00,6.237689479959957595e+00
1.003265374256531572e+01,1.494325122695154917e+01,1.754331100862984982e+01
8.347224615920289637e+00,8.752781600167043763e+00,1.188638051915097016e+01
1.040566403388352867e+01,1.260032903925579006e+01,1.260763405731644227e+01
5.180359390077242665e+00,7.054384374819479220e+00,9.808729987673714845e+00
7.842861089763108140e+00,9.705103928875292496e+00,1.207064895676916016e+01
7.135647648222870565e+00,9.966817741840090505e+00,1.401048462339960210e+01
5.978485273777767617e+00,9.944211589479342805e+00,1.474187017484202400e+01
8.810955971667697284e+00,9.367724008617065223e+00,1.103182876650096134e+01
7.710931419505477002e+00,1.173127463550719440e+01,1.441791623150596813e+01
-3.783813810971232705e+00,1.124929562177387155e+00,4.673434703731717654e+00
7.852943623527240291e+00,8.560364462099755656e+00,1.188837374512480594e+01
7.264417365876346011e+00,1.008504642805299945e+01,1.048194441257657594e+01
6.249459391593167545e+00,1.042012511539507358e+01,1.488520058469898544e+01
1.406033955936845992e+00,3.304337448803965849e+00,6.428074809928313371e+00
8.884362648995489664e-01,4.681059294317221564e+00,8.363331579246571224e+00
5.889275217427546671e+00,9.093366724489360564e+00,1.172791745072611036e+01
1.658474768563191759e+00,2.915025024471029624e+00,7.795565896383481075e+00
7.739613211419001715e+00,1.230538502340644591e+01,1.315638606112158016e+01
4.041130420618026520e+00,5.593463741716059090e+00,5.980644631280820356e+00
2.638623350918344102e+00,6.534452091959395581e+00,7.372607957555921132e+00
1.219467344251883922e+01,1.272848509013730833e+01,1.498337695635214040e+01
2.113465481301159521e+00,5.661198657168522885e+00,6.633321695106479510e+00
-8.408757854020221245e-02,3.078531431559746956e+00,5.849368266273089922e+00
5.276113821825576089e+00,9.177234375523543264e+00,1.146552734909897175e+01
1.612499637878384462e+00,5.151144106179417648e+00,9.016064040523181333e+00
5.744600064835200470e+00,6.958593004303278207e+00,7.277772563817106466e+00
3.076640630568762358e+00,6.731137780975769758e+00,1.097444623945821718e+01
8.165909996086565314e+00,1.022997960842630505e+01,1.167759962203773760e+01
1.120815505031961035e+00,4.069402212991846568e+00,7.441808767685911263e+00
1.052585377045728965e+00,3.891473818972284171e+00,4.804006039427478392e+00
2.666602205613472165e+00,7.550758498085217596e+00,7.644072758793291733e+00
4.006576219634570890e+00,6.546724121995178614e+00,7.102737571788951598e+00
7.611609374469864520e+00,9.386215295977482498e+00,1.269386178322841729e+01
6.126434312479720923e+00,6.725229549188247447e+00,1.149174736999838231e+01
4.667415252317294261e+00,5.085768295516179371e+00,6.988638860598037184e+00
-5.112258818862269294e+00,-2.904188699175289656e+00,-1.103770375462453934e+00
-4.448919663340674902e+00,-4.953581835656608590e-01,3.922408467893286677e+00
8.916828375467831247e-01,2.824407552233686225e+00,5.233716245173225978e+00
2.106210170609055687e+00,4.229982825150223391e+00,7.246471436381171749e+00
2.571931070731960922e+00,3.298158057937613741e+00,4.272698777026186612e+00
-1.747729197915510957e+00,7.554740411953784207e-01,1.587243630437952469e+00
-6.698224821458863332e+00,-2.269059479459779816e+00,6.823004988293757123e-02
4.320903733044268336e+00,6.682795820834204648e+00,1.133787761787244008e+01
-3.789908829943070545e-01,7.231120119235542321e-01,4.610922289185446665e+00
-1.203882976868777099e+00,3.322855518455617663e+00,6.219530518604241109e+00
-3.969110488381974999e+00,-3.360881491719691638e+00,1.543062259742942643e+00
3.623020098111358944e+00,6.763564142638664123e+00,8.401330293176730635e+00
6.640396673482110046e+00,7.808283438904203066e+00,9.633435722474443352e+00
-4.974349303258443378e+00,-1.271306376206322142e+00,7.939904144307554645e-01
-4.744741882596724913e+00,-2.975150412772611386e+00,-2.315713207629150006e+00
-1.133729636226307180e+00,3.537161419750411984e-01,9.636764838229161523e-01
-1.249247000039434230e+00,3.385202962923674175e+00,8.106697216279709295e+00
-4.420768433265405140e-01,-4.165462451374679631e-02,3.140646799648221243e-01
-8.279686821730962265e+00,-3.479200541572027738e+00,-2.822871436069073425e+00
-7.511649544117209309e+00,-5.679774781591031996e+00,-1.890150283876121939e+00
-9.317430441575201172e+00,-4.920287386189398759e+00,-1.670062681670850147e+00
-6.610471710466491402e+00,-3.650731582377296114e+00,3.263561456373720304e-01
-1.500055231305085890e+01,-1.003669155268444158e+01,-9.890366152408674338e+00
-9.762272450994419870e+00,-6.349233013610437126e+00,-4.586482284095318107e+00
1.266339947578876579e+00,2.126330649714499366e+00,4.809874193010713839e+00
-1.241641102966721366e+00,-9.859468678098903816e-01,-4.870559121779027834e-01
-5.457618870962244628e+00,-2.645035444038121408e+00,-9.738577132528702940e-01
-5.780918800318692874e+00,-2.150203100878629758e+00,-6.782195738472811541e-01
-4.439461497846163951e+00,1.204693951958226705e-01,5.455708390662208362e-01
-5.402107548844483631e+00,-2.305333767162899949e+00,1.119117898294585967e+00
-6.263143811246408177e+00,-1.883149116485172581e+00,2.835853875657473377e+00
-7.817058704817275938e+00,-5.568436097931670936e+00,-5.398441575035561435e+00
-1.278304063218939746e+01,-1.047300816416901625e+01,-8.651887523037645522e+00
-1.031579609573554457e+01,-8.891804064651839923e+00,-6.091308534506778116e+00
-4.856543530206330672e+00,-3.155421631438088070e+00,-2.152861688123095973e+00
-9.633643836985356756e+00,-6.375496238343155042e+00,-3.421515409612703618e+00
-8.747423432423218514e+00,-8.553550652020369682e+00,-6.209174472042452209e+00
-1.371943098248775073e+01,-1.227930528805864085e+01,-1.000142460410041778e+01
-6.270188193068308991e+00,-4.501048052443572089e+00,-1.859538319616767410e+00
-6.443193415584980599e+00,-4.502001077177721022e+00,-3.283278160878414287e+00
-7.657238901896793237e+00,-7.603360634839451571e+00,-3.490589857890744163e+00
-1.383963867669799797e+01,-1.004794989953796858e+01,-6.707477180312508835e+00
-1.198411244204176995e+01,-1.131748063228503653e+01,-7.763762680092612278e+00
-1.115718515078963158e+01,-7.776449016541466364e+00,-5.075788720794990105e+00
-1.382815060712654542e+01,-1.243315100864770173e+01,-9.067601307496428120e+00
-1.272278379733254283e+01,-8.131389624928868187e+00,-4.959787183789510223e+00
-8.172325058604608117e+00,-7.806345057140781307e+00,-7.044623900897067692e+00
-1.368005883915249221e+01,-1.145702397533734995e+01,-7.050367133313662826e+00
-1.343766605239919087e+01,-1.250650367748790082e+01,-9.271266772868738570e+00
-9.214931833112967041e+00,-7.546427903040369145e+00,-7.013630159473698278e+00
-1.436076413440695809e+01,-1.215057853700214885e+01,-1.179387419381792590e+01
-1.486914997107693992e+01,-1.214316054483275664e+01,-7.224577286185843050e+00
-1.530507710587953341e+01,-1.321144424423529706e+01,-1.087827895211992235e+01
-1.285422680469705980e+01,-1.198392037746353012e+01,-8.570494779305768418e+00
-1.542453837149093232e+01,-1.079931289666465588e+01,-8.294258576908028147e+00
-1.344082478619861121e+01,-1.028660480602925098e+01,-5.628294014245337706e+00
-1.304066279500504777e+01,-1.237035709586629117e+01,-7.978376838853475483e+00
-1.604335334959321102e+01,-1.476613210998760906e+01,-1.381357823156409559e+01
-1.973481342896004875e+01,-1.571546210324133952e+01,-1.262322743887879106e+01
-1.953497579928418659e+01,-1.678375848750013688e+01,-1.447349317401542024e+01
-1.500470034549015530e+01,-1.277803909912133129e+01,-1.233488629083563382e+01
-1.132208310387454375e+01,-7.219061040203464508e+00,-6.665297637151158305e+00
-1.390560722425082041e+01,-1.326403442506899921e+01,-1.117124003504603991e+01
-2.127214969071723161e+01,-1.652457437388972394e+01,-1.595705148421497022e+01
-2.186589290605506264e+01,-1.804189282970144248e+01,-1.517861343994328394e+01
-1.733754310055662273e+01,-1.281896853782794210e+01,-1.125204348792419040e+01
-2.200465112944125323e+01,-1.854202749807013006e+01,-1.503905566738385602e+01
-1.510632999402929499e+01,-1.357204735532977935e+01,-1.238468643653795986e+01
-2.097166430196554288e+01,-1.744679479357536067e+01,-1.724166580292684259e+01
-2.029938108616803660e+01,-1.936700997254122569e+01,-1.703869592554167411e+01
-1.683461278147865414e+01,-1.663264356970681490e+01,-1.450590546081790144e+01
-2.144890359683577685e+01,-2.013347914174993392e+01,-1.989444926735647812e+01
-1.718257868891710771e+01,-1.598020050713290807e+01,-1.341469558210717139e+01
-1.518176547528761411e+01,-1.451672349544382712e+01,-1.193485437146919814e+01
-1.681864758306643282e+01,-1.592518116262956163e+01,-1.510666134290222651e+01
-1.784725162153092271e+01,-1.461920892791544979e+01,-1.397894531340015156e+01
-1.919411102429129201e+01,-1.887588201391220011e+01,-1.705011681187422923e+01
-2.228585850682455316e+01,-1.796417971622693699e+01,-1.776036359498134942e+01
-2.093221137021073730e+01,-1.691901103568018883e+01,-1.513312075060138895e+01
-2.320629508341912484e+01,-2.275074173755880835e+01,-2.200264143654138849e+01
-1.837971869693976856e+01,-1.684346801791074455e+01,-1.490911782169783706e+01
-1.877115013740619531e+01,-1.573117836929768565e+01,-1.209163249734790391e+01
-1.954868087726409343e+01,-1.714280069727353251e+01,-1.481572546406232149e+01
-1.864711065485298036e+01,-1.520892710365966671e+01,-1.459022804840423859e+01
-2.084367773504804333e+01,-1.688616165154726190e+01,-1.687515884456579940e+01
-1.824048927508123441e+01,-1.734331828517307272e+01,-1.529699886286445576e+01
-2.396281835452692377e+01,-2.160309997168649687e+01,-2.142376145605962989e+01
-2.886698419167501584e+01,-2.634718847207079762e+01,-2.269085327400135199e+01
-2.107632906641980242e+01,-2.039401572517635230e+01,-1.929756988881063506e+01
-1.614797542594123314e+01,-1.222160479740440309e+01,-7.565820138919721494e+00
-2.241288896535610320e+01,-2.141665241440499656e+01,-1.997145635261034613e+01
-1.915851275424370925e+01,-1.740084878017202641e+01,-1.562200398775668830e+01
-2.023674835819311113e+01,-1.807159740556537031e+01,-1.791171777885020688e+01
-2.484947148489079183e+01,-2.098748682269344812e+01,-1.975940846601790213e+01
-2.219380184295432201e+01,-1.811073690302730910e+01,-1.799125166206819770e+01
-1.956515324055886040e+01,-1.459636823218384905e+01,-1.236704902242573922e+01
-2.375620690561295234e+01,-2.092983771268810855e+01,-2.069755562792429515e+01
-2.337745594471494570e+01,-2.143676315385852860e+01,-2.082221765753833509e+01
-2.771583500193423077e+01,-2.392403302104212415e+01,-1.893598159102558043e+01
-1.745432619159435461e+01,-1.627461786889280404e+01,-1.602660904259110808e+01
-2.121101818946238637e+01,-2.108772631943530840e+01,-1.934902288602974352e+01
-2.211847978057996045e+01,-1.902355411935997864e+01,-1.566557548058434080e+01
-2.239843898249649712e+01,-1.901782655631320296e+01,-1.444417966449248425e+01
-2.399747567285967165e+01,-2.181749940607131322e+01,-1.977774012833543793e+01
-2.207232680582474060e+01,-1.949261237456137863e+01,-1.454872400698786450e+01
-2.692056479452508810e+01,-2.360392391396861100e+01,-2.008284318285804915e+01
-2.594855215968221174e+01,-2.405330991573993771e+01,-1.919093399120008314e+01
-2.282289977702885153e+01,-1.853668642945189760e+01,-1.622393190985902933e+01
-2.352702088325113650e+01,-1.899337712554281765e+01,-1.700872211926034794e+01
-3.264964770881024947e+01,-3.022884255775427675e+01,-2.697530868277027949e+01
-2.564759098660028158e+01,-2.254779386555885878e+01,-2.054733425825986259e+01
-2.405377971788059455e+01,-2.155198148415268733e+01,-1.757602016526110589e+01
-2.035521203829021530e+01,-1.756762600168791977e+01,-1.379564605808028332e+01
-2.295505785420888145e+01,-2.108639260409066907e+01,-1.865606007258169541e+01
-1.997593021285872794e+01,-1.734090311929668715e+01,-1.669788216709397943e+01
-2.490988682010356214e+01,-2.319758957373861108e+01,-1.884756192004821429e+01
-2.411699050885144402e+01,-2.019686232630930078e+01,-1.602717303394501869e+01
-2.143081625996016726e+01,-1.671049374834353429e+01,-1.265232976134553766e+01
-1.612500320596614500e+01,-1.406706773277934275e+01,-1.220251331787445714e+01
-2.720536723838266369e+01,-2.643422609958866332e+01,-2.202401940397189151e+01
-2.779619572982153386e+01,-2.356167767702502402e+01,-2.252738561340652623e+01
-2.448024755421074516e+01,-2.084083161643577142e+01,-1.624577335517147603e+01
-2.217714264396709467e+01,-1.832814529161959527e+01,-1.788466221249158750e+01
-2.432236246150170089e+01,-2.018696888194731898e+01,-1.778856414013744924e+01
-2.908705694062356883e+01,-2.456486811287327399e+01,-2.402271581734048667e+01
-2.866278462867151688e+01,-2.762210515020252899e+01,-2.290745634325940827e+01
-2.485144598991447040e+01,-2.285698654712224354e+01,-2.190928765829881542e+01
-2.107198055729998032e+01,-1.731081495046660734e+01,-1.391041327877939437e+01
-2.227852374345443209e+01,-1.833670408553386011e+01,-1.551785922215281843e+01
-2.205156956689851810e+01,-2.154662884733975048e+01,-1.695780671020750674e+01
-2.127916898710996563e+01,-1.944722437580874086e+01,-1.543087425853764927e+01
-2.182706957419903304e+01,-2.055652599842356310e+01,-1.883386162676513109e+01
-2.329939647169970840e+01,-1.929351061170826753e+01,-1.688754216089501270e+01
-2.317938215778879041e+01,-1.922327285715082112e+01,-1.486641104612986553e+01
-2.137000366215901082e+01,-2.008168771295517629e+01,-1.967694241499889074e+01
-2.828018854918003910e+01,-2.375303421417281058e+01,-1.915440878100200806e+01
-2.264007044616702302e+01,-2.112049345912969045e+01,-2.034991173296444344e+01
-2.307235706339102421e+01,-2.108198870431453287e+01,-2.012172535914066884e+01
-2.340089222438994909e+01,-2.216999113791859699e+01,-2.111304106625737020e+01
-1.494407041432313754e+01,-1.382250427581090690e+01,-1.257074559131828373e+01
-2.426953168619700207e+01,-2.070500269121284020e+01,-1.679731380935024987e+01
-2.734334703303354175e+01,-2.262558270640720082e+01,-1.786224573782915215e+01
-2.786279873401484863e+01,-2.414535747539390442e+01,-2.056997458907228093e+01
-1.724112197037322858e+01,-1.694519090363487024e+01,-1.639430205965690845e+01
-2.273084277775063100e+01,-1.984124155043781457e+01,-1.715945136124419790e+01
-2.272041276174486768e+01,-2.052843896515157240e+01,-1.902554871641975609e+01
-1.960016065436771981e+01,-1.949891104271355502e+01,-1.869744502945426134e+01
-2.440814856119510878e+01,-1.947775624359828228e+01,-1.537387782019651183e+01
-2.277997328390046050e+01,-2.029927856917630891e+01,-1.926639728473815438e+01
-1.858754837987810404e+01,-1.716646957191557377e+01,-1.640763055057304598e+01
-2.465253414705237844e+01,-2.012395554927574892e+01,-1.523445119589752750e+01
-1.776222339294114860e+01,-1.617229807187395707e+01,-1.582150380460445582e+01
-1.981159343896097269e+01,-1.943594951384060465e+01,-1.449589695364963760e+01
-2.000426747413314388e+01,-1.732359233176849145e+01,-1.423017200652644654e+01
-1.335394611831061162e+01,-1.282810895859252653e+01,-9.156141941534489348e+00
-1.524607498408109763e+01,-1.376248107492426165e+01,-1.299805106072943062e+01
-1.533260521354384132e+01,-1.148804553499825509e+01,-7.239883345030829531e+00
-1.968822746048082450e+01,-1.686212142132847092e+01,-1.428483592236091582e+01
-1.924200197368346466e+01,-1.867740555466876273e+01,-1.773438386047281767e+01
-1.852912355994421034e+01,-1.472250200131309583e+01,-1.282591169314436996e+01
-1.975919913321253318e+01,-1.680136893384557695e+01,-1.342302727463647471e+01
-1.931940976445556046e+01,-1.719399575976983385e+01,-1.281219668102966303e+01
-1.942501261495757348e+01,-1.919903839018709490e+01,-1.456584206070166054e+01
-1.940293073676581059e+01,-1.804809767959182665e+01,-1.584034795032480858e+01
-1.454514873250953322e+01,-1.441970186844327095e+01,-1.087589752147411204e+01
-1.422795911655991929e+01,-1.250667850613700871e+01,-8.371445649240182973e+00
-2.046129895081048744e+01,-1.656595008075515096e+01,-1.169498128529266090e+01
-2.166781289358546658e+01,-1.866712216389137069e+01,-1.549690598453255674e+01
-1.914279624323528495e+01,-1.590232424138991618e+01,-1.174250210135779682e+01
-1.768322215303381029e+01,-1.396300444598799118e+01,-1.006956393872156497e+01
-1.577070947135177903e+01,-1.089479190884102877e+01,-8.104385058107322237e+00
-1.860981684895411092e+01,-1.566643286544793412e+01,-1.473677168952706040e+01
-1.523104729223211251e+01,-1.454428030776825054e+01,-1.057088011576069420e+01
-1.978999929352336551e+01,-1.522122170033967592e+01,-1.081615447286775478e+01
-1.695489595904034985e+01,-1.444916991868424461e+01,-1.119771315075219853e+01
-1.423082719648625094e+01,-1.298501901220400256e+01,-1.211168011166879843e+01
-1.686998173180531779e+01,-1.215623005896734909e+01,-1.132662425341843360e+01
-1.303982806502937741e+01,-1.221038331960883916e+01,-8.416315070743486615e+00
-1.441524940914262842e+01,-1.000519135239505886e+01,-7.225964712448790017e+00
-1.545956308678635160e+01,-1.055277758734426108e+01,-7.159654785947776823e+00
-1.592491745927323521e+01,-1.117931452911319212e+01,-1.077813883650354398e+01
-9.434238231186069967e+00,-7.608201260698300494e+00,-4.732347640432898572e+00
-1.372959588861226976e+01,-1.309810385942499522e+01,-1.197499559727618035e+01
-1.656903417960738878e+01,-1.344364892038575832e+01,-9.622425752515347597e+00
-7.600010271195042577e+00,-6.564104308204804283e+00,-3.636402542977296370e+00
-1.141172016022841795e+01,-1.069509250649036147e+01,-9.650390024287000656e+00
-1.487907350387252059e+01,-1.184044240735624065e+01,-9.690286408658124628e+00
-1.721048302667247043e+01,-1.239326020783938453e+01,-8.990223959858047564e+00
-1.115492847290054357e+01,-8.966988715163171975e+00,-4.004649749928978153e+00
-1.363351909519592198e+01,-9.734405247368997038e+00,-9.667556673675555601e+00
-5.956011983709200486e+00,-5.090794247025872465e+00,-4.688525112969485598e+00
-1.390698672082094589e+01,-1.306336278511022364e+01,-1.228892705492582849e+01
-1.102555858013107049e+01,-1.035659384913094527e+01,-1.009338042272843872e+01
-3.473522899164072975e+00,-8.056634843529169032e-01,2.504731942030237857e+00
-7.572077972145420333e+00,-5.072055706649781115e+00,-2.210639987409980023e+00
-6.882462305481391596e+00,-4.350658003829359188e+00,-1.466922272242371150e+00
-1.179492556960187066e+01,-8.073107158608186396e+00,-3.850658006862390792e+00
-6.034817649420485708e+00,-4.279892763202022721e+00,-2.526216941660786031e+00
-5.313472282794981183e+00,-3.232745282843278556e+00,5.176531029252173788e-01
-4.543079985370964025e+00,-3.017301438111033907e+00,-7.228790584468876013e-01
-7.199646064353157016e+00,-2.891878965869216778e+00,4.520838875042705318e-01
-7.146899427985041520e+00,-6.214827204505328773e+00,-2.280687108350829551e+00
-1.395152536361623063e+01,-1.004085341968320932e+01,-9.084995350698527261e+00
-3.900384555933229080e+00,-1.972015433346285818e-01,2.301628667520327909e-01
-7.139791190605500937e+00,-6.205229729533066063e+00,-1.577552165453282917e+00
-6.107066974912684465e+00,-4.798787890896261565e+00,-1.879587119655665717e-01
-6.734688277441200910e+00,-5.996091075324455844e+00,-4.791490495037413311e+00
-7.247545521533257151e+00,-3.638893651540179519e+00,-2.244620443302220991e+00
-1.037152254297638798e+01,-8.394845201554412384e+00,-6.462414795926141764e+00
-1.002999762630736491e+01,-5.725767456310354220e+00,-2.231971781234980412e+00
-5.058414881944507613e+00,-1.802489606476025408e-01,3.005209959127336905e+00
-3.935118189870293826e+00,-2.236264592212756419e+00,1.584878062695065815e+00
-3.645518003157106612e+00,-3.391083692284254880e+00,9.496243483429127608e-01
-9.205732604327252488e+00,-5.288810931110084823e+00,-1.531236288543264212e+00
-9.700050116995651450e+00,-6.808920670089996463e+00,-2.946684830003222011e+00
-3.791798355863480907e+00,-2.661689259077120173e+00,-5.182007016469483140e-01
-4.894693704918168464e+00,-1.401204947668886147e+00,2.011691543808085125e-01
-1.839243766213798814e+00,-1.098362593880471305e+00,7.157911954526747778e-01
-7.648186546047481826e-01,1.099687820707575980e+00,2.809169947485363750e+00
-3.305695362019100969e+00,-2.022134952884647952e+00,-1.497299742479079931e+00
-5.164238312736925351e+00,-4.388554620829869357e+00,-3.936111108709625217e+00
-2.681044181520969349e+00,1.923167652960071083e-01,4.907471173615064686e+00
-5.904172430479182054e+00,-2.377402260859308836e+00,-9.591269825061568000e-01
-2.549904104994711318e+00,-6.624161229100815618e-01,4.167181176885986993e+00
1.985108479653364011e+00,2.061558415333060168e+00,2.947432789980799939e+00
-1.231700781543207501e+00,2.021798941824132445e+00,4.239635794030810700e+00
-1.788179613513884769e+00,2.145379638857274340e-01,3.311229942497741163e+00
-2.994797139696236954e-02,3.611160021632906059e+00,4.924586702623326318e+00
4.765577752917494969e+00,6.578782476452436079e+00,9.309446514738795031e+00
4.049350465906911722e+00,4.592701993708676156e+00,7.849494289430289484e+00
1.176964844597621074e-01,2.630612776019116694e+00,3.535112016618366049e+00
3.746708300468965191e+00,8.122368985299004862e+00,1.254110604297443032e+01
5.700460016477308045e+00,9.293000465201334492e+00,1.280269245143711743e+01
5.569402808477006417e-01,2.933364369594151810e+00,4.015703597066059061e+00
-6.549006212203445365e-01,1.668087551346859154e+00,1.694439078806828203e+00
4.834819450786577377e+00,8.716039495126979730e+00,1.035065324419201716e+01
6.601381116860881804e+00,9.751810419181994760e+00,1.323822852799360561e+01
2.660979217277558817e+00,3.902207265964642513e+00,5.306781448288789171e+00
-1.406594014829894768e+00,1.302851252840885543e+00,3.346678163122690730e+00
8.110902548649816524e-01,4.518048189176191443e+00,6.913306225131465865e+00
1.049606127411780854e+01,1.101501299210787010e+01,1.486159633855601392e+01
1.416493993023205666e+00,1.840514958687018421e+00,2.596910044581077770e+00
1.577786427068478492e+00,4.253394434412506975e+00,6.539441370008524324e+00
4.772081352578407376e+00,4.821483929810908009e+00,7.813961323389133184e+00
4.316386280513502705e+00,4.862099015151838621e+00,6.925213366495033718e+00
2.578691027580517936e+00,4.855656894337756491e+00,7.598313896819593793e+00
1.149732244896664568e+01,1.180216216068501822e+01,1.255730900846672782e+01
1.343362206765180922e+01,1.346779788953071844e+01,1.566556824887184973e+01
4.466739327095067935e+00,7.122835818118369744e+00,1.145382536764186199e+01
6.447660583401834344e+00,9.184142034921254805e+00,1.064758897515527636e+01
6.395197157777744223e+00,8.420392699449346097e+00,1.119925565695467817e+01
6.026235034785278444e+00,1.027594246936387812e+01,1.286263463196690893e+01
6.879013958536223328e+00,9.630438819343103418e+00,1.391371342931165955e+01
9.382971060714336176e+00,1.092825231390886742e+01,1.223282437125963895e+01
7.656406585003423970e+00,9.940429733394395839e+00,1.020210361396110166e+01
3.298419281513558232e+00,8.144814308361169708e+00,8.369750095576106830e+00
9.568507708373797271e+00,1.322842015030103724e+01,1.437414075268671532e+01
9.098231015200919813e+00,1.040072458922692000e+01,1.114717775805825717e+01
9.310575255259038840e+00,1.276979493085152306e+01,1.578174355736285683e+01
1.387030025997718496e+01,1.437429266583856524e+01,1.825361977284876147e+01
6.643861702422769966e+00,1.141988581659899005e+01,1.538138844534005401e+01
1.218697715413716232e+01,1.409639700243429772e+01,1.687060419929876787e+01
1.401042990788043241e+01,1.470083349781022974e+01,1.531064366617010997e+01
6.738005177234313692e+00,1.044010835123692615e+01,1.409479614288229143e+01
5.725366097698747936e+00,9.374372617529919793e+00,1.171283578067905040e+01
1.126970118363636431e+01,1.339367717887160758e+01,1.715441100662604157e+01
7.139859594613433558e+00,1.030868882456870317e+01,1.338945318964756481e+01
4.214437635098320811e+00,7.337742047718727179e+00,9.772436606146495564e+00
6.828455116095472732e+00,1.001305328529558203e+01,1.249012637743182452e+01
7.646655550324961581e+00,1.077074268114813549e+01,1.103577996763924318e+01
8.228484698492685823e+00,1.055314049072289428e+01,1.264110122208314735e+01
9.089874818880964824e+00,1.353199468951385320e+01,1.629199733448023579e+01
9.488068033218324260e+00,1.169245625014501933e+01,1.602894829600109361e+01
1.192771142035616627e+01,1.363086881715084964e+01,1.681255827996778152e+01
4.480413684828029375e+00,8.348409550874087870e+00,1.160461702589928557e+01
4.651547696106576701e+00,8.949058205705540558e+00,1.254427234306519523e+01
1.052563003387728457e+01,1.199252925123230540e+01,1.556767574368100782e+01
1.033776063141335655e+01,1.231534316136100848e+01,1.627935642000141669e+01
1.027795778867382381e+01,1.172049241684697130e+01,1.345113312077346635e+01
9.035373972079494109e+00,1.368386774338371659e+01,1.849079502439099798e+01
1.242981943932092648e+01,1.626277966732118685e+01,2.081225098854571343e+01
1.455234729267528415e+01,1.660014441339972535e+01,1.889026170249995218e+01
1.232199349559260959e+01,1.256399662727865163e+01,1.444725467053695667e+01
7.578101376605529182e+00,1.002413128323534153e+01,1.173259232027923282e+01
8.095992859649678408e+00,1.081555343696012450e+01,1.197830414353756545e+01
1.428784572545023579e+01,1.570580817939412732e+01,1.984326867484580248e+01
9.922004937300993532e+00,1.104822820174875986e+01,1.517456649518894984e+01
3.936784235733511661e+00,7.604385968270888974e+00,9.897629937482058438e+00
1.066854397104653174e+01,1.211972054512788155e+01,1.581930991851204382e+01
1.432019083698919637e+01,1.519991384594037598e+01,1.556445991685177077e+01
1.003243736844084744e+01,1.070165644791533666e+01,1.116120145803797570e+01
2.198146022713980408e+00,7.123400362817460696e+00,7.173663573884561551e+00
1.379538562631088183e+01,1.714062844018962295e+01,1.960876740532324547e+01
1.732182488605130288e+01,1.750324788026973977e+01,1.858786158629580854e+01
1.490112795923636035e+01,1.546035218897796071e+01,1.707286515549436956e+01
1.558971132711831942e+01,1.613013078421332835e+01,1.679879823374756853e+01
1.120445310577810183e+01,1.164459277399305037e+01,1.552493402886685914e+01
9.880230985710685587e+00,1.427875414813043520e+01,1.859518402800598125e+01
1.308594313231995621e+01,1.335758528830063874e+01,1.753260571152047476e+01
1.005072428487428304e+01,1.465375187956923142e+01,1.496283686597648632e+01
6.313036186153993867e+00,8.640917053036536899e+00,1.032202378087876227e+01
1.557929592419601228e+01,1.624843030104871389e+01,1.820089000925101885e+01
9.838132073144164380e+00,1.437091773125711924e+01,1.747489825812905551e+01
5.547594282532340770e+00,8.129113213594731491e+00,9.244765456140656923e+00
1.692973963191195352e+01,1.884128750030115285e+01,1.927108328576043661e+01
1.308110077376217717e+01,1.461539154836314758e+01,1.628340126178982317e+01
1.466688131420725227e+01,1.648204915463994524e+01,2.079891945286266974e+01
1.017572914825124997e+01,1.417872213439420115e+01,1.464262736662971065e+01
9.018429681551465293e+00,1.041077285031653155e+01,1.259941516615142199e+01
1.387563788422765576e+01,1.391448814542298962e+01,1.674781057065599654e+01
7.940782429028748979e+00,1.050315413179695767e+01,1.120455911182964215e+01
1.251203311467673629e+01,1.518706228269571490e+01,1.642952537638876365e+01
7.180576899525982881e+00,8.703656362859595319e+00,1.266058973432749291e+01
1.319023659853123576e+01,1.393824433282671826e+01,1.594024175939487264e+01
1.060240885939963640e+01,1.356038219788482024e+01,1.515894062892977168e+01
1.091902792027548230e+01,1.514833934696225093e+01,1.680356528765358348e+01
5.736438019986925596e+00,6.782019984047883199e+00,8.209808290237226913e+00
1.251692672014689300e+01,1.443578112098088084e+01,1.579704599292976042e+01
6.273155054360331384e+00,1.015557604060315988e+01,1.314103271680093954e+01
8.262221105596154302e+00,9.337729604321832966e+00,1.048406088613378628e+01
3.421134223446806288e+00,8.278104132628048006e+00,1.300761817228784878e+01
8.207094401772909720e+00,9.459615490962528739e+00,1.335331882823489558e+01
5.146847579410104956e+00,8.563768476234868032e+00,1.192471663086179134e+01
1.178588810163208578e+01,1.345376911349247351e+01,1.385436970652786570e+01
7.893118139860569649e+00,1.262109759827623812e+01,1.482418858969798237e+01
2.951936857598750130e+00,6.912826815612779008e+00,8.724379118527741284e+00
1.017370320923714999e+01,1.057405436702486945e+01,1.083647424631431733e+01
9.613701845406295021e+00,1.154561729581140561e+01,1.476546122641639514e+01
1.050910975191655083e+01,1.492414306052183726e+01,1.736248632204376463e+01
6.859114294089712516e+00,9.888518084903587635e+00,1.119763012015209824e+01
7.181944899439468344e+00,9.430143794777547939e+00,1.333871259640872253e+01
1.125169319613593721e+01,1.175261563937434595e+01,1.665295872979437775e+01
1.009904833492795007e+01,1.176840439773053859e+01,1.373021615166809184e+01
1.144567198425156640e+01,1.180063059735597086e+01,1.196599870425666268e+01
1.088324151197776857e+01,1.205951939075964496e+01,1.684516545745290728e+01
3.854886730583521270e+00,8.451450461348038345e+00,1.201888173296874740e+01
5.365951240013620449e+00,6.389370840303970844e+00,8.168139801283492929e+00
7.575004489978661049e+00,8.164951956522068954e+00,1.074667738081940982e+01
1.240000225445914239e+01,1.310103319640321828e+01,1.493829560597760420e+01
8.440607598108348597e+00,8.949835353887962697e+00,1.045005509626125040e+01
1.013651180966871479e+01,1.328345260771956227e+01,1.440266838280069450e+01
4.947739711251101014e+00,7.543777587572813914e+00,9.992682112472909495e+00
4.577325675288795637e+00,9.432247546954263484e+00,1.058524676609704507e+01
8.930437526473420817e+00,1.278205715725860081e+01,1.589017873741283182e+01
6.929119494646169386e+00,7.713996659480717888e+00,8.446452076118328378e+00
3.948978813562151302e+00,7.030901980358487791e+00,9.935342663395852369e+00
6.391935518561652430e+00,9.622224334187309935e+00,1.270289169690244435e+01
7.369983125033260585e+00,7.466030378002021628e+00,1.169630008827567025e+01
7.597915364676381955e+00,7.882775129508302392e+00,8.599386871968309976e+00
7.458791390901716056e+00,1.100468301463473964e+01,1.523789572784988167e+01
1.022747521583895747e+01,1.081981489130337337e+01,1.394749223812251770e+01
3.334411394566542342e+00,4.046944748160014704e+00,7.459914383935538851e+00
2.020970517986935278e+00,5.654668302067485719e+00,6.807218304417361310e+00
5.888983963272252709e+00,8.448289581799915737e+00,1.282808518843992118e+01
-1.218672637757349797e+00,3.431805628394594798e+00,7.862969305208045157e+00
5.206851157723677126e+00,7.171229037977633780e+00,7.700801341395965949e+00
4.234944369673641518e+00,8.103752082334125362e+00,1.084645849359458225e+01
1.289155081940368541e+00,3.037350095568234210e+00,4.997868031158601454e+00
3.318673718885453816e+00,5.248486391556202335e+00,9.384371743750328676e+00
8.046177526044221651e+00,9.185195427192619277e+00,1.093350680224257587e+01
3.596788153210117578e+00,7.395505591772549181e+00,1.221903929267348587e+01
1.036871203025387267e+00,4.174984900776564700e+00,4.280480898802454526e+00
6.278446680776330169e+00,9.160117298412787434e+00,1.099298356571445900e+01
6.369713641793618208e+00,9.384582139958098423e+00,1.182803711557012072e+01
6.081090087009044964e+00,7.908894654470715047e+00,8.323050821003409538e+00
1.508660320634589880e+00,6.315930774819915605e+00,6.979049621371659740e+00
3.719820581139166471e+00,6.988023635786850818e+00,9.474575500293676455e+00
-6.021485002518809360e-01,1.289661940848080945e+00,1.354229594600511177e+00
-1.898087947906273998e+00,1.954700130569065886e+00,4.478682776369434571e+00
-3.256100420729548972e+00,-2.711756124882973573e+00,1.251596333067946265e+00
5.162959631434866914e-01,3.159475065949570727e+00,7.767305134343474471e+00
-1.005908418017058281e+01,-6.538212992441005511e+00,-3.118611027712650419e+00
3.089184322441429043e+00,4.646308366522877265e+00,8.660497886236319331e+00
-3.150995782741601303e+00,1.154063672530977636e+00,1.969987195427876703e+00
6.776358473741406208e-01,3.833306407160300022e+00,8.778058478462135383e+00
-4.500111368996847716e+00,-1.066174442001732725e-01,2.975054745637653930e+00
-1.494412786586222786e-01,3.847590712069006158e-01,1.084024380713721980e+00
3.940449429174974760e-01,2.108661420496839689e+00,5.618648540892012377e+00
-2.193489400714827120e+00,1.240894893394232090e-01,3.424187632403492554e+00
-4.647500641483077288e+00,-2.333850177159271233e+00,2.051633225495006485e+00
-6.582493553389788588e+00,-2.944852529975336086e+00,-2.617200227962911185e+00
-8.564547588284576740e-01,8.379106096080568555e-01,2.038569946393854693e+00
1.820280327231896145e+00,2.115773000461469433e+00,2.674115107944104341e+00
-1.067183044895081423e+01,-5.842283731141582948e+00,-1.799109282870801074e+00
-3.860817415599544944e+00,-3.089678391446203598e+00,1.874039969424381447e+00
4.033446008372333358e-01,6.259533733044682080e-01,4.700738579062526235e+00
-7.701648930211172583e+00,-2.994563368609146181e+00,-1.404129033511216207e+00
-5.874478294398011613e+00,-1.330080922585818115e+00,1.149427716631219454e+00
-2.887926728853616787e+00,5.636685500937690385e-01,3.467957949961405273e+00
-6.358271077724693576e+00,-1.657423640122725139e+00,-6.951779706235868828e-01
-1.025917787655793134e+01,-5.522628397889610241e+00,-4.962012344936200137e+00
-5.257813475419284899e+00,-2.886480923629522799e+00,1.520832871762307192e+00
7.930344699121683050e-01,1.350623944125612930e+00,5.350838555692603471e+00
-8.827018270447245740e+00,-6.747710645033043519e+00,-3.782737670161536059e+00
-1.124444805075824583e+01,-9.356807414521966848e+00,-8.484231912729002900e+00
-2.484601649066158213e+00,-1.982165042339063099e+00,1.792825536992639357e-01
-8.436800001627791090e+00,-5.258005392776021303e+00,-4.747751122328970119e+00
-1.293242854576433487e+01,-1.005279903910884087e+01,-5.086132145644944202e+00
-5.650324100051514087e+00,-4.650415129401164194e+00,-4.051938635604939165e-01
-5.530172047629867471e+00,-2.265952466511278907e+00,7.294258645627547111e-01
-9.183658551291241423e+00,-5.542797373808792116e+00,-4.193262076254615778e+00
-9.960675135381855227e+00,-7.828787280104521074e+00,-6.994996478316376276e+00
-1.104131438447595492e+01,-9.805565311641787574e+00,-9.674647841363773537e+00
-1.104649415863850415e+01,-6.289969515335698702e+00,-2.251202543702927272e+00
-8.179172924908595377e+00,-7.259552513059395196e+00,-4.747632558258519708e+00
-9.943197646186273886e+00,-9.067841703105910867e+00,-7.413692767017714402e+00
-8.902277735971081185e+00,-5.290042764119205820e+00,-3.612485827302117869e+00
-1.231201618613569870e+01,-9.783479499671205559e+00,-8.734350858186621380e+00
-9.817816129724011631e+00,-7.317351219138329199e+00,-6.104565746266677806e+00
-1.261712235918768421e+01,-9.259721516635003979e+00,-7.479974171526720284e+00
-1.551619493553850049e+01,-1.295324189574335350e+01,-1.111790642839406296e+01
-1.091906279690724979e+01,-9.473556255909828749e+00,-7.135017062393968601e+00
-1.192772609215647606e+01,-7.520211438369673651e+00,-5.611557569666759449e+00
-1.255278933611627323e+01,-1.084690635512804491e+01,-8.925423871477427440e+00
-1.319187077266243335e+01,-1.028588656513022670e+01,-9.052889892368957803e+00
-1.257943752587595121e+01,-8.312964505935969584e+00,-4.481665774713761152e+00
-1.372844867760459309e+01,-1.354565093273295062e+01,-1.277461346615211468e+01
-2.193398396067513545e+01,-1.888210658938693598e+01,-1.699398294741017068e+01
-1.307223474165065014e+01,-1.076577890208969102e+01,-8.582833014587032849e+00
-1.737986750594625818e+01,-1.381412130611473721e+01,-1.257947418261931816e+01
-1.271188207520111391e+01,-9.424487069975757692e+00,-4.845752646392052831e+00
-1.519394891191970132e+01,-1.215407671691836811e+01,-1.006501216121608344e+01
-1.360116027693842966e+01,-1.327416452038430172e+01,-1.296545960272236186e+01
-1.505626899341644886e+01,-1.155069250899259359e+01,-1.080223199819553415e+01
-1.913074521224993774e+01,-1.761726875611125109e+01,-1.525463934973257807e+01
-9.636012889636708323e+00,-9.631794723691339044e+00,-9.010235099011389082e+00
-1.389664163770146033e+01,-1.150530714869540638e+01,-1.077940762441962619e+01
-1.463442765875309348e+01,-1.156562994864476401e+01,-6.810568664789498072e+00
-1.416064835399737198e+01,-1.378736053752339252e+01,-1.224738483951648327e+01
-1.617833984849883322e+01,-1.527670646349317884e+01,-1.108567032164615895e+01
-1.727820779271161911e+01,-1.335776971540829905e+01,-1.308695048934256988e+01
-1.816096558192398902e+01,-1.557270093794605259e+01,-1.342009024273195905e+01
-1.617112884174851928e+01,-1.595814073709554570e+01,-1.522470605185183246e+01
-1.414453076843793511e+01,-1.208824501481952751e+01,-1.038183411567254666e+01
-1.831337589280030542e+01,-1.687888112877131874e+01,-1.648787333033788371e+01
-1.998011111728074241e+01,-1.558933302961861322e+01,-1.387035850870141296e+01
-2.019054456781404383e+01,-1.790743786799433579e+01,-1.566200189803135956e+01
-1.540872552353113001e+01,-1.518330017561573442e+01,-1.297566893888695816e+01
-1.756054145560709401e+01,-1.514050513824590816e+01,-1.348314771990140315e+01
-2.194113560680665032e+01,-1.850901735056966046e+01,-1.401983502122228487e+01
-1.909606269000172674e+01,-1.837120755356193769e+01,-1.387793817117919914e+01
-2.064997270211294733e+01,-1.863293553709110384e+01,-1.844538949694522145e+01
-1.900987882517316763e+01,-1.638287163542141656e+01,-1.393225511215805312e+01
-2.169256223652020310e+01,-1.706929172076205248e+01,-1.525924629390305931e+01
-2.376604926754084346e+01,-2.221549838819731804e+01,-1.860407612912034381e+01
-2.291400172125072032e+01,-2.087219203382220201e+01,-1.625750361626929674e+01
-2.517795023889908990e+01,-2.027736280652523604e+01,-1.973725807176288427e+01
-2.095330980334672333e+01,-1.940511077185603028e+01,-1.927807022202902587e+01
-2.253519278448771246e+01,-1.950701110116349923e+01,-1.687116929204312044e+01
-1.715610097568744052e+01,-1.613588359361383695e+01,-1.437700228206458064e+01
-1.844592247148318265e+01,-1.780243237126951428e+01,-1.705590241035606880e+01
-2.892098296373202615e+01,-2.647291779317216509e+01,-2.207195687684061269e+01
-2.481089981731140170e+01,-2.232320807292969178e+01,-2.113331201538960968e+01
-2.597934137269585264e+01,-2.204638042052165048e+01,-1.800428693489939036e+01
-2.767423520031355721e+01,-2.411385260566583000e+01,-2.269369031527600811e+01
-2.662075725243974844e+01,-2.398422071022714164e+01,-2.289524513063632583e+01
-1.775172793840604157e+01,-1.313874767615720174e+01,-1.204903149588242783e+01
-1.814962338877301562e+01,-1.691142983588496662e+01,-1.522538927174739598e+01
-2.241477115559697708e+01,-1.878587623137714147e+01,-1.563579323507300600e+01
-2.206015464524622161e+01,-2.074947227932976901e+01,-1.969308095902542988e+01
-2.608019785186968775e+01,-2.415239791663071500e+01,-2.361122618276950647e+01
-2.370887489254869251e+01,-2.046213298080333942e+01,-1.724285804473033679e+01
-2.309183690787433463e+01,-2.271965707801221512e+01,-2.108344910525153892e+01
-2.856916958819320485e+01,-2.402827223637747522e+01,-2.396168364846136001e+01
-2.918503313140160316e+01,-2.440532607639275398e+01,-2.388038329137247473e+01
-2.672295660750804203e+01,-2.472237421606131846e+01,-2.358440004439797733e+01
-2.998348765695747531e+01,-2.647239990953691802e+01,-2.328381365181109430e+01
-2.459952378233188597e+01,-2.044559096621303240e+01,-1.715031159068614741e+01
-2.841165429481308280e+01,-2.389451721356604708e+01,-2.245076876455672021e+01
-2.186087310984091303e+01,-2.045044243885252300e+01,-1.664019870087384589e+01
-2.421491321248827688e+01,-2.017247991287545972e+01,-1.877899051865733782e+01
-2.451808982299241890e+01,-2.140918938107543212e+01,-2.045697604797453906e+01
-2.510186184933283116e+01,-2.018936235006539093e+01,-1.856870599950477185e+01
-2.593268994204987266e+01,-2.180588448790572542e+01,-1.831538366627680503e+01
-1.685616541947563363e+01,-1.665914565211384968e+01,-1.169149934179272421e+01
-2.420383514434046646e+01,-2.193210601934565673e+01,-2.130351444904750124e+01
-2.106304251269241234e+01,-1.772992952832454350e+01,-1.598786445067461948e+01
-2.169498243613009336e+01,-1.928826289917248360e+01,-1.734641962615571842e+01
-1.832480341795600154e+01,-1.763825134140811102e+01,-1.461665203417368986e+01
-1.912055971700744905e+01,-1.673644648022257186e+01,-1.525480401877974401e+01
-2.685203750340499695e+01,-2.485023596769771359e+01,-2.470022478634441043e+01
-2.744427089347377802e+01,-2.297283587167333962e+01,-1.911578304586953791e+01
-2.255774245451311089e+01,-2.248778194956791054e+01,-2.138755032991548788e+01
-2.647750053664685055e+01,-2.210367269247258548e+01,-1.983034410225786104e+01
-1.842233691334997658e+01,-1.678728787620986651e+01,-1.293307798379924733e+01
-2.218431333068132005e+01,-2.197386973517411946e+01,-1.744100639520237550e+01
-2.200362215076247097e+01,-2.200268928937269308e+01,-1.703285750487477657e+01
-2.448364105380112576e+01,-1.970334454954172543e+01,-1.812066609517927063e+01
-2.407882484244509058e+01,-2.179103382423627977e+01,-2.077458972556670247e+01
-2.597031848495824846e+01,-2.129625164388190939e+01,-2.058189673149805898e+01
-2.259978561224112781e+01,-2.051831290216310322e+01,-1.814434649824489654e+01
-2.507830825475637226e+01,-2.088810959087166097e+01,-1.825147562034432625e+01
-2.614155315584814332e+01,-2.327989329012985564e+01,-1.858270203434706502e+01
-2.079632146029472750e+01,-2.016592246099633812e+01,-1.888953101025720116e+01
-2.471471771079287549e+01,-2.090415059797854269e+01,-1.627264484108716047e+01
-2.447740623723237974e+01,-2.157092693092531377e+01,-1.779801032819783302e+01
-2.469414357874275368e+01,-2.202093584954274164e+01,-1.758069387273451412e+01
-2.150767682178516438e+01,-1.841493504981389151e+01,-1.744404756931242773e+01
-2.435130250801736906e+01,-2.351661022542748825e+01,-2.274466266743602461e+01
-2.308239548191629353e+01,-2.084887954200268112e+01,-1.771954558926836754e+01
-2.285839982572959883e+01,-2.156280052762606303e+01,-1.847178674875218007e+01
-1.846988372468633344e+01,-1.436722803485418964e+01,-1.053579989004806805e+01
-2.140546195661690021e+01,-1.742049632406750348e+01,-1.608776270080714710e+01
-1.861937419217049694e+01,-1.588657935147783995e+01,-1.435512271363259984e+01
-2.537277318980225616e+01,-2.144464092341299732e+01,-1.884036778726875028e+01
-2.766515197825270533e+01,-2.315455406657704529e+01,-2.223062043726462989e+01
-2.205216204618581699e+01,-1.876732457079290128e+01,-1.482247746001960209e+01
-1.620054805959598099e+01,-1.577526901891945954e+01,-1.096352527194746074e+01
-1.954099692416795264e+01,-1.522373668235914579e+01,-1.099053411799637203e+01
-2.553343586826261813e+01,-2.340428606853084403e+01,-2.286878846770564877e+01
-2.193887674516894037e+01,-2.116040688382364365e+01,-1.741059549322246980e+01
-2.221765251044186229e+01,-1.919581702441019289e+01,-1.820745461163171086e+01
-1.550965012028443901e+01,-1.226331820542796436e+01,-9.616861949114309027e+00
-1.815925007413969894e+01,-1.356731121062871281e+01,-1.112072132018889903e+01
-2.745928245733252737e+01,-2.603843884425415567e+01,-2.533242597859465306e+01
-2.151767927179734841e+01,-1.770369456362468341e+01,-1.488023974166614138e+01
-1.722091449016236808e+01,-1.693379477992931470e+01,-1.446084562439913768e+01
-1.536948475794940983e+01,-1.206474203227271502e+01,-8.537253428371478492e+00
-1.617977934084047220e+01,-1.536215701026408098e+01,-1.220373879824507313e+01
-2.204336101778573465e+01,-2.086800524048248917e+01,-2.057417378671648933e+01
-1.991670811789760620e+01,-1.520500334861744030e+01,-1.037599638955601300e+01
-1.467941595356030859e+01,-1.365642295644768112e+01,-1.280181881362265628e+01
-1.803578344269519462e+01,-1.666461049069458511e+01,-1.634520773106308056e+01
-1.727776103311276046e+01,-1.607778877073385715e+01,-1.532662587677206112e+01
-2.159581878861303395e+01,-1.763935821057635422e+01,-1.644696958280118082e+01
-1.566949108099333010e+01,-1.286610240510556835e+01,-1.124196603155544949e+01
-2.420163894716044695e+01,-2.160936946205969633e+01,-1.845682043391095206e+01
-1.992583707291309025e+01,-1.558918366530268784e+01,-1.405508310249128456e+01
-1.498122622179199226e+01,-1.171827466987324584e+01,-9.296142269085155618e+00
-1.650897474235802420e+01,-1.262928674615266189e+01,-9.088254729487017514e+00
-2.003095339740935543e+01,-1.776084576771501133e+01,-1.441032943063477845e+01
-1.742473312376777628e+01,-1.727084489200075623e+01,-1.544762963027997493e+01
-1.416698013978083459e+01,-1.353555213261140189e+01,-1.096724372991037733e+01
-1.267165376078812855e+01,-8.877829981330560116e+00,-4.846036176033684306e+00
-2.137877333896169318e+01,-1.754833853202697114e+01,-1.482679787238874880e+01
-1.032342650759764524e+01,-9.428840480734628215e+00,-5.397764490039318019e+00
-1.619088213264916476e+01,-1.267505085463765901e+01,-1.125032138162193718e+01
-1.665957335930785632e+01,-1.466213169297931529e+01,-9.831518947885971471e+00
-1.310975176352959082e+01,-1.116533423299561889e+01,-1.094179633588188594e+01
-1.943174654662284695e+01,-1.489892416167704781e+01,-1.201914511698683974e+01
-1.448163955742510467e+01,-9.652103692602363338e+00,-8.781448451691334256e+00
-9.260526019131290809e+00,-6.570532733634863121e+00,-2.732643478663499437e+00
-1.438773085432747934e+01,-1.278004032022552927e+01,-8.122202106535461041e+00
-1.554156581036360762e+01,-1.470524750613005693e+01,-1.247424083054449362e+01
-9.728364642348557467e+00,-9.706743586668309831e+00,-8.238447313696603658e+00
-1.005881483786144770e+01,-5.267326183007646989e+00,-4.227285257952132724e+00
-1.440687695886579434e+01,-1.375740226193703819e+01,-1.277902571281144617e+01
-1.918053035618988744e+01,-1.533850721686216723e+01,-1.407876376230199078e+01
-9.356803886788135571e+00,-6.924169094026869864e+00,-3.840098972797772348e+00
-1.321781788541459512e+01,-8.753298192144530532e+00,-3.949879190547943786e+00
-5.933139813758085523e+00,-4.124934473338123908e+00,4.305952031109772093e-02
-1.222308286879295025e+01,-1.050751002860647532e+01,-6.517239601659813530e+00
-7.614728555035638280e+00,-5.864075206088488201e+00,-1.361255355645197618e+00
-1.181986719979326139e+01,-9.720970552548461541e+00,-4.732047707130318415e+00
-7.450073066171712277e+00,-7.256308770577401646e+00,-3.968389860159721838e+00
-1.339070804049834962e+01,-9.000438531279863597e+00,-5.178638919609242386e+00
-8.258541788765970892e+00,-4.322217790001391613e+00,-3.784483039536635562e+00
-6.724027607563969333e+00,-6.449558513930869097e+00,-1.643256690170969314e+00
-7.253131165086944776e+00,-3.962456196906630090e+00,-2.054115532157049451e+00
-5.003934425336533209e+00,-4.189310845545000106e+00,-1.773605730643848410e+00
-3.121579044169839001e+00,-1.956967367870340979e+00,2.115243502148602239e+00
-1.560631431781921563e+01,-1.184830463586900429e+01,-7.177980724084963349e+00
-8.688254245007364318e+00,-4.259562097863311081e+00,-2.263324691284707590e+00
-6.326449352075902866e+00,-3.637512929275243501e+00,-7.347780018769993760e-01
-7.205844343644510985e+00,-4.958088082025170706e+00,-1.717751490960121252e+00
-7.630131235748306651e+00,-7.232318015890399465e+00,-3.820559264103924768e+00
-6.832939355376384860e+00,-6.600027153549541836e+00,-1.769235177231721856e+00
-8.091851717346258965e+00,-4.946569919288759110e+00,-1.695307529266014690e+00
-6.063749208587783102e+00,-4.220214528224389916e+00,-3.470969879039649264e+00
-3.285369540479406325e+00,1.113483072745967029e+00,2.228443559318900924e+00
-7.024525246733738904e+00,-3.510951424945343291e+00,4.278091859267725283e-01
-2.848953485999503155e+00,-1.897888624160999349e+00,3.050227085296365104e+00
-7.682851197550167655e+00,-4.782362222215729375e+00,-2.266812241335322220e+00
-5.427317537330359265e+00,-4.826703605046206214e+00,-3.382588642147200453e+00
-3.377265143714007767e+00,-9.168778540730504467e-01,2.856252661502398205e+00
-6.287674677200540074e+00,-4.500669521070648216e+00,-5.274476372540859437e-01
-8.606634509223095364e+00,-4.035899198811669031e+00,-2.661935839552674654e+00
-7.204176872123962738e+00,-3.971080617563464976e+00,-2.899115363225118092e+00
-2.774575792659089934e+00,-2.008082248312768492e+00,1.074388071009697576e+00
-5.283806619650100345e+00,-3.186774473910049199e+00,-1.067157503314764888e+00
-6.799125165443022922e+00,-5.038368455055552531e+00,-1.902746322714525817e-01
-4.926956504662115321e+00,-3.086674515245696249e+00,1.545407820342362015e+00
-5.943967216024447886e+00,-5.204165475469798352e+00,-3.571407499144650277e+00
-4.350530672746044658e+00,-1.039675319952733323e+00,-2.907722346830501348e-01
-3.748240218546084801e+00,-3.010982851180602271e+00,1.499594951167411150e+00
1.387062544980328216e+00,2.875030375916877379e+00,3.645790642014476557e+00
-7.869082106778447772e-01,1.138509896862653914e-01,2.939727608809517889e+00
-2.367705538164887269e+00,-6.729835019894372383e-01,2.703098758207383767e+00
3.549498705759862816e+00,4.862345880296722100e+00,9.160672850131980738e+00
3.154963255620574003e+00,5.353224484727806320e+00,8.982314283031382018e+00
-2.123048378960038285e+00,-2.037103820087394990e+00,-2.010637307099611082e+00
-2.061289682957121450e+00,1.908495316564768229e+00,3.811037634383597883e+00
-1.537551789688915926e+00,4.517706841381405880e-01,2.876918981313808299e+00
3.156356043298611969e+00,5.945498331104199785e+00,8.651191939856651913e+00
2.309912836795455782e-01,3.312428123114567580e+00,6.923292894015277810e+00
-2.121986306453545801e+00,1.663505708362740698e+00,6.430478780180381548e+00
1.035785955928507196e+00,4.410257521235169342e+00,7.769068193023294100e+00
4.107204986709910521e+00,6.607521210314873272e+00,1.103631882003499065e+01
2.375726274760299184e+00,3.131430511280165252e+00,6.551497808689315860e+00
3.429204501410613837e+00,6.774591156848551066e+00,9.609665649613953420e+00
2.535717049976623727e+00,4.779284362038112022e+00,7.039207382613668962e+00
2.747265227207441818e+00,4.329463596681996762e+00,4.976205973312153752e+00
3.508374819467246830e+00,5.018819701989251314e+00,6.664698866568388169e+00
-1.395413318358849519e+00,1.831872206449138840e+00,6.424315639019900104e+00
1.561845365443476963e+00,3.144964483094155661e+00,4.281942103725226545e+00
2.026992940521926023e+00,5.167533619432710168e+00,9.948547356176550949e+00
-1.293183830653165334e+00,2.672841057419873323e+00,3.662716971626065465e+00
5.356698161366029609e+00,7.322535916869060024e+00,8.433569363429912258e+00
6.459034034971734783e+00,8.901468708340729563e+00,1.007873552384599947e+01
8.705816421073624412e+00,8.895207816569323356e+00,9.412461138854881781e+00
1.037398548828942957e+01,1.135969797346847443e+01,1.230822042595794663e+01
8.079407592146642614e+00,8.818204061087161705e+00,9.254883343602623214e+00
3.099448064658709256e+00,7.531369864616390686e+00,8.773887727360724753e+00
8.106702085500776533e+00,8.482809287027585299e+00,1.269271306711671343e+01
1.099943583045835105e+01,1.273117160347019805e+01,1.538111519730150434e+01
2.703047507856635168e+00,4.807914478562138605e+00,7.645150548207530150e+00
1.105480214586850529e+01,1.131671653114029397e+01,1.219613505034046597e+01
4.513302337198237701e+00,8.537149506198478122e+00,8.953246181136329085e+00
5.920314413981843771e+00,6.165391198246338966e+00,8.818311234460399106e+00
1.444438816148894844e+01,1.481196491058758191e+01,1.726638723796266817e+01
7.358409677519365921e+00,7.743445444131049626e+00,1.230050483157387120e+01
4.664701903597949340e+00,5.822494681656069204e+00,9.363968464163946237e+00
1.153768377591411287e+01,1.365484936753949796e+01,1.708045356925033786e+01
7.312371848887854853e+00,1.165934360567839079e+01,1.379433549593771957e+01
7.936336663396068580e+00,9.248526008583622726e+00,1.255025020687671500e+01
3.451166980917976801e+00,5.417267182898966915e+00,8.423361620244634196e+00
8.098416014573020405e+00,1.046182692062343200e+01,1.340627307819921654e+01
1.305271702041682857e+01,1.374276726941939586e+01,1.381284257793642034e+01
8.189279934509656300e+00,1.242496087426325424e+01,1.704466100908832971e+01
9.993503689203704354e+00,1.146952075566201046e+01,1.449662294959354725e+01
7.807424956236111768e+00,9.492268737176647875e+00,1.091910876289490773e+01
7.827371635411187967e+00,1.087809781212898130e+01,1.430921629921539306e+01
5.971335192050407414e+00,1.092944688717751411e+01,1.276058616511525123e+01
4.274952949517995648e+00,7.249293066644556305e+00,1.028041803495280604e+01
5.469487634202414128e+00,8.208248500480587850e+00,1.070746828149323449e+01
5.772653452691428377e+00,1.038264904371980002e+01,1.250310698437572654e+01
1.198542118139768320e+01,1.507090330627826980e+01,1.539364753983891987e+01
6.256431721629420295e+00,6.684971351007968465e+00,1.068558604769405207e+01
1.057274669982816562e+01,1.193494337539134698e+01,1.338222039874201030e+01
1.576307518891986348e+01,1.586521023897740079e+01,1.681041165197369125e+01
9.563965804238549140e+00,9.648961743251403433e+00,1.302805690273389594e+01
8.816239613953483101e+00,9.053356827923218830e+00,1.206033845689078987e+01
8.225091839325123999e+00,1.268235279642899549e+01,1.367419486005220364e+01
1.081211610230903375e+01,1.085305347052205249e+01,1.334446896271964533e+01
1.509527200805575475e+01,1.637259784381396699e+01,1.916959617374859093e+01
5.927183834746116986e-01,5.250672489270038490e+00,7.354433287350726545e+00
7.537181790812083726e+00,1.028283342633613628e+01,1.178611631249801128e+01
4.402465994947369232e+00,8.134387459375933105e+00,9.101959849873010100e+00
1.600081500770102139e+01,1.677101043066746300e+01,1.844770211551376349e+01
1.326820059669699958e+01,1.494717787071473580e+01,1.671339292635349949e+01
1.329150929992285590e+01,1.458066255396859390e+01,1.565105962136106399e+01
1.010514395728304216e+01,1.184150207705882174e+01,1.659947911669435427e+01
9.749188810043845521e+00,9.961709151810033802e+00,1.387689866334983435e+01
1.857405614525210780e+01,1.954851597014071274e+01,2.001672133117453356e+01
9.853156532370183740e+00,1.078176062098948051e+01,1.374186414422373126e+01
1.266325409156784687e+01,1.317434469528980046e+01,1.326959021612163880e+01
2.034818688462918956e+01,2.189623648050745430e+01,2.388409965110650290e+01
8.812911595704768786e+00,1.031274364912331443e+01,1.358276504079179858e+01
1.050418477335853495e+01,1.433924182224665600e+01,1.857349193077026328e+01
9.615474394398049185e+00,1.342729301058710334e+01,1.553340499093203775e+01
9.822639452385589109e+00,1.461044814524244373e+01,1.951237596586665290e+01
7.270634758365380534e+00,1.026169368399186155e+01,1.261070788976893198e+01
1.234876011558663222e+01,1.315654014906961677e+01,1.384037381705454273e+01
1.397947291844912066e+01,1.441360403218280339e+01,1.498799535168273778e+01
1.020711349004625390e+01,1.223269659344917670e+01,1.447049982311965799e+01
7.630159138091878290e+00,1.030071228076330137e+01,1.364774549179641738e+01
1.309062269715309235e+01,1.531620565165017034e+01,1.803885229770519771e+01
1.233512661001204869e+01,1.316779532764003591e+01,1.537663136669184283e+01
1.416196986074555753e+01,1.705369563937109589e+01,1.763436505261936205e+01
1.257134876040341886e+01,1.633967036994327060e+01,1.677716495544832398e+01
1.578549135439009987e+01,1.726765729226017143e+01,1.799638315116442300e+01
1.136263359495985981e+01,1.528192933054358882e+01,1.896055110834274871e+01
1.166128669391189376e+01,1.331038736058597571e+01,1.776741705819288697e+01
1.274560321702737831e+01,1.669850578060241375e+01,1.998966393929835661e+01
1.335778232409976418e+01,1.431426072718561038e+01,1.505021654376169948e+01
1.378007244622720151e+01,1.528480147448210502e+01,1.876587078534521780e+01
1.334314264566562969e+01,1.513331009991402532e+01,1.731286710462832801e+01
9.921668529254667135e+00,1.159902619936084278e+01,1.233989320612127649e+01
1.418539243340588563e+01,1.487830780190127911e+01,1.776187762371236190e+01
8.171439705652682406e+00,9.316875347405744634e+00,1.066121537320207224e+01
5.546699490060392534e+00,6.992130959525248102e+00,1.014661713918042274e+01
8.943526662661158255e+00,1.340139490058286498e+01,1.751199962788740194e+01
1.067590377102021826e+01,1.266814969191873885e+01,1.434594466778833954e+01
9.834131051318733441e+00,1.026519567881073769e+01,1.493684051287594627e+01
9.327111152101501546e+00,1.052861321874201472e+01,1.167191888273764633e+01
1.249204444022211646e+01,1.502820054284301143e+01,1.574263378696545246e+01
1.252228937759713645e+01,1.298852571696937908e+01,1.510992376920552971e+01
1.390851249782612697e+01,1.567037741483980184e+01,1.868702380986807654e+01
2.306079226093507017e+00,7.136834692138787517e+00,9.657086697577518919e+00
9.962758803916461403e+00,1.296706459620867768e+01,1.394177951830683604e+01
1.073709632405804015e+01,1.230549492347860685e+01,1.726510433134102485e+01
7.934048495128209311e+00,1.102512164745286860e+01,1.292997656776598703e+01
7.384440309031530703e+00,1.180895324662856716e+01,1.512362789674351404e+01
1.466956668984742329e+01,1.516028571238025968e+01,1.999617386053757428e+01
2.757429008944125126e+00,6.237072111422721221e+00,8.196859243037446063e+00
1.561122231871824262e+01,1.649034974686129829e+01,1.931394056892401778e+01
1.243297041448296802e+01,1.545476834054464632e+01,1.635348047435886443e+01
5.276053048425810132e+00,9.779682395194390310e+00,1.247470180760499048e+01
8.052614456697790857e+00,1.231544815355035283e+01,1.622365363092837143e+01
3.457514435714173828e+00,7.197435255277504496e+00,1.090697702590146356e+01
7.451074934347762913e+00,1.075655583299023732e+01,1.087988047675106174e+01
1.073525463564112847e+01,1.315253620101450771e+01,1.437228182893918138e+01
3.911120774477398587e+00,7.821721953939706040e+00,1.125226219974577191e+01
6.068261245202730692e-01,5.295017770297260284e+00,8.416909915386117547e+00
1.104651504118830729e+01,1.111663611386853745e+01,1.146685212980122337e+01
1.495376556333208740e+01,1.618112893837800215e+01,2.020581654020943319e+01
8.691885435215510824e+00,1.035511100431538800e+01,1.344710660735344909e+01
4.590188888519971755e+00,8.939930172435168743e+00,1.244455223148542977e+01
7.871770833286138469e+00,1.031610860435637989e+01,1.282732896642524878e+01
5.138948351316174445e+00,8.638144975790977398e+00,1.131791376698244278e+01
9.641989319921828283e+00,1.180692563193785460e+01,1.402024277668237140e+01
2.320588815839885299e+00,6.516061751821029979e+00,7.253422869183952848e+00
9.488934399811874698e-01,4.968723114019452325e+00,8.547897484814239277e+00
6.546610217008840493e+00,8.860044473771084839e+00,1.031645199246658429e+01
4.925123932192467358e+00,9.743283077159606620e+00,1.408775754202239128e+01
8.059540254740250376e+00,8.218714397921779380e+00,1.303003140968216123e+01
6.215388644598293766e+00,7.871832001109241972e+00,8.214279054283640136e+00
9.294758669601799639e+00,1.156237716648581326e+01,1.253816580267076297e+01
7.802295707462151064e+00,9.418721003970032868e+00,1.431571852871221040e+01
8.481584676146043833e+00,1.029153281119362440e+01,1.115841128798528636e+01
3.415120598068376090e+00,5.089417738144121017e+00,7.650247747807169318e+00
4.283913932475138964e+00,7.934033685351757903e+00,1.244461016263858788e+01
6.936030231605476715e-01,3.347014222663180050e+00,8.152559898631281499e+00
-2.990416644159957560e+00,9.427747624598534770e-01,3.219249656765572176e+00
4.087901872564429162e+00,5.891943226426020530e+00,9.876864639333824414e+00
1.406251894289632709e+00,5.247388554558557239e+00,9.761839905580178112e+00
7.682620870232016230e+00,9.104261274274406901e+00,1.077991437900411498e+01
-1.405321897994258773e+00,2.790234353821395619e+00,6.768218218340763315e+00
-9.649933111610553560e-01,3.266083947699781387e+00,4.191453906356285231e+00
-1.190701997229732800e+00,7.880779118817908824e-01,9.662184680922424329e-01
1.978584278551150044e+00,3.132941794835361282e+00,7.820987152432314460e+00
-1.539015782869537663e+00,2.503978657790064677e+00,3.939353617980713373e+00
3.120852463071460470e+00,7.257783666079742346e+00,1.137104728815791077e+01
2.872576706185853368e+00,4.460207658667895814e+00,9.081858624670889668e+00
2.948509488787748545e+00,6.951291739240736511e+00,8.880322889258595254e+00
-1.829589495103669083e+00,2.584706478792610174e+00,6.222515649654542180e+00
-1.294414400927485165e+00,6.371571596264207216e-01,1.784467344222656404e+00
-4.650278460765390420e+00,-1.658976413949680762e+00,2.234334047670275769e+00
3.464423654095552862e+00,4.548872882504426229e+00,8.023030692309808032e+00
-9.565866482967802398e+00,-8.557020687851551344e+00,-7.256052045525834160e+00
-7.481088098687038723e-02,4.272634245646004914e+00,8.142641723168189571e+00
2.162681523335711287e+00,4.994711238650763718e+00,5.570476002930893067e+00
-4.410346249392146589e+00,-1.214745627032397302e+00,1.024278180848434694e+00
1.712906915366920746e+00,1.839002919218629239e+00,4.451427242449167210e+00
-6.039542454936777105e+00,-1.753424440961818487e+00,-8.416662393480419668e-01
-4.798245789110333170e+00,-4.015881777432204203e-01,9.175621059216112485e-01
-2.239042929151684458e+00,2.307043492835140430e+00,5.251987337308369419e+00
-4.325596868405233941e+00,-3.878754089608206890e+00,1.699724276927234712e-01
-3.418999988506061349e+00,1.995984222858357970e-01,3.865255662748732668e+00
-5.978200538970696698e+00,-4.923800954751164305e+00,-4.148570554808482136e+00
-9.669026782548677090e+00,-6.619865010393950477e+00,-2.699971045239700551e+00
-1.058106237709483288e+01,-9.534454848147191797e+00,-4.933163760522179864e+00
-6.063671190177664982e+00,-2.588286281145440793e+00,5.122007696098531682e-01
-1.004154237340039657e+01,-5.760056864760207063e+00,-4.336241631765339832e+00
-6.981954559911678793e+00,-4.182837259307549793e+00,-2.655419639108682617e-01
-8.498160924102180047e+00,-5.618717617590560209e+00,-2.117749314189988574e+00
-1.312746214231911956e+01,-1.041236104550074870e+01,-9.602555843768708854e+00
-1.008529221108545748e+01,-6.338841465856816626e+00,-6.091780327483259150e+00
-7.651921686026506464e+00,-6.279051253833529245e+00,-5.653463929032572111e+00
-7.772957694462088618e+00,-6.284082127770421522e+00,-1.500799204007762455e+00
-9.523313196045048556e+00,-7.996182878533150351e+00,-4.565659285926409794e+00
-1.132076851922283645e+01,-7.238011494499025922e+00,-3.093445045584716446e+00
-1.093438058195749285e+01,-7.925010806011711040e+00,-6.840842805025628692e+00
-1.626146110112772902e+01,-1.205960757820152551e+01,-8.830263350175112436e+00
-1.119271204956665322e+01,-8.811583877169764989e+00,-6.532162919504251875e+00
-8.668694623850614178e+00,-7.268108686490576176e+00,-7.265439274633235911e+00
-1.103027142008138739e+01,-6.879527616508682719e+00,-2.854039671375503850e+00
-1.900234776074661625e+01,-1.458546457392085216e+01,-1.063341524709124286e+01
-6.566047681111840895e+00,-4.320824088994051237e+00,-2.534696478361453842e+00
-1.033652420179851994e+01,-7.467791514967345279e+00,-3.733636172589036573e+00
-1.003647945530694585e+01,-8.297786683844972089e+00,-7.501597137248342761e+00
-6.800631627731131168e+00,-3.648938740247174906e+00,1.110206007135273509e+00
-1.460801209267669698e+01,-9.909052172647294654e+00,-9.246069548330556387e+00
-1.156412533895039019e+01,-8.385758653096891280e+00,-5.819744436337817461e+00
-1.444965298044082225e+01,-1.294403355515502341e+01,-7.991554480113473247e+00
-1.384634601601666759e+01,-1.116488490799059008e+01,-1.107289061688273257e+01
-1.483503225434574624e+01,-1.351562114037854023e+01,-8.899354657122437118e+00
-6.513508005496366771e+00,-5.276109769653879233e+00,-4.539543604663638376e-01
-1.408405373038129049e+01,-1.399070250491729794e+01,-1.264491319317552609e+01
-1.299707270096998712e+01,-1.083037165451120920e+01,-6.105276178415338428e+00
-1.340756141382950162e+01,-9.073392958755073678e+00,-6.968192481598528332e+00
-1.435691910030225493e+01,-1.071400393273319551e+01,-8.806091743340131117e+00
-1.559310104142490161e+01,-1.198329923588049795e+01,-1.060181343592081404e+01
-6.514136177155129381e+00,-4.222345319664114527e+00,-2.932608249596473371e+00
-1.084639060402441402e+01,-9.473206842539310557e+00,-4.611389262104532705e+00
-1.526837291298583743e+01,-1.056896674253134627e+01,-1.025671002668010345e+01
-1.464598612110832931e+01,-1.320674510236474042e+01,-1.213914173077112935e+01
-1.188180477289801473e+01,-1.159160960871611934e+01,-1.022148480537957660e+01
-1.210717681838283610e+01,-1.094791871004192707e+01,-6.255389186750113240e+00
-1.337580065902431592e+01,-1.205152969543337704e+01,-9.766344647345309937e+00
-1.508941784470411562e+01,-1.224970568216532207e+01,-9.931422173127177899e+00
-1.736899074440147217e+01,-1.321589132664986721e+01,-8.995344054820478163e+00
-1.843344025740277203e+01,-1.526667967392361902e+01,-1.475695538306885268e+01
-1.484274201200505772e+01,-1.374904378799196536e+01,-1.204064114963771459e+01
-1.521952106060524557e+01,-1.383869963091771282e+01,-9.199372854182422898e+00
-2.237179492647763013e+01,-1.956260069582474870e+01,-1.900363404197216965e+01
-1.458053510399666486e+01,-1.165508316289314550e+01,-7.146001096755660420e+00
-2.248632123502522973e+01,-1.877666853641523659e+01,-1.428023564988222560e+01
-2.430051096104763886e+01,-2.110679949397434285e+01,-1.787396475682703922e+01
-1.426059573911827627e+01,-1.318670508648397366e+01,-1.082377452534105622e+01
-2.095890065121842838e+01,-1.971119112685507702e+01,-1.603326428131587988e+01
-2.001107916654493835e+01,-1.754902078822428990e+01,-1.560458381214739454e+01
-2.421691746694578029e+01,-1.992453396755228923e+01,-1.975200946593247053e+01
-1.367601173456082897e+01,-1.189682723683511512e+01,-8.100066497733052984e+00
-1.752939208408043825e+01,-1.607924025075525520e+01,-1.135733650637528669e+01
-2.259539501703698150e+01,-2.006809310681829928e+01,-1.859837388856498919e+01
-1.615306864738026249e+01,-1.315158274871180488e+01,-9.393533926895994313e+00
-1.758240490100207154e+01,-1.617042851585239305e+01,-1.546968536172686726e+01
-2.425475926580666552e+01,-1.994583495943551910e+01,-1.823277457693855297e+01
-2.003162529653405954e+01,-1.767120111633142798e+01,-1.521231281050640050e+01
-2.203713870558034671e+01,-2.099388898766774503e+01,-1.776616713938633652e+01
-2.015639915278290317e+01,-1.914575246291360955e+01,-1.904685290982722279e+01
-2.480060124167755831e+01,-2.241305951635923321e+01,-2.183046976830825514e+01
-2.019015860646054605e+01,-2.015424112425030501e+01,-1.530136353171244146e+01
-2.444578629057598462e+01,-2.261425635842390136e+01,-2.167516577220092699e+01
-2.107623011751000419e+01,-2.035522006622591817e+01,-1.837659374070906892e+01
-3.151359754222565357e+01,-2.738369614635909599e+01,-2.247579764692951443e+01
-2.014696038366714603e+01,-1.988735418495857843e+01,-1.770053780620344597e+01
-2.611404847348850566e+01,-2.530178645463540121e+01,-2.363559616916742812e+01
-1.615678035342306273e+01,-1.598574104769411086e+01,-1.439831790714197801e+01
-2.358556401999391383e+01,-2.010004548172400263e+01,-1.833625789443496501e+01
-2.025899814938428989e+01,-2.019540497016321723e+01,-1.815299524653390861e+01
-2.152864380359606500e+01,-2.052709386006241132e+01,-1.642732299576380228e+01
-2.639719126100235869e+01,-2.185987696558470006e+01,-1.992904300042194521e+01
-2.489467833298924404e+01,-2.149330677289450620e+01,-2.100158702772698049e+01
-1.920720717122602750e+01,-1.541580579901693682e+01,-1.400548503587354610e+01
-2.132214932583104172e+01,-1.953946693031392101e+01,-1.710675177090866939e+01
-2.310156327213285010e+01,-2.021079438684605378e+01,-1.571427691515740399e+01
-2.492207154604243868e+01,-2.335976137401461017e+01,-1.841932559865033880e+01
-2.718086793308792437e+01,-2.288663033988158091e+01,-2.279473735981355631e+01
-2.386494711920427392e+01,-2.212122510428152111e+01,-1.718085344385200131e+01
-2.877501395479447766e+01,-2.640573720582008121e+01,-2.363112121507312224e+01
-2.298864287901193038e+01,-1.853314583245586533e+01,-1.811936820895510891e+01
-1.685594298724075202e+01,-1.595073212134007079e+01,-1.122026799201451475e+01
-1.902302930315330798e+01,-1.819005744539148495e+01,-1.557189483501886507e+01
-1.908609901446657631e+01,-1.884554031159574805e+01,-1.816462098381305523e+01
-2.284827038549818212e+01,-2.028993945983060954e+01,-1.979144013972690885e+01
-1.854688082002138572e+01,-1.713592991744506477e+01,-1.373571804632174143e+01
-1.686975596028326052e+01,-1.672718100593048973e+01,-1.255887605014112296e+01
-2.730850230869136652e+01,-2.402893929401389883e+01,-1.919975673715448394e+01
-2.420409923453485135e+01,-2.166315681047131037e+01,-2.068625868024133041e+01
-2.256847886118763213e+01,-2.013469933349587748e+01,-1.718941566857525416e+01
-1.592090338044611109e+01,-1.460201014484212223e+01,-1.357932189210313823e+01
-2.663385213462406043e+01,-2.185078652963575863e+01,-2.091714670094141937e+01
-2.497223018034389241e+01,-2.443611230398454737e+01,-2.090122153825793916e+01
-2.180672756248206667e+01,-1.709712539462487157e+01,-1.232556098157785129e+01
-2.062962625117674165e+01,-1.957060670567677363e+01,-1.559521687982872962e+01
-2.201501239074198679e+01,-1.834004996069216986e+01,-1.642718415001095167e+01
-2.496979901211914310e+01,-2.239409603264514814e+01,-2.123415811910678030e+01
-2.767529854532023847e+01,-2.605561881535159685e+01,-2.167826260854592135e+01
-3.444955715449745526e+01,-3.012131906359881839e+01,-2.858851111236324272e+01
-2.036539458510146972e+01,-1.713590898981905752e+01,-1.452457257531082035e+01
-2.093437023462797342e+01,-1.881682199621626239e+01,-1.768013849819828209e+01
-2.716131526758143622e+01,-2.243277917742294747e+01,-2.136791246974202352e+01
-2.738655951346135353e+01,-2.471969015708411632e+01,-2.444139097614747058e+01
-1.812782458287550469e+01,-1.597123284783855723e+01,-1.224549859542841723e+01
-2.001933230909225614e+01,-1.886331801639986594e+01,-1.647872327132121129e+01
-1.696509635713392328e+01,-1.530052325306779970e+01,-1.227539329131336565e+01
-2.091525909842765785e+01,-1.989227499037450642e+01,-1.965765470675583870e+01
-2.353325107697106944e+01,-2.206922945969325767e+01,-1.984950624122352636e+01
-2.471636722694053034e+01,-2.135458542959833395e+01,-1.993557076528500360e+01
-1.823721704729709359e+01,-1.560522968113047781e+01,-1.449826753250174960e+01
-1.789226354704973687e+01,-1.710845215922432061e+01,-1.665260514628637267e+01
-2.454052466239563302e+01,-2.238211107634048602e+01,-1.742849959579751840e+01
-2.257623816160161567e+01,-2.199478514683324804e+01,-1.831912970100217564e+01
-1.682698873560511998e+01,-1.621559834700576275e+01,-1.411335144328108093e+01
-2.674173758260586808e+01,-2.258465342178005031e+01,-1.896305512419973027e+01
-2.314768599999478482e+01,-2.141375590432816622e+01,-1.683199028555684151e+01
-2.089334867482288516e+01,-1.678685816289098298e+01,-1.213917717749142433e+01
-2.240389170972601462e+01,-1.807806509097899550e+01,-1.389244702492519679e+01
-2.240566596093471929e+01,-1.774689710174408219e+01,-1.375932479823262078e+01
-1.612131796073254009e+01,-1.479273099311573603e+01,-1.415874116350433098e+01
-2.284033888023983394e+01,-2.231828741046007281e+01,-2.046784465039617373e+01
-1.961662025451721547e+01,-1.622479948409207751e+01,-1.218593494662730947e+01
-2.472423020657039672e+01,-2.047240336212676937e+01,-2.028495275420348065e+01
-2.042290444390676640e+01,-1.798373344070269653e+01,-1.793098134556469248e+01
-2.415346257094525129e+01,-1.960390461834445119e+01,-1.940467031830952038e+01
-2.369289462351148501e+01,-1.942301977892475406e+01,-1.822129307361371531e+01
-2.100933853875890023e+01,-2.038473285377871491e+01,-1.603688590884896570e+01
-2.189324415911191579e+01,-2.087076654313204926e+01,-1.641193752373231263e+01
-1.727235653076218114e+01,-1.272783616992389888e+01,-1.255845283091671760e+01
-2.278120675568255038e+01,-1.882080264215609233e+01,-1.748674169143545498e+01
-2.069081882295997232e+01,-1.941345424701702171e+01,-1.871526701001166515e+01
-2.208299396179137375e+01,-1.843498887691384169e+01,-1.473281658844949504e+01
-1.840428191444034312e+01,-1.505208981748335972e+01,-1.243840758745538011e+01
-2.127454249004920328e+01,-2.016671724536691812e+01,-1.553824797632875665e+01
-2.113938382929478621e+01,-1.804498504996895747e+01,-1.505809317132428582e+01
-1.834838561242291632e+01,-1.513243118445577196e+01,-1.019292205191209355e+01
-1.419637655965771472e+01,-1.263996163881732926e+01,-1.090775495311880761e+01
-1.794402874277644599e+01,-1.785279422246521719e+01,-1.653495891473498958e+01
-2.089985586176590360e+01,-1.930280667291393115e+01,-1.613426954723238183e+01
-1.809831277399264593e+01,-1.515958842578498711e+01,-1.390907872426789282e+01
-1.766524473904059889e+01,-1.323475577374908596e+01,-9.771496544597084721e+00
-1.342887164881631534e+01,-1.334675486961340951e+01,-1.013272120209461491e+01
-1.630908599384696345e+01,-1.520925331610929554e+01,-1.248315840462003479e+01
-1.629994734893446307e+01,-1.247675926482379083e+01,-9.837794564301375999e+00
-2.139602833039081986e+01,-1.824359218288064710e+01,-1.484444177710273038e+01
-2.034863216811820052e+01,-1.621784769750917832e+01,-1.227473133309209352e+01
-2.120641617210665331e+01,-2.093666634760207401e+01,-1.644319284172833662e+01
-1.604093951832496501e+01,-1.543676833989596275e+01,-1.539667123073595079e+01
-1.778758291848903639e+01,-1.366349523354883111e+01,-1.137107888244429255e+01
-2.490292930305416874e+01,-2.103207574978491579e+01,-2.053235238792701978e+01
-2.231593840113606575e+01,-1.850161449192361118e+01,-1.549167337865632277e+01
-1.774343418087205038e+01,-1.672835208912349003e+01,-1.330009218056001252e+01
-2.245812734184001513e+01,-2.196816475640882516e+01,-2.106762820136413339e+01
-1.785788007995527593e+01,-1.456556444403827655e+01,-1.377558430847762949e+01
-1.806878349824877006e+01,-1.461020923954348660e+01,-9.779851269506734113e+00
-1.520987492491145154e+01,-1.150976019570193998e+01,-7.293146788458230390e+00
-1.006271006020368297e+01,-9.946933317940219510e+00,-8.588608467409157399e+00
-1.239812624493692184e+01,-1.232982819370339556e+01,-1.179744562384274253e+01
-1.511712785833568340e+01,-1.147755662121550557e+01,-7.413941085716722945e+00
-1.258587009521177436e+01,-1.077587759647781418e+01,-1.047507990282162993e+01
-1.325310379832045626e+01,-1.217752970215730812e+01,-9.474734371122071508e+00
-1.554468832464150196e+01,-1.323762822374694714e+01,-1.067506727826533464e+01
-1.356076206864795886e+01,-9.903102764572070171e+00,-8.620446814174091088e+00
-1.452569037621488057e+01,-1.065953367966106491e+01,-8.362567556687706016e+00
-1.090257413946313214e+01,-7.136219666567974684e+00,-5.813129477100695830e+00
-1.328915608858210895e+01,-8.780904124110598730e+00,-5.759254968417975462e+00
-1.240795678883430853e+01,-9.079381800120863488e+00,-4.181299170312145819e+00
-1.518449740849052887e+01,-1.238299209563510850e+01,-9.875240804100039682e+00
-1.444477509693093786e+01,-9.977380727356273127e+00,-8.669549627058172447e+00
-1.346333107835416243e+01,-9.978712898153908384e+00,-5.472670324687365806e+00
-1.137573768822041487e+01,-1.008131718369463847e+01,-5.875592402205453979e+00
-9.979669866965522829e+00,-5.865995884580922137e+00,-2.658543238391214203e+00
-9.665920602543808471e+00,-6.744374213758131731e+00,-2.503431016579586554e+00
-1.054268388517392196e+01,-8.841395665179994978e+00,-4.901663472364115925e+00
-1.021115152584321351e+01,-7.106107425694231594e+00,-3.843811002275085542e+00
-1.394265010014982131e+01,-9.239719980736303739e+00,-7.904476653198766911e+00
-9.408701388948685462e+00,-4.593705538260291377e+00,-2.767763404970134289e+00
-6.320136923688874475e+00,-2.028786280145290721e+00,2.889273269889464313e+00
-8.442752515668894731e+00,-7.744955636408077382e+00,-4.671137562639016139e+00
-6.894671600503802900e+00,-5.395497249638303572e+00,-4.745567273113900697e+00
-1.144878792222288588e+01,-7.764690602820916610e+00,-7.150038002863001729e+00
-1.025824489258209482e+01,-6.348912487709899466e+00,-5.603213055059185876e+00
-5.888087509839261102e+00,-2.752216903759232114e+00,9.363739816268545901e-01
-3.368415656748440679e+00,3.913185711256197408e-01,3.398878672345338803e+00
-7.042269233904371539e+00,-6.405564647302533388e+00,-3.029293627284878276e+00
-3.218049845795222907e+00,-1.504306671122932482e+00,2.658425292805634665e+00
-9.712728920779472475e+00,-6.552027697400079731e+00,-3.473540744820161841e+00
-3.699439178930170158e+00,-2.040668370628627493e+00,2.542783433279661054e+00
-5.325831256292095084e+00,-4.958659589534576639e+00,-1.992963675143215596e-01
-1.073636868810985412e+01,-7.235493945600340204e+00,-7.163917414244216353e+00
-6.709312695518720560e+00,-3.843053854377843415e+00,-1.138191390309411410e+00
-8.545089878178092846e+00,-5.850786350939246816e+00,-5.184077035543648293e+00
-3.950117968691757131e+00,9.657449048260322577e-01,5.908274171020282850e+00
-2.424646887059037859e+00,-2.081616913960004922e+00,-1.391406172269720187e-01
-2.623844506122221087e+00,1.186743575454698885e+00,4.217442124062047881e+00
-5.512882405815672016e+00,-9.190392282536117285e-01,4.739087141257494196e-01
4.255631804644197658e-01,1.899809925312868408e+00,6.658289028733212156e+00
-3.201458117226995803e+00,-1.934645074361687644e+00,-5.659288961756263614e-01
-1.294979613296531440e+00,-3.022735633517165121e-01,2.402774634399864606e+00
5.611907009612455255e+00,9.313609639632115744e+00,1.094319920700393034e+01
-1.836259182545151969e+00,1.540649487876769808e+00,5.066906535389893662e+00
-7.378484542856459383e-01,-3.397877637128541295e-01,5.980789072576411236e-01
-5.162718476692466751e+00,-2.491720332999147303e+00,1.431547301488725221e+00
-1.548188955405671585e-02,1.880029004039605045e-01,1.552939085581173329e+00
1.258613860556747177e+00,2.867111366772395975e+00,6.372619504012190461e+00
-2.355050765585526840e-01,3.327328623869343360e+00,3.662142050340628785e+00
-2.258858951018321015e+00,2.685178978943809192e+00,4.807780438217301722e+00
1.821392925202543367e+00,6.460717004045341660e+00,6.500396063711627370e+00
1.867378245586270857e+00,3.880943830575338538e+00,5.128521269792924109e+00
1.518807972131388739e+00,2.528999483335962140e+00,2.780310996326881057e+00
3.975077054314493985e+00,6.770267478473916078e+00,9.417780288522918042e+00
1.880631600469934828e+00,2.213172973912242103e+00,6.708143926305449867e+00
3.456624194358515645e+00,7.670792058907144551e+00,8.416444647892813435e+00
5.325933500797889408e+00,7.011883197374439547e+00,1.037084442007007823e+01
3.257197263115402031e+00,6.827047717440933638e+00,1.177426989129990709e+01
1.651473292214840960e+00,3.691300109143230479e+00,7.442849791602457188e+00
3.089932391947051826e+00,4.479025972187343108e+00,6.677514438548163511e+00
2.199221539960458216e+00,3.598216975257567007e+00,8.575654000717474190e+00
2.392397167697891014e+00,4.001285574690080615e+00,8.965009025723457370e+00
6.436657748271304769e+00,9.626316825359563012e+00,1.382480999940870525e+01
6.966743118053563499e+00,8.549257825694443369e+00,1.192524898203873640e+01
1.062719333590905357e+01,1.093306680352499072e+01,1.525448040256028470e+01
7.558399225619805151e+00,8.247395864130226073e+00,1.024209048491576013e+01
2.396452402385310432e+00,6.080567895664137801e+00,7.339053172903321709e+00
6.502083339035317877e+00,8.544431289762767889e+00,8.973173570914786623e+00
6.289963575024144049e+00,6.740463437274037517e+00,1.028796373115871710e+01
3.724229664756665059e+00,8.640918998700032105e+00,1.261063469298124851e+01
5.850654543963353937e+00,9.465256801042905010e+00,1.390818955687995206e+01
5.034387758171139815e+00,6.975105061542515195e+00,9.943995704092454702e+00
7.960262466914164392e+00,9.104377461772335423e+00,1.310500771382478646e+01
3.170448435954073219e+00,7.362187767726112497e+00,8.381207671977932705e+00
7.592060078883600127e+00,1.202313499759553572e+01,1.379422440921705473e+01
4.847417174880966684e+00,8.511734814596332299e+00,1.262113443248987465e+01
8.161894214776921785e+00,9.751660914955625259e+00,1.078823632354960793e+01
6.836844494533719896e+00,1.023787103104290708e+01,1.235961008191193145e+01
1.911525737163377592e+00,3.545001502990716702e+00,4.310016409471192134e+00
9.067191733256745323e+00,1.190045613584335804e+01,1.430842642169653800e+01
8.581115541650859768e+00,1.058382076564946672e+01,1.428221866540338603e+01
1.059247896910562758e+01,1.091035944514806033e+01,1.303786900206016952e+01
1.196077731625141993e+01,1.310943100656399807e+01,1.634755758489235689e+01
3.912742855563377198e+00,8.118755576004051733e+00,1.241799368444680418e+01
1.232956301070766081e+01,1.256346582417678626e+01,1.500161006714471590e+01
7.991873472134177092e+00,1.023286680775620461e+01,1.135171047121368915e+01
1.369699352854262209e+01,1.469690208839244505e+01,1.923353241432481298e+01
3.906345738674159573e+00,6.610890923462815039e+00,8.730755292027009062e+00
1.073886681769581308e+01,1.155358900522644738e+01,1.315261367859932484e+01
1.339649862623917542e+01,1.711445018221555614e+01,1.974246109639699398e+01
1.106305386051109529e+01,1.365100070863767634e+01,1.670658072253439741e+01
9.620637454669719091e+00,1.341828443556237538e+01,1.673064185232441758e+01
1.333510864246498784e+01,1.751041012594886936e+01,1.913184086919232385e+01
8.131860637464654928e+00,1.007517147191420825e+01,1.355701725754431664e+01
6.836227686605774068e+00,9.003508541186771907e+00,9.492110953906090387e+00
1.207147147118717356e+01,1.356054698341468878e+01,1.426807532604271422e+01
8.820165169276856787e+00,1.021594535542520710e+01,1.111626578715792313e+01
7.060237809158164346e+00,9.805668685894412206e+00,1.323544472513643733e+01
1.428090722705198168e+01,1.740054304609628133e+01,2.023919785611629152e+01
6.702863361784846319e+00,1.086540864788663363e+01,1.263464891679347168e+01
8.182880187975463571e+00,1.218039415597773711e+01,1.390116976490199185e+01
7.002011929768920062e+00,1.135340907404701838e+01,1.389578894045699364e+01
7.821799795488319162e+00,1.050947052081005317e+01,1.300140666358208108e+01
7.021522427865914295e+00,1.154915161280515434e+01,1.201651823194208113e+01
8.933130360788796409e+00,1.040324616372976685e+01,1.044276794975825595e+01
1.092744332025040777e+01,1.558282010852255084e+01,1.977487523819490178e+01
1.703131378004761487e+01,1.890319724597509321e+01,2.365215432216547953e+01
7.436449691465123024e+00,1.047542420152941567e+01,1.059033767540022630e+01
8.148748973253781003e+00,1.044327741926509390e+01,1.264166866986552762e+01
1.017354311188641347e+01,1.321234633303187778e+01,1.762746787257429659e+01
1.094205547282982849e+01,1.572861364347698476e+01,2.046575644322920340e+01
1.032897547536074434e+01,1.260921804124285117e+01,1.414585155343572609e+01
9.726713427377763566e+00,1.255666352669443064e+01,1.297388038684074907e+01
1.742267636751421378e+01,1.962442939132060005e+01,2.228168584054768786e+01
9.992522632066480170e+00,1.246960818909095003e+01,1.524273771012796885e+01
1.209521847779501336e+01,1.285837490238541925e+01,1.696544768613460263e+01
9.561220703647411057e+00,1.239059427793716672e+01,1.312611999414556152e+01
6.966500844773682033e+00,1.055702613656191957e+01,1.259625212613187095e+01
1.088278835780563725e+01,1.431533320758969019e+01,1.495435885918051788e+01
1.443464219148961902e+01,1.625802712082798962e+01,1.751820246442007445e+01
1.432545610157882976e+01,1.820554217752048132e+01,2.062024855705655924e+01
1.298804858361341275e+01,1.730892729459222323e+01,2.011984957470596314e+01
1.315588739069122504e+01,1.675286171416891889e+01,1.831110445658933372e+01
1.664483586287532901e+01,1.895368712544882328e+01,2.005172413572339352e+01
1.450648828688253644e+01,1.595683581530065709e+01,1.974267225057583985e+01
1.350642071492187313e+01,1.777888068200639538e+01,1.983830216751017517e+01
1.345496131750863000e+01,1.542146810621998299e+01,1.739656590684259996e+01
1.465739942719458710e+01,1.592150569844933372e+01,1.944436162605818197e+01
1.257849664217862795e+01,1.382023357306878353e+01,1.613682387776102090e+01
9.777035400462308345e+00,1.309558365518479128e+01,1.380107302104509159e+01
8.340904920282648405e+00,1.303328818237012499e+01,1.691332103980212054e+01
1.218268211678954316e+01,1.588214105307686630e+01,1.929061057627541587e+01
1.352384024620546477e+01,1.409065742427183743e+01,1.421158209815422246e+01
6.458778143725730558e+00,9.644091322102106290e+00,1.180919607484283596e+01
1.473154327113373796e+01,1.542963107647150878e+01,1.876536477788036095e+01
1.252562370066374697e+01,1.518486266098019399e+01,1.526958386825434033e+01
1.186373687805235377e+01,1.259850345729653576e+01,1.687112693953341847e+01
1.440586215980701290e+01,1.663697037804166712e+01,1.806912742484011858e+01
6.853192257176125679e+00,1.104498793593252515e+01,1.595729865072394382e+01
5.962139480314784024e+00,9.445708280157575132e+00,1.033438645451380999e+01
5.895419095576567514e+00,9.660422742986307654e+00,1.032795490549146677e+01
1.021537342181406949e+01,1.434580877086611039e+01,1.832512565129917803e+01
5.976472238124800995e+00,9.121179113656051385e+00,1.095574031380568236e+01
1.291639868101628075e+01,1.428121057033281716e+01,1.891154741778276005e+01
1.006041838876480554e+01,1.390977839250545856e+01,1.391181961410124224e+01
8.154275875972581744e+00,1.010688657418172198e+01,1.278286294775187493e+01
8.655416428223649206e+00,1.030627393031748618e+01,1.279044707341109799e+01
5.963858090345920182e+00,1.073872062956464468e+01,1.416942559784293110e+01
1.209716944204297562e+01,1.559849792907084520e+01,1.904253547584000472e+01
2.927817030827868372e+00,6.265340070649266124e+00,6.768786767194965748e+00
6.996816035001203637e+00,1.087050813819810635e+01,1.150286305796699793e+01
8.605814777791861658e+00,1.206097749927815777e+01,1.235017290913764754e+01
1.000683118370843339e+00,5.953976055585823879e+00,1.092171499458978268e+01
7.672972205785796973e+00,1.090106163920038718e+01,1.175196822384158324e+01
1.263754127368569513e+01,1.491578266338812853e+01,1.671433276508818011e+01
1.164986744991369605e+01,1.191056925137106504e+01,1.651608725581521142e+01
3.152666907810888652e+00,7.274179344982300677e+00,8.671906571942800568e+00
8.033479579122722924e+00,9.759467031521905866e+00,1.247854820293759914e+01
8.550187620244660280e+00,9.225723133753687577e+00,9.251540840159439227e+00
8.759681924823375709e+00,9.515731433220118163e+00,1.170275711800936591e+01
4.778541563852034102e+00,7.185060510132462497e+00,8.409379370352603189e+00
6.235477627387468580e+00,1.073841233627664238e+01,1.298476034665160839e+01
9.423299360070103603e+00,1.433615535809092911e+01,1.933189611830237808e+01
1.112087025256243322e+01,1.466371739938028007e+01,1.774295188525664457e+01
3.570648896498692437e+00,5.531243662904328673e+00,5.614072812035845850e+00
1.082601908390382484e+01,1.571097221763839258e+01,1.889109520314875823e+01
1.443647322213808426e+00,4.588093007224395059e+00,5.162080751295590630e+00
4.553971372451350419e+00,9.321603054734802996e+00,9.691141005530779395e+00
3.853159236157526646e+00,5.046998623146308205e+00,6.162692927664345177e+00
6.774727053622609851e+00,1.050993576458384382e+01,1.059806615357905102e+01
5.285036561027166790e+00,5.627517561320765083e+00,8.943615523005895795e+00
8.530449491153966335e+00,1.067961339483401773e+01,1.444756710339516914e+01
2.572505412874327657e+00,3.487871988751961361e+00,7.371353891538304559e+00
5.263748820682777385e+00,7.864209563620589094e+00,1.004450559753964711e+01
9.639084199845717293e+00,1.351023952383884996e+01,1.618198960750236637e+01
3.738343571847369873e+00,4.669879243761112519e+00,5.435262265992363062e+00
-1.584892242014597219e+00,2.705820967706720648e+00,5.616274420489218322e+00
4.304648068800293714e+00,4.502665146788847217e+00,9.401328872462936914e+00
4.114534443629484173e+00,6.982176245302925466e+00,1.165484345579775827e+01
9.936085012704072739e+00,1.482192174031704823e+01,1.855370959121434282e+01
3.208819576671154916e+00,7.053385758291982555e+00,8.971093547064752372e+00
2.492240282135909979e+00,3.780153296360809101e+00,5.480538622995796416e+00
1.824101865063659123e+00,2.029911232126282883e+00,3.629210751449595485e+00
4.909041263518449050e+00,7.021174146525750004e+00,7.721628559346116027e+00
-1.199968254746742069e+00,5.989352299329788742e-01,2.380285065224707175e+00
-1.883915724021927307e+00,1.422649813449077705e+00,4.177293681109459200e+00
3.858215969476131324e+00,5.334051122276349588e+00,6.629306421846736797e+00
3.317573100268921937e+00,4.903462612082131855e+00,8.483340020016875371e+00
-1.544554862815629370e+00,2.017003789775107414e+00,6.686363702263203201e+00
1.769724616209511492e+00,4.083861574321003829e+00,4.314847252352824292e+00
-7.589930802452088399e-01,-1.095892712700097249e-01,4.167209093277022269e+00
-1.374697947666501996e+00,3.273644605040069600e+00,6.007504389839946057e+00
-3.256904510856137858e+00,-1.929892767597878311e+00,1.815822007813729488e+00
-3.196139991710555961e-02,1.207465461725997002e+00,2.723056651683434914e+00
-5.490287505162395831e+00,-2.698362561963137729e+00,1.695328669566294799e+00
-3.571097912065469782e+00,3.529674993442254438e-01,1.381330442505868117e+00
-5.910340104281778251e-01,1.541266556900224849e-01,4.631278223143736383e+00
-7.127544706977181121e+00,-2.901373440196596931e+00,2.051631665947730276e+00
1.041488238209854700e+00,4.569742767577226417e+00,7.617180043692899361e+00
-3.720694837893734785e+00,3.420950788576096468e-01,5.285918898611235761e+00
2.590515582796528715e-01,1.805933518249237757e+00,1.907851031018553911e+00
-2.814556955867864918e+00,-7.394083326985868565e-01,1.893678876993035054e+00
5.351011136534474133e+00,5.998021648864698463e+00,7.354560766000732386e+00
-4.901598005915476008e+00,-1.720608590946307359e+00,1.535446910870778225e+00
-3.322680754754237853e+00,-2.875507340092979813e-01,1.217797413353473024e-01
-2.888839921393305588e+00,6.616062936541458050e-01,4.928155364333685284e+00
-8.952879396181716132e+00,-8.468011627133980923e+00,-3.572229292380930232e+00
-4.368536754015264201e+00,-1.766490788525060474e+00,2.440620180354264868e+00
-8.707205807035238720e+00,-4.361107124566846238e+00,-1.639329337551711951e+00
-7.398103552969907071e+00,-5.140470456938196264e+00,-4.410552499980617824e-01
2.564639953871852285e+00,3.821054324499990607e+00,3.833623211369432848e+00
-4.408628101434143076e+00,-3.845280529217790288e+00,-1.896859118344336181e-01
-7.852631379553150381e+00,-6.115420313616463766e+00,-5.888887276887477817e+00
-3.918637937882728295e+00,-1.434732520029013969e+00,6.939372586442154045e-01
-3.618818269251617536e+00,-9.586278356411499502e-01,1.353666190168397510e+00
-9.072566625106190941e+00,-4.129849311094384134e+00,4.093073489265464104e-03
-9.660549995571223292e+00,-9.449466654165872725e+00,-5.275685215600555367e+00
-8.356702130897996739e+00,-4.460726843974395450e+00,-4.060164033451561849e+00
-4.768145206785513679e+00,-3.586117635623891520e+00,1.382847701451619393e-01
-9.461747855899201198e+00,-6.751501633209349151e+00,-5.749454733274593110e+00
-1.162496006308198915e+01,-8.788668917415321857e+00,-5.310664145290266092e+00
-8.134936701637743184e+00,-6.806184073115658428e+00,-2.078144780287353832e+00
-6.011983749268065225e+00,-3.996610773340666611e+00,-2.656087988072339812e-01
-7.115993578904129535e+00,-3.875626539725860020e+00,-2.206681818521842420e+00
-7.907454987753862241e+00,-4.205100557926137128e+00,-1.279792456141938040e+00
-8.584978359087786615e+00,-4.999761922115720125e+00,-1.950243218763193287e+00
-1.205968206043966262e+01,-9.195523217766726987e+00,-4.363358160331531010e+00
-1.158886392024785650e+01,-7.477651540295671140e+00,-5.853763805823109401e+00
-1.302149301804230674e+01,-9.023426014966634767e+00,-4.519430256432569237e+00
-9.373881528843755362e+00,-5.223931892671108912e+00,-2.149571938590705944e+00
-1.370225483775372766e+01,-9.310721480708446407e+00,-6.251231209140184042e+00
-6.859660199556750548e+00,-6.856814384925983497e+00,-5.295505798918910934e+00
-1.322448139655539556e+01,-1.081927498764550499e+01,-9.096481949850126369e+00
-1.145903349750473232e+01,-8.670916318172608328e+00,-4.147053495698065362e+00
-8.534096420278448392e+00,-5.922086547900691222e+00,-4.181327492409411484e+00
-1.061099749401573078e+01,-7.807954213812816846e+00,-5.044989152241521779e+00
-1.478565848811508054e+01,-1.356817914947206205e+01,-1.312785609898955208e+01
-1.790914123809628933e+01,-1.316190573319004820e+01,-1.133514610642706266e+01
-1.699444981416300493e+01,-1.480435949354491854e+01,-1.305652836474247991e+01
-1.329232306401827302e+01,-8.615073735599526827e+00,-8.460251640475219048e+00
-2.056440595925223747e+01,-1.637562202815398038e+01,-1.586768888552717982e+01
-1.189390210636525325e+01,-1.011403361333755058e+01,-9.312598849315422811e+00
-1.152236079864138318e+01,-1.145840404807371193e+01,-1.042828998627896553e+01
-1.946950417148329393e+01,-1.499079547991395600e+01,-1.185852300551495375e+01
-1.378300746716150904e+01,-1.320470238011660413e+01,-8.405840174223426331e+00
-1.701528156582726581e+01,-1.237178067427325345e+01,-7.687837767767516262e+00
-1.544703595203113444e+01,-1.413768014196705280e+01,-1.014302299135334273e+01
-1.305577328000543957e+01,-8.921068487831423255e+00,-8.789017668783525750e+00
-1.616137338409658142e+01,-1.585454281995109760e+01,-1.546584632060365827e+01
-2.020292050908816606e+01,-1.578684863806973127e+01,-1.273367268061613089e+01
-1.943925081132927346e+01,-1.609084537379623470e+01,-1.189483202242528392e+01
-1.648819425972703812e+01,-1.626328901291843465e+01,-1.389241143829437775e+01
-1.798293417638053882e+01,-1.526125368498089685e+01,-1.051576334873099228e+01
-1.902607205649567135e+01,-1.577276140717670749e+01,-1.281743904633036735e+01
-1.729285626293129852e+01,-1.689489319302168724e+01,-1.444697821385704728e+01
-2.084483561434219112e+01,-1.663852104051254699e+01,-1.650221289385278567e+01
-1.533424046297186472e+01,-1.356193421986015224e+01,-1.116460037152587503e+01
-1.832528117214181407e+01,-1.553777629108891745e+01,-1.074694059188112227e+01
-2.128253432903353470e+01,-1.864241581087285482e+01,-1.379230012317935206e+01
-1.853461013420061931e+01,-1.464927553263775017e+01,-1.131034534669238667e+01
-2.336884809512105221e+01,-1.963363960834832866e+01,-1.497799140547825303e+01
-2.172367201088172450e+01,-1.717745308171328134e+01,-1.412439250460651685e+01
-2.301203444371174456e+01,-1.971450323048863140e+01,-1.910988975462606376e+01
-1.535498747322388979e+01,-1.438933059204143561e+01,-1.206617261218138459e+01
-2.373623754107297756e+01,-1.961029395180421986e+01,-1.636402678380193620e+01
-1.698320060876815418e+01,-1.512241683583769003e+01,-1.146710207218737665e+01
-1.849972178725083793e+01,-1.696858707992666027e+01,-1.523850427500862992e+01
-2.024646032711974897e+01,-1.548331312005034377e+01,-1.332291697738163094e+01
-1.816139829154666785e+01,-1.600444593659802450e+01,-1.298724524247461254e+01
-1.694449617751663340e+01,-1.626233157601102164e+01,-1.479512545810501223e+01
-2.106531698370356764e+01,-2.056749878851599433e+01,-1.732967418284929195e+01
-2.181219577018093503e+01,-1.917571715055467152e+01,-1.463862627034186126e+01
-2.054760809268624300e+01,-1.769227146467240530e+01,-1.486395599826222025e+01
-2.495390775276154471e+01,-2.009580634533824650e+01,-1.638299515294803754e+01
-2.251812093145938221e+01,-2.010465125296017064e+01,-1.720588296025676911e+01
-1.920031342684254838e+01,-1.881693241461345778e+01,-1.544611119442296143e+01
-2.706659968558988538e+01,-2.271329296100228134e+01,-2.181307635525876165e+01
-2.352863661948808627e+01,-1.918446902221808514e+01,-1.740452490206515535e+01
-2.558618589056500880e+01,-2.479406712604567531e+01,-2.405046608298718880e+01
-2.031811000944065881e+01,-1.906090270188387237e+01,-1.527935977387492095e+01
-2.374684418909495776e+01,-2.354763825612167949e+01,-2.210703012675050516e+01
-2.490047420413113954e+01,-2.188292177311682352e+01,-1.763923144920450881e+01
-2.276773789033588002e+01,-2.117429848985563723e+01,-1.872773122414931635e+01
-2.491556471654453730e+01,-2.092876152127741207e+01,-1.806938539131361665e+01
-1.413979194496316083e+01,-1.369602380637526018e+01,-1.363365978585963312e+01
-2.753600494722142855e+01,-2.418114303009390653e+01,-2.380093260157817170e+01
-3.127496694031587765e+01,-2.691482129964136050e+01,-2.247639038994407912e+01
-2.305845193644429258e+01,-2.183039827112301978e+01,-2.095247088376930122e+01
-2.312941014291486042e+01,-2.010073176498412906e+01,-1.558824095193190118e+01
-2.447859546099939010e+01,-2.035545704199501316e+01,-1.802524509528981866e+01
-2.608450846177197491e+01,-2.425724020302871509e+01,-2.144283003918742736e+01
-2.070585762194728829e+01,-1.914983046914259646e+01,-1.903117086352493814e+01
-2.741198625375936970e+01,-2.294580726689612149e+01,-1.991277457820647356e+01
-2.599722840850280292e+01,-2.449754947416802509e+01,-2.003996457098646289e+01
-2.657476801448715165e+01,-2.394229972984583554e+01,-2.303270831606732116e+01
-2.400355606587842061e+01,-2.332595295409210578e+01,-1.845737722481765175e+01
-2.228646922923528706e+01,-2.047894125226589068e+01,-1.807928316693507398e+01
-2.541472638514299121e+01,-2.078480455109372826e+01,-2.043024643537433960e+01
-2.578119473595928923e+01,-2.445197974825914145e+01,-2.438600362185019677e+01
-2.301291872600369004e+01,-1.867324405223679307e+01,-1.776751697567390309e+01
-2.097051682925315674e+01,-2.024639626704330553e+01,-1.745294651799102326e+01
-2.347560132370367469e+01,-2.242664283067333386e+01,-2.126405462351246456e+01
-1.691859720310269211e+01,-1.672090935277748613e+01,-1.510547556759427223e+01
-2.975410810700002529e+01,-2.861059352745336071e+01,-2.425982024821023941e+01
-2.528695416154943487e+01,-2.111873596399196984e+01,-1.630826835229296989e+01
-2.760808947676996894e+01,-2.287364646241420019e+01,-2.242118171843894459e+01
-2.347548338456116568e+01,-2.342140862196943019e+01,-1.899234543471468584e+01
-2.307366397425294480e+01,-1.864028342875009514e+01,-1.465075690538616371e+01
-2.423823824315333653e+01,-2.256276242201126081e+01,-1.988505447855600750e+01
-2.441528242395916237e+01,-2.142112621072761058e+01,-1.894516367054010075e+01
-2.177283363737344857e+01,-1.944734328084097896e+01,-1.873267125275159017e+01
-2.672114632952771984e+01,-2.360421662794677999e+01,-2.084795565227979353e+01
-2.472021807337441857e+01,-2.201992720628816969e+01,-1.837178552484009941e+01
-1.897400490044138266e+01,-1.870329549187160723e+01,-1.795359461021312697e+01
-1.376785217375518577e+01,-1.190886186222709497e+01,-1.036089201126439718e+01
-1.944188791125941407e+01,-1.694574011381063272e+01,-1.418871667700899231e+01
-2.118150462394634559e+01,-1.978309279916538088e+01,-1.679836525866785379e+01
-2.097487923142827171e+01,-2.078834864794312409e+01,-1.994575865066771669e+01
-2.457306524353968058e+01,-1.990063374440464372e+01,-1.703135427076759001e+01
-2.530001783891949074e+01,-2.428653519532426941e+01,-2.424534048428808219e+01
-2.472762252792194104e+01,-2.152555003288329516e+01,-1.747078563253321448e+01
-2.371904590875519148e+01,-1.920341963568590060e+01,-1.667745546797727130e+01
-2.001030377046843256e+01,-1.612114172235877518e+01,-1.502974117498695961e+01
-2.558398049406698149e+01,-2.247781293133121494e+01,-1.877012947866474946e+01
-2.078010796058721610e+01,-2.014796924502930153e+01,-1.790081216116538698e+01
-2.302096136902470036e+01,-1.959989713182460846e+01,-1.664057333496993252e+01
-2.484189828549988732e+01,-2.077276866851367387e+01,-1.661564640808821736e+01
-2.363922256585176385e+01,-2.330112477877187160e+01,-2.194060536167793529e+01
-2.052333083911027956e+01,-1.936402476454236066e+01,-1.766615916358403737e+01
-1.783352465237795315e+01,-1.747324845034341578e+01,-1.314306488095344605e+01
-1.925342997328796457e+01,-1.765303598974074362e+01,-1.716773923313852634e+01
-2.377865271432633065e+01,-2.050207459444174063e+01,-1.584104025132422322e+01
-2.066408745770231192e+01,-1.721780703226281162e+01,-1.604876977345371714e+01
-2.239211908328113765e+01,-1.948889152114591639e+01,-1.644617984303762626e+01
-1.985659601183664691e+01,-1.762742828759259339e+01,-1.634609436020415174e+01
-2.065476066375267550e+01,-1.680826330996059781e+01,-1.625244869978119411e+01
-2.453833860546350820e+01,-2.174058645187246341e+01,-1.864694834105629440e+01
-1.453919509235382534e+01,-1.443170097521849904e+01,-1.009474650809433172e+01
-1.947958921682069189e+01,-1.904161824181240092e+01,-1.628811860860047744e+01
-1.729713103157470400e+01,-1.593458792974699989e+01,-1.300901786130999049e+01
-1.497045786038820658e+01,-1.404372046253747364e+01,-1.403779061531774808e+01
-2.006892307668388398e+01,-1.711141096634734282e+01,-1.231850806671944554e+01
-2.185035564568774547e+01,-1.994008925239699437e+01,-1.663832773008304500e+01
-1.478465903665049730e+01,-1.095331973439248330e+01,-1.068242102717356978e+01
-2.473679613529997212e+01,-1.991274743076361986e+01,-1.909243599408996772e+01
-1.842430579978448080e+01,-1.801169057897693548e+01,-1.695246691665505878e+01
-2.506306701370439427e+01,-2.119447683909351099e+01,-1.634191612229464496e+01
-1.427459013526795317e+01,-1.370197275444110474e+01,-1.026245741607985451e+01
-1.622956458336801333e+01,-1.600614178016890321e+01,-1.499637649508317949e+01
-1.955188860657850114e+01,-1.831237911208297930e+01,-1.811838710592076396e+01
-1.820097551043738093e+01,-1.376696358690007216e+01,-1.297699577711911800e+01
-1.860798511959919566e+01,-1.625024329814029400e+01,-1.156548115659814258e+01
-2.329049492282867106e+01,-2.216369882416868720e+01,-2.005139529752487704e+01
-1.872921084248078571e+01,-1.403855975146909252e+01,-9.567218429830823823e+00
-1.137420912201164924e+01,-1.135247769918163030e+01,-7.555396244422405871e+00
-1.527454148765648689e+01,-1.433723148086621357e+01,-1.131282961951662536e+01
-2.255363285179394950e+01,-1.915592074568562353e+01,-1.889234660576451574e+01
-1.864171809536152224e+01,-1.644754703865301337e+01,-1.255592501776805214e+01
-1.628068252450782438e+01,-1.169555558734027123e+01,-8.254720443646061057e+00
-1.789933326601983055e+01,-1.561480223215979990e+01,-1.207574156053694026e+01
-1.317618921001629850e+01,-1.240045461206790733e+01,-9.770874252108324498e+00
-1.488060787034694954e+01,-1.084727202981717653e+01,-9.596025573580579504e+00
-1.336814289173878301e+01,-1.047937844649905870e+01,-6.549432329162755195e+00
-1.586127365190295535e+01,-1.100683889320005449e+01,-7.503947199076308472e+00
-1.555588161589148299e+01,-1.135221058726478560e+01,-8.321276171382795184e+00
-1.215828797081894841e+01,-1.210985391935983913e+01,-8.295519830765899272e+00
-1.924796026206062294e+01,-1.696271469987328118e+01,-1.425008749917496687e+01
-6.838300562939879867e+00,-6.446899200654067741e+00,-1.831151490007385974e+00
-1.843323118358019030e+01,-1.369274100362869007e+01,-9.042784152847332280e+00
-1.205233455696090417e+01,-1.060086052777588961e+01,-1.007252734786763426e+01
-1.196488012012158819e+01,-1.113033286259832977e+01,-7.221954843756305031e+00
-1.409251585928125294e+01,-9.414404687854348808e+00,-8.410927615054434980e+00
-9.141883125543319721e+00,-8.831778903757916410e+00,-6.015957776368598076e+00
-1.096602396763463716e+01,-6.734309301918431245e+00,-6.407201498813011042e+00
-1.149465368695854650e+01,-8.834509268422216621e+00,-6.393101342863473313e+00
-1.241085721880798687e+01,-8.627841798623835601e+00,-5.237740849708087509e+00
-3.656601672547491244e+00,-3.102770755993365270e+00,-6.470825188927542548e-01
-1.073261822687353728e+01,-9.802748000128339356e+00,-5.902671607849637958e+00
-9.965442938155860020e+00,-7.530306186597519158e+00,-3.680162509920588132e+00
-1.030653301946511213e+01,-7.186260523227531394e+00,-6.117610690743386037e+00
-8.464427651691773136e+00,-5.203013160218673328e+00,-4.874900309971629930e+00
-1.038338640621491038e+01,-6.636308328080149366e+00,-3.292273702414370895e+00
-5.885380382684281209e+00,-5.427431449380243578e+00,-4.594617579017195474e+00
-9.872508526199027301e+00,-6.772289334384650417e+00,-4.163213657153174374e+00
-1.019444916330151685e+01,-7.789683233141962759e+00,-6.668179752149562489e+00
-5.367580403966801583e+00,-3.393765021725974940e+00,-9.891040585784871553e-02
-3.049079397572715067e+00,-1.850448438238132987e+00,2.500741186704958707e+00
-8.482464075661596326e+00,-6.319923968015309867e+00,-6.290263721756820914e+00
-4.316705565984221948e+00,-1.763461941980278169e+00,2.502209983699705376e+00
-7.511331720268636047e+00,-5.032318167123969843e+00,-3.913789040753020920e+00
-5.023229969828711283e+00,-3.244702895288384514e+00,1.660261732854841465e+00
-5.788585500700852648e+00,-2.824507417416389110e+00,-2.409427100396855259e+00
-3.770416322768226358e+00,-2.594751413215042213e+00,5.485731070197497061e-01
-6.644552082779380697e+00,-4.399684086357086521e+00,5.802621170213750901e-02
-3.406018180297208264e+00,-7.932923818720269971e-01,4.060935399989051842e-02
-3.390498139596425542e+00,-2.290878800402493809e+00,1.020684617443518682e+00
-6.908205783666625521e-01,4.608489655581178290e-01,3.230148164864984572e+00
-4.964771510443086733e+00,-6.887185001397686523e-01,1.595127782956165641e+00
-8.908413172785966339e+00,-5.579164448447041735e+00,-3.314302924415587270e+00
-9.410491667724329989e-01,1.119431845088491029e+00,4.413914820265882000e+00
-4.279504711060554634e+00,-3.070673716683669063e+00,1.261717897577741887e+00
-2.038834847811283879e+00,-6.753124771568064233e-02,-1.571586242401867839e-02
-3.551319592391044555e+00,-1.981385311499574975e+00,4.630401091500822019e-01
-5.190986048093436445e+00,-1.017224296122389182e+00,2.610955786459748573e+00
-4.589206899598232248e+00,3.037789805679489419e-01,3.291430578810559116e-01
1.832333284283560459e-02,3.386484492221685905e+00,6.097469741796824216e+00
1.871662915128476712e+00,4.403287440179229684e+00,4.953002723699852616e+00
2.685234552414658804e+00,3.945659755942778624e+00,5.097115823123646194e+00
-5.032170521006301023e+00,-9.784074979979440201e-01,2.890702348440687075e+00
-6.172648600072983882e+00,-3.069920882841763010e+00,-1.658494137137869862e+00
-9.077035482606008454e-01,-1.169748645237298490e-01,2.058942053157769791e+00
-8.057782892394680374e-01,3.536302787782132917e+00,4.305617771193236187e+00
-4.495093189429214320e+00,-4.162781614565899346e+00,-3.931095112179754381e-01
3.985685216314034385e-01,4.395070021936453131e+00,8.748305990089431106e+00
4.208035148084210419e-02,1.284753628894492294e+00,2.104557142190614627e+00
4.511955714018869301e+00,4.928746054016062139e+00,7.274852855086443526e+00
-3.750708894546746386e+00,3.962213657514839227e-01,1.795179256620310415e+00
1.306860293412388963e+00,2.838613997351520979e+00,3.736747195132978483e+00
-1.258547502298399401e+00,1.459703761347812545e+00,6.248279192451643205e+00
-1.554796270793614266e+00,2.330523902397028557e+00,6.945701706202424219e+00
-2.163711541087993684e+00,9.657663971515795254e-02,1.485585225812679599e+00
-7.460993491171512559e-01,3.399939174858828572e+00,6.486102768862449963e+00
5.832359280171332649e+00,6.431080429618125649e+00,6.885513429923580730e+00
3.301778141428399316e+00,5.406272399050283006e+00,6.908773314738959392e+00
-2.248768389033060977e+00,9.751132627846184064e-01,2.576514127799513165e+00
1.800416390365427333e+00,6.174984133092458194e+00,1.056054200409371191e+01
7.892250458321031559e+00,9.987546235061643074e+00,1.219934679168821212e+01
3.838383165010555764e+00,7.733349826787422998e+00,1.021253732420495552e+01
2.798758595989934150e+00,4.670564390381843012e+00,6.616607768384803023e+00
3.972143454700695742e+00,5.695021871095089061e+00,9.265366211597102719e+00
1.045212441605969822e+00,4.424730872184831298e+00,4.795000988747664117e+00
4.841886222132896656e+00,6.762616335451432370e+00,7.001226408743912444e+00
8.297151393070389958e+00,1.111672702921400457e+01,1.439974466994387470e+01
3.388770564083281478e+00,5.235519858653517211e+00,9.669603108445777195e+00
2.510685486229693453e-01,3.626604631152264169e+00,6.653118680881560110e+00
-4.290810944609889432e+00,-1.712085812299127596e+00,1.155154638736676009e+00
1.148331046704615055e+01,1.280204062993596992e+01,1.434611069091622326e+01
2.125969864071254989e+00,5.475865809053111377e+00,8.604009797737560916e+00
6.717437252442906015e+00,7.254806920747427945e+00,8.725182867293522548e+00
1.130789995688454219e+01,1.242969769717539918e+01,1.371971185952358852e+01
2.488007023562110120e+00,7.220229072519739333e+00,1.058453030623584112e+01
8.431093127008711718e+00,1.039128495354631454e+01,1.083255940305226162e+01
7.883967103059816850e+00,9.596213082775385317e+00,1.294978185936335358e+01
6.016081134563926902e+00,6.069789169851821597e+00,1.064044513726452656e+01
6.861432776794075927e+00,1.019610086307650043e+01,1.404603966226533807e+01
8.415747102145488157e+00,1.200072751019063944e+01,1.677164961990581205e+01
4.419072688849404074e+00,7.975715336171329994e+00,8.461479580948003232e+00
4.640505220296265776e+00,6.110980554050994051e+00,7.649739230258576939e+00
3.020422618737186760e+00,3.914566386368891315e+00,5.585470033708263671e+00
9.523383040201393257e+00,1.219860417393202390e+01,1.290679323891307462e+01
1.184080271850790744e+01,1.203841358358437219e+01,1.234166761802966938e+01
1.093431810966835194e+01,1.165071303358701549e+01,1.646626042235958920e+01
8.556926706602922650e+00,9.365167377290076089e+00,1.235026074958953934e+01
8.351074233024512239e+00,1.304926847230630571e+01,1.726065871816627961e+01
1.038345851611610904e+01,1.137236856697134790e+01,1.538358761217816806e+01
9.488917939597211415e+00,1.163318392371723675e+01,1.197619814768756186e+01
6.693441321023147594e+00,9.494068338322440681e+00,1.117358590952290953e+01
9.754778220798216992e+00,1.145405589933404578e+01,1.367736987882627986e+01
1.383698871891757065e+01,1.687223903954537008e+01,2.026112550851885175e+01
8.862071750560232886e+00,9.444504253201982280e+00,1.420370867483050148e+01
9.983911569182737367e+00,1.287690751656775490e+01,1.348511296518666036e+01
8.397838852519820207e+00,1.010886207969031148e+01,1.239651098148723563e+01
9.508721032262732464e+00,1.026404755821668324e+01,1.342316252293195866e+01
1.088695800679292880e+01,1.174698853857057124e+01,1.433135362264606627e+01
1.585420043464671735e+01,1.716924493316721723e+01,2.090494889121085365e+01
1.465028829769876495e+01,1.609395895827222489e+01,2.105341090344827037e+01
1.553691930050522352e+01,1.960673831339473594e+01,2.047490506593668869e+01
6.584308157729791944e+00,1.064052107854052309e+01,1.416573376199281853e+01
1.164735467760234755e+01,1.213553859264878909e+01,1.555518820675094460e+01
1.712857503456297081e+01,1.958693219440620226e+01,2.429628955789940647e+01
5.534004232650650223e+00,1.000020098569254046e+01,1.078853655575483117e+01
7.786640225714521080e+00,1.257589119074540918e+01,1.337591934332060006e+01
1.412049367320255833e+01,1.707674241871414011e+01,2.182878788429039218e+01
1.285143606814718709e+01,1.308541190111758823e+01,1.807075959039421420e+01
1.146528634488938181e+01,1.390509726088193965e+01,1.599627261333215245e+01
1.506196619573966444e+01,1.771300901528064742e+01,2.138979722945241591e+01
5.488259945245955507e+00,9.818489395960259714e+00,1.103398431651756084e+01
9.073545730459606773e+00,1.266894812643639412e+01,1.628407559177320607e+01
1.498850727014297135e+01,1.958571987568335970e+01,2.071608131936507391e+01
9.141745554032151944e+00,1.340167705291031019e+01,1.729569486291732971e+01
8.271865088812846878e+00,1.205670202794437351e+01,1.230181155179387353e+01
1.128056403005252406e+01,1.263861433059143735e+01,1.604513168173011906e+01
1.198588334593579141e+01,1.537032897437395995e+01,1.865402947137864587e+01
9.292805520544220599e+00,1.363365325288891938e+01,1.728394389122728825e+01
1.339524788051770088e+01,1.659126515378911293e+01,2.131670987761382818e+01
8.056557527818382525e+00,1.162044333000586072e+01,1.273209193455936017e+01
1.378798937070342490e+01,1.609547271958057024e+01,1.741003274411001911e+01
8.968903111771684422e+00,1.350215751002545161e+01,1.524994994292218564e+01
1.318407294972949195e+01,1.655896218905554207e+01,2.095347380202131049e+01
1.619311639136202174e+01,1.711403344782686275e+01,2.065458044209542976e+01
1.036331420630936329e+01,1.479423150693143540e+01,1.875518184200030802e+01
1.435047562576105129e+01,1.516931031649543016e+01,1.782649108833346219e+01
1.145957141472009866e+01,1.638479405564875790e+01,1.675020501401110096e+01
8.047045814410841658e+00,1.252610579280717751e+01,1.275386319338183760e+01
1.102022792031418419e+01,1.444011052326742472e+01,1.593034167911288179e+01
9.618985762514382643e+00,1.131085964821649803e+01,1.138570753016708714e+01
1.051359261461134231e+01,1.378237035942734856e+01,1.629902401217837848e+01
1.363989570190118705e+01,1.524875445489326431e+01,1.823135443392210675e+01
1.265520050641763028e+01,1.616473428641921828e+01,1.978039603500513621e+01
1.666497198019917647e+01,1.667686456809799012e+01,1.990845261775404751e+01
9.786201925629057996e+00,1.422813049329160151e+01,1.725177506237781699e+01
1.663396790518147128e+01,2.010576797279028938e+01,2.082171130120291025e+01
9.982243487991430797e+00,1.461215923743047540e+01,1.864286270200901896e+01
1.082316945823729704e+01,1.149829662464136604e+01,1.566758184893952155e+01
1.160804787477058753e+01,1.195034239226388095e+01,1.610948970133588531e+01
6.132703007010401386e+00,9.277535349455456881e+00,1.188994437968425544e+01
1.280384160906546143e+01,1.327875151818829025e+01,1.442028186966030745e+01
7.031236962492384279e+00,9.339494950039108900e+00,1.059180820472622386e+01
7.063021699703714518e+00,9.807513743121116789e+00,1.478384427773755760e+01
1.156576700476893826e+01,1.472555854351179150e+01,1.843936734867866534e+01
1.623916697784958174e+01,1.827638232690108921e+01,2.283249980395132184e+01
8.562805149741119948e+00,9.619717616618906675e+00,1.116688695129377962e+01
8.324890635887054913e+00,1.179157172506218032e+01,1.204844525112198816e+01
4.540737202881733658e+00,8.838809425012607690e+00,1.323185859673086284e+01
9.287701265912795989e+00,1.395241506972084800e+01,1.403997595075304616e+01
6.757728096295254616e+00,9.791115534534325704e+00,1.451846334120207516e+01
3.075075252360572442e+00,3.629414164073432758e+00,7.874189026063593388e+00
7.969396549118938466e+00,1.008390586113231180e+01,1.253842733001632226e+01
3.297460295183981316e+00,6.621123216896315000e+00,7.876191425224393861e+00
1.000656308717249487e+01,1.108462136308114410e+01,1.274399491278177976e+01
6.612489561383113390e+00,1.160358140833543672e+01,1.213194583735121057e+01
7.782514971686108396e+00,1.263194196959160642e+01,1.635059956112570489e+01
1.072719666311053288e+01,1.327538013107982096e+01,1.547835744810919678e+01
7.908392221010959844e+00,1.092553956151147609e+01,1.458731921486869609e+01
3.615523142462363282e+00,8.584359435783389003e+00,9.171249996509288849e+00
4.443474335244924411e+00,7.887614214294842441e+00,1.283311635534201045e+01
2.222126018967683692e+00,4.266544260626874419e+00,7.587153282148975109e+00
7.755226860626748042e+00,8.389065366875604113e+00,1.014406332572842118e+01
5.613259719676960913e+00,9.211324478068616983e+00,1.204497799197030972e+01
9.198648948913195511e+00,1.349518320863870002e+01,1.847070543666463394e+01
6.661146178561042852e+00,1.146575876865636623e+01,1.596708299829962385e+01
3.141112084175717634e+00,7.854930842889412901e+00,1.038085608589060804e+01
1.062878448585236235e+01,1.294972283529338419e+01,1.297954342164796593e+01
5.269732572340659615e+00,7.444984098535945449e+00,8.717142905160709887e+00
5.215786110165491429e+00,7.998724946405766367e+00,1.194178204839631618e+01
4.923349885483390587e+00,8.756217959771740666e+00,1.294349661329598078e+01
6.391190787341244572e+00,8.262967346547902991e+00,1.218620641167103003e+01
3.895743358891508912e+00,8.345349297208468187e+00,1.098358371181972615e+01
6.797552092375217292e+00,8.908677542950085737e+00,1.225052854352775000e+01
1.474575682281522582e+00,3.922427582948006641e+00,8.655940928845158311e+00
8.524891395552165463e-01,5.439212864506746570e+00,7.703539530949461422e+00
5.152647426500026384e+00,7.560215251719959895e+00,8.286599980957848999e+00
5.633231941001621834e-01,5.513643036555915700e+00,9.688729023295373111e+00
2.785737066355398195e+00,6.665927032248582407e+00,1.112407964313213604e+01
4.729616901974480037e+00,9.560277069781289327e+00,1.303905845745462422e+01
2.853352128310937985e+00,3.730580025830293689e+00,6.223913272582734635e+00
7.028413620393759942e+00,1.024215495147008781e+01,1.267627035878860653e+01
4.128155884734804992e+00,4.443280023496813058e+00,5.307737464153923668e+00
4.003270503531211943e+00,4.665570314834476484e+00,5.494280373993063016e+00
1.204058325721093947e+00,4.638989485957232262e+00,6.869877334928002455e+00
3.540788133423395045e+00,5.779401604947527638e+00,9.790339339530579110e+00
-7.739828083071138565e-01,2.590045793219164949e+00,6.767051737834556491e+00
5.285710169787548596e-01,6.666612469093817772e-01,1.805461290494452697e+00
3.936245737793643285e-01,1.335824644545781759e+00,3.159047836824371736e+00
9.773208492330254238e-01,4.582894857017514312e+00,8.706438170363121287e+00
2.808358374280839342e-01,3.750201097163166519e+00,6.764562687641673122e+00
2.463696459215243717e+00,4.469685041605886866e+00,7.877106894979064577e+00
-1.401704523993230866e+00,1.256433966607853447e+00,4.569278135324764456e+00
5.255761692308131394e+00,7.390672193153935865e+00,1.007540264230447491e+01
-1.288840908044019518e+00,2.660134542794717394e+00,3.834582520176335940e+00
-9.393551471914673989e-01,3.240755234478904345e+00,7.492652173958507689e+00
-4.340511657990917982e+00,-2.121502440893062946e+00,-1.596836528670426913e+00
-5.171032462028401611e+00,-3.466456626191659840e+00,-3.171606113943915339e+00
-1.154004996000931760e+00,1.079564164363545631e+00,3.685077211623678295e+00
-1.733920230012171881e+00,-1.819604777651849803e-01,3.715951689457391183e+00
2.535216358859741170e+00,2.633710643380009486e+00,3.535258055105904518e+00
-6.967046320178074126e+00,-3.805428509957699656e+00,-1.708634285579917034e+00
-4.156089121096277594e+00,-9.174538811756790535e-01,2.793090420260797124e+00
-4.539020242015894269e+00,-2.377790321455936606e+00,2.101532946442900673e+00
-6.042906980031456099e-01,5.414048468132182101e-02,6.831047213464717105e-01
-9.829231509653469701e+00,-6.032529157384241003e+00,-1.239316378982667999e+00
-2.712094303641185089e+00,-8.145384296760829201e-01,-6.443938000192452886e-01
-7.044056545237689093e+00,-2.663988512450188306e+00,-3.769243164236035781e-01
-3.933246958211262800e+00,-7.167664975936940408e-01,2.850186652246982533e+00
-6.719229822947859532e+00,-6.428155926363256611e+00,-2.203168643513619962e+00
-4.330861791754981205e+00,-1.883836590775687547e+00,1.198775592961362602e+00
-5.681213437215493656e+00,-5.106256774382937458e+00,-6.419270856114591695e-01
-5.480227273899306084e+00,-1.242709341047674609e+00,3.298867690313989964e+00
2.287001902662221475e+00,2.783390760703465361e+00,5.675138000416382056e+00
-2.147639412329540143e+00,-1.114877698242175530e+00,-3.770776055785980407e-01
-8.374995126156884240e+00,-6.278291583743063953e+00,-2.001401632510659390e+00
-1.134525021143993939e+01,-7.291733042999792858e+00,-2.845395370347121755e+00
-3.150052883532171499e+00,-2.064117232166065463e+00,-3.940957147474237754e-01
-8.665061430403428133e+00,-6.797654266377528565e+00,-6.421074675510855201e+00
-1.215747629605126789e+01,-7.401312759661114349e+00,-4.650217911842321250e+00
-1.276985940699376521e+01,-9.567039998311294369e+00,-5.940059111846993645e+00
-1.144553057234786309e+01,-1.091139512242315135e+01,-8.354308634406407919e+00
-4.247690289951961518e+00,-2.415832191190278699e+00,-1.465149657585991250e-01
-7.514061445609321765e+00,-6.935302354298999994e+00,-5.302809852070566876e+00
-9.752174423596052577e+00,-7.433576250704996724e+00,-7.334657671698290748e+00
-8.999989585654347479e+00,-7.374217596952401088e+00,-6.139585275524725994e+00
-1.476637850688812748e+01,-1.055217023628469875e+01,-8.548598833466083846e+00
-1.264927147932294638e+01,-9.544459126635752355e+00,-8.112224351689185653e+00
-6.655517548301398634e+00,-3.208385225310678379e+00,6.890056895075704624e-01
-1.370442211413546119e+01,-9.024743266636322758e+00,-6.167802703326902503e+00
-1.600708358329550407e+01,-1.508817591666637625e+01,-1.320128396850454422e+01
-1.962313637958674306e+01,-1.502840268559529946e+01,-1.327887922923328468e+01
-1.443524342313881448e+01,-1.186531480868496047e+01,-1.122557181388871683e+01
-1.135237144612295346e+01,-8.620680612874847881e+00,-8.566328572564639643e+00
-8.203390059946402246e+00,-7.204433404218006487e+00,-7.101419621886181588e+00
-1.292492206837996704e+01,-8.971838914550547273e+00,-7.330603026394999944e+00
-1.352836237986860013e+01,-1.053957425079362586e+01,-5.703826297107273291e+00
-1.167389600274620953e+01,-9.541346329179086538e+00,-9.044768860790314946e+00
-1.215319788597243367e+01,-1.065464629348176295e+01,-9.554563089795877318e+00
-1.880633326180951315e+01,-1.546850686631828076e+01,-1.440235392386574453e+01
-1.229476175630672685e+01,-8.237416167555366542e+00,-5.710931289273054823e+00
-1.699492044581026562e+01,-1.557485765868329430e+01,-1.555525979714905027e+01
-1.747604201320339001e+01,-1.419319702694306429e+01,-1.364166412857919930e+01
-1.299613491384289432e+01,-8.406956150550936258e+00,-3.922089442365026990e+00
-1.759897730961543516e+01,-1.472415234585288957e+01,-1.185891250403688879e+01
-1.808659246130812903e+01,-1.737394453236263914e+01,-1.534242487926095677e+01
-1.896948846822998291e+01,-1.415355588581549640e+01,-1.172024968972866077e+01
-1.752128305039220990e+01,-1.567088541178184613e+01,-1.528461946992574916e+01
-2.318810373837766292e+01,-1.827930641919563115e+01,-1.475374749322529766e+01
-1.715502163691710891e+01,-1.287247418918914121e+01,-8.983998983669152949e+00
-2.149518526899353787e+01,-1.837110195831268555e+01,-1.535992617836340557e+01
-1.565810792931736017e+01,-1.262562653755511199e+01,-1.227329675332534009e+01
-2.208313698801120140e+01,-1.834906046251473555e+01,-1.768398957507417890e+01
-1.631009036587823502e+01,-1.360066910682428087e+01,-1.310009888146670498e+01
-1.307983180050190164e+01,-1.124743893673654505e+01,-9.613676498561162020e+00
-2.029260890480073698e+01,-1.566633593404377400e+01,-1.423877566093817038e+01
-1.976155338274155326e+01,-1.753145205719066269e+01,-1.603521081597513032e+01
-1.269087365192026162e+01,-1.265616653883221332e+01,-1.080411897577357472e+01
-2.218563752075131035e+01,-1.873119546443931327e+01,-1.615625278072258197e+01
-2.539531841985238003e+01,-2.215066534096608919e+01,-1.726437723374752409e+01
-1.685093381056936579e+01,-1.486863882378641577e+01,-1.361995104219455577e+01
-1.263857621575740708e+01,-1.031311557210514174e+01,-7.020305599630686899e+00
-1.534104160947824447e+01,-1.460041520600481491e+01,-1.283638659768798362e+01
-1.781617096425486579e+01,-1.656417308600073568e+01,-1.315537474589359412e+01
-1.486683908157609046e+01,-1.441525466916525389e+01,-1.099572296227340829e+01
-2.008995765013400359e+01,-1.804766995964137877e+01,-1.772272056184011646e+01
-2.371803880232872075e+01,-2.142328249426963893e+01,-1.983100346074287401e+01
-2.772407032551068085e+01,-2.377231806601217556e+01,-1.950756312134949866e+01
-1.559164777208210495e+01,-1.466324668858544911e+01,-1.302613085275891791e+01
-1.902839629331142390e+01,-1.588517508073311824e+01,-1.118108133465696241e+01
-1.643565527053199560e+01,-1.490607305922992154e+01,-1.016877396781608844e+01
-2.117423940202729682e+01,-1.842761733629104626e+01,-1.497059397463952024e+01
-2.594182273975518882e+01,-2.352583835848317051e+01,-2.228063870101053467e+01
-2.247439385690419300e+01,-2.126551881980658365e+01,-1.973625986864349002e+01
-2.167946168081317992e+01,-2.031611731706979640e+01,-1.900433169996014016e+01
-2.767647899286028945e+01,-2.345670696848964099e+01,-1.914431357541319656e+01
-1.912973809514774004e+01,-1.771940933042869304e+01,-1.290663925262976619e+01
-2.598643107353765913e+01,-2.101308150352324233e+01,-2.039180077718714301e+01
-1.982946916236109658e+01,-1.949853621162164430e+01,-1.904627215682911157e+01
-1.908166871700839096e+01,-1.743365691607555590e+01,-1.679173848759207033e+01
-2.192934110335479403e+01,-2.111340514799337242e+01,-1.744495169691716541e+01
-2.327170863376340293e+01,-2.020557974274851176e+01,-1.989273242463364255e+01
-2.129758252931040019e+01,-2.125362557954022691e+01,-1.683857440643965475e+01
-2.035211623504312684e+01,-1.861077074977709245e+01,-1.384128521947330981e+01
-2.170110805332363668e+01,-1.781570861837742470e+01,-1.612600737352655500e+01
-1.810985265253299303e+01,-1.649246666527958638e+01,-1.636332806760127312e+01
-1.825648213736254277e+01,-1.732082091764292286e+01,-1.444548259564404624e+01
-2.446506444791381796e+01,-2.002115602491287305e+01,-1.504118652155599634e+01
-2.534923162112088235e+01,-2.373505283838061430e+01,-2.279359010438687250e+01
-2.245282864388375543e+01,-1.928417014050796752e+01,-1.769308135143479888e+01
-2.417765885472910270e+01,-2.061169846388757776e+01,-1.796044820631090744e+01
-2.201356376422612016e+01,-1.921744538593400975e+01,-1.433273065033354499e+01
-2.070396631581094482e+01,-1.757185253029889083e+01,-1.341242525120790674e+01
-2.288940971240904076e+01,-1.852482244256932731e+01,-1.528756531011353914e+01
-1.992749892486325436e+01,-1.953673574594578355e+01,-1.616538460076940709e+01
-2.317183329690416116e+01,-2.099657864597595847e+01,-1.951912859152730562e+01
-2.437797071822714656e+01,-2.204241134300286831e+01,-1.831571050888704377e+01
-2.691833341857494588e+01,-2.287823406468038101e+01,-1.995880543570831733e+01
-2.430883070931640333e+01,-1.942187922738939676e+01,-1.713611970010447294e+01
-2.124500459950144204e+01,-1.719120757336362004e+01,-1.717218876289588536e+01
-3.035344701503775156e+01,-3.018573080002972020e+01,-2.825296805805241718e+01
-2.576805751811092193e+01,-2.205206074760895163e+01,-2.162215200960674011e+01
-2.264250142314450542e+01,-2.192174959444091442e+01,-1.944606308211768919e+01
-2.427763776726667899e+01,-2.237234475322591365e+01,-2.232201942599776601e+01
-2.049309272270570403e+01,-1.877881520747163790e+01,-1.685720312604439641e+01
-2.316798653645806993e+01,-2.055814428556501028e+01,-1.658981824779226244e+01
-2.290644061275838439e+01,-1.972059496545608326e+01,-1.879775543949807926e+01
-2.211267482841758181e+01,-1.779733087395132074e+01,-1.750309474129491605e+01
-2.331941150184297129e+01,-1.864403325989168536e+01,-1.412387094710420676e+01
-2.843363319001554146e+01,-2.739750528012125841e+01,-2.624811942269398557e+01
-2.004603765795822312e+01,-1.976413319664396795e+01,-1.565691753136700726e+01
-2.550263441573920176e+01,-2.311095819233026560e+01,-2.111459737877960308e+01
-2.214919514963101221e+01,-1.956087419782931747e+01,-1.890504379362406340e+01
-2.551813123131604399e+01,-2.436468587145207820e+01,-1.989597522542839414e+01
-2.702203061642033788e+01,-2.243277580693161255e+01,-2.209491737035170900e+01
-2.345520395314961348e+01,-2.093198385079820767e+01,-1.682143092728821898e+01
-2.561937134016503492e+01,-2.176410734401691371e+01,-1.838842741885398624e+01
-3.044755607039582301e+01,-2.979347667012349987e+01,-2.611775310985945353e+01
-2.030871893304315989e+01,-1.900439214352481443e+01,-1.454618911832266548e+01
-2.070273711275013184e+01,-2.022715362353962476e+01,-1.998617737201779931e+01
-1.972054846078770041e+01,-1.799567495371369574e+01,-1.377265700233514423e+01
-2.338126874585931958e+01,-2.333894448937820343e+01,-2.150849833626275043e+01
-2.293239327182264731e+01,-1.928674658710236400e+01,-1.597373009749386519e+01
-2.162800496162135744e+01,-1.904615150054372563e+01,-1.851233817248072810e+01
-1.614155693254767598e+01,-1.589124607208550444e+01,-1.577245690778753939e+01
-2.001001236457850041e+01,-1.708353285085653184e+01,-1.362820817451229161e+01
-1.975191338665304741e+01,-1.520416015076259697e+01,-1.463832524819022218e+01
-2.018583497490284628e+01,-1.630363497480135138e+01,-1.545292378248654153e+01
-2.191136396971043254e+01,-1.975550144914265260e+01,-1.847614883522070528e+01
-2.687979592359726411e+01,-2.311352665671479656e+01,-1.855207564083978511e+01
-2.424877994407721360e+01,-2.114651777941592314e+01,-2.101378881922323671e+01
-1.656256724831972704e+01,-1.368677486810564758e+01,-1.007094777581084344e+01
-2.141487973063599881e+01,-1.749068098755049760e+01,-1.731133472605106860e+01
-1.484059344083192933e+01,-1.383617179017425514e+01,-1.251764653209091449e+01
-2.183133799094883898e+01,-1.781059810623063910e+01,-1.327237771296090685e+01
-2.055182697483454746e+01,-1.726391066026953069e+01,-1.554104607607054689e+01
-1.787775632038062312e+01,-1.746214401485819323e+01,-1.320170698944400023e+01
-2.208140767431373774e+01,-1.966039328083868654e+01,-1.582535676506904920e+01
-2.205842137956970817e+01,-1.936549058011519975e+01,-1.856759562951887688e+01
-2.199755406052542384e+01,-1.710135767212799962e+01,-1.406887885902450464e+01
-1.749040961760073287e+01,-1.471500175594083970e+01,-1.383729994891359638e+01
-1.521057452879296612e+01,-1.272691494588824668e+01,-7.785756961818056432e+00
-1.918449362378589029e+01,-1.772155149602043522e+01,-1.679834808199529661e+01
-2.005965452583819797e+01,-1.593590905088739440e+01,-1.396435432679512445e+01
-1.773267043765730122e+01,-1.657861509445480053e+01,-1.555691157447937201e+01
-8.626287206779664984e+00,-8.490393614391139820e+00,-5.272154905152294013e+00
-2.298560501852334070e+01,-2.051702736254608084e+01,-1.824698070447120557e+01
-2.282546843864682984e+01,-1.952057271274839678e+01,-1.926845394172814352e+01
-1.733873162711807936e+01,-1.418840177081127507e+01,-1.369028011937895606e+01
-1.923851762825084677e+01,-1.721490199663124798e+01,-1.261429031377071652e+01
-2.261671394908392330e+01,-1.938371491383168532e+01,-1.467798724081338158e+01
-1.596573196697610619e+01,-1.573060151750392066e+01,-1.109872908257201729e+01
-1.624770347144851357e+01,-1.446878988624398943e+01,-1.275058627216446183e+01
-1.051457963501832715e+01,-9.799548515893855338e+00,-5.134722585708611398e+00
-1.896569980363568675e+01,-1.692748524701077883e+01,-1.277462029398072829e+01
-1.705201566715376416e+01,-1.352862817601723755e+01,-9.789260516756570496e+00
-1.979986535461219432e+01,-1.755330236375041864e+01,-1.453052871466226392e+01
-1.586183361273669590e+01,-1.443836239112768993e+01,-1.116939405167580013e+01
-1.612789497751669288e+01,-1.336199848939224033e+01,-9.113434258558001488e+00
-1.663854261378560651e+01,-1.424322652227911767e+01,-1.131628503728980029e+01
-1.812300635337420118e+01,-1.427660210020351705e+01,-1.141879334752549546e+01
-1.408178865168351024e+01,-1.352935422559958667e+01,-8.924997459370560549e+00
-1.605150472520453775e+01,-1.174945570286373631e+01,-8.161094958794146592e+00
-1.096652995653712992e+01,-9.577989148223366556e+00,-7.904936407360763972e+00
-1.728421126081784820e+01,-1.441517083809354816e+01,-1.393321511271121693e+01
-1.372489885702473345e+01,-1.179710975562763942e+01,-7.755994933301531447e+00
-1.233680461920866200e+01,-9.579383711565842674e+00,-8.985511186285680907e+00
-1.692441829237976592e+01,-1.270260152970822887e+01,-1.044090617981638758e+01
-1.316025064227998342e+01,-8.507170016623584630e+00,-3.608182868233941853e+00
-1.257317307112498916e+01,-7.635032382246214055e+00,-4.728129073521211367e+00
-1.457196909525813489e+01,-1.264940901699746334e+01,-8.945032582784861575e+00
-7.667048892206901556e+00,-6.999810820500281139e+00,-3.121361705661874986e+00
-1.491992592478689872e+01,-1.346090462655272901e+01,-1.218972059436751998e+01
-1.039628911873053774e+01,-7.898854519145848130e+00,-6.303389714886171724e+00
-6.930151113386826545e+00,-6.686710537100864826e+00,-6.203024279671178753e+00
-1.377706655044622508e+01,-9.789388945887177229e+00,-5.272313144646396665e+00
-8.345021925495162307e+00,-7.436542098922399369e+00,-3.666302308202456395e+00
-1.051508128429356148e+01,-6.830094060263104616e+00,-5.666184482736039030e+00
-8.854863469292491018e+00,-8.367021720618836866e+00,-4.414749058756108901e+00
-1.155734429140252395e+01,-1.013639737008680797e+01,-8.988578867072689604e+00
-8.408255035727602689e+00,-7.785326221821307513e+00,-5.786463228640272405e+00
-6.871180515249967868e+00,-6.630165043455523488e+00,-4.936698009105230156e+00
-9.066276283037968398e+00,-7.861957087272663180e+00,-7.306054981937880832e+00
-9.133666997926253472e+00,-8.194048050093567070e+00,-6.662912731107454078e+00
-9.969485883834257933e+00,-7.805247662316608270e+00,-7.240179783942922498e+00
-9.487484023239597164e+00,-8.896552886922453496e+00,-5.260850988698456021e+00
-1.367843183578568045e+01,-8.950370145768271612e+00,-5.714509020920594651e+00
-8.143972262955504249e+00,-7.312354730915755496e+00,-2.576588628645734680e+00
-4.571990584463430096e+00,-5.633159308167972057e-01,9.979420496184905343e-01
-4.530445575709835637e+00,-1.823317704747715595e-01,4.258729928833857592e+00
-8.824052730565401959e+00,-6.645252655106316908e+00,-6.622438826762931718e+00
-1.189562857632776804e+01,-7.489859667637459140e+00,-6.520334391286380260e+00
-5.636095493684567082e+00,-2.042873129615229821e+00,1.951714299420699739e+00
-4.113215134948713825e+00,-4.052342599558251379e+00,-3.773411834695771905e+00
-8.683347199669196215e+00,-7.253777137878552494e+00,-6.505267951915365110e+00
-1.973174832555407487e+00,8.195908665856057596e-01,2.819206479773545215e+00
-4.562150641197607825e+00,-3.045707873578185954e+00,-2.119756309505955727e-01
-2.425105027733203578e+00,1.575001603583221055e+00,6.556406071551956316e+00
-4.676331645708023288e+00,-3.532982255964825402e+00,-1.515060113911749884e+00
-8.978082406991575226e+00,-4.997441007148002434e+00,-4.991402267657630176e+00
1.103009554071700649e+00,2.663465602277136579e+00,4.458503502498476934e+00
6.269491943702824033e-01,1.330755991981601216e+00,3.646892421432984754e+00
1.194436532103790860e+00,3.222584650185000843e+00,7.658040556198510984e+00
-3.476837725445737437e+00,3.208581800422867225e-01,3.712028615607978477e+00
-1.250076354520791133e+00,-7.699157678009228567e-01,1.238180647063399586e+00
-2.536972310995256219e+00,-2.001434728043914646e+00,-2.603873318023761652e-01
-3.132700902935534604e+00,-1.774576146568049850e+00,1.063318017002528482e+00
-1.035859342356374846e+01,-5.428892268881722494e+00,-7.045966257780156283e-01
-2.365808348137775852e+00,-1.294611522892606281e+00,-7.842871066404037972e-01
-3.455588108658012025e+00,4.245160264071152767e-01,1.580836096790853684e+00
-1.374402692434776085e+00,1.335671921968197395e+00,4.409005274912431993e+00
-8.444299266726964515e-01,1.743648052630411227e+00,3.550091471321559666e+00
9.832980599899093122e+00,9.910102145048488964e+00,1.225382396245712080e+01
-2.783923034977775934e+00,7.662970714735877209e-01,2.707404053784904896e+00
4.705359435464961493e+00,4.899766141919643658e+00,9.759212183641960081e+00
1.929546174025170480e+00,4.283956687656489848e+00,7.171395489907506970e+00
-1.956224088073962086e+00,2.645572771430906300e+00,3.865002217790953321e+00
6.799439791477460915e+00,7.301795558320529622e+00,8.852952858000222136e+00
7.869430305617690635e-01,5.723720938095063993e+00,9.464502858112556538e+00
4.806973600851192074e-01,3.721465341079778000e+00,7.762883403937388849e+00
5.436835604281689882e+00,5.828909951587490923e+00,8.829955270156354175e+00
2.586467539450919340e+00,6.440702085157266943e+00,1.055876178996739156e+01
5.007332085249238673e-01,5.107834915686255250e+00,9.015791015361557470e+00
4.004574189127430017e+00,7.766666770355843852e+00,1.078180315923652088e+01
5.075182542997632495e+00,8.989773904511284996e+00,1.070040674091338850e+01
6.034302603025174960e+00,6.745293695734297046e+00,1.148439439597755651e+01
4.456796181614451235e+00,5.356217466181334430e+00,8.218819426562978592e+00
7.046558443054980359e+00,7.098562045379633645e+00,9.352183810083086968e+00
1.272863522424465543e+01,1.292915889830243792e+01,1.336649971924946989e+01
3.453573897343466648e+00,8.256492700107388671e+00,9.028289160745636366e+00
8.354985955833742040e+00,1.026646290980478682e+01,1.402684948909796248e+01
2.896601972870973540e-01,5.685921484509028900e-01,3.943558672567799128e+00
3.967058073180654176e+00,7.125166376257151768e+00,8.947575713831019684e+00
5.333808133184132494e+00,8.107049122854173007e+00,1.260851802754246620e+01
4.197979830972785820e+00,7.519784492259717901e+00,1.098554687041441014e+01
3.942927522445471844e+00,7.411541510872810434e+00,9.594114100196120987e+00
-3.602362907362996580e+00,-9.364525837882453629e-02,3.968052087085111701e+00
3.000067834291752167e+00,5.787359782065864877e+00,7.742581213488895386e+00
2.328543584984790638e+00,5.874727931682627080e+00,1.080599269693873410e+01
6.612264661924422526e+00,7.104276446897310748e+00,1.182234701425688250e+01
6.823887003314321298e+00,1.095565308304725960e+01,1.180291204170495512e+01
7.617296138137517936e+00,9.748819870470514459e+00,1.143787047714486604e+01
7.814520579936043987e+00,9.340104428927800129e+00,1.279001114183243537e+01
1.066313661065607654e+01,1.102864154238754324e+01,1.215360731793722060e+01
1.024108992381302485e+01,1.364599004235110691e+01,1.395583826843771647e+01
4.175183834579127229e+00,7.480818427843161089e+00,8.254427686164175881e+00
7.591237047310719355e+00,8.202879273798767912e+00,1.266025907671358652e+01
1.170350149350701940e+01,1.408067134785710017e+01,1.803411785697128167e+01
1.077446654530093539e+01,1.182621251882556379e+01,1.260842092738102771e+01
2.998399204894694137e+00,7.059801354911064308e+00,9.967246466921746872e+00
6.267236800076489089e+00,9.448144671684385543e+00,1.127897219530312256e+01
9.365827791867422647e+00,9.839940575006449919e+00,1.462590768647190842e+01
1.417752412202223411e+01,1.539234487611768110e+01,1.833593722236133772e+01
1.609231106628470087e+01,1.905938439532432227e+01,1.943456028939950997e+01
1.052092952231026857e+01,1.163819152373545762e+01,1.232061445241512310e+01
9.527951107618289228e+00,1.241497939754721003e+01,1.644262984312093323e+01
1.412962239020869148e+01,1.600189175320253554e+01,1.902003009008023326e+01
9.835522809538362665e+00,1.084486636247990354e+01,1.187725576545644124e+01
2.051212897750202302e+01,2.136073700961192401e+01,2.488184306983741934e+01
7.204208000517864363e+00,1.137517450077842263e+01,1.246919810386726724e+01
1.215725945326562751e+01,1.386193339684075099e+01,1.844469488044348893e+01
1.633608081968471026e+01,1.699719829924314851e+01,1.933682402631346520e+01
8.004172301984443294e+00,1.231321996507720762e+01,1.669981500112653094e+01
7.575011833830415320e+00,7.598512231700732755e+00,8.962949309845651413e+00
6.476860727649408567e+00,1.043220666029916721e+01,1.171433236151162305e+01
6.990712793359681321e+00,8.557166395004207615e+00,1.039141550158343286e+01
1.302862693916218539e+01,1.487999114526252598e+01,1.805942100014552665e+01
8.471319389512157016e+00,8.938314312425742258e+00,1.285527465675082226e+01
7.957692869632731814e+00,8.353090951466928260e+00,1.062666275351164202e+01
1.271362526470646870e+01,1.524246688954710827e+01,1.825949933800823288e+01
1.458130850022013902e+01,1.466946955560007382e+01,1.494927922367139494e+01
1.330729769849730637e+01,1.580036525660941038e+01,1.854478851734796052e+01
9.183915362608930266e+00,9.883155016136701221e+00,1.089937387024977511e+01
1.282477750458570220e+01,1.304357555133373836e+01,1.415466627324988558e+01
1.316815923821323686e+01,1.572668401926496351e+01,1.704017454073512283e+01
1.102647866005859534e+01,1.171025328056045112e+01,1.600336398323488751e+01
9.896179706363671613e+00,1.376399830505346600e+01,1.758315883236226540e+01
1.672088082067920212e+01,1.895890638794966421e+01,2.279587478938177370e+01
7.968714016784856469e+00,1.131836222869167941e+01,1.466921453773730555e+01
1.097321069815170880e+01,1.106794725433936932e+01,1.400801118254570810e+01
1.128336296439533726e+01,1.308318402740763098e+01,1.647710957960747180e+01
1.111189805081818704e+01,1.231491191185329725e+01,1.344237725813294126e+01
8.735471808709409203e+00,1.173333724942053280e+01,1.233851470067510903e+01
1.509861680800053385e+01,1.844848448134550978e+01,2.343192426126330474e+01
1.173997679821264839e+01,1.391290740429200135e+01,1.403222848394863220e+01
1.723691804823684848e+01,1.740727414113010241e+01,2.018907419070897546e+01
1.299909665569024497e+01,1.332942913500365911e+01,1.406891419677930877e+01
2.858060115567222059e+00,6.296745577628826140e+00,8.874656824485093409e+00
1.050106496905253017e+01,1.491280828304866368e+01,1.578351825087158211e+01
6.202617368722048496e+00,9.512634303111850542e+00,9.651233247931905623e+00
1.514322121464632431e+01,1.748659111388821685e+01,1.895329850677238070e+01
1.003680245277919880e+01,1.215904044467933787e+01,1.712565139093545241e+01
1.206654758892765145e+01,1.242939989573080695e+01,1.485106324318105386e+01
1.114798930222580431e+01,1.127850277285880232e+01,1.337626437643293542e+01
1.821915226225885576e+01,1.959472167243459140e+01,2.264684872917150216e+01
9.292006239543930235e+00,1.127561706628162241e+01,1.607589612673680080e+01
1.193453172783850746e+01,1.411330692268327525e+01,1.842187972300819965e+01
1.670011822984025684e+01,1.784345122860961652e+01,2.055814841948791027e+01
1.113718496421321014e+01,1.472303790803012902e+01,1.936508135406790387e+01
1.393346012000664658e+01,1.690356980636594386e+01,1.741568745404154228e+01
7.845467566858154385e+00,8.049449212366397433e+00,9.599857223611120816e+00
1.337059663076464844e+01,1.388575572052074492e+01,1.388713170329794444e+01
1.641456101066811968e+01,1.736152554989280361e+01,1.882753952782269380e+01
4.702915989091811966e+00,7.522437515306837241e+00,9.566276384221296780e+00
1.220162081531481313e+01,1.352713718778759144e+01,1.779713466703429248e+01
6.147141690819657889e+00,7.054300555428287822e+00,1.156571854071686900e+01
9.070959732974854806e-01,1.095030156403986155e+00,4.376742147995383192e+00
1.296556092971428598e+01,1.789780250707125475e+01,2.045068375610298972e+01
9.903242718324577254e+00,1.330661039007839896e+01,1.526724646924111006e+01
9.136996529322143346e+00,1.309619631802847906e+01,1.421920136642506272e+01
7.662957174085709866e+00,1.240349379713885369e+01,1.520226237674701508e+01
1.377107345557704043e+01,1.571901370574144252e+01,1.933306293630894501e+01
1.325469452207387455e+01,1.615573423641539108e+01,1.802807060759575464e+01
6.277333194445024134e+00,8.261089371677954318e+00,8.284219113875183282e+00
1.141112196738601980e+01,1.152850792437512339e+01,1.388038386349516173e+01
4.118460074176802266e+00,5.427310979447790729e+00,6.728716096043138251e+00
7.788629993241591443e+00,1.080762851683752324e+01,1.198511314996486377e+01
1.223794080655961025e+01,1.580020897636725152e+01,1.584163019984544896e+01
7.424098195276723544e+00,1.241264671452880108e+01,1.678691042463674421e+01
4.763447971966802363e+00,8.245591032552409771e+00,9.363899133106970751e+00
7.792349100273627371e+00,1.171860474042482991e+01,1.248947203624777202e+01
6.998629107873898469e+00,1.032360879413744570e+01,1.461558087200656431e+01
1.077055554683595595e+01,1.186369212285529251e+01,1.300777390451313131e+01
3.612948710784975148e+00,8.542498033376423550e+00,1.175224676793158451e+01
7.659619330305213580e+00,7.964811350189066275e+00,8.666569645583132697e+00
1.484202159087386974e+01,1.669979916229538830e+01,1.736656426559676447e+01
1.138877004210528732e+01,1.227974191851747854e+01,1.353597491844435474e+01
9.465308388069217926e+00,1.054718540879150446e+01,1.503563733209586673e+01
1.053095831465257781e+01,1.243360147993758780e+01,1.491114231386112010e+01
6.787655954860031926e+00,1.100676490960715093e+01,1.226197620763862695e+01
6.973172083665781784e+00,8.214507172379798661e+00,8.850941342283825009e+00
3.083456202574310190e+00,6.337292295755508675e+00,6.340616688367288312e+00
5.881292430831445373e+00,1.062525304337529519e+01,1.290326248039318813e+01
9.823952138587175753e+00,1.166536833146822261e+01,1.472246424506694140e+01
1.164406011330421009e+01,1.363879804609812219e+01,1.858065103265043305e+01
1.110349793745350233e+01,1.233746029150820789e+01,1.239464541654742114e+01
7.682682577084568365e+00,9.924357127624602981e+00,1.371812835249500218e+01
8.881406556157479315e+00,1.237452735792028058e+01,1.286558943277324119e+01
7.893532083780364417e+00,1.039281142970088112e+01,1.261043032454198887e+01
6.955762178226922110e+00,7.581376741029846045e+00,1.061516882080914215e+01
1.110910402325685276e+00,5.548625217111270658e+00,9.209359303470975533e+00
7.011575779198508052e+00,7.983425170131394744e+00,1.158102417388855443e+01
6.941527723536550454e+00,8.293072291800172025e+00,9.721712433912582441e+00
4.426866612060694983e+00,6.518452666534562567e+00,7.167842180932626484e+00
2.831815687391129543e+00,4.090479754753243213e+00,5.875984336409374009e+00
2.170228948040941575e+00,3.679342233505586535e+00,4.617391136639842131e+00
3.483181557572221365e-01,1.758145660244208486e+00,3.905723399431448861e+00
-4.170235062036548257e+00,-3.080258664209392094e-01,1.279542232103509036e+00
-5.870875125978625597e+00,-2.150726901429851345e+00,2.537578409155623049e-01
1.331178946348538616e+00,4.481219525283060001e+00,5.200172995233183215e+00
-2.256983882201031300e+00,-9.496104735585735312e-01,1.819508350378220563e+00
2.233990956992774279e+00,6.070534403915516464e+00,6.598784471952673591e+00
1.760742756812537557e+00,4.353981283769583044e+00,6.285585297190298348e+00
-4.343058656520520699e+00,-5.253001693071479572e-01,3.607812511195875427e+00
3.251175691051336525e+00,6.591463482298157928e+00,9.467926844090701621e+00
1.506293105068866378e+00,1.534268428379573113e+00,6.278581878115691239e+00
-1.741069658437195633e+00,-8.744690262628886934e-01,2.092963732389064191e+00
1.819985856663373092e-01,2.573094258182458738e+00,2.621798057633803136e+00
7.928024873162315966e-01,1.217081510224064633e+00,5.706918834116779138e+00
-5.710404799516721752e-02,1.568656533463613334e+00,5.858867821457039327e+00
4.577095394699306041e+00,5.101536373293994231e+00,5.863390040308051887e+00
1.616791050021247456e+00,3.362562289927539361e+00,6.572761973631388699e+00
2.503709271592047259e-01,1.664769617011214287e+00,3.482700918533302215e+00
-3.739434874518116292e+00,3.542425592716341165e-01,2.618242488921030287e+00
-6.746578222439987282e-01,1.214839952190720940e+00,1.801859191647187552e+00
-4.776713683441096592e+00,-2.491037221228004750e+00,-2.305566321714831002e+00
3.498284208777299398e+00,4.346380813167989743e+00,5.024301222355642693e+00
-4.424323130183677399e+00,-4.186991692342621363e+00,-2.127825404397807318e+00
-2.856315087080816273e+00,1.652653093367665971e+00,3.600343627015375247e+00
-6.024417150177391100e+00,-5.432108928823696559e+00,-7.947080817474798664e-01
-1.146630497809215443e+00,-7.496593370431856584e-01,1.281910037880352071e+00
-1.134976389677714970e+00,2.160302834729812993e+00,3.788032822858063753e+00
1.201984262305716644e+00,2.937867977969649935e+00,4.335954525862536713e+00
-2.662260739073312621e+00,-1.539259717107397618e+00,2.551909423561968815e-01
-2.556930016880736733e+00,-1.234519508081718175e+00,-1.805399307269222042e-01
-4.646633882336914212e+00,-3.803981532607289218e+00,-3.189911445629574960e+00
-8.897943107154954845e+00,-6.718549041574398473e+00,-2.813894380062680778e+00
-6.731833360184808157e+00,-6.135319551960574991e+00,-3.130567119945634413e+00
-4.054899419877602718e+00,-2.128144658271744483e+00,-1.594785383157554914e+00
-3.007970529452561159e+00,-2.611021151220493053e+00,-1.218345203576182367e+00
-9.553592814898294705e+00,-6.706844308399508847e+00,-2.787397325082902722e+00
-8.486046571742466682e+00,-7.138248190554772776e+00,-3.470524606427415115e+00
-7.960344533621267260e+00,-4.315079824550787535e+00,-2.817351292379643546e+00
-9.853101359112434565e+00,-7.321730633939272259e+00,-5.754716397536786765e+00
-8.143419347619239801e+00,-6.430295572924284997e+00,-2.987898926111045128e+00
-8.846349417896085754e+00,-5.559607257386353751e+00,-2.285043239947490701e+00
-4.876694148316561339e+00,-4.807439704593887697e+00,-7.945161126348336822e-01
-9.893979447200452526e+00,-8.379464396440535978e+00,-4.898336951587330290e+00
-5.625924354028682295e+00,-4.003411232129939101e+00,-4.046625180394896049e-01
-7.437096253517559319e+00,-6.945779245412119884e+00,-6.428422679770798176e+00
-1.066847143097901096e+01,-7.208185472838854579e+00,-6.958854678617808709e+00
-1.168559611486601568e+01,-6.882262642071095726e+00,-6.234447186772879235e+00
-8.188078658731836157e+00,-5.021893807039363722e+00,-8.985250029571023589e-02
-9.545245755706533330e+00,-7.505371857549631542e+00,-7.314941022455426101e+00
-1.414989740995406109e+01,-9.895009485378224667e+00,-6.528862887875028775e+00
-1.386072086913870294e+01,-8.869577317454174548e+00,-6.194967995564652163e+00
-1.387789846585685538e+01,-1.233558147907520031e+01,-1.112652539192821166e+01
-1.032473414453227534e+01,-9.488554541085308713e+00,-7.330950020497640551e+00
-1.599224988232556299e+01,-1.149371982122450753e+01,-1.113604017264060531e+01
-1.524433501542044667e+01,-1.222768640821353259e+01,-8.922071212854689293e+00
-1.405852338312196714e+01,-1.077568825333126412e+01,-9.933123739447179190e+00
-1.049599652272806338e+01,-7.212128625344993438e+00,-4.397725817591318531e+00
-1.696191456139569098e+01,-1.319418334709590823e+01,-1.156222179709263997e+01
-1.322625262568401538e+01,-1.176428851052675562e+01,-9.721528276797020141e+00
-6.435808912970042428e+00,-4.949801817445164787e+00,-1.476245048820376216e+00
-1.401872514932633251e+01,-1.184870383664129001e+01,-1.156499877977699953e+01
-1.619430322406517675e+01,-1.350826772711464585e+01,-9.155173807240725381e+00
-1.303868219263255135e+01,-8.605097839953183225e+00,-6.894322166939547358e+00
-1.465005196260675291e+01,-1.131759273037607016e+01,-9.700428105894548736e+00
-1.951561185472536408e+01,-1.683749750594942540e+01,-1.558233619927285218e+01
-7.548793783214036601e+00,-5.678325341780074531e+00,-8.374586276724764744e-01
-1.981751170052610078e+01,-1.654579757942901708e+01,-1.337535009111186213e+01
-1.880752774795761795e+01,-1.758035686496631200e+01,-1.305684722674581977e+01
-1.517396725383612832e+01,-1.366795639301300902e+01,-1.016462680746203340e+01
-1.543911650612814768e+01,-1.116465479434997476e+01,-8.920957823791361818e+00
-1.335699078680289276e+01,-1.228552023892091327e+01,-1.004056616666387214e+01
-1.497489419587892989e+01,-1.450235097429943387e+01,-1.223963721239386793e+01
-1.891118121494830007e+01,-1.848197369783151345e+01,-1.438482863044845317e+01
-2.072370386437586021e+01,-1.897015028600818454e+01,-1.541974164670341452e+01
-1.687831832660816289e+01,-1.495541888841659883e+01,-1.232204699561375172e+01
-1.631714206499974296e+01,-1.487720494955536665e+01,-1.329429645508782798e+01
-1.663626648867798963e+01,-1.439499536137383018e+01,-1.083789263083895094e+01
-2.152199254793872285e+01,-1.763927065149557905e+01,-1.736556738700336666e+01
-1.780978023107915220e+01,-1.480083015157998005e+01,-1.409374412085127304e+01
-1.850369385360138708e+01,-1.494871289610561149e+01,-1.235340752857561952e+01
-2.486607938105520432e+01,-2.426877879225810375e+01,-2.104627201325202179e+01
-1.768429139135425388e+01,-1.509827264595086049e+01,-1.062324652675464165e+01
-1.703474976210171121e+01,-1.612673641242956535e+01,-1.141419051546872687e+01
-1.927915993356089075e+01,-1.779108833468791318e+01,-1.665021807362519368e+01
-2.114827459977455959e+01,-1.995141269428720676e+01,-1.620148275331886012e+01
-2.417972720965823541e+01,-2.351021127082414708e+01,-2.173104780897254429e+01
-2.278004455632061109e+01,-1.810208837544877269e+01,-1.579579331704606382e+01
-2.229599389858765690e+01,-1.963835798215711748e+01,-1.665255280251154346e+01
-2.434424232308935743e+01,-2.102850741552665070e+01,-1.612945222468024653e+01
-2.263817973468846390e+01,-2.158836020630344876e+01,-1.842814564139437294e+01
-2.271857084004702898e+01,-2.042599918979366436e+01,-1.748021995492732827e+01
-1.714948339175779424e+01,-1.567316862538273625e+01,-1.505483641142352091e+01
-2.289645792359193877e+01,-2.213157169856153317e+01,-1.919335403821050079e+01
-2.031215751869670783e+01,-1.797796520599759518e+01,-1.498095995157496851e+01
-2.065211109966268666e+01,-1.950683379710091359e+01,-1.833160240341709013e+01
-2.039634885225590466e+01,-1.797664078302297241e+01,-1.695611613965385445e+01
-2.205060506764910855e+01,-2.094935395836557390e+01,-1.740116749055761858e+01
-2.803322733760224494e+01,-2.457590622499484567e+01,-2.396305985696638530e+01
-2.296829956411776763e+01,-2.202209417069319386e+01,-2.030906627908694873e+01
-1.726787455484978295e+01,-1.619366150565141993e+01,-1.467512091188689993e+01
-2.311495204623159694e+01,-2.124586316233639849e+01,-1.684791828395350421e+01
-2.306097593768171805e+01,-2.268031757303789320e+01,-2.134615851452798552e+01
-1.648930651545438053e+01,-1.448852568664267437e+01,-1.269508328100943118e+01
-2.282906647827328328e+01,-2.235261280555941354e+01,-1.742586528603826324e+01
-2.026875188333792721e+01,-1.749822464825340163e+01,-1.324136523978937774e+01
-2.552968985684778858e+01,-2.296127653198289309e+01,-2.039251423596047985e+01
-2.051881465160612450e+01,-1.677739731560540903e+01,-1.663496193227405939e+01
-2.075925265261205510e+01,-1.688037758349017636e+01,-1.374186790137700953e+01
-2.617906582722857678e+01,-2.141704680380781411e+01,-1.931486842581783492e+01
-2.251247067512992928e+01,-2.140446159279375138e+01,-1.699406809280698738e+01
-2.500803612156892086e+01,-2.013694825023787516e+01,-1.660176748648219203e+01
-3.128558710510371554e+01,-2.646324408928295213e+01,-2.631166209472685225e+01
-2.367601828206529646e+01,-2.211672814891458216e+01,-2.107361323246756513e+01
-2.367137570412365122e+01,-2.269360364291905796e+01,-2.242996755354861449e+01
-2.310839969945029893e+01,-1.966786873737073194e+01,-1.895168192283293962e+01
-2.076470790033280522e+01,-1.831872027637463063e+01,-1.785210961107885197e+01
-2.437453935493011414e+01,-1.941736339980418791e+01,-1.784824676351926698e+01
-1.991110988264878401e+01,-1.944597410606851540e+01,-1.475017036168552309e+01
-2.912796627536128469e+01,-2.510825088285544027e+01,-2.313104378196687350e+01
-2.620538975771590628e+01,-2.321423832333856296e+01,-1.918490263314327038e+01
-2.575512653816286246e+01,-2.243751097247429627e+01,-1.798028142700958654e+01
-2.808043355047993117e+01,-2.344288350834582957e+01,-2.054154805934761185e+01
-2.137152858670867417e+01,-2.005238339131278380e+01,-1.836440048071937525e+01
-2.010593343708502445e+01,-1.987212914460935664e+01,-1.658951454832198991e+01
-2.332545850240258645e+01,-2.122731461150011967e+01,-1.683968557988396597e+01
-2.370845709179857863e+01,-2.063002648484869184e+01,-1.887282495758503131e+01
-1.869753805491960819e+01,-1.776413591928309899e+01,-1.734682979786065360e+01
-2.203669849850323104e+01,-2.016250114047561937e+01,-1.835485916041895393e+01
-1.847090123840039766e+01,-1.789785125279017208e+01,-1.703929095375274372e+01
-2.782735853813404248e+01,-2.388632070138900332e+01,-2.002449505151118458e+01
-2.433218477044629680e+01,-2.049193655930647751e+01,-1.909411265204974484e+01
-2.413735652932711773e+01,-2.103983567898925600e+01,-1.950510716038210290e+01
-2.838914268520809969e+01,-2.465217474890701155e+01,-2.104364655262853034e+01
-2.438680585661886013e+01,-2.043559537027769224e+01,-1.903383802829059235e+01
-2.238710234268818056e+01,-1.934994252700344575e+01,-1.493004550069526815e+01
-2.312552807290608570e+01,-2.125825962339188990e+01,-1.721388660062621767e+01
-2.172759777022581318e+01,-2.075691899681353547e+01,-1.864826245056207199e+01
-2.322120861468583186e+01,-1.893423562013769867e+01,-1.507270454344568478e+01
-2.220710150154602047e+01,-2.154867733836807275e+01,-1.730719620513710666e+01
-2.264835944876825380e+01,-2.113845492763637779e+01,-2.098111049608745660e+01
-2.238049119906130002e+01,-1.950497005834029096e+01,-1.835226764383441633e+01
-2.696850492187139992e+01,-2.236572467957548582e+01,-2.159864715641232991e+01
-2.980967020552140667e+01,-2.736212320648731833e+01,-2.446380219749966400e+01
-1.935667462195326038e+01,-1.833142539681871952e+01,-1.522887087529823802e+01
-2.617784997954492354e+01,-2.254252379080087110e+01,-1.811349354764086073e+01
-2.223009162367308278e+01,-1.865474489575018069e+01,-1.534336055968156920e+01
-1.877236712262095253e+01,-1.535132036297662061e+01,-1.376906072426491079e+01
-2.463284424481310708e+01,-2.265942380237954268e+01,-1.788995621545366177e+01
-2.151814810864879846e+01,-1.939422830352183169e+01,-1.607790556310773056e+01
-1.762016801175348135e+01,-1.556356078243534391e+01,-1.547420605755599432e+01
-2.170849965814073812e+01,-2.130913135374872525e+01,-1.766184435556323962e+01
-1.738027692568352833e+01,-1.656966606608032322e+01,-1.559916629438700575e+01
-2.390845497607330827e+01,-1.926105275722928667e+01,-1.528424355370088250e+01
-2.332791285131774472e+01,-1.953452669192931523e+01,-1.605506519171668600e+01
-2.081535497366402865e+01,-1.744036772793603163e+01,-1.478244106764667443e+01
-2.051036373373292321e+01,-1.591813059388015716e+01,-1.130529892113263557e+01
-1.835596010548594492e+01,-1.647037339299435388e+01,-1.164996082347973960e+01
-1.264020809360407149e+01,-1.180010264110117113e+01,-8.625627393163771472e+00
-2.161774758075206648e+01,-1.787727699961565975e+01,-1.426527819490620175e+01
-1.713452980759125310e+01,-1.577049078233375212e+01,-1.547061454048474793e+01
-1.937267700579705831e+01,-1.855833249730366674e+01,-1.497793609096920697e+01
-2.103186375195496538e+01,-1.939531866486488454e+01,-1.636097555979085882e+01
-2.185043120397817162e+01,-2.015275445999546733e+01,-1.684221198334753922e+01
-1.365282781462362927e+01,-1.265136299173320467e+01,-1.032536097882409543e+01
-2.026818911575017523e+01,-1.572107649488624581e+01,-1.456755892942363317e+01
-2.082562988888216893e+01,-1.598053294845636607e+01,-1.124969493652558405e+01
-1.679474595784161295e+01,-1.451583479666387433e+01,-1.435364721595577109e+01
-2.156978267571239627e+01,-1.849559854362707867e+01,-1.558586298960964456e+01
-2.202963487993788760e+01,-1.888774991072426701e+01,-1.419784068438233504e+01
-1.974021532184190875e+01,-1.593095048020405358e+01,-1.263706563186000587e+01
-1.494473701521527431e+01,-1.386744859952667852e+01,-1.312240028599716446e+01
-1.564100009171945516e+01,-1.421191378129442384e+01,-1.142733822176242064e+01
-2.121744672830607570e+01,-1.679306922163583948e+01,-1.667039311515182121e+01
-1.885022792100778588e+01,-1.445871409721899425e+01,-1.064119846460919838e+01
-1.443020791843261819e+01,-1.424973274966942682e+01,-1.168133633771503810e+01
-1.666965071370081120e+01,-1.276300206595874798e+01,-9.944080127849574069e+00
-1.527578568978110773e+01,-1.125730116053208185e+01,-7.964341782084145116e+00
-1.308590076149345016e+01,-1.178389545779806546e+01,-9.818438727066070015e+00
-1.929184229775277259e+01,-1.768515499659213219e+01,-1.296904261253385116e+01
-1.315377332112608144e+01,-1.276988667990018023e+01,-1.215099967764168376e+01
-2.177151378180322894e+01,-2.103898715724688273e+01,-1.819679606736580624e+01
-1.360618379032589509e+01,-1.164769408093028957e+01,-8.438040916096539945e+00
-9.543466438370735716e+00,-8.050895303255146018e+00,-5.913787651922842059e+00
-1.348362438127498741e+01,-1.177530016370322130e+01,-8.509479767204096490e+00
-1.488935971300669081e+01,-1.385982639278158324e+01,-9.094881321312382028e+00
-6.284921638117437759e+00,-6.274580583407451506e+00,-5.154266556841171187e+00
-1.480724658493527102e+01,-1.159559827083533357e+01,-1.065641118028887568e+01
-1.094098939992264441e+01,-9.430463825876065798e+00,-5.544455653779023940e+00
-1.558994860003855010e+01,-1.217929315567125137e+01,-9.105548361150166414e+00
-1.738303933629325826e+01,-1.336478154379460648e+01,-1.070460347818788094e+01
-1.776734498551786245e+01,-1.298712076575055541e+01,-1.150286485303487716e+01
-1.367496949740362489e+01,-1.146667739917088724e+01,-7.943429583290026130e+00
-1.384727522273358602e+01,-1.051034024772533293e+01,-9.347061376884303385e+00
-1.705286749183649064e+01,-1.433136357275540718e+01,-1.356876672529872785e+01
-6.670108162607547797e+00,-5.201253021803145415e+00,-2.597573198040679987e+00
-1.529323278989296497e+01,-1.299108998348056865e+01,-9.830570828467356748e+00
-1.431067126225917363e+01,-1.254304283495438455e+01,-1.163203978822157580e+01
-8.910639318779056239e+00,-5.840578698231615462e+00,-1.264415761332010391e+00
-1.322550038142264128e+01,-8.286051012249142644e+00,-6.289226098709620238e+00
-1.566545594668913921e+01,-1.086959013677969210e+01,-7.534423240198853122e+00
-1.389099510465568699e+01,-9.468766815844972484e+00,-9.266037525349043236e+00
-3.643818464489677833e+00,-2.628618557040000248e+00,4.219445078894512591e-02
-5.164195556784827446e+00,-3.521788078180290160e+00,-2.514101314022560096e+00
-8.701580539233974676e+00,-7.513188603504786123e+00,-2.725304867488666183e+00
-1.376077296638552738e+01,-1.049862175384999219e+01,-5.775693199436043201e+00
-6.107287021133235072e+00,-1.468712241423361320e+00,-5.086517090110517225e-01
-4.889830280743606927e+00,-4.694038674986065196e+00,-4.413825219159384083e+00
-7.258270050907249527e+00,-6.056491835569518756e+00,-2.183439880345813044e+00
-5.083531438989785656e+00,-3.111135857967181728e+00,8.372450974680671898e-01
-4.924413149697495218e-01,2.560493579124809571e-01,4.766721681951366030e+00
-6.409552678494890188e+00,-2.135941270629690081e+00,2.661260380648277746e+00
-7.613020850212092405e+00,-2.715100644769332661e+00,-2.565970693485879472e+00
-5.766444212878029774e+00,-1.463412971882981140e+00,-7.562930635707862947e-01
-3.372608991739430184e+00,-2.128869469128625180e+00,2.483605850517940805e+00
-6.081945116620720349e+00,-2.066191094164360642e+00,-1.888245074570899407e+00
-1.437333399029568248e+01,-1.067901912607582915e+01,-6.875309575614825697e+00
-8.346800369340856562e+00,-6.319322226228635486e+00,-5.351932842854699501e+00
-8.519694675897785174e+00,-3.795431845476299415e+00,-1.691461320359488596e+00
-6.930573229778891786e+00,-4.188308000374485474e+00,-1.839390254689030169e+00
-4.149591140571895487e-02,1.105029345403362617e+00,5.381059469104042314e+00
-1.135714995256346427e+01,-7.422506739339484128e+00,-6.088749090287703503e+00
-2.638116075791523851e+00,1.740144707593325624e+00,6.718367042174316239e+00
-5.100723064900209991e+00,-8.526532820434131743e-01,7.932896680994225846e-01
-3.560863895206431096e+00,6.630043211935732206e-02,4.161259051127167652e+00
-4.401326845717418834e+00,-2.586346014777004321e+00,-2.373052427941644726e+00
-1.304223702449212485e+00,2.876914267669718139e+00,5.261214529765943837e+00
2.632401738973771721e+00,4.817934959378069593e+00,5.743073442408889839e+00
7.203244248111051462e-02,4.057219464885539750e+00,5.857646580064335140e+00
-1.912776645625088090e+00,1.088141207777868047e+00,3.357140415423519819e+00
-4.173951278260934927e+00,-6.668039914022858561e-01,2.446176060309956934e+00
-4.410945771972670570e+00,-2.829863526393642026e+00,1.540514701125273334e+00
2.851823303224259476e+00,3.836600359317629216e+00,7.169242970341406007e+00
7.087324418039457896e-01,4.609748614455591031e+00,8.449247564089706231e+00
-3.599267020990256416e+00,-9.065599620886408694e-01,3.074827520316302021e+00
2.099418743614145377e+00,2.187210449828733694e+00,2.450846302943583410e+00
9.238396127459260754e-01,5.267803258759867546e+00,9.903284048160191588e+00
2.857977092717906675e+00,3.922820404194452770e+00,4.842197114597833085e+00
1.338325528426916655e+00,5.046754817919045344e+00,7.233094754912340107e+00
-5.457724011948134724e+00,-1.902200701636675539e+00,-1.726307176259403553e+00
-8.973928981255112625e-01,1.529488002697676485e+00,4.845018233488582737e+00
5.774062246207113169e+00,8.864656004706860770e+00,1.202008405782938283e+01
3.246330113782502913e+00,6.274167321791924046e+00,7.930800130069773246e+00
-5.011954110674476937e-02,3.340234621244930757e+00,4.630962245565477531e+00
7.655963571990012539e+00,8.217706888344519456e+00,8.300851224693969854e+00
2.535182454144929043e+00,5.648555320068427754e+00,7.367634655035852909e+00
1.331776981359655387e+00,4.912977797392902524e+00,6.382128486424957892e+00
5.762350598872424179e+00,6.818704138613629340e+00,7.009771924951102129e+00
2.921722189602066422e+00,6.899596803023831271e+00,7.433406648437581588e+00
3.672707688981756036e+00,6.614527492297298750e+00,9.995564760227221512e+00
2.267488770887092553e+00,6.071709563590006908e+00,7.017689331127293428e+00
5.849046437441973723e+00,7.532738735126100593e+00,7.571543644245495308e+00
-1.405472327510816299e+00,2.264430040613953032e+00,7.177646773125022861e+00
7.664574313687360529e+00,8.883152552998959450e+00,1.382957655524079144e+01
-6.479386381869685074e-01,3.614360978310233730e+00,7.549234400030485403e+00
5.515376685477075824e+00,5.607016429026874249e+00,7.478951511619114534e+00
5.972767853538135441e+00,1.020873676629338433e+01,1.448642644965872961e+01
5.934194524433919149e+00,6.749191522265164167e+00,9.916180768396790413e+00
1.317477781396286396e+01,1.334256594055438683e+01,1.720010610789449146e+01
1.024984691863908282e+01,1.208581038698969223e+01,1.337566365651715472e+01
6.439661199085560561e+00,9.694277305247943843e+00,1.410560718372452982e+01
4.881961074906948639e+00,9.385146515320510474e+00,1.114961222995120238e+01
1.034420432228565012e+01,1.515052362167900668e+01,1.986886363945417244e+01
1.055093242826971789e+01,1.293834869720746283e+01,1.626272460489850147e+01
9.006770689906606897e-01,4.766930022869299677e+00,4.853481414695187901e+00
7.559352607948500058e+00,9.208123137312462347e+00,9.592267685121978360e+00
6.029000766533274991e+00,9.063355171418841394e+00,1.087872331148636107e+01
8.020765094952388097e+00,9.172379536499395414e+00,9.193237862752546619e+00
1.035680322985092872e+01,1.159159602075509454e+01,1.481592976045619992e+01
8.837205057226466209e+00,1.255733301951083192e+01,1.721916223322732975e+01
4.038819019588036241e+00,9.005352840520776780e+00,9.917562073780667120e+00
8.939161438667866832e+00,1.188304622174200453e+01,1.355039531091517446e+01
9.264850475011826347e+00,1.312748596723664640e+01,1.682261890221689882e+01
5.079562226540593528e+00,7.176429815979136428e+00,9.261749830114570869e+00
1.753019515545666707e+01,1.813898543676931041e+01,2.264972049613889382e+01
8.775545016513481400e+00,1.174316890718266215e+01,1.506898187552596369e+01
1.147412487837003425e+01,1.380956087790283071e+01,1.382035773373636012e+01
8.676555183466700072e+00,1.213739410039531386e+01,1.340627625030348646e+01
9.873342345208326876e+00,1.191972014572969663e+01,1.373548468004546130e+01
5.764558792589628666e+00,7.791817511827915155e+00,1.133030144489569579e+01
5.940294196242290603e+00,7.939685596197390005e+00,1.166773602807903920e+01
9.557140029871675324e+00,1.453613579407184986e+01,1.542991101564672363e+01
4.061285271891162729e+00,6.939863441151963741e+00,7.854126030868405550e+00
1.041685574763971545e+01,1.356798368147791578e+01,1.754729700229804479e+01
7.572421489954821894e+00,1.139159947397912376e+01,1.216706253612005995e+01
1.210174586017970277e+01,1.502019257146575626e+01,1.756759435227069943e+01
8.392044636451549522e+00,8.684919717247343129e+00,1.365573466473223085e+01
9.263507961472470242e+00,1.173244453174803859e+01,1.276024167975414159e+01
8.768871317341067950e+00,9.896013511290590259e+00,1.132919987651555083e+01
8.144039426682724070e+00,1.145664657507343875e+01,1.363590154072958960e+01
1.011609794116328231e+01,1.386873710686086270e+01,1.590733850015225315e+01
1.324622339121391690e+01,1.411566543765121828e+01,1.688071136697206853e+01
1.072816211207164194e+01,1.204132501387993948e+01,1.371467609362951379e+01
1.141839597896647973e+01,1.372135935974015908e+01,1.671229491087548524e+01
7.728145953120121092e+00,1.063488098067755949e+01,1.168682993489208322e+01
8.430397066752156832e+00,1.322676791303308619e+01,1.388520858532378099e+01
7.833373687779188188e+00,9.915727855983412553e+00,1.452381773707641699e+01
9.394019739312314599e+00,1.167888442725852727e+01,1.365452276982288460e+01
1.066768636955886862e+01,1.375594801092228003e+01,1.567110817215561447e+01
2.686942418923977449e+00,6.122248019027546562e+00,1.068854791542784533e+01
1.415007681442090970e+01,1.881164553787017013e+01,2.146080507493684664e+01
9.573052956196725916e+00,1.455852705675260061e+01,1.673965685579225493e+01
1.800287182360467853e+01,1.903582761574784854e+01,2.270441126533794218e+01
1.716545360841782042e+01,1.884904582631748582e+01,2.127631376417837217e+01
1.576055320366405255e+01,1.824279419648293299e+01,2.165775816837304646e+01
1.347073150498169625e+01,1.795924710831537396e+01,1.982098360417657545e+01
1.277017547276381215e+01,1.677505537998449014e+01,2.130321995693047654e+01
1.246095438803114064e+01,1.609958650142153402e+01,1.800534437182292535e+01
1.434208081746677088e+01,1.594606493193769481e+01,1.637218736991781398e+01
1.051650816749570971e+01,1.288017162494201706e+01,1.456924708732565854e+01
1.409800963913751914e+01,1.464286124950093360e+01,1.850300666480902834e+01
1.164439381115401950e+01,1.501484184904265007e+01,1.540733009443392554e+01
6.310228687034165063e+00,1.011106462282476670e+01,1.229678783110344042e+01
1.272008041021143576e+01,1.483342780374036174e+01,1.689884090482709667e+01
8.037840987831753381e+00,1.302748864333976186e+01,1.733364770141862365e+01
8.528216070178329389e+00,1.000374977084412365e+01,1.136233574675039648e+01
1.027853384163913120e+01,1.518676642438894930e+01,1.788840932023337160e+01
1.161450984420674892e+01,1.434638627844911696e+01,1.892631827000619538e+01
1.174993816930765078e+01,1.565748190258161010e+01,1.728682148262801732e+01
7.941343332657389453e+00,1.108583572560042541e+01,1.155056250509062643e+01
1.316416629622798951e+01,1.357888875709654108e+01,1.420761041366362498e+01
6.095332588209190661e+00,9.907512971698206883e+00,1.072508729434236585e+01
1.140017394834713116e+01,1.289163555681450291e+01,1.466260757359553679e+01
1.307354452397036226e+01,1.521702167005707729e+01,1.877249726833576560e+01
1.291853454737108819e+01,1.578716106066939062e+01,2.033053339947249682e+01
1.046828543306170545e+01,1.348912251305084453e+01,1.780875561377785488e+01
1.048485805450535935e+01,1.386867159256062365e+01,1.736504423928830221e+01
1.259229367085479545e+01,1.750515138127131110e+01,1.952640799447119235e+01
1.266471971359945492e+01,1.505202499127736182e+01,1.654339614975147654e+01
7.181221771844247925e+00,1.210413030997915307e+01,1.497178890571452570e+01
3.974031733983285797e+00,7.874185788497127803e+00,9.522374875208129197e+00
6.042340831661628719e+00,1.026216597279712417e+01,1.337288189674268324e+01
1.242985406540053006e+01,1.278656186238693238e+01,1.387546553541331384e+01
5.855818229581248424e+00,9.617554318378683575e+00,1.374795651007877062e+01
1.268700950681356687e+01,1.606007199332225355e+01,1.770416773324863868e+01
1.051679528476800130e+01,1.497660286595948165e+01,1.939255723643355367e+01
6.719871392018521128e+00,7.324485984998338139e+00,7.539391672206013695e+00
5.723993019664535886e+00,1.023496809539692087e+01,1.162243794588361112e+01
9.406566962928508246e+00,1.332084354328070575e+01,1.789484551195513973e+01
1.395157849644359871e+01,1.429524949291925573e+01,1.755940297431058283e+01
1.025839118844127462e+01,1.408965639799905034e+01,1.628535202761878864e+01
1.336508764249726688e+01,1.384338554989893311e+01,1.587737097671410069e+01
9.524395585892417415e+00,1.251161050666547503e+01,1.657438056273343818e+01
9.888966616002043963e+00,1.179416346498724444e+01,1.614715890407074284e+01
1.658445387806110105e+01,2.091372683266442678e+01,2.193585138222076480e+01
8.675006262432990667e+00,1.016712067304974809e+01,1.305414555562606971e+01
1.157286694237989089e+01,1.176877515181287848e+01,1.556488169716313585e+01
2.800945965559568762e+00,6.231809522018523673e+00,9.121193517421978925e+00
3.997974767353791314e+00,5.253278567843532976e+00,7.700273627019719846e+00
5.581576733377131561e+00,9.820568667121756690e+00,1.166993421350028015e+01
7.395313013923377810e+00,1.075150150220936318e+01,1.183425101101688881e+01
4.752893721537279959e+00,9.575148895465600773e+00,1.258679611312287960e+01
8.989870316577327714e+00,1.065168891946530749e+01,1.486941312376727886e+01
4.541444464692221850e+00,4.853005770089621862e+00,5.503754528625337983e+00
1.339924182969262967e+00,2.170356789782249329e+00,6.424891408196205411e+00
1.263775340054143825e+01,1.529373537910105441e+01,1.595950896804949259e+01
8.452779830457860299e+00,1.010173478036784012e+01,1.325404131000538932e+01
3.676453564289288600e+00,4.516799255215499187e+00,7.471794133012574335e+00
1.251294450811826664e+01,1.379753154040060537e+01,1.449580814236758464e+01
5.166445622214106415e+00,7.297096661393618788e+00,7.582170689423339383e+00
3.115677318624308079e+00,5.417132126091855682e+00,9.538677072278527902e+00
7.870770566373387567e+00,1.266788294933641978e+01,1.692832169223670036e+01
2.096099874715776856e+00,6.322710332717446313e+00,8.972256301077013774e+00
-6.322195598947137896e-01,3.260431095640465404e+00,5.001136401824393118e+00
5.708983887160186121e+00,9.317563466065177380e+00,9.747767291013937907e+00
2.281582203209104431e+00,3.377699405530667054e+00,4.217129265244435210e+00
-5.422725257494693807e-01,3.809290388130353477e+00,7.474201356382907058e+00
1.896695594839821419e+00,2.725913865274326664e+00,6.897620918970485349e+00
1.487361896336612421e+00,4.839974191190172803e+00,6.513023895257282092e+00
-2.428731340311403031e+00,2.482787776854666895e+00,3.332897122029870207e+00
9.039071028433660615e-01,3.665619638847461559e+00,7.690961711279340030e+00
-7.794776148084618939e-01,3.746622301535475152e+00,6.679633199328374182e+00
-1.051858002872770648e+00,3.821771742267571881e+00,6.843279896991101729e+00
3.172920936594251007e+00,4.976413289362445980e+00,8.271812724724874499e+00
-1.496468753014162267e+00,3.142534924737181434e+00,4.509945530407870606e+00
1.646616534692889822e+00,5.583465983492461149e+00,6.868048269137903006e+00
-4.604491542069732546e+00,-1.997698528976609822e+00,-1.299287508157111137e+00
-1.826828628752821260e-01,3.607387322726771650e+00,8.271422589718273599e+00
-1.528328915542712885e+00,7.614528388553853944e-01,4.583560560931308814e+00
5.637833618366450139e-02,3.978029255941104125e+00,5.900843807036718403e+00
-1.315178215941812168e+00,1.857499646925237835e+00,3.988070617714655874e+00
5.481677929797919013e+00,5.904139933062065637e+00,8.713214792044647439e+00
3.325511172357478173e-01,5.234019453300390090e+00,6.864706034041918592e+00
-5.158636976512847028e+00,-4.038988716045256666e+00,-1.377550836826618941e+00
-1.992025088419318468e+00,-4.992619289496355028e-01,3.923626953750254831e+00
-1.504202358923949046e+00,4.730582531765014087e-01,3.627647913208995156e+00
-1.022949628051653015e+00,2.700263193613709145e+00,5.886166504131266741e+00
-9.811575202082483127e-01,-6.707577001529012595e-01,1.114723159013724318e+00
-1.442379988278331027e+00,8.571729420608580341e-01,3.723408777332792852e+00
-5.497707525586998045e+00,-1.925801004023688145e+00,4.329976228831644569e-02
-2.491021114960889626e+00,-4.102668988526292360e-02,3.679817840795448269e+00
-8.013712508223807873e+00,-3.608406711516124687e+00,-1.715921707586780087e+00
-8.069878300157132145e+00,-7.885284750820760635e+00,-7.287364941584502986e+00
-4.248715118194004603e+00,-2.814637946446232775e+00,-2.483754954218191369e+00
-4.511114146947129200e+00,-3.068854227855903893e+00,-7.185427573014946390e-02
-7.874988632610569361e+00,-5.499582649264587175e+00,-2.666612449514281113e+00
-2.033534132422892604e+00,1.728895676008858295e+00,2.922182106025088100e+00
-1.041777214774007376e+01,-8.330018852809415009e+00,-5.135236504454615769e+00
-1.818274988575635742e+00,-1.561904876222079075e+00,2.647026275924805105e+00
-4.294330419156416667e+00,-6.310724746075928593e-01,2.168685606540658117e+00
-9.587955825106087460e+00,-8.134198428075253062e+00,-3.948813722514556090e+00
-1.007519895355905781e+01,-7.072684819206055629e+00,-4.686515709656360329e+00
-1.061019322715480229e+01,-6.677252053336651727e+00,-3.129977303243668185e+00
-5.964839106720747353e+00,-4.992775236704642516e+00,-9.771183026848726527e-01
-6.162389940532459143e+00,-4.875979943464195721e+00,-3.876311585748585475e+00
-9.749315229356255941e+00,-7.492268371715489650e+00,-5.518804996675319430e+00
-1.215987511188236425e+01,-8.076903023039141871e+00,-4.098797251903800287e+00
-1.092693275001834508e+01,-7.347648121173200764e+00,-5.948710427715307780e+00
-1.573392875797085289e+01,-1.320443122973718886e+01,-1.223217257249642920e+01
-1.027735204474856445e+01,-7.226698121977920941e+00,-4.013956549997487855e+00
-1.300030611704692518e+01,-8.146611997107591208e+00,-5.905367569288121565e+00
-1.203511823341541565e+01,-9.092476966404031913e+00,-7.386224817688457733e+00
-1.034023006025347158e+01,-6.996580645953239141e+00,-6.370212128625708736e+00
-9.339081321356131227e+00,-9.230878203885959365e+00,-5.817193903534461086e+00
-1.053590154329059025e+01,-6.009166476086391206e+00,-3.514296169763768685e+00
-1.397382921158195757e+01,-1.231162996837741019e+01,-9.154034151929312912e+00
-1.538782136002325629e+01,-1.144939965069977639e+01,-6.942876435088201958e+00
-1.558755047200611799e+01,-1.190772591655105828e+01,-1.183333909581444310e+01
-1.525521872325971273e+01,-1.066565499747038004e+01,-8.286922796222601306e+00
-1.511310924296376612e+01,-1.379418924685272252e+01,-1.189021690097945338e+01
-1.673291167343948160e+01,-1.203718188254378418e+01,-1.202231882038185340e+01
-1.751127047099405942e+01,-1.332554496101390562e+01,-1.074946743926220805e+01
-1.438103326989614672e+01,-1.234526637350305478e+01,-9.793005813362386291e+00
-1.805208487699287545e+01,-1.407093647015516780e+01,-1.225083429825640913e+01
-1.756269920225547310e+01,-1.521443543898014816e+01,-1.070707715892992340e+01
-1.251444905575261757e+01,-9.851559218575857813e+00,-9.121346525205494160e+00
-1.912728873689603049e+01,-1.670701295690043153e+01,-1.454313508695197044e+01
-1.960673324841073750e+01,-1.709249350916861943e+01,-1.707554634963988605e+01
-1.718903047567197362e+01,-1.437570857681813763e+01,-1.036452687196833367e+01
-2.257147055011376580e+01,-1.844268602226182807e+01,-1.840365101652335156e+01
-1.470107485100937339e+01,-1.235481109522098464e+01,-1.124914366340939331e+01
-1.425125781222212673e+01,-1.071696493710692621e+01,-8.027633154387665115e+00
-1.625148176801122446e+01,-1.249858515101568379e+01,-1.231109552583643563e+01
-1.600021068371085775e+01,-1.348402778756745057e+01,-9.969918311235817399e+00
-1.743320516052871483e+01,-1.484356753871752232e+01,-1.301538149994994598e+01
-1.453498524444419893e+01,-1.420729278502917303e+01,-1.307945667805076262e+01
-1.674735230062847080e+01,-1.215304757484757658e+01,-1.175801425925958021e+01
-1.646694795165984004e+01,-1.422195696639673912e+01,-1.136592275236511185e+01
-2.046015799713780936e+01,-1.652571190346095165e+01,-1.258776584843074176e+01
-1.708501055959859016e+01,-1.594693156329484474e+01,-1.497397707670320699e+01
-2.181787835618510840e+01,-1.875964059155929675e+01,-1.466320438853181685e+01
-1.402118316674935805e+01,-1.329287823955245429e+01,-1.221316244629380243e+01
-1.594571007235662741e+01,-1.473740422344580914e+01,-1.269077731577969992e+01
-2.257778236798690585e+01,-2.228964159532374723e+01,-2.186025699479437279e+01
-2.062567763425474965e+01,-1.577281573376768442e+01,-1.279749566287124551e+01
-2.133549228480623583e+01,-2.035043348959633036e+01,-1.788732388727599343e+01
-2.023406842597713151e+01,-1.684069927519228926e+01,-1.558852359395869414e+01
-1.377406759528773428e+01,-1.001654433567120428e+01,-7.939923337886067856e+00
-2.115787427591349257e+01,-1.931331642922268799e+01,-1.681022864581717968e+01
-2.271449339283575952e+01,-1.918174281254332669e+01,-1.823155325269422988e+01
-2.584047958626364760e+01,-2.233234448097941538e+01,-1.816127507566840649e+01
-2.113293348686879369e+01,-1.706298780901132162e+01,-1.328243183538778638e+01
-1.802356353201120598e+01,-1.715957365417967040e+01,-1.575335797132122551e+01
-2.517018865582462439e+01,-2.202547629598432977e+01,-2.160639387554235924e+01
-2.494785707212345827e+01,-2.123838175672313611e+01,-1.831185092187004315e+01
-1.953307437834646620e+01,-1.655582892237432091e+01,-1.182472029841448702e+01
-1.848885721988686370e+01,-1.758909634977735337e+01,-1.519047396180998710e+01
-2.221157286575137846e+01,-1.861186331319848009e+01,-1.769206626292436368e+01
-2.466489918596093389e+01,-2.081150446291379907e+01,-1.902985458063039914e+01
-2.140673614579298345e+01,-2.105343502561320079e+01,-1.804843530870027735e+01
-2.137901129547117307e+01,-2.045228865460009260e+01,-1.801684861382975456e+01
-2.664166418674399139e+01,-2.221891630662664952e+01,-2.167392211329876517e+01
-2.248631292524066794e+01,-1.962292974664897471e+01,-1.928930943753479710e+01
-2.475941052314572488e+01,-2.103853446290129270e+01,-1.961458718983553950e+01
-2.055946353725011377e+01,-1.958895447901951670e+01,-1.849416167825013346e+01
-2.754390254543527305e+01,-2.531151541854265119e+01,-2.398427413479958403e+01
-1.921140952046161132e+01,-1.832294262095270554e+01,-1.443174473760976717e+01
-2.452756033561682258e+01,-1.989032783729200204e+01,-1.645230884285435735e+01
-1.822765837543484579e+01,-1.637627437857235435e+01,-1.596797038591089191e+01
-1.729708733623552419e+01,-1.495948566688737102e+01,-1.013621857553283334e+01
-2.363767459836109452e+01,-1.926454656440506596e+01,-1.622022909467123597e+01
-2.130958287564995857e+01,-1.844844660679112636e+01,-1.772982186280007610e+01
-2.161033089973608057e+01,-1.918945810937150043e+01,-1.769699647691041022e+01
-2.016139004151876435e+01,-1.847451856451971963e+01,-1.775731164364955816e+01
-1.456840067031702723e+01,-1.447969568143263963e+01,-1.028363457910327838e+01
-1.935755477660763901e+01,-1.744824321328121641e+01,-1.516431034914766585e+01
-2.202028270322295000e+01,-1.813656190468961071e+01,-1.356511184382790702e+01
-2.355950129866499054e+01,-1.954478328612342608e+01,-1.491443225883345924e+01
-2.468471127622520811e+01,-2.214882030774668564e+01,-2.171277517748912445e+01
-2.466136292511853156e+01,-2.028542438413153448e+01,-1.863790581523837275e+01
-2.337253306903459915e+01,-1.860016383956903496e+01,-1.577581363606379661e+01
-2.537133657399706621e+01,-2.474626034364534632e+01,-2.285267367779487557e+01
-2.793153768293453254e+01,-2.297520247633524448e+01,-1.880853621157060829e+01
-2.329496782789284381e+01,-2.306132863643014375e+01,-2.257463421656042257e+01
-2.452848985949967542e+01,-2.063110800578665405e+01,-1.588687323068368684e+01
-2.613727416395517977e+01,-2.121582578804877528e+01,-1.769734543437280294e+01
-2.014183823383114813e+01,-1.855888312322593947e+01,-1.774676432206889132e+01
-2.345445106844897509e+01,-1.928680662783249389e+01,-1.860081645455545285e+01
-2.661027866622663396e+01,-2.372105872145726480e+01,-1.900131755487377916e+01
-2.636932596248080074e+01,-2.329464269122864906e+01,-1.996697246081192390e+01
-2.567822108386494051e+01,-2.163443409817668694e+01,-2.078730318947011924e+01
-2.735179131689949372e+01,-2.336364460383934727e+01,-2.139430338981027901e+01
-2.251684447102972797e+01,-1.953467906859171777e+01,-1.545893590254794958e+01
-2.102306513837255153e+01,-1.906518089026254614e+01,-1.802998185876248982e+01
-2.438705755941166942e+01,-2.138101531056749494e+01,-1.957217561392939587e+01
-2.151571869635457190e+01,-2.074482575813618368e+01,-1.729711261776953179e+01
-2.748137243371254357e+01,-2.359372466204501606e+01,-2.048014307233357556e+01
-1.368454941452792362e+01,-1.348490322426592058e+01,-9.814670358348777768e+00
-2.086596174182937702e+01,-1.719239805170206026e+01,-1.324067636963641270e+01
-2.133712930120486106e+01,-1.814626265021013296e+01,-1.470457706871807702e+01
-2.220375842468145322e+01,-1.957992149319316155e+01,-1.895464218303248671e+01
-2.339716858840121461e+01,-2.017778447406305986e+01,-1.835051079185006984e+01
-2.629736999330530978e+01,-2.208082554291641131e+01,-1.716028855373104278e+01
-2.570027326733744744e+01,-2.323136793850453330e+01,-1.882233905619713710e+01
-2.894254942327630076e+01,-2.630818405531825732e+01,-2.358048123832375254e+01
-2.148891861810212589e+01,-1.812104750693850264e+01,-1.476518254681993980e+01
-2.120459223546599503e+01,-2.004205152354291286e+01,-1.687076445069105191e+01
-2.018137458127048944e+01,-1.955821986858176231e+01,-1.654504799724558950e+01
-1.763122121761585603e+01,-1.744762967482405358e+01,-1.403540602952719851e+01
-2.344133800687611213e+01,-1.886984319711218916e+01,-1.623218420278464080e+01
-2.278335292031715653e+01,-2.029706185864883849e+01,-1.602069930594185720e+01
-2.113755093604580537e+01,-1.786973931945219363e+01,-1.476467241161433464e+01
-1.881012653142415303e+01,-1.802236823117076625e+01,-1.685079990277584017e+01
-2.570387836598235509e+01,-2.257142276432154659e+01,-1.792585760130944195e+01
-1.726625478958330717e+01,-1.595693768235003418e+01,-1.129154316904774547e+01
-2.351391472681513406e+01,-1.904107553219921556e+01,-1.808197426014547204e+01
-2.033051055233649151e+01,-1.748118041283020219e+01,-1.301362697230709031e+01
-1.392751864076073787e+01,-1.377640450589826671e+01,-9.711349049871092376e+00
-2.371128542664854777e+01,-2.106258125271937232e+01,-1.607534634086579217e+01
-2.445607417521132021e+01,-2.081133274131491362e+01,-1.594067250769662358e+01
-2.495298480865138657e+01,-2.105431139384852912e+01,-2.043116385183704509e+01
-1.661190530706699420e+01,-1.583552327240048641e+01,-1.109285508017284982e+01
-1.490914813832942265e+01,-1.413088902223920940e+01,-1.104115146777061973e+01
-2.343929293627514454e+01,-2.112229966872985898e+01,-1.972727083863898656e+01
-2.042654184219590974e+01,-1.594160824536586674e+01,-1.457406805764791891e+01
-2.169633678380258957e+01,-1.857893940018684376e+01,-1.696380008486756452e+01
-1.618533719525260040e+01,-1.518597790590164465e+01,-1.345304072922473715e+01
-2.121697387035590765e+01,-1.728859441738787339e+01,-1.655903900059908196e+01
-2.055291679036965036e+01,-2.012800395522693719e+01,-1.514095288993836519e+01
-2.107114734736104467e+01,-1.688975391573595530e+01,-1.617185206747769399e+01
-2.108805503176884599e+01,-1.973753385754456957e+01,-1.886972485776948361e+01
-2.190683657447016586e+01,-1.813252927397197922e+01,-1.403097588194939505e+01
-2.410111183389994238e+01,-2.069681238282904445e+01,-1.752911425398021450e+01
-1.281953085776769008e+01,-8.565477455716784760e+00,-7.485052577330189472e+00
-1.466688036242243598e+01,-1.196602790887341428e+01,-1.022838794145855346e+01
-1.863617887512931048e+01,-1.414608514486903701e+01,-1.232454422823167484e+01
-1.986678168672967359e+01,-1.775500254832489588e+01,-1.589090803084350689e+01
-1.499865726127916687e+01,-1.149699609605158024e+01,-8.354351918720038128e+00
-2.296272940973191723e+01,-1.851274063144107984e+01,-1.600318364543733907e+01
-2.147332284207274000e+01,-1.681490478154741552e+01,-1.671836130311123014e+01
-2.356031698800753560e+01,-1.952435014855751660e+01,-1.913912459324106052e+01
-1.618171935327535493e+01,-1.338721561635869151e+01,-1.122555518561419596e+01
-1.286417161970045342e+01,-1.147869667229024593e+01,-7.322457117511109281e+00
-1.678918571116097880e+01,-1.646732882379647833e+01,-1.544157048135188504e+01
-1.753611937020973599e+01,-1.397728229721595383e+01,-1.176795325980217299e+01
-7.436192590123392065e+00,-5.381643141360316740e+00,-5.096537641575469735e+00
-1.207206547950243980e+01,-1.093732029576810660e+01,-8.110676126801411812e+00
-1.387632694703282965e+01,-1.283596680134671431e+01,-8.828826722087162793e+00
-1.890600050584541236e+01,-1.687811622537331857e+01,-1.196823306159553013e+01
-1.299815949295929407e+01,-8.358406363700272124e+00,-8.096137735643470279e+00
-9.111055809695018937e+00,-6.849913569062238139e+00,-1.965108493252111010e+00
-1.132036151252976630e+01,-8.674561121786634743e+00,-7.208854188858026646e+00
-1.807983530652620985e+01,-1.529564794432010189e+01,-1.270545439065120874e+01
-1.520591578776927832e+01,-1.517095188073880863e+01,-1.051277500511170615e+01
-1.066007285709439145e+01,-7.208500748686459403e+00,-2.224848795662079048e+00
-7.981181519872933450e+00,-6.482331836220675214e+00,-3.386737798023616186e+00
-1.224335127034528448e+01,-1.098604859560240676e+01,-7.659728291186738147e+00
-1.141247906079930985e+01,-9.359102095548708533e+00,-4.788407414649103799e+00
-1.763088377696778863e+01,-1.756623017442851165e+01,-1.547066887509049948e+01
-6.983434549057731644e+00,-5.504367812189098430e+00,-5.054061753032682347e+00
-1.425209915515275760e+01,-9.396046132015111851e+00,-9.394907308868855722e+00
-1.318075181748209523e+01,-9.724185870847051660e+00,-8.547767052470796045e+00
-9.016097856069407612e+00,-7.489716639717398650e+00,-5.056773870007004845e+00
-8.753266939177224870e+00,-8.204450171149268556e+00,-6.875757530251627614e+00
-1.580692805512782684e+01,-1.139834783393411755e+01,-1.099825216131252503e+01
-9.951314812415763100e+00,-5.674590625164063873e+00,-5.021703658029673889e+00
-1.234714619272989111e+01,-9.234017755022335905e+00,-6.190377315419773652e+00
-1.192071286386215689e+01,-8.974726153841881882e+00,-7.981925679977662114e+00
-6.929389459581543065e+00,-4.051566971697385888e+00,-1.559529225749781478e+00
-4.179933431539119226e+00,-2.395610030331600804e+00,1.438448941263898995e-01
-1.447020296663710681e+01,-9.644063160401998402e+00,-6.363398848507772598e+00
-7.680345408900549842e+00,-3.868423413824755297e+00,-1.372188768470083975e+00
-9.454899280936210459e+00,-8.432776003552422850e+00,-5.580261783545112486e+00
-1.968633760010937817e+00,-1.776290268465814393e+00,2.442714332561843449e+00
2.352473988264254690e+00,3.394139388971413318e+00,6.720619239772168463e+00
-8.382598289705121886e+00,-6.314971873885356857e+00,-5.649559547625189637e+00
-6.849228639184627987e+00,-3.533609409802718204e+00,-1.568386699449495492e+00
-3.111670783113608785e+00,-3.097785878261625658e+00,5.790392172395981696e-01
-5.251172429431202104e+00,-4.988787004886021670e+00,-1.183840383984807509e+00
-3.064702234720413809e+00,-2.932024884943431609e-01,1.458289412167822707e+00
-7.840823710117707179e+00,-4.178787803274992996e+00,-1.346458528676563127e+00
-3.812821162961532728e+00,6.983194889462627231e-01,1.650559776202900508e+00
-1.313928824643976512e+01,-8.156095543265900361e+00,-3.662855263241451276e+00
-8.146088778726651158e-01,8.388364345712773229e-04,2.517350528989801273e+00
-7.603702299226581474e+00,-3.338272630354833126e+00,-3.118842905205945204e+00
-6.783332995512209251e+00,-3.892827851053442423e+00,-2.606193985992441675e+00
-6.590748707981703092e+00,-5.400297027151800933e+00,-4.802003830473945634e+00
-2.339442143963601062e+00,1.284937009231768457e+00,4.320505487069806527e+00
-5.383772106067525876e+00,-1.445348137889471030e+00,2.903856856294723787e+00
9.195187386416838748e-01,4.527426987649739942e+00,9.506787829779000276e+00
-5.064347460129864364e-01,3.341436177005929764e-01,4.940163231337830751e+00
2.466623991185319387e-01,1.438711211335526707e+00,4.843815268743967728e+00
-2.950085126165669536e+00,5.592221211364665212e-01,1.921284668781215954e+00
-4.133729136497581891e+00,-2.143355457522818863e+00,-1.674680539361771192e+00
-7.736290490027453171e-01,5.618321590622195050e-01,3.916460750769477528e+00
-1.511207687571181069e-03,1.778615678551476842e+00,2.869462328940050710e+00
-2.019408245540931901e+00,-3.875392667742365571e-01,2.590466334440254315e+00
-1.438305561133828459e+00,1.655995009660073958e+00,3.808464386071541696e+00
5.540997626129422926e+00,9.014792208623870096e+00,1.015286828609878000e+01
-8.961039501968598442e-01,-3.417209510827223795e-01,2.877908747423641334e+00
5.346758371033913271e+00,5.423171113945977950e+00,8.001159613963354289e+00
2.021942250331365543e-01,2.552719515406685513e+00,7.329155371242705996e+00
1.557849784827596729e+00,5.550600126937634826e+00,6.012379521421230777e+00
-8.710888360052231327e-01,1.074355077812894077e+00,4.136551953928563563e+00
4.561337690317390781e+00,6.554357642936325945e+00,1.060256372651772594e+01
7.898853945404778365e+00,8.345110086839719443e+00,9.754826508388884321e+00
2.670331089336544839e+00,6.339825357296945185e+00,7.838492909721553659e+00
1.506817203089898527e+00,5.550739321176174634e+00,6.753367907187077357e+00
7.253031870505409984e+00,8.900702777556375622e+00,1.301985182327989321e+01
-2.525881014083708465e-01,2.312435742389955973e+00,3.806142034144395669e+00
1.547414477182937897e+00,2.253679602019180717e+00,6.189262381486640763e+00
-4.495311444576457482e-01,3.900747366506299496e+00,7.648585876648813731e+00
5.843293616579653182e+00,6.603712018003902173e+00,1.079651844844174491e+01
5.920132320126474390e-01,7.317121582117041001e-01,2.477133119714078013e+00
1.701126922167413014e+00,4.374695569177446508e+00,5.324049813382009333e+00
5.019187495676273869e+00,8.498686745499830053e+00,9.717016492390166960e+00
5.434857965191058682e+00,9.179484017662279172e+00,1.324257117012964358e+01
2.863470785435148436e+00,5.697547125079459818e+00,9.342002728953824331e+00
8.679548566197178516e+00,1.023354951437864102e+01,1.443373018814044784e+01
3.351609006090798815e-01,5.228078759388337993e+00,8.605168912706087525e+00
3.273738684856632997e-01,1.913259314688992241e+00,6.280130220444040567e+00
2.282640557610450038e+00,5.080866845108554131e+00,7.396714080348003151e+00
6.097498168690361986e+00,9.364848697704656999e+00,1.026725773480289483e+01
2.655028302151848152e+00,5.432556634688736175e+00,8.462913315406533243e+00
8.756450606842618001e+00,1.032541222929461178e+01,1.524351391153936319e+01
5.151926089217486293e+00,7.517963935260612907e+00,1.161906559286088481e+01
1.141471137715241824e+01,1.252971556061635994e+01,1.715987317602239770e+01
5.595291309410459490e+00,1.001775342068348529e+01,1.490140705363235440e+01
7.677086343091888310e+00,1.234201654853219310e+01,1.569646203454859190e+01
6.822280673984990607e+00,7.162466762473973958e+00,1.088491071349032779e+01
1.128604177673931730e+01,1.473741116101935944e+01,1.643294680103063143e+01
8.928430213984741570e+00,1.246364087584595914e+01,1.358190812866995323e+01
8.182996320213582919e+00,8.314295115498849142e+00,8.604089198598467547e+00
5.956589456473944111e+00,7.641603221093456355e+00,1.176459081398583351e+01
9.154329148347130740e+00,1.259559218815321557e+01,1.545145746276713972e+01
1.062322386329448065e+01,1.200139295732317279e+01,1.365847154705872413e+01
-4.306255726771048842e-01,3.830518122703477246e+00,4.638290763377596271e+00
6.354545900008135462e+00,1.024471857687242604e+01,1.103905639013878570e+01
4.644035102230796852e+00,8.788519373040227123e+00,1.005708049118812397e+01
1.057916625280445189e+01,1.308969635920122343e+01,1.738675218455470883e+01
9.798688931834004023e+00,1.138806552085214996e+01,1.472675625824372858e+01
9.993600329657828851e+00,1.053674325101206399e+01,1.176400371389135202e+01
1.089728935736611248e+01,1.212271386150701602e+01,1.412700969443793397e+01
8.271293769790664996e+00,1.236579866727926102e+01,1.282085925431805329e+01
1.189849765664694914e+01,1.326143820598531597e+01,1.486283192960191357e+01
1.127053273331968164e+01,1.311252069821205346e+01,1.694154531180355860e+01
7.899089816442543821e+00,1.162667642458857920e+01,1.478906799269732097e+01
1.138423116724441364e+01,1.304038189164560535e+01,1.478410569767650706e+01
9.927931757195079143e+00,1.430240254752025919e+01,1.510369300468165399e+01
8.493918254148358216e+00,1.289545525775817758e+01,1.299889751418498918e+01
1.436138914052421178e+01,1.482932760809993411e+01,1.781404569740733379e+01
9.444341306434278493e+00,1.256765420207110040e+01,1.423998683969130852e+01
1.104482713309259090e+01,1.149672975171794675e+01,1.486135836147488476e+01
1.060849242764243172e+01,1.546161988282085886e+01,1.761319278863791382e+01
1.236704995362315174e+01,1.532496030651835994e+01,1.887947188745832250e+01
8.834561656732962120e+00,1.013964115633792318e+01,1.243290447579376234e+01
1.194107257458398053e+01,1.473765834466219005e+01,1.871057589860321357e+01
8.144970013848112700e+00,1.165411426705562725e+01,1.476076962884058297e+01
1.077752123310163057e+01,1.150904864349742063e+01,1.249182187339279970e+01
5.768690450758074739e+00,1.051494996224631784e+01,1.490469676852646330e+01
1.226912717769212513e+01,1.235484529952386268e+01,1.633380889252249091e+01
1.093318662663594942e+01,1.519175966188059768e+01,1.526101517595011181e+01
1.121434935109840048e+01,1.477736929454892234e+01,1.968631059137854322e+01
6.701939473713683704e+00,1.142605969714725056e+01,1.404921499524968098e+01
1.114907061590148096e+01,1.317309944998737770e+01,1.655797369041229672e+01
6.654600148891839595e+00,1.023890827369396206e+01,1.404535236195518699e+01
1.574653483237103835e+01,1.579721681768383235e+01,1.670502000301462431e+01
6.313201776005245236e+00,7.427629965993096661e+00,1.139836221933382276e+01
9.096662886629363953e+00,1.261059848879617284e+01,1.571692089842500017e+01
1.215319854745512274e+01,1.379725970840639171e+01,1.755927812915489028e+01
1.134050898908454919e+01,1.378127393480078666e+01,1.435450239293108687e+01
1.055129313588363615e+01,1.388639953347745681e+01,1.620318552675280444e+01
1.156518469910815483e+01,1.540448503458214802e+01,1.801424544803152017e+01
8.882765517074243888e+00,1.361773021310822429e+01,1.718386305035239303e+01
1.177562069062787131e+01,1.483653630076212515e+01,1.788200146366948928e+01
1.661459036000718115e+01,1.721225759588898896e+01,2.099988300895695303e+01
1.194841202998397378e+01,1.472359061990983342e+01,1.725716373233852963e+01
1.103064456559230599e+01,1.357199175421494175e+01,1.664181801005390327e+01
1.254418392095301016e+01,1.305323776432235405e+01,1.471272521978464276e+01
6.751765496231073804e+00,1.096925385126590768e+01,1.455884569106645188e+01
1.161606293649367316e+01,1.628830356520720102e+01,1.952127799503531236e+01
8.842440784147797217e+00,1.339218076334724294e+01,1.494333853079208296e+01
1.551166750410358475e+01,1.648108417697143935e+01,1.903710828267699640e+01
1.510547063336061413e+01,1.688028822312826094e+01,1.978846601499403590e+01
1.309284153501589998e+01,1.547105755301631369e+01,1.610152028447587824e+01
1.198184828397263857e+01,1.575144191952491646e+01,1.576212060335578435e+01
7.985964923863178022e+00,1.294576091655178729e+01,1.734062789640558577e+01
8.568882105566482110e+00,1.279284034438222051e+01,1.294558062560844647e+01
3.010954586633954655e+00,7.986642248866571592e+00,1.246213605701128557e+01
6.370436459044867661e+00,1.120482949422033414e+01,1.506307152928001791e+01
1.038786727763524631e+01,1.099578029006754853e+01,1.562292544679893069e+01
1.418671111568516707e+01,1.724791698303358345e+01,1.869245436338829336e+01
1.193143386130137173e+01,1.262987675697273104e+01,1.715573092452735082e+01
9.364937700162581535e+00,1.400951230549291182e+01,1.690152846974821088e+01
8.118159120177210752e+00,1.212878685015445690e+01,1.700893955497816989e+01
8.776513391770034644e+00,1.287822692669805846e+01,1.667126099600005062e+01
8.363247932353772285e+00,1.166753820251155815e+01,1.532463663233533246e+01
3.597639488413197029e+00,8.325182573060613933e+00,9.456985793609563373e+00
7.009474447323338353e+00,9.909349357100129652e+00,1.102831524076160541e+01
1.220710521445865382e+01,1.525382074574102020e+01,1.592692710054369698e+01
7.460451128068378068e+00,7.913918278907068782e+00,1.131271842081303092e+01
6.581996287200747808e+00,8.870236204597738094e+00,1.238449707378404874e+01
9.117816850202927981e+00,1.365527190420279346e+01,1.750220984306704963e+01
5.671914237739665410e+00,9.297891672459481782e+00,1.414254841715520072e+01
8.227649189003562569e+00,1.146091128630180656e+01,1.421744192964540865e+01
8.977061101040430202e+00,1.115618651727674404e+01,1.240354779484451342e+01
1.306795162894717954e+01,1.321646230495696273e+01,1.448489200833633639e+01
1.402082112637521405e+01,1.526205133682945458e+01,1.631941571585969086e+01
5.042805642472281136e-03,2.814505833233805987e+00,6.005743607282511221e+00
1.125947426453832989e+01,1.559277487343878299e+01,2.031491324831798906e+01
2.173039955922241084e+00,6.939161759216558423e+00,9.148764380474393221e+00
1.227206173891824470e+01,1.673360615880991986e+01,1.844664889109394323e+01
4.034567491960141972e+00,7.006265593524753754e+00,1.126529830126787779e+01
6.544679371130780687e+00,9.376724476055024127e+00,9.421163163995050382e+00
7.659789216999643990e+00,1.121239905377979262e+01,1.511057563062782627e+01
4.456004810774267355e+00,7.831681359399711440e+00,8.446990786425091713e+00
1.047314290941524106e+01,1.159169357615791540e+01,1.534498102243215456e+01
1.776218491912894493e+00,6.775435384221175639e+00,7.510503505594393836e+00
6.089806963345539614e+00,7.092361352738176805e+00,8.669921953805953763e+00
7.311817546463244000e+00,7.486180533544004589e+00,7.813202389352860600e+00
3.606451291184954222e+00,8.080825337612129289e+00,8.266956896098532681e+00
3.599394214754537025e+00,8.434766121073517198e+00,9.845523230767433631e+00
4.014957369718245239e+00,6.527057256109470629e+00,1.075597291368355357e+01
4.944252512735391569e+00,7.104691196542035847e+00,1.194311755235700545e+01
5.991878375469262608e+00,8.804950760877581217e+00,1.028923389668820398e+01
8.988747710343163888e+00,9.116079591655083192e+00,1.063988423111851134e+01
-3.116984141128662955e+00,1.609140172757362208e+00,4.768493961199927966e+00
1.058332633395923317e+00,5.234980987123524443e+00,9.638330647596049516e+00
3.983733818758506739e+00,5.268621341935542546e+00,9.135731502473522170e+00
7.124869205131164840e+00,9.469113142175512365e+00,9.655285657506935237e+00
4.479915109496621639e-01,2.604114173426654411e+00,5.360698552684485030e+00
5.762863084401551816e+00,8.439654586085818977e+00,1.150413556820458361e+01
4.924497315497261773e+00,8.765076158270009188e+00,9.276327983335521665e+00
3.884326050283796850e+00,6.413079562597116201e+00,6.847938571267346397e+00
9.808234174398693384e-01,3.341242068987698488e+00,4.239735053793677544e+00
-5.306017099047354080e+00,-4.591052569704974218e-01,4.418852514184004043e+00
-2.618880960621239318e-01,2.436351052007275086e+00,6.786747095440784250e+00
-1.124491424853559796e+00,-1.016455030891238565e+00,-9.648133126592279840e-01
2.821569190024601603e+00,3.658527041755180509e+00,8.295379783952496311e+00
-3.191166303166788065e+00,-7.238951259897152823e-02,2.149397322007540190e+00
-3.171340153918400517e-01,4.594419603437776445e+00,5.307673773685589680e+00
3.645809280831994403e+00,3.837385937097132160e+00,4.074256915882830121e+00
3.571304497898825758e+00,4.455863969120674284e+00,4.791830809547717784e+00
-3.518990807083776762e+00,2.250120983219443538e-01,3.328718904802172585e+00
-5.758600851015271971e+00,-1.039266354922420810e+00,3.821107518080181897e+00
2.497646458358736332e+00,2.744023183580266423e+00,3.756872289366729234e+00
-6.283030362870078989e+00,-4.324168362724767789e+00,-1.216988048369512576e+00
-6.435582051940588855e+00,-1.590383421555462196e+00,7.518137476233728300e-01
-7.275796440759549455e+00,-3.719084045979356823e+00,1.164908416844620653e+00
1.388865943070628717e+00,2.507795925542214199e+00,2.866526348390654455e+00
-1.745976624190452187e+00,-3.626929598355584095e-02,1.965547997807922886e+00
-4.022869233191141980e+00,1.016841966011943210e-01,4.684901880449611866e+00
-4.372174530359357547e+00,-6.776503362689424437e-01,-2.239169979450451597e-01
-3.338665423637571461e+00,-1.694385959857262147e+00,3.157799019478629621e+00
-6.593949501198555829e+00,-1.727840171283153703e+00,-2.549109170207530806e-01
-4.309533786653540588e+00,-3.852252523781480420e+00,2.269444136223857100e-01
-4.129758830970629901e+00,-1.515714482691983278e+00,2.467220658518137988e+00
-3.451997469357741544e+00,-1.342576459082583717e+00,1.515956091968390318e+00
-1.079119731818337868e+01,-6.867848919676827535e+00,-3.333491130413520409e+00
-2.876925086001048015e+00,-1.318255705740469352e+00,3.167225674762931042e+00
-4.281669101771180763e+00,3.539714401347859862e-01,4.983611874172543033e+00
-5.849048186102367985e+00,-3.146439095990054113e+00,-3.075879725839827383e+00
-4.002845548202323300e+00,-2.609835101903606347e+00,2.160168787210910768e+00
-1.223833998333241269e+01,-9.196434754873601847e+00,-6.620102664522637070e+00
-3.714158739659645825e+00,-8.522050631979913859e-01,6.729709961680676589e-01
-9.778231148890519364e+00,-9.459464429471186264e+00,-5.558847774878396208e+00
-8.054773885081093709e+00,-5.225817321000297611e+00,-4.871635236211659503e+00
-5.559261815000535734e+00,-2.613984007255904629e+00,1.808386408794812716e+00
-9.587699491890329995e+00,-5.542735508260478561e+00,-7.376078606374498747e-01
-1.316814963058093824e+01,-1.116900331457259554e+01,-9.455553960044035477e+00
-1.602461591946222086e+01,-1.230270756089268147e+01,-1.014791011792106445e+01
-5.341369918706217135e+00,-3.349475819478518801e+00,-1.730064166006766158e-01
-7.387804451352085522e+00,-4.442848344018656803e+00,1.255975098742645457e-01
-8.097550001694168387e+00,-3.161727635375996659e+00,-3.049932536568777941e-01
-1.070860562213485778e+01,-1.009167167505872875e+01,-7.537737371466072922e+00
-9.048668030631450421e+00,-5.968607085128285306e+00,-3.339763459050950178e+00
-1.560685058697639427e+01,-1.144200144922896989e+01,-7.857871342962114092e+00
-9.638334978037823575e+00,-9.478326148370106452e+00,-4.834170048163704436e+00
-1.169988843407971046e+01,-1.058903409414071639e+01,-8.924311418036722898e+00
-1.439342922388933843e+01,-1.154975118612377472e+01,-1.067301077582098401e+01
-1.011283174089283321e+01,-8.857786633260429809e+00,-5.412700176425879306e+00
-1.302119942419956367e+01,-1.075947436068566887e+01,-7.451516852794286550e+00
-8.329775962693794611e+00,-6.662383283992254768e+00,-3.924277844358375233e+00
-1.460370001196666223e+01,-1.047447173459081959e+01,-1.013533309781128722e+01
-1.176192310423829213e+01,-7.263923548995240509e+00,-4.816751474887455586e+00
-1.349442468360437175e+01,-9.604497912567055096e+00,-5.385436365515214874e+00
-1.497704648897264690e+01,-1.289424576269162692e+01,-1.123004886565628091e+01
-1.440517292863820842e+01,-1.316280071601426016e+01,-1.046754750161893988e+01
-1.626637448495031180e+01,-1.213492656748081089e+01,-1.206299682187421141e+01
-1.018715045671681096e+01,-9.460801443282903733e+00,-7.280799915287438751e+00
-1.505345095767696328e+01,-1.076336214897371413e+01,-7.968507537515986172e+00
-1.507865210214102980e+01,-1.015813042060775295e+01,-8.946311953335040812e+00
-1.869913630728567000e+01,-1.475027590043131731e+01,-1.013752154502549629e+01
-1.214472139037024156e+01,-9.827886393910645779e+00,-5.498637402913923111e+00
-1.360994866145496651e+01,-1.197068976212562141e+01,-7.408209674594333549e+00
-1.661404326381785168e+01,-1.476987930536798643e+01,-1.451906370070823904e+01
-1.369979652738897968e+01,-1.248229028202469593e+01,-1.159768931539806047e+01
-1.555985695279396630e+01,-1.296060877917157939e+01,-1.212075697190948098e+01
-1.545933956967069633e+01,-1.222749983161885368e+01,-8.856121032381883751e+00
-1.004507638330231067e+01,-8.437335463527338320e+00,-7.377440472850893549e+00
-1.588366757495759174e+01,-1.114080684389748654e+01,-9.520348166163122627e+00
-1.648663691083434557e+01,-1.415944494274637400e+01,-1.295281620368409214e+01
-1.329855654973404810e+01,-1.263471275669515670e+01,-1.055525142174153252e+01
-1.349315081908550340e+01,-1.196889119397926748e+01,-7.811739707896329321e+00
-1.305915909493056404e+01,-1.096909191930842553e+01,-9.590010604604412237e+00
-1.931738148388278375e+01,-1.687302077208250495e+01,-1.640566232361963372e+01
-1.530360408289324248e+01,-1.237904821416563017e+01,-7.942609050372342772e+00
-1.666667944751200992e+01,-1.364269007837072323e+01,-1.147305198498360923e+01
-2.411001497110711611e+01,-2.188997259796924055e+01,-2.075005166813492252e+01
-2.304775329849319476e+01,-1.866017817022940761e+01,-1.397255076944767183e+01
-1.406259098910261507e+01,-1.307092271974606845e+01,-9.357249663513416138e+00
-1.798012588626042429e+01,-1.791459441671694464e+01,-1.418579061315129408e+01
-1.870228271114411811e+01,-1.829365364453311571e+01,-1.368609357011332150e+01
-2.514299479417052652e+01,-2.086726185138788736e+01,-1.631823167466896152e+01
-1.888759750273505489e+01,-1.641985724755204501e+01,-1.254168279794824592e+01
-1.528351421718553205e+01,-1.519408583661485679e+01,-1.088334323687134386e+01
-1.723781748989910412e+01,-1.697307658193262370e+01,-1.551667711441315234e+01
-1.873439412647337221e+01,-1.407177563480486171e+01,-1.380300646680486487e+01
-2.389728917160463695e+01,-2.042269036784506042e+01,-1.777760727707426724e+01
-1.785242272753242787e+01,-1.571441990602987815e+01,-1.207162208229014944e+01
-1.904151662857595539e+01,-1.721149669643483548e+01,-1.600840860771875640e+01
-2.085988280742506262e+01,-1.966458420975563115e+01,-1.645497858221373733e+01
-2.028520358835091741e+01,-1.537404947537442546e+01,-1.391592789223547655e+01
-2.320601223674757208e+01,-2.022092383683265737e+01,-1.792181035068544404e+01
-2.510724304752775282e+01,-2.101811825289871649e+01,-1.670374087909270955e+01
-1.936639659368900368e+01,-1.922371526399472685e+01,-1.757925268117621442e+01
-1.911180301268373327e+01,-1.835379490503808597e+01,-1.700628501271768656e+01
-2.413773175684155348e+01,-1.936775076086784608e+01,-1.461669791512311534e+01
-2.085026358838920402e+01,-1.846373027504115072e+01,-1.399760743707630084e+01
-2.378240355930222449e+01,-2.120948130772584506e+01,-1.959378366193800147e+01
-1.339441016527817219e+01,-1.313739473387258982e+01,-1.298701710894931161e+01
-2.522453798902679267e+01,-2.335138504364391210e+01,-2.004068941566832862e+01
-2.371473902141134715e+01,-2.303260717522857348e+01,-2.295849220116033962e+01
-3.085939721564878369e+01,-2.640795299266530805e+01,-2.463564324927112992e+01
-2.205860170524428199e+01,-2.096730877617941857e+01,-1.945406740578601301e+01
-2.699203547070179354e+01,-2.372940043009378286e+01,-2.282716253017708397e+01
-2.616930678746293992e+01,-2.461892154969245894e+01,-2.035698983879971280e+01
-1.795339169022177117e+01,-1.384279791899106371e+01,-9.697585516960124608e+00
-2.131836145770497382e+01,-1.808799066271700440e+01,-1.537397918239470052e+01
-1.672084010010950550e+01,-1.539177383361712437e+01,-1.391411407875120787e+01
-2.210533037647783061e+01,-1.761810067253250622e+01,-1.575683079905741124e+01
-1.861580432617700609e+01,-1.596604542771729029e+01,-1.588439652600505525e+01
-2.676442896946790384e+01,-2.228351294412878758e+01,-1.900745809265991326e+01
-2.120953690227963051e+01,-1.751950477980800258e+01,-1.341985579048199995e+01
-1.689340354645553077e+01,-1.609614759367494941e+01,-1.423961472996262856e+01
-2.397111110449882077e+01,-2.132612867983879212e+01,-1.944787224949190119e+01
-2.260119434494945168e+01,-1.872504204012196993e+01,-1.694592799047386933e+01
-2.312009321844682219e+01,-2.285947276499523895e+01,-1.829309161113199522e+01
-2.491302172224656530e+01,-2.303986221197956752e+01,-2.271244727339085756e+01
-2.181917126488379566e+01,-2.021642842454159705e+01,-1.910388201834149768e+01
-1.924944619947151736e+01,-1.649069117331650958e+01,-1.355201418915232736e+01
-2.178437275404371221e+01,-2.017942449118031689e+01,-2.017452280524419805e+01
-2.713856357787048168e+01,-2.364741393373962097e+01,-2.209907867866708386e+01
-2.940119947193972649e+01,-2.530323591606544653e+01,-2.519459625418025439e+01
-2.642310788012483513e+01,-2.537947297636022270e+01,-2.477334499601304074e+01
-1.937280058773841063e+01,-1.733285219402225152e+01,-1.309956989304760810e+01
-2.143772562537380466e+01,-2.113586305475192972e+01,-1.739311234494826053e+01
-2.568802586173456959e+01,-2.482789562030341912e+01,-2.099592869633822190e+01
-2.207531701690566095e+01,-2.046039377537655213e+01,-1.709503620843702976e+01
-2.029642262333731750e+01,-1.962051542914610280e+01,-1.661756722974112677e+01
-2.321064517157731544e+01,-2.226943388555879366e+01,-1.846397154422050235e+01
-2.206952890248265575e+01,-2.056388274939620331e+01,-1.627039456462535583e+01
-2.203282926448055079e+01,-2.122332305473271319e+01,-1.885747677019985957e+01
-2.122088066363440007e+01,-1.978928704093753410e+01,-1.927944808514684283e+01
-2.082055495729728278e+01,-1.987416973345985838e+01,-1.925958559656525537e+01
-2.757282207961640452e+01,-2.278993302477990213e+01,-1.856157967943306275e+01
-2.445835780838237383e+01,-1.988327749331647709e+01,-1.975355199954809393e+01
-2.735887581283673242e+01,-2.370569313994226235e+01,-1.890833248733073546e+01
-2.657463046714289590e+01,-2.171144883582271135e+01,-1.693697086446153577e+01
-2.388431853222438050e+01,-2.313889502538467369e+01,-2.229596609039662169e+01
-2.701450638929226500e+01,-2.467778484998981270e+01,-2.102536523351688302e+01
-2.793108355344745064e+01,-2.438243534758435160e+01,-2.326791866465496028e+01
-2.962720268108200372e+01,-2.490879381424683459e+01,-2.242453161311484067e+01
-1.741234678123275614e+01,-1.680630296993610884e+01,-1.320640024406148605e+01
-1.926933594653939963e+01,-1.925351260038609524e+01,-1.528430637253363855e+01
-1.867967354253758927e+01,-1.828536590890271896e+01,-1.394565177480568607e+01
-2.588571537296881431e+01,-2.496264618762121046e+01,-2.129364150953563950e+01
-1.853818292364125853e+01,-1.672902544452434270e+01,-1.535824465992200416e+01
-2.029354428258665166e+01,-1.668359633957963695e+01,-1.371811632387636237e+01
-2.019928266759571756e+01,-1.853065919276416551e+01,-1.820904144368025612e+01
-2.130552627126314746e+01,-1.813528031266198681e+01,-1.497289616214546193e+01
-2.199654018872782757e+01,-1.954095821752927620e+01,-1.681633086981595682e+01
-2.342281668275480300e+01,-2.127102622487258543e+01,-1.853652192973402180e+01
-2.152177648522622277e+01,-2.036949093116788134e+01,-1.840803794224984102e+01
-2.554473122930316720e+01,-2.093150373670327014e+01,-2.033090501019270491e+01
-1.867567802028910151e+01,-1.588387268009948095e+01,-1.304730461403953079e+01
-2.148275121106125951e+01,-2.106259559269165393e+01,-1.929488204362827375e+01
-1.678220915999354546e+01,-1.657693376595502599e+01,-1.387184560633389907e+01
-1.924863481962319511e+01,-1.849508613518775135e+01,-1.789293699336128896e+01
-1.962786861604444510e+01,-1.824747886103611094e+01,-1.697801335325856797e+01
-1.825588031180110704e+01,-1.805175067230592489e+01,-1.596281039025401505e+01
-1.934728374686210017e+01,-1.723536439977222301e+01,-1.287762136325097373e+01
-1.916264286584945253e+01,-1.669844972776663639e+01,-1.587410960672171889e+01
-1.086815109330235352e+01,-1.031505625729239561e+01,-6.741303610804635582e+00
-2.061509189037554179e+01,-1.766596454592235332e+01,-1.325510131772533917e+01
-1.974840119382959003e+01,-1.500142415048269484e+01,-1.489889459933474569e+01
-1.646737032732448114e+01,-1.507762860412137051e+01,-1.015195666390973805e+01
-2.011968035875464622e+01,-1.927448473797294071e+01,-1.594620790046958625e+01
-2.229742454735144719e+01,-2.008897168157250590e+01,-1.944051378783270678e+01
-1.305092341523031862e+01,-1.092865023452363182e+01,-7.706994133172518247e+00
-1.810644522174368731e+01,-1.751754881250647244e+01,-1.570501526260261649e+01
-1.631465183190936941e+01,-1.474246017268452214e+01,-1.125687045423966381e+01
-1.839632601555670988e+01,-1.537819493181535968e+01,-1.410325120562497858e+01
-2.135276941015612806e+01,-1.953352145159155739e+01,-1.517835262029391252e+01
-1.654097679902337248e+01,-1.551065053651904080e+01,-1.512642143729042132e+01
-1.629225103981908873e+01,-1.372408525676730662e+01,-1.295599899367451968e+01
-2.125421796544618047e+01,-1.874395742253797081e+01,-1.571855303106925916e+01
-1.461047760545398511e+01,-1.022491751056674580e+01,-9.460731379398900742e+00
-1.443725731487182884e+01,-1.209830387054196521e+01,-9.496807895169341762e+00
-1.461934979346280628e+01,-1.232247890434829429e+01,-7.441681311226766127e+00
-1.449117032085070989e+01,-1.094125504695321638e+01,-7.438652449319237192e+00
-1.500489239991775570e+01,-1.313970845818304944e+01,-1.235032436508386056e+01
-1.881054804930798241e+01,-1.580873871964177724e+01,-1.159184216669633471e+01
-1.616665876379391165e+01,-1.213739466353845842e+01,-7.796021556142616049e+00
-1.334764428939071479e+01,-9.109178357706323226e+00,-5.235121996287334767e+00
-1.521554003899603913e+01,-1.405980308868802631e+01,-9.087868088759211815e+00
-9.645657873315737874e+00,-6.599190586871715780e+00,-4.863096991370170485e+00
-2.212218425765198404e+01,-1.735985628098919520e+01,-1.731793272852175747e+01
-1.412649793808405541e+01,-1.059166368161380944e+01,-6.878055013477613500e+00
-1.145992001317997655e+01,-8.387741448849412862e+00,-6.531672050078981329e+00
-8.425209139404845615e+00,-4.683567785090900770e+00,-3.330419168812038144e+00
-8.610084861319649008e+00,-8.297933826325406770e+00,-7.696540815635378507e+00
-1.867205283589071030e+01,-1.504417241222951418e+01,-1.084453600809068696e+01
-1.349450160410297173e+01,-8.508193813220861657e+00,-4.690453003100174989e+00
-1.772351663882264106e+01,-1.675264841271867056e+01,-1.369832576224703757e+01
-5.901498978460198330e+00,-4.633074005473034163e+00,-3.945874726348266304e+00
-6.369767644680392138e+00,-4.791906284820944606e+00,-4.774657809378842543e+00
-1.514909844513497816e+01,-1.186927966838883641e+01,-9.663006506376980553e+00
-1.019506041807733254e+01,-8.884933581937042746e+00,-4.897019331600155567e+00
-1.178640232178268832e+01,-9.274299763296539822e+00,-5.680257396785842516e+00
-1.252093852200903257e+01,-1.230472791670224986e+01,-1.001048073825899820e+01
-7.289973945813984280e+00,-6.989925876279148298e+00,-3.975421331379495715e+00
-9.373443211680637432e+00,-7.773802103310174516e+00,-2.861945715769831367e+00
-6.768628387146540248e-01,9.687282677514321705e-01,4.181272699261763037e+00
-4.748164670007273713e+00,-3.669308674996387687e+00,7.599415450797257776e-01
-4.165485293307984449e+00,-2.472311949680296550e+00,8.397245666738721859e-01
-8.753330316303816971e+00,-8.180010261602713939e+00,-7.671200856783959132e+00
-1.282739855010061092e+01,-1.069515134484158203e+01,-6.190678817777387266e+00
-7.180418953778454849e+00,-5.873954471421994228e+00,-5.338814168971896201e+00
-5.567841634224109271e+00,-3.188433801717998506e+00,-3.183751589890232214e+00
-4.953878800348597622e+00,-2.431263560622130449e+00,-6.693297843663126301e-02
-2.857890158429007066e+00,-8.113494126630174108e-01,9.043969950193884166e-01
-5.478901645083450234e+00,-1.883608357450196724e+00,3.576192121444043970e-02
-5.800098765057473571e+00,-5.470405874868224494e+00,-1.416846846589271181e+00
-3.723673078577499851e+00,-3.122354925139119164e+00,7.991575284069352136e-01
-2.743296267200793004e+00,-2.456871596678622982e+00,-6.035880868325687043e-01
-4.887856012289910623e+00,-3.319467092511854567e+00,-1.843395792676267853e+00
2.543003526731317798e-01,2.760215469994047321e+00,6.514338535197840230e+00
3.979759729113821365e+00,6.291404430098984868e+00,9.327317995317145005e+00
-2.568567117335572636e+00,-4.875579273384267331e-01,7.956004812505752533e-01
-4.385070299690450923e+00,-5.958265006433876021e-01,-3.388520403934074388e-01
-1.731395952357502432e+00,6.355309140820319946e-02,4.025200955078132914e+00
-2.638667387679770826e+00,9.369776052024807456e-01,3.569231902395229472e+00
-6.948325224745733664e+00,-5.105425494917396279e+00,-2.269943752062116626e+00
-3.696314228144058855e+00,-7.782966087464746607e-01,1.305996917663995394e+00
-5.103364449480443099e+00,-3.910698180548313641e+00,-2.636076391752453230e+00
3.103779729213106631e+00,5.599007478819993722e+00,6.094693821716540505e+00
-2.217106135483283946e+00,6.418044349149805150e-01,9.684961953354238595e-01
4.911411537307869501e+00,8.688959897290544632e+00,9.465973265566562489e+00
-8.356884484963642556e-01,2.815801925234268310e+00,3.281613849547640349e+00
-5.576636941802609826e+00,-2.287110643454524972e+00,-1.030892989942228999e+00
-2.795814063767367408e+00,-3.921412885957642480e-02,2.644707346530967840e-01
-2.515794888733308809e+00,1.615694568017158383e+00,2.634107541470200431e+00
1.869920621976143948e+00,6.473824422091144726e+00,8.715372798961393386e+00
2.702001491473152051e+00,5.498853365204494636e+00,9.651352122195964611e+00
-2.214481798449444927e+00,2.484011070925020714e+00,4.691000452461882020e+00
5.326617767151848426e+00,5.424283709218725491e+00,8.397949890163957321e+00
7.253891846544942013e-01,4.725522000449776883e+00,5.931550208426656923e+00
6.305740608810319614e+00,9.668733148136933409e+00,1.222414083433304022e+01
3.403457854725749687e+00,5.483109096492489343e+00,9.431510818002903918e+00
1.607518936174937796e+00,2.672605481619941603e+00,6.913203099834310805e+00
1.553097729921989911e+00,1.663987577208428270e+00,2.877080141155653248e+00
7.115150664177311235e+00,7.847084579517860981e+00,1.130308949506075322e+01
6.340961890702283554e+00,9.337618868965726904e+00,1.052406466043939837e+01
-4.867195340947532145e+00,-3.039169730641581246e+00,-1.384893038527339693e+00
5.964141648883285463e+00,6.096793686843197335e+00,1.106108231716533652e+01
7.586127039184571430e+00,1.006888464950897699e+01,1.094517387797239216e+01
4.338937510203033199e+00,5.037807777804927056e+00,5.522100462073482596e+00
4.302159225839121248e+00,5.393010156071522232e+00,5.484694176825455791e+00
3.922589326544623667e+00,5.758371424404344907e+00,6.632902168152353894e+00
5.161923246019741285e+00,7.178564946752512554e+00,9.615833639402879385e+00
7.940742398500874266e+00,9.460267872911970244e+00,1.253913410980943510e+01
2.348297170435970749e+00,7.064772848130786542e+00,9.295882817320952896e+00
1.377705254973231597e+00,3.577726007751955262e+00,4.172970698141600820e+00
2.633545709036253957e+00,4.539533854568187365e+00,8.246910323384579300e+00
6.500024791933270762e+00,1.023626136512813467e+01,1.316016298294234588e+01
8.515628492316054121e+00,9.322629125326725941e+00,1.049764958029959772e+01
2.511810244173157791e+00,5.826926461383067135e+00,6.713025989683269579e+00
6.087586345517316921e+00,8.818442395219996399e+00,9.149652554798104021e+00
2.319727906476733104e+00,7.217161181136294346e+00,8.089247565348822278e+00
1.103449918357565451e+01,1.117145252337449790e+01,1.244782480362630039e+01
8.023899496507429063e+00,1.132517515529795560e+01,1.426411155100392136e+01
1.170679222750901260e+01,1.295980783241878953e+01,1.453845384880365543e+01
7.938598905941545603e+00,8.227225493470550433e+00,9.100632759680884476e+00
6.781586185299472547e+00,7.114627649102652995e+00,9.326706913233424601e+00
7.410801811778723547e+00,8.501024896132939546e+00,9.406488800056939326e+00
8.052098394630263556e+00,1.232115152361507526e+01,1.585653198042949086e+01
6.554530240513038564e+00,8.905400261053452837e+00,1.336540444380707982e+01
8.533735447100911031e+00,1.318884881016284538e+01,1.593211360635501350e+01
5.374843663050079989e+00,7.694079880354460776e+00,1.141486914903746452e+01
7.395733929698121045e+00,9.755735539543682222e+00,1.204830124789859092e+01
4.102964559265259936e+00,6.911067118016079647e+00,1.056854918419230849e+01
7.218379364258129982e+00,9.997289226837043685e+00,1.141242571861205057e+01
1.084134355755458401e+01,1.358658121070805436e+01,1.375783907588608379e+01
1.014477977501867656e+01,1.235821538563759248e+01,1.421588141471638345e+01
9.391214233953355972e+00,1.156838923625006110e+01,1.617353801679672998e+01
5.815093448886369920e+00,7.040796537840382285e+00,1.190799251068505527e+01
5.111315104347538885e+00,9.932040771694321535e+00,1.331467959053821559e+01
9.259409884012812952e+00,9.776243930490199574e+00,1.180757850938118914e+01
1.049942231174178708e+01,1.330596338572062365e+01,1.453103776712925566e+01
1.408721970322388728e+01,1.825109390752439964e+01,2.006538421791715976e+01
1.195585858138676727e+01,1.485957184307079260e+01,1.582778707550408193e+01
1.192671053004315240e+01,1.587678642403581897e+01,1.754460007673594291e+01
8.421231836921963421e+00,1.124884897876608036e+01,1.574179401841078985e+01
8.813809909565307521e+00,1.338924454043723422e+01,1.398409101903884100e+01
1.195619175356747377e+01,1.298694377739281158e+01,1.597898061148254456e+01
3.727585757660007104e+00,6.657486677375477058e+00,8.862621771241601110e+00
1.279956136016816615e+01,1.552434404951080005e+01,1.736646719524759774e+01
9.416549945187632886e+00,1.408596090764938324e+01,1.443512501885025046e+01
1.348222096873032427e+01,1.375020047698647829e+01,1.826946925536537947e+01
7.754153522169609403e+00,1.029663410411991364e+01,1.398025506352271563e+01
1.095043514492802927e+01,1.360915678625568859e+01,1.740041129385118523e+01
1.547161356019737610e+01,1.812923462466080338e+01,2.192191497922259202e+01
9.176670725249483240e+00,1.289795291009165012e+01,1.652991577680294455e+01
1.096769370198003379e+01,1.145680000882447658e+01,1.387114263304163408e+01
1.082284566985484098e+01,1.347811485343515514e+01,1.658435782111927992e+01
1.347804103175325530e+01,1.574172453026130292e+01,2.027733324254278813e+01
1.693265848053807687e+01,1.760821790371806372e+01,1.968070558483847421e+01
7.655980671540456584e+00,1.212032258104198590e+01,1.667033141476473901e+01
7.633352608384983640e+00,1.177141174549037927e+01,1.551964359666004789e+01
1.133473160871659147e+01,1.450332530909072304e+01,1.774961897219451501e+01
1.023697146342315811e+01,1.345350407033575380e+01,1.676537771015703981e+01
1.598101256348006771e+01,1.712928307591728583e+01,1.740269147004023509e+01
1.469110064481276368e+01,1.782048260654707050e+01,2.025640939658890716e+01
7.649807167963754928e+00,1.215496859664226470e+01,1.248176717966379456e+01
8.204859827390247773e+00,1.007170123280793561e+01,1.196446765379939414e+01
1.813528367383900175e+01,1.929389937329343496e+01,2.026220801391927395e+01
1.479189054646693791e+01,1.538274202716325334e+01,1.685952732512598118e+01
1.176399616669662862e+01,1.257629078014169899e+01,1.508024833102185980e+01
1.062574852502189948e+01,1.504870388007654292e+01,1.523125663347208913e+01
9.381485385108669917e+00,1.230705773010112303e+01,1.248585949577653409e+01
1.708587099383933250e+01,1.808405034977326409e+01,2.157112953691995116e+01
1.161969729989642275e+01,1.295911410923200791e+01,1.307132590733958288e+01
6.126918598333659816e+00,9.247435467959546074e+00,1.363027692125870161e+01
1.132468027680505429e+01,1.259092839191103863e+01,1.556640111746479249e+01
1.404667770111470482e+01,1.565677955369147512e+01,1.640790141476815123e+01
7.586619916677800113e+00,1.180789337716370824e+01,1.189294348952309122e+01
6.245910111617357430e+00,1.066295944974500998e+01,1.384137610526302531e+01
1.125765722313963124e+01,1.445208124131564276e+01,1.529020987853851921e+01
6.303617794257063700e+00,9.665044638528566878e+00,1.073184921954099558e+01
3.228707267605035014e+00,7.645935264471418691e+00,8.951461237287775319e+00
3.108017164428022561e+00,7.599943652607704436e+00,1.259340160593895064e+01
8.487130278969173602e+00,9.849550213328898352e+00,1.079546211217809493e+01
1.455193258303395254e+01,1.743972034430017004e+01,1.800920510826946597e+01
1.136885429582935814e+01,1.350380382960508818e+01,1.592942899029430137e+01
6.085834346921604521e+00,9.264066584429361484e+00,9.341010729960604664e+00
6.219944150915605263e+00,8.533556775069957467e+00,1.301446903217421180e+01
1.508105603326703559e+01,1.691142852703966071e+01,1.995562948550236371e+01
8.344667819605867010e+00,1.325541315948171395e+01,1.356459993726108770e+01
2.344400915733854340e+00,7.120235475116787782e+00,1.168624864603528835e+01
9.318512449166728828e+00,1.031885264113520861e+01,1.274575757066588189e+01
1.102229988150090989e+01,1.324120100540886824e+01,1.683240325810615090e+01
1.430516871911739152e+01,1.452309802437764397e+01,1.944262946760037636e+01
9.004275301152837585e+00,1.054618391182465764e+01,1.446807548328255244e+01
4.411304472734837390e+00,9.249237622647441981e+00,1.267215437033588366e+01
7.923485485748718915e+00,9.110549021594152919e+00,1.403443940801997769e+01
1.117403806930446208e+01,1.482794618834361344e+01,1.961428887273273958e+01
9.348715690296378611e+00,9.803349784890585283e+00,1.228590052018619261e+01
9.844233216662980013e+00,1.369196219067631048e+01,1.802391962625374333e+01
4.741082939981532185e+00,7.833796900494901294e+00,9.158773561247420147e+00
6.234175271842696375e+00,8.873400543337847779e+00,8.923054836408581991e+00
6.705376187529325627e+00,8.283600396869960747e+00,1.094971863627266018e+01
3.378157073050143566e+00,5.775945803831622705e+00,1.014102150382300849e+01
1.268442794628920112e+01,1.516041596764638655e+01,1.830206197222292275e+01
5.384440660211720520e+00,1.037195669635603323e+01,1.409044324389861913e+01
1.300290171177477561e+01,1.606782287419952127e+01,1.981778597059056679e+01
2.209077431817362935e+00,6.259355529307532251e+00,8.624879696182379263e+00
9.505541630553109300e+00,1.409694988804936067e+01,1.753359301788415792e+01
6.257602004321162426e+00,8.118380506836992083e+00,1.030124330371711849e+01
7.385015317701022930e+00,1.022703334224521399e+01,1.343527637460117319e+01
7.831629809431627898e+00,1.282818589819336808e+01,1.729432741832694376e+01
4.424482637308723376e+00,7.940256961043812289e+00,1.096641959233559582e+01
7.170665307249831422e+00,7.501001028392604297e+00,9.901009068343347153e+00
4.579478995827163779e+00,7.549874659301056390e+00,8.144423229471698278e+00
2.557815900144452925e+00,6.872600644017723859e+00,1.031726422060411608e+01
6.589821942920631059e+00,6.946481378030808784e+00,8.712056922276108395e+00
9.981272562702976359e-01,5.276666090317072566e+00,6.741518544984396399e+00
4.752993764287613665e+00,5.619125716663418757e+00,7.986233114992133508e+00
3.877083692793413583e+00,7.376604197565251653e+00,8.841348093050012125e+00
2.773206314882846968e+00,2.828000475208527931e+00,3.970640685226863642e+00
3.545352132765318132e+00,8.463885846645410993e+00,9.713912791300160166e+00
3.517876547732431636e+00,6.155540135365168197e+00,6.204300257148929632e+00
9.091472623868655845e+00,9.581944283085780611e+00,1.380856529987282499e+01
7.482584787429100714e-01,4.911986874367970657e+00,8.285523800927363069e+00
7.812524845302069032e-01,3.031235534510464902e+00,4.288202902331028632e+00
4.586690219815925396e+00,5.577723490255767302e+00,7.516771094089047978e+00
-2.899770426728691675e-01,4.440137849239651935e+00,7.437054761718378870e+00
-1.055075132837929974e+00,3.878648303928479368e+00,6.048628641033876541e+00
5.866294040147203681e+00,8.168697405542447498e+00,1.086865174602057849e+01
-3.027163152760215858e+00,-3.745181125153695945e-01,4.473622024379367623e+00
-1.308311078148826523e+00,-9.836414522290208851e-01,1.001115315269580197e+00
7.039256289448633908e+00,7.798244297863556440e+00,8.818988903083987196e+00
6.936598990099468232e+00,8.286645759288775892e+00,1.089160488173583730e+01
-4.283971748062458396e-01,3.019580446329972023e+00,7.389431815111350943e+00
3.928236891998345470e+00,5.800009311985064642e+00,9.456202374540636058e+00
-3.532014425564011351e+00,1.446532415184043074e-02,5.003509087154588642e+00
5.788630332193946515e+00,7.272295879835529497e+00,1.148111010779652474e+01
-1.095978601862177992e+00,3.754188447557790465e+00,4.447202719163234619e+00
3.737387877124138669e-01,2.629579999827436509e+00,5.399133067135131192e+00
-2.756292392377064360e-01,2.904946837901059897e+00,7.310588315094941336e+00
-9.784381537804023310e+00,-4.849556757963330078e+00,-3.818160456293727467e+00
7.528472465463562635e-01,4.333167180840359123e+00,7.919359747428082130e+00
7.072514764262769482e-01,1.538570215831356114e+00,1.687518847426831226e+00
-3.068532108886928622e+00,-3.764742326802346106e-01,1.785035014841226175e+00
-2.962126127725221991e+00,-4.093067834038705000e-01,1.513665080445994793e+00
-3.026330145752085254e+00,-1.484489765219650370e-01,2.757976179127084926e+00
-8.035621695961592259e-01,1.935648353922405640e+00,3.503234104565722262e+00
-4.313654180790393866e+00,-2.114804489639698470e+00,6.250367263736076318e-01
-1.013391098759686493e+01,-5.381181421240599505e+00,-1.453121971932839429e+00
-5.494821226665571601e+00,-9.183872767636539480e-01,4.708259027105178296e-01
-4.087305558910649061e+00,-1.940173411249115354e+00,1.089427473845554939e+00
-3.797022715384722691e+00,-2.333559700061954789e+00,-1.061712314058725015e+00
-3.798260260766550989e+00,-3.155626039178139219e+00,3.585772253267851539e-01
-9.067178323904616644e-01,-7.925424557111264701e-01,-3.849479111134272991e-01
-8.435851612460476545e+00,-5.685424408656067463e+00,-3.982559218432466519e+00
1.473844322271192997e+00,2.475229538395954609e+00,4.420596871446295317e+00
-6.852310635527179450e+00,-5.944637117753353905e+00,-4.271413084488018264e+00
-5.828643935568123879e+00,-9.289451976417137935e-01,1.798959474896846267e-01
-7.912588365511836308e+00,-4.507591870204084472e+00,-1.218082994665953045e+00
-1.065492647834077822e+01,-6.891875336715455269e+00,-5.930044717549692201e+00
-5.501336786577419424e+00,-4.475388638463442703e+00,-1.350900451493067145e+00
-2.889592994224347677e+00,-2.526269583507853689e+00,7.190779175744359542e-01
-6.204276806857640381e+00,-4.992189030620362900e+00,-5.253495391855445007e-02
-6.427059323578468764e+00,-4.833320277434530077e+00,-8.457781540260467246e-01
-6.644852946353855039e+00,-4.284495543746393409e+00,-1.094246991549356451e+00
-1.207816348161949094e+01,-7.676264724990419452e+00,-6.519103426076122254e+00
-2.557922515353499904e+00,-2.496600784529726447e+00,-1.980935857034019865e+00
-7.147205941113696781e-01,-3.629767286028915407e-01,-3.302011200306262939e-01
-1.529818004990057112e+01,-1.073609701753305146e+01,-9.229842987603658955e+00
-5.845386775055703588e+00,-4.272803680793455072e+00,-2.395385913480196027e+00
-5.327983038966221052e+00,-4.952632576616503357e+00,-2.906669335116607300e+00
-8.242287321230248764e+00,-6.484620241139615437e+00,-1.792664476613042623e+00
-9.964698281971593019e+00,-6.324776480312173099e+00,-4.790828620415641836e+00
-1.333827055096065450e+01,-1.025061813706815350e+01,-1.018186007248428204e+01
-6.750630182220126230e+00,-3.663902620957264489e+00,-1.221933117118441547e+00
-7.344353452905942881e+00,-6.463606731124738047e+00,-2.433930212695996964e+00
-1.209006245713672101e+01,-9.242433710438566763e+00,-5.017563344506428713e+00
-1.466032595406484162e+01,-1.138179353727897691e+01,-8.749362827739494364e+00
-9.909764989516549605e+00,-6.055855534976450016e+00,-5.128959509125780691e+00
-1.904747769611539354e+01,-1.427388452368253269e+01,-1.152937392768504310e+01
-1.329775559162013288e+01,-9.899149511676260005e+00,-6.686277509176065337e+00
-1.345058335124065962e+01,-9.697350501657435728e+00,-7.435336844379937027e+00
-1.557382867786929737e+01,-1.260814804831579750e+01,-1.164496671405527017e+01
-1.322937578721306551e+01,-1.078374887459240838e+01,-6.498390556074133073e+00
-1.526636073129947846e+01,-1.219523653351279080e+01,-8.122104437905498742e+00
-1.462990781509615701e+01,-1.213821471947600905e+01,-7.360202264232142966e+00
-1.051337163564793364e+01,-8.873459655429636328e+00,-8.444300048907861012e+00
-1.634328843516498964e+01,-1.250824131517950200e+01,-9.485270664658996154e+00
-1.733055719095735014e+01,-1.286743179268652959e+01,-1.232344424958338713e+01
-1.212912449177343710e+01,-1.166910501266513123e+01,-8.650707905203134374e+00
-1.605922437584244378e+01,-1.369801327026187465e+01,-1.136777822911512636e+01
-1.800317074961149899e+01,-1.512361609557959596e+01,-1.197886972571813402e+01
-1.765267363374317711e+01,-1.293455609165850007e+01,-9.029704219344582228e+00
-1.231711781544487927e+01,-1.086599919784680424e+01,-1.067033963463080326e+01
-1.479853314729679425e+01,-1.013270105932775955e+01,-9.660821238967006508e+00
-1.937295176865869806e+01,-1.658215954679783266e+01,-1.613389172564878393e+01
-2.458159796416796894e+01,-2.012499595764047911e+01,-1.594978714153072730e+01
-1.539564369997095206e+01,-1.366195184038394039e+01,-1.169766582481887696e+01
-2.121960202103300830e+01,-1.632882358525285937e+01,-1.339630584687845882e+01
-1.369493281249664562e+01,-1.098652367939821239e+01,-9.407819351254655516e+00
-1.929148316245333561e+01,-1.716726369454123002e+01,-1.505958136369103961e+01
-1.389527958556725018e+01,-1.142542663440750061e+01,-9.771944836663829292e+00
-1.670032478491550165e+01,-1.516278107275826947e+01,-1.329797783453238935e+01
-1.690159736435855464e+01,-1.563773815092797292e+01,-1.227639223856849249e+01
-2.131716533545650805e+01,-1.870911483346951698e+01,-1.611939995158217087e+01
-1.825276759405537064e+01,-1.718707354551817446e+01,-1.447989017452788296e+01
-2.114040799977517082e+01,-1.836688834578447072e+01,-1.820485176583023090e+01
-2.042770526111215545e+01,-1.896655849974865760e+01,-1.568688981237009017e+01
-1.507352129979222610e+01,-1.350169551326400885e+01,-1.157262490364395546e+01
-2.159826646827698582e+01,-1.915362071391244214e+01,-1.835683975122656975e+01
-1.881941520374296672e+01,-1.541319117899960744e+01,-1.493702497439675803e+01
-2.469696429832823270e+01,-2.086924284619397341e+01,-1.899041765562450834e+01
-1.782266582221753026e+01,-1.610015360500131365e+01,-1.318847394534817319e+01
-2.589466206826596562e+01,-2.151645422645498584e+01,-1.902124646159249011e+01
-2.157295664673820568e+01,-1.967364493520670266e+01,-1.541849653537382991e+01
-1.913710184268727943e+01,-1.513680456504859251e+01,-1.028304857179436738e+01
-2.271691624230506434e+01,-2.224442188611632787e+01,-1.840227966355807254e+01
-2.542962179288413083e+01,-2.099126979738268872e+01,-1.876817306552934994e+01
-1.693826071425421631e+01,-1.476567157376176453e+01,-1.391260799193791975e+01
-2.379280651570293514e+01,-1.989342212573321333e+01,-1.958968421137873150e+01
-1.608256097182326982e+01,-1.601655716874729407e+01,-1.295036685018452793e+01
-1.994521233425703599e+01,-1.889745978119510283e+01,-1.605509194391749972e+01
-2.313366394314041230e+01,-2.188320876592644382e+01,-2.066468303100439385e+01
-1.982662485433484889e+01,-1.917420522832506435e+01,-1.719747823728242508e+01
-1.962316892722846617e+01,-1.902783870239531439e+01,-1.454790147528486877e+01
-1.679027128628271726e+01,-1.546056748284752658e+01,-1.150444292681657465e+01
-1.951296633007438075e+01,-1.669660832748522594e+01,-1.437683222756793100e+01
-2.734687947536480834e+01,-2.394909798918948240e+01,-2.027463120133759489e+01
-1.723272933594962453e+01,-1.514718478409909252e+01,-1.191399869313408466e+01
-2.418032759579889657e+01,-2.359837328883424590e+01,-1.882926952064751447e+01
-1.939851360656464863e+01,-1.755678783787504926e+01,-1.641048203007791884e+01
-2.301928293731838338e+01,-1.932136790192558706e+01,-1.594606450498490346e+01
-2.654333365427940450e+01,-2.471857615286765508e+01,-2.279257672547448621e+01
-2.098821794407202646e+01,-1.894598506924543457e+01,-1.617475806150592987e+01
-2.155176616115631205e+01,-1.989499088051925924e+01,-1.718553730069200824e+01
-2.441859021753080583e+01,-2.113880486809404857e+01,-1.736364952667671702e+01
-2.567435428575996070e+01,-2.532977095870302264e+01,-2.140367320537164630e+01
-2.733175090235135585e+01,-2.379402302255270740e+01,-2.201091404928697415e+01
-2.935811856086219862e+01,-2.619296807653496728e+01,-2.172898414565418079e+01
-2.384636526870218987e+01,-2.094955768373586835e+01,-2.087945708892144836e+01
-2.738896938385619251e+01,-2.528928015367450755e+01,-2.504940164549202208e+01
-1.728126014687106249e+01,-1.651273848291226898e+01,-1.401856421138837483e+01
-2.139483869190803489e+01,-2.138387930047460372e+01,-1.764984573853774918e+01
-2.645034481132650583e+01,-2.544812926673258602e+01,-2.421433758007465542e+01
-2.412930555512035369e+01,-2.112766393856439606e+01,-1.883610282750585796e+01
-1.979596675963349028e+01,-1.973652827438072066e+01,-1.714996981101585760e+01
-2.544870574871598023e+01,-2.327258420917160819e+01,-2.058714445919555658e+01
-2.382828791562696935e+01,-2.270460159698606617e+01,-1.783759333453737383e+01
-2.138505330351697253e+01,-1.855192916537687609e+01,-1.418935048781333919e+01
-2.097451895555148127e+01,-1.659261673635990775e+01,-1.547371376497124373e+01
-1.876391496339567055e+01,-1.620787692151517945e+01,-1.288447727198164472e+01
-2.826756882597787524e+01,-2.440921923359331913e+01,-2.051906859189137577e+01
-2.145017308699573988e+01,-1.660188296116968232e+01,-1.369945357716118650e+01
-2.495878198302588302e+01,-2.447356813656754326e+01,-1.958826022245543896e+01
-2.173983572052093649e+01,-1.688697607089008912e+01,-1.326646770393286445e+01
-2.400182135707430575e+01,-1.957870495589574134e+01,-1.519817368670151581e+01
-2.150394115866251710e+01,-1.774890962962242469e+01,-1.320987626330899367e+01
-2.383842082714042476e+01,-2.236897930586237138e+01,-2.108977107744278356e+01
-2.506784123608610670e+01,-2.053769979638243726e+01,-1.986378059354469627e+01
-1.952513858598410224e+01,-1.872246544542824509e+01,-1.678413190895930995e+01
-2.325839622162282083e+01,-2.222587780170341176e+01,-2.143698162798168738e+01
-2.594502797202201450e+01,-2.351052697674021275e+01,-2.344113457380819554e+01
-2.320453007280095292e+01,-2.062326151940488117e+01,-1.628530888321260051e+01
-2.674853984970921061e+01,-2.393091143045530345e+01,-2.261462152322516772e+01
-2.502917788090439188e+01,-2.444664239761146973e+01,-2.124781669962667863e+01
-2.611152745369346206e+01,-2.223018341750513116e+01,-1.876360704374624078e+01
-1.827401901440929421e+01,-1.752188589422345188e+01,-1.268815823424947453e+01
-1.911511132695527593e+01,-1.432226712025323323e+01,-9.924782763144580855e+00
-2.368505229553861113e+01,-2.275830689818529251e+01,-2.228668861561918035e+01
-1.884751099882399572e+01,-1.521304552838747881e+01,-1.050567995705191038e+01
-2.926654812075987877e+01,-2.696805875952416898e+01,-2.421734460644252707e+01
-2.126407905721644909e+01,-1.644394200874348755e+01,-1.171195855062251212e+01
-1.473129717921230331e+01,-1.388968309257834477e+01,-1.191416026311496523e+01
-1.917630155876337028e+01,-1.704897824169980325e+01,-1.400556630900273802e+01
-2.715553046534983750e+01,-2.222376548104707084e+01,-1.744951650129984699e+01
-2.363243515930506078e+01,-2.008588227750539801e+01,-1.645398440549636376e+01
-2.087523249080716425e+01,-1.986674105083335817e+01,-1.942793368077121130e+01
-2.284265645027528535e+01,-1.793173331527500736e+01,-1.468438098947621029e+01
-1.594627648361435490e+01,-1.516771305094766475e+01,-1.452398284446336696e+01
-2.060038895930536995e+01,-1.835944733079595537e+01,-1.666705002739947616e+01
-1.740478679624458991e+01,-1.530739622518116860e+01,-1.116478372208410619e+01
-1.723249225695603570e+01,-1.565415736086321274e+01,-1.465544712904518398e+01
-1.708067892725083325e+01,-1.603862703115126465e+01,-1.555988625174487083e+01
-1.660823785544324238e+01,-1.419019582800497936e+01,-1.168264371971960536e+01
-2.861456087680892324e+01,-2.428645619661330102e+01,-1.942083652674013194e+01
-1.815285991161826118e+01,-1.334881470581944640e+01,-1.013963737064062443e+01
-1.868088449393259154e+01,-1.481703830030719793e+01,-1.080898322166853553e+01
-2.007482843811141393e+01,-1.856382819235474102e+01,-1.615115146702454396e+01
-1.494470616976859212e+01,-9.973678670121799428e+00,-9.108051095785919316e+00
-1.848138824432687954e+01,-1.503104719689687130e+01,-1.074281895486426919e+01
-1.979566178720548564e+01,-1.843085830985370066e+01,-1.654536731865573529e+01
-1.600348247550230241e+01,-1.339539955944133709e+01,-1.209507718044613078e+01
-1.948812939265217281e+01,-1.716302657611297633e+01,-1.539167711476198264e+01
-2.125725597547530299e+01,-1.895116601723781713e+01,-1.553165007239499928e+01
-1.763641718250510593e+01,-1.706184976871827530e+01,-1.478306499206276570e+01
-1.778804449970779089e+01,-1.548912636209925253e+01,-1.395031760631761486e+01
-1.636343374666428119e+01,-1.328356397803852040e+01,-1.220074611448311508e+01
-1.606192208857597237e+01,-1.558237604511413288e+01,-1.455069484190048357e+01
-1.860412926259230559e+01,-1.575692527877131077e+01,-1.192834393359892964e+01
-1.303493416094123347e+01,-1.181053610206805260e+01,-8.111683563276113063e+00
-1.653720130742926031e+01,-1.291910341493503545e+01,-8.573927610680392775e+00
-1.653079325677965272e+01,-1.375900164880686560e+01,-1.085204506551871262e+01
-1.883367949160541954e+01,-1.420997939332522897e+01,-9.584071103756889087e+00
-1.118389458888719368e+01,-1.004788728206706416e+01,-8.380537538601778635e+00
-2.194660780366129416e+01,-1.909098151477284233e+01,-1.762493016035920945e+01
-1.325144711981706003e+01,-1.154082307812982933e+01,-7.149306706734267713e+00
-1.570221336663815492e+01,-1.077635013877883452e+01,-9.479686858963740193e+00
-1.641531084368968862e+01,-1.425259827897374798e+01,-1.338322399800262197e+01
-1.215101346563137064e+01,-1.192138290604876261e+01,-1.138818375908291003e+01
-1.142499558658928116e+01,-1.020927713245489876e+01,-8.940528837455927302e+00
-2.237668858194712129e+01,-1.907951124013832001e+01,-1.851096476877586738e+01
-1.540553046883561628e+01,-1.240636537528507688e+01,-8.427565608822632726e+00
-1.223891460281546806e+01,-1.105758012004601376e+01,-9.034870562517841819e+00
-1.789296095634776762e+01,-1.505820187636555296e+01,-1.083015635101198271e+01
-1.353472101676575967e+01,-1.127068271680975897e+01,-6.804464149356675762e+00
-1.126925133540154711e+01,-8.214569992653284913e+00,-5.122158075240091257e+00
-1.450344589373235316e+01,-1.281522056641057361e+01,-1.011705185942457419e+01
-1.348952643808812368e+01,-1.055020985315712956e+01,-6.882627676706784214e+00
-2.051064371810382525e+01,-1.744689978653340034e+01,-1.558425247170651851e+01
-1.378274681967867110e+01,-1.112179045767754992e+01,-1.059744971357412702e+01
-1.159177057221302043e+01,-1.112365476092278094e+01,-8.904992905551177174e+00
-1.299895493387520240e+01,-1.260415186991836478e+01,-7.626170412778916052e+00
-1.345517139069723100e+01,-1.078093731242666742e+01,-8.419824915149032307e+00
-1.420157477422804604e+01,-1.120280868843399702e+01,-7.201826883474572227e+00
-5.823875762300392722e+00,-4.410867675561835455e+00,2.383137347576003151e-02
-1.291286208003701752e+01,-9.935969674548919883e+00,-6.839984084318745161e+00
-1.019491615568683329e+01,-8.837236934459038906e+00,-8.391348380020355435e+00
-1.295682263349785046e+01,-9.232931600637904523e+00,-7.313424358262044400e+00
-9.554737792947900488e+00,-8.237282623393017644e+00,-4.387737919554516530e+00
-4.849578168796739419e+00,-1.747265942759336887e+00,1.898501001421091239e-01
-6.274596963191571675e+00,-5.296770068342460114e+00,-3.534053108672168264e-01
-1.366393157523121182e+01,-9.084251264094682199e+00,-4.657947966819740770e+00
-1.577414214035432138e+01,-1.183353588999950645e+01,-9.421334642035606777e+00
-1.402279236197624623e+00,-2.886787423286572007e-01,1.190341198667619560e+00
-5.997102915639429099e+00,-4.314007081778440167e+00,-4.132120486817821181e+00
-5.674608056634504294e+00,-5.223888115148419331e+00,-5.161945054258073817e+00
-4.505379242386449157e-01,5.977927161025453628e-01,4.929640849377307177e+00
-5.444830928951553517e+00,-5.049036244995605216e+00,-3.127648381916445786e+00
-6.607254738228425239e+00,-1.796897384127357444e+00,3.060875398472521436e+00
-2.704401978700098574e+00,-2.603808048832877198e+00,1.336538784648313438e+00
-8.663209757008402789e+00,-5.311284708173694469e+00,-1.582622591313775029e+00
-5.592947477926481170e+00,-5.177479861215795509e+00,-5.152878214786909439e+00
-7.121537643478671242e+00,-2.215580184278666653e+00,1.282954067417906074e+00
-5.444674263235427247e+00,-2.744287478297394056e+00,-2.873218521946108162e-01
-4.046894659366532920e+00,-7.942761099405106773e-01,7.834757470708140215e-01
-7.309371949688694414e+00,-2.892850955304438809e+00,-1.355276854999792224e+00
-6.542200330808854325e+00,-4.313912659366664570e+00,-4.583471959372253934e-01
-2.153059347783099930e+00,2.297697005839472340e+00,2.403218414654722412e+00
-3.765734837336556229e+00,1.919056220080919140e-01,2.958505180791896727e+00
-4.688017258470051907e+00,-3.674932417322867906e+00,-6.534323492967035740e-01
-5.479660910162838405e+00,-2.568997707718660539e+00,-1.809151212077335202e+00
-2.138673312382599168e+00,5.079030854883882506e-01,1.048847397500288992e+00
-1.889529001613351911e+00,1.154284610871919137e+00,4.435589433907198398e+00
3.271033797342866478e+00,5.624449378023889778e+00,8.817631938423877713e+00
-5.715776617285651895e+00,-1.844732209014319668e+00,-7.569570397526668160e-01
6.666484216382134065e+00,7.667125188111612921e+00,9.870774033874411657e+00
4.871340319156050036e-01,3.143156653264828293e+00,3.551916947933123403e+00
-2.008210614471820143e+00,2.223939911682456305e+00,5.676027875536325595e+00
-3.538209519213154852e+00,4.529964685662268842e-01,1.067506124852741767e+00
2.039359575828549875e+00,2.524660027984975130e+00,7.312284766472319397e+00
6.996559190306056664e+00,7.636919558354143156e+00,1.152602849498805782e+01
-9.612596246447657755e-01,7.635063682775289351e-01,5.694360272665673683e+00
3.293919299947156709e+00,4.197269292302969745e+00,4.357031085084050126e+00
9.247021635716921040e-01,2.663181641036367786e+00,3.278953143498282152e+00
8.643885015402892336e-01,4.934170448804214182e+00,8.531168957635014038e+00
-4.463698713048227518e+00,1.637087150472331665e-01,2.951216202449590487e+00
5.732150772256504823e+00,8.052333711394879856e+00,1.010210458766044539e+01
1.047689401587356350e+00,5.279294651844193886e+00,8.105229739661035993e+00
1.338084076482652929e+00,4.791662353325265578e+00,7.609923122242872040e+00
7.787229707293935377e+00,9.417477463245063518e+00,1.261074062476411228e+01
8.515742039859201640e+00,9.643654218552015323e+00,1.320442170649214120e+01
3.860959822597902935e+00,5.420954082087400039e+00,7.190769594480193483e+00
9.114431634190552245e+00,9.681837328256470698e+00,1.445909919015030276e+01
7.487202632862461904e+00,7.546991593363802764e+00,9.931769312187981313e+00
8.345829530644207850e+00,1.187035344193211728e+01,1.245302813034564871e+01
1.334060051636167898e+01,1.443513391583626060e+01,1.884858419063676394e+01
1.138521526533022232e+01,1.217852410222372761e+01,1.297891136052617789e+01
1.021861149318210149e+00,2.642787713557480878e+00,2.649881504660395404e+00
6.146944044246848371e+00,9.880701010165276799e+00,1.099405178410896511e+01
5.937196722473752075e+00,6.518311980851477117e+00,6.840328334519210074e+00
6.699661820859533101e+00,1.003084757006812566e+01,1.481834872494271060e+01
6.220113827372204085e+00,7.716480208846086875e+00,1.217788201362325573e+01
-3.694243694317744797e-02,4.359175714339086127e+00,6.721144613293702719e+00
3.339148009874395306e+00,5.530874671581679003e+00,7.581468978372869927e+00
4.568838695532304151e+00,7.728649116822841947e+00,1.212675507929282048e+01
4.703327115385313562e+00,8.028636168058396194e+00,9.642700537468778421e+00
1.079835469592028030e+00,3.860211239086093649e+00,8.378935823696389562e+00
2.633480879627105864e+00,5.942637881037047265e+00,7.095199462623686060e+00
9.324846010335017255e+00,1.415543320276879058e+01,1.613616328722256199e+01
7.147129211057833054e+00,7.285445223082627209e+00,7.466913846643637775e+00
5.072880618639198147e+00,9.807768511399379108e+00,1.476988888934072364e+01
9.513145555316546265e+00,1.109689145880399508e+01,1.214044512170194778e+01
1.365800976700263192e+01,1.403533146371106888e+01,1.809485176721976529e+01
8.627190784798369094e+00,1.096051379512743829e+01,1.248944664224097068e+01
9.696413687762234446e+00,1.119015190610411814e+01,1.399452751666401795e+01
8.460901038951506692e+00,1.021507906599539339e+01,1.174265215720511790e+01
7.030604779643589985e+00,7.675969270076575590e+00,1.134284811454855202e+01
1.260970089152082529e+01,1.386470807463882515e+01,1.813838378550716612e+01
6.060846917762791719e+00,8.331051625394749749e+00,1.288509898772018225e+01
8.430566536232376507e+00,1.051676929578486153e+01,1.269649157978703080e+01
5.429567332921990896e+00,8.205301128794301846e+00,1.066485300902256839e+01
4.583524552967819687e+00,9.286088255027916460e+00,9.323040059000939905e+00
1.861240426453748142e+01,1.917486534098015483e+01,2.285199595979171505e+01
2.037995307196709405e+00,6.825997760348892385e+00,1.171069428313219696e+01
9.878823815530051178e+00,1.029791083934660456e+01,1.275519259116365589e+01
3.943043713406655382e+00,6.272077246134992734e+00,9.631861886101287240e+00
1.799484175016408827e+01,1.867512496796086197e+01,2.094875297174253603e+01
1.557936081961699770e+01,1.767429481942883740e+01,1.837334057840724100e+01
1.157406865181169309e+01,1.358501370255049601e+01,1.678491415076985049e+01
9.940208116092810187e+00,1.323781243419909615e+01,1.597838994475377206e+01
6.591289997181545957e+00,9.525417265511249454e+00,1.190428049031370605e+01
1.097069153824424248e+01,1.106508628807460681e+01,1.349637247188483791e+01
7.795987545136286556e+00,1.261405235993054319e+01,1.290663051804353145e+01
8.385448550866620110e+00,1.317962698566554458e+01,1.527229394338517920e+01
9.300468490431862634e+00,9.753047478971451412e+00,1.042291126232759702e+01
1.328272667178221411e+01,1.598244774588712325e+01,1.867574648569548046e+01
1.705671726654808040e+01,1.815396744555921060e+01,2.026697703797412942e+01
1.491578574287307113e+01,1.572139245722710044e+01,1.746719673596233591e+01
8.731766337142955692e+00,1.025696146752200377e+01,1.170878266655422095e+01
1.152467465674082447e+01,1.562225471901838780e+01,1.638954637788116742e+01
1.762757334587617919e+01,1.955037674599710940e+01,1.996882870946526367e+01
7.754552834753588364e+00,1.238570729606637499e+01,1.730903218283328471e+01
1.602217886180700646e+01,1.626327001221345370e+01,1.883625819998149709e+01
1.679767516893236490e+01,1.831165825271056136e+01,2.304380453744603940e+01
1.690581269849489843e+01,1.749177453738304422e+01,2.226112019090847127e+01
1.139661776890553213e+01,1.226466873519742862e+01,1.551749786799783770e+01
6.606987230018233070e+00,7.103938480270503675e+00,1.085483404618701009e+01
1.139610046041580027e+01,1.203590425906578432e+01,1.448937161249268257e+01
1.158735432843941737e+01,1.379749208275620020e+01,1.732808927094495743e+01
7.722317214801400098e+00,1.028726955201700477e+01,1.472480912807402120e+01
8.331436785330268435e+00,1.120152697617063708e+01,1.473867848359492072e+01
1.456551748940240820e+01,1.630118032767987302e+01,2.060105228324162852e+01
1.072246019288153285e+01,1.414269689714777378e+01,1.684465916055916423e+01
1.129924357136455093e+01,1.245154018430654475e+01,1.506326963377205885e+01
1.732125006313174609e+01,1.870927642746372044e+01,2.006146951261975531e+01
1.001694083373687683e+01,1.063037626522660872e+01,1.292577045557173321e+01
1.236055250799082827e+01,1.443823640569402222e+01,1.707369638756408392e+01
9.640279766349173940e+00,1.183209909027228690e+01,1.581259019745554539e+01
1.439865568070540292e+01,1.587780998871841120e+01,1.759529005904726517e+01
1.944812478403892797e+01,2.075540708615467977e+01,2.174595602082232304e+01
8.196206696286134630e+00,1.260434163224000947e+01,1.350768970870007024e+01
1.429239571110099583e+01,1.568323307014467005e+01,2.008958632433696678e+01
9.685983935008859902e+00,1.026343408082376740e+01,1.143357919159806002e+01
1.180515047262887407e+01,1.494203899454375062e+01,1.672982232283602499e+01
1.734441901579047496e+01,2.189715489720861186e+01,2.496188459494628731e+01
1.288425395391384853e+01,1.768253664051211160e+01,2.126809696663835325e+01
1.428540952770381089e+01,1.865990027016536601e+01,2.048806804002969528e+01
1.119132267607270315e+01,1.515938100525503351e+01,1.621960124485956456e+01
1.537372263964967978e+01,1.632401147763713567e+01,1.937563840200548881e+01
1.259687404185158499e+01,1.471885511482176767e+01,1.866707863796898081e+01
7.223757353559437711e+00,1.195249187139054925e+01,1.603133089603973715e+01
1.354102244895812568e+01,1.544491434757828863e+01,1.905099556440718445e+01
1.213599037593583319e+01,1.629318402594659432e+01,1.789710598963518606e+01
1.033865262493421078e+01,1.131271400204748545e+01,1.274607838161975337e+01
9.407589117162689973e+00,1.256845018401523006e+01,1.513026296647502988e+01
4.515163759260448550e+00,9.098867633423768808e+00,1.275410014159386662e+01
9.237251333577603418e+00,1.265168026555073588e+01,1.494301931316750043e+01
1.497075435736794446e+01,1.508967207705419611e+01,1.620233152389142006e+01
1.613809146266803651e+01,1.654417274523863313e+01,1.878699721683701895e+01
9.189719569943463284e+00,1.361212151160071926e+01,1.597757143715003814e+01
3.340349568496074006e+00,3.980182522689254654e+00,4.510142837681271111e+00
9.284727513537120558e+00,1.178778862122200799e+01,1.659077793820253177e+01
5.584754762545800943e+00,1.039166493704747651e+01,1.382537953830782484e+01
1.377090447772430970e+01,1.419401555555167604e+01,1.642932141496693887e+01
5.724213604575883352e+00,1.031406476770369984e+01,1.497448866785656563e+01
1.221837702726121933e+01,1.305063683045452549e+01,1.323347444508430648e+01
7.200640052413322501e+00,1.085647956758092825e+01,1.324516004001511327e+01
7.063496277251813282e+00,1.012884907172445992e+01,1.474000051608409478e+01
5.561933324675258916e-01,5.066754920908233650e+00,6.046407388739600819e+00
7.237505124763751851e+00,1.174456224188136133e+01,1.633100686737506990e+01
1.034320147273248480e+01,1.301738835042858966e+01,1.557029295884284181e+01
1.165366955621191281e+01,1.450344454115721149e+01,1.861386008708300466e+01
8.045452894357044471e+00,1.017098905884538418e+01,1.479984504286264091e+01
9.234228756939359073e+00,1.400420812638698465e+01,1.797694145246640218e+01
1.262104167820212730e-01,8.101043805002596798e-01,4.303411593326936568e+00
8.089210452439072441e+00,1.112815230651204423e+01,1.391785935114877759e+01
3.046316581642341426e+00,7.933477372228984414e+00,1.204594009250505593e+01
8.368645326651497740e+00,1.191865965846037234e+01,1.283683193374797504e+01
4.322237837747852751e+00,5.858994320768509567e+00,1.006435554584566994e+01
1.033810084750388114e+01,1.277417781015401843e+01,1.578444307127639235e+01
1.078804320190822708e+01,1.089881707785010434e+01,1.171779866864549113e+01
3.980171546431421348e+00,5.400042718153042820e+00,9.254166500494990899e+00
6.932737839025283400e+00,9.670296804152252790e+00,9.684821945286728351e+00
6.983031159050486991e+00,1.056285588751130433e+01,1.500861096042166309e+01
9.435593032643211586e+00,1.108913074658078557e+01,1.507802972636202554e+01
3.678220076579748810e+00,6.183991658228663368e+00,1.083030873705324026e+01
5.666672723860928240e-01,1.309729471268574308e+00,4.930568120133302479e+00
6.248555374371237647e+00,7.564790986133922424e+00,1.003551828676989643e+01
3.210639882803310030e-01,5.048338446822995706e+00,9.896013406653732858e+00
1.636440268716007118e+00,3.780069752595130783e+00,4.762219261810155757e+00
4.058054013178699293e+00,7.757734240733782372e+00,1.152983687687955694e+01
4.856704717152513062e+00,7.500670313730544159e+00,1.101988980370187576e+01
1.057749856964702317e+01,1.072748289307017799e+01,1.354936246937033317e+01
4.082618589123415909e+00,5.617405261772901781e+00,9.668723986262008907e+00
3.810721444174103745e+00,4.300430617518417264e+00,5.650450900151633427e+00
-1.266400556651019471e-01,3.156189628910939682e+00,7.162775780698062533e+00
1.951973385721640586e+00,4.083476057972942996e+00,8.839436366962171832e+00
4.430050596269668794e+00,6.840509146623061199e+00,7.153739516414844068e+00
-3.396948558789765205e+00,1.561494698211718823e+00,5.863870382147290172e+00
-3.090979425133301817e+00,1.514773495928487534e+00,3.598368793696788082e+00
4.682229032703376426e+00,7.744025288996867040e+00,8.471224982052124375e+00
3.952455834817897973e+00,7.482108706178247637e+00,1.067554690119921901e+01
4.225598175850972638e+00,5.284644990429474554e+00,8.840872815836998910e+00
1.504692553463695681e+00,2.589170137901810165e+00,6.508415693686041337e+00
-5.810679863231218434e+00,-1.185479394474583170e+00,8.452314825889493122e-01
-3.068464839179329662e+00,-1.149119687999466954e+00,2.914465408306284644e+00
2.733750248893319856e+00,4.280962164425855754e+00,5.026915144292869897e+00
-3.226995293957325650e+00,-9.933386151083962723e-01,1.375037582830010319e+00
-3.982277895984623228e+00,-3.627340810775280033e+00,4.451617806020795598e-01
2.221995743941677315e+00,2.420123729087548359e+00,6.597278828401748285e+00
2.546796657923202645e-01,5.803937962158891573e-01,6.936418063703072567e-01
-6.696984237109330884e+00,-2.872179838447464384e+00,1.923109604352352342e+00
-6.695163846420522091e+00,-5.259921990328107810e+00,-7.507710393407416305e-01
-5.356546009517568763e+00,-3.155723075475376671e+00,-2.311829394573633234e+00
-5.510006458709424848e+00,-7.496308627196356378e-01,4.156650745788355472e+00
-4.094197413823663645e-01,2.787987118703105338e+00,3.680264258304783986e+00
-9.598315024420202235e+00,-5.140876641578892681e+00,-2.966959216907210095e+00
-6.521194913882730759e+00,-2.340680969876039796e+00,-8.487646543235858321e-01
-2.246508871108968020e+00,-1.291487843946490521e+00,2.102949819155996547e+00
-7.254513139934898547e+00,-3.369410650241743799e+00,-2.686476072894141254e+00
-2.180337376051910248e+00,-1.559132185929392733e+00,2.681403383814792818e+00
-2.950786332167429471e+00,-1.303549470101192043e+00,3.234789531528157625e+00
-5.537659325289533641e+00,-1.773360663301829065e+00,2.748670364978114122e+00
-5.553369407676460590e+00,-2.362598423431688133e+00,2.019513337946018616e+00
-3.226010488183988389e+00,-2.463512824545404101e-01,4.224127295765647716e+00
-9.546542258413431625e+00,-7.044356227905439916e+00,-2.395503732387100904e+00
-4.434330691436656480e+00,-1.097893628397711652e+00,1.341167301452942162e+00
-4.170850280521514186e+00,-1.936956642910283133e+00,2.745160311971665212e+00
-1.307306537625395571e+01,-8.563667496892458431e+00,-7.876112367557007943e+00
-1.281625680419180213e+01,-1.262425915787042996e+01,-8.938334565907085860e+00
-8.042937457207610663e+00,-3.158270714854277017e+00,-1.652698856019236828e-01
-1.137946047870318012e+01,-8.410372269509386101e+00,-7.578176563085805562e+00
-1.199107536390874529e+01,-9.668661009925845207e+00,-9.169497996687178798e+00
-8.057948718022224455e+00,-3.461241288398258398e+00,-6.002504498369929387e-01
-1.465238790875803687e+01,-1.051210171671349869e+01,-9.908881534660025636e+00
-1.122162143071322760e+01,-7.967256126670796412e+00,-5.182720386236422172e+00
-1.073597815503912400e+01,-1.046855839806623578e+01,-6.591870476738487916e+00
-8.854043704954799310e+00,-4.954332792023318888e+00,-3.551486210233527174e+00
-1.593522835894349399e+01,-1.122791504109060590e+01,-8.625693257748354270e+00
-1.155289865334373367e+01,-1.020095605477325407e+01,-1.007472521962022149e+01
-1.884764327342270462e+01,-1.428439606934998274e+01,-9.719740025902968483e+00
-7.759424982981653507e+00,-6.272595573591608797e+00,-1.841338015705630049e+00
-8.036601352030675827e+00,-7.687844652499473241e+00,-3.544716751810837785e+00
-1.467678843350655171e+01,-1.146553540671067317e+01,-7.660004325985235951e+00
-1.438750470859457842e+01,-1.285984433912012115e+01,-1.174829870708390622e+01
-1.202407370253603069e+01,-8.191597290898528172e+00,-4.099510792000982562e+00
-1.243332872072378770e+01,-1.209058787290044457e+01,-7.257751992103492533e+00
-1.575426768936758037e+01,-1.570343849625940180e+01,-1.561595893765303344e+01
-1.383593726886574871e+01,-9.095366217726457592e+00,-4.112804744028032644e+00
-1.202021299502301943e+01,-1.140510863150556276e+01,-1.092725664366435545e+01
-1.556978176347414156e+01,-1.407699569682593399e+01,-1.271022070061394516e+01
-1.200311870291772642e+01,-1.029670630373009743e+01,-8.070715912236082090e+00
-8.703958693010990899e+00,-8.683472546805532488e+00,-4.530967084180365312e+00
-1.457282315145314300e+01,-1.293832168251771719e+01,-1.050384992921716787e+01
-1.140599591279369385e+01,-1.098106061262730826e+01,-1.091756858920835604e+01
-1.294779319449057020e+01,-1.035672904581328879e+01,-8.730617555312228717e+00
-1.703501845554851712e+01,-1.386809430216511707e+01,-9.243700107411848776e+00
-1.668878840820614684e+01,-1.652969705058052696e+01,-1.189798907024124475e+01
-1.872289187893630924e+01,-1.596059817602876052e+01,-1.373259151268181988e+01
-1.713724291059314808e+01,-1.290199267466586619e+01,-9.496263865752272437e+00
-1.940674249964711962e+01,-1.474394006139526248e+01,-1.355130651078386705e+01
-1.606640147993431711e+01,-1.398315983345955260e+01,-1.049094467049644130e+01
-9.348860295874480641e+00,-8.915321005715348690e+00,-6.731506406332671943e+00
-1.710222939885740345e+01,-1.243169611946725794e+01,-8.780381134829493561e+00
-1.764240026178066856e+01,-1.369643613750258737e+01,-9.718478050827023651e+00
-1.975358323983832776e+01,-1.497317506852617974e+01,-1.041337642185518675e+01
-1.614520796921405932e+01,-1.545369404868684704e+01,-1.345583297634569853e+01
-2.146890846679482223e+01,-1.655713641517971979e+01,-1.285271016248153408e+01
-1.995920238678176517e+01,-1.627472392305444870e+01,-1.334602797359389825e+01
-1.460260781910700878e+01,-1.092827726908904573e+01,-7.602203220844272913e+00
-2.848454597149934031e+01,-2.531977799530360329e+01,-2.102580921827675198e+01
-1.693825321726627919e+01,-1.287383630230573317e+01,-1.039242910301527445e+01
-1.991135373163560018e+01,-1.782940851905285484e+01,-1.721655918672788843e+01
-1.445955388264023789e+01,-1.361793163181710753e+01,-1.339441657726913704e+01
-1.489328217418465172e+01,-1.084278593378773614e+01,-1.039084381872061513e+01
-2.149947792515511935e+01,-1.746942177275080965e+01,-1.282284083556955778e+01
-1.843174647309969671e+01,-1.780108716483290365e+01,-1.569513368206309067e+01
-1.804221892541270478e+01,-1.462217447457949149e+01,-1.419161561706221519e+01
-2.025993156883799173e+01,-1.977847776955320214e+01,-1.583953263061215466e+01
-1.910446725400129964e+01,-1.579121701564120173e+01,-1.205873973884571626e+01
-1.558185072703466467e+01,-1.389300279651773984e+01,-1.237091991365166876e+01
-2.715406629794430771e+01,-2.234761788186931852e+01,-1.819138068147160681e+01
-2.004479354063640173e+01,-1.971955108563611603e+01,-1.494710865531803989e+01
-1.951084173801115895e+01,-1.490623590562836398e+01,-1.276033999440287836e+01
-2.647561970753903893e+01,-2.289876852974968102e+01,-2.082798063831599933e+01
-2.230035818154829030e+01,-2.195884707144356440e+01,-1.721635286237392037e+01
-2.321770138642496661e+01,-2.320879890845444393e+01,-2.052170363693997501e+01
-2.025155206005169006e+01,-1.994759351039914463e+01,-1.974414526383617030e+01
-2.317597086174943755e+01,-1.940687667052115017e+01,-1.879383851028641672e+01
-2.522167781818555454e+01,-2.506610380555260065e+01,-2.346699086231684461e+01
-2.208505762409265216e+01,-1.919232091924774863e+01,-1.778034216369961484e+01
-1.730826413054051471e+01,-1.650748125508239994e+01,-1.488040565326239495e+01
-2.146549518534767387e+01,-2.096160058858177777e+01,-1.749877463704140723e+01
-2.053147057300501288e+01,-2.023863198981027978e+01,-1.744699162463717812e+01
-1.971403507577769432e+01,-1.857268105491022325e+01,-1.609435254788525782e+01
-1.954026435907823966e+01,-1.808206800961047378e+01,-1.646386561817783800e+01
-2.340240417421410513e+01,-2.066120101504831652e+01,-1.615253159551185291e+01
-2.295556453378679151e+01,-2.144994017952384979e+01,-1.738642416693556925e+01
-1.532185542330889305e+01,-1.464284575642974318e+01,-1.108760274918349964e+01
-2.463586483478644951e+01,-1.980894055960211020e+01,-1.765314415018863770e+01
-2.272554830260507330e+01,-2.135773020463631511e+01,-1.906088660303570492e+01
-2.065487003434745716e+01,-1.624194629572053117e+01,-1.347166240385340963e+01
-2.682946239248209963e+01,-2.365622181115834621e+01,-2.318435399969944299e+01
-1.886649403573940020e+01,-1.658369988718010646e+01,-1.631087332307938809e+01
-3.154849999888052281e+01,-2.714108395085615655e+01,-2.407760380298378067e+01
-1.911330207531993963e+01,-1.709450751689206527e+01,-1.691418878366614109e+01
-1.818914036698565084e+01,-1.693858509217266217e+01,-1.506195915000665586e+01
-2.527847375377771755e+01,-2.198389533706165011e+01,-2.022725279530160591e+01
-2.371452841222516383e+01,-1.898703169495362886e+01,-1.477024335885702655e+01
-2.711774347949779695e+01,-2.301030872726956034e+01,-2.136309282023735179e+01
-2.726605526574341454e+01,-2.264810116587911892e+01,-1.900407907195025103e+01
-1.798523483663841205e+01,-1.696567106002634517e+01,-1.670084007148635763e+01
-2.651488040941678292e+01,-2.245630896702157031e+01,-1.894061870628661026e+01
-2.162123289102116885e+01,-1.835722857207074554e+01,-1.586979770548714619e+01
-2.281547432972368483e+01,-1.880483056256055363e+01,-1.564805533729727571e+01
-2.139055431420520748e+01,-1.813006948288041187e+01,-1.691793387844789009e+01
-2.308721469801076864e+01,-2.198990645448945003e+01,-2.158454568814896746e+01
-2.278661556674173383e+01,-1.949628411855754706e+01,-1.758881617021159016e+01
-1.771833840349662381e+01,-1.643503132539871814e+01,-1.532851026758841861e+01
-2.241957891904998945e+01,-2.043766990777658421e+01,-2.007091003639695614e+01
-2.275629624361493342e+01,-2.033625813671944726e+01,-1.740085139351770493e+01
-2.205642580079713966e+01,-1.998319867753230383e+01,-1.574126310107386750e+01
-2.396941670974731409e+01,-2.049444921956641608e+01,-1.657990768371403689e+01
-2.433978656062482671e+01,-2.059116258794650633e+01,-2.012225304575298779e+01
-1.857893408181713824e+01,-1.676716207608070874e+01,-1.629068944617465675e+01
-1.998348116341038860e+01,-1.770499729862966376e+01,-1.512981506938858800e+01
-2.820371291171590045e+01,-2.683287610286825853e+01,-2.581912590213841341e+01
-2.485965525615462468e+01,-2.055137366884379446e+01,-1.754780660299176986e+01
-2.452165778478273950e+01,-2.308154202878414551e+01,-2.034379017951861002e+01
-2.365121086981846332e+01,-1.935938990548015326e+01,-1.926208504043003700e+01
-2.123082528802025237e+01,-1.935207047587311990e+01,-1.675825050004350913e+01
-2.036519424409750556e+01,-1.557135112861498882e+01,-1.229244994210763409e+01
-1.234559710271561705e+01,-1.226448312849640487e+01,-8.302429562052905609e+00
-1.966533203737528979e+01,-1.655365337113788016e+01,-1.649121168998240705e+01
-2.345826447257311287e+01,-1.920244408849590911e+01,-1.769335386264932453e+01
-2.226230052249088232e+01,-1.808992916910057858e+01,-1.352836353719859019e+01
-2.110053117869363604e+01,-1.726533769310996291e+01,-1.312540041595624096e+01
-2.356861258373456991e+01,-2.037644706559258623e+01,-1.880952010306587852e+01
-2.242322680815365743e+01,-1.920509911398479730e+01,-1.475158985559734859e+01
-2.473063570445544812e+01,-2.064330394882562558e+01,-2.003608326630109104e+01
-2.039092035958863036e+01,-1.919685252789302154e+01,-1.614812625979856264e+01
-2.296124299607584263e+01,-1.966922520290843579e+01,-1.649313258786096981e+01
-1.821569947021904667e+01,-1.584621639196411280e+01,-1.304835589418072495e+01
-2.211388054555847305e+01,-1.943939840538638819e+01,-1.603712112362627451e+01
-2.368721525896194890e+01,-2.004602080531946484e+01,-1.685468967242914218e+01
-1.672608231561517300e+01,-1.665980242897060393e+01,-1.195275130786518680e+01
-2.299072168609251321e+01,-2.091751404837111039e+01,-2.008820079467360031e+01
-1.434689238001688949e+01,-1.091870955815966404e+01,-9.223742295065786578e+00
-2.003942147069560065e+01,-1.640558233453934633e+01,-1.313759395480636982e+01
-2.252135007557101787e+01,-1.961715352018260461e+01,-1.692568236021013917e+01
-1.791257110678948195e+01,-1.523012162757011367e+01,-1.192072673348205925e+01
-2.402448842123978423e+01,-2.175714404970847227e+01,-1.914573959465615260e+01
-2.104646747997583134e+01,-1.631871639826098530e+01,-1.535935115917049210e+01
-1.631774281344978661e+01,-1.560845417085833375e+01,-1.441998291936297250e+01
-1.647649730034376248e+01,-1.486295491446519712e+01,-1.296356960740364883e+01
-2.037570032096165207e+01,-1.833206101706280933e+01,-1.501186956371892478e+01
-1.554294152724886402e+01,-1.544749646906082496e+01,-1.169886975421229280e+01
-2.037866064665144705e+01,-1.707524616615182467e+01,-1.210645014999259494e+01
-2.272853256371723774e+01,-1.859782298559669300e+01,-1.679230615131388404e+01
-2.161231204402871242e+01,-1.774422599916152521e+01,-1.500538555181089073e+01
-1.532117626789903220e+01,-1.255707023151527935e+01,-8.824297001241481198e+00
-1.926987031954955398e+01,-1.612617947307975896e+01,-1.189715068770612660e+01
-2.365946925912806265e+01,-1.905944317763696461e+01,-1.467369370817819174e+01
-1.719889267373734398e+01,-1.340670223084288892e+01,-1.182584448009924927e+01
-1.705069968087052956e+01,-1.441319858648817842e+01,-9.590882178892766063e+00
-1.458123787714232833e+01,-1.345127488088773227e+01,-1.227463838135793495e+01
-1.213917770956482833e+01,-1.203093992745995955e+01,-7.593406937846044258e+00
-1.744460160678046634e+01,-1.488523920479648588e+01,-1.231325580679092724e+01
-1.309535372772819883e+01,-1.009082672055732921e+01,-9.997857331233451106e+00
-1.789399746198306573e+01,-1.617272914967283981e+01,-1.466916617668019107e+01
-1.481513877016184111e+01,-1.258679592573100159e+01,-1.258557340905389133e+01
-1.500972992588193833e+01,-1.151520147229260616e+01,-7.964181331183080026e+00
-1.217660348577905438e+01,-1.036462311171309914e+01,-6.344321529406987459e+00
-1.588153604868891655e+01,-1.283672814158458486e+01,-1.134686897227847346e+01
-1.687399386061408535e+01,-1.558484927009169851e+01,-1.376284671974115525e+01
-1.969774562649527638e+01,-1.955814087508000654e+01,-1.848726453024578831e+01
-1.274181718350689785e+01,-1.115665549745806118e+01,-7.188122811878222329e+00
-1.091178521858410377e+01,-8.282389531198436572e+00,-7.384646366414830965e+00
-8.470030342424763603e+00,-7.084974566446152089e+00,-2.129483823353903738e+00
-1.572917748298365126e+01,-1.153919431643209492e+01,-1.023148602242141081e+01
-1.542889260322221112e+01,-1.235093809943351495e+01,-7.436434322226927129e+00
-1.042290451732855416e+01,-8.733281110209880183e+00,-4.387972302614768338e+00
-8.332065673016611385e+00,-7.267299505728464837e+00,-2.427009234891721157e+00
-1.181996225221073438e+01,-9.567175701056834569e+00,-6.069903779152047818e+00
-1.380696554419070310e+01,-9.376701088016300645e+00,-8.484388614902446335e+00
-8.956717175551423438e+00,-5.837590621173088579e+00,-2.313137555166101755e+00
-1.653901014497446198e+01,-1.301122922769023305e+01,-1.257951874217677712e+01
-9.135202990137894830e+00,-7.269103138193043989e+00,-4.116676342637168418e+00
-1.134138693453170355e+01,-8.512108607154058149e+00,-8.251518217567626934e+00
-7.718414709643680816e+00,-5.227004446397335968e+00,-5.073734442545005052e+00
-1.300401942034775971e+01,-1.115289098874753471e+01,-7.410268452733791200e+00
-1.610091543655727975e+01,-1.330337259310679876e+01,-1.221679652527173232e+01
-1.229151909355699956e+01,-7.552330556332591982e+00,-7.430506263767742148e+00
-9.624362332555698174e+00,-9.522301643788015468e+00,-8.673367809102551007e+00
-6.992238401652921098e+00,-5.774275303689727856e+00,-4.351775439649128607e+00
-1.021321616591926151e+01,-6.201768486479255493e+00,-4.944975134478127643e+00
-8.697025797656401380e+00,-5.847608878535634602e+00,-1.355307672925496476e+00
-4.858344853492703841e+00,-3.081590253084969255e+00,-2.355797005370642516e+00
-9.056465595703695470e+00,-7.368645070055604762e+00,-3.486766402002578147e+00
-6.363630202087696475e+00,-3.406404746953392237e+00,-1.048733850173149573e+00
-2.490794207934393434e+00,-1.081299211260072113e+00,1.476064230813194378e+00
-1.019490932603781541e+00,-7.796988162795503996e-01,2.789702844717120822e+00
-6.997177084845972672e+00,-3.109354372215725082e+00,-6.941997411131888285e-01
-6.189906942951384217e+00,-5.784065210741196950e+00,-1.489208138658855596e+00
-7.668392807441446024e+00,-7.374738780142374495e+00,-2.704336476667184463e+00
-3.135239571667515435e+00,-1.179370380953135289e+00,3.324691773371205805e+00
-8.647619555497993105e+00,-4.130590913179062795e+00,-7.064462792938783764e-01
-4.053415653844428590e+00,-2.386584326149080226e+00,1.373803495779841288e+00
-9.828956176922654109e-01,1.326003995722730977e-01,2.191596597371691768e+00
-8.274896140476874606e+00,-5.662609440615263168e+00,-5.270510718240347892e+00
-8.353727458156903651e+00,-4.449581679013678404e+00,-2.204438114127250881e+00
-2.696278805072861662e+00,-2.865577227466582499e-01,1.238500385257994996e+00
-4.794033410364242798e+00,-3.071636758732382511e+00,-4.206982701637258515e-01
-3.640068748739218929e+00,-8.612491929453280903e-02,2.866215175453370012e+00
-1.162218673164844285e+00,-3.119902348088787747e-03,4.394540278387437660e-01
-4.466662247810589292e+00,-3.192076140656119332e-01,3.722178689991448408e+00
-9.077878293245806862e-01,4.067084851752753583e-01,3.742565581084640769e+00
4.591884316302250468e+00,5.178832546805180570e+00,9.729998071128349579e+00
-1.154759775370469477e+00,3.539722199615710885e+00,5.604602535523405038e+00
1.051197861063760453e+00,2.294586912185106353e+00,2.662676949739631205e+00
9.503648033006832918e-01,5.716074061431688058e+00,6.439843574686841876e+00
1.830964682916932373e+00,3.738732208196728912e+00,4.508767724414370015e+00
4.281668352345322504e+00,4.678927039419914280e+00,5.353125541620225469e+00
-3.553288470848709579e+00,7.645340907165110167e-01,2.431787781882293054e+00
-2.533234787600037841e+00,-1.381561425869986870e+00,6.113461241833935134e-01
4.793380186384420760e+00,7.615648100183930680e+00,1.206066992433252771e+01
-1.413716741239865238e+00,4.377601853729342629e-01,4.577170010318271309e+00
-1.067721167077841704e+00,-9.479589873269365086e-01,2.213043202043790458e+00
-9.793767799440518118e-01,2.265201220467754073e+00,2.533964428847483852e+00
1.037230105320658069e+00,2.815375433443671582e+00,4.435758978037216416e+00
-1.528299934929008064e+00,4.842941072890081244e-01,4.261204293388468400e+00
1.537148143089632324e+00,2.756404844681683119e+00,4.164268468558477210e+00
5.240172201218480375e-01,3.384350816351218594e+00,7.349076357935709680e+00
1.871754962691229096e+00,3.531050993898642965e+00,7.998051595077908971e+00
5.959255374570557873e-01,1.808954905355220966e+00,3.749414452470536840e+00
5.131376182664982188e+00,6.470068958720477603e+00,6.732802918589962715e+00
4.125213594213528623e+00,6.450156065113577419e+00,1.139777018663790642e+01
-3.498602895474274277e-01,4.291138145357546563e+00,8.744056672810256003e+00
-6.035309789052911711e-01,2.778500034771873572e+00,6.313216198879770147e+00
7.908011697253646943e+00,1.044289504413292136e+01,1.400912282298988742e+01
5.676089230938551111e+00,1.042929834094980990e+01,1.404696922080323240e+01
2.072257755346459174e+00,5.680255511569706428e+00,1.061827848909016581e+01
5.774795006612730930e+00,7.044585896877959996e+00,1.022430144341926628e+01
5.747005342629083913e+00,6.944112739972540638e+00,1.182343179817137724e+01
3.869356433284532937e+00,5.506190089187395387e+00,8.925571550975039514e+00
6.752120573681620996e+00,7.246872232298116501e+00,8.934832740880395363e+00
8.175846680107033748e+00,1.081082539842081935e+01,1.164779117781463746e+01
1.832345896561827336e+00,2.823971757108891367e+00,3.813521926912028182e+00
9.986326631159652578e+00,1.046563092235950521e+01,1.204917349846804697e+01
5.672767980695581969e+00,9.674370250368184543e+00,1.329822551593924373e+01
9.373248384724185200e+00,1.407027882348603143e+01,1.761704304088321393e+01
6.299806924769926653e+00,9.196167173049740740e+00,1.396617677071557040e+01
6.095382191188459586e+00,8.811162399607646023e+00,1.345149473909056859e+01
2.602757661621189378e+00,7.503149836641908266e+00,1.119761993820001500e+01
3.964448730401488596e+00,5.670876230377461802e+00,5.863612486935727119e+00
9.024800747618643371e+00,9.381074147176128974e+00,1.300505800976705473e+01
-2.025248741052578794e+00,1.824583410145280027e+00,5.033372277551962704e+00
9.302354159192798733e+00,1.352405458072886191e+01,1.487540588439564537e+01
5.541301406262519436e+00,9.428973509871260816e+00,1.001127872339569969e+01
2.068311431357247265e+00,6.655824142381141506e+00,7.787786372694235126e+00
9.267730676139848356e+00,1.327843184936726217e+01,1.710205443302186623e+01
6.482631668223603150e+00,1.126339726633962890e+01,1.465423462348402950e+01
4.086943102372204706e+00,7.941326108755104585e+00,1.289000113966201333e+01
8.565128350050809303e+00,9.472718147263837096e+00,1.146510430122464186e+01
6.981689246266181037e+00,1.099195311701869038e+01,1.473609469776340397e+01
6.109497006056564317e+00,1.094280741070477525e+01,1.411650374453635948e+01
3.913008016927408406e+00,8.464055413894810087e+00,1.131073652668220220e+01
1.024255060340026802e+01,1.453038532933790528e+01,1.613061154838633726e+01
8.692387922286012980e+00,1.169962437847187431e+01,1.171103871369961702e+01
1.030532175489729241e+01,1.312002038038514762e+01,1.402229087417776476e+01
9.816375802685946894e+00,1.003581385582559982e+01,1.447004473871030328e+01
1.255123138956940920e+01,1.286410641286143708e+01,1.510055942144720831e+01
1.060865521860328009e+01,1.090322659373985559e+01,1.426413700915515292e+01
1.310284952167090289e+01,1.330655924860968042e+01,1.435886962445425752e+01
1.046375933985537365e+01,1.337104867166348754e+01,1.826447295207842103e+01
1.130602440589836633e+01,1.482903798165937559e+01,1.566528451172758452e+01
6.661875314358240985e+00,1.016959813476828600e+01,1.511653679913793447e+01
1.616200561079396891e+01,1.643302471480372873e+01,1.681543367691585189e+01
1.119358621989414004e+01,1.191057805693945504e+01,1.443341325079830995e+01
1.004456257518774898e+01,1.372189735083534856e+01,1.619342442040232299e+01
1.079923180867061738e+01,1.554320980442419398e+01,1.836941815448187754e+01
1.460175877137395872e+01,1.814399665081793245e+01,2.240146468479345998e+01
5.337933789650733729e+00,1.030119723282330924e+01,1.062550270014190978e+01
8.929782512383958704e+00,1.128732710540041495e+01,1.160565674203895803e+01
9.514025340827556576e+00,1.390149937199737629e+01,1.663182709981925811e+01
9.757203741107623785e+00,1.019715856904617191e+01,1.026136152528453671e+01
1.467820846671396851e+01,1.571268581675552589e+01,1.966306979525477772e+01
4.858649588079196668e+00,9.650408125851328123e+00,1.334916309735581486e+01
1.686062374903397298e+01,1.976311739538312651e+01,2.148504707074657460e+01
1.572096848584702933e+01,1.899773148619382113e+01,2.188862709230156867e+01
1.330796279483447897e+01,1.664973080506047509e+01,1.971907652575981018e+01
8.412052230473538117e+00,1.032675788532853645e+01,1.270192492209318402e+01
1.668835838784203673e+01,1.720202658025627684e+01,1.819849645537117766e+01
9.224719796566223096e+00,1.209968337391259929e+01,1.509494195824597362e+01
7.030435776067099241e+00,1.185813923100388934e+01,1.617700651025458924e+01
1.434333595582008414e+01,1.712421271368330622e+01,2.158238838035903839e+01
9.663091235108883126e+00,1.187899638735789054e+01,1.281859676018446770e+01
1.542716199901501994e+01,1.637086441410896143e+01,1.809094066572932036e+01
1.211328199691823571e+01,1.305329672185654388e+01,1.539248539622395562e+01
1.385561344696004049e+01,1.547924536394704731e+01,1.833662837326821560e+01
1.430318460005202752e+01,1.476782086511400571e+01,1.567332787219085866e+01
1.292418237446964469e+01,1.409482581899661469e+01,1.638828434725922278e+01
1.099936864529751190e+01,1.492649147764445772e+01,1.611124559506644971e+01
1.161219495070622543e+01,1.563718408953505090e+01,1.564173901278891776e+01
1.062489116183319382e+01,1.143704911683301617e+01,1.458011376821225724e+01
2.290995021173605650e+01,2.329444767343130351e+01,2.541766874319936420e+01
1.063104335806700540e+01,1.207886448505725951e+01,1.235619593799658134e+01
1.672524875308801384e+01,1.688372576157173199e+01,2.093510388149297086e+01
1.243630582703775467e+01,1.690621932909267144e+01,2.075963785706164089e+01
9.951467464886643910e+00,1.195957477862409313e+01,1.462853822662082592e+01
9.025190739020487740e+00,1.345676082921512062e+01,1.706107931217349716e+01
8.449127231564395046e+00,1.210754634953142883e+01,1.473736757285230325e+01
9.727013233067868470e+00,1.333059865023551183e+01,1.793557711338955585e+01
1.088751712573330188e+01,1.294142426401858614e+01,1.390398943671766219e+01
1.358738289839111069e+01,1.581080944640407182e+01,1.757232375465472174e+01
1.119101196919968721e+01,1.393914431758840067e+01,1.573466637119549816e+01
8.084042390476552598e+00,1.006276941795716517e+01,1.401899949105634313e+01
1.241565792059454054e+01,1.503423849983086669e+01,1.594057764998890292e+01
1.092502999395365570e+01,1.186442054774150812e+01,1.600744383985265173e+01
8.317393025374357762e+00,1.316797538608653184e+01,1.695046084263003650e+01
1.338102277556045117e+01,1.349409967258921661e+01,1.483413111609202062e+01
5.463448204902984884e+00,9.070647686146838140e+00,1.099068587217868753e+01
7.829881635391052086e+00,1.253902046031192796e+01,1.628771346616728977e+01
8.566830859025106548e+00,9.014274630374256247e+00,1.239947331827279520e+01
1.229728376587402572e+01,1.389002296532984460e+01,1.463988322361245942e+01
8.180348550705440758e+00,9.404389483148609230e+00,9.541650517045935587e+00
7.040569410316950716e+00,1.114795170495770371e+01,1.577897856591100378e+01
1.173865614469351826e+01,1.380740683180453132e+01,1.545913168052922693e+01
6.964171295676671924e+00,7.966624766748159558e+00,1.229889957537051615e+01
6.868568577566676048e+00,1.147109267091207485e+01,1.304335722151528998e+01
7.033551509311951833e+00,8.701751901161111746e+00,9.493958724259021764e+00
7.845009281927220357e+00,1.017713490967314982e+01,1.393671468254941637e+01
7.045941610283303902e+00,1.098115081371113178e+01,1.395759655741036198e+01
6.109030209236059328e+00,8.690587307659766836e+00,1.343206906456872396e+01
6.477176422647195508e+00,9.310458299425679485e+00,1.061346136588739597e+01
1.014001761097514276e+01,1.202152515759544293e+01,1.377320371411702382e+01
2.066998501431987378e+00,6.987442935080423467e+00,8.236529837007072530e+00
4.260510568651369567e+00,7.560807545308398936e+00,9.886379026102417811e+00
1.104039354573560061e+00,5.822312763788491274e+00,6.392182077465412782e+00
7.147553714726335272e+00,1.094262931147679652e+01,1.362275196831086888e+01
6.049347970057310064e+00,9.715862432081648237e+00,1.033739113774351281e+01
5.145617514191805242e+00,6.430167713334290269e+00,6.634550820346087008e+00
8.112541654207596764e+00,9.486126354006939820e+00,1.351248010214623818e+01
5.385440523893192832e+00,7.140513456568597483e+00,1.060426416793087512e+01
4.573094419430864477e+00,7.863772180992698146e+00,1.044463290438695857e+01
2.720150063066423041e+00,3.436380077781567621e+00,5.703426243621603220e+00
1.017946168927185013e+01,1.356207395227770007e+01,1.544265002283809984e+01
4.198597949065586477e+00,5.122361674162200451e+00,6.313739952475034833e+00
9.288030912789565718e+00,1.082688657280074906e+01,1.222587471097841316e+01
5.252496367704623914e+00,1.022530394849588831e+01,1.149420740949459230e+01
5.633766839606106913e+00,6.035117503824661611e+00,7.415721895137662223e+00
8.520531119421942634e+00,8.524767928805360384e+00,9.359290675195721221e+00
-5.696349025432607682e-01,2.374951337007485286e+00,7.264871331014433942e+00
7.817104806005689355e+00,1.072745773442562722e+01,1.244714157132447419e+01
-6.176668526890796151e-01,1.429681970053942486e+00,4.381137337393763431e+00
1.115732171398193584e+00,2.882696637039193543e+00,4.966888442375804402e+00
-6.421041700994267742e-02,3.359856296011738408e+00,4.238907330125861961e+00
5.901854617122786806e+00,8.748823318257603177e+00,1.086244032557291384e+01
5.943790277414560563e+00,6.247406858843645772e+00,1.054862337612579992e+01
-2.399834397273512998e+00,-8.169039754509563878e-01,9.997085821229136915e-01
1.866316148333238667e+00,2.215230100311098127e+00,3.363979173098627040e+00
-5.289431641699242626e+00,-2.492551083416206126e+00,2.577296295374154056e-02
8.699820776255467791e+00,9.261988377114541038e+00,1.066909333054084819e+01
-4.082664829953377428e-01,2.406723403515420134e+00,3.142882979986506786e+00
-6.384023310589478584e+00,-1.763843998579578631e+00,1.220837159020051743e-01
-3.167883992163192275e+00,-3.109251622616984179e-01,2.434066517542847308e+00
-2.191742099039660552e+00,2.480163995027610646e+00,4.199846812641531812e+00
3.341472491407470269e+00,4.305331644330229857e+00,6.244038252451442617e+00
-2.819269679490154168e+00,1.788207847814855755e+00,4.062945314797045349e+00
-1.417697461566901573e+00,1.349744430443050813e+00,5.893346934471558995e+00
-1.812018487250295351e-01,2.948629949552157736e+00,6.948677072131529187e+00
-4.191648989180537299e+00,-1.974389833971784469e+00,-6.206235295819970688e-01
3.013995893679766169e+00,4.850466858429199668e+00,9.070811134204689097e+00
-3.548897852462295166e+00,1.478283237455694232e-01,3.027106123579321739e+00
-3.199005788892145485e+00,-9.949132967634009006e-01,-1.265230987494203596e-03
-4.961520377311529728e+00,-3.117085013757827205e+00,9.264006940835853854e-01
2.441981732469483468e+00,2.586527217940997936e+00,7.282739119576862485e+00
-1.675922284335368273e+00,7.606829403157180369e-01,1.136630390412848080e+00
-4.310850187440725456e+00,-1.119933516693591535e+00,3.290186115313297854e+00
-3.396185319764253752e+00,-3.285990983487260042e+00,-2.167991389924837975e+00
-6.070991994635503985e+00,-3.196308245392410541e+00,-3.513235512431363006e-01
-4.390829236185648021e+00,-3.707974065957425402e+00,3.108270884042401150e-01
-1.344795099606510114e+00,-3.105548513212015305e-01,1.717887609477483091e+00
-1.053554584689367957e+01,-8.049991437454856680e+00,-4.346316374300778662e+00
-6.752820293219037318e+00,-2.715539710627536074e+00,1.627294304776962797e-01
-2.024124740779165599e+00,9.807307018611051141e-01,5.495447132711921867e+00
-2.098661918992258180e+00,-7.695036203654543883e-01,1.145095825646890164e-01
-2.084348734290916383e+00,-5.753323653386130943e-01,3.696223337123544006e+00
-7.506601253622021908e+00,-5.498590000979886483e+00,-1.986179938579391901e+00
-4.994644428185090135e+00,-2.283085855284024746e+00,7.403391067642894896e-02
-7.516548994032027586e+00,-4.459814349427253966e+00,2.042937199583771957e-02
-6.100717602256425565e+00,-2.800493360780201613e+00,-1.739597666297710177e+00
-5.764759726752414437e+00,-4.258604594411957045e+00,-3.262389362847102348e-01
-1.535613890826975947e+01,-1.182639556194422248e+01,-7.848006978428117897e+00
-8.776420824170482859e+00,-5.361238676484656906e+00,-3.176605484293436810e+00
-8.693833801616824175e+00,-6.917826295983703133e+00,-4.604424930616263012e+00
-1.064090291815618450e+01,-1.020770903704253030e+01,-7.651120139192123304e+00
-1.376155275258389921e+01,-1.025583634910265118e+01,-7.875835925212250288e+00
-8.848339413032331180e+00,-5.144541972233932725e+00,-4.387646553943351790e+00
-1.312305132024727783e+01,-9.285063235300416551e+00,-6.466392604455815984e+00
-1.525107447527879856e+01,-1.296677622104184202e+01,-1.088351310166677166e+01
-1.069560234922083453e+01,-1.035446790050103871e+01,-5.657832647239700918e+00
-9.573930322108587632e+00,-4.920361573307390657e+00,-4.416610054949526187e+00
-1.191982856345498476e+01,-7.674387164354319779e+00,-6.372572640984694559e+00
-3.421855681064136512e+00,-2.582161461256425206e+00,-9.801856640111354935e-01
-9.597027613266662982e+00,-6.945556730284947022e+00,-2.830673621449447452e+00
-1.745872251441387490e+01,-1.286379157528316952e+01,-1.106654389307582775e+01
-1.504471929182031076e+01,-1.064166316161931825e+01,-5.998913249122265867e+00
-3.156222449467014357e+00,-3.006192460376764686e+00,1.795592878518788460e+00
-6.231439146688258823e+00,-6.150583160541788885e+00,-2.971677880249465886e+00
-1.537397712364774449e+01,-1.405753805143042001e+01,-1.072780764905061091e+01
-9.771136901364975813e+00,-7.012252402630956283e+00,-5.673683328404375281e+00
-1.450847720791616169e+01,-1.163321956788727540e+01,-9.186006494161636837e+00
-9.843258520056934913e+00,-9.633348588005821611e+00,-4.841462639388766753e+00
-9.688552073480604321e+00,-7.294102948374331596e+00,-4.586644749153620637e+00
-8.660692862289701921e+00,-6.606043779609112931e+00,-2.461592627071496509e+00
-1.589333853225696558e+01,-1.159357727724163745e+01,-6.889947082182483307e+00
-1.423033275137910714e+01,-1.196057351972650551e+01,-7.412941069589976451e+00
-1.088915923871661207e+01,-1.033885777837328135e+01,-1.012063684653351281e+01
-1.490721660894407918e+01,-1.336771670460468187e+01,-8.726830098693540094e+00
-1.343532937892641144e+01,-1.274893020424423362e+01,-1.111717341879422882e+01
-1.992632673583434411e+01,-1.586201637187710745e+01,-1.289959218963995191e+01
-1.933842746394959278e+01,-1.516429635341265225e+01,-1.166963434131086608e+01
-1.599249223965080091e+01,-1.348845023249725017e+01,-1.086300281109786781e+01
-1.299989067391011766e+01,-1.230378153550794629e+01,-9.998452277153219825e+00
-1.851744171231670322e+01,-1.552334005754399371e+01,-1.231146724192679187e+01
-1.534333887746610259e+01,-1.306213234286014924e+01,-1.072476487242286680e+01
-1.764740180979594797e+01,-1.594192795998338141e+01,-1.404243560217641296e+01
-2.145314207744001678e+01,-1.902466437269730548e+01,-1.740422844962575510e+01
-1.948600275821012318e+01,-1.693924796677396571e+01,-1.282189111390504621e+01
-1.824924980621384663e+01,-1.399730330968814407e+01,-1.366254925370560080e+01
-2.160135785282974652e+01,-1.906035254760751485e+01,-1.635873966494249387e+01
-1.709391765245860029e+01,-1.527951542977370636e+01,-1.364625554136903141e+01
-1.891399606622343299e+01,-1.652650513359160200e+01,-1.236948513306804287e+01
-1.460859652631029704e+01,-1.049049105620846234e+01,-5.882989216000312993e+00
-2.128361791101412592e+01,-1.850847279983092264e+01,-1.822653169010905927e+01
-2.247319575215702159e+01,-1.981707375349962774e+01,-1.764074157541127263e+01
-2.200841521655455324e+01,-2.070630069410573881e+01,-1.930477021524495029e+01
-2.291684326017120910e+01,-2.020647140025398159e+01,-1.950174319433334702e+01
-1.468258037735393096e+01,-1.448344795526958251e+01,-1.233088665725417954e+01
-2.197940079033705629e+01,-2.162261517887918671e+01,-1.724389495097481984e+01
-1.706718728284505815e+01,-1.687390413663673172e+01,-1.359494477273872626e+01
-2.491856863814227196e+01,-1.998864133709214030e+01,-1.511580071363368560e+01
-1.719220827562291021e+01,-1.497291929591502857e+01,-1.352060948135546425e+01
-2.069242865986624480e+01,-1.849561213365787538e+01,-1.517807891965736999e+01
-1.754578858257194085e+01,-1.548753550553854552e+01,-1.520768324487886680e+01
-2.205861529742413651e+01,-2.047276911025798896e+01,-1.920716529867496547e+01
-1.627332283120377809e+01,-1.612973806459459780e+01,-1.131327456804717002e+01
-1.696783254318995660e+01,-1.540721870706323138e+01,-1.458275854229854041e+01
-1.330968917067580648e+01,-1.176666317933553429e+01,-1.002191761453405938e+01
-2.495451449175363123e+01,-2.195068956696167817e+01,-2.115347100776767419e+01
-1.721835804622610411e+01,-1.432796300112566534e+01,-9.696660423837357712e+00
-1.892925516107115413e+01,-1.810059663802396912e+01,-1.540508717430422791e+01
-2.339616057645542924e+01,-2.111882737885964190e+01,-1.754705465664988395e+01
-1.771795405521582722e+01,-1.742858099449103548e+01,-1.674184366876530206e+01
-2.885200928213663474e+01,-2.438488191302187857e+01,-1.965741406296774940e+01
-2.246930518794537690e+01,-1.879373173925238305e+01,-1.789605783100611092e+01
-1.892173591771944174e+01,-1.829687591307113692e+01,-1.486153528574859806e+01
-1.956929497982411803e+01,-1.641265512022307149e+01,-1.580108487812303864e+01
-1.583849115155942933e+01,-1.581231037259814975e+01,-1.448539428515153382e+01
-2.372640441339730444e+01,-2.152487683287985831e+01,-1.809678607395064986e+01
-2.511080405970553997e+01,-2.377737137483814678e+01,-2.285109715980108902e+01
-1.791476545871777404e+01,-1.654824821831136106e+01,-1.569354103700669256e+01
-1.913658220427103984e+01,-1.869309989702140129e+01,-1.659279012862858593e+01
-2.141361802019008920e+01,-2.017472427046076788e+01,-1.881729121429792428e+01
-1.931638627797297758e+01,-1.611419529615742263e+01,-1.165525081793167672e+01
-2.772371474008776460e+01,-2.443492944503117315e+01,-2.138196238937780791e+01
-2.791721678202363677e+01,-2.320476693386617484e+01,-2.008023117125085122e+01
-2.166167339486605670e+01,-1.713675318761745814e+01,-1.655241139265654482e+01
-2.682021809451129357e+01,-2.324162920123177400e+01,-2.173975639673510329e+01
-2.183101783350214475e+01,-2.079706616288463650e+01,-1.816184323902025000e+01
-2.614363136382427300e+01,-2.136045220730679972e+01,-2.038995701806118177e+01
-2.413552939518267948e+01,-1.966848412059825435e+01,-1.513402854549505605e+01
-2.668261887279561506e+01,-2.392625745905043644e+01,-2.285670661763336753e+01
-2.035736614290932778e+01,-1.935457154039957928e+01,-1.611935032200710083e+01
-1.929995912535965630e+01,-1.808349942777812913e+01,-1.525686098940444246e+01
-2.130850976630434701e+01,-1.948534123921729844e+01,-1.460952629543841574e+01
-1.842491766342963544e+01,-1.819313853645921597e+01,-1.640058812059310966e+01
-2.756091585088174867e+01,-2.691193962399578865e+01,-2.286262111464255042e+01
-2.529643405252434007e+01,-2.282024537401503395e+01,-2.084714839553177868e+01
-2.049116473158103346e+01,-1.813434310596551313e+01,-1.620376608606343538e+01
-2.145564047329197876e+01,-1.875547456208516195e+01,-1.753972563798323492e+01
-1.908635757941389244e+01,-1.808102209836733465e+01,-1.601461730848079057e+01
-1.859897461665659790e+01,-1.801897006058182171e+01,-1.665934648775792937e+01
-2.716799802327761526e+01,-2.230908173890624013e+01,-1.941822294206007982e+01
-1.986642239218498673e+01,-1.730404411111489438e+01,-1.526487865242927811e+01
-2.553692409649348605e+01,-2.258501694025332540e+01,-1.857523339855693933e+01
-2.242688457052585704e+01,-1.972647926822601860e+01,-1.538720301663781242e+01
-2.897315352817349421e+01,-2.556193073419689199e+01,-2.263303777075138967e+01
-2.556224679045655179e+01,-2.057810337855420002e+01,-2.024804893920509485e+01
-1.829245258345735081e+01,-1.764946875567853368e+01,-1.502596455717503687e+01
-1.550650357884447494e+01,-1.473059303001693543e+01,-1.293796421944150410e+01
-2.488700309031807478e+01,-2.117100890917939537e+01,-1.965841808044017824e+01
-2.272082810883441795e+01,-2.020819448551345943e+01,-1.557186773168826299e+01
-2.155873507280744406e+01,-2.125975469229711479e+01,-1.693897905505357926e+01
-2.660298118893600972e+01,-2.271821740275358081e+01,-1.978776221618853981e+01
-2.961661108020924260e+01,-2.512597595494769465e+01,-2.159413638192556917e+01
-2.392478728423246537e+01,-2.206803706192584613e+01,-2.204392669609602962e+01
-2.468172466630012707e+01,-2.233301115018000615e+01,-1.808025983048901963e+01
-1.872664533257415798e+01,-1.452040450597249688e+01,-1.127770196782084255e+01
-1.952924260700370240e+01,-1.589103995667519165e+01,-1.332902773306321009e+01
-3.034291421776103803e+01,-2.662997152106663634e+01,-2.442430286860196986e+01
-2.135624651825254716e+01,-2.122369272946361107e+01,-1.732678177687197518e+01
-1.919470725831416758e+01,-1.508706126127681912e+01,-1.016630035981391345e+01
-1.835251372078002063e+01,-1.417718661321642060e+01,-9.226120784317345169e+00
-1.965289664558216742e+01,-1.933987920659495785e+01,-1.855048512785844750e+01
-2.247464621942069485e+01,-1.820530202092620797e+01,-1.772092761089899327e+01
-2.160367613347413851e+01,-1.898623760602148280e+01,-1.430384837313234669e+01
-2.398021017722734527e+01,-2.049706162327380099e+01,-2.008490614120606921e+01
-2.600790092495724792e+01,-2.121993857204856582e+01,-2.069093129263129072e+01
-2.287894261525144657e+01,-2.063697579866318321e+01,-1.580376438010570084e+01
-1.651958655619301908e+01,-1.414156870046691239e+01,-1.215279870329818124e+01
-2.143943983257898722e+01,-1.945865860085372745e+01,-1.720450070384483610e+01
-2.322008842711422005e+01,-1.895758344058634393e+01,-1.714806160550037006e+01
-1.846367076404823848e+01,-1.644900780439407839e+01,-1.485538955908634584e+01
-1.702465110094951228e+01,-1.610645366117677213e+01,-1.518790476799958356e+01
-1.791184809127436850e+01,-1.645006251720595003e+01,-1.158339310014566692e+01
-1.991823836048460095e+01,-1.767706519423200362e+01,-1.316589608092628616e+01
-2.142458866120331251e+01,-1.667184420874364292e+01,-1.633167592415612290e+01
-2.467705694271131023e+01,-1.999289186820649888e+01,-1.503051166996272059e+01
-1.729045081634641079e+01,-1.505802396490269146e+01,-1.484084221659469982e+01
-2.158100405526923282e+01,-1.737334189414783481e+01,-1.597624820738836782e+01
-1.205862101088454708e+01,-1.187812997984324781e+01,-7.843988739415533651e+00
-1.920122391238858128e+01,-1.570190561111251348e+01,-1.391976200437691702e+01
-2.099011959351042478e+01,-1.802013496731817455e+01,-1.502229254098375755e+01
-1.848249006743564493e+01,-1.585756576422904018e+01,-1.494304746770108849e+01
-2.180370642789969793e+01,-1.979496803437861274e+01,-1.947152761569118340e+01
-1.901748639610347880e+01,-1.647707552153399035e+01,-1.538792073032199070e+01
-1.471371272353969495e+01,-1.307175460899462927e+01,-9.870893092753249221e+00
-9.657087243771492524e+00,-9.064187356506440807e+00,-6.704272943616331304e+00
-1.606252292422908923e+01,-1.470716573500695112e+01,-1.100601214768305880e+01
-1.813654817617374349e+01,-1.438655888829575424e+01,-1.238652016544109813e+01
-1.576259870093428361e+01,-1.539307755632779440e+01,-1.343073564382055274e+01
-1.402611115657444429e+01,-1.048913768629400423e+01,-6.742434746640540766e+00
-1.243254407083383661e+01,-1.108491488785440637e+01,-9.826239637698893858e+00
-1.744681361212613524e+01,-1.532878265997747746e+01,-1.291719955220599303e+01
-1.751858526431763607e+01,-1.458186340431549510e+01,-1.419878432665197465e+01
-1.627447881297208809e+01,-1.411507150261928878e+01,-1.352954150129930433e+01
-1.549588569707980845e+01,-1.306733659795150970e+01,-1.297295290486584918e+01
-1.637600474266676542e+01,-1.236290034373362268e+01,-1.031425842271305093e+01
-1.075457801799965196e+01,-6.664284777704014395e+00,-4.125895580738217383e+00
-1.611550935450378574e+01,-1.307650903440031342e+01,-8.475954641392165811e+00
-1.324123799033974436e+01,-1.078188208573179807e+01,-7.438944416311402463e+00
-1.330110596087603980e+01,-9.680511104095325337e+00,-8.922717541401155472e+00
-1.045807123725815835e+01,-9.729963085800878986e+00,-9.310062597652443372e+00
-8.445897608697290337e+00,-5.500329970764459731e+00,-2.521830922342022774e+00
-8.306389658764757655e+00,-6.941008483009245111e+00,-2.516239937451079101e+00
-1.465918504405822453e+01,-1.125958391433280781e+01,-7.868831173901765119e+00
-1.011651994869901472e+01,-9.914757510421191355e+00,-7.957263038217734952e+00
-1.221919318074083805e+01,-1.074706826182084107e+01,-6.966916044338665515e+00
-9.862007555760017752e+00,-6.798450594298882876e+00,-4.718904163457670720e+00
-1.196585946487499186e+01,-8.656971477141491178e+00,-5.545137480093025317e+00
-1.049492009596631448e+01,-9.692618938494668157e+00,-8.430723063029462949e+00
-1.414328999570975753e+01,-9.608388349744371837e+00,-6.234704918729350176e+00
-1.854482902006083123e+01,-1.386041420036471372e+01,-1.367244357773911290e+01
-7.579641705697815368e+00,-6.343582681401322532e+00,-1.896020617443853418e+00
-1.272257797774836696e+01,-7.873820802892810278e+00,-2.935868914760663806e+00
-1.467286733938675525e+01,-1.360277184538836792e+01,-1.299228247550188620e+01
-1.270889119089210695e+01,-8.438446269869615435e+00,-5.024059098243695232e+00
-1.672496441911449860e+00,4.863747641832514290e-01,4.186183585517588845e+00
-7.777930645403513532e-01,-4.135854382867609758e-01,1.317776350519156425e+00
-1.138275769469457188e+01,-8.052701544090906438e+00,-7.322479962172880441e+00
-1.268932696174677766e+01,-8.433022670997113224e+00,-7.373488770270895998e+00
-1.296765467916962145e+01,-9.598379389515205418e+00,-7.461781066796028483e+00
-7.038531642992337467e+00,-4.493361351828246697e+00,-2.729362800499028907e+00
-5.962894985936280534e+00,-1.558751851821588374e+00,-2.822858858238461721e-01
-7.652606027753896534e+00,-7.242492226401172850e+00,-5.384502798318431260e+00
-4.832960673634150162e+00,-4.638848549617994088e+00,-3.142580833156231268e+00
-1.333191371087697341e+01,-1.197229850283196484e+01,-1.193630673122653896e+01
-5.174586380003076691e+00,-5.101100164520688374e+00,-2.466161434014100262e+00
-1.076376257432047012e+01,-5.857277566359703869e+00,-4.921408028710947846e+00
-8.493882768203032896e+00,-5.299873578147264119e+00,-7.140431230707653398e-01
-9.778406434432257655e+00,-5.803213272605056261e+00,-3.188154362143629683e+00
-4.007710876636823016e-01,1.162777224661531328e+00,2.814454335306582511e+00
-8.086667775560478333e+00,-3.281409293952029405e+00,-9.525417738785213473e-01
-4.843702722540511374e+00,-1.271275700243847284e+00,1.328671141594025107e+00
-7.652363956731358385e-01,7.038646813820430559e-01,3.006307357404447433e+00
-6.239186472908627934e+00,-1.981480992403595653e+00,-1.132468541762624348e+00
-5.963365793109075774e+00,-1.160661447261319701e+00,1.456258261760370765e+00
3.476011494769045029e+00,3.941056051936523641e+00,4.648525693204171638e+00
-5.294676382874257570e+00,-4.132084121190018777e+00,-1.303498088898535912e-02
-8.001586126883584171e+00,-3.630654437174093641e+00,-3.443187347395378684e+00
-4.723335379103304810e+00,-3.125673435935427236e+00,1.285979397671130897e-01
-1.912452855390966988e-01,1.861575763357895319e+00,5.817025315048315548e+00
-1.787350519920495984e+00,-4.935113199178671195e-01,4.144378976394202496e+00
2.609469331429266958e+00,3.717225355567601586e+00,5.246658651111880012e+00
-1.818519654554638043e+00,-1.781785403485057984e+00,-1.444266805282139687e+00
1.152744596808531696e+00,4.421063840015248658e+00,7.169470262634081159e+00
3.351983767547452864e-01,2.622711596350885355e+00,3.772929996649907025e+00
-6.277950521241649540e+00,-1.451786150018945065e+00,-2.564160423544148415e-02
-4.386228065480350935e+00,-1.203126947983326644e+00,2.838331583835222993e+00
-4.103896270664235679e+00,-3.773529222302213881e+00,-2.505915041554023226e+00
1.278905471414016892e+00,2.217529660723998042e+00,5.401438811177776245e+00
5.694702610121253450e+00,9.082687725076855401e+00,1.054699975917634802e+01
9.387737695029683138e+00,1.027397154421106862e+01,1.411147811430893739e+01
-3.241921720381584215e-01,3.558632014675173316e+00,8.416424790310578885e+00
3.617018482514835931e+00,4.413504794480377136e+00,5.991019073018263086e+00
-4.151934724365086815e+00,-3.628598098129757865e+00,-1.168318511888820410e+00
-2.523331208985706287e+00,8.479841134326222551e-01,1.924857867474750961e+00
-1.197821305507723810e+00,6.899329661320772189e-01,4.618080556615954180e+00
4.371744506515039319e+00,6.351179105828371974e+00,7.541726211092765197e+00
-2.634270984040436581e+00,1.154637196521815845e+00,5.053720433994961958e+00
2.848755390010527577e+00,4.580330786024877199e+00,9.301905703369373057e+00
3.383635810713586878e+00,5.611702658036130664e+00,1.015000797912838593e+01
6.609858025880988919e+00,9.365778394162324716e+00,1.031223432688535269e+01
9.925429205788521614e+00,1.391239765763325664e+01,1.574069133196263159e+01
5.059721804110103527e+00,6.545700416663857268e+00,7.021590653109320179e+00
8.295370424665993170e+00,1.261788682356618096e+01,1.638300925551396858e+01
2.093538506576288150e+00,2.112232893102286013e+00,6.441510470537423316e+00
1.003433333654050053e+01,1.322286842751755209e+01,1.684452757705586379e+01
7.347323691678965929e+00,1.108008942098374305e+01,1.323997349135603230e+01
4.584086834734216964e+00,6.442883209263557731e+00,7.477258133086058578e+00
5.130356490219112331e-02,3.694593822988320397e+00,6.908512167953620775e+00
7.261742462930080855e+00,8.845517364581697350e+00,1.059382177218834720e+01
6.221531236684913146e+00,1.023310209484401589e+01,1.194494136625787206e+01
6.119612386956886141e+00,8.720884580780722928e+00,1.191102970317817977e+01
4.870580192026337407e+00,8.278911249977783271e+00,1.225747428693891194e+01
9.845171358895571601e+00,1.047715458726387361e+01,1.124411893315182454e+01
4.560802868621206763e+00,7.813660838091889715e+00,1.141680892552557580e+01
1.087393224432335614e+01,1.521092688611415689e+01,1.573129660563041377e+01
6.331935807453864307e+00,8.049539428164148802e+00,9.142166281745824463e+00
1.042580789854030421e+01,1.048484657309628076e+01,1.470514787561255687e+01
1.332151043941551016e+01,1.382673155929336417e+01,1.523901049390877915e+01
1.718484330923563874e+01,1.832400048717300933e+01,2.086996102818372734e+01
1.079816937873186689e+01,1.381283486548360884e+01,1.696094416430722163e+01
8.573416717996071412e+00,1.353175662412494695e+01,1.715815173994358389e+01
8.184392971132281147e+00,1.109810732660255717e+01,1.171984239809802375e+01
9.029735299424118011e+00,1.349733396615016545e+01,1.645794528579854443e+01
6.965426183863799636e+00,7.256278273138905277e+00,7.579817542919744966e+00
6.506540428681832466e+00,1.019012688250375831e+01,1.243015608835993291e+01
7.187859943149163655e+00,9.885955801070634763e+00,1.028980837644520641e+01
4.552067524939364063e+00,5.306139378829484166e+00,9.392821388843611174e+00
6.819318366159961897e+00,9.494282461919317129e+00,1.065162276992659329e+01
1.124020677106471844e+01,1.410587444441437377e+01,1.589354904967404813e+01
7.374932576782501137e+00,1.089255782225393787e+01,1.386741923507127616e+01
5.127612442643277646e+00,7.400271243979244851e+00,9.686585867659140092e+00
7.225606637635432428e+00,9.010162772015458899e+00,1.228806699418146842e+01
9.155534686552769585e+00,1.237652124081873239e+01,1.445354829719644130e+01
1.148032385756931362e+01,1.321886258219355881e+01,1.623265356595278064e+01
9.373300239555989677e+00,1.164138869790386011e+01,1.384923936613626694e+01
1.088874588348719641e+01,1.273672826714787476e+01,1.595955523630575001e+01
8.995655937458607809e+00,1.282233801070513657e+01,1.283122169843343663e+01
1.413860959473538870e+01,1.613072110714692542e+01,1.964341736953878126e+01
9.411941422601598717e+00,1.334984065881590709e+01,1.709215042976018850e+01
1.476902313903653585e+01,1.635876600881621457e+01,2.127077065450515647e+01
1.108041617333683959e+01,1.395127904736444791e+01,1.485388689596716993e+01
1.198966346030598373e+01,1.527163904080296142e+01,1.765666068673150235e+01
1.164220686286163087e+01,1.630517151356746552e+01,1.793860410948364148e+01
1.550832238512981220e+01,1.651528022350419889e+01,1.914369968547924117e+01
1.016084960841811480e+01,1.398299090502613140e+01,1.779224563778144841e+01
6.457233280259413455e+00,6.970984776471831346e+00,1.085686502794193053e+01
3.267961389242175940e+00,8.142887274021084920e+00,1.214448157500643077e+01
3.176469481259331040e+00,7.899581691595301436e+00,7.983682836619948375e+00
1.196691625230290867e+01,1.330210045407605612e+01,1.605308712634806056e+01
7.983733385115383996e+00,1.184114843480390888e+01,1.655382764953373709e+01
7.105148853068679493e+00,9.494436291761942925e+00,1.056397714671471100e+01
9.716621054909335697e+00,1.238032597463528361e+01,1.521898745423615118e+01
9.053413943807793629e+00,1.001200894449302581e+01,1.451883766155734001e+01
1.396590030339368660e+01,1.573061686642911816e+01,1.719501318740793039e+01
9.348187100631475843e+00,1.035153760991549987e+01,1.461062257997217984e+01
1.049041729489999852e+01,1.433116813770734943e+01,1.868623075015346657e+01
7.540928343290182134e+00,1.198736833351074615e+01,1.416679542584256524e+01
1.549715345137114575e+01,1.582423753308079206e+01,1.964120332107178513e+01
9.423892757742478921e+00,1.426698649124728746e+01,1.678898813961207281e+01
1.146449834025711212e+01,1.469815282545403612e+01,1.750908487982037443e+01
1.487030677382646005e+01,1.813072791779553228e+01,1.999650741301906010e+01
1.055521631477617817e+01,1.225826242891190887e+01,1.479626811372799366e+01
1.570909220857988231e+01,1.741968796569840450e+01,1.846112506743727977e+01
1.802298543267627906e+01,2.041096541587324253e+01,2.330544386133696122e+01
9.578687019650416801e+00,1.140448347106708482e+01,1.155569641344148302e+01
1.474670849605703893e+01,1.809803823333331252e+01,1.815026832463866668e+01
1.332814835546580667e+01,1.350241394964775665e+01,1.395643100260475933e+01
1.065980469493649885e+01,1.247699482430452633e+01,1.341308621077475571e+01
1.008286451387378513e+01,1.151656372061783529e+01,1.570609462375448473e+01
1.320244769795573347e+01,1.700072086035600094e+01,2.037947547731330289e+01
1.229996011173066783e+01,1.723516239442010090e+01,1.737515415150258136e+01
1.157475011630959116e+01,1.379671940524194085e+01,1.593604410117247028e+01
8.090593414029772390e+00,1.148292387343855303e+01,1.437644464656747623e+01
1.570659036235000450e+01,1.616370644581464333e+01,2.020548837355022798e+01
1.132350437571348323e+01,1.441418002925341213e+01,1.533392131321600083e+01
4.382026871516150557e+00,8.830913709123223043e+00,1.114642476474206312e+01
1.087712592938156320e+01,1.354369010299268794e+01,1.464430218058098632e+01
1.749268002206635231e+01,2.042436405089058127e+01,2.044024290302419189e+01
1.082919844609042315e+01,1.426062952461132305e+01,1.917752218410466725e+01
1.089547824139177834e+01,1.196384391577356610e+01,1.553494893019495571e+01
1.082849269188377761e+01,1.343995120952371991e+01,1.830452330928727633e+01
7.961508014862752169e+00,8.334491031921729132e+00,9.421594159107714361e+00
8.356450916598284095e+00,1.132852105688541933e+01,1.471841524958353453e+01
1.339128567323432506e+01,1.653355531354480590e+01,2.017125682264691378e+01
1.590609141447440855e+01,2.028593051251302981e+01,2.448908185895813006e+01
1.235954464944488507e+01,1.324919109622393520e+01,1.672096999866039013e+01
4.650029279952122785e+00,7.593177057224394844e+00,8.784574843183532877e+00
9.835708121868616871e+00,1.134731689864574733e+01,1.593476008659080989e+01
4.748921184115150851e+00,7.476437712353073195e+00,1.084203710060713277e+01
7.029566485932283726e+00,1.127386626727737351e+01,1.268884390699711595e+01
4.770308816181243472e+00,8.036680189998646640e+00,1.011639952125479880e+01
7.852742655693923268e+00,8.860517367909382713e+00,1.159726468675306066e+01
1.047084857111636680e+01,1.238744411074198304e+01,1.545464157293821117e+01
1.207065458423235071e+01,1.366481891154166917e+01,1.656101881661885145e+01
6.499030145537635583e+00,7.460837816966453317e+00,1.182671031342890799e+01
1.053974813329464588e+01,1.119605017486903620e+01,1.275176392140822834e+01
2.762534577415546977e+00,3.767408191962427821e+00,6.398388095753709592e+00
8.220371767994192780e+00,8.638935080552407442e+00,1.116139878123956208e+01
3.326893717571523190e+00,7.775929498730992151e+00,8.289119963661139678e+00
9.645751184095917807e+00,1.194061916728793271e+01,1.235454835582535260e+01
8.882866232017079255e+00,1.097232316323590595e+01,1.343657633689890574e+01
8.039342076927873393e+00,8.299333782890359501e+00,1.294969495830216033e+01
6.724515234514997886e+00,6.900515198109915538e+00,7.741150973606096386e+00
4.509514448761896332e+00,8.632122760776095305e+00,1.213513905921040958e+01
4.411371367255160436e+00,5.098655999112704507e+00,1.009829859807462782e+01
-9.581198820846070774e-01,3.821872826452439753e+00,6.438282359352629491e+00
8.631875245917268735e-01,3.727562942883331232e+00,8.074100905994955113e+00
2.417744864553290185e+00,2.728787619370877771e+00,3.989658538872059790e+00
3.900577087986602187e+00,5.198853559576219752e+00,6.288162308172763559e+00
1.039152518649673596e+01,1.142200913504418125e+01,1.155090768015482894e+01
1.271677626163097097e+00,2.573728903802793511e+00,5.079044730386361728e+00
3.337000448282466891e+00,8.323165078714238163e+00,1.249270909327611534e+01
1.637379602243051568e+00,4.802609315598218132e+00,7.202701285803541964e+00
8.660832035864496348e+00,9.084805723253925436e+00,9.684602235611080800e+00
5.187255263825136353e+00,5.931776292092724390e+00,1.008504664233771031e+01
4.017181397710386292e+00,6.362012292228691912e+00,1.002167637227490360e+01
1.399147248282899270e+00,5.617710618861443628e+00,6.691580711520653146e+00
5.921222109489400864e+00,8.431650033770800690e+00,8.488238798998636980e+00
-1.187662049864697700e+00,2.712864179877428228e+00,4.110055796551949747e+00
-8.759272341491635139e-01,1.977635916541082395e+00,5.400596243761247806e+00
5.027030474233856516e+00,5.612118685789919681e+00,8.345710773168885765e+00
1.862346120609720490e+00,5.041927484924665137e+00,7.387010482204978246e+00
6.013394395349307864e+00,6.643024440262820463e+00,8.052439415549493162e+00
7.716904953753495278e+00,9.768158321713647396e+00,1.261638179881487432e+01
2.818471100778783267e-01,2.508567381601472857e+00,3.284131437183209101e+00
-4.357736712057724837e-01,1.937175270995167953e+00,2.459977726399420028e+00
-6.161828313913378929e-01,-2.822950062672999749e-01,-1.267495125793863808e-01
-1.871832544181460722e+00,2.847487626674145123e+00,4.411953030636849071e+00
-2.540405647090617336e+00,-1.651084272015775234e+00,1.615008754445598438e+00
-3.436724388704353927e+00,4.824714059175372327e-02,3.296356158010584902e+00
3.868425436938699669e+00,5.945773142290280866e+00,6.060125714938687125e+00
7.061886383202239159e+00,7.625169207547038752e+00,1.230691194014253220e+01
-7.315686363091970179e+00,-4.566831837224205159e+00,-9.388048290339674473e-01
-7.630764732656922789e-01,2.101987127549360679e+00,6.543216760851445990e+00
-4.491705683874798183e-01,1.935149625440326204e+00,6.109254856191560279e+00
-1.200398058868060946e+00,-3.584035028762018182e-01,4.037713840378112984e+00
-3.967619107553994162e+00,-1.567306943740914837e-01,4.084671974103548209e+00
-3.795685202521248414e+00,-3.759463711266597397e+00,-2.600621058999543767e+00
-6.445349367305873045e+00,-3.628861930190694807e+00,-4.341606692559665248e-01
-2.414330821053438214e+00,-9.187112676413986545e-01,5.966397204009923350e-01
-4.612665860238248428e+00,3.785461091082493734e-01,3.698779005395609332e+00
-6.767480598403401437e+00,-3.682620805918130902e+00,-1.021933002086776732e-01
-4.880365066225160753e+00,-4.747046463288450369e+00,-1.180311103927745631e+00
-5.903813498901042678e+00,-3.568371966484852997e+00,-2.575411801196134221e+00
-7.702915001173259668e+00,-5.945165898403383054e+00,-2.167345177247637977e+00
-3.705425518986942279e+00,-8.340729649122686773e-01,2.071588096741676654e+00
-5.144405934232922917e+00,-3.875369708081979780e+00,-1.883750621297772820e+00
-2.569743401965619789e+00,-7.293022144015588459e-01,2.547407972623227490e+00
-8.587285559748806918e+00,-4.424753566658501391e+00,-2.002659008079757275e+00
-9.277581669668959918e+00,-6.421659712882133775e+00,-4.522331492995427915e+00
-9.315884498674444458e+00,-8.391822792239484130e+00,-7.819119288097348353e+00
-7.052558871766716031e+00,-6.666331861954782667e+00,-3.513008039893258161e+00
-9.731670153991359484e+00,-5.576158155358371005e+00,-3.370478208339809711e+00
-1.295667771264106349e+01,-8.054599026341232815e+00,-5.499015280802291628e+00
-9.853829364212028707e+00,-6.019369059984986059e+00,-3.170682580674171192e+00
-1.593142052796598307e+01,-1.115688113807452453e+01,-8.873297979788693723e+00
-1.053635233579636754e+01,-6.550530062667156095e+00,-3.457962321136228923e+00
-8.786010780343168847e+00,-7.926654697381906978e+00,-5.966544038547077378e+00
-6.592815535447686948e+00,-6.037603211495933486e+00,-4.711687080532630745e+00
-9.844338252596491756e+00,-9.414796115576031355e+00,-8.123383940685563687e+00
-8.452775260642798827e+00,-6.402594029122231412e+00,-5.341720651792489782e+00
-7.571186219593844413e+00,-6.851311614197120647e+00,-5.389752092588141252e+00
-9.517462182008074478e+00,-9.181368454300265824e+00,-7.205253195651422971e+00
-1.221563482707290937e+01,-9.674897947165597145e+00,-8.412379735733491515e+00
-1.320617502399672638e+01,-1.281581055291962024e+01,-8.529538276295383525e+00
-1.176323846835202502e+01,-7.463359732772353539e+00,-7.346502020787851528e+00
-8.336536458646184755e+00,-8.183787360359685792e+00,-3.352267291133938620e+00
-8.990415349899969044e+00,-7.708981828388838053e+00,-4.850396700645024595e+00
-1.040859960274196894e+01,-5.457329852176730611e+00,-1.515153826973540951e+00
-1.120799356663921920e+01,-9.444385301584095060e+00,-6.213901762362041836e+00
-8.712746428968326740e+00,-5.940910324687710187e+00,-2.458987032488604729e+00
-1.189879815251002348e+01,-8.348632248030176228e+00,-4.707121266891156175e+00
-1.216207419211358598e+01,-7.340814752836788415e+00,-3.325020305403661780e+00
-1.126471425959052830e+01,-1.079301250000785650e+01,-8.083022507266994339e+00
-1.594467060681628645e+01,-1.248378781372375634e+01,-9.565174613312596108e+00
-1.263350674310678023e+01,-1.176400147958448272e+01,-1.109194317450050171e+01
-8.438464915457995374e+00,-7.883912875869733661e+00,-6.778173322080221830e+00
-1.494207930547586827e+01,-1.356614162141151780e+01,-1.020898465935959187e+01
-1.661361394933315694e+01,-1.517845165258068363e+01,-1.343428612555778301e+01
-1.185016562170768317e+01,-1.128096620504833858e+01,-7.451409128120110026e+00
-1.791529315277453804e+01,-1.342958101262110659e+01,-1.294952559869045849e+01
-1.827589490942990480e+01,-1.695387831944624679e+01,-1.515533616258863248e+01
-1.864938135750826476e+01,-1.507979100972567466e+01,-1.192880570738077139e+01
-1.537221077455378726e+01,-1.105013326380371375e+01,-6.681249170323757980e+00
-1.738660463885850405e+01,-1.386838516718166936e+01,-9.129693191864333812e+00
-1.770924513597788064e+01,-1.618958186839208935e+01,-1.438630702390958760e+01
-1.758202262950047867e+01,-1.687235879131136329e+01,-1.293565577736186256e+01
-1.574846052782858763e+01,-1.277683065195072665e+01,-1.177096953014227942e+01
-2.055973530010783179e+01,-1.616860988101288044e+01,-1.571560922574813901e+01
-1.311507170851701254e+01,-1.068763403503474407e+01,-7.933423181599758678e+00
-1.053773117014925020e+01,-8.535716478553867503e+00,-8.038761922487413614e+00
-2.080295439880116604e+01,-1.734912636639191064e+01,-1.622644941248292128e+01
-1.757202331255072636e+01,-1.385264658639961155e+01,-8.895375827336248875e+00
-1.659608610923161365e+01,-1.431586347894848643e+01,-1.003119322603781960e+01
-1.945605412902004616e+01,-1.778737573205274103e+01,-1.458380438068552110e+01
-1.567864964838258146e+01,-1.534569345441387256e+01,-1.485524719641217040e+01
-1.824735153041141800e+01,-1.505110547262874654e+01,-1.072144791078140358e+01
-1.351115783990311670e+01,-1.312608032087111809e+01,-8.742544501315187233e+00
-2.089461994313336035e+01,-1.745566953030470003e+01,-1.500757850336392707e+01
-2.297117247720349908e+01,-1.984311069833555408e+01,-1.533695986020014246e+01
-1.539023969229326028e+01,-1.184624663687832680e+01,-7.039884992149445964e+00
-2.579517590090016910e+01,-2.263442650599235861e+01,-2.017093680872219963e+01
-2.163972413544488660e+01,-1.870414085880890553e+01,-1.577146982735753511e+01
-1.180434982861267734e+01,-1.087073384138457044e+01,-7.822748111621400824e+00
-2.081963532969487574e+01,-1.768679624404314765e+01,-1.431327016006688169e+01
-2.350671626159362404e+01,-2.063984104842229428e+01,-1.566735997505850797e+01
-2.579573154651515665e+01,-2.566068468419082649e+01,-2.412531639494719116e+01
-2.182888439288780447e+01,-2.073719000576979354e+01,-1.699957167043203654e+01
-1.744576336164073638e+01,-1.631852777182698588e+01,-1.608101726477902815e+01
-2.034367144790842374e+01,-1.697921755358810003e+01,-1.581634868891623391e+01
-2.153847114380183214e+01,-1.734392407333931629e+01,-1.576158738598662623e+01
-2.436554085915853562e+01,-2.291012865050592140e+01,-1.995016886653986887e+01
-2.293560138437866769e+01,-2.116101695877025435e+01,-1.815281241109636312e+01
-1.966439616939412716e+01,-1.824013332123440279e+01,-1.466230861819862774e+01
-2.088820337839558761e+01,-1.842246154246839041e+01,-1.609714756132837010e+01
-2.943294186601473328e+01,-2.700165526821207607e+01,-2.613814496123319842e+01
-2.355811283282450930e+01,-2.126148846360529276e+01,-1.915777329163376663e+01
-1.527281018655968481e+01,-1.375456999045655238e+01,-1.112515363245276134e+01
-1.978751134553171553e+01,-1.725130806587766230e+01,-1.655684885592222955e+01
-1.968043161074979253e+01,-1.468394657045294416e+01,-1.189196163797660333e+01
-2.223020061037995632e+01,-1.900536172480128627e+01,-1.628376624031519171e+01
-2.326557277857591188e+01,-2.180646636938866934e+01,-1.910631974435224478e+01
-1.889494237777791596e+01,-1.884924563496703698e+01,-1.689025301807189194e+01
-2.121178142303898184e+01,-1.715288208797427671e+01,-1.331091891423261941e+01
-2.327762554489332913e+01,-2.238350144169731237e+01,-1.926343182053408043e+01
-2.599550409988668065e+01,-2.176096941174959909e+01,-1.994415205165315186e+01
-2.213564695581605690e+01,-2.012628726315142558e+01,-1.727404872758298637e+01
-3.338564115752609496e+01,-2.927374175892654762e+01,-2.815197434776490937e+01
-2.055144694883394862e+01,-1.596447450610237873e+01,-1.467159506551410431e+01
-1.879559499078245111e+01,-1.864139847601444444e+01,-1.647200159015205756e+01
-2.581578330755201733e+01,-2.444237372065713032e+01,-2.088523129252359212e+01
-2.570122212767985204e+01,-2.116100447047492494e+01,-1.974889711280927429e+01
-2.196268950259256769e+01,-1.881354235208704040e+01,-1.880805071501458059e+01
-2.218470687557185528e+01,-1.893640239480216536e+01,-1.774513094519279122e+01
-2.420096318209016673e+01,-2.113379256645175630e+01,-1.707167507072962920e+01
-1.975822472802419938e+01,-1.892212670647902328e+01,-1.749589569109318177e+01
-2.122031133053576468e+01,-1.842068905604563156e+01,-1.757231511649600719e+01
-2.236990777981420919e+01,-2.056895675243325883e+01,-1.837528543368766876e+01
-2.365258146992640675e+01,-2.291412684093376839e+01,-1.867929642945861701e+01
-2.071570901238834495e+01,-1.887293735296213981e+01,-1.497856145836094477e+01
-3.229606216409846553e+01,-2.942631497480341451e+01,-2.723276298353689384e+01
-2.799376493324888315e+01,-2.321363988466704598e+01,-1.886372813991575015e+01
-2.239732505096685244e+01,-1.853231141135041682e+01,-1.625601721878629746e+01
-1.861634115718644722e+01,-1.793258156324110431e+01,-1.427007310037754273e+01
-2.634800537649787699e+01,-2.238315428470356139e+01,-2.020449532434064821e+01
-2.145455577328518260e+01,-1.854681662688356525e+01,-1.371745150199653196e+01
-2.040969063427345986e+01,-2.024166318722851798e+01,-1.661326233381344863e+01
-2.716500638215405061e+01,-2.562210113752398399e+01,-2.500930970709677936e+01
-2.689791511271940649e+01,-2.380060418475711614e+01,-2.291670844398179696e+01
-2.327529941759130949e+01,-2.208207394179769523e+01,-1.981826029958825330e+01
-2.326929545780375008e+01,-2.171681752039827273e+01,-1.877687194469693566e+01
-2.367982958461825760e+01,-1.961122751622741589e+01,-1.889400942414203755e+01
-1.863532027375995170e+01,-1.740675640348412045e+01,-1.435753366834212130e+01
-2.033080815698449939e+01,-1.804581988223576161e+01,-1.413769849775038701e+01
-2.850353223038324302e+01,-2.478258171261048304e+01,-2.244517781834974457e+01
-1.923497459230296514e+01,-1.675295745421103177e+01,-1.391635936900529025e+01
-2.773165059900286877e+01,-2.316519753679711968e+01,-1.930113023950816142e+01
-1.948907192397964749e+01,-1.922105741604490348e+01,-1.492085454010346623e+01
-2.541359776604305765e+01,-2.206161323455000201e+01,-1.931163239732943282e+01
-2.261392959996997476e+01,-2.071839888178396905e+01,-1.584133862744433152e+01
-1.998173615417445603e+01,-1.908385515533530352e+01,-1.686059817603925381e+01
-2.329094097640455630e+01,-1.921565304145342523e+01,-1.688839364380483588e+01
-2.076125004635292015e+01,-1.688170129248552342e+01,-1.634715434032515446e+01
-1.634910243120324935e+01,-1.606933674634880660e+01,-1.596625206430678290e+01
-2.168638464169954716e+01,-2.040144402922293665e+01,-1.992571949595901515e+01
-1.814036111217813385e+01,-1.477438971610373208e+01,-1.141629024827270200e+01
-1.752648019770413512e+01,-1.748258824291120561e+01,-1.410433736388681325e+01
-2.372668122985229289e+01,-1.933468594460148182e+01,-1.677008836725444141e+01
-1.507502003129902413e+01,-1.412203592833186327e+01,-1.267329156758460407e+01
-2.311471860729747618e+01,-1.965316715387778501e+01,-1.745403397853426952e+01
-1.406444787717372336e+01,-1.305143987994312482e+01,-9.055074778338028096e+00
-1.944691568174683738e+01,-1.889479261645225350e+01,-1.638945053369986127e+01
-2.894027660676930225e+01,-2.506981836508806083e+01,-2.458121027679081649e+01
-1.858978789152910238e+01,-1.631555925568944687e+01,-1.596836954889623961e+01
-2.159425089828317823e+01,-1.841429572559409067e+01,-1.644930747229892987e+01
-2.092265824457602719e+01,-1.708610494008555136e+01,-1.620937345259156714e+01
-2.755067242095508462e+01,-2.256808478594858514e+01,-2.171874082722373700e+01
-1.689444958865215796e+01,-1.586782249179095672e+01,-1.124930695811502446e+01
-1.736489884173746390e+01,-1.587009330047267142e+01,-1.171988014633106445e+01
-1.881945875151197356e+01,-1.535117043996716291e+01,-1.420777338591043559e+01
-2.185604251342092397e+01,-1.699676560312169116e+01,-1.454345595448401518e+01
-1.931028339335293609e+01,-1.830367384915008699e+01,-1.441398109677016848e+01
-1.961543058009147700e+01,-1.530412577489768466e+01,-1.107246853706073608e+01
-1.538084903753824939e+01,-1.094101935420050609e+01,-8.511624707596885386e+00
-2.141969796505564005e+01,-1.809438198014869315e+01,-1.502477309977959941e+01
-2.135079156448859550e+01,-1.950053822326476194e+01,-1.946888646280220314e+01
-2.268676016184027233e+01,-1.845716568186211504e+01,-1.437756825902219582e+01
-1.995556148232482485e+01,-1.622689144005661888e+01,-1.575765440723925259e+01
-1.671889795800524681e+01,-1.641893862740392152e+01,-1.250970701081370962e+01
-1.463047002281312636e+01,-1.167882943234153004e+01,-1.003510371516436628e+01
-1.482801175856550557e+01,-1.433245558444799705e+01,-1.148173337994469101e+01
-1.534834175838287607e+01,-1.317326758182199065e+01,-1.013103369114959307e+01
-2.043177082565824421e+01,-1.672215466625022984e+01,-1.604204356338597037e+01
-2.421643930816770762e+01,-1.997736536858370116e+01,-1.972522168495611083e+01
-1.658720445973294488e+01,-1.500925135405214483e+01,-1.410241969666118145e+01
-1.894929882433202195e+01,-1.542507175405634712e+01,-1.476119764943285162e+01
-1.512718466263131134e+01,-1.466102119625733202e+01,-1.026071801049572585e+01
-1.445932629359595367e+01,-1.080436204538710854e+01,-1.051742506857568848e+01
-1.893104123410450157e+01,-1.507668461624718859e+01,-1.287887345355005664e+01
-1.225529159885860686e+01,-9.903134602308783840e+00,-4.952082530613764355e+00
-1.182800172416073892e+01,-1.148699995116331785e+01,-6.487865522546469421e+00
-1.591249439600352389e+01,-1.098639480688968462e+01,-9.137712790312345845e+00
-1.647085192251663699e+01,-1.215530634821252320e+01,-1.198533563554206438e+01
-1.076710144901266730e+01,-9.085627813338705394e+00,-5.625106198853066175e+00
-8.404969948786362721e+00,-5.103130416162347416e+00,-5.976359646828219851e-01
-1.669245109616731426e+01,-1.198067104127154536e+01,-1.180531636512109905e+01
-1.225866031070229845e+01,-9.576835130127907547e+00,-5.768200550363832946e+00
-1.385654290937461575e+01,-1.321145738190545060e+01,-1.228453376999457802e+01
-1.235191976222311716e+01,-1.052890015738620377e+01,-9.359881752194786131e+00
-1.339405445306447362e+01,-1.139061282604899183e+01,-8.222246019812516238e+00
-1.521604525154094034e+01,-1.114842386962603626e+01,-9.117527265377502133e+00
-8.044442742255172973e+00,-4.453385217549866049e+00,-2.001328927718380335e+00
-1.656367989094960791e+01,-1.404892947390547953e+01,-1.012368309973401992e+01
-8.110844533384319988e+00,-3.978578981397633996e+00,-7.486071865428023386e-02
-1.159091845019376699e+01,-9.057865764472968095e+00,-7.131960449881843189e+00
-1.525076242212944955e+01,-1.373460876149017906e+01,-1.039404449733311253e+01
-1.300369283220780403e+01,-1.119630562891674330e+01,-1.022345927378730579e+01
-1.057584345376757895e+01,-8.456994604729992204e+00,-6.621843934908495655e+00
-1.384951495633285390e+01,-1.137567194572153895e+01,-9.981700225407379889e+00
-1.252147561275543630e+01,-9.146669388950652291e+00,-6.208812217660997668e+00
-1.847614262771583782e+01,-1.393338504551217838e+01,-1.094823536643465900e+01
-8.959531200415501218e+00,-4.320939307102202420e+00,-6.806082001331414943e-02
-1.072646635926872882e+01,-6.362354149170969642e+00,-5.321455755736135274e+00
-7.262203975274295509e+00,-3.446290098268570024e+00,1.502971908369068021e+00
-7.040215790906017901e+00,-3.129000207925782373e+00,-1.262468767363278399e+00
-1.212447761679073110e+01,-7.829730564507063839e+00,-3.749182395866937689e+00
-6.056638066124481412e+00,-5.438911665429582598e+00,-1.798201109174580203e+00
-8.822957649645699618e-01,1.431219212251969353e+00,2.396647825561875500e+00
-2.317713672370251832e+00,-1.505290129419443623e+00,-6.347539713012261275e-01
-6.917796595003386173e+00,-4.014159513676359481e+00,-3.826703091054933115e+00
-1.038812365307753893e+01,-5.584867329624925603e+00,-1.549954140008426684e+00
-5.508669924963763620e+00,-3.682490066831148656e+00,-3.000531756583698861e+00
-6.100222371328536397e+00,-2.447541806304100565e+00,-1.441795094494708884e-01
-6.674635476415730295e+00,-2.341208615140879079e+00,1.163002920319757383e+00
-7.253569154250056883e+00,-5.058076000177613274e+00,-4.645034229236352452e+00
-9.008690169602047604e+00,-4.303438010302489403e+00,-9.006184558551182384e-01
-2.543771713474996865e+00,-6.949210228209690143e-01,2.089619208072035494e+00
6.545065818415958248e-01,4.484556612759389438e+00,4.774420048655903415e+00
2.652011310616765982e+00,3.439936667244796187e+00,6.558594970156736537e+00
-5.790588461207994087e+00,-1.116186549931717620e+00,1.883882147357770487e+00
3.870649220221961118e-01,6.747626558358371662e-01,2.826393742978985379e+00
-2.559462509137437891e-01,2.456746491530298115e+00,4.108871607563654216e+00
1.623137893963257916e+00,3.993268910407678618e+00,7.410692697465455225e+00
1.232669709330721286e+00,2.208979091169907427e+00,5.163513821934698989e+00
-1.236633198403810141e+00,3.364151573308326704e+00,5.787872110289919547e+00
-3.793864633881812054e+00,-1.496901394348399972e+00,3.190107912913881183e+00
1.275761149834945929e+00,4.619070959488387196e+00,7.979002327167030728e+00
-5.378363359711408886e-01,9.004745276150798450e-01,3.446469617435309551e+00
2.323871744046249521e+00,4.585320283964618326e+00,5.368392630036820989e+00
7.912286669136046058e-01,5.399991051975334244e+00,9.351626115969477127e+00
-6.678574355524179440e-01,-4.727859584911557889e-01,1.520025616470421781e+00
7.794038818133622870e-01,1.601778659934889104e+00,4.274878226889681443e+00
-1.797709027324820852e+00,8.638798500940136904e-01,1.863708590919058050e+00
2.318024344671689718e-01,4.315316246506671227e+00,5.391491325441792881e+00
1.080171717130741449e+00,5.277415328534019068e+00,5.414298302965072196e+00
-4.933579625602506624e-01,4.272736447398395754e+00,4.998693996645338977e+00
4.676339799569719347e+00,7.073793400175706125e+00,7.533655591806807550e+00
4.823905766920302263e+00,9.666679343435111704e+00,1.216302049119441264e+01
5.681429049789459285e-01,5.054407660854267625e+00,8.520148632221202334e+00
2.464155746324388829e+00,3.219147591912926654e+00,4.383349829395321251e+00
-7.231848131734361473e+00,-2.721059007021385590e+00,-1.452937788336115865e+00
4.388432591620945011e+00,4.930533847538744574e+00,7.257049363242138007e+00
-2.856586911172242615e+00,1.894920212234162626e+00,3.470576537186354393e+00
-2.255122537887006118e+00,2.681022681681716868e+00,3.639875680291570603e+00
9.549923574113558189e+00,1.160317659420628900e+01,1.282092806135438323e+01
5.591287254242363502e+00,1.021147921493075650e+01,1.169770711793570683e+01
6.184965061795679730e+00,8.937910331884381776e+00,9.782943285515967702e+00
-8.465659091549309068e-01,2.403607749458275933e+00,5.154130883983667033e+00
2.405272707818107758e+00,3.541219739604378969e+00,8.081548339721917884e+00
6.810298561557297958e+00,7.075136293824491496e+00,8.619427161168854212e+00
4.206924256111951976e+00,5.047434741762481636e+00,5.641684981392048215e+00
7.377546328542540444e+00,9.082919205872446611e+00,1.375426624003803688e+01
1.090641943213591603e+01,1.103572858747402030e+01,1.483236314506062214e+01
2.290366383204780476e+00,3.565045518806182478e+00,3.584913898393782272e+00
4.521145505232962769e+00,8.631103673611175253e+00,1.260593487042518213e+01
9.237330770532148350e+00,1.028806076577898665e+01,1.119530922249844629e+01
2.096538224400976702e+00,5.831863948802419095e+00,1.014829942882325753e+01
6.467489596405251007e+00,1.076647887651635749e+01,1.252880850786218048e+01
6.219731301026174108e+00,7.715591024896610861e+00,1.181299145573973775e+01
5.059453014323190168e+00,7.572071131656556098e+00,8.998456386700237175e+00
3.943119590678167974e+00,4.097730143941444858e+00,4.809935792705224422e+00
5.443751583514776726e+00,9.384593644576318283e+00,1.356826367478567263e+01
1.170798755796120716e+01,1.308187066706144641e+01,1.794408441317868963e+01
2.233154058955806764e+00,5.814942006126798013e+00,6.884547935962613607e+00
1.163903403783983848e+01,1.237498444984975521e+01,1.628965487095130982e+01
1.070612776340667871e+00,5.883511247923228105e+00,8.570304481347832848e+00
1.325360392126166253e+01,1.348197741538323946e+01,1.490725111020977423e+01
1.266447797682557308e+01,1.477438708422108959e+01,1.733975826343451487e+01
9.981043764811273533e+00,1.187335098672307332e+01,1.218518636053651427e+01
9.021745420141263239e+00,9.534477150940940504e+00,1.268536549943699221e+01
9.512613006861922571e+00,1.253614450994026264e+01,1.653484757005488959e+01
1.077252994503564665e+01,1.448143140557225550e+01,1.547712496372855284e+01
1.293114749188114132e+01,1.455492809647203423e+01,1.832356011070082502e+01
8.258261593132154132e+00,8.959469156991985983e+00,1.265851821352906015e+01
1.014686842605139461e+01,1.193157942422465645e+01,1.427175100957405540e+01
1.185647879071928479e+01,1.498353593013318985e+01,1.660162006338703122e+01
1.538162311211605981e+01,1.796881591637528786e+01,2.157118720134308987e+01
1.281921752219945176e+01,1.665985256687676497e+01,1.751271963104897011e+01
1.493981426004073576e+01,1.524441160238378146e+01,1.867843413931100827e+01
3.389260303682799069e+00,4.918830145100086426e+00,7.009655316339250319e+00
4.878887576688390126e+00,8.447870937280374193e+00,1.233646167360671342e+01
1.501533050946719428e+01,1.536595801562844876e+01,1.931166658724975704e+01
8.347232709139042584e+00,1.001262620702464545e+01,1.225183835039656088e+01
1.635348015161872581e+01,1.955664732071407741e+01,2.022202884813349399e+01
1.310806173354636428e+01,1.594468393083622537e+01,1.622017745114128218e+01
1.349107697909641246e+01,1.781501540415432316e+01,2.244758949541084547e+01
1.265725543121146757e+01,1.749297348488829229e+01,1.763732292401265767e+01
7.111226146486022692e+00,1.011475061188416014e+01,1.507825400429047491e+01
9.843799340994266345e+00,1.314964440782306454e+01,1.570569717104678098e+01
1.152555160350580898e+01,1.230355969055907828e+01,1.713340018286816502e+01
9.610644202877860920e+00,1.422238085558165466e+01,1.716723755915290539e+01
7.011292967720696545e+00,1.147525817593489350e+01,1.444877528208870032e+01
9.904313818150335180e+00,1.209583186122832821e+01,1.223431454157660347e+01
9.063685838956178742e+00,1.189458878742093084e+01,1.250800930695362823e+01
1.536306387664622619e+01,1.774673774456044129e+01,2.231113211456336742e+01
4.450272865086227547e+00,7.036435276064997524e+00,9.180962983971021174e+00
1.098389541532906577e+01,1.146802214713983759e+01,1.611113950947819262e+01
9.814908667823004862e+00,1.312687059394546907e+01,1.592101692083005382e+01
1.344316001065666022e+01,1.475457658401631988e+01,1.731310234609033927e+01
1.350943718921686099e+01,1.778409734220092275e+01,1.981238815689377120e+01
7.220163353764577963e+00,1.020411329746502460e+01,1.356143676557450206e+01
1.178833671594969701e+01,1.298217436893056664e+01,1.484936905870834423e+01
1.228547350762997681e+01,1.396379786293975300e+01,1.471341479720327072e+01
1.112517969647949911e+01,1.506079531892313206e+01,1.826277207389327017e+01
1.810051341336166786e+01,2.024561456985506425e+01,2.186370399480478710e+01
1.040433269037367658e+01,1.122466373226559355e+01,1.489939279038372177e+01
9.110131532918810393e+00,1.231610751825504835e+01,1.541348146534540575e+01
4.330435634231632136e+00,9.142917498165008539e+00,1.403632127859631851e+01
7.646490358748716076e+00,1.226513526257158304e+01,1.333675415002132070e+01
1.463314818539790352e+01,1.495438383426554196e+01,1.825272620810966373e+01
1.382426700019345134e+01,1.624774800086306215e+01,1.769229204741675687e+01
1.067996880401511994e+01,1.170518300426086888e+01,1.434865118238585424e+01
1.060092192486860441e+01,1.268951867552982016e+01,1.651625367983285742e+01
1.014422510718127768e+01,1.384353016713684958e+01,1.474777245878812160e+01
1.408066040841430500e+01,1.453818312582319372e+01,1.597398649084277267e+01
1.534048777703477917e+01,1.790444284694562072e+01,2.164340201087667026e+01
8.764675850797427614e+00,1.309092016357607946e+01,1.397390569229326296e+01
1.234421609906066308e+01,1.340282126540920871e+01,1.553261657315645827e+01
1.306796495800901958e+01,1.458846241409626998e+01,1.574034188293180136e+01
5.690176455584689208e+00,9.961426626278282015e+00,1.337933167183254568e+01
1.251428627628686208e+01,1.341649608891598433e+01,1.531859106765175227e+01
1.021127816217130757e+01,1.371210803775421816e+01,1.528586595444081198e+01
1.113847126467049620e+01,1.136528811390425986e+01,1.439438669133734017e+01
1.228290411547953020e+01,1.270209607083773307e+01,1.665693514289824861e+01
8.250853377219410589e+00,1.104721210506840734e+01,1.378483329913267141e+01
9.662058050155490463e+00,1.263573912364900664e+01,1.496491423404891208e+01
1.378521623951146147e+01,1.496432917785921113e+01,1.903163618225475417e+01
1.062752016136852440e+01,1.255322722674346458e+01,1.667921556387697279e+01
1.347832402223660786e+01,1.575977372232499718e+01,1.661887527137390208e+01
6.763769849608120666e+00,8.841658786083383958e+00,1.256802345370361707e+01
1.256325976927722898e+01,1.620175149154014349e+01,1.848574671549617676e+01
1.417805801034480417e+01,1.533755563148329948e+01,1.993281295888185056e+01
9.619718105120442786e+00,1.049558625364273112e+01,1.077860268607578931e+01
1.169713109909173099e+01,1.465579677595978225e+01,1.717651574804407844e+01
1.316281551412263617e+01,1.575107198865162239e+01,1.863962644212886843e+01
3.914096016455204108e-04,2.697836620714026523e+00,3.232014121905718795e+00
7.120335071920155912e+00,1.179457556402474161e+01,1.290580826331494890e+01
1.090936924670998387e+01,1.188671898772966173e+01,1.326292070475052398e+01
1.391150120301420756e+01,1.543126132910172998e+01,1.552155558531296364e+01
3.183195658091376501e+00,6.109799359535722729e+00,8.306017340457742648e+00
7.614851944658603600e+00,1.208593949762741104e+01,1.261331864977115558e+01
2.557712413593481671e+00,2.774635735573628637e+00,4.966441258245368751e+00
5.698446890313920044e+00,1.008143439593247770e+01,1.470257579885493371e+01
-4.167977780057183779e+00,8.206167834313564668e-01,2.929554655121717310e+00
7.894197423952126869e+00,1.163506539777844040e+01,1.215547772301105667e+01
8.069404080137692503e+00,1.029171379649116425e+01,1.463040855945310170e+01
1.045923176220399320e+01,1.452303287686580191e+01,1.573558681995778308e+01
6.202049068787941266e+00,7.538178402671510625e+00,9.455491028833829859e+00
1.064422197804172399e+01,1.352776410520302974e+01,1.518747346538869181e+01
7.127331316115846249e+00,8.678511715388282255e+00,1.213888958690843012e+01
8.758470874170395604e+00,1.087233500943873032e+01,1.280767379345445178e+01
8.608520298791551006e-01,3.572307814430379480e+00,6.320497103958160778e+00
2.227312722265648137e+00,5.696968494006373618e+00,7.789266541294958657e+00
4.754646884070707458e+00,9.287934386635511075e+00,1.198660864976650586e+01
5.549111183205963194e+00,7.935456669943776298e+00,9.795867172938351075e+00
3.150682631247997634e+00,4.861062760490653112e+00,5.038441314924474668e+00
3.670977625798186317e+00,8.342991308310576670e+00,1.289308703848573678e+01
5.456952535219880218e+00,6.805886882868248833e+00,9.432389537831687321e+00
3.117963414763509356e+00,6.036724107745753187e+00,8.028028932885854729e+00
-5.427107733584145777e+00,-1.969186176488207707e+00,-8.913015821321021992e-01
1.639658650215745084e-01,2.313424762980693217e+00,6.265833466560712495e+00
-9.217649346119780596e-01,3.279541837716829722e+00,7.094541832528152625e+00
5.029462002323429992e+00,5.724862798150230248e+00,6.477768729571546480e+00
5.435492105214279945e+00,7.771634456813963254e+00,9.313817255911988724e+00
4.071793422670761053e+00,5.290388771063637918e+00,5.950834745831388162e+00
6.949857360326409328e+00,8.013182246537407849e+00,8.945105713016733517e+00
1.116866335471355143e+01,1.227877160402481671e+01,1.607679226783202253e+01
4.388558886994004204e+00,5.885315906815609566e+00,9.534129128485089311e+00
-2.999697558949032672e+00,9.113720778707699033e-01,3.002800352079898705e+00
-3.129648369770541283e-01,1.346854027272960330e+00,1.622389277862618773e+00
-2.837766060393949630e+00,1.610218957136155149e+00,6.602303611494338753e+00
-4.637333466188919839e-02,7.232236424554052689e-01,1.073992623664371315e+00
-1.342663568254311102e+00,1.335022267449446076e+00,4.563255111471291592e+00
-7.842700964633799288e+00,-5.292614467253081045e+00,-5.135157316367191527e+00
-2.806416936263461004e+00,1.944600066864288657e+00,5.594805809606731017e+00
-1.201401616492596691e+00,7.245007853030079881e-01,3.362018764013491534e+00
-1.312217625467027204e+01,-9.823764121248858672e+00,-7.233353690484474185e+00
-1.597795499026810395e+00,1.826626016891941040e+00,3.501324254512562018e+00
-2.710583229666468696e+00,-7.214167010991041629e-01,1.438508917007828458e+00
-6.069632586429637655e+00,-4.852615461668289498e+00,-2.076078140632639180e+00
2.324607950122913103e+00,2.926942536677414441e+00,6.261757704684953296e+00
-5.010195745064764061e+00,-6.535720273470736474e-01,2.221833541665611644e+00
-1.530113729066158168e+00,2.748686693979271123e+00,6.808102686916500446e+00
-4.643851037200751541e+00,-3.227940109822629910e+00,1.149931018457471144e+00
-2.912206387198402524e+00,-1.879999525157801665e+00,3.014546152183881667e+00
3.439732429860313800e-01,4.577922072199628545e+00,6.822265400180738126e+00
-4.097161214859024181e-01,1.255355973230936062e+00,5.525119362450876537e+00
-1.218661751270487947e+01,-9.411961768157247832e+00,-8.703496612531107957e+00
-2.305289999211206364e-01,1.009588837757120494e-01,4.544162758173460048e+00
-7.884542208136965158e+00,-7.384149384193772647e+00,-2.457867589974553013e+00
-5.028323982576313966e+00,-4.574460907208409033e+00,1.318401944933880188e-01
-5.711714358135078662e+00,-3.048441474664380202e+00,-6.988687774529180885e-01
-4.975916851654203832e+00,-1.603278215286088493e+00,4.050123904404636654e-01
-2.823742395022804885e+00,-2.503586185448559931e+00,-1.028738517287570930e+00
-1.079045693956985907e+01,-6.817295086222726397e+00,-2.019772090485297156e+00
-5.740487153128246867e+00,-3.854335428999435376e+00,-8.508778322330985411e-01
-1.016358493385486383e+01,-8.072766188312352043e+00,-7.186606713796966694e+00
-7.227267228297492352e+00,-3.686682813340204756e+00,2.766481373974056801e-01
-3.951593239685663228e+00,-1.442680499887405432e-01,6.088543756559372522e-01
-1.032845111500966340e+01,-7.208265279672052550e+00,-5.491123584616022235e+00
-4.855341499278114092e+00,-5.684054429226277350e-01,1.186203744746323618e+00
-9.266558885180323557e+00,-7.463127565047676271e+00,-4.502904976933205461e+00
-6.847717087392736879e+00,-6.302899239962632016e+00,-6.202931492956424542e+00
-1.099410751712398060e+01,-1.084202203034423206e+01,-9.208683922536883060e+00
-8.429389038907352472e+00,-5.065663683153557528e+00,-3.921073014220879394e+00
-1.364593585834434109e+01,-1.136121813343828180e+01,-9.841338735667100934e+00
-1.104224905698868220e+01,-9.384472303280507077e+00,-4.724498030445038133e+00
-7.114306663178172840e+00,-3.343702677636390064e+00,-2.257103198042525349e+00
-1.142354479030841752e+01,-7.334796297365439699e+00,-3.939034226809253525e+00
-9.509141444081862460e+00,-8.029010941704566306e+00,-5.097427709060878165e+00
-1.363303532241721427e+01,-9.408538416074220478e+00,-4.454832308203464208e+00
-1.241581561271842915e+01,-1.234622780887470483e+01,-1.014667116369425237e+01
-9.405390209081707198e+00,-7.767665631704340434e+00,-7.477459795880125881e+00
-1.873609023303610144e+01,-1.490901391234345041e+01,-1.317287031945966369e+01
-1.415078736495781087e+01,-1.093929411259379769e+01,-9.014940696567492751e+00
-1.316990395594812746e+01,-8.842452024207615224e+00,-8.836101315888418739e+00
-9.777307433672685733e+00,-9.494895833919073880e+00,-7.638917043510222271e+00
-1.662262275540980383e+01,-1.579880050897055632e+01,-1.110010620034942974e+01
-1.538792982646619301e+01,-1.506162149228893021e+01,-1.351316244956552026e+01
-1.138812144625380895e+01,-1.095018741654919125e+01,-9.644553772699284266e+00
-1.346636072596976774e+01,-1.332666065840334824e+01,-9.236203622181543338e+00
-1.823095145919882754e+01,-1.354622452661888943e+01,-1.285715028577254593e+01
-1.481949002473202448e+01,-1.375425987563457930e+01,-1.352519813313197972e+01
-2.186046888664027321e+01,-2.118044007184036559e+01,-1.880001858743547416e+01
-1.296525499844246809e+01,-1.114269999783210530e+01,-1.060382540756885561e+01
-1.919652272011893501e+01,-1.596824056035220885e+01,-1.191712418744997493e+01
-1.535352510485160415e+01,-1.326196299721592808e+01,-1.249930575726224191e+01
-2.251040853230322369e+01,-2.055846919656362459e+01,-1.689014306926687681e+01
-1.469718999620123157e+01,-1.345783773120836457e+01,-8.783440498736048596e+00
-1.316708443721609889e+01,-1.194725122703512454e+01,-7.864214989834157343e+00
-2.219134279342382854e+01,-1.734292756484196829e+01,-1.674870010721625135e+01
-1.287350477847233776e+01,-8.432717669855493980e+00,-4.035012049861380845e+00
-1.639064552714615886e+01,-1.148063108825275691e+01,-6.492212957439454257e+00
-1.541964905703777511e+01,-1.145328504837128492e+01,-7.801514757854453919e+00
-1.754024004461114572e+01,-1.476340790408248083e+01,-1.013274634662711016e+01
-1.940276133058412000e+01,-1.671796481133251078e+01,-1.594156069222239580e+01
-1.919219434295503746e+01,-1.568893963280525661e+01,-1.516821539153411003e+01
-1.434091667347619747e+01,-1.169503378345179812e+01,-1.026850030183237727e+01
-2.094751139250423932e+01,-1.817905141858924267e+01,-1.441265706024180204e+01
-2.271089443428972743e+01,-1.774616518084599903e+01,-1.539609443814557999e+01
-1.802865564023156608e+01,-1.501458383953708697e+01,-1.283937935200734337e+01
-1.811256245781586927e+01,-1.365526676382842552e+01,-1.316037723264492953e+01
-2.147884026794520551e+01,-1.703995605359543219e+01,-1.666930971438401343e+01
-1.759537467329546345e+01,-1.733706822735781827e+01,-1.317655353711014676e+01
-1.777118397428167285e+01,-1.544718264636392746e+01,-1.486598388930454107e+01
-1.707779460544431771e+01,-1.590990914364230768e+01,-1.318713068600492555e+01
-1.059665208513300705e+01,-1.025003503346240308e+01,-6.275801279154009649e+00
-2.294219581173591749e+01,-2.063953990221432733e+01,-1.680908678966065750e+01
-2.280120199931261737e+01,-1.818304795577334687e+01,-1.360336441220377246e+01
-1.848849523308081899e+01,-1.829410592602505758e+01,-1.404070216341634847e+01
-2.554533918808065351e+01,-2.284888361545300839e+01,-2.197913168013680973e+01
-2.574311554253091927e+01,-2.181006902793740210e+01,-2.160791639134597730e+01
-1.849226603281409353e+01,-1.776202265341886033e+01,-1.435577228781098214e+01
-1.215578531593966893e+01,-9.903704508748610635e+00,-6.946881348950295632e+00
-2.017232866603637831e+01,-1.780573792348762296e+01,-1.548566699926541013e+01
-2.357082206985618100e+01,-1.859242640248241685e+01,-1.646154290470687442e+01
-2.127831114936773460e+01,-2.103425775292527788e+01,-2.067773950069013722e+01
-2.726525445013967541e+01,-2.254845899791847685e+01,-2.080954914192497895e+01
-2.336991244315125371e+01,-2.051506514575260098e+01,-2.012282502581442856e+01
-1.911299330595487334e+01,-1.635602638775600326e+01,-1.603812081499009423e+01
-2.397380217413083514e+01,-2.018873030382449230e+01,-1.893426844412816124e+01
-2.109484565143377210e+01,-1.628080005478685521e+01,-1.148609753070691397e+01
-1.875568678938601153e+01,-1.563999345258049800e+01,-1.257826076581103969e+01
-1.777504908748587553e+01,-1.679001936307229315e+01,-1.673555470130909129e+01
-1.914240275618758602e+01,-1.835270143586750180e+01,-1.423432517679077414e+01
-2.226346447947294394e+01,-2.018700585333101216e+01,-1.950382236240043454e+01
-1.963413023075457176e+01,-1.748350655810161669e+01,-1.604646529209324157e+01
-2.835134296676213594e+01,-2.461897990364235866e+01,-2.069626622469045429e+01
-2.458081858182018209e+01,-2.109184893663189087e+01,-1.776980578832946023e+01
-2.086475512812445032e+01,-1.680043226104181997e+01,-1.623196039799652368e+01
-2.190474340851643476e+01,-2.000929322448952874e+01,-1.904721650577039327e+01
-2.569395018997629876e+01,-2.331464214224953579e+01,-2.079450240945575246e+01
-2.965491094822152007e+01,-2.739806115416485000e+01,-2.305216452911027858e+01
-2.595102420013794742e+01,-2.398399507219050975e+01,-2.388491272680164457e+01
-2.035168072848289356e+01,-1.881871085527119547e+01,-1.520897750728450859e+01
-2.900587717911623997e+01,-2.416410594203402695e+01,-1.944434439098052891e+01
-2.572856521792780882e+01,-2.444625162736184620e+01,-2.394777285309682568e+01
-2.260035498814447052e+01,-1.854325643827112202e+01,-1.526794216560998230e+01
-2.615734714073466449e+01,-2.298472128741601850e+01,-2.071404750493370983e+01
-2.180015655003316155e+01,-2.141138821464118180e+01,-2.010954118637605603e+01
-2.452505687856053029e+01,-2.269054088035399630e+01,-1.836184273642523834e+01
-2.714628329341216784e+01,-2.311652704116630019e+01,-2.266707148118336690e+01
-2.099948375531428724e+01,-1.966304418191276682e+01,-1.539133175161342137e+01
-2.770520332720025181e+01,-2.413721926161087339e+01,-2.385928539555621342e+01
-2.373780239416352700e+01,-2.365258651038827153e+01,-1.944322100335529058e+01
-2.657978212728025369e+01,-2.516510336195882758e+01,-2.169296402021376480e+01
-2.320543896578138998e+01,-2.254937000949541215e+01,-2.207194910615248418e+01
-2.885630410488253617e+01,-2.430064979060474428e+01,-1.933778127905805633e+01
-2.368648083683366679e+01,-2.214865214755236877e+01,-1.875295247791686393e+01
-2.144600326560076908e+01,-1.994073303471656544e+01,-1.554497496387745947e+01
-1.938450365184240809e+01,-1.874287351225247633e+01,-1.392706594479050963e+01
-2.438953858525728435e+01,-2.216529457141965054e+01,-1.788503798514363652e+01
-2.918309144032136970e+01,-2.428215325716483264e+01,-1.942199738106927498e+01
-2.257687807577909211e+01,-2.151564631086380786e+01,-2.002445870725435029e+01
-2.231513666227697712e+01,-1.734243360802368983e+01,-1.492200722515471867e+01
-2.317551643502535441e+01,-2.146607157043529313e+01,-1.674716672568267484e+01
-3.256673030304200012e+01,-2.927753993338268046e+01,-2.588331058009193697e+01
-2.317554159001706893e+01,-1.914070604015316945e+01,-1.848912890493857830e+01
-2.008003268186837431e+01,-1.743040352308508290e+01,-1.467190667012659766e+01
-2.943379729738183670e+01,-2.481693012945284238e+01,-2.233459050879089602e+01
-2.043772493421676373e+01,-1.595894464291780857e+01,-1.592213673611740532e+01
-2.199754513418954716e+01,-1.846322583634110970e+01,-1.405003998613642224e+01
-1.972602458355517996e+01,-1.666451012161358847e+01,-1.294800985425580642e+01
-1.917840880321566388e+01,-1.889742830304014731e+01,-1.494385962344276209e+01
-2.250413454791428691e+01,-1.995125658085266096e+01,-1.626781502450442929e+01
-2.204755698881677972e+01,-1.805281950877564867e+01,-1.309162819874230266e+01
-1.608709393447611902e+01,-1.309485353204480163e+01,-1.064879986986025884e+01
-2.180780401629079535e+01,-1.897297670660489288e+01,-1.702722662365362183e+01
-2.147364633435874381e+01,-1.809631781113754556e+01,-1.605601560644404557e+01
-2.095490567196044651e+01,-1.696026435636264296e+01,-1.579870238904863022e+01
-2.157374638788776622e+01,-1.767896373420677847e+01,-1.632500668400360766e+01
-1.999950307919979764e+01,-1.851268179005197823e+01,-1.447143694881879838e+01
-1.975490114318964530e+01,-1.943210887356378080e+01,-1.907524685046548996e+01
-1.825609261034719921e+01,-1.538401835625328751e+01,-1.456640772846944820e+01
-2.076314763411111386e+01,-1.896365464735507800e+01,-1.830673790020794200e+01
-1.611947733703514984e+01,-1.597931509180586573e+01,-1.360763402777131859e+01
-2.761980422415444636e+01,-2.329550248643893084e+01,-2.272518675718263381e+01
-1.965690285733828446e+01,-1.751149268609134069e+01,-1.290225870086465854e+01
-2.651149159952722201e+01,-2.621087173989867125e+01,-2.410648086860700801e+01
-2.450371381025408368e+01,-2.199420020834311629e+01,-1.922287055982019055e+01
-2.105810244111412288e+01,-1.834245797394459032e+01,-1.461804057278097169e+01
-2.346193448389257341e+01,-1.927194795944455663e+01,-1.876916026651847602e+01
-1.585988223881372505e+01,-1.437845707172002463e+01,-1.221983321665066313e+01
-1.953927385048160659e+01,-1.517522728785501940e+01,-1.203719479301306272e+01
-1.848289773168480110e+01,-1.614375018524123107e+01,-1.120466028662142399e+01
-1.703849267416065771e+01,-1.473852834489890462e+01,-1.096869306827267287e+01
-2.000479765408449140e+01,-1.666071562871016809e+01,-1.399517864499613573e+01
-1.883255157805751878e+01,-1.667231207181675856e+01,-1.375951305263623681e+01
-1.588630248232019326e+01,-1.302163982672029441e+01,-1.147739437238438676e+01
-1.213952144189277682e+01,-1.098146134204066549e+01,-7.299399681864048972e+00
-2.052818488146313314e+01,-1.632691216312619886e+01,-1.625833794651599717e+01
-1.404502154472351627e+01,-1.362527782935339715e+01,-1.127866493309765872e+01
-1.764380617333559087e+01,-1.335214146770742971e+01,-1.176006566368353567e+01
-1.537456370031929076e+01,-1.220682259837691852e+01,-1.208735454888771521e+01
-1.369597841306395836e+01,-1.107443580994417509e+01,-8.683842013442099272e+00
-2.252057318726206248e+01,-1.832584988806085136e+01,-1.606269252212806720e+01
-1.444312775264799598e+01,-1.296030857093081856e+01,-8.887254260646489712e+00
-1.272270043304567899e+01,-9.848445429638319482e+00,-6.827818770538392812e+00
-1.718573019790274969e+01,-1.425407411137553026e+01,-1.286387927746244308e+01
-1.829458030696945059e+01,-1.455601330409823646e+01,-1.199019744925416653e+01
-1.537602703657544723e+01,-1.458486053635377111e+01,-1.321903861128781443e+01
-1.888640022286897491e+01,-1.428739508902393673e+01,-1.040457629527648287e+01
-1.880728525802570417e+01,-1.409095584672841639e+01,-1.091475173060561410e+01
-1.337528547278528990e+01,-1.223066670595729910e+01,-1.215645712794008837e+01
-1.459511144657239434e+01,-1.030654037356400110e+01,-5.455324732006251232e+00
-1.327746754875856716e+01,-1.252859717496525249e+01,-8.934419052834902786e+00
-1.421645643832359518e+01,-1.001085495798251301e+01,-9.751318355322059261e+00
-1.464126651064371742e+01,-1.132997801521438141e+01,-8.002529375743218765e+00
-1.017684572832901324e+01,-5.276947708841105644e+00,-3.600383183048138314e+00
-1.683853131421416549e+01,-1.207398835424400652e+01,-7.697781600883740083e+00
-7.833218801479953974e+00,-7.500203625192884083e+00,-7.237025671882821420e+00
-1.312275532358434660e+01,-1.139723323680505374e+01,-9.299962146650731398e+00
-1.055577579347100858e+01,-1.033058348903598400e+01,-6.974838736422258378e+00
-1.221751161207735947e+01,-1.203156156000786581e+01,-1.123321409439122931e+01
-1.178811911226929787e+01,-1.118873215565065493e+01,-8.922152932726906016e+00
-1.211766678182659263e+01,-1.180888733986409456e+01,-9.304761823572468060e+00
-1.474798197908815922e+01,-1.118505461549679403e+01,-1.109994022732904817e+01
-1.579540881468081892e+01,-1.140483280136282573e+01,-9.939025547783710834e+00
-8.845386434459859615e+00,-5.461978445808840732e+00,-4.966884829488030562e+00
-1.090949442796181046e+01,-7.321621642974334598e+00,-3.899684242317155380e+00
-9.226096092643386370e+00,-7.276246823836334698e+00,-4.464914309523656755e+00
-1.255533865531166349e+01,-9.674704793669523184e+00,-5.000728024240516767e+00
-7.755959290567926878e+00,-6.589286282293385533e+00,-4.650635634938383944e+00
-6.931734342124769910e+00,-6.267664860458426190e+00,-2.247962270182265243e+00
-1.069937315788090260e+01,-7.583167378370241352e+00,-2.611092523691618261e+00
-1.104956787293440890e+01,-9.891012478032731536e+00,-6.861358685322033857e+00
-1.201485359070565906e+01,-9.941724016585421708e+00,-6.201393597821757808e+00
-5.573825590282009301e+00,-4.168660426205851088e+00,-6.772277858102118131e-01
-1.777942764312010482e+00,-8.226361783713098674e-01,-4.059741371537423094e-01
-8.714135833322403712e+00,-6.091086111659945956e+00,-5.933584569527790009e+00
-8.740734328379854645e+00,-5.608065586384316070e+00,-2.175359882150539992e+00
-7.860112431687139356e+00,-5.535966545849707821e+00,-4.632741277253767720e+00
-5.146955436858196009e+00,-2.556252932546683176e+00,-5.175031285437681206e-02
-9.981082782362106443e+00,-6.646794496892407977e+00,-4.152788325249305856e+00
-3.701573279476082501e+00,-5.423316202699663968e-01,2.242982599499294682e+00
-7.414700544964659912e+00,-2.838077848302518635e+00,-1.908837172306025343e+00
-4.411513147021800307e+00,-1.363879838918454990e+00,-7.291827763389315820e-01
-1.415400341835102882e+00,-1.242083440593805710e+00,1.536691641649464257e+00
-2.183054671938732927e+00,5.562561743493641409e-01,1.774542510250840310e+00
-4.629803562038913078e+00,-3.294470084305522573e+00,2.403565032281695935e-01
-6.426472214375491987e+00,-3.633772426328031102e+00,-1.910852381068700367e+00
-7.439919593903278283e+00,-4.997657535051109434e+00,-3.501666039693240862e-02
-8.830507211288212588e+00,-3.972255675159192645e+00,7.700738078001010400e-01
-1.751981271294236864e+00,6.900106206190919078e-01,4.954973927116385291e+00
-7.847048498399932015e+00,-5.610040187632911568e+00,-1.548904986985716548e+00
-2.243768240657663338e+00,9.217014531252325504e-01,4.984845191459536196e+00
-1.716460090432605279e+00,-8.378615089588423714e-01,3.699522588565314685e+00
-1.640737214997209925e+00,2.855795878909882290e+00,3.925362783491499918e+00
-5.705701937632181142e+00,-2.106216670979804029e+00,-2.317257160062480281e-01
-1.219323922407585803e+00,6.346776550405570649e-01,4.237809414149328546e+00
9.897297191613820821e-01,4.361181964193941774e+00,9.235503639290513433e+00
-1.990437993809570649e-01,2.079316567639558411e+00,5.026374086387098039e+00
-1.259199512423913703e+00,7.014238524182068168e-01,4.779673655749494543e+00
7.948289364675793500e-01,4.771680728924239112e+00,7.497417846182484524e+00
-9.246702599666537736e+00,-4.298687165006715105e+00,-1.442969037346037542e+00
2.912194163212644238e+00,4.517482256559736342e+00,4.918436003397241407e+00
-3.316045603667968855e+00,-2.587560161669849812e+00,2.069624090592416366e+00
8.361071439359828439e-01,4.224970084970802731e+00,7.089480994361380795e+00
2.780064943004771472e+00,6.045379507918893225e+00,9.796959980150520053e+00
2.162663889741140544e+00,4.044804556393435391e+00,8.666165960966139892e+00
4.212084210148545615e-01,3.399206538441724934e+00,4.223051370962394024e+00
1.127880951735891646e+00,4.438824711769029818e+00,5.252578133521767612e+00
5.919935593169871169e+00,8.673701666810863742e+00,1.266410938866724223e+01
-2.722987741832308295e+00,9.841195736268932848e-01,3.184498178327701545e+00
2.570121882312025097e+00,4.330672498759708056e+00,8.413541937011263627e+00
-5.084544738499984007e+00,-1.003018728957802530e+00,-7.346066076888958518e-01
4.387913428801930138e+00,6.035170639171221652e+00,9.186277671915563658e+00
1.146614699861626896e+00,3.800179643311428546e+00,5.210890843491071678e+00
2.955722317253965503e+00,5.232072139792746768e+00,5.740469072395089967e+00
3.219996922228802738e+00,5.075695291687635446e+00,7.106341180164315041e+00
7.757074325229581291e+00,1.080416715303531561e+01,1.244837552334011477e+01
3.116576972301063897e+00,7.660028698663954749e+00,8.005266745973095510e+00
2.037631811633612511e+00,4.369041405380828635e+00,5.641408799099492555e+00
4.048433164874349899e-01,4.998736540719407095e+00,7.651803297446636343e+00
5.464444523318164215e+00,5.847610328032992300e+00,7.443337671634649766e+00
5.530330983720141091e+00,6.692059497338780361e+00,8.007392408309680576e+00
3.939043899998839748e+00,7.729365561694845788e+00,9.363491938447547014e+00
5.017830390305329402e+00,6.210725265500322223e+00,7.435712136610861833e+00
5.686456423223824608e+00,8.810843461051309333e+00,9.286793922573338023e+00
1.406256493898473181e+00,4.794317797954363414e+00,7.374318241647193517e+00
6.970377553652734370e+00,8.726803929431167006e+00,1.128644563019755331e+01
4.551436597207230150e+00,8.009569685151147311e+00,8.807770081814453533e+00
8.621334627350146107e+00,1.038882483498954734e+01,1.446953755933149743e+01
1.121389903577288472e+01,1.295912447957509528e+01,1.681893949385387188e+01
9.229257451941297319e-02,4.933127062688655862e+00,5.781925893136153682e+00
8.369617678312685882e+00,1.301518942171358617e+01,1.361975174033849179e+01
7.978627811279017656e+00,8.120550810716675727e+00,1.279281988170128059e+01
7.486783030752568457e+00,1.135608218278775539e+01,1.169286253019833488e+01
2.097043955093024437e+00,6.462287938017452049e+00,9.318475375237266434e+00
9.470455686258208772e+00,1.284862280076984575e+01,1.766919674053051992e+01
1.033354135906870219e+01,1.178194544061513760e+01,1.656097214574026211e+01
6.115607636416799942e+00,8.484521623911389199e+00,1.021708500200666236e+01
1.265448536263642154e+01,1.335760582649574424e+01,1.826661589182287670e+01
5.473152078398653586e+00,9.533930875657583570e+00,1.122526774440198949e+01
6.077838362490223467e+00,8.414287401607406736e+00,1.094897582442378159e+01
6.601651284961413069e+00,9.136574650980778145e+00,1.085938776092998914e+01
7.243934546040516231e+00,7.697684277697679711e+00,9.086874295367557863e+00
7.074495206186837137e+00,1.041206177075959260e+01,1.316369419015173037e+01
2.741183283675157512e+00,6.853902741428931300e+00,1.088806357466628327e+01
7.371330391833362583e+00,1.218428695423197006e+01,1.305875982174199734e+01
1.465485633602533611e+01,1.569135177174875118e+01,1.978025483697881270e+01
7.494550765775849221e+00,9.756897238522608262e+00,1.230516841568026365e+01
9.051366782147823642e+00,1.367807917794062256e+01,1.818586484489124544e+01
1.386403908432026633e+01,1.460486270558297406e+01,1.564324613204797210e+01
1.094049768387339583e+01,1.159490584329613050e+01,1.470073210734352642e+01
1.235950274706037355e+01,1.293837841094738295e+01,1.403055940942774171e+01
1.429764965633428986e+01,1.596065524865286456e+01,1.773363024875843763e+01
1.040979851807535184e+01,1.058123557447047070e+01,1.148648218666440179e+01
1.002756787056009102e+01,1.401354620159393960e+01,1.796374935346363344e+01
7.985893618060638133e+00,1.118835381268509543e+01,1.413263926050357000e+01
9.424007525865217616e+00,1.280771240994845606e+01,1.764746098431112387e+01
1.534353964738733644e+01,1.730516114930037475e+01,2.226577934721858654e+01
1.213431300941797097e+01,1.516161471540546835e+01,1.986335792766550412e+01
1.286228564232783178e+01,1.368962011158800607e+01,1.784022020659172370e+01
1.010264221473131130e+01,1.491403429794785218e+01,1.821297850830324805e+01
1.184341832917552217e+01,1.300665614283293614e+01,1.346622384932865124e+01
9.222724944857310092e+00,1.112586749387933338e+01,1.351361055720091464e+01
1.567096871835131822e+01,1.724893697189665076e+01,1.881067829171695394e+01
1.727515182493918289e+01,1.873712753201963466e+01,2.126308731126915674e+01
1.620349783966614154e+01,1.811580817004561084e+01,1.857607120495367425e+01
7.594657746029699119e+00,1.240068007865061084e+01,1.662471498311724361e+01
8.987333256268383863e+00,1.078703254618657326e+01,1.311349249907725500e+01
1.258383232639677018e+01,1.709603436672683685e+01,2.116232860038637398e+01
1.223929266737786570e+01,1.441925240417552345e+01,1.513876123039323218e+01
8.767925816527988303e+00,1.337540615605619188e+01,1.787971307665393539e+01
8.834244243488692305e+00,9.475447076069908547e+00,1.237946490738749006e+01
7.810092355888220261e+00,1.280019467000958500e+01,1.330108712413696104e+01
1.391325376680269343e+01,1.445572052057801571e+01,1.587442722586453847e+01
1.640707365579936905e+01,1.686766791596735970e+01,2.019365786007920605e+01
1.480189962418371863e+01,1.691649627805692546e+01,1.942479064059430272e+01
8.249846879576406167e+00,1.216318410225533952e+01,1.358458907346733824e+01
1.509114693037659016e+01,1.540959268327989129e+01,1.669782900160167927e+01
1.169669625857184769e+01,1.243751330534263388e+01,1.614606070165808305e+01
9.161339781234000057e+00,1.131445579086334874e+01,1.582411870685000466e+01
7.569247405646245319e+00,1.203857535449600391e+01,1.553299130798956185e+01
1.242781377131923293e+01,1.674702745152328021e+01,1.883735715566893631e+01
1.294107670353814044e+01,1.338462293344955079e+01,1.760923926598975342e+01
1.371027699162227442e+01,1.428113588440993631e+01,1.924928134474711783e+01
1.312009647938177537e+01,1.386046053875265294e+01,1.871638560817015318e+01
1.542601111866771291e+01,2.021043764588052127e+01,2.341556922009631592e+01
1.464822232790322687e+01,1.511500990163693103e+01,1.594554119009811366e+01
1.444665579464878391e+01,1.449655906310660036e+01,1.868831168939125931e+01
8.645960085739147871e+00,9.731071241445246045e+00,1.079710113022539275e+01
1.507553289720573453e+01,1.596104063055913436e+01,1.902463561870853681e+01
2.098929731342606075e+00,6.356603129739390567e+00,1.117036530849114229e+01
6.236884637284389576e+00,8.420947274916319003e+00,1.321000956388019532e+01
1.246984549220889171e+01,1.280965944694034420e+01,1.432833091450300955e+01
1.348214610260258617e+01,1.472418676788200465e+01,1.691294654600610770e+01
1.094776362986739393e+01,1.159308539749042311e+01,1.230596843066045487e+01
8.915134812383650242e+00,1.195149975891439276e+01,1.247593138900562160e+01
1.065652876692826823e+01,1.427942464547197510e+01,1.867539975066404168e+01
1.066038024796602990e+01,1.412895887245927540e+01,1.448217238849768762e+01
6.078239921039414462e+00,1.101682129685727851e+01,1.530492267101588766e+01
2.276209931726766555e+00,3.722582102399025317e+00,8.294435153737094168e+00
9.002072362668004146e+00,1.035498335186238705e+01,1.522812412390097769e+01
8.278783493783366865e+00,1.295752477115640033e+01,1.461218569781892107e+01
4.175711763410803634e+00,8.431183134058969131e+00,1.152807560697418054e+01
4.779479243146752765e+00,9.142340487021300532e+00,1.121153900800767289e+01
8.870811112149706190e+00,1.187951515461054797e+01,1.472307213674578819e+01
1.362366579309674464e+01,1.554712643278634943e+01,1.906856823187413852e+01
7.967513718128311773e+00,8.043117513331786483e+00,8.674995622377091209e+00
6.101548912601352903e+00,9.156195663578031940e+00,1.381939999108449868e+01
6.048496653714035887e+00,8.061997651163000711e+00,8.149834790020763720e+00
5.128603635736374677e+00,9.767859063509197526e+00,1.219269365025379415e+01
5.496615737523159240e+00,8.979846026529557435e+00,1.221232924930717978e+01
3.900227803514694891e+00,5.762757133237486507e+00,1.010517335845263176e+01
6.043763872184555908e+00,6.327566974077381445e+00,1.043600551533664600e+01
6.896304753661072873e+00,1.161925457351895652e+01,1.548810261985682502e+01
7.169879252010207260e-01,3.848009096569662724e+00,8.755113027688143035e+00
7.777864196286134124e+00,1.194315180200057114e+01,1.529228750096139500e+01
3.604999330792365342e+00,6.536477150934045355e+00,9.623062438643668060e+00
1.063795594944789435e+01,1.120855071152506177e+01,1.490392679029619494e+01
7.710780886439499326e+00,1.152089241910185535e+01,1.358744643767133731e+01
1.025814895688464290e+01,1.065432083703671218e+01,1.386827455871800296e+01
2.988688444785626785e+00,6.057892512717572231e+00,1.079091677419702933e+01
5.106540471555456762e+00,6.007651455545964581e+00,7.989787417924218538e+00
5.329566250996136567e+00,8.679006141311665701e+00,1.193175008639904533e+01
6.409212604393657031e-01,4.914994623209807401e+00,7.622818106783977754e+00
6.299658906512152434e+00,7.086657640274386161e+00,1.140385997414664487e+01
4.394044960202560191e+00,6.152728630938820942e+00,6.260123038912592364e+00
3.808269353907590915e+00,3.870346031239943585e+00,4.356653380662771191e+00
-7.225391641948868404e-01,2.594202880199685257e+00,3.314938195568118307e+00
2.726016575017273347e+00,3.776727806790784570e+00,5.150768971051707723e+00
9.038256384795641196e+00,1.097700942287431047e+01,1.574247967719648145e+01
1.019231014438930316e+01,1.167422919410083892e+01,1.365247620713014065e+01
3.745218802649855405e+00,6.754786086794450028e+00,1.044102532620392054e+01
-2.465833384828807873e+00,2.415578950111130219e+00,6.818627346119929378e+00
-2.105627374405663055e+00,-3.668313781833720810e-01,7.086917648208861387e-01
-2.307512882451953740e+00,2.592904919952871534e+00,3.568628791800758204e+00
-8.641357270783771583e-01,3.616933657244053357e+00,4.518578455002499439e+00
6.687220645020177656e+00,8.040805522976626207e+00,1.292985366993313079e+01
5.189035840077860229e+00,5.294223738583509586e+00,9.029336963283608242e+00
-3.554353508305141407e+00,-3.538563433832624838e+00,-3.117369104857065309e+00
-5.287898740951053611e-01,4.298018685024334928e+00,7.777607622689776790e+00
8.047193382427312303e-01,1.496064933391897167e+00,5.564701152511354110e+00
-9.620343581518460141e-01,2.581907622489779452e+00,5.076715082272636792e+00
2.083142773599257147e+00,3.895914511596807017e+00,7.481793373024684612e+00
6.572805129546964054e+00,7.092964916745556181e+00,8.670917302204482979e+00
-3.296307952106841910e+00,-1.771711512675381961e+00,2.009928130804088831e+00
-1.027688500028394181e-01,3.044104363841161121e+00,3.760863905201434321e+00
-5.009450335068512672e+00,-1.111551237237367928e+00,-3.764980207543470181e-01
-2.986946993196716527e+00,1.288700714150949445e+00,2.520628563477524953e+00
-2.139233868716766018e+00,-1.235776115028276001e+00,3.654801181941787824e+00
3.306539405078976035e+00,4.776220507161276885e+00,4.965847432710857490e+00
7.878810877492217202e-01,1.257746770493181288e+00,5.094652172024139780e+00
-1.890336303224983583e+00,1.790074761389849334e+00,1.993732010252909914e+00
7.364221604021832235e-01,4.889152188007668265e+00,7.522646061439477450e+00
2.126909864105160697e+00,5.754058425735360416e+00,1.049453443540679309e+01
-3.261560719797320651e+00,9.332864743980016087e-01,3.204908134638873918e+00
-2.526425777240663528e+00,-1.261042634274151863e+00,5.704337610251204449e-01
-9.834066549279800284e+00,-6.218539690712168166e+00,-4.764288917356912734e+00
-2.432688091447317014e+00,-1.188774498277948677e+00,1.972273220011801609e+00
-5.509949172338674650e+00,-4.201193908806613031e+00,1.879091387103830613e-01
-4.156305271501183007e+00,-3.073173408312563026e+00,3.563648176479210505e-01
-5.911977518530036946e+00,-5.587544749974318492e+00,-2.557355447119986636e+00
-9.527363203012898296e+00,-8.170728509835450737e+00,-4.860664248092144035e+00
-2.763092362804426827e+00,1.344044845651521491e+00,5.077951054436116607e+00
-1.938201565919205560e+00,-1.672982469504166847e+00,-1.468326667279287179e+00
-1.392975069179680059e+00,-1.231435314306632112e+00,7.886499032607896531e-01
-1.050988589194839129e+01,-7.514494216717634067e+00,-6.499992921881461605e+00
-1.277466330268686967e+01,-9.293085267877836841e+00,-5.644475555365948694e+00
-6.177584043351317611e+00,-4.735019160353474810e+00,-3.178062556244050096e+00
-1.109512068684394315e+01,-8.935201012235941320e+00,-6.430409635683328240e+00
-7.277024441538747723e+00,-5.991450993671755043e+00,-1.051366114394255646e+00
-7.742793750475863490e+00,-7.421005454739182383e+00,-4.752365400787267546e+00
-7.825311244855118531e+00,-7.318182764976286947e+00,-4.649539749696453228e+00
-1.090845395616625169e+01,-7.107023008641673911e+00,-6.406435631297004996e+00
-1.077236057941766667e+01,-5.808712668076605468e+00,-3.624974397951217675e+00
-2.888173048115390884e+00,-2.485770159016044367e+00,-2.030722684579468140e+00
-1.108325616172005823e+01,-7.102060110345733257e+00,-6.188265852151574542e+00
-5.413642843660731785e+00,-4.848938550089306077e+00,-3.074402782872883488e+00
-1.819889086038688220e+01,-1.401585694830495399e+01,-1.299691230317262836e+01
-1.121391529332396786e+01,-6.417464596627160844e+00,-2.510960699265414764e+00
-1.604997993966932412e+01,-1.129594066809167074e+01,-7.486017080743990526e+00
-1.430763297740341855e+01,-1.248309673262850517e+01,-8.403162467443340944e+00
-1.062860379588816073e+01,-8.617505481234001508e+00,-5.732245471337899190e+00
-1.001708342440913491e+01,-7.190818845838759188e+00,-4.346970103290397347e+00
-1.632371260503570909e+01,-1.246354958444474903e+01,-1.114452580230545031e+01
-1.374160352673614760e+01,-1.080999730260858094e+01,-7.033000798105602414e+00
-4.298569078621732764e+00,-4.295168971885329867e+00,3.936391900535891608e-01
-1.401661731560469093e+01,-1.137485405647989012e+01,-7.850215458393558166e+00
-1.316425584543429217e+01,-1.083082351626114104e+01,-8.867165642850968865e+00
-1.345030135205390032e+01,-1.016739789129398908e+01,-8.763420221701686330e+00
-1.532158604448019190e+01,-1.508078449887271688e+01,-1.336249539893493044e+01
-1.795641304313013009e+01,-1.714519119035042038e+01,-1.533490909296157234e+01
-1.316901363563592042e+01,-1.105851325600633217e+01,-1.053157608883346441e+01
-1.519516676925085719e+01,-1.221985961953428479e+01,-8.830471193958183918e+00
-1.231012406834362771e+01,-1.218564426840405979e+01,-8.205381053876557473e+00
-7.984508845467573224e+00,-6.208052499976268734e+00,-6.069811380522379451e+00
-1.835173955737646878e+01,-1.507446502420340551e+01,-1.445509660568018084e+01
-1.380548578104979285e+01,-1.109661806943872087e+01,-9.071605701824580592e+00
-1.197440953142205800e+01,-1.081242058189551614e+01,-9.464495895245121915e+00
-1.439835047434604931e+01,-1.320029599596331238e+01,-1.017187678932126715e+01
-1.554700143439216831e+01,-1.325326938710201929e+01,-9.581540811936585911e+00
-1.511477097431685124e+01,-1.149349684408276495e+01,-8.356620254048028329e+00
-1.422937155020874656e+01,-1.382770323452187533e+01,-1.170431161148578525e+01
-1.824339092271201324e+01,-1.536324414461366494e+01,-1.310407921976158185e+01
-1.740459395338650950e+01,-1.403473041760865669e+01,-1.291062844578809532e+01
-1.853310367459917529e+01,-1.408585149745370124e+01,-1.256397370344208042e+01
-1.949832779310775877e+01,-1.510547893877299330e+01,-1.295534452811571313e+01
-2.020156956966006589e+01,-1.657238677697139906e+01,-1.340338711593386911e+01
-2.191006984504572941e+01,-1.822393040179012758e+01,-1.796720136085236774e+01
-1.903601033471571213e+01,-1.619355518954289508e+01,-1.141890256605467968e+01
-2.351999650926843444e+01,-1.907402543413712692e+01,-1.529271497655862078e+01
-1.064955401037654781e+01,-6.114338842745306479e+00,-2.600014992736932928e+00
-1.940848239026610855e+01,-1.782937540987050795e+01,-1.648766535275905198e+01
-1.984635882318811184e+01,-1.610137170093167569e+01,-1.498012339204066379e+01
-1.310158936731308366e+01,-1.193424052985743344e+01,-1.041991088049064729e+01
-1.492107187136775615e+01,-1.215508538627441837e+01,-8.815073480133090555e+00
-2.203407856558677835e+01,-2.165704125633529031e+01,-2.000781988377737974e+01
-2.286802986594973675e+01,-1.813425378797365184e+01,-1.489828582979719229e+01
-2.054970375984254716e+01,-1.807812029993265313e+01,-1.778627609119716624e+01
-2.089912081613071848e+01,-1.962299917778502589e+01,-1.832569864606188048e+01
-2.579358986254625563e+01,-2.199578725339501162e+01,-2.042458084855026357e+01
-1.728605519009565228e+01,-1.462544146439273085e+01,-1.221517865816682225e+01
-2.312781003890236420e+01,-1.961269639302642531e+01,-1.855313966458809105e+01
-1.664031440319739374e+01,-1.506017674458513333e+01,-1.499262592794969251e+01
-2.227371565671043641e+01,-1.982017698900056146e+01,-1.572373740830714084e+01
-2.451684927074563092e+01,-2.002338954498624446e+01,-1.785584116482164418e+01
-2.153806905299524033e+01,-1.705406982681277483e+01,-1.357497202713215501e+01
-2.190133758536557806e+01,-1.903184368424405193e+01,-1.617306517444740876e+01
-1.707252078498587977e+01,-1.549292930925158096e+01,-1.210707553380497004e+01
-2.495667212279225211e+01,-2.312653800517242786e+01,-2.204174202996187049e+01
-2.666207381041253655e+01,-2.417533818451464356e+01,-2.054473494791853838e+01
-2.469777917928633926e+01,-2.033417007924665754e+01,-1.847430602358331697e+01
-2.314031696579469255e+01,-2.120767005175882502e+01,-2.085387213707516096e+01
-2.508383608796485120e+01,-2.244680376689403545e+01,-2.217600004013209869e+01
-2.526019921711442251e+01,-2.083223233453542989e+01,-2.079673164179119738e+01
-2.231225053250993184e+01,-1.926450242401062951e+01,-1.538696723820212497e+01
-1.754515662955101263e+01,-1.680521552014285191e+01,-1.576195995245634940e+01
-2.450287416199149249e+01,-2.156878181656863092e+01,-1.916743843687384441e+01
-1.853455474906956013e+01,-1.685995661073148710e+01,-1.207236411719023295e+01
-2.005671913016473695e+01,-1.874706497578091913e+01,-1.717510071955882722e+01
-2.797863991042050458e+01,-2.398693269660155636e+01,-2.342832761944357500e+01
-1.915616253759385756e+01,-1.902799949074660191e+01,-1.822784631961021873e+01
-2.136078258949908104e+01,-1.657642026181726180e+01,-1.630030558828191900e+01
-2.244870866630076733e+01,-1.947613494408786394e+01,-1.601525088273488961e+01
-2.461432103236884927e+01,-2.123195748640701552e+01,-1.967894449238799126e+01
-1.956078309627974221e+01,-1.716399662576479557e+01,-1.690677049553452704e+01
-2.494174199082328158e+01,-1.996198814819670986e+01,-1.761508038416707933e+01
-2.028375385382924634e+01,-2.020004706264385419e+01,-1.792445776111149769e+01
-2.114687413276205774e+01,-2.060347303979118294e+01,-1.859966035106281623e+01
-2.504544008445114045e+01,-2.223161555667962830e+01,-2.067757511651094049e+01
-2.425710755136399754e+01,-2.364277557985295530e+01,-2.007563331157286513e+01
-2.470864509300927025e+01,-1.996935440865243905e+01,-1.719810550376677938e+01
-2.658821747368431687e+01,-2.256294600230975789e+01,-2.171095909975293381e+01
-2.014381874086291901e+01,-1.632279142778254766e+01,-1.629331979682305942e+01
-2.518088979088488344e+01,-2.052479477848045519e+01,-1.902892761353018614e+01
-2.377146725792858462e+01,-2.084443138466789236e+01,-1.753278657916987626e+01
-2.982710128833253194e+01,-2.596134841119979342e+01,-2.109629263695117274e+01
-3.138195485284601460e+01,-2.662863416718657206e+01,-2.330367296655827758e+01
-2.624625034735507967e+01,-2.161982116729218006e+01,-2.159191522082534931e+01
-2.565492436999529247e+01,-2.513377306742131623e+01,-2.044025104652178726e+01
-2.067534531357873462e+01,-1.955601575737262010e+01,-1.663256566845134188e+01
-2.279000997055978317e+01,-1.895471049113746176e+01,-1.427297810740363104e+01
-2.124964184228865349e+01,-1.886281254438768329e+01,-1.533126343888091547e+01
-2.617135217440006656e+01,-2.408226427689110238e+01,-2.286800470961843956e+01
-2.446609924189099772e+01,-2.188130721353816099e+01,-1.862221422938167592e+01
-2.335855533613610646e+01,-2.180299627873423063e+01,-1.705647849036740737e+01
-2.291680452675666402e+01,-1.967698793455240036e+01,-1.535187639839496931e+01
-2.050438836784593377e+01,-1.908316220316935130e+01,-1.808015576762898036e+01
-2.348342370154082914e+01,-2.253578776537069217e+01,-1.869675208194616189e+01
-2.106830222931595387e+01,-1.815033730232991971e+01,-1.807609988954690650e+01
-2.052406709821905650e+01,-1.877634379457347080e+01,-1.408320889817656507e+01
-2.395136907638369195e+01,-2.091650277581763007e+01,-1.657817239196774040e+01
-1.620629718644655526e+01,-1.600464719445722750e+01,-1.406613099152243684e+01
-2.158084508306638938e+01,-1.845899799386529239e+01,-1.756223124975331729e+01
-2.541861542063310964e+01,-2.489691414609981734e+01,-2.027294287929730388e+01
-2.171764415228816603e+01,-1.769171449874049884e+01,-1.714824160020038590e+01
-2.501244698524448040e+01,-2.473704877105440403e+01,-2.419632249712201855e+01
-2.118054216361566233e+01,-1.942206971314481478e+01,-1.607373034550182922e+01
-1.730249111091084657e+01,-1.523914744509020913e+01,-1.509641348272470829e+01
-2.094362447202793476e+01,-2.083799472244385598e+01,-1.981486529983824241e+01
-1.529437275973570642e+01,-1.435754390756290810e+01,-1.420641340131382790e+01
-2.066956943727657148e+01,-2.008376609004142566e+01,-1.833946518630551026e+01
-1.594361828059369302e+01,-1.577578548156400018e+01,-1.140678350338394331e+01
-1.665342632892878072e+01,-1.442342629985539126e+01,-1.001886797740831803e+01
-2.028514780946573381e+01,-1.915133765131783861e+01,-1.486438502422131691e+01
-1.881082677444504725e+01,-1.795234421073706343e+01,-1.552835875583287795e+01
-1.469075297635655453e+01,-1.296023996382621135e+01,-9.851847034127672487e+00
-2.374711236833703509e+01,-1.928436542587987645e+01,-1.481514844631312044e+01
-2.694912051295833777e+01,-2.246465542064998999e+01,-1.986860408169277292e+01
-2.063300056796797577e+01,-1.829242295608145241e+01,-1.668879018351908172e+01
-2.059442312500933880e+01,-1.985645634895962530e+01,-1.812739814616531220e+01
-1.398691856714205350e+01,-1.329808675060409939e+01,-9.133120929056278925e+00
-2.096205754851738945e+01,-1.732665459848506373e+01,-1.381757772070439749e+01
-2.172396961670419202e+01,-1.761045721916661932e+01,-1.705559454066788305e+01
-1.588519589302087098e+01,-1.542560665104805651e+01,-1.101236370696644506e+01
-1.910247504352872738e+01,-1.627643180401133449e+01,-1.306666215879926618e+01
-2.177063064165602668e+01,-1.694183036125557607e+01,-1.334488925093483935e+01
-1.660906280956664460e+01,-1.549648348708717904e+01,-1.336097188346965048e+01
-2.084046661722636173e+01,-1.670345394318304955e+01,-1.574984918105489129e+01
-2.285389731501905075e+01,-1.786900907916690429e+01,-1.581780198117683867e+01
-2.290264300645057460e+01,-1.940829406167254945e+01,-1.618902982478313390e+01
-1.847231381431529229e+01,-1.542097235821159629e+01,-1.155126269406360606e+01
-2.009000231666605885e+01,-2.005263999042017531e+01,-1.867435897792277899e+01
-1.776089493460682434e+01,-1.680769939033903171e+01,-1.530301489230778067e+01
-2.338586526114907826e+01,-1.895520319990510671e+01,-1.446735766170454163e+01
-1.399224581823682456e+01,-1.264337320351719995e+01,-9.092819514611454323e+00
-1.962592730560217191e+01,-1.584929719522792446e+01,-1.157569337102188101e+01
-2.027553700426116734e+01,-1.901160651085330855e+01,-1.508282742710178326e+01
-2.174608504092461914e+01,-1.724853885552068888e+01,-1.596532564612238403e+01
-1.253483819275903244e+01,-1.059107381042035456e+01,-1.001891656618202653e+01
-1.704229628664144869e+01,-1.349156174616018689e+01,-8.714095084203384189e+00
-1.674353228313039921e+01,-1.406108602067970281e+01,-9.234097918533262117e+00
-1.302375636315134422e+01,-1.011548000241236345e+01,-7.014560134989324069e+00
-1.845264914013565871e+01,-1.551816692402742959e+01,-1.211185332954861593e+01
-1.199929129200293865e+01,-9.434720004328175591e+00,-6.587656223711451986e+00
-1.414196555718931236e+01,-1.253193455296100467e+01,-1.065697052743354156e+01
-1.832042658534080815e+01,-1.338007417485893846e+01,-1.026824120025324305e+01
-8.447660992571123018e+00,-8.357141723303307401e+00,-5.434568158812528083e+00
-1.500512194418471701e+01,-1.318159936699656143e+01,-9.787959922987115036e+00
-9.852140956802536209e+00,-9.179951348844156200e+00,-6.750075287516470901e+00
-1.487210900604116937e+01,-1.432699430820977682e+01,-9.771503968190030420e+00
-1.739089727835922972e+01,-1.347488180543095737e+01,-1.076695420781125101e+01
-2.099308412982808036e+01,-1.601802260533114008e+01,-1.284131092608922309e+01
-1.386516759010582334e+01,-1.302926410330105078e+01,-9.894487357947763684e+00
-1.168626121894712888e+01,-7.991903092681207355e+00,-3.991594488840670252e+00
-1.377923797344395318e+01,-1.362325105231828104e+01,-1.126129881168574087e+01
-1.356522468140819448e+01,-1.042117330263275399e+01,-8.517865688672189961e+00
-7.515652742136600395e+00,-6.005674142274643579e+00,-3.231144427216701587e+00
-1.182268996211801237e+01,-9.214449978392993401e+00,-7.268567994752347161e+00
-1.690892780664615458e+01,-1.300830052936334269e+01,-8.354451214076643595e+00
-8.448758805313310916e+00,-3.894733189383540406e+00,-1.942911252649655252e+00
-6.536509333124753240e+00,-5.866514016582029534e+00,-5.676193763283269966e+00
-1.447664709121952242e+01,-9.586650459068131624e+00,-6.119920680389301815e+00
-8.545296615659989214e+00,-5.745183979106188943e+00,-4.190033075193248635e+00
-3.158768471955208490e+00,-2.544935317781620299e-01,1.268286108262532519e+00
-1.785525291086668886e+01,-1.770934143949600781e+01,-1.670580532805872664e+01
-1.162070731975705051e+01,-9.329934723286999798e+00,-5.806155461324745914e+00
-9.154080219244541183e+00,-6.515165772835895375e+00,-6.258517807510413533e+00
-1.241151524419225716e+01,-1.045462593332880097e+01,-1.013034776124222347e+01
-6.863826257432876332e+00,-4.529145963946746178e+00,-2.727915445156416929e+00
-2.889374522699749814e+00,-1.515716445307284665e+00,2.150740800456163448e+00
-5.598272259360038916e+00,-4.164933937702349098e+00,-4.049668304175607858e+00
-1.502134450663521470e+01,-1.003957737491077751e+01,-9.911242555673622334e+00
-4.492681171230088033e+00,-2.705325623699777360e+00,2.010811719459960401e+00
-7.144521783698955630e+00,-3.686149056580349637e+00,5.327663627435441640e-01
-1.002570660142427172e+01,-7.118641790065319164e+00,-4.027642442062568051e+00
-2.000782291001856006e+00,-1.402154855733571903e+00,5.323137951462728612e-01
-5.430746695350853415e+00,-3.663370620161155333e+00,-2.302915394258588044e+00
-1.046451817983028398e+01,-6.737539956710466349e+00,-4.634636952089007167e+00
-9.364785305966133677e+00,-5.459277967738712434e+00,-3.516818116681360795e+00
-5.250403132894115643e+00,-5.431602361806553425e-01,1.041651259639634342e+00
-3.397776469937519028e+00,1.987230823437124982e-01,2.481325583328287898e+00
-2.684498367819947440e+00,-5.652653991507579079e-01,2.947578701920591904e+00
-6.503658927925208388e+00,-1.961777545650187804e+00,-1.646909442123974276e+00
-7.617789955021270210e+00,-4.180022788650352261e+00,-5.395245945439608448e-02
-9.756996539549188441e+00,-5.984434281602638350e+00,-3.449088572384346740e+00
-9.151461799622985893e+00,-4.265313771539210208e+00,-1.760254776521354536e+00
-2.426039031657519551e+00,-6.779170051136093056e-01,1.087081305787957142e+00
-6.435965999880042254e+00,-1.475070311040324045e+00,8.392890708110256615e-01
3.341988784955531422e+00,5.493881528130573066e+00,6.851003821065225097e+00
-9.496203044563220175e+00,-5.122903750920888122e+00,-1.589274391874333503e-01
-3.003112942788773942e+00,-5.195712735315007880e-01,2.461959943427154407e+00
-5.372285472784158245e+00,-1.809570177591200757e+00,2.693399280725977452e+00
8.044074835055363693e+00,8.185826675680935693e+00,1.081289512212115156e+01
-4.677212648026183750e+00,-2.463325813013993226e+00,-1.853013094923180226e+00
2.594434136794705914e+00,4.297607566715530680e+00,7.444891149800128893e+00
-2.037169543474938394e+00,-1.179880849033814183e+00,3.286457394516066000e+00
-2.424065382433135518e+00,1.143150844367916363e+00,3.613562688991096117e+00
2.343502555440695634e+00,2.652985822822076400e+00,3.801758876494306438e+00
-6.610248946501350531e+00,-1.826997749062398313e+00,-1.752323620044672126e+00
4.317237510433477254e+00,6.412465523975699355e+00,1.112077275527908959e+01
3.061853519091605413e+00,7.026793637069257414e+00,1.152768769419869344e+01
2.248539225680140863e+00,4.918447421219208415e+00,9.040331880045876289e+00
3.616740378293346048e+00,5.768780806301737840e+00,7.048889517155377149e+00
6.770691486067142328e+00,7.327118960734216202e+00,1.129149639025596663e+01
-1.073612694513986998e+00,3.814483871973449514e+00,4.205663024688576890e+00
3.048618518771452290e+00,3.160735963569814899e+00,4.712658490525469368e+00
2.341526942250419019e+00,5.588054248670438540e+00,8.447660657112264104e+00
6.658204461278458552e-01,5.192070947234407541e+00,6.426801632009030207e+00
-9.965770352598299908e-01,1.652883858739786049e+00,4.439835703814982715e+00
7.740259951142434147e+00,9.006295860312739876e+00,1.252717969037471590e+01
6.094755491003986059e+00,6.097003226292778244e+00,7.557145146397560964e+00
8.181113417573874003e+00,9.525725530578560196e+00,1.032493457217216104e+01
4.860931384350529072e+00,8.587111469336159431e+00,1.207551610471126580e+01
6.524751834450867705e+00,8.204732121225820407e+00,1.062646535456753760e+01
1.107233531742286203e+01,1.313206012824161917e+01,1.488678800933049473e+01
1.131300125144379898e+01,1.180586441304323486e+01,1.218033628841396698e+01
-3.248924365486509203e+00,-6.257690138840112937e-01,2.203720882600516351e+00
4.151704723978674849e+00,6.646411342538586453e+00,8.817428775591423573e+00
5.462524059569784818e+00,7.394026236555024667e+00,9.972391628870113323e+00
5.768364618161705870e+00,8.077492480601852876e+00,1.168288219190477406e+01
7.452373295505726247e+00,1.231063331885371426e+01,1.442644640850372895e+01
9.257412155794726871e+00,1.038650634184864785e+01,1.307553433448777902e+01
9.215705418604960286e+00,9.477699943340633482e+00,9.962588256551610399e+00
6.798016870852778837e+00,9.790366569830304400e+00,1.223629402704425750e+01
8.061783468580118850e+00,8.496285275211015176e+00,1.194631047624110387e+01
5.971429122961080083e+00,7.446272000489377874e+00,9.035157436151351362e+00
1.020879991710599377e+01,1.367487530605485091e+01,1.551019284486946148e+01
6.423391454378328369e+00,8.111854427498304432e+00,1.251712167765954220e+01
6.857811917372267807e+00,9.820913221998292642e+00,1.372535201768305946e+01
5.297221204402935868e+00,7.655748267964899156e+00,9.461588559200995618e+00
1.096993033350552160e+01,1.221399263893340859e+01,1.552360152052619213e+01
1.527842470116523721e+01,1.591162787243564303e+01,1.861301097727066178e+01
9.952982203479304957e+00,1.080638788831685737e+01,1.491466377250069897e+01
8.726075806092028486e+00,1.167603293183274360e+01,1.320901945562678925e+01
8.374552046174290609e+00,9.118859720105771061e+00,1.407631435938715114e+01
4.162625227176018683e+00,8.716154739518799488e+00,1.158087732727696917e+01
7.836053173841119879e+00,1.076668979359997280e+01,1.281896843898348948e+01
5.300640459343772370e+00,7.531419400989463497e+00,1.125407474674170416e+01
5.901300366858595936e+00,9.173271491939670952e+00,1.352756177751070865e+01
1.119359197650254245e+01,1.358487663577650650e+01,1.395976466227542723e+01
8.677493744755889082e+00,1.276460932160101791e+01,1.651897848638922284e+01
8.615106442860696490e+00,1.008185904503438479e+01,1.259988956295761042e+01
8.202462290598646177e+00,8.642244595965182796e+00,1.090711613185656859e+01
1.015017119518993205e+01,1.349249088260852147e+01,1.707165037258744889e+01
9.103476972525070821e+00,1.256167125256606276e+01,1.387345541309643338e+01
1.158870243919189313e+01,1.172301357301346414e+01,1.210397312854597018e+01
1.227401279904675846e+01,1.652315391201989314e+01,2.069830440310480313e+01
1.422455139428280546e+01,1.447419730814631755e+01,1.808157693482208472e+01
1.738432638259145691e+01,2.064782092933759472e+01,2.278682209308223250e+01
8.954957472524851525e+00,1.081900801875372409e+01,1.336108085427457404e+01
1.119002737187902596e+01,1.370882412179585330e+01,1.781666930519111958e+01
8.404014337449389416e+00,1.073892849860649079e+01,1.380296775611880200e+01
1.057661383068762007e+01,1.257243084676486866e+01,1.529098177978737638e+01
1.439887432336834650e+01,1.609765396634158918e+01,1.853841986386996155e+01
8.577091262287741102e+00,9.746255438766006307e+00,1.165019476429577061e+01
6.244621613776917712e+00,9.498261680717488886e+00,1.085108984647529340e+01
1.044314990682043032e+01,1.525075399908862650e+01,1.946228061136908849e+01
1.422545947491263618e+01,1.558042923360929777e+01,1.939967408278852545e+01
1.448702407026057060e+01,1.755958942617176533e+01,2.056183938463595595e+01
1.081886335216780282e+01,1.247546164913884503e+01,1.428418191744441934e+01
1.396837378177570521e+01,1.488695512297480938e+01,1.527879176043883369e+01
1.236134783122601810e+01,1.427145168270359576e+01,1.806051976088350841e+01
1.008170926875244788e+01,1.212176549602614450e+01,1.579356971118830799e+01
1.025945092871200615e+01,1.388577545932755974e+01,1.885731903624236239e+01
1.437257427744293636e+01,1.456454465492419637e+01,1.827686873474187479e+01
9.872572346294207435e+00,1.017489457072372794e+01,1.239493493561446691e+01
1.120295194105733216e+01,1.326233939248905891e+01,1.781328939751142570e+01
1.231874146847740903e+01,1.658088077347703404e+01,2.141934744092687382e+01
1.251913764629722436e+01,1.471367883847770308e+01,1.865641040199978207e+01
1.123057922831829814e+01,1.269442221603183185e+01,1.397901563563176808e+01
7.503214559063096090e+00,1.206652471091613954e+01,1.561830050665103364e+01
1.225144389267339129e+01,1.695976147451453286e+01,2.127463776306348464e+01
8.953188251370466588e+00,1.210071374244868458e+01,1.518772092314326372e+01
1.567540721843343121e+01,1.712850013352975864e+01,1.937849677092946621e+01
5.712653108172469629e+00,9.455678844632094737e+00,1.044744206355946403e+01
1.951578121427276002e+01,1.983394584445360209e+01,2.030021133179870674e+01
1.569721523229559246e+01,1.682067770287469699e+01,1.725368440337169318e+01
1.589066457091323770e+01,1.645008071095834268e+01,1.685042299522561038e+01
7.967530986955601691e+00,1.024488241928821353e+01,1.468941248226975915e+01
1.281059656479632025e+01,1.635287305257667612e+01,1.898641624102388192e+01
6.507279985832472136e+00,1.095007841977981755e+01,1.114010024369644292e+01
1.620374188281277483e+01,1.704269013752483275e+01,2.083408350618554294e+01
1.354621796012502344e+01,1.659064739493732432e+01,1.993924349821947217e+01
7.396160189179010302e+00,9.522644003967421611e+00,1.091855926385137110e+01
6.779849637150073605e+00,8.659063703667900569e+00,1.173656357577760545e+01
9.198782122567713770e+00,9.884088021151304915e+00,1.244640452716627443e+01
1.180275230219434590e+01,1.403298448704140888e+01,1.682092942065757413e+01
1.189246593966358567e+01,1.678409477955444729e+01,1.962816905829437530e+01
1.409298267117045533e+01,1.736992774851931998e+01,2.061629564064602960e+01
5.582378370429305292e+00,9.557427116655290433e+00,1.331416427865588226e+01
9.924331820358670342e+00,1.023908219985452916e+01,1.371664658252987579e+01
2.804127807966314556e+00,6.577495898557319975e+00,9.513582947824749780e+00
1.174634904373766631e+01,1.379719856815109047e+01,1.668230868051550431e+01
7.755127118359840921e+00,1.174092080030877305e+01,1.555410466357260901e+01
8.272540601303026264e+00,1.096640899087494958e+01,1.327617871796556770e+01
6.355586998045031244e+00,9.867016352765915599e+00,1.001998990448370108e+01
9.624020483839419882e+00,1.303617480126385253e+01,1.503412847547046738e+01
5.761036131888561229e+00,8.696396682178434645e+00,1.050819415753131914e+01
1.036093962934995716e+01,1.187628756081242543e+01,1.351939707188388873e+01
8.923041517579324733e+00,9.099506970907134118e+00,1.092922630654943106e+01
1.027313264665375847e+01,1.264980525850404014e+01,1.438175177382944270e+01
1.000968511326961519e+01,1.341766241704431550e+01,1.643844293399522272e+01
7.159337916009807401e+00,1.051233582045334103e+01,1.513735576145214878e+01
3.545630945005974866e+00,6.099717103307405353e+00,7.784060690666274596e+00
1.184352172065537268e+01,1.268044504724358035e+01,1.477442993900286439e+01
1.037364009425862754e+01,1.183979229815243350e+01,1.234006462689873729e+01
8.750773086416403501e+00,1.095907234397764185e+01,1.115545771940993625e+01
9.767093411980010131e+00,1.122571593583364091e+01,1.307130000578256812e+01
1.023385584053897546e+01,1.101838124141623432e+01,1.278715013802257516e+01
9.202331968702500475e+00,1.144118361617568169e+01,1.528296418650732491e+01
5.716278771881190046e+00,7.043017432677093126e+00,1.104668122207447034e+01
3.515386369190203197e+00,7.384213802005568539e+00,1.134316367363728695e+01
5.128671279159340735e+00,8.604678662711657822e+00,1.122092386022336186e+01
6.596441163852957423e+00,7.350207119122003974e+00,1.110715872188476716e+01
6.959047504803525186e+00,1.063292444327099773e+01,1.525571925611995105e+01
4.746188187072339915e+00,6.009965001941697693e+00,1.014031751233265943e+01
1.496086314120964111e+01,1.666374102796255485e+01,1.828982737730772001e+01
4.650798687086729721e+00,8.761171349777272965e+00,1.097744038189347293e+01
4.570823678473780127e+00,5.998609740009181124e+00,1.002805975157623841e+01
4.768483445830765888e+00,5.739033292422453414e+00,7.006318500367811453e+00
3.500399373345464582e+00,5.850793490024020826e+00,8.538641518140472897e+00
7.818186373732065597e+00,8.456334911434066015e+00,1.212735065929960143e+01
-8.917894478581884776e-01,7.759529292375688669e-01,2.346047788037077808e+00
-2.177730877086482053e+00,2.342563317765486985e-01,1.094671740363834855e+00
6.396744324089800315e+00,8.371193019349833619e+00,1.136993426733325308e+01
3.659207846862222002e+00,5.650984540234802012e+00,6.881605082762575876e+00
3.704322752560210930e+00,5.165233721781515186e+00,7.980808847746160950e+00
4.428351409961734930e+00,6.088310964293679461e+00,9.631219247620789403e+00
3.701832885327468681e+00,4.886362836015368138e+00,6.174488866663450537e+00
5.450554947430510389e+00,6.301315341143896909e+00,8.898117055640383910e+00
-1.952232654435164250e+00,2.471584287967081295e-01,9.092806631132764883e-01
2.334041758387098930e+00,2.390125974261611663e+00,2.995835939503048717e+00
2.114329688459788859e+00,4.397208611233576647e+00,6.444614218931119076e+00
9.596748068955185396e-01,9.793465367136144906e-01,3.378747733819878363e+00
1.561623383075834148e+00,3.567424878655678366e+00,5.890512644523308694e+00
2.784515950673016604e-01,3.923558502555433591e+00,7.913665956662265799e+00
-3.748309919513486577e+00,3.764320102759679543e-01,4.910267855934186798e+00
-6.448130190956462116e+00,-3.700199541440075457e+00,-1.868039490343865516e+00
4.155352540395514715e+00,4.281676434617530447e+00,8.664203988868216300e+00
4.788428405892133810e+00,5.874262131898156269e+00,9.489107419387249109e+00
4.168965812662846382e+00,4.678884235406905567e+00,9.226303310163253002e+00
-7.932813672877077948e+00,-6.287431633464332315e+00,-6.164961257019471397e+00
7.726417836209069634e-01,1.525971866445391845e+00,3.318464776178023712e+00
2.288772080634069450e+00,3.972864807909251006e+00,4.563099017386793577e+00
3.302490048140714229e+00,4.972049719365696063e+00,6.689773697827003041e+00
-8.465386391885415307e+00,-4.752961640121535325e+00,-4.576866701035466889e+00
-2.426040414645159737e-01,5.015991822712261294e-01,1.529231129772874009e+00
-7.070285565616362788e+00,-4.940662590984994829e+00,-4.310391558154038627e+00
-5.136888011450933433e+00,-5.127476958166301557e+00,-1.193007639663531627e+00
-6.591447710327775766e-01,2.068844005480900972e-01,4.548933304104386011e+00
-5.903833024522976203e+00,-1.800318706298895233e+00,-4.009698100414011979e-01
-2.271716128948629176e+00,-9.015600451470427990e-01,9.321062500105971038e-01
-9.508711795421593393e+00,-5.518792743639822973e+00,-4.740450199628448935e+00
-6.767695788150146718e+00,-4.215123256561627230e+00,-2.786225814383481492e+00
-7.359627195325327165e+00,-4.589634653772739270e+00,-3.508092240161094999e+00
-1.032970901200309299e+01,-6.748098542442244607e+00,-4.157201812052715439e+00
-5.149347026959363305e+00,-1.736949995872041130e+00,-7.731377719904445334e-01
-7.090282326807650470e+00,-3.988291226026470238e+00,-6.846224869239607713e-01
-1.091265123202673237e+01,-7.033448525612173263e+00,-5.850930304918997571e+00
-9.548728012424067657e+00,-7.076783972817472623e+00,-5.926485525337718663e+00
-7.211863237424079642e+00,-2.612928241841327548e+00,-2.116288686986298018e+00
-7.413207330500506842e+00,-5.455140697985777720e+00,-4.905368305847236599e+00
-8.706485254526240780e+00,-5.611467969440196768e+00,-2.472726001664904416e+00
-9.704346401271259026e+00,-4.818116252149488687e+00,-1.876347503149997209e+00
-7.754348095546530928e+00,-3.929195140745681325e+00,-2.431532426625156340e+00
-7.870031577690835611e+00,-5.167004017653028747e+00,-1.288274206218770424e+00
-1.158002188386489806e+01,-7.676489934445677399e+00,-3.694598935734001444e+00
-9.682697424431044197e+00,-7.003301180450048236e+00,-6.212519897846446426e+00
-6.213930699476652109e+00,-3.067625327969879301e+00,-2.464545586749911976e+00
-7.186592669376102194e+00,-6.331220650907726011e+00,-2.626385494798186393e+00
-1.382281338646081181e+01,-1.159407155453886951e+01,-8.217725480564569196e+00
-1.066575881115864632e+01,-7.487065213095249305e+00,-2.817294706714287500e+00
-5.505084282541528040e+00,-4.350427001565444485e+00,-3.249433384644379696e+00
-1.462708333821706752e+01,-9.730215840996059740e+00,-9.269506196723318325e+00
-1.080909454766312905e+01,-7.363386744795727523e+00,-6.496114776855188566e+00
-8.106321043914784141e+00,-5.326283574680487298e+00,-8.189821350466113259e-01
-1.124002299188284937e+01,-1.065904200798277301e+01,-8.428821077345546087e+00
-1.354895728940855548e+01,-1.091929052991370597e+01,-9.174021923462694517e+00
-1.359945184182429401e+01,-1.336472099312521422e+01,-9.930296142212341692e+00
-7.332986937315023823e+00,-4.701681974160194954e+00,-4.043743264808809634e+00
-9.958855298997864480e+00,-6.117019480437692280e+00,-1.253876982034467957e+00
-1.412688055284072419e+01,-1.110673065088943723e+01,-1.070744651285623483e+01
-6.080518646744987876e+00,-6.057176657397847386e+00,-1.240458023781053853e+00
-1.864836842944242790e+01,-1.649568628459216058e+01,-1.230911583790814134e+01
-1.521206250657241021e+01,-1.078036925200529694e+01,-9.027924036016832687e+00
-1.878520779057722478e+01,-1.389907251558765822e+01,-1.245781748860873073e+01
-1.750899271168074023e+01,-1.688181323491742347e+01,-1.420883703126816577e+01
-1.146962494424867174e+01,-7.522721796407688011e+00,-3.395370614186789204e+00
-1.591236067705145274e+01,-1.262110299505699373e+01,-1.141131359353772723e+01
-1.302603524431672355e+01,-1.058220676500995339e+01,-9.417337637574767939e+00
-9.752514282014711711e+00,-7.582171681870840452e+00,-5.901249429297428684e+00
-2.077881137186089688e+01,-1.701891471793936361e+01,-1.683134224512247457e+01
-1.691518098301238382e+01,-1.602269758856342463e+01,-1.156092703995850002e+01
-1.441889864944935162e+01,-1.295737262845911708e+01,-1.054496231048700317e+01
-1.539505381538777407e+01,-1.420935909384182061e+01,-9.796197732386072943e+00
-2.078588651681577559e+01,-1.740194730362764730e+01,-1.664731918750212003e+01
-1.408258726917618020e+01,-9.305232269047060356e+00,-7.662455996705515915e+00
-1.297528488956501391e+01,-1.113470985651852097e+01,-1.067306612382177633e+01
-1.854278126462654797e+01,-1.504964224846697540e+01,-1.446883399720771202e+01
-1.968023298616569505e+01,-1.753362255377719947e+01,-1.381777774542776527e+01
-1.917922345612980450e+01,-1.722656242554379347e+01,-1.326656161875837725e+01
-1.971193151933951171e+01,-1.735988517989880009e+01,-1.644016870236768213e+01
-1.689253328717961011e+01,-1.509171598492586597e+01,-1.419145961916072451e+01
-1.647441197185801087e+01,-1.495451336802394415e+01,-1.443253301312269166e+01
-1.856045773555084111e+01,-1.544172339252014581e+01,-1.517754398119165238e+01
-1.557240209221813565e+01,-1.169000938511565124e+01,-7.134340900988048517e+00
-1.599632423846402496e+01,-1.109243504090201782e+01,-7.555412146583314836e+00
-1.974278169576898989e+01,-1.556918528245018685e+01,-1.297890782971541412e+01
-2.630211181387308983e+01,-2.137174092871972064e+01,-2.098717285461169624e+01
-1.814945301537623124e+01,-1.671328659759340240e+01,-1.274197077797174060e+01
-2.383993598479327147e+01,-2.084981187955658655e+01,-1.648972765949852004e+01
-1.366344799670573806e+01,-1.303259711982341429e+01,-1.082199815768942841e+01
-1.811395442703964065e+01,-1.455120000603294983e+01,-1.397964652735609725e+01
-2.378845860704562654e+01,-1.930747203611526075e+01,-1.815923043522065683e+01
-1.882015755555663716e+01,-1.771186074379735231e+01,-1.709451663948695810e+01
-2.392085333238309985e+01,-2.108142696639607294e+01,-1.890102590366510782e+01
-2.254513287385987041e+01,-2.241181043348773017e+01,-1.925479722193630039e+01
-1.455439590531232952e+01,-1.429754954646137577e+01,-1.242511531274764280e+01
-2.526050437663083414e+01,-2.071905196280610184e+01,-1.605536130309683074e+01
-2.542349508697317617e+01,-2.354883785514449812e+01,-1.999738637051117252e+01
-2.287675812391491803e+01,-2.248738335657252208e+01,-1.993298224572528810e+01
-2.643489702694843047e+01,-2.442538835532722175e+01,-2.135836768470596780e+01
-2.143218621030698401e+01,-1.970521560350531232e+01,-1.769756836522632071e+01
-2.271742151696762591e+01,-1.775582334862732381e+01,-1.737537487306785877e+01
-2.008492127282077888e+01,-1.604879687114045694e+01,-1.280638391245523522e+01
-2.413787527104150143e+01,-1.948015892272334426e+01,-1.693038338784917585e+01
-2.738680124087141721e+01,-2.355575709490803149e+01,-2.243472355706572330e+01
-2.003193730066232803e+01,-1.935918595495305894e+01,-1.556389305126124967e+01
-2.168228132979896472e+01,-1.686450567229750064e+01,-1.515789064016152565e+01
-2.739436536923416554e+01,-2.379745862057433925e+01,-2.079400618732470818e+01
-2.469492645500164940e+01,-2.039852485015130412e+01,-1.727669066849354351e+01
-2.623375752191747878e+01,-2.319129205557421258e+01,-2.234313371182223307e+01
-2.186820344160901897e+01,-2.038085473952695281e+01,-1.845418219578813535e+01
-2.462137090722698929e+01,-1.997276639850795732e+01,-1.961300620223022406e+01
-2.645784127539088004e+01,-2.285230213143124089e+01,-1.796780515871789419e+01
-2.637569345981665947e+01,-2.268111059122705697e+01,-1.988618158326394436e+01
-2.260790520206741405e+01,-2.137474663260850605e+01,-1.922770695873528979e+01
-2.285444747908582386e+01,-2.188974252656521813e+01,-1.838598627496617510e+01
-2.700777264257374100e+01,-2.354248882364210260e+01,-2.234801320503021671e+01
-2.581228616581100255e+01,-2.083753793202264859e+01,-2.000262576488391986e+01
-2.576904866902185631e+01,-2.093596558710607880e+01,-1.837660560680357946e+01
-3.088169809454458203e+01,-2.646617447825862968e+01,-2.356099513241085219e+01
-2.787022688884528421e+01,-2.473648700766980824e+01,-2.199641956875500526e+01
-2.128583408493841489e+01,-2.017414266218865038e+01,-1.606958224002492130e+01
-2.504517262155344426e+01,-2.415464434252587367e+01,-2.384566161296296372e+01
-2.538438894145777525e+01,-2.292462048109379680e+01,-1.875601998655927716e+01
-2.104114615298338720e+01,-1.935260885131716080e+01,-1.610251193267582082e+01
-2.635684604322964830e+01,-2.325958574801542156e+01,-2.089137712218187559e+01
-2.312006521592790875e+01,-2.102017103225278660e+01,-2.098968210462806638e+01
-2.109584565519434562e+01,-1.680057601848289295e+01,-1.496437228806795972e+01
-2.126086806524586592e+01,-1.693418917857204420e+01,-1.666936695734288776e+01
-2.372261694269635512e+01,-2.129645897822616618e+01,-1.794387935188377980e+01
-2.416506843455331222e+01,-2.169844499835447493e+01,-1.908900127575210348e+01
-2.069070654272812604e+01,-1.890857900777005085e+01,-1.859311167654195529e+01
-2.727863499600318420e+01,-2.317774445652239379e+01,-2.071365933345652266e+01
-2.851190677816323316e+01,-2.451072249211291165e+01,-2.139189399964990201e+01
-3.221585214561948618e+01,-2.867201739237119540e+01,-2.502333532948939876e+01
-1.993221323809612500e+01,-1.986566455268862086e+01,-1.634305972418380293e+01
-2.605727781674466215e+01,-2.177205261258960078e+01,-1.714393310362570944e+01
-2.484780502344909792e+01,-2.026044520983578678e+01,-1.777091514687045759e+01
-1.973474586776755757e+01,-1.699165897968298111e+01,-1.375493557247466825e+01
-2.718348770086690536e+01,-2.294646037181381359e+01,-2.162364295664634284e+01
-2.551775132103870902e+01,-2.243779157030769866e+01,-2.105130269687738220e+01
-1.818441456278062063e+01,-1.803883857309773475e+01,-1.802110328794047689e+01
-1.951036881754802366e+01,-1.666703152705821367e+01,-1.345727204971682767e+01
-2.735029004716049883e+01,-2.465174417336198331e+01,-2.004663391574830200e+01
-2.464454324656232487e+01,-2.450732797331566459e+01,-2.392224419647572020e+01
-1.837440986652554997e+01,-1.438828635608929574e+01,-1.204329405744786641e+01
-1.976638130758049883e+01,-1.723725238610995802e+01,-1.573357793873118382e+01
-2.145061248752360683e+01,-1.832388036111557739e+01,-1.572603881650101165e+01
-2.486724163477852656e+01,-2.426021942642770313e+01,-2.208868654425578626e+01
-2.118146509008957423e+01,-1.886451168948637758e+01,-1.553288248917168701e+01
-1.790075606676568043e+01,-1.747419967902132498e+01,-1.739440901814982965e+01
-2.148408711034644014e+01,-2.128697074631488562e+01,-1.686022103162172314e+01
-2.043603210999870612e+01,-1.725262870635508605e+01,-1.629302509022860690e+01
-2.324918666045630289e+01,-1.985768646725037456e+01,-1.776147800420711320e+01
-1.843679941311286541e+01,-1.704990364003779746e+01,-1.454149385427641405e+01
-2.479536644572532111e+01,-2.225382763542850739e+01,-1.881822321394431441e+01
-1.598895703188375350e+01,-1.509269247907199052e+01,-1.045508235609872472e+01
-1.987455177666291917e+01,-1.500281248845788440e+01,-1.327986951745373112e+01
-2.702519180091116979e+01,-2.269911696593564443e+01,-2.223000495317294778e+01
-2.229682024179722433e+01,-2.154995507923496589e+01,-1.809372081152957890e+01
-2.412959990353863304e+01,-2.123972626136086461e+01,-1.867800708481798466e+01
-1.945790016449314663e+01,-1.722079491144420516e+01,-1.424141113872349607e+01
-2.151817364597086168e+01,-1.884458897538864974e+01,-1.485153999008896619e+01
-1.636760071529424110e+01,-1.548650472794068556e+01,-1.305495323717592093e+01
-1.809422534420203377e+01,-1.427258034116454155e+01,-9.622185762207211113e+00
-2.036013388038191607e+01,-1.851703709181428081e+01,-1.412391422730270385e+01
-2.669769205618903385e+01,-2.194684445389596306e+01,-2.010513388161672310e+01
-2.052588291176164859e+01,-1.923539435358340199e+01,-1.696482866173792559e+01
-1.489037079566505639e+01,-1.341318855359237361e+01,-1.239076864559602420e+01
-1.470353463868376132e+01,-1.229676295500679117e+01,-8.008390883125764859e+00
-1.569442611885050454e+01,-1.145568220714760876e+01,-8.317556547501705921e+00
-1.934194467167699116e+01,-1.545881625464592446e+01,-1.434831026869134263e+01
-1.720700622046174644e+01,-1.655409540103476473e+01,-1.203887787911609131e+01
-2.246848375097791717e+01,-2.103492494690771508e+01,-1.854855420757112938e+01
-1.820882693813042508e+01,-1.807288600346230467e+01,-1.512136584663683259e+01
-1.941925541128475174e+01,-1.787601454282770774e+01,-1.748210615716829608e+01
-2.342309509206727469e+01,-1.882933855910824406e+01,-1.471693797356535072e+01
-1.549333818720563016e+01,-1.493428254252039267e+01,-1.484137464671061757e+01
-2.093555235098790490e+01,-1.698383553507486354e+01,-1.329788443819911592e+01
-1.645314779731207366e+01,-1.539038885657071276e+01,-1.287730487552170366e+01
-1.913202876035270350e+01,-1.625106154285321125e+01,-1.170733556254825558e+01
-2.277571102020707627e+01,-1.871314651452907185e+01,-1.473149658996200095e+01
-1.766827928268609327e+01,-1.341941893997223545e+01,-1.154670944216898754e+01
-1.307684278606389405e+01,-1.146186626304564449e+01,-1.001418011252483353e+01
-1.771878668998886752e+01,-1.536296514632581278e+01,-1.146500353390690563e+01
-1.401254377564433184e+01,-1.077013811482957806e+01,-9.676985444816537552e+00
-1.757034289729078580e+01,-1.622224109120613633e+01,-1.407379698329846818e+01
-1.908725863078295859e+01,-1.496139661260709275e+01,-1.136544304151259510e+01
-7.882822030169989169e+00,-7.228865720547664964e+00,-7.109851812639802482e+00
-1.725059081915465597e+01,-1.240758003494122974e+01,-8.606858706122034519e+00
-1.160193086417117669e+01,-8.319901882835198492e+00,-4.828825369122926148e+00
-1.832763665360519312e+01,-1.475913682417348838e+01,-1.258169359170429402e+01
-1.281647769212432131e+01,-1.092279818805871727e+01,-7.545224940475602438e+00
-1.261270881847141645e+01,-1.096675864150940427e+01,-7.769005492713393579e+00
-1.150270847837313326e+01,-7.529281708964744801e+00,-4.874779743568566914e+00
-1.122060438775389635e+01,-1.116409032519062272e+01,-8.118284747183913908e+00
-1.403538478638721720e+01,-1.207846955770573061e+01,-1.105591052071596003e+01
-8.266836929467293871e+00,-7.129541457435326635e+00,-6.917809854068012854e+00
-1.191447970671203471e+01,-1.162062668231423324e+01,-7.717296348855368748e+00
-1.419617135417421672e+01,-1.114260222671753908e+01,-9.873689297330836112e+00
-1.640261179653211343e+01,-1.204703288234530945e+01,-9.774207896910635185e+00
-1.089047994104519290e+01,-8.707370641238650677e+00,-3.787031869654737370e+00
-8.466115272958038673e+00,-5.140752447394309144e+00,-2.148545026345638043e+00
-6.207358381732499097e+00,-6.153905310304828902e+00,-4.802558792915434083e+00
-8.822990259633741061e+00,-5.145572814824628693e+00,-3.885779036542338361e+00
-7.901979824120401119e+00,-7.833951921078546654e+00,-7.302915021169597232e+00
-1.129918793298683610e+01,-8.728067259398930133e+00,-4.071731196562097033e+00
-1.087362510862429588e+01,-7.220009643757785867e+00,-5.421352970387808057e+00
-8.151792405179078216e+00,-3.657153963332673730e+00,-1.699082906697695794e+00
-8.794684666738847412e+00,-7.705823722580927182e+00,-4.016999316848217205e+00
-9.909157727049636932e+00,-6.732801687765045173e+00,-5.601433169205556339e+00
-1.222751518974165563e+01,-1.033074600057512882e+01,-1.001558608056718214e+01
-1.127886106111193953e+01,-8.123539884671327371e+00,-7.062760320711683804e+00
-1.108937604105094010e+01,-8.650553149792816754e+00,-6.287062994139985150e+00
-4.172138983505939258e+00,-2.435125664055076911e+00,-2.251824267094012733e+00
-5.813815423968485163e+00,-5.528083866127443180e+00,-5.333912856270666580e+00
-1.282442234504094447e+00,3.202055446094256297e-01,1.847838055136742152e+00
-5.342554263235637535e+00,-3.456014816959570801e+00,-2.373468096452349130e-01
-8.132276799073300921e+00,-3.143957400313837081e+00,-1.025292177624378187e+00
-5.055612787357141258e+00,-2.113939204682676376e+00,-6.058544234504026349e-02
-1.159046443823098116e+01,-7.618055514257430438e+00,-2.662205456387849445e+00
-4.185031011574317006e+00,-2.554487067557232649e+00,5.422800540955661219e-01
-1.965536038777179861e+00,2.341019112276822689e+00,3.819166976417907478e+00
-4.056041217003983235e+00,-3.544613943737817241e+00,-1.268609545044681486e+00
-2.439400231002296415e+00,-2.295640514487088168e+00,1.212192826224978148e-02
-3.764911624042204252e+00,-2.752609365625886539e-01,2.416695839183898187e+00
-7.398472264640588492e+00,-2.761352161516388293e+00,8.146862965445134108e-02
-5.847970968043760820e+00,-4.968494305407165967e+00,-3.398172691193556361e+00
-5.528449381010058339e+00,-8.072659350449036264e-01,3.330150150401251175e+00
-1.595711818077293120e+00,-4.972026303588092944e-01,3.937523057286781203e+00
-5.518054796128391892e+00,-2.094401385695161988e+00,2.441049872183402858e+00
-6.488589154133157955e+00,-3.619100337990922789e+00,3.756107030919539902e-01
-6.767721928344639259e+00,-2.613400450578533984e+00,1.634588330785321730e+00
2.216414072579649286e+00,2.772579768301035141e+00,4.917525278442905545e+00
-4.562611663582913479e+00,-4.034939932515055894e-01,2.461520476936882140e+00
-2.805493983748906128e+00,-1.129950124958678970e+00,-9.421859496745476070e-01
1.350189703921929940e+00,5.222277249295441237e+00,9.562644105456564958e+00
-4.305501895557268810e+00,2.310768462662229350e-01,1.648768703464282614e+00
1.401911435144094220e-01,1.679387442635910332e+00,2.869789353587383740e+00
-4.071208710344350834e+00,-9.599094010335171845e-01,1.007557803365036975e+00
4.719367548119866029e-01,4.269102654600263946e+00,4.508284686864948654e+00
4.114281540121913494e+00,4.681013162250887483e+00,4.713183600020506958e+00
6.513608115695326717e+00,6.596157804214422882e+00,8.535299254341733644e+00
6.826099727943111262e-01,3.905286071281227400e+00,4.417054313689545708e+00
5.356251882987037582e+00,8.208886385807854680e+00,1.314125621400782862e+01
2.317566893125159844e+00,6.531905887175589953e+00,1.006078251017976299e+01
2.254462227418535747e+00,4.262622665648336806e+00,7.845379153244069315e+00
4.605646048962728223e+00,5.468078266239070118e+00,8.268573424800468530e+00
3.706905747530718997e+00,4.946295927360192302e+00,6.993440247435348311e+00
-6.643048600288370409e-01,1.105735494590756041e+00,5.688164131664703582e+00
3.048557021512381837e+00,4.507521131491402322e+00,5.702099178794557410e+00
-3.504944723370284621e-01,4.257710199858648181e+00,7.733907957214276152e+00
3.335411680416230151e+00,5.348204422383516565e+00,8.683068468894392211e+00
6.227847828541928088e+00,7.074189729696865214e+00,1.068631755061073463e+01
1.248811983819818838e+00,4.968797925568853913e+00,8.285244854342858289e+00
7.119554598324864259e+00,7.998462036912462381e+00,8.365200593409070962e+00
2.723227469938326983e+00,3.955494616213189651e+00,7.005693672216202650e+00
3.920822026685148565e+00,8.455981983285150605e+00,1.075567814754048257e+01
2.873891504925889073e+00,6.432199555164464400e+00,1.020505389810453067e+01
4.479153644778325116e+00,6.580366645341073628e+00,8.666964642523975471e+00
4.613352147796248914e+00,9.065362511139555934e+00,1.125614005203361678e+01
7.256061043041879266e+00,8.215736228561439702e+00,1.192459394206192513e+01
6.272861272448551517e+00,7.002400629594091264e+00,9.578679179631333085e+00
9.316935649541317588e+00,1.110682282002310828e+01,1.122514494825532694e+01
9.078741387248987493e-01,5.095951788053628917e+00,7.346942529501999886e+00
5.872258214759353834e+00,7.429050372694255167e+00,8.396734580886416666e+00
3.145451934331884303e+00,6.516552677675829131e+00,9.648676016891728935e+00
8.635285782465441429e+00,9.442261509102502615e+00,1.332124103552033922e+01
7.803353934560112393e+00,7.831945632925068068e+00,1.256310275857505943e+01
1.039829852742698080e+01,1.104518043453392551e+01,1.220411593634253222e+01
7.594212596812056404e+00,9.614040808757582823e+00,1.064744210983691275e+01
4.038211217594510849e+00,8.917563092943009195e+00,1.271646964199901220e+01
8.322303509250806641e+00,9.047482085162876331e+00,1.322760254958897974e+01
1.449672668173721313e+01,1.649307380681045387e+01,2.103074745645617938e+01
9.423329091942697744e+00,1.074905504500708453e+01,1.323689713373804011e+01
3.748868045801931892e+00,8.295036932517042771e+00,8.511394104558888785e+00
9.218263579764094828e+00,1.210722559264186060e+01,1.290388847419247220e+01
8.127719192186759756e+00,1.201508863060519161e+01,1.409780527270729067e+01
8.507746915905302743e+00,1.113867089925010667e+01,1.360906350205411641e+01
6.497490000985063574e+00,7.668516655495950296e+00,1.139042507303497587e+01
6.626354544574459382e+00,1.042127688754836079e+01,1.321466843807476899e+01
1.701389516880442443e+01,1.750428548823452601e+01,2.166205604901582760e+01
9.907843778729128914e+00,1.149668336000588376e+01,1.241182660556662576e+01
1.252646916358714968e+01,1.327416725216914983e+01,1.591314018259551943e+01
4.121245684009513965e+00,8.879237118062679457e+00,9.576144710452437536e+00
9.187930753371384540e+00,1.219787454353330958e+01,1.628698753422207801e+01
1.086522213925160685e+01,1.097202157490811203e+01,1.407278595912126562e+01
1.087917012064935918e+01,1.356536708081139864e+01,1.492663809212096204e+01
4.524641088133425804e+00,9.100183863384913252e+00,9.693707332484649442e+00
6.578739950067983955e+00,8.905996780748839825e+00,1.165354585646450580e+01
1.091473474401998445e+01,1.275946612116878143e+01,1.714103283890326779e+01
1.435029598069363566e+01,1.870498370980402214e+01,2.363200500865780640e+01
1.228312369134367721e+01,1.273878944591425366e+01,1.280754434613160520e+01
6.830237216771923414e+00,1.182700571209826279e+01,1.540284936310221120e+01
8.967854910299157822e+00,1.379555263162243151e+01,1.604452019780237038e+01
7.217213792171595976e+00,8.160164974197883225e+00,1.250583539041971903e+01
1.005570207651273229e+01,1.209782154554680034e+01,1.373383284456354936e+01
9.944771538548160095e+00,1.112075197735110876e+01,1.556365247944455987e+01
8.256889959965038273e+00,1.323295258555424958e+01,1.389130505609951882e+01
9.284430453193346366e+00,1.275365994588643126e+01,1.678345477864211688e+01
9.122262084613693034e+00,1.167059862688226524e+01,1.583958078316901030e+01
6.461925898329330842e+00,1.056158199438728040e+01,1.413593915216578623e+01
1.680317695700545144e+01,1.942947437524296461e+01,2.167557113169197081e+01
1.447830815267655424e+01,1.521030831495641245e+01,1.709530294688728702e+01
1.087449823801920878e+01,1.250363339309555855e+01,1.335197276723161863e+01
1.691524302607376740e+01,1.773014980004536056e+01,2.216750891537657253e+01
7.869198821616279815e+00,9.671882368415039011e+00,1.097869108173800967e+01
1.126875445422152211e+01,1.558691893371061532e+01,1.661244373043160749e+01
8.083861491240828201e+00,1.053419790424087310e+01,1.338040679494399932e+01
1.571884149684267484e+01,1.574351973855552345e+01,1.987516479238555434e+01
1.368013301090633149e+01,1.777616527018324888e+01,1.982523595424413898e+01
1.261543915689191664e+01,1.676248590542071071e+01,1.958658117498754692e+01
7.978906178088683632e+00,1.212376984027313931e+01,1.274200253587501841e+01
1.212966027758633025e+01,1.273637644064904428e+01,1.671830828226103094e+01
1.421514972381800312e+01,1.794157330599296074e+01,2.085012164421492997e+01
9.415455796813510858e+00,1.167377962786819978e+01,1.457097690404185997e+01
8.242541731960198348e+00,1.024538110440745164e+01,1.215578156182278668e+01
8.883279506851087248e+00,1.320922669827046469e+01,1.787419120397415995e+01
1.309510464491966175e+01,1.504149639904001745e+01,1.668219292090722661e+01
7.474696912949842620e+00,1.166958019848576100e+01,1.476839480733733190e+01
1.289527305066449614e+01,1.691308352210889510e+01,2.133522750275862023e+01
8.302745452343231136e+00,9.997560764456856930e+00,1.197202792086762990e+01
1.700112009708668737e+01,1.701812500700177821e+01,2.178267705680120514e+01
1.460445558325482907e+01,1.495004970243496523e+01,1.793617258353716082e+01
8.728407574560602455e+00,1.336356169213376077e+01,1.654786115864120077e+01
1.150538249347539654e+01,1.605570126472866477e+01,1.800250629007132730e+01
4.523046506186934934e+00,9.230067797475326685e+00,1.051929030144586008e+01
1.069952444474750308e+01,1.403984999506759834e+01,1.732449374389400987e+01
8.521473357182546948e+00,8.769540637209811251e+00,1.112993896336980626e+01
1.224666669185239876e+01,1.266602718759702917e+01,1.620625040674250528e+01
6.373693988822067169e+00,1.000747383864952056e+01,1.489767275954773496e+01
1.080168647507629132e+01,1.164047029811641742e+01,1.657829014564844172e+01
7.205179980954449448e+00,1.043821259212861996e+01,1.048338638004867107e+01
4.148444847154683757e+00,6.679230509400095883e+00,7.573900553498701171e+00
1.172547841749914710e+01,1.400341346368534090e+01,1.825603712812674218e+01
6.458546176447207188e+00,9.809351974342673586e+00,1.329027310232829251e+01
1.497165438712325880e+01,1.575976241222619478e+01,1.903914466352262025e+01
8.804562202216526856e+00,1.366332012140497376e+01,1.464362221831691180e+01
2.829232796004390593e+00,7.171451256304547606e+00,1.146159335371331878e+01
4.558642039611241259e+00,8.466687007589799308e+00,1.017313195537362880e+01
1.057221128924559395e+01,1.486375080345739086e+01,1.803154724349387195e+01
1.045267643030081750e+01,1.110237895403413155e+01,1.158838551764435998e+01
6.628650512048125165e+00,1.019161794739097715e+01,1.461850574308044770e+01
1.377811544494235108e+01,1.443289546554028746e+01,1.820865944523013624e+01
9.710803727096246618e+00,1.359981099275874072e+01,1.412579983859708044e+01
9.215939328557064769e+00,1.287193580465072884e+01,1.289183828340595284e+01
1.152946412402168619e+01,1.269978647464165888e+01,1.676216890678050575e+01
1.279428956976606102e+01,1.520983332472290073e+01,1.561505400013689737e+01
1.268996511845415931e+01,1.394088215316886092e+01,1.399365122258045346e+01
8.333543885974382448e+00,8.403449857194221551e+00,1.109910065928211687e+01
3.686888753668873697e+00,7.281910977811387298e+00,1.210892551371606984e+01
8.699083988619875640e+00,1.217119698084959722e+01,1.369053879186499323e+01
1.087818628465391235e+01,1.100888234983294645e+01,1.537602791136901459e+01
6.086752231199660912e+00,8.339208980336408672e+00,8.654328291564208797e+00
-6.456111335030465526e-01,4.349082313518600529e+00,7.194742239242215120e+00
2.042507598208135100e+00,5.122972326239398910e+00,9.824498481979777154e+00
5.545573116774849431e+00,8.939052076938137859e+00,1.385726642718025836e+01
2.305975037776772929e+00,4.024508406185431042e+00,6.301860713345573295e+00
7.530172344185426248e+00,1.083342539353347078e+01,1.473232225675706708e+01
1.032456544194337589e+01,1.092821243692244337e+01,1.318038477587899138e+01
1.038364928242790342e+01,1.406049528743251642e+01,1.681089838330519015e+01
8.229450875052382486e+00,1.003755517168183431e+01,1.022618286652703112e+01
8.352376797223401539e+00,1.262808600604016007e+01,1.474889453612983736e+01
3.150210327247770170e+00,4.432197454964873273e+00,4.875889650227251515e+00
5.922167490857397354e+00,7.837290818065181242e+00,1.196199348600403667e+01
3.636216848567926263e+00,5.818150086146330224e+00,8.714182718878713985e+00
3.596320779783653165e+00,6.890470648215420546e+00,7.567015438362480140e+00
4.919525600113154873e-01,3.983377568242743472e+00,7.855942506839466155e+00
7.508045964948138362e+00,9.555833449366694765e+00,9.619157902766133361e+00
9.878854848237489605e+00,1.035315779392153246e+01,1.482186720002269098e+01
3.961636510104300513e-01,3.590366171889145974e+00,5.300206023673700528e+00
1.819100503795016976e-01,2.018345442447513793e+00,5.308681064269847205e+00
9.519911554902313000e+00,1.004759893929174908e+01,1.416751853009037632e+01
-4.259570075991939930e+00,1.838091566436803603e-01,2.182048546413950518e+00
2.695125450106485410e+00,5.226970716956441443e+00,5.353238863913019507e+00
1.373231004028685032e+00,4.929584345985939642e+00,5.222026333854508096e+00
4.064762308449596517e+00,5.467119854260349854e+00,5.537388172345124815e+00
-5.463401985198186317e+00,-3.184800325671207410e+00,-1.551740710533174639e+00
1.833046137524342090e+00,4.308673552523861083e+00,9.081621611049575549e+00
-2.998463095349275243e+00,-1.266293444425738990e+00,7.276147436259106094e-01
-5.148097187724953727e+00,-1.820456653851629802e-01,4.089822615340310108e+00
-3.354637194548714341e+00,1.921156156976775442e-01,2.876832329068406580e+00
-1.584200938822117877e-01,3.125078063084630653e+00,5.162143765729432232e+00
-7.238992920323585878e+00,-3.905410055504574096e+00,-2.134642016859499947e+00
-3.848687919466943885e+00,-2.782785873047481040e+00,-9.611377888360159716e-01
-8.526567200420176462e-02,3.553467508241050510e+00,6.077409584063415693e+00
-4.926625602853869523e+00,-3.277034624870220902e-01,3.168265236591687906e+00
-3.444490354262546017e+00,1.517710328891511029e+00,5.243619457064072620e+00
1.545999584722215436e+00,3.422756685725475645e+00,6.868100555197299784e+00
-3.872200470709402875e+00,2.284649375952655381e-01,2.867386197842647366e+00
-1.833716611215475245e+00,6.081795423127160927e-01,3.805669450974970225e+00
-2.463986783321617802e-01,6.659357628966979803e-01,2.281484499107086172e+00
-3.676485967100607599e+00,3.628179982772112844e-01,4.811627393249665374e+00
-7.151009848747969855e+00,-3.529815865819762255e+00,8.748411795605472996e-01
-6.928631884454802048e+00,-2.105545456434320784e+00,8.538274546381745544e-01
-2.710376263036748945e+00,-4.891326536106956890e-01,2.087105257999994024e+00
-2.213875931360273164e+00,1.017333501227694725e+00,2.699764913130339838e+00
1.628018129689614124e+00,2.504824597528649832e+00,3.137386881551686546e+00
-2.328352654555875034e+00,-1.954367379346407363e+00,2.193810665766486423e+00
-4.118194603845817259e-01,1.331518890908081953e+00,3.065070909713022207e+00
-9.230712788209874731e+00,-8.067443154250721449e+00,-4.393458982619870667e+00
-6.965322978542992871e+00,-2.102332319554101048e+00,2.311971134064632061e+00
-6.299541429033578055e+00,-4.642998472001320209e+00,-2.339428707421580711e+00
-7.757697358955199185e+00,-4.492704746955860529e+00,-4.418134669856035757e+00
-1.514657741650328759e+01,-1.123747267321003918e+01,-1.122034138298142381e+01
-3.869466777208470987e+00,-2.487575012249354955e+00,-2.292881191263274054e-01
-6.166705830851600290e+00,-3.540193775048518177e+00,-2.480117638965237514e+00
-7.880424252652039385e+00,-5.697107848383230255e+00,-3.538349038877535602e+00
-5.020384350955688468e+00,-4.775282455105912760e+00,-2.038906375056658504e+00
-8.608478141094799696e+00,-6.338288419608950619e+00,-5.693825344372143604e+00
-1.087458703901618229e+01,-7.132888785605593363e+00,-3.494355095394122035e+00
-8.581496771518137834e+00,-7.154587905423078098e+00,-3.048575768058254809e+00
-1.303444443773254235e+01,-9.031149484527166038e+00,-4.346698250247045259e+00
-9.505178719899038953e-01,3.247186783622392880e+00,7.042833929096088852e+00
-1.309544246337030771e+01,-8.668669332652649828e+00,-3.693012730878288963e+00
-4.258138363279964089e+00,-4.193882458438532801e+00,-6.978300148496776600e-01
-5.888946796110511528e+00,-5.237748202179493440e+00,-3.201911118787660104e+00
-9.273762960589605697e+00,-6.185662529849268232e+00,-5.526551668088684366e+00
-8.311515959936695452e+00,-4.004735913392881486e+00,-3.311401380629233504e+00
-1.134633722515289733e+01,-1.099286276903999848e+01,-8.083646094416678807e+00
-2.063165568223445234e+01,-1.578612850978761983e+01,-1.176043524296798815e+01
-1.321734088792401707e+01,-1.133829756463275551e+01,-9.866474911697720174e+00
-6.938909202083388905e+00,-2.974255639646191440e+00,7.561586472823567107e-02
-1.289051057513863974e+01,-9.219719510561604991e+00,-6.057605635921289533e+00
-1.685496630698223441e+01,-1.316669193808338711e+01,-1.020768093454806191e+01
-1.118790667171531439e+01,-8.649847148010302078e+00,-7.310817085421601469e+00
-1.335313311300435224e+01,-1.084709690452043418e+01,-7.797165135348170573e+00
-1.481660280726343082e+01,-1.381846429028465550e+01,-9.718296905468083224e+00
-1.342845102289154191e+01,-1.339300966655000025e+01,-1.187361485957680252e+01
-1.207858388827379414e+01,-8.976498430537331430e+00,-7.496164775671545044e+00
-1.030652016212917133e+01,-1.023413418205530157e+01,-5.725293962781544899e+00
-1.367183481416499902e+01,-1.132579554063703853e+01,-6.717974729937058243e+00
-1.126980825457676438e+01,-1.103154212984204818e+01,-9.351909560406715727e+00
-1.485050471643602066e+01,-1.438984690511743736e+01,-1.294193921736854769e+01
-1.178797083043589566e+01,-9.627350817682616579e+00,-4.746361117156428833e+00
-1.878559259428335793e+01,-1.510838024248647571e+01,-1.248927467755799370e+01
-1.201910702996983282e+01,-1.145518930253045653e+01,-8.531398906001639304e+00
-2.087762549482150121e+01,-2.083252121223897291e+01,-1.651841623829434269e+01
-1.824370550670901991e+01,-1.335861683458051274e+01,-1.119668476499985310e+01
-1.548241727358310982e+01,-1.229361005981519916e+01,-9.301710542247525026e+00
-1.606763782544780028e+01,-1.412811194845248508e+01,-1.138403932581410771e+01
-1.911188368959317430e+01,-1.466566219347918754e+01,-1.155174961556373070e+01
-1.200170804791988743e+01,-1.116992990854411083e+01,-1.116275492465126895e+01
-1.925517514508008077e+01,-1.835700970989589464e+01,-1.407423142146087081e+01
-2.092388873736360821e+01,-1.718199432665418769e+01,-1.414984930904130778e+01
-1.952779785638388077e+01,-1.549261148750163386e+01,-1.534976487242704302e+01
-2.366091711091608119e+01,-2.335577448737542383e+01,-2.334601568821415896e+01
-1.961364522633738972e+01,-1.657930974825133674e+01,-1.655370670759610974e+01
-1.477263059614697305e+01,-1.171266421299224270e+01,-1.022378191080675158e+01
-1.783571480932489806e+01,-1.671858261160495829e+01,-1.318029830428858062e+01
-2.165275460266418150e+01,-1.697686723263639408e+01,-1.602777237855363524e+01
-2.155750534479335556e+01,-1.686381296518295159e+01,-1.593203073106174728e+01
-2.230201631056914380e+01,-1.957646223855349987e+01,-1.531984816470460409e+01
-2.381209313620026435e+01,-2.292554035757661524e+01,-2.218947952129787282e+01
-2.515161704655713137e+01,-2.021770325793085377e+01,-1.772078560125893532e+01
-2.055342585225018581e+01,-1.722633663923308944e+01,-1.399334532478128068e+01
-2.158956631978147911e+01,-2.124963120244711234e+01,-2.124677383506458384e+01
-2.362984938839299787e+01,-1.975707707518667178e+01,-1.801134691023295531e+01
-2.315827929727572609e+01,-2.047216569442550238e+01,-1.599694878308327084e+01
-2.697357797063781604e+01,-2.338938725014609332e+01,-2.066911741575945172e+01
-1.276939900950601015e+01,-1.250470044884417753e+01,-8.010049089587816695e+00
-2.437712198447058398e+01,-2.339073259597404331e+01,-2.095463793633385663e+01
-1.504926126637484529e+01,-1.359800979196427306e+01,-9.063879498857115635e+00
-2.340498682980372891e+01,-1.953999768328093367e+01,-1.884034538016152993e+01
-1.680615188406968130e+01,-1.556529729561594699e+01,-1.497870633423197617e+01
-2.494971643956423435e+01,-2.338385653185698487e+01,-2.238564216680770969e+01
-2.040736427723657798e+01,-1.607005078721917357e+01,-1.522680093479674035e+01
-2.297013327853314735e+01,-1.837695877300820513e+01,-1.716247926255271850e+01
-2.724935673425108362e+01,-2.484752584076445103e+01,-2.235473434621670563e+01
-1.918920678828132154e+01,-1.796542770383124932e+01,-1.518058481119703274e+01
-2.009205435780487292e+01,-1.819978574756635936e+01,-1.770432060009039077e+01
-2.196693150384988158e+01,-1.791984650759703968e+01,-1.441218351406934417e+01
-2.233892395712891954e+01,-1.829817416260256380e+01,-1.627595800177259378e+01
-2.656038582998014874e+01,-2.440558095662052196e+01,-2.304693272924051684e+01
-2.169824192465445023e+01,-1.927660640691050276e+01,-1.527156407438456576e+01
-2.632569406466086193e+01,-2.235919429409585035e+01,-2.045817982869910523e+01
-2.619125866072179321e+01,-2.212186633100510846e+01,-1.787390805451376607e+01
-2.760627807966651659e+01,-2.265065737325120665e+01,-2.081413072558009247e+01
-2.634095552819905706e+01,-2.162305950359817430e+01,-1.755046558541487656e+01
-2.277726438380231144e+01,-1.777937397050623858e+01,-1.763654462080468122e+01
-2.115064686368427260e+01,-1.723112337758397317e+01,-1.225483161135761456e+01
-1.838661862506410571e+01,-1.819941909027699722e+01,-1.816252179851501580e+01
-2.580681869329117362e+01,-2.394481783885741422e+01,-2.188177918341654049e+01
-2.771034874302294071e+01,-2.578035602353469713e+01,-2.146839748082900456e+01
-2.285281017718446606e+01,-1.906652137461188801e+01,-1.847240975669950203e+01
-2.824313861477028098e+01,-2.501592120292325205e+01,-2.172408305550911933e+01
-2.069176453063718668e+01,-1.795202675191003294e+01,-1.402707225475417729e+01
-2.353234276050835305e+01,-2.088996383203113538e+01,-2.017760211064940989e+01
-2.617599324649684078e+01,-2.123149844894479443e+01,-2.034951452337624644e+01
-1.898275342966886825e+01,-1.885988675549278426e+01,-1.403688947482140392e+01
-1.733554499488185385e+01,-1.687615545318186605e+01,-1.671449008042794659e+01
-2.267529941231352097e+01,-2.040306549903194977e+01,-1.549782401655704156e+01
-2.845417544161288959e+01,-2.379160052724513363e+01,-2.367233255643046164e+01
-2.458146795932605144e+01,-2.215916583062356082e+01,-2.051146137366317035e+01
-2.386953618442066016e+01,-2.338698343287376247e+01,-1.994499708627315115e+01
-2.353082265479227786e+01,-1.858237773801862147e+01,-1.393082102491442953e+01
-2.675966052690108654e+01,-2.624197561060639572e+01,-2.279624673287064951e+01
-2.844698208549950991e+01,-2.619287694201784689e+01,-2.228155417468170896e+01
-2.098004567031193091e+01,-1.661598778405155841e+01,-1.523171197660968623e+01
-2.344775959490200634e+01,-1.853121041130030378e+01,-1.379355949078110477e+01
-2.417067817585333245e+01,-2.090240506301713452e+01,-1.853664815269787525e+01
-1.824705616165739031e+01,-1.600832598660949557e+01,-1.500453878255665430e+01
-2.639544900000203498e+01,-2.296948170053081384e+01,-2.001267215698160129e+01
-2.187493028967804065e+01,-1.884868864316253223e+01,-1.603665418718231805e+01
-3.152863697336335136e+01,-2.662434483811536978e+01,-2.385440091951255326e+01
-1.943598752825525366e+01,-1.879592887458055017e+01,-1.866019500741366244e+01
-2.480506780576056158e+01,-2.188747968209837325e+01,-2.129388194844727877e+01
-3.063372733735917919e+01,-2.806938444354072715e+01,-2.639687197842424382e+01
-2.227933134375641444e+01,-1.970468517472109582e+01,-1.657882082519279265e+01
-2.015463871168023857e+01,-1.885975985429251622e+01,-1.501268196396186028e+01
-2.075335705471024639e+01,-1.640787301951628763e+01,-1.501460627250140334e+01
-2.620624776014123114e+01,-2.467060528292547161e+01,-2.457753077299637212e+01
-1.910428064197952835e+01,-1.654147322548697474e+01,-1.387157050214028331e+01
-2.046033734299818008e+01,-2.027551716403736748e+01,-1.737981061538048877e+01
-2.160793715112373903e+01,-2.154346356730318846e+01,-2.092836585434336527e+01
-2.228480880925913965e+01,-2.166014697945767864e+01,-2.115982849133639832e+01
-2.521992824636531694e+01,-2.301819445677785936e+01,-2.274991334934284382e+01
-1.765858562413944099e+01,-1.351591031708884216e+01,-1.035971114131023363e+01
-1.811217795246063744e+01,-1.729137528172077509e+01,-1.242455478527316259e+01
-2.138179589637424982e+01,-1.966841960205243467e+01,-1.517846453627888792e+01
-1.893562138219445501e+01,-1.711801192883454092e+01,-1.695990874345126898e+01
-2.132982940364730240e+01,-2.000886770207998211e+01,-1.568594378945390666e+01
-1.960907802027914215e+01,-1.479491252561069103e+01,-1.301580692506945702e+01
-2.516153957734331925e+01,-2.387307346684071518e+01,-1.972051250857771620e+01
-2.419898729296399154e+01,-2.138926347493694635e+01,-1.754624593400099997e+01
-2.251236877505205669e+01,-2.087168587593444613e+01,-2.021883239747480232e+01
-2.347434184425148374e+01,-2.023668261042055860e+01,-1.821511497867232521e+01
-1.845262085999792845e+01,-1.733160407729875629e+01,-1.354006102803617395e+01
-1.862004130089787424e+01,-1.545124743750962537e+01,-1.066155071657892961e+01
-1.774840890249651437e+01,-1.524331050672698851e+01,-1.282957247544475088e+01
-1.837934125637991301e+01,-1.567812568309608778e+01,-1.115897859145230875e+01
-2.300951669823302836e+01,-2.031982723063345020e+01,-1.858040285636159084e+01
-1.581242422352081789e+01,-1.540450442030291356e+01,-1.522765716864724617e+01
-1.408033855936817069e+01,-9.913764607809760321e+00,-7.104662622582349485e+00
-1.695443235980678054e+01,-1.598714429571007400e+01,-1.212256984980279917e+01
-2.247470504546607017e+01,-1.752538119899757163e+01,-1.387406008537920421e+01
-1.643119109914042397e+01,-1.209047887266465082e+01,-1.068149887203492199e+01
-2.400272297571289215e+01,-1.968694842749025042e+01,-1.791657244260855819e+01
-1.263918643257133922e+01,-1.198628600540115841e+01,-9.535192900395259130e+00
-1.462494506085850077e+01,-1.264677655321160366e+01,-1.071080207918976157e+01
-1.189001720765233472e+01,-1.016095879189178319e+01,-8.580159773986885341e+00
-1.155336707961686749e+01,-1.000769032336614472e+01,-6.123254451229934503e+00
-1.579708228218128951e+01,-1.266188234907193788e+01,-9.352000479730309124e+00
-1.066941908119913762e+01,-7.661571720862568213e+00,-7.107282507141242434e+00
-2.382621369326295735e+01,-2.092165830601095777e+01,-1.871846536449288578e+01
-2.334975693038193256e+01,-1.995454541930984504e+01,-1.739509630755739167e+01
-2.070470027369815469e+01,-1.949362097147946926e+01,-1.883538610281425463e+01
-1.788015704067937151e+01,-1.288910514597560208e+01,-1.057145141944692668e+01
-1.739890394878019464e+01,-1.582034449967792256e+01,-1.511424411016287195e+01
-1.231276790367888552e+01,-1.177472475067312629e+01,-7.454093032834204102e+00
-1.362307635252944493e+01,-9.745264152255490586e+00,-6.271024152897327397e+00
-1.759911138769345129e+01,-1.597200544388514132e+01,-1.187675110540720880e+01
-1.984026016569682938e+01,-1.561229650591212348e+01,-1.472222131093153585e+01
-1.657943641507544186e+01,-1.298205885454346031e+01,-1.064218631583444719e+01
-1.447372837881266960e+01,-9.926690113489822664e+00,-7.782511789125932111e+00
-1.249233458708413025e+01,-1.099047110639731528e+01,-6.799995796548684801e+00
-1.167923230734891860e+01,-1.093651395003868743e+01,-7.560847582238529263e+00
-1.588846986859582344e+01,-1.300224687779321009e+01,-9.344420119815840309e+00
-1.137290702924774877e+01,-9.102863027145918551e+00,-4.431297156276156279e+00
-1.611363011350893970e+01,-1.424332893198590178e+01,-1.073280687399680566e+01
-1.249045059383974987e+01,-9.257623127803306318e+00,-5.687434344647122941e+00
-8.776040570148019526e+00,-4.945847710640901340e+00,-3.421928252288104932e+00
-8.283303036374363160e+00,-4.330335199042369965e+00,-1.635036469105424217e-01
-1.291268831626117120e+01,-1.047365670054030140e+01,-9.605055713855076505e+00
-1.568185116738431972e+01,-1.136384349408673877e+01,-1.089027964023785344e+01
-4.253277792473478591e+00,-2.543055345742702755e+00,1.184552394157946775e+00
-9.831417487168614855e+00,-7.350377197007672336e+00,-4.523202325786527922e+00
-3.560427770248625556e+00,-2.214599214772724700e+00,2.729664969306437428e+00
-8.689340120487816677e+00,-4.427042681566998539e+00,-2.757853972207445103e+00
-9.805261416460371748e+00,-7.472163158053362508e+00,-5.758941642043196474e+00
-1.409598665132592288e+01,-9.736673309454396019e+00,-4.967179917534009448e+00
-8.810807083291248176e+00,-7.587989772234799091e+00,-4.471389837556550617e+00
-7.488302134294007040e+00,-5.220785260620508517e+00,-4.558041157874521687e-01
-8.474267913916978756e+00,-6.422105905782377278e+00,-4.689917526316593310e+00
-1.371170205198062675e+01,-1.070980412443208962e+01,-6.125934719586237698e+00
-8.428271521421077495e+00,-5.333448136387118232e+00,-2.025185020277902481e+00
-8.185287420118376289e+00,-4.272741600179504218e+00,8.260890301613876829e-02
-5.558052183597965268e+00,-4.227438608403147668e+00,-2.184151397506329584e+00
-8.717500365189113865e+00,-6.817089685853041203e+00,-6.808157579731542342e+00
-6.138350102814241538e+00,-2.219370109171700634e+00,-1.724598066015135656e+00
-6.902670963874038002e+00,-3.592267738439111735e+00,-1.692034871109315386e+00
-1.416591606090460331e+01,-1.003695946343159129e+01,-5.134504924874649490e+00
-4.943428399799452144e+00,-3.169197908646216089e+00,-1.493650795693588940e+00
-8.586383499692908927e+00,-5.619104943974115862e+00,-1.752916760387210893e+00
-6.562441842752266830e+00,-5.759867583470445140e+00,-4.151362568348631044e+00
-7.116527892380686282e+00,-4.464136410204096350e+00,-7.993727076507681772e-01
-6.913674410298559891e+00,-2.958167593980520316e+00,-2.592389572976076639e+00
-4.508653256634383766e+00,-3.115017146285197658e+00,-2.246421844174121496e+00
-5.025806896844533522e-01,-2.934932800721670176e-01,3.862772095408543160e-01
-9.757930689682844161e+00,-5.436738642115144238e+00,-9.913546991375588036e-01
-4.688445753729685528e+00,-2.775239490009885124e+00,9.490648200601805584e-01
-2.362084710366024076e+00,-1.356199414823656246e+00,2.309434030826629236e-01
6.944430821118717789e-01,1.577647136655664806e+00,3.603274688215289512e+00
-5.040176786906283901e+00,-1.248862030787340816e+00,-6.379363217274139908e-01
-5.961641498923928140e+00,-1.391944182493275006e+00,5.620109220197710975e-02
-7.442305844904659295e+00,-2.692563395003257920e+00,1.495783908540250007e+00
-5.814929729395188929e+00,-1.029433252334662097e+00,1.243148635536238888e+00
-2.140315111368787271e+00,-5.025762962568189884e-01,1.900198038090590291e+00
-1.268704721303111516e+00,-8.688868413082140307e-01,2.616956895356877588e+00
-6.272458439101659344e+00,-3.920984836562833920e+00,4.549640843009905566e-01
-1.025776256350118709e+00,2.294588503694716675e-01,4.226106717952056613e+00
-8.472856266350586196e+00,-5.875462946479080628e+00,-1.334262770963308142e+00
-3.193604355671325834e+00,-1.334301549295090261e+00,9.805959766002012579e-01
2.346973015093478665e-01,6.609368606380283673e-01,3.109223747461596243e+00
1.178221882259542941e+00,4.921663789843662151e+00,5.893816064718598646e+00
-1.147157752978605672e+00,1.625878249227860284e+00,3.846589671490118878e+00
-6.023827270893020724e-01,2.325977932577543150e+00,5.888884301829784285e+00
3.572686584342131155e+00,7.852666207564980461e+00,9.448617876514514791e+00
-1.963380739611916059e+00,2.572897455095828345e+00,3.646112003487557818e+00
2.575526944735741175e+00,5.153902557775914772e+00,8.701651073672461933e+00
2.254811942163255090e-01,2.408345935294972762e+00,5.729710950271764247e+00
4.305583223187507969e+00,4.644713324669889509e+00,5.808163395537336626e+00
4.674540733370323053e+00,4.885462879283194226e+00,7.238430744290246466e+00
3.540260774050969950e+00,6.404615385804296679e+00,7.402679357280388395e+00
4.533749294637659411e+00,7.226187236793744084e+00,1.141417944691847453e+01
-1.803320835568375635e+00,2.053278829047617826e+00,3.314429580927540808e+00
3.647190628876749052e+00,7.068051637382373187e+00,8.060668088271313536e+00
5.331117289079190691e+00,5.394389934949900933e+00,5.618288395388591816e+00
2.523294361581060130e+00,6.147924995491244715e+00,7.253210445046430976e+00
7.966817255905604966e+00,9.202145576230979174e+00,1.038881191373173962e+01
3.292520651224197792e+00,3.995570362611118753e+00,6.180525437782317333e+00
5.208288808574212503e+00,1.005631902645085418e+01,1.271320412756797857e+01
9.060540803497753259e+00,9.528814241691229370e+00,1.098629044528523657e+01
2.095094479585852376e+00,6.848441593481664924e+00,1.131867657430771956e+01
7.123797674738454155e+00,1.021082096798746441e+01,1.303597373051382391e+01
1.285260333240779396e+01,1.382736089915317734e+01,1.611035771030659447e+01
6.532166790213223884e+00,8.449618807418721289e+00,1.151717426957713641e+01
6.228481440666979729e-01,4.233411135782762180e+00,8.622088339962463266e+00
5.163191800490569250e+00,6.975850286798038979e+00,7.990032289131728582e+00
3.758598924114640027e+00,8.109228434318829670e+00,1.231661259197618641e+01
6.224822107981298203e+00,6.303885900857870261e+00,7.183078097098438697e+00
1.090689865313201246e+01,1.092125627129520282e+01,1.136496106556104557e+01
7.626081289610459280e+00,1.247405012733398166e+01,1.717545320990694435e+01
2.353651965097040666e+00,6.750327727356314256e+00,7.234335198632962260e+00
7.807848619971220927e+00,9.968848121580823118e+00,1.267360895401819398e+01
7.891333149473695130e+00,1.006326138356652322e+01,1.144358164190516902e+01
7.919889756729080688e+00,1.109796880398506680e+01,1.402364627025487742e+01
9.729173393120033708e+00,1.078901402621027295e+01,1.481366362977940732e+01
1.209101761259427832e+01,1.480494053926034326e+01,1.668935253603880042e+01
8.411359744082218981e+00,1.322538806313105830e+01,1.818517799523242573e+01
8.580669517020568904e+00,1.212524706905528404e+01,1.676719717694302503e+01
4.702129197472217470e+00,8.050424928571290550e+00,1.009321966326695197e+01
1.443178211911126496e+01,1.585640046266421699e+01,2.058721845724528166e+01
1.157284676861847394e+01,1.229498414585998489e+01,1.274513147722868567e+01
5.452228745718806557e+00,7.865897755564926541e+00,9.362175768194687109e+00
1.054034032735619597e+01,1.352997357898755482e+01,1.509683562227792564e+01
1.377149190827739922e+01,1.584024609281400231e+01,2.012709929182534552e+01
1.188063812852523959e+01,1.193859069773484016e+01,1.201589893658738362e+01
4.968448095378851015e+00,7.690441835696790740e+00,1.176867542513566534e+01
1.060490258526381879e+01,1.130304534491440904e+01,1.232644329913375891e+01
1.031544734982673006e+01,1.442386066535203604e+01,1.471562191986065748e+01
1.023842699625036090e+01,1.348942103285179783e+01,1.354140737403276695e+01
1.711238928017468197e+01,1.887096801800981183e+01,2.362415770940789628e+01
9.366209399542205105e+00,1.107156250175534140e+01,1.550786862310292946e+01
1.270679062083931044e+01,1.639134533556007156e+01,1.776609835175939978e+01
1.102407450317163118e+01,1.133772814797718453e+01,1.489601003945781343e+01
1.171705000620093884e+01,1.222134581971591238e+01,1.594819179163220113e+01
1.155271368388158848e+01,1.632732030558896241e+01,1.997390088451918544e+01
9.274763203638507036e+00,1.254893750501056005e+01,1.282060512422996901e+01
1.776345584983538473e+01,1.990148798289474996e+01,2.118241085589875539e+01
9.058099431670186164e+00,9.857104664674285033e+00,1.304797646079089191e+01
6.606102374568049385e+00,1.000149463488790325e+01,1.253921768618308441e+01
1.279333368348079247e+01,1.601036200051539993e+01,1.836331107042687449e+01
8.993964676264443625e+00,1.249823697564798231e+01,1.299126247059776418e+01
1.013958683228374014e+01,1.199903840796861587e+01,1.575336476305594857e+01
1.081223277949704098e+01,1.128330434874135335e+01,1.171992909043014386e+01
1.223801573562367473e+01,1.377762944262319245e+01,1.758832352053848780e+01
3.090361792706138644e+00,7.164755770175747607e+00,1.166008775564009525e+01
5.979381472138449283e+00,8.046259508062973964e+00,1.096290473937391852e+01
1.198786151458503113e+01,1.436617180238473601e+01,1.589990423666806407e+01
1.032009379397490179e+01,1.322834104477051298e+01,1.759771885581666950e+01
1.466662444715700886e+01,1.680896324877249626e+01,1.996826021138833340e+01
1.000762775536252036e+01,1.412372424994779863e+01,1.911924593662179817e+01
1.731706705161158055e+01,1.863471502089454290e+01,1.937759734172603743e+01
1.490400753173831028e+01,1.652435010995303699e+01,1.946581071137564578e+01
1.049098098964252657e+01,1.399326216987999416e+01,1.569006329855565696e+01
9.857806582375612692e+00,1.445317992519961692e+01,1.522250131861162359e+01
6.518238679479014586e+00,1.120284906846422146e+01,1.403386443097357095e+01
1.319202273577437090e+01,1.620325426002879610e+01,2.067934194952181670e+01
7.592427569954349309e+00,1.130025818188360631e+01,1.499885239873751352e+01
9.741315376790119274e+00,1.169022483549742475e+01,1.582665569704039754e+01
8.578816612079959825e+00,1.160588567750169986e+01,1.164190628512533365e+01
1.391669895281717828e+01,1.577338810469638375e+01,1.588775995611620218e+01
1.564796228930510580e+01,1.895505105358400755e+01,2.104214784740475253e+01
6.555485018926365370e+00,1.038004859768430421e+01,1.368603774862510214e+01
9.599200824685786060e+00,1.158130022484033006e+01,1.509335705100590275e+01
1.123158205014861366e+01,1.199308844044437805e+01,1.433386156764239772e+01
1.085310467996409578e+01,1.537300806508517859e+01,1.751546740610307751e+01
8.868641668932220057e+00,1.136045978139528323e+01,1.460674538409595158e+01
9.258312712709178882e+00,1.424663412105320148e+01,1.763644698984085579e+01
1.053485554413537706e+01,1.141189193699304738e+01,1.399762921111118885e+01
1.112061057043064594e+01,1.159706164685075080e+01,1.311424408385587270e+01
1.040713152456279289e+01,1.400378047163807160e+01,1.420586530586022533e+01
8.671610547105959910e+00,1.213640186198225379e+01,1.582090737413256676e+01
1.091779162391427249e+01,1.172463496913301384e+01,1.272492804982496395e+01
1.451436714975680431e+01,1.501259663656376731e+01,1.521874977941573270e+01
1.310299256297364856e+01,1.322623589476988570e+01,1.395575598779837279e+01
8.507853217148458214e+00,1.207633973778404979e+01,1.466791207011194231e+01
1.361585917901427933e+01,1.504781996225174900e+01,1.952223801021270688e+01
8.592422627561388637e+00,1.014225669743531455e+01,1.363421740223452261e+01
8.062655871726132517e+00,1.129294413656790219e+01,1.211910429963680258e+01
1.032501565312421832e+01,1.289418032998202257e+01,1.588017022306680559e+01
1.595276349817704364e+01,1.763652829059964944e+01,2.197064997423951027e+01
5.515547982374684466e+00,1.012552175369548024e+01,1.216252960696971108e+01
8.210247878129813159e+00,9.516782188621474958e+00,1.049527053123666853e+01
6.688096586449929326e+00,1.035836475851849059e+01,1.414684695155220240e+01
9.634152023031845147e+00,1.195471765623853955e+01,1.562310239702076231e+01
1.034042234978623576e+01,1.142342128887600516e+01,1.344687833522145404e+01
7.048452894853343587e+00,9.392241776776778295e+00,1.208758189277443229e+01
9.431912941395676597e+00,1.068539767020762987e+01,1.459550091315090903e+01
5.565091770013790295e+00,6.516140537719370407e+00,1.028471901049188375e+01
8.712553122897327640e+00,1.004219817033307116e+01,1.147026370385140126e+01
5.095400438859595482e+00,8.429396051975711401e+00,1.311373378106666721e+01
1.026839803317639443e+01,1.270543972543379674e+01,1.731884367297768890e+01
9.432828066336755413e+00,1.314072216091831713e+01,1.722602710020751715e+01
4.020659962477997951e+00,8.456460274002726152e+00,1.146632848844741659e+01
5.507033197643668387e+00,8.957354750550310385e+00,9.588911427705300028e+00
8.408552277636310635e+00,1.151413447257428224e+01,1.420768139150810327e+01
-2.885253567157655574e+00,4.136311068749130015e-01,8.495813681811090756e-01
7.300362357654895717e+00,9.458147641896928803e+00,1.408100243018838071e+01
7.811481252111512674e+00,1.114317932914498499e+01,1.597733398487804735e+01
8.296957588817623019e+00,8.481620947643678576e+00,1.202167477062980971e+01
7.251150633054942674e+00,9.064655636728108590e+00,1.404900625852778617e+01
8.253143492491782141e+00,9.544736444735489655e+00,1.246873220678805261e+01
7.338284275856183925e-01,4.678936704072822472e+00,5.877764740499760165e+00
6.540389214560701880e+00,9.848297267709700265e+00,1.220069714828006191e+01
4.988443599973875209e+00,7.992463620810097424e+00,1.221985209231900171e+01
5.976017907420530406e+00,7.098761759106853475e+00,1.101575440282909923e+01
2.978642025809580929e+00,6.274698496317166807e+00,7.001521630665894946e+00
1.129361599033139996e+01,1.351819303792317228e+01,1.384764191083238316e+01
2.870373325344249604e+00,3.489468035006008328e+00,4.872834570559398948e+00
4.356515490227175214e+00,6.238980014401870555e+00,7.891804357483291454e+00
8.433588958358422261e+00,9.478606673322271803e+00,1.082846271155935192e+01
2.394715064687364503e+00,2.959830697182631365e+00,4.604765644617519804e+00
2.685568600506393455e+00,3.638607276284595571e+00,7.968338824814399146e+00
-3.266566922480240720e-01,5.639935204106594213e-01,4.077922534719231606e+00
5.251818214093676218e+00,6.147348467901582403e+00,7.118960647372185591e+00
5.390745314105831909e+00,7.686780731274535761e+00,8.497468196479671221e+00
3.567345346144537910e+00,4.598354667025667197e+00,4.842800436448026602e+00
2.778846746457590555e+00,3.366692995409407807e+00,4.737185665573482751e+00
6.133629386958155294e+00,6.413125522574736337e+00,1.043797113183609326e+01
4.579623681790652157e+00,7.338988916541353547e+00,1.053715133286637595e+01
1.668387089091086128e+00,2.353991738675032863e+00,3.009272545892319961e+00
4.101099220448531035e+00,4.776494770553710190e+00,6.870351256805560247e+00
3.492484973574631280e+00,6.320935746192187565e+00,8.519677202779902814e+00
-5.084134436976123439e+00,-2.727491418001233292e-01,3.370038385518497215e+00
2.139288358635407228e+00,3.676524922169327247e+00,4.746890944336451312e+00
-2.636577307909088397e+00,4.524956056796198833e-01,4.178182101097508649e+00
1.432838941854073234e-01,3.477151159092770616e-01,2.775997162206506275e+00
4.207489680743874416e-01,2.671974222194403836e+00,5.192500331025688531e+00
-4.328916039678390781e+00,2.715345582371119226e-01,3.080153674032237721e+00
1.880825235583434063e+00,3.781593966194530587e+00,6.496712593314478035e+00
4.220780619810715173e+00,4.807889559571639992e+00,4.905673359827340541e+00
4.253306893261262767e-01,8.576660108805513882e-01,2.208510184757287220e+00
3.324584641424417786e+00,4.188981361986781948e+00,8.470718806487978370e+00
-2.928137043963783270e-01,3.468570181169994271e-02,2.033331802518197673e+00
-6.272202485683541440e+00,-3.430521617447415572e+00,-2.944102544530156074e-01
-2.962390865317987121e+00,2.343532652752022827e-01,1.894915315776630749e+00
-6.327069976352769132e+00,-1.893089591436829755e+00,-9.061709855438323524e-01
-1.246254636704432039e+00,-3.938223076637410447e-01,2.515214638790006063e+00
-3.096430699134548270e+00,-1.158069161288208804e-01,4.083465222605171974e+00
1.894300417492742472e+00,2.496306911914838444e+00,7.297815911339299078e+00
-6.004180548705901899e+00,-2.388302538869566671e+00,-7.099729487719113052e-01
-3.834956205318313494e+00,-3.006410520162339672e+00,-2.667557957123482204e+00
-9.196771165353254673e+00,-5.741165276943709372e+00,-5.085697687861253868e+00
-3.082146257693439750e+00,-1.825829297308668275e+00,8.014487388257267586e-01
-7.063457806141135720e+00,-4.785258652652790268e+00,-4.017568575283368304e+00
-5.305254525068835214e+00,-3.916460999622991768e+00,1.037271342423951026e-02
-7.791003623437502412e+00,-2.806502854070637820e+00,-6.582300244620986618e-02
-3.518336237876716677e+00,-3.015654259631418199e+00,5.473006909101303386e-01
-1.523484344898639264e+01,-1.073151777698199538e+01,-5.815133407350479899e+00
-1.244819682874879696e+01,-1.035220330636801300e+01,-8.216474225422821576e+00
-2.942227537503840917e+00,-2.447781021140385427e+00,-1.489518646058759943e+00
-1.540597977168924793e+01,-1.149735185511763547e+01,-9.369814860461383788e+00
-9.267372829211517171e+00,-4.292217369731389454e+00,2.433133994257978827e-01
-8.764314128187775665e+00,-6.819196061482195148e+00,-6.661168329787816589e+00
-9.675849391065062477e+00,-5.277837829248674950e+00,-3.500926393942314085e+00
-5.980372095157637347e+00,-3.031573187217879273e+00,-4.720381736256364924e-01
-9.263393899183464342e+00,-4.356543229969269682e+00,-1.195482268342690890e+00
-1.073267671197262274e+01,-6.126420773346887394e+00,-3.890293146768346588e+00
-8.661271905162902129e+00,-5.573352353657024416e+00,-2.507273209510485934e+00
-1.388577401500484854e+01,-1.159073263269441512e+01,-8.119565609210656731e+00
-5.353758297236087316e+00,-4.919650444789913202e+00,-1.737072798727349987e+00
-1.344079399652340356e+01,-8.652548118709518121e+00,-4.717053972557980757e+00
-1.395983800684102860e+01,-1.177430148186953573e+01,-1.144588765315820389e+01
-1.528482651022249605e+01,-1.278375228564262045e+01,-1.175512085418622377e+01
-1.125936037223443975e+01,-7.262438512078843722e+00,-4.621073958565247608e+00
-1.273908515402245811e+01,-1.094944313265468239e+01,-9.183092666900190437e+00
-1.105283527999109161e+01,-9.981735111688609052e+00,-7.914913748444266872e+00
-1.112394829198066759e+01,-7.888638597962189358e+00,-6.068277293120944549e+00
-1.049135851527794827e+01,-6.640529943937147905e+00,-4.055997878570185122e+00
-1.026043224893719596e+01,-5.995125600798583143e+00,-1.169212072113910317e+00
-1.507225935998704713e+01,-1.317079860445711681e+01,-8.438575881289889224e+00
-1.640656820042069342e+01,-1.321556580435022710e+01,-1.035135990577478360e+01
-2.022670557400732960e+01,-1.660051835165254985e+01,-1.392633476101334011e+01
-8.960139124764943119e+00,-7.538056289378149977e+00,-5.236074253912810228e+00
-1.605107285048681831e+01,-1.137282790452221093e+01,-9.280466592645007395e+00
-1.778510225034411718e+01,-1.702174258957191455e+01,-1.456526832524865611e+01
-1.815172708331303397e+01,-1.510236916984722022e+01,-1.467275603002073048e+01
-1.947995862302078507e+01,-1.490541238092917808e+01,-1.434885404945525700e+01
-1.668366713316712691e+01,-1.545612022772269256e+01,-1.145745081463236303e+01
-1.928031792057136684e+01,-1.636614412150720810e+01,-1.233825140815878640e+01
-1.809100785328941896e+01,-1.662023337268469803e+01,-1.513629945055829573e+01
-1.650668529905654935e+01,-1.528396930551801525e+01,-1.297333282459814896e+01
-1.218780171990161953e+01,-8.802157448223585590e+00,-6.487396251037573336e+00
-1.998492985137952616e+01,-1.749684041569996751e+01,-1.628830624157169282e+01
-1.559174647003437286e+01,-1.478343397186713482e+01,-1.336008740182772314e+01
-2.002202945032525605e+01,-1.900395613946313844e+01,-1.424581877844957489e+01
-1.842333455403631604e+01,-1.714852755500630721e+01,-1.262704044485883159e+01
-2.125601534855054453e+01,-1.761285387988956330e+01,-1.348082276759051013e+01
-2.233690410304834018e+01,-2.138330457230052417e+01,-1.982149972056820175e+01
-2.058128823003248797e+01,-2.024413052926914958e+01,-1.928741500181858726e+01
-1.655438474137282867e+01,-1.378648984308224890e+01,-1.156584659465190157e+01
-1.949134046022112088e+01,-1.837305661164050008e+01,-1.456478960362383290e+01
-1.748559833041523603e+01,-1.560659788391754432e+01,-1.300360795047857820e+01
-2.167098522435642138e+01,-1.883654195276925236e+01,-1.853987008504059375e+01
-1.636254378039416224e+01,-1.448084156508858023e+01,-1.065897080507594552e+01
-2.544628249305301182e+01,-2.180326235648838917e+01,-2.147773227231269644e+01
-1.715438571468224538e+01,-1.675416988919506522e+01,-1.386474765590352121e+01
-2.352943574639120428e+01,-2.121608950741800470e+01,-1.729169075785452492e+01
-2.499812380249157684e+01,-2.078762387956458468e+01,-2.072244629777834746e+01
-2.715314333605655150e+01,-2.234623218694371616e+01,-2.131145282266881225e+01
-2.038557177301293422e+01,-1.992251546099214465e+01,-1.667539704514310017e+01
-2.294461562078096506e+01,-2.076451580715989920e+01,-1.781137670015494479e+01
-2.409769360669226401e+01,-2.328384030839175978e+01,-1.975199618205911278e+01
-2.349625251828662797e+01,-2.306593401849736935e+01,-1.880654990219952083e+01
-2.314099418695581534e+01,-2.029825992125316958e+01,-1.900794133757258564e+01
-1.859576748494877663e+01,-1.510617898398689718e+01,-1.477659989686302033e+01
-2.089026463696357538e+01,-1.943139047053060864e+01,-1.926679034844313776e+01
-2.348763064942201240e+01,-2.038135393027314635e+01,-1.966688083897451378e+01
-2.341322357582158986e+01,-2.147917773592087087e+01,-1.653270756192084079e+01
-2.798107117631553820e+01,-2.542145240557941577e+01,-2.187188778686740775e+01
-2.037672703522706996e+01,-1.707585103328581866e+01,-1.655342044716272198e+01
-2.033434185142083450e+01,-1.984443805509812364e+01,-1.960698687412184782e+01
-2.444536321826688408e+01,-2.177489087140756752e+01,-2.021249171966361047e+01
-2.883025515601228861e+01,-2.871188137098975801e+01,-2.560164829214536297e+01
-2.092192948013916620e+01,-1.860702950634449948e+01,-1.690513938929996485e+01
-2.402578145505111706e+01,-2.020904463609251422e+01,-1.844826805682068027e+01
-2.291923814612497168e+01,-2.180879038818601856e+01,-1.899385292291838923e+01
-2.053506456176285866e+01,-1.800048893604803624e+01,-1.546029234610344183e+01
-2.534660765686366801e+01,-2.132688756869346491e+01,-1.787660732003618591e+01
-2.421343161736479388e+01,-2.049840763710043845e+01,-1.977576014391981474e+01
-1.832094016953706017e+01,-1.514898787029449068e+01,-1.136195920876956222e+01
-1.779962962741561228e+01,-1.497334611876048172e+01,-1.174036770548527642e+01
-2.293161202331222270e+01,-1.808730708936777276e+01,-1.351288265418854806e+01
-2.160934662164430620e+01,-2.014330327489803096e+01,-1.740401384953053920e+01
-2.854500791352107214e+01,-2.562790335027914068e+01,-2.554637259041222208e+01
-2.370133238969897960e+01,-2.149607479253384668e+01,-1.787417470259920194e+01
-2.607859550424540629e+01,-2.358548589955599795e+01,-2.244837312343110725e+01
-2.850543643005089223e+01,-2.396300987396300641e+01,-2.025381328286843541e+01
-2.583885548957607270e+01,-2.508434920057108286e+01,-2.425853719640728201e+01
-2.177228824165355547e+01,-1.813708092935456762e+01,-1.693379843489848824e+01
-1.989566940178867682e+01,-1.865674422018030754e+01,-1.683323843847021095e+01
-2.524147885286490833e+01,-2.117898801438567347e+01,-2.017062898261054471e+01
-1.933547687477650712e+01,-1.691289216397473893e+01,-1.275340344719774777e+01
-2.575677982505430919e+01,-2.524573550782170628e+01,-2.322975111125949965e+01
-2.454017644207548443e+01,-2.083136076709868334e+01,-1.755664674533762337e+01
-2.092977758245451980e+01,-2.077500579919376733e+01,-1.787616383156482769e+01
-2.207077516092970981e+01,-1.941671785689015195e+01,-1.806072472858710043e+01
-1.526681961767938489e+01,-1.306431808645539405e+01,-8.229475587895517918e+00
-2.549449817373456284e+01,-2.241828712600668538e+01,-2.031030524015158889e+01
-2.543938132588602485e+01,-2.409915034210525420e+01,-2.337822091761556464e+01
-2.364142404481110304e+01,-1.960820805372348374e+01,-1.494626135529015976e+01
-2.362491270322991710e+01,-2.270555475293562608e+01,-1.949869152549824847e+01
-2.179920555778426561e+01,-2.160182523534157895e+01,-2.038198135931395782e+01
-1.987919328822824738e+01,-1.742867782422467116e+01,-1.607249663360194347e+01
-2.436556737839994113e+01,-2.248858996789720877e+01,-2.037984791695572895e+01
-2.160733591490729566e+01,-1.857100968434845001e+01,-1.612268200660631479e+01
-2.082690228561985890e+01,-1.774556364757840399e+01,-1.304286359854520860e+01
-2.426620050797107808e+01,-2.238569927411527516e+01,-2.068822155960750919e+01
-2.476644064270848844e+01,-2.289116538510053545e+01,-1.860961968066063577e+01
-1.714567849932780064e+01,-1.313430060927300858e+01,-1.237121634470304876e+01
-2.165455514443409868e+01,-1.928828827910915678e+01,-1.687323893005991238e+01
-2.757317290277475408e+01,-2.664739048449721182e+01,-2.235830143500951905e+01
-2.600796972725469303e+01,-2.196128868120505473e+01,-1.896301276696519622e+01
-2.183870073824566660e+01,-2.007449333683389980e+01,-1.689674312271194978e+01
-2.262389642752593488e+01,-2.193957882080303179e+01,-2.090791348454049370e+01
-1.802476727094965980e+01,-1.759148978019729270e+01,-1.289788160173102938e+01
-2.200669848510930038e+01,-1.847347817335996112e+01,-1.821182034047345866e+01
-1.599916413432138107e+01,-1.507049773383185709e+01,-1.174825572401097773e+01
-2.747164027538720887e+01,-2.278458686517818776e+01,-2.276908782313382673e+01
-2.501829823476809977e+01,-2.100872893837703970e+01,-1.887738182955787281e+01
-2.133607885822316064e+01,-1.734610625171168863e+01,-1.656394942430483042e+01
-1.872563300044335577e+01,-1.768214134650556346e+01,-1.524079789415917574e+01
-2.314709727848487120e+01,-1.945977554394037767e+01,-1.869585820934964815e+01
-2.519174780993343887e+01,-2.423895424583298919e+01,-2.332660391124427335e+01
-2.291142112440220302e+01,-1.895966644722716765e+01,-1.516294326750654520e+01
-1.942238007310646708e+01,-1.741220580333432011e+01,-1.628061158256281971e+01
-1.831647380324004715e+01,-1.605531427098669184e+01,-1.464891864893169426e+01
-2.086623603682811989e+01,-1.926826432704517700e+01,-1.841858100611630888e+01
-1.982938372306937325e+01,-1.483492022204041660e+01,-1.278111575624236096e+01
-2.047090299791169699e+01,-1.994218917463444640e+01,-1.873770733959190693e+01
-2.131090684569760541e+01,-2.097113731622285471e+01,-1.805764237441883679e+01
-1.593928227357106664e+01,-1.419446944722197657e+01,-1.244428242974061405e+01
-1.427042496923041881e+01,-1.248854371845592759e+01,-9.820312511562194757e+00
-1.851935811938956533e+01,-1.701761874411939246e+01,-1.548225861763075706e+01
-1.840828293013717953e+01,-1.500726249638007914e+01,-1.068374977361264477e+01
-1.964894167384941426e+01,-1.621789134796468446e+01,-1.392054987119412246e+01
-2.539747203332197500e+01,-2.101330200123193492e+01,-1.850977879724942454e+01
-1.444388401178426484e+01,-1.152966555523885894e+01,-1.064231325236228010e+01
-2.280376418979055941e+01,-1.842374282561506504e+01,-1.572078245424315313e+01
-2.226376931861521413e+01,-1.783415022863242427e+01,-1.372934400530739296e+01
-2.056339354350355109e+01,-1.655211654515968434e+01,-1.535749143187138621e+01
-2.240152850388501804e+01,-1.972835249717108042e+01,-1.516421651519907243e+01
-1.967676444373613975e+01,-1.486634036492030120e+01,-1.038757988847341274e+01
-1.752857865069277921e+01,-1.264780261851616494e+01,-8.011620966127576793e+00
-1.809308756153959763e+01,-1.447307885376117476e+01,-1.409969018795212392e+01
-2.304799366999368004e+01,-1.836826641138715743e+01,-1.567845024109685426e+01
-1.342071451717906427e+01,-1.082969134620295648e+01,-6.192474118832182128e+00
-1.025885301160794683e+01,-7.728862687495272610e+00,-4.196653022081438422e+00
-1.087149500836925142e+01,-1.028853276111386705e+01,-9.886931130401359624e+00
-2.053224946452131761e+01,-1.625093579825878720e+01,-1.417772379511361436e+01
-1.998694448095839604e+01,-1.507235435239848087e+01,-1.241478365411134277e+01
-1.516608971318029653e+01,-1.466697934320228391e+01,-1.289036153886893743e+01
-1.268740565364004347e+01,-1.148330990150952147e+01,-9.138344954132460174e+00
-1.727840794332978547e+01,-1.505027253774975371e+01,-1.433404663236488652e+01
-1.301470834316261183e+01,-1.161174778412911834e+01,-6.961578504385174782e+00
-1.370272782044595239e+01,-1.199725938909861611e+01,-9.130953697054856377e+00
-1.293062280441801271e+01,-1.153728757706593733e+01,-7.658775929638118818e+00
-1.610274481775303812e+01,-1.402982358304147681e+01,-9.925572575884991977e+00
-1.209877144461184528e+01,-1.006512535289362198e+01,-5.853327343903645286e+00
-1.298325161761390234e+01,-1.192292007267022491e+01,-1.146492943552372878e+01
-1.570126407957153347e+01,-1.300832080454528672e+01,-8.245947016353696313e+00
-1.914855506946661734e+01,-1.538656290166860430e+01,-1.044707463982798146e+01
-1.850822159270430944e+01,-1.390022185748475891e+01,-1.363698257901894983e+01
-9.582925711001303526e+00,-7.987963235318989774e+00,-7.840930227325604740e+00
-1.058705724398659598e+01,-6.700841001234848271e+00,-5.402543004581047192e+00
-1.510208866665810667e+01,-1.068596657520463111e+01,-6.016403831696432114e+00
-1.216481969658463136e+01,-1.031627342469303521e+01,-7.072157294346000711e+00
-1.772271508667926909e+01,-1.729034544134625406e+01,-1.254066070924000442e+01
-8.839494819823809024e+00,-5.888500861909426121e+00,-4.628673966238262771e+00
-4.385946449847637041e+00,-2.884425350900690077e+00,-2.805220624543356855e+00
-7.395009587499540515e+00,-5.760859745376121666e+00,-2.942732768952387445e+00
-4.980393435719637552e+00,-3.136177976312528592e+00,3.615926317237323495e-01
-1.276770573418320609e+01,-1.083456282115681546e+01,-5.995399630713913908e+00
-1.202956362042944427e+01,-8.210557991018232471e+00,-7.462011293240270682e+00
-1.095893293630882326e+01,-7.833183803113627164e+00,-7.135943854199084946e+00
-1.070881571969343149e+01,-9.300664693322600485e+00,-8.500049951756462718e+00
-7.229991059862035385e+00,-2.781932582097035311e+00,1.217127449874270351e+00
-1.109938391550849524e+01,-9.205736692770503993e+00,-8.390930108601480697e+00
-6.375409092352105844e+00,-5.032586233889522198e+00,-9.776373320525584276e-01
-9.726076097437468704e+00,-7.274099170453728114e+00,-2.983027542275743293e+00
-9.678136111596460367e+00,-6.367953246958034441e+00,-1.602588878755534907e+00
-1.249447288814709012e+01,-9.405102536974789373e+00,-5.641422139501855781e+00
-8.084368445810429904e+00,-7.407263464856928437e+00,-3.754279489338741449e+00
-1.125985927404649800e+01,-6.738877589714070915e+00,-2.363892676661450309e+00
-3.521561723623476858e+00,-1.117242400670847680e+00,3.461503795223723756e-01
-7.644051166950972309e+00,-4.862971458082760101e+00,-3.988704272301175635e+00
-4.159417787879871042e-02,2.735948971475598679e+00,3.872185509647574797e+00
-7.942750095917119779e+00,-4.500020180820913929e+00,-1.124486459008519290e+00
-4.637815021653369563e+00,-1.224547275123483381e+00,3.171921411177532235e+00
-1.564968999363933477e+01,-1.087862232386514805e+01,-6.379779169402111094e+00
-2.653540049089932573e+00,-1.093757751222170782e-01,5.226593700620366656e-01
-1.436109119844803717e+00,-1.060387105650733908e+00,-6.509358911144880189e-02
-3.984544189263468539e+00,-9.937351973823953522e-01,1.934813568223141989e+00
-6.400835074886579434e+00,-1.937993591186266684e+00,2.201709999767087922e+00
-6.229849899304912952e+00,-2.660010272803210007e+00,-1.163189624407675149e+00
6.034877529632038939e-01,1.819088931307306201e+00,3.038902094519708275e+00
-8.312477461731486272e+00,-6.101807802877237563e+00,-5.374355642411831724e+00
-3.400087608649678295e+00,-5.055204717454093721e-01,4.095213097081202847e+00
-4.592884712961453175e+00,-1.416530428496673988e+00,9.017157537307922688e-01
-6.045060562742945010e+00,-1.658209822802237499e+00,1.500485570572575922e+00
-3.824322203703914624e+00,6.372113144258373385e-01,2.201146253300698685e+00
2.864416145741239816e+00,4.332390066571396581e+00,4.684784920170214306e+00
2.630904871610708629e+00,2.828019300403314951e+00,7.555056946587067834e+00
-4.866035670469050167e+00,-2.554690361708083834e+00,7.821950946932196835e-01
-6.247702585543306597e-01,4.369450141980740554e+00,5.466925610687490611e+00
-2.020307363441609994e+00,2.638248821579695758e+00,6.030488149479076299e+00
9.387387024749969555e+00,1.083409987867957724e+01,1.212588169996045728e+01
8.592702271698238192e-01,3.799162456840639468e+00,8.791586823821550212e+00
3.694892642952383177e-01,1.867865541499654558e+00,5.070479315885858540e+00
-3.504536300736308618e+00,5.454087893357462136e-01,4.680347110083700635e+00
4.097238538014878806e+00,4.818929354962963707e+00,8.806109165362443036e+00
-2.837067619024677967e+00,1.294755573195274678e+00,4.631324642099569289e+00
1.803604824732310430e+00,5.480190014099940221e+00,6.821450229284521605e+00
3.506510293962883829e+00,5.610052252792857352e+00,1.054710077172822125e+01
3.790580586151873543e+00,4.312877322437945082e+00,9.122486397952235038e+00
1.824031223015127878e+00,6.232390837810738660e+00,9.867430169303265330e+00
-2.564142042894201445e+00,9.957142489157133625e-01,3.952958889093808992e+00
-4.467470385578586445e+00,-4.923619046849827541e-01,1.008690871226573860e+00
4.273030294748001445e-01,3.586715964151743652e+00,8.509546662836854125e+00
-3.625191141745431445e+00,9.224959160282359960e-01,1.566872655270363790e+00
-5.364828460067228022e-01,3.961745855564864804e+00,7.653871745597985665e+00
5.545930445505793394e+00,9.584293068399784232e+00,1.295274435052945883e+01
5.149648792247395690e+00,8.598329695618913249e+00,1.157474832777298168e+01
-2.976580839403345280e+00,7.214522567461312264e-02,2.848563014680633110e+00
2.619246567058283404e+00,6.204792001555529346e+00,9.282209127444783547e+00
1.206388026237294575e+00,5.415982142474398131e+00,6.964984329064861868e+00
4.731699918625793977e+00,5.040659883233228555e+00,8.715081334700558457e+00
7.170313722470101681e+00,7.863634266540964646e+00,1.219196113917125146e+01
6.682367433777604226e+00,7.059415632060073165e+00,1.011406332883745129e+01
3.090194511318845372e+00,6.028142688547279526e+00,1.044153945313742504e+01
1.170981870528024693e+01,1.224483166490826846e+01,1.349061512961391252e+01
6.986895379227924252e+00,9.408234196021561857e+00,1.061870693343361616e+01
2.497275158778773374e+00,3.961732938171083518e+00,7.485644821977437857e+00
6.646759751127868654e-01,4.979208466852576898e+00,8.971828952527154399e+00
1.046580914150660746e+01,1.290146514822929547e+01,1.594664456884658321e+01
-2.461895979320753547e+00,2.351456803076338531e+00,3.052371104228042142e+00
2.390333329702513776e+00,4.115334551002191255e+00,7.671969060434854271e+00
7.977891891292527404e+00,1.028226916685561143e+01,1.049071759082103661e+01
8.456895921277451933e+00,1.302570337095429664e+01,1.659162983702057304e+01
1.524524760417926927e+01,1.628677034215460040e+01,1.772526899954737445e+01
8.397282388408275011e+00,9.274515743085899544e+00,1.129989310512141820e+01
5.296965635782848736e+00,8.155098620256197250e+00,9.706546623243367478e+00
7.476767688437574222e+00,1.136964436627896902e+01,1.553406962599964913e+01
8.155250183479775927e+00,1.230420918284234766e+01,1.341536840265632868e+01
9.021888011118312178e+00,1.150059318389630292e+01,1.199829690378195757e+01
1.271040171281877029e+01,1.539497161595029162e+01,1.709929694578725190e+01
5.987894089627586069e+00,1.026069674003102428e+01,1.038094918711217929e+01
1.067285185241605205e+01,1.171854462455168822e+01,1.321780061099528325e+01
8.668729162094409801e+00,1.211288346905819679e+01,1.449895537788012945e+01
6.162088659232408894e+00,1.052171304110013850e+01,1.420029624370504884e+01
5.311495189010765117e+00,6.430688967538083389e+00,8.438974373124544570e+00
9.712250406958201410e+00,1.309138207489424666e+01,1.570476353453231866e+01
4.019041866245575356e+00,8.905110942103398486e+00,1.104934445393363873e+01
7.872716783619169156e+00,1.285580585458490610e+01,1.683358753493341808e+01
1.233231520527954039e+01,1.472859061445605988e+01,1.777868805804126850e+01
1.476945667017633745e+01,1.754854133910789926e+01,1.863966518368995651e+01
1.490717051280853944e+01,1.522047112496193577e+01,1.754821395990985522e+01
1.411303156705003836e+01,1.589791768363319235e+01,1.606455844669996935e+01
1.968680922592088578e+01,2.128008292776240040e+01,2.507169897499664302e+01
9.282384244545291097e+00,1.297810477106064297e+01,1.464205981077670771e+01
1.330432726193746085e+01,1.344103761641633987e+01,1.576135241080063309e+01
1.147985926787750799e+01,1.454402035969127915e+01,1.838139169838401088e+01
8.853631316127726691e+00,1.153494756959788070e+01,1.424009402783284095e+01
1.284184123608835648e+01,1.470184257476221390e+01,1.848680722112798946e+01
1.429620205029857161e+01,1.431579793672825929e+01,1.562546332503418789e+01
6.169611888174404868e+00,1.057689664456622403e+01,1.418704037312239308e+01
9.995760631135595098e-01,4.805765681636396280e+00,9.093463064339573521e+00
5.511052241969718324e+00,1.012692883273922106e+01,1.285873088696326327e+01
8.636547342015983730e+00,1.046221250437066708e+01,1.258746359975226170e+01
7.870792276422927003e+00,1.083129118114586298e+01,1.311470453139875580e+01
1.049326695179968461e+01,1.430967529607389110e+01,1.769842749249752245e+01
6.297062037159202319e+00,1.118345623041282622e+01,1.147152644899166773e+01
1.551175332178995880e+01,1.701885668157320097e+01,2.021990848304831445e+01
9.866748365525882747e+00,1.407802846924155560e+01,1.694636709786817264e+01
8.523472798021753505e+00,1.318325737087471339e+01,1.332817788757953359e+01
1.498519085762809944e+01,1.731691971785419781e+01,2.183555860129633075e+01
1.328485735545951307e+01,1.664879030187215747e+01,2.037020455900137250e+01
1.208533123391507935e+01,1.673535040150360231e+01,1.769600588909226246e+01
9.282730820043489928e+00,1.396956984028727433e+01,1.738712539244438915e+01
1.514415404596455161e+01,1.811516728647731611e+01,1.919598362248984103e+01
9.206097201556076470e+00,1.320630365669008022e+01,1.558957849349433289e+01
1.256944552760441347e+01,1.349928213476986372e+01,1.606322144210635727e+01
1.048070325349000420e+01,1.416898793927036770e+01,1.517679234211206918e+01
4.528169332826877280e+00,5.740570800064016765e+00,8.797949502565042934e+00
1.575349123124783546e+01,1.663707222092912019e+01,1.908799501295990098e+01
5.758072559166655502e+00,9.788053858114533767e+00,1.218976378558645024e+01
1.089034006833433921e+01,1.352900126923568713e+01,1.573095672329536399e+01
1.561332190400791831e+01,1.771704479014888278e+01,2.082805444410322337e+01
1.377600852339172377e+01,1.464773416562168151e+01,1.522094914818380929e+01
1.260343304962217204e+01,1.393749034194804182e+01,1.767297914411469861e+01
1.061588751733106051e+01,1.475097928581802087e+01,1.784451974770736626e+01
5.734660131395283855e+00,6.053681536297752075e+00,6.303463000469780475e+00
1.300753974950704972e+01,1.666329531987732437e+01,1.947663477384427466e+01
1.152654356914515077e+01,1.607298017594784767e+01,1.823050558064592153e+01
1.577080843284086420e+01,1.646967944182840071e+01,1.769431085195896003e+01
8.179055359844994655e+00,1.295800625425058428e+01,1.646691633834959134e+01
1.474750611373585940e+01,1.613045838453416536e+01,1.645236948951513867e+01
1.174502479008264899e+01,1.487863084173686801e+01,1.863934946380081215e+01
1.380919609286508276e+01,1.509370401577365328e+01,1.609027971866102646e+01
8.074078110466178515e+00,1.281964513186585464e+01,1.528815188612571063e+01
6.537294011858373111e+00,1.144983146572091925e+01,1.498170186634247258e+01
1.421581947597034912e+01,1.646697059885707404e+01,1.881091216186946724e+01
1.037613139775167426e+01,1.167934283623021052e+01,1.446629930375182838e+01
8.946481530030196083e+00,1.270564061756092045e+01,1.528585757562086656e+01
6.781376438320277700e+00,8.756251653214228270e+00,9.520019132919403049e+00
1.198483452847610664e+01,1.567523400913849763e+01,2.058272506564506443e+01
1.120944572707305475e+01,1.359107787480823504e+01,1.858772546983494678e+01
5.982910535653797268e+00,9.527673403413164266e+00,1.039199874923923517e+01
9.646713997656435780e+00,1.458935125347950645e+01,1.797347291659609070e+01
8.195775163363961724e+00,1.100748639719341071e+01,1.181008192519688293e+01
2.986204898365972582e+00,5.863792860156029185e+00,6.246817594054732581e+00
6.500953220409909861e+00,1.055848471405372280e+01,1.374113199503312721e+01
8.839104198937983270e+00,1.152335817397436912e+01,1.335399720888964836e+01
1.397967137655025915e+01,1.572778253482340283e+01,1.698979920217753659e+01
8.288899302066528918e+00,1.034849707822649378e+01,1.043077109148122972e+01
5.770364560238526508e+00,8.923197664293491371e+00,1.390222307660211598e+01
7.740193290097986178e+00,8.679760095671943176e+00,1.356355678955763011e+01
7.263099355431606341e+00,1.106542283949697669e+01,1.284564082213885783e+01
6.633611073800222968e+00,8.323150489588222456e+00,8.824094968351523960e+00
1.145731334894463593e+01,1.214836071977191168e+01,1.374169694261434138e+01
1.023244055130099106e+01,1.042868586469302095e+01,1.127196654641567797e+01
3.192191449241897239e+00,4.298342868014374041e+00,6.252496958330580057e+00
-6.318596251670793862e-01,3.654414170347461521e+00,7.667142613975826748e+00
6.808338103365493055e+00,1.068142980219072768e+01,1.239287998140470570e+01
4.972503628971518985e+00,7.209075488703884815e+00,9.813134214337267736e+00
4.645684482630453971e+00,7.173208851698839261e+00,1.117296228927182966e+01
5.318875637128822831e+00,9.973444567730357591e+00,1.199548483765157947e+01
5.093965622361149137e+00,5.434931854095283121e+00,8.710948479548132894e+00
6.550008300405348649e+00,9.112600680605938308e+00,1.200135667757946045e+01
3.100363634338024532e+00,7.809774674146263251e+00,8.620274976047646476e+00
6.039296874206239174e+00,6.432934076213207675e+00,9.135161126473814619e+00
8.988562958771369793e+00,1.301253326894431339e+01,1.331914034900417931e+01
8.691323283525139942e+00,8.804454855601314023e+00,9.085242254506164628e+00
6.059646072452566479e+00,6.314064742710526090e+00,8.785822070321316346e+00
5.564398825554015993e+00,5.983800154338069888e+00,9.336342043640243560e+00
3.842720472336895732e-01,2.368620803674251540e+00,4.195952036502198723e+00
3.829842713087296957e-01,5.283740624893840554e+00,1.002587230667039719e+01
4.975952800786446417e+00,6.187393029070991091e+00,8.793567309990320879e+00
1.264343213637928454e-01,1.377936317693989388e+00,4.053832338982791050e+00
1.339385661503075831e+01,1.499703195206274842e+01,1.955413552722558279e+01
-2.141879608506075172e+00,9.440787329193165434e-01,5.025957490492217516e+00
3.100545745994650382e+00,3.987908230708886670e+00,4.176525529641448742e+00
6.441281799287276399e+00,6.808412434917107348e+00,7.722641949469374545e+00
4.755762378613101582e+00,7.706769603759582310e+00,1.186291703913596507e+01
-5.328033853218197002e-01,9.351471235905193247e-01,5.328455652257472863e+00
2.124035536969108406e+00,4.504450509642794032e+00,8.116011604717225936e+00
-1.238141051754160227e-01,7.829469492025586952e-01,5.716785149156343948e+00
5.188100731516218644e+00,5.330608427986941678e+00,6.258066140799518173e+00
1.497258332464634467e+00,4.317026982309563721e+00,6.241191276678901723e+00
2.335010737796287650e+00,2.786876850202704148e+00,4.155404341522749512e+00
-2.776905624292729691e+00,-3.546956479996192790e-01,8.975992215248114192e-01
-1.373911545008167590e+00,1.920443889337771992e+00,2.824574088862042753e+00
1.710282780862518726e-01,3.919122636221153977e-01,3.234682534682959965e+00
-7.487344584968972150e+00,-7.479466620553358425e+00,-4.726350061951658965e+00
-2.662718846983093357e+00,-2.315044512932058929e+00,8.096071760341163603e-01
-4.337606832362890685e+00,-3.995186727245937597e+00,-3.487949131680675663e+00
-5.384564844338848744e+00,-7.626425776798153588e-01,1.158503603294839035e+00
-5.068235036093113877e+00,-3.439695675450242796e+00,-1.095470270149625502e+00
-4.873433711630106302e+00,-4.315758960610130757e+00,-6.795307628482851747e-01
1.548180230967192594e+00,2.739336610179817111e+00,5.736805072983062637e+00
-3.930511549785405290e+00,-2.439835831180070969e+00,1.972127115093790017e+00
-9.155551490301054862e-01,1.738811765060720660e+00,2.086909708044529577e+00
-1.330955012219632749e+01,-9.155872261056387629e+00,-5.086884819060011331e+00
-9.695742900633078420e+00,-5.065551613776687390e+00,-2.309921930312750504e-01
-5.652056836597845191e+00,-1.955029141982190799e+00,-1.003971490372181918e+00
-5.253248119578532993e+00,-3.181595692898463223e+00,-2.271065878771094226e+00
-2.798422745169139247e+00,-1.524932708048089003e+00,-7.039506614981982935e-03
-6.058593407877932435e+00,-2.051238444235870872e+00,1.619828282752076021e+00
-4.745479046723058758e+00,-2.022823022637213697e+00,6.320950399978944034e-01
-1.270181782618572086e+01,-1.016124759060120830e+01,-7.269978244296138925e+00
-7.661167224970349743e+00,-4.351436549003691034e+00,-2.206312322754022226e+00
-8.452457532860790934e+00,-5.927946297943602616e+00,-5.621950195915212944e+00
-3.862770392686077692e+00,4.244933369424286340e-01,4.845370336648224807e+00
-7.055063487900342878e+00,-5.756798171567791833e+00,-4.813394455740561462e+00
-5.866304597663123843e+00,-2.093030321894211898e+00,9.013586401191142627e-02
-4.370935455309571616e+00,-5.480687566462663085e-01,3.998996863940860180e+00
-1.124710892174401522e+01,-1.069727733063719199e+01,-7.027716135400375208e+00
-3.262305408101659587e+00,-1.197180784549060739e+00,-3.315885150536902470e-01
-1.295214322418841491e+01,-8.200768976704557289e+00,-3.205918471324519459e+00
-1.359340331171600980e+01,-8.682753991706919194e+00,-7.111143671873199068e+00
-8.805370132977598630e+00,-7.670211579974995253e+00,-3.644410875330972743e+00
-7.456516642313864907e+00,-7.120496913177625231e+00,-6.786043149586497236e+00
-1.303206350186092166e+01,-1.050897957025279439e+01,-6.403670615404761790e+00
-1.034209026604923665e+01,-7.211689815229057388e+00,-2.580866509325924874e+00
-9.600826587122194056e+00,-6.124557903490781996e+00,-4.154898139616754804e+00
-1.476330459106364934e+01,-9.952617822954790583e+00,-7.944670464577987978e+00
-1.110454980364153066e+01,-9.604174379030290254e+00,-4.799570265510332945e+00
-1.298029778594876582e+01,-1.182521323267450697e+01,-1.152890968369813862e+01
-5.612829197471302933e+00,-4.429874599760909248e+00,-6.155113285869258100e-01
-1.304165329230151293e+01,-1.212574595893175911e+01,-8.001131196320748984e+00
-1.461752302980380769e+01,-1.101475686644371166e+01,-6.404896348826421004e+00
-1.756652123790862063e+01,-1.547561453024474787e+01,-1.223912948229694209e+01
-1.523935641273204311e+01,-1.398088917693233668e+01,-1.216502029046109890e+01
-9.160380380127744360e+00,-5.198979634803726491e+00,-3.494047330379220995e+00
-2.196593467279154765e+01,-1.966520101030637235e+01,-1.869269117738667418e+01
-1.482452682546838219e+01,-1.102264459629153315e+01,-1.010311247619276109e+01
-1.021565312922330548e+01,-6.806977416174242457e+00,-6.734113355944259638e+00
-1.509709264958616615e+01,-1.465718653371416025e+01,-1.441472771081514992e+01
-1.476408298697992372e+01,-1.449453981490155030e+01,-9.537715575634205578e+00
-1.494803849362301129e+01,-1.487760151898345917e+01,-1.089651584347565461e+01
-1.345743466177928660e+01,-1.251457625323323519e+01,-7.901763739153152777e+00
-1.622030396502342597e+01,-1.439499526358301651e+01,-1.102153427283869114e+01
-1.310454019906443612e+01,-1.146138213331946432e+01,-9.288744092956328302e+00
-1.712605003046002494e+01,-1.553886376638332578e+01,-1.536107244101664371e+01
-1.908323582244202399e+01,-1.775310372628450040e+01,-1.336158460048905994e+01
-1.895995980905327016e+01,-1.738915718967648516e+01,-1.244634258155866391e+01
-1.396691111100104621e+01,-1.258793734177736923e+01,-9.363821703822374332e+00
-2.178434214503546684e+01,-1.814927441297283650e+01,-1.479250360808562803e+01
-2.009597798950222014e+01,-1.987946397879282756e+01,-1.577106552817970453e+01
-1.609988157849269541e+01,-1.335946070840922495e+01,-1.210449572760046522e+01
-1.684444716957410648e+01,-1.567511030439245978e+01,-1.339744223713905136e+01
-1.789173164195815957e+01,-1.337120631845112761e+01,-8.595497825667926861e+00
-1.925908278829462716e+01,-1.570222217559881628e+01,-1.219353801007935445e+01
-1.426021193476107740e+01,-1.178046178955767154e+01,-8.391712640630487385e+00
-1.602718424274629072e+01,-1.320491336181637365e+01,-9.384617475862153668e+00
-2.122563293613766433e+01,-1.773233927156528722e+01,-1.329047236032113943e+01
-2.113945983754947378e+01,-1.651430699996499030e+01,-1.440950281775326758e+01
-1.935563938350357205e+01,-1.537153018229226831e+01,-1.518342798717642417e+01
-1.733053400992807980e+01,-1.268074839317859492e+01,-1.209918604091448202e+01
-1.749431977383976999e+01,-1.527862544703105563e+01,-1.510999856726960466e+01
-1.545800503132631754e+01,-1.457982472142549568e+01,-1.077630398662708622e+01
-1.832477662879520608e+01,-1.441128400580918623e+01,-9.975958172867223084e+00
-1.427454792710147125e+01,-1.216282470839356833e+01,-7.584680811961307612e+00
-2.433803774629437200e+01,-2.008285422318546054e+01,-1.985470786907120555e+01
-1.869935668341600277e+01,-1.636554470795836735e+01,-1.225089129206731009e+01
-2.275468739412482222e+01,-1.877607105897668660e+01,-1.756370956398016858e+01
-1.715840909858357222e+01,-1.704451411930187987e+01,-1.264142819376633398e+01
-1.971300819267411697e+01,-1.874120511966017943e+01,-1.486523799874749763e+01
-1.995458234232194172e+01,-1.657782068618793758e+01,-1.618808015760892260e+01
-1.551041188851510100e+01,-1.372351281230872821e+01,-1.011386225937529559e+01
-2.231626259937161549e+01,-1.989163988836367736e+01,-1.910814532561188628e+01
-1.653397580923790855e+01,-1.416668561782301516e+01,-1.304717682634736775e+01
-2.454104209964960148e+01,-2.352456932963708169e+01,-2.111948213698108390e+01
-1.981453805288892056e+01,-1.891421847265630518e+01,-1.643738136563953844e+01
-2.184326714117496238e+01,-2.055144218409152046e+01,-1.981069984535163542e+01
-2.025684916074094133e+01,-1.916207728245939279e+01,-1.893587018948001344e+01
-2.092104486238872241e+01,-1.819701227993080295e+01,-1.543239997056882551e+01
-2.423585234119558862e+01,-1.936708312036500956e+01,-1.615781373998625980e+01
-2.033385566952364343e+01,-1.802998923199823267e+01,-1.708241117947667931e+01
-2.488706919690393349e+01,-2.329494681234654507e+01,-2.284449323266197140e+01
-2.321726027735242326e+01,-1.929564899186317106e+01,-1.673226247885710904e+01
-1.648005274516196650e+01,-1.497218972603529608e+01,-1.245342952208802600e+01
-2.023931668070696333e+01,-1.710187066476298412e+01,-1.590681164037660444e+01
-1.997056409031635127e+01,-1.574806760551707363e+01,-1.373623831982999555e+01
-1.864983961883709540e+01,-1.674688801029486385e+01,-1.464865264054416016e+01
-2.563713642137109971e+01,-2.093983332451292512e+01,-2.053778456439954780e+01
-2.469713559275167825e+01,-2.173107796863557439e+01,-1.963475777361910346e+01
-2.797938145568950219e+01,-2.435993395428956632e+01,-2.123201160108099117e+01
-2.090772841650787939e+01,-1.752323589098241285e+01,-1.499184803262048327e+01
-2.016269855392441812e+01,-2.004765751259203199e+01,-1.530098831294022688e+01
-2.468004106516993446e+01,-2.117318730826414352e+01,-1.884390164621147790e+01
-1.743277159273668531e+01,-1.598761319547493542e+01,-1.282603472115857279e+01
-2.186760077976119376e+01,-1.947264477679630801e+01,-1.699207454699749320e+01
-2.859172333358594642e+01,-2.714801804561023602e+01,-2.401206051707874778e+01
-1.995740452825180000e+01,-1.957627862640330818e+01,-1.596659222272680267e+01
-2.010028603706415851e+01,-1.776590370551608444e+01,-1.557612646919537625e+01
-2.357008312795613847e+01,-2.180710637556296305e+01,-1.966206125167087393e+01
-2.398929127631636504e+01,-2.346059447105621842e+01,-2.098982263097546053e+01
-2.674631984939376039e+01,-2.437958655465701341e+01,-2.373051295342575528e+01
-2.410867579646962611e+01,-2.142097382979894249e+01,-1.738776001289702222e+01
-2.574575850710104064e+01,-2.121611539233303745e+01,-1.700957152781825599e+01
-2.652149464806860379e+01,-2.176916535167620381e+01,-1.805927985874297192e+01
-1.625537104301524849e+01,-1.510840980765526176e+01,-1.405808090745397010e+01
-2.074257640454731444e+01,-1.756738150052809644e+01,-1.558395595815984791e+01
-2.667248906803430586e+01,-2.538272515663008733e+01,-2.201196728799597224e+01
-2.514194552976902486e+01,-2.151172627556390182e+01,-1.688673525507489259e+01
-2.747829976732003132e+01,-2.453168063729112802e+01,-2.113444390086029046e+01
-2.512900869058597664e+01,-2.083977174882042149e+01,-1.630626830254635706e+01
-2.202005714738407960e+01,-1.769892453370285068e+01,-1.690284458914129928e+01
-2.385375107950758888e+01,-2.227566921645683706e+01,-2.086796152822726214e+01
-2.418255384892143312e+01,-2.245869558484753625e+01,-1.804514320957795803e+01
-1.998716156607358840e+01,-1.742422796293520548e+01,-1.581300133168128141e+01
-2.272200256366482662e+01,-2.099410347669224564e+01,-1.622835654993947330e+01
-2.817057390088890045e+01,-2.576777698231044056e+01,-2.089620849153700277e+01
-2.355528237376024947e+01,-1.986951219847287220e+01,-1.747308612720205900e+01
-1.888442419753130963e+01,-1.853545554919050886e+01,-1.606328841947622266e+01
-1.821836772745092148e+01,-1.607889763568813635e+01,-1.246522357285153859e+01
-2.662556728563813380e+01,-2.377490581481152176e+01,-2.372717785778241861e+01
-2.414740496288465721e+01,-1.933523998698433033e+01,-1.704439394844748890e+01
-2.573103606213291172e+01,-2.164993720817655642e+01,-1.702075476591461367e+01
-2.338649824821139589e+01,-1.900556082382584577e+01,-1.568014849484141848e+01
-2.292175305127572216e+01,-1.805946736124317908e+01,-1.326233458355043382e+01
-2.311273098558983108e+01,-2.213332523345381375e+01,-2.117979827813791971e+01
-1.444507529167801252e+01,-1.412609686008985044e+01,-9.937763618111882025e+00
-2.070489507494881565e+01,-2.041136020586583300e+01,-1.879437221967236837e+01
-2.391046556879116025e+01,-1.970583329994682487e+01,-1.534638701065578203e+01
-1.827990628495343373e+01,-1.733746104307653368e+01,-1.380790962285689893e+01
-1.926376532935414332e+01,-1.748558171575341191e+01,-1.402283402622096098e+01
-2.176802333110963517e+01,-2.128154321050311637e+01,-2.053344306832415711e+01
-1.353686171633209057e+01,-1.326170323616615754e+01,-1.299199194950951863e+01
-2.232013913684984274e+01,-1.959933034461613133e+01,-1.602314216492619892e+01
-2.496341739716836017e+01,-2.181772675065732869e+01,-1.880168103444987082e+01
-1.836068731637925922e+01,-1.681929678387667693e+01,-1.631327425828847666e+01
-2.431723553997210274e+01,-2.078778123649028231e+01,-1.982215180510104346e+01
-1.597342073262827178e+01,-1.426971854973598752e+01,-9.571976366324129515e+00
-1.785652439328905672e+01,-1.661570709446372263e+01,-1.332876152408939774e+01
-2.302424773481231313e+01,-2.149077402586447860e+01,-1.899161407030863558e+01
-1.822818537463494337e+01,-1.596797143976013800e+01,-1.226189674802215457e+01
-2.347197221033703940e+01,-1.923211666963505095e+01,-1.457560459788323115e+01
-1.648569484095436266e+01,-1.489503044967247725e+01,-1.315395428154679003e+01
-2.009241229378465476e+01,-1.514929646268978836e+01,-1.373618744491608190e+01
-1.931486987055009763e+01,-1.895509420210354889e+01,-1.405309544701570701e+01
-1.948582174652217347e+01,-1.687641609560755285e+01,-1.295041206674026490e+01
-1.712224847622719537e+01,-1.294835793594223006e+01,-1.039175637608227731e+01
-1.731936369001996567e+01,-1.320638685846591365e+01,-1.272573913623524611e+01
-2.389677662566871419e+01,-1.916815612268107216e+01,-1.733900345759015593e+01
-1.883154538551203672e+01,-1.833161105991312212e+01,-1.628300810133157839e+01
-1.709919914504390448e+01,-1.611888257853429707e+01,-1.473006393891573751e+01
-1.144619298534427188e+01,-1.011392041361640359e+01,-7.488475352168922683e+00
-2.100635771354453141e+01,-2.022560058974638153e+01,-1.720608154982814852e+01
-1.589082292039051580e+01,-1.380361391051162379e+01,-9.975599161589858710e+00
-1.996038230487615905e+01,-1.838528751077782175e+01,-1.822663939248072751e+01
-1.602890490800977474e+01,-1.266396888616574046e+01,-8.745142895451948561e+00
-1.552336817647642064e+01,-1.293784100703372353e+01,-9.030238532744455426e+00
-1.612708868441868759e+01,-1.605139488120986613e+01,-1.384694598715940117e+01
-1.394020677666011920e+01,-1.064131453717802245e+01,-6.726588800394619483e+00
-1.311207889069845400e+01,-1.002521552331715604e+01,-6.803529859363175447e+00
-2.073369763432111412e+01,-1.734892701016862304e+01,-1.390973882748565060e+01
-1.632568312640921704e+01,-1.622403498711776137e+01,-1.511598350529553159e+01
-1.698659367106812823e+01,-1.588270428639640386e+01,-1.155563992620863623e+01
-1.148728085181065239e+01,-8.093938811661821831e+00,-5.431278801404773482e+00
-1.044421183822976040e+01,-9.580967464742098372e+00,-7.616497564114564689e+00
-1.253240616588197653e+01,-9.637647014895732056e+00,-9.339092905008836709e+00
-1.327159360836529345e+01,-9.415049200634445725e+00,-7.427761288485894120e+00
-1.640473515105161795e+01,-1.206355874117928728e+01,-9.337170016752429191e+00
-1.422394036836760733e+01,-1.380028455426680623e+01,-1.234979005756159864e+01
-9.836035363165668954e+00,-8.866826146331895586e+00,-4.709837980384889988e+00
-6.185811943361394505e+00,-5.833208564315449429e+00,-2.608863799135041184e+00
-1.978937635725930022e+01,-1.566355362839824750e+01,-1.313487286775456120e+01
-1.319726674309602288e+01,-9.355859465791358076e+00,-5.313443546047134092e+00
-3.853341142655871909e+00,-3.287534112198974512e+00,-1.856478147040732996e+00
-9.600925612896848094e+00,-9.425273843170371535e+00,-7.145131730469062248e+00
-9.341816249329013999e+00,-8.403312202503705919e+00,-3.596638587990422131e+00
-1.730803014861560030e+01,-1.488949117175775783e+01,-1.454385430171828197e+01
-1.248242352943040245e+01,-9.459301299395777463e+00,-8.398958836883746670e+00
-4.402854381055743005e+00,-2.679063934220430099e+00,-1.624678519510553087e+00
-7.231642614811087277e+00,-7.008997552586723856e+00,-4.867991962748765999e+00
-6.455536650919446728e+00,-4.466831083339167563e+00,-7.270671472154255355e-02
-9.352043485932782119e+00,-4.805071135141197658e+00,-4.657296982638102101e+00
-9.701615960118546766e+00,-7.138099156170021331e+00,-4.769754758929951599e+00
-1.100825105693404815e+01,-9.826120879904117089e+00,-6.610397052978557397e+00
-6.408385998511479720e+00,-5.765631950798557170e+00,-5.702693269521678765e+00
-1.164817165276880573e+01,-7.486911913838973476e+00,-2.693048337542948367e+00
-1.245875860135948088e+01,-7.548836371027439540e+00,-5.079852422951525170e+00
-8.189421466360457202e+00,-4.058853576127714469e+00,2.155548993517797385e-02
-1.309854761859901906e+01,-1.188859010188948417e+01,-1.171412517925440788e+01
-3.690163433866272769e+00,-8.913782258950400106e-01,5.350711114746591335e-01
-1.095845146450994889e+01,-6.432515447145565446e+00,-3.766695982649028718e+00
-7.740139417995648863e+00,-4.790991923438739697e+00,-2.005579023775293290e+00
-7.130115207503950003e+00,-5.205586589879090731e+00,-5.220935262352526252e-01
-7.474007073458473371e+00,-4.173583818684869051e+00,-3.852784889712398630e+00
-7.236868022036812675e+00,-5.250000030983262178e+00,-8.948124965844357348e-01
-5.140067561304126009e+00,-1.782335131519867666e+00,2.053123701081589925e+00
-6.977254830837056332e+00,-3.408138407771195144e+00,-1.354626611023268978e+00
-9.183770226688489302e+00,-5.085054480444675562e+00,-7.092973568922058547e-01
-6.935790814553834949e+00,-2.144721981641054764e+00,1.891000690834353737e+00
-1.018088657955325971e+01,-5.627573974971692650e+00,-3.589063480785389615e+00
-3.906726549984320229e+00,-2.563282771587395814e+00,-2.256214110695550890e+00
-4.879035552488851124e+00,-3.791352691824463772e+00,-2.335950098076891024e+00
-3.418426691457171707e+00,-1.750974534923665393e+00,2.281957382155082037e+00
-5.358470072033679976e+00,-5.356557049571925688e+00,-5.184175960734814126e+00
-6.317582170755551729e+00,-3.020566186078721849e+00,-2.304640223103024077e+00
-7.988970872325326766e+00,-3.435918638819474236e+00,-1.885520106462074352e+00
1.994376215606358915e+00,3.557458165239160142e+00,4.781563755268059879e+00
7.315684408241627246e-01,9.863387939301313523e-01,2.463902608294038732e+00
-3.065267713526956594e+00,1.225207898100615811e+00,2.509228270837828845e+00
8.869402273427819949e-01,2.750518857453504218e+00,5.000461750031409025e+00
1.351503762269700815e+00,4.490612868989819262e+00,6.744173895027365084e+00
-3.012408733967532282e+00,-2.675914085569869094e+00,1.937170971546207987e+00
-7.250377765843643019e-01,3.104416615115205502e+00,7.224734553045488283e+00
4.275808908927003493e-01,3.214747924682590074e+00,7.130815025536901608e+00
-2.524245043022280477e+00,1.327561874290122068e+00,4.183510177658130935e+00
-2.014428126089145010e+00,-3.899440383494301443e-01,1.045234656591482736e+00
7.595038085918845994e-01,5.212360822403141469e+00,8.220117336334674008e+00
-3.009287044148410306e+00,1.628735544556877191e+00,5.752265916937165713e+00
1.320694690564963025e+00,5.941754527294229149e+00,7.144760782310166647e+00
2.446565059322927560e+00,4.022016650585842790e+00,8.584295411398670694e+00
-5.477568276876970010e+00,-1.088284802118001160e+00,1.676819790618574224e+00
1.380865549377245038e+00,5.683902453074119343e+00,9.458286908333104037e+00
1.598146938001113071e+00,6.389514635391249087e+00,1.089337328111681558e+01
-1.413876994890926220e+00,3.135304901113257436e+00,6.833026377111615091e+00
-2.860653784622610551e+00,1.553093027728689179e-01,3.417843305041433855e+00
-9.197326116502861915e-01,3.359849141542091022e+00,6.237846830616387450e+00
2.647678375797698713e+00,7.127857480371099896e+00,1.042203039496794759e+01
6.798362529423023659e+00,8.896987356267096914e+00,1.163183218866785928e+01
-1.080878963577762697e+00,3.904712962562388867e+00,8.398400837426171606e+00
-1.746184979043592378e-01,4.250099703617579827e+00,7.061649239982215498e+00
7.164356007099490498e-01,3.968993097497164335e+00,7.358600080873809013e+00
9.077529801926997877e-01,4.528633185448883935e+00,8.693906875611087770e+00
7.910547658314840191e+00,1.075625423666001623e+01,1.554223570629457818e+01
9.170387068904144456e+00,9.290469888598767767e+00,1.427211087655477328e+01
6.553798510479624362e+00,9.708608112371885923e+00,1.219052685441630324e+01
7.836072570457621289e+00,1.079390719765945050e+01,1.468611392095242962e+01
6.195183750765490771e+00,9.829202662965499826e+00,1.475374823271933522e+01
5.875406329345684853e-01,4.464497279713675049e+00,7.851770229457349259e+00
2.787102739274353702e+00,6.305037006517101084e+00,1.051062114481222132e+01
1.069798808892009667e+01,1.132033661389662527e+01,1.173925472955860805e+01
1.155334051245629645e+01,1.228584440035432834e+01,1.398950721799645081e+01
5.877669647330431069e+00,9.065842429890139442e+00,9.404181050354660343e+00
6.884976715101210232e+00,9.247357850380911515e+00,1.378448593920542109e+01
1.063526342686809834e+01,1.205720249939573741e+01,1.420391766611392370e+01
8.906093799614808404e+00,1.018218591167152454e+01,1.425609672326182142e+01
6.419817566149129462e+00,9.153858957868832746e+00,1.051870067090505501e+01
6.243928368636106008e+00,6.585103668894549678e+00,1.027094910319659604e+01
9.200663369092595190e+00,1.048470526406854830e+01,1.497362228643235049e+01
6.101156693554036003e+00,1.089145477628085779e+01,1.316296338911849517e+01
6.050621982241869645e+00,9.367397399453201601e+00,1.190949148748793540e+01
1.069848449763472331e+01,1.537293753197878488e+01,2.017469284175922084e+01
1.088699272159248466e+01,1.339055051795713247e+01,1.700831228900131720e+01
4.520291794969152122e+00,6.824357617034658041e+00,7.017611039522903660e+00
1.426018987945184158e+01,1.591957795615788740e+01,1.676636503134977119e+01
5.649171666325409902e+00,9.832200134171337425e+00,1.003995980279670341e+01
6.483073399392247360e+00,1.056098008604151772e+01,1.216116113470904203e+01
1.008625323825625308e+01,1.069050843422407837e+01,1.477526212133056305e+01
9.101663273021602052e+00,1.033147658233468036e+01,1.156882522049049733e+01
1.160725588492610783e+01,1.398963498873398237e+01,1.569945266980953136e+01
1.112390500072428878e+01,1.465465935104052875e+01,1.722385791606094330e+01
9.838824041544919297e+00,1.342732259972830988e+01,1.804533588912735098e+01
1.030685335101470024e+01,1.260831671311416002e+01,1.663900725935685188e+01
1.471797276590254455e+01,1.490317159930258128e+01,1.673280809192535656e+01
1.403116460007067801e+01,1.769541854616957721e+01,2.099405610857382243e+01
1.380275689173485532e+01,1.768785909466256712e+01,1.998030421125390177e+01
9.101170772556512745e+00,1.106275339912838440e+01,1.586695367413934044e+01
1.130979932967664681e+01,1.162929877276122781e+01,1.169068931004251866e+01
1.011376131195990347e+01,1.154477743073753793e+01,1.214182973049826231e+01
7.777455866652136507e+00,9.241983513059182087e+00,1.041803414156759189e+01
4.723276880060626404e+00,9.677450162533778766e+00,1.178242362122858466e+01
1.002587375076232590e+01,1.076297811138630678e+01,1.498983948437364688e+01
1.596302571093413647e+01,1.684592125867744983e+01,2.149482416789641093e+01
1.096706735178851488e+01,1.227980046973899597e+01,1.289597416114738060e+01
1.429651239943450847e+01,1.710284709495124744e+01,2.118056527708094450e+01
1.713621118838108615e+01,1.769339081121723467e+01,2.165357722695024734e+01
1.083174037359908226e+01,1.156807097845640797e+01,1.613335899980798516e+01
1.422606387259092742e+01,1.743177953739336772e+01,1.793429352144213595e+01
8.416245308073886378e+00,1.187405330154623684e+01,1.236938683997488830e+01
1.708432282829109994e+01,1.894046907856707307e+01,2.187341114470127934e+01
1.022060682028056000e+01,1.177137708944019856e+01,1.182916028079773341e+01
1.135825918066421281e+01,1.145066159147989282e+01,1.491814416925424069e+01
4.729358532456287456e+00,8.780265564532111711e+00,1.029946557017501974e+01
1.457801090640780117e+01,1.790731144447353884e+01,2.000000508108352548e+01
1.122084918965904521e+01,1.555038039715595310e+01,1.602892593157574908e+01
1.113970074963437540e+01,1.296513716505127434e+01,1.698420341117786236e+01
7.525598425289116378e+00,1.128697523730915719e+01,1.615698202741442913e+01
1.473440346581783089e+01,1.526394958971928872e+01,1.615705513493125522e+01
1.286720342394490224e+01,1.527795678558205061e+01,1.664068060084676048e+01
1.335026454457686995e+01,1.528463338695909712e+01,1.662059052909962986e+01
1.683698464307809317e+01,1.813834767824985050e+01,2.194929982851570927e+01
8.602136623278662242e+00,1.166176805468667865e+01,1.204543964287099378e+01
5.033976154523926105e+00,9.268059555278691519e+00,1.339247844918564923e+01
1.306862510625817819e+01,1.742020463818943199e+01,1.825304368710478897e+01
1.248082739749585457e+01,1.282544147106977483e+01,1.768141535256099672e+01
3.787257625171925213e+00,6.287683027521418389e+00,1.045015216680995707e+01
1.360488949667836778e+01,1.573207502441214345e+01,1.575624674069550757e+01
1.118640889667827487e+01,1.176054926701821834e+01,1.581339912454498986e+01
1.144034392583445836e+01,1.427441789624110413e+01,1.644951606519664011e+01
6.383498917850858767e+00,9.972181535862478796e+00,1.265271433567341930e+01
1.046074161272669123e+01,1.274179345429210031e+01,1.349916807495988458e+01
1.283939535227189310e+01,1.517362204601566056e+01,1.959597480964433913e+01
1.567082365033424196e+01,1.570450202040033361e+01,1.770896222557323796e+01
1.410405993215897169e+01,1.738712963436544001e+01,1.857426680055174373e+01
1.579346337810645196e+01,1.737094388168998194e+01,2.057637017180878303e+01
1.520525278362541144e+01,1.557475663093257445e+01,1.616977151257925627e+01
1.286534968258619571e+00,5.793502517652563633e+00,8.378183413847640537e+00
9.104357144755756082e+00,1.020477652755797493e+01,1.171779384619494557e+01
8.109142264969742442e+00,1.152687145354650511e+01,1.170341925744342682e+01
1.479635204364701906e+01,1.673303768620666432e+01,1.873495819492995196e+01
3.694053090156634411e+00,8.404154600668189090e+00,1.009808418781979888e+01
5.680060918406395487e+00,7.404444847145120967e+00,8.484280508524244979e+00
1.289135725291052026e+01,1.409315778778340977e+01,1.525481912765096482e+01
3.315478387267032367e+00,8.233869031333250987e+00,1.318584343354128663e+01
9.884308245691883599e+00,1.333595679878473206e+01,1.476527813404912237e+01
1.334737272154438337e+01,1.495893253101654707e+01,1.846218848445391103e+01
8.334755264885927772e+00,1.142695973696122991e+01,1.268107045742344141e+01
1.051539741278666007e+01,1.094574981987048190e+01,1.311385612211440232e+01
1.269210302755046449e+01,1.420232200821606661e+01,1.838954823699740615e+01
4.210116499030426951e+00,8.447013118052060676e+00,1.137097557314401897e+01
2.462028254483986878e+00,7.410635119935837345e+00,1.156067348464835476e+01
1.254390438427149590e+01,1.526087742036371431e+01,1.953124042589384857e+01
5.749748632119052516e+00,8.862581917611352722e+00,1.208501679596819400e+01
1.270326706347280066e+01,1.341907373525659430e+01,1.656577082172221438e+01
-7.447302599384197919e-03,3.509790605489913062e+00,4.965323153898108188e+00
6.822894412856408408e+00,8.750091816645257481e+00,9.388240054395055267e+00
3.622362207354965946e+00,7.551523013196689504e+00,9.046641126910714092e+00
8.304897001485489483e+00,8.837398913468115680e+00,9.953068597224168812e+00
5.857438904111709199e+00,8.017234189888839069e+00,1.053880653186493355e+01
8.012039273317162369e+00,8.219433013768306040e+00,1.189267175463347570e+01
1.170757834803950992e+01,1.258415353281304050e+01,1.552303415435088141e+01
5.253721176331889176e+00,8.909102436196796759e+00,1.011004275883779613e+01
7.985955272376902059e+00,1.284138054635847581e+01,1.782983715606017228e+01
3.232802014808532576e+00,7.266818106253092324e+00,1.058473815215507230e+01
5.299332077284476306e+00,8.998428426549017090e+00,1.207100471365213501e+01
7.912373863074610547e+00,9.023128837649814216e+00,9.285093286805047086e+00
6.557366551082143502e+00,8.526751301265798944e+00,9.900542363245941502e+00
4.084035236288615422e+00,7.708094441696204946e+00,8.032649696232960324e+00
5.746055297357175462e+00,9.316444293910631558e+00,9.901188018285571601e+00
5.996723259619963109e+00,9.703271646773732328e+00,1.381856790083209319e+01
8.312964562649174383e+00,8.832620209478708517e+00,1.145859375936625568e+01
2.751984720483942048e+00,7.520302948035395119e+00,8.440017429030573837e+00
6.679041664620686269e-01,4.067683848260897683e+00,7.202836374325510604e+00
2.484706090286680435e+00,7.280952033515355026e+00,7.349034294193570460e+00
2.886354509922566702e+00,5.924817151019596828e+00,9.911695365145204661e+00
-5.707363464619032989e-01,1.251580626783882266e+00,4.188906306985810346e+00
5.381294529735752619e+00,8.108614628585726791e+00,1.188599296210167111e+01
6.960625095645975868e+00,7.097338760853227235e+00,8.979786300871168692e+00
3.756295844661098116e+00,4.495738081851318846e+00,7.721416232211606001e+00
-3.862257102992084690e+00,2.693526201272788967e-01,1.891500539473665032e+00
-1.307935355752221973e+00,2.958119654711147462e+00,3.171525794865363235e+00
9.687433341772401008e+00,9.996494187521614450e+00,1.012300239198389207e+01
2.043152703961262695e+00,4.499878373941362142e+00,6.672834164293814041e+00
1.992818843942501861e+00,5.325338583373536494e+00,9.320887700545210208e+00
1.982317494536374181e+00,5.592468994093349188e+00,9.541492522494779749e+00
-3.796199151465402988e+00,-2.665752445682487703e-01,4.209558720832234258e+00
-9.952211457098181224e-02,-6.276194860381778540e-03,3.163080859402493061e+00
-4.502683172209398066e+00,-8.016025340139343314e-02,1.390340646146408510e+00
-5.303130406663346008e+00,-1.353430243496952734e+00,2.473985415364366336e+00
2.449715096945754844e-01,1.981344556516373423e+00,2.684573751556993848e+00
-1.547673717386130132e+00,-2.994926674502726982e-01,-7.412933678198874166e-02
4.944733285100055831e-02,5.028771473791751045e-01,1.762299149428259382e+00
-4.044451373581372522e+00,-2.841553883655523194e-02,1.916089467788213430e-01
-5.294376356681640416e-02,1.096969347857029931e+00,4.519234375878445675e+00
-7.053705100986611409e-01,4.428761939531633551e-02,4.992330392511805215e+00
-6.096986254357081414e+00,-1.421379771474013731e+00,-7.216558195010933652e-01
-7.595526540220636669e+00,-2.919538363812560711e+00,-1.709625952955076356e+00
9.909461210912016149e-01,3.633609261941269430e+00,7.927261129690177377e+00
-1.415529474568639090e+00,-6.840027498617355928e-01,3.847889081188793803e+00
-5.312186033043158062e+00,-5.019772586507610157e+00,-2.377389111883469131e+00
-2.019941682879496270e+00,5.976675642327156091e-01,7.137136439058872073e-01
-1.347833625845440508e+01,-8.931223871544812454e+00,-5.200650170526555982e+00
-2.622815512799629989e+00,-1.876355846532001159e+00,-3.806743694847618542e-01
-5.217345344107982896e+00,-1.995922852878040388e+00,6.280293401804555309e-01
-5.310551500900638544e+00,-3.000359495632298312e+00,-2.586922814741876575e+00
-5.815266330252259586e+00,-9.555142441816928400e-01,5.898749079140597207e-01
-6.519958961557078325e+00,-1.685956526354237761e+00,1.411609936950178890e+00
-6.570775565373782712e+00,-2.940659581719787585e+00,-1.507468609815636906e+00
-7.706565881700536025e+00,-5.227266437803450572e+00,-2.343453188404052590e+00
-5.342649206157794595e+00,-5.624207773265998966e-01,3.124833221729466537e+00
-9.121267974056561201e+00,-8.167095598010394752e+00,-5.602255150412475793e+00
-5.048363533386479141e+00,-4.373102118091460433e+00,3.767200105707386726e-01
-1.241635384176705337e+01,-9.270046980449025753e+00,-4.618035637896073631e+00
-6.779632675180691237e+00,-4.333539275501444799e+00,-2.283038132694329203e+00
-8.136477044966385463e+00,-5.139752989913874082e+00,-2.315276160471765543e+00
-4.095256880242661879e+00,-2.009989693983120773e-01,2.302716169770743893e+00
-1.203824862674451701e+01,-9.622000790553705940e+00,-4.863637782245450403e+00
-1.149753732405228668e+01,-8.771108638114842648e+00,-4.476695867098667847e+00
-1.604881287123776090e+01,-1.236627486818565913e+01,-1.074928301289304144e+01
-8.788206236007345851e+00,-8.340625712914512491e+00,-7.247068011742378246e+00
-9.660251136379505610e+00,-5.914531174263326641e+00,-3.906007291717600971e+00
-9.071557133573758591e+00,-7.107716272812111491e+00,-6.610658796140295834e+00
-1.070394073091549458e+01,-8.693848777871618694e+00,-6.521470124662214651e+00
-4.764376720254251296e+00,-4.759749265353039327e+00,-1.342658757366638866e+00
-7.908136637272775715e+00,-4.770471768723245631e+00,-3.423693242786978175e+00
-1.646036063471757416e+01,-1.398089400162964679e+01,-1.010186179338059986e+01
-9.810601479289227100e+00,-7.644253129684114079e+00,-4.166708065011209605e+00
-1.084713441712171544e+01,-6.025718729979603339e+00,-1.577242403454676811e+00
-1.504965239479230732e+01,-1.077033025704174740e+01,-6.888284735725451746e+00
-1.072427062804626452e+01,-6.362565871586696176e+00,-1.680383842933384386e+00
-1.332920521612872378e+01,-1.060098269267163751e+01,-7.243631490548422036e+00
-1.208701861487779006e+01,-9.089350476967942072e+00,-5.631085318303601817e+00
-1.591016551278764624e+01,-1.473482971850611456e+01,-9.773591039244344358e+00
-1.707349130598581866e+01,-1.298460604088991310e+01,-9.462240311664027459e+00
-1.174469701372949437e+01,-7.083385289493007164e+00,-4.529973061062512407e+00
-9.366564876899769132e+00,-5.652041242112634478e+00,-3.773549409771302710e+00
-1.011364689132730987e+01,-6.947272660717498383e+00,-4.163198138855503494e+00
-1.613807530394771561e+01,-1.145388670046111912e+01,-6.573354983833916698e+00
-1.718810390816539524e+01,-1.326841149868825376e+01,-1.167796170111070353e+01
-1.119236949127903813e+01,-9.494673419380767143e+00,-5.460895532484711268e+00
-1.676267400711751776e+01,-1.368188419380400767e+01,-1.103206996090312764e+01
-1.485290080938396251e+01,-1.194198948722224252e+01,-1.107652579221731237e+01
-1.616961124428468111e+01,-1.376936220266906830e+01,-1.210763508830963353e+01
-1.144387657055043306e+01,-1.137083663364379582e+01,-8.269983325208340119e+00
-1.888512473901609923e+01,-1.441537740725290639e+01,-1.209580062024692637e+01
-1.985407122302847682e+01,-1.538872250462473978e+01,-1.501163349958334337e+01
-1.812398914179497922e+01,-1.704624015159743422e+01,-1.418253062548324905e+01
-1.356161903494138343e+01,-1.119188216053296259e+01,-8.355428481810729835e+00
-1.709388646719101246e+01,-1.632854840799199891e+01,-1.359639286331473507e+01
-1.707367259702628104e+01,-1.646222058376272201e+01,-1.277415633605049550e+01
-1.543554521075073183e+01,-1.178137701432596707e+01,-1.124098758529685860e+01
-1.587746505037405953e+01,-1.102355388084802712e+01,-9.500910346695626174e+00
-1.695832494547731528e+01,-1.199515584909561206e+01,-1.179995858987259005e+01
-1.301552353179168620e+01,-9.186417647983599721e+00,-6.263993287579110003e+00
-2.111115016394431265e+01,-1.770088537776022974e+01,-1.540183582503456705e+01
-1.780960650427504532e+01,-1.556797143265377237e+01,-1.470799831409748926e+01
-1.971710920675697665e+01,-1.922061139919313177e+01,-1.911264759389483459e+01
-2.186145087872795045e+01,-1.709151550498563665e+01,-1.537843914158422365e+01
-2.387748146240352298e+01,-1.890981399242630090e+01,-1.448615433824938137e+01
-2.054179655323468268e+01,-1.618235829860892494e+01,-1.205890275895208319e+01
-1.493810431984423381e+01,-1.435768606496531241e+01,-1.160942035010913642e+01
-2.261714047519177484e+01,-2.077742308852584330e+01,-1.845578564868502980e+01
-1.956115964259316797e+01,-1.782282708142114203e+01,-1.634994297361822291e+01
-1.894832389151440921e+01,-1.837158708661439022e+01,-1.617189310700180371e+01
-2.253401123761746661e+01,-2.140380162738856029e+01,-2.069463857793168415e+01
-2.088524607272625744e+01,-1.677126746970723303e+01,-1.318656101724960550e+01
-1.930318820218852238e+01,-1.928588087200852286e+01,-1.437602832378157736e+01
-2.251104623368324553e+01,-2.055986882989091669e+01,-1.764460902861999259e+01
-1.707858063283773120e+01,-1.698334855571276947e+01,-1.496574650344926383e+01
-2.293456510988710662e+01,-1.996118274000760096e+01,-1.592004208426025436e+01
-2.625037507777832957e+01,-2.236219079666351917e+01,-1.909912785441687433e+01
-2.021916929530205920e+01,-1.667873362338565713e+01,-1.637234088933894682e+01
-2.158390384522449068e+01,-1.760025590902713333e+01,-1.293828080658378354e+01
-2.800107459745396454e+01,-2.369825392895365468e+01,-2.334525013400371307e+01
-2.204631220016889515e+01,-2.033946051938994515e+01,-1.670413634513758083e+01
-2.398422239075470586e+01,-2.138057541726894684e+01,-1.735320600823266091e+01
-2.613261973746429945e+01,-2.359246099490886195e+01,-2.123460833010536675e+01
-2.558724604456227425e+01,-2.485595131590993745e+01,-2.321121194722168113e+01
-2.137000938584655074e+01,-2.051822077071229700e+01,-1.629584258496610971e+01
-2.419443262177951226e+01,-2.320945973518523786e+01,-1.835300599244305175e+01
-2.023554365923421727e+01,-1.895800051055042701e+01,-1.871154484158027032e+01
-2.379293288430884701e+01,-2.048798621070642412e+01,-2.039173272424804750e+01
-1.936187441806452370e+01,-1.872047697588984505e+01,-1.579243806959697238e+01
-1.846135615049049150e+01,-1.650512733981782887e+01,-1.277477816470258354e+01
-2.028075857109746494e+01,-1.653576969793167706e+01,-1.310318594065644682e+01
-2.752452763352394172e+01,-2.662650355250672618e+01,-2.283359913710999223e+01
-2.517407124728462975e+01,-2.325950966726752966e+01,-2.237483442764774466e+01
-2.442518048617688819e+01,-1.976538006591952268e+01,-1.920946016573610393e+01
-1.875795870450237857e+01,-1.857673255447634375e+01,-1.676658427249690675e+01
-1.729443033109442496e+01,-1.619638564906181699e+01,-1.337008349424790410e+01
-3.056690911885426942e+01,-2.621016796765808721e+01,-2.446011497916613209e+01
-2.283003170351104671e+01,-1.868680106314742773e+01,-1.652360603597811206e+01
-2.227810225709423619e+01,-1.935087479825409318e+01,-1.815591125358640312e+01
-2.741580030250760558e+01,-2.329691159835979875e+01,-1.974472249261940249e+01
-1.741442575050134778e+01,-1.421464927276302603e+01,-1.023931885624016758e+01
-2.452726621251656525e+01,-2.177249604660352844e+01,-1.999627326840032282e+01
-2.134333159591314910e+01,-1.933196391549876125e+01,-1.860757546063586432e+01
-2.794183989903680043e+01,-2.356628711563954326e+01,-1.924499671319289362e+01
-2.531404509906117895e+01,-2.108863080130749168e+01,-1.825214468648517041e+01
-3.012634725197292340e+01,-2.690540825212643128e+01,-2.213946968985201025e+01
-2.251317452743561986e+01,-1.792215319557719511e+01,-1.370898146173094823e+01
-2.220234063054645546e+01,-1.945767615621209856e+01,-1.825672157769322723e+01
-1.886599307237695555e+01,-1.668916820777371157e+01,-1.412974039694044848e+01
-1.979828544983601546e+01,-1.931651868098813907e+01,-1.679700341832460353e+01
-2.533408051091771540e+01,-2.186392537937501146e+01,-2.171676548871151624e+01
-2.184731873867463392e+01,-1.894048191824568406e+01,-1.768595399010854763e+01
-2.156431555280405377e+01,-1.725694634310637099e+01,-1.488673444764302189e+01
-2.224538564539624375e+01,-2.141501621231877550e+01,-1.848167980881894934e+01
-2.129461330674013553e+01,-2.006912237383972197e+01,-1.513387283331419475e+01
-2.667208782249316101e+01,-2.449192364865898952e+01,-1.982041036779564536e+01
-2.882740406891538143e+01,-2.676060063760154151e+01,-2.610788788348694567e+01
-2.780378207811825675e+01,-2.340586236159565914e+01,-2.175265485823460310e+01
-2.529447405294037310e+01,-2.306798500700184462e+01,-1.996261745867079540e+01
-2.266941825142726685e+01,-2.208051769491041938e+01,-2.054792185052119180e+01
-2.494905961573999775e+01,-2.041456328045863344e+01,-1.913310533743562658e+01
-1.716310737828818489e+01,-1.694489163405620857e+01,-1.381044258908472244e+01
-2.867378422012847494e+01,-2.507575699293081328e+01,-2.194755031987762450e+01
-2.274394688860100544e+01,-2.103953839249293623e+01,-1.811579430950509462e+01
-2.437325985994707622e+01,-1.980920265313478268e+01,-1.950045199826864106e+01
-1.955092740705689280e+01,-1.849769359199155261e+01,-1.782757365155526585e+01
-2.609662548397157877e+01,-2.381880398637913387e+01,-2.228132832433463761e+01
-2.038954457387458774e+01,-1.694136879621281366e+01,-1.412842095226111994e+01
-2.285522070292878993e+01,-2.246559024145376071e+01,-2.218766921756553856e+01
-1.913601458337658201e+01,-1.802114304939453149e+01,-1.664357451338214133e+01
-2.002161639880040767e+01,-1.875018147006242586e+01,-1.609745435160017735e+01
-2.224955082045209664e+01,-2.079037717844256150e+01,-1.883925764430772887e+01
-2.256710080504789318e+01,-1.922521487764844395e+01,-1.827895749774738121e+01
-2.005777742618275283e+01,-1.957546845369317623e+01,-1.739265475124156879e+01
-2.170754159091004709e+01,-1.723374653556694369e+01,-1.559314221521780475e+01
-2.036134028675582286e+01,-1.962040716417991959e+01,-1.858426514376245464e+01
-1.924875807820582096e+01,-1.742853057942559047e+01,-1.705995787301928601e+01
-2.239188192670755484e+01,-1.802692627043982654e+01,-1.353036604775725493e+01
-2.441478082007107275e+01,-2.236162589513695309e+01,-1.818699554695900389e+01
-1.820756079116755899e+01,-1.564691756818084656e+01,-1.097598002369303671e+01
-1.869017995933496934e+01,-1.789421050268505198e+01,-1.613342376883207763e+01
-1.932453744307617072e+01,-1.702825502283458192e+01,-1.637159957454305470e+01
-2.079191996298823142e+01,-1.650057100980394154e+01,-1.606034074084785956e+01
-2.199227216019817277e+01,-1.888709548244894165e+01,-1.517594243970272494e+01
-2.036783785347456188e+01,-1.865269925167604725e+01,-1.465301549699417194e+01
-1.386352532974502694e+01,-1.278854160128325645e+01,-9.501622772627857927e+00
-2.510181902760440309e+01,-2.143623213941601335e+01,-1.843884436982765962e+01
-1.605229772046089920e+01,-1.112363173684057926e+01,-1.100010867331857334e+01
-1.742118900971970064e+01,-1.529191337128270334e+01,-1.147993896491809629e+01
-1.338451425643247994e+01,-1.208472687051049377e+01,-1.065729188088790202e+01
-1.966846578811395929e+01,-1.734488956821782324e+01,-1.714499924654387542e+01
-2.008363946446944581e+01,-1.649252783757479435e+01,-1.189274931924604317e+01
-1.263999129949879396e+01,-1.171119864751797657e+01,-7.006574404419458446e+00
-1.553230810516731353e+01,-1.479469145882510794e+01,-1.056004586699620873e+01
-1.608651078510247956e+01,-1.545673185075536438e+01,-1.457760668446710639e+01
-1.673839680975200750e+01,-1.552248702689094806e+01,-1.497988625405419860e+01
-1.764341741334648717e+01,-1.386009361811852614e+01,-9.905104817578068932e+00
-1.739847588943181833e+01,-1.366192620675903413e+01,-1.019683041290216607e+01
-1.121057796424105568e+01,-1.117173789068326784e+01,-7.927160760620467705e+00
-1.346391081625524855e+01,-1.227124426233235610e+01,-9.717020069520032166e+00
-1.498813345237462258e+01,-1.264802715704127856e+01,-8.782830344308255377e+00
-1.363698017390855632e+01,-1.336535895002193364e+01,-1.107830214944287128e+01
-1.708116757715143308e+01,-1.687542295875656961e+01,-1.520817028957438488e+01
-1.526988354427913741e+01,-1.373107769943413992e+01,-8.806562900332195909e+00
-1.406688713931016643e+01,-1.082200473451733558e+01,-1.077644789578260109e+01
-1.466194344169850439e+01,-1.362130778097450445e+01,-1.064031637302293731e+01
-1.067837798699723528e+01,-1.016000143660425614e+01,-5.852277726129743840e+00
-1.197446863208633694e+01,-1.180461669735872299e+01,-1.163397776356954516e+01
-1.453189563739886481e+01,-1.064185068278431245e+01,-8.121589532307442738e+00
-1.731698251740218808e+01,-1.601233845433863578e+01,-1.487769827308583359e+01
-1.247177503234751939e+01,-9.766475403286634105e+00,-7.286674051396754948e+00
-1.419903401227519701e+01,-1.083847294636134784e+01,-8.713777327142082640e+00
-1.352801866229434324e+01,-1.271416588027987515e+01,-1.147459789113263362e+01
-1.482703244857763281e+01,-1.250817305695455950e+01,-9.875491295998894969e+00
-1.506636125313926833e+01,-1.284973580514490976e+01,-1.188794500006713228e+01
-1.218017351537372051e+01,-1.066750686978136820e+01,-7.532140732830542973e+00
-1.300137505701873231e+01,-1.262212793538612488e+01,-1.120955717424304510e+01
-1.516524995901091089e+01,-1.257940428481817285e+01,-8.077523796669856537e+00
-1.210687391481264541e+01,-1.149383078266645342e+01,-8.097110755971076657e+00
-1.222211908860316143e+01,-9.732775448226586690e+00,-7.693586208798016024e+00
-1.420693988142810227e+01,-1.023556448718606759e+01,-7.113200386799476860e+00
-1.519301726377547723e+01,-1.201664076023938676e+01,-1.086106423027959167e+01
-1.176266118418444862e+01,-9.324843266447599532e+00,-8.354629668313494406e+00
-1.136597887462560585e+01,-9.521167904403107229e+00,-8.174762485463961781e+00
-1.472641145426033304e+01,-9.852037494242440019e+00,-6.090457587527752459e+00
-1.660255314536434668e+01,-1.325773792806410967e+01,-8.900002754507038816e+00
-1.177050153206706895e+01,-6.780341823811132151e+00,-2.076665639715602474e+00
-9.641629806766937705e+00,-8.984047289112577772e+00,-8.135474888293124707e+00
-6.555590004957320360e+00,-3.661814083734225900e+00,-1.266289417626854430e+00
-1.452508345528842781e+01,-1.277133410360994681e+01,-1.011045171255114461e+01
-2.609213713492194220e+00,-2.129546339121375809e+00,-4.485549856236230593e-01
-9.550373525635354355e+00,-7.087362408568463223e+00,-4.392250978352335800e+00
-7.630857046225106188e+00,-3.023474757435149485e+00,-6.396210999857214752e-01
8.321195497845212952e-02,8.701246999916811831e-02,1.314957215580141892e+00
-4.526980173646481198e+00,-1.051394655897362806e+00,3.857392441999899280e+00
-6.456807499232537495e+00,-4.984602254064014915e+00,-2.604675869662223420e+00
-8.188983905677027053e+00,-7.336297896915278116e+00,-3.815119045121097230e+00
-6.953976895873619668e+00,-6.659599626054784949e+00,-5.581245461521554319e+00
-1.880019776049326019e+00,-6.087682243354519684e-01,4.549646403293361452e-01
1.015096137921357666e+00,3.168268336668233598e+00,4.155314255723228101e+00
-4.499887007564026931e+00,-2.830308962439856302e+00,-9.065622458363398195e-02
2.426680987688797586e+00,3.411564760989254985e+00,3.615106212433788713e+00
-2.460253862505437983e+00,-1.819036204186202710e+00,1.317823936780340155e-01
-5.564809337941931666e+00,-4.462485960604912094e+00,-3.972867961778441259e+00
-7.932604151348218835e+00,-6.165041053043059271e+00,-3.893577618165680043e+00
-1.397175557624116049e+00,1.950410956930112238e+00,6.253290028008006374e+00
4.371458133117887002e+00,8.011186453135376695e+00,1.160187760269757362e+01
-4.618357348644265947e+00,-2.453316095411683495e+00,2.129008633134112483e+00
-5.772355964216441926e+00,-4.759526696824234904e+00,-1.849907358781465838e+00
-1.280297158013243841e+00,-6.554096141511965845e-01,1.221968177665749167e+00
-3.506453450073868883e+00,-3.264787780020371954e+00,-1.343182999325176041e+00
-2.501945161911644178e+00,8.755767520796585712e-01,2.892246512962766580e+00
-1.890737005023398698e+00,2.928921805838274661e+00,5.766666204039644583e+00
2.622310971899572074e+00,7.357243484423643842e+00,1.062145831982718747e+01
2.733319567792770854e+00,4.554047214675229327e+00,8.470798275842856384e+00
-1.292021895203431026e+00,-1.166312234301673190e+00,2.659007420567485180e+00
-3.186157781258466493e+00,9.170995421621546129e-01,5.810938805825644593e+00
-2.851314861721582217e-01,2.519657913339523603e-01,6.323604206423266705e-01
1.994908758499810641e+00,4.689285048992553939e+00,8.248049500914961030e+00
8.401066414868083143e+00,1.086402528445533022e+01,1.500466109078614707e+01
1.225779901679660000e+00,4.187524483625754357e+00,7.468202332459355830e+00
-2.056635820326862429e+00,-1.089390261078860611e+00,-2.134213247091979460e-01
-2.300738404759972155e-02,1.032731794124610580e+00,1.419931328146509797e+00
4.988704754397986108e+00,7.581074784607528372e+00,8.687222220544752460e+00
6.876334986522323334e-01,1.373462707473676936e+00,4.727747760882513361e+00
-3.725235220904036026e+00,9.313288012332776589e-01,1.356571131991525903e+00
3.741140494134732375e+00,3.979392893156971311e+00,5.243139130563053030e+00
2.915162754184916327e+00,3.370280442541006671e+00,4.600444870395201669e+00
1.870054490727220298e+00,5.963954334822267001e+00,9.868064543405864697e+00
3.780812101524683388e+00,7.214750223321647837e+00,1.056821180764787016e+01
3.573020035553409635e+00,5.132524781351663457e+00,9.176623112548137229e+00
-3.437365419583159998e+00,-5.859542510939821369e-01,2.616536848555249595e+00
1.042329053832513175e+00,5.796462592866570951e+00,7.298947470161818885e+00
1.778495044210054665e+00,4.630940624285090124e+00,6.898105158407830118e+00
4.435007404882066240e+00,6.216949937337199472e+00,8.378569232591893012e+00
1.773980463271939367e+00,4.166557603538715959e+00,9.051853912622878084e+00
3.317929889678554733e+00,5.869912952193409694e+00,7.952898974799166076e+00
1.925039356407670432e+00,4.044506966046306218e+00,4.181091479073254291e+00
9.653483634721542472e+00,9.991633692179968662e+00,1.422209540422381480e+01
1.449133252237634117e+00,6.222879857072705079e+00,9.061288901072718005e+00
-3.703004059175500906e+00,1.128845403331456332e+00,4.845896243569633555e+00
1.279482209874145937e+01,1.516856692104174265e+01,2.014206797110943015e+01
7.951090700003586420e+00,1.131629657740303330e+01,1.369367199943207503e+01
4.562582973860116020e+00,8.074086148711995037e+00,9.133899036625045653e+00
9.255044187087893448e+00,9.741044862867198617e+00,1.162605391117135234e+01
5.608903564197840197e+00,7.623907024941122046e+00,9.999016603940194869e+00
8.613943505032381154e+00,1.118741093566837286e+01,1.606340554312793856e+01
6.760235444295849661e+00,8.373670813534952018e+00,1.250407166248672119e+01
4.584744797741396205e+00,9.508650310301042907e+00,1.075180855260013857e+01
6.228590609323340743e+00,9.325317339424747942e+00,9.779675212852421140e+00
8.068262293794663975e+00,9.689362568619811711e+00,1.270775600386572179e+01
1.025446511507233538e+01,1.303954582635214798e+01,1.494924699122601730e+01
1.020258672686720658e+01,1.350576368847845643e+01,1.406742060269306904e+01
1.114050997904270623e+01,1.474496718070158963e+01,1.907844009191735424e+01
1.105752962255957783e+01,1.214571947669792351e+01,1.707140363161807173e+01
2.680731421941242587e+00,7.375219690908875414e+00,1.159951087489259436e+01
1.694747649258582101e+01,1.717692244220467757e+01,2.180156466821726013e+01
7.272870117558013270e+00,1.201983883953327847e+01,1.599649317475467747e+01
1.138385298929099143e+01,1.366642972566560665e+01,1.497047644340159955e+01
3.646043619396224678e+00,7.705357669623166039e+00,9.695691561523929636e+00
1.315141049062078693e+01,1.572347164138423103e+01,1.731434825539426470e+01
1.029751349382859615e+01,1.081420854356934136e+01,1.216765317729485574e+01
6.855990912270240045e+00,7.527834381922360762e+00,1.065383600193688984e+01
9.248774225469784227e+00,1.317706700205712878e+01,1.574910323127740774e+01
1.364596956505511827e+01,1.620244963339346711e+01,1.704258981776500192e+01
1.471533214697454817e+01,1.535299271648869990e+01,1.822109286754288604e+01
7.404097168529480300e+00,7.884514540325190168e+00,1.107114504850077452e+01
1.086370613061953172e+01,1.414701560297317684e+01,1.636187672461438325e+01
7.923416015660898815e+00,8.488128171972110891e+00,1.140026652590874434e+01
1.210414618493598837e+01,1.317344742985320671e+01,1.738391935648672515e+01
5.889197414271077236e+00,8.936155317119753860e+00,1.203378041686925748e+01
7.640773426663476364e+00,1.180285005467382042e+01,1.489581881203032054e+01
1.324200129726768793e+01,1.352118605106488580e+01,1.709524439926165940e+01
1.286916125451472936e+01,1.358638641641289446e+01,1.435975734571643869e+01
1.122841268281245419e+01,1.495288058411997412e+01,1.855890818517348606e+01
1.274562324874331587e+01,1.321631684527492467e+01,1.665018496089133038e+01
9.909701299296610699e+00,1.093989288199187015e+01,1.314190615388054084e+01
5.487188541643164719e+00,1.023111999549348994e+01,1.326110009159778613e+01
1.917999610209374595e+01,1.966099515585233704e+01,2.230990991816936386e+01
4.875079595762944251e+00,9.437517358432277348e+00,1.415203160452978537e+01
1.105457891094490641e+01,1.519561302543020354e+01,2.019021779409813533e+01
7.573546606526120328e+00,7.895235390717495250e+00,9.067417594997651875e+00
1.386541364090607331e+01,1.643907329534460260e+01,1.680242925452705904e+01
7.670785430203553190e+00,1.021764494518689403e+01,1.376832249848386880e+01
1.864051897577879302e+01,2.009004580769995840e+01,2.260292722132968990e+01
1.371412865525213221e+01,1.583399509506006275e+01,1.637275877235050459e+01
1.153091402813781130e+01,1.440540215979311434e+01,1.553030841130630080e+01
1.362072798501692716e+01,1.487638922135044162e+01,1.877477805045350934e+01
1.395044698884117551e+01,1.473236081229376460e+01,1.634563568964274083e+01
6.602186545173898580e+00,1.153399413797894013e+01,1.185867424418047200e+01
1.026534285304933292e+01,1.235555161794588130e+01,1.656359381354346993e+01
1.113838282530939949e+01,1.241515508165685944e+01,1.617455871055802064e+01
1.366833778678353184e+01,1.462284445533543220e+01,1.524747192736745127e+01
8.278238158791557666e+00,1.121661644409091352e+01,1.387101236596796738e+01
1.068443531166775884e+01,1.281738330119305935e+01,1.481745874800166085e+01
1.240481803987178644e+01,1.315254715358340043e+01,1.752072059177098140e+01
9.884694540340190017e+00,1.300809236889079479e+01,1.301838901856983277e+01
2.085966928392203812e+01,2.143996072348780757e+01,2.269284648359770884e+01
7.330514065042675220e+00,8.320859953423813238e+00,1.321697594823073629e+01
1.151326591627326756e+01,1.325534429595689545e+01,1.612555341904737105e+01
1.380899946966641245e+01,1.438651609718752233e+01,1.492231328160432113e+01
1.038686205134440321e+01,1.048486080190467540e+01,1.389910142930317960e+01
1.465098220333960732e+01,1.490841253135406497e+01,1.750931438897941561e+01
8.471895751153656562e+00,1.223851283868540918e+01,1.422044206997990123e+01
4.673064179240614457e+00,7.653383347571953266e+00,8.724362245483970213e+00
1.509799260348419025e+01,1.645094616857131697e+01,2.048291882985038370e+01
7.736833761925678843e+00,1.055354159160282990e+01,1.409583384261149064e+01
1.115640853944427313e+01,1.541939836395367891e+01,1.810639263816349143e+01
1.125532124033373016e+01,1.151820635103800505e+01,1.635158561226581497e+01
1.413154831770037845e+01,1.455247356691431726e+01,1.477566545184159175e+01
7.884694021896940797e+00,1.216914563052471010e+01,1.309701143492088349e+01
1.032827645655594040e+01,1.471548724572950562e+01,1.736949225484663728e+01
1.186833805156683752e+01,1.575855508521939541e+01,2.063690290018925566e+01
8.153593577042121510e+00,8.467743766029107277e+00,1.257930539597310116e+01
4.410948505343974091e+00,5.727359014077180177e+00,8.671814650945103509e+00
9.689882839911053480e+00,9.858507526932251963e+00,1.130279368412152863e+01
1.368682296413144783e+01,1.501711127359202358e+01,1.697350907201179027e+01
4.966578974364649568e+00,5.806118628017026495e+00,1.014100959860992113e+01
1.567062586779192657e+01,1.743799831497916486e+01,1.789983750294820553e+01
6.964714655876625748e+00,1.103951139252704650e+01,1.559859374800199916e+01
8.669506878744371647e+00,1.174832203631054028e+01,1.359733015334545847e+01
4.250383873278693159e+00,7.909158185671587127e+00,7.926385203315643224e+00
1.191236254844651299e+01,1.317701094306588061e+01,1.602751048159632674e+01
5.677900985069145534e+00,6.951135296920769591e+00,7.801303330422945770e+00
7.256434273571391813e+00,1.121589017990755899e+01,1.151607789671659887e+01
7.836781885810495396e+00,1.243347578648232954e+01,1.314815582039131669e+01
1.054769872487481663e+01,1.056304351404394204e+01,1.307027200633409514e+01
5.288297219799847682e+00,1.019362395465641491e+01,1.291420246389672855e+01
6.046562597742694223e+00,1.031982931647423030e+01,1.251624601492965638e+01
5.283212764540762052e+00,1.018781440777757119e+01,1.141304573683424550e+01
4.338323464565020160e+00,8.999537531771938603e+00,9.050009568210517941e+00
4.077136212035410878e+00,8.070133408211876969e+00,8.815594527649865952e+00
1.261089211844750402e+01,1.350757423079846475e+01,1.414572497893935044e+01
9.413513892239398828e+00,9.932726222928099702e+00,1.278563541849392671e+01
1.030937563284818204e+01,1.164357244706801531e+01,1.186959473222546713e+01
1.055585482037708545e+01,1.122002845209710387e+01,1.378554914215342286e+01
2.475280901343527962e+00,2.855401240576074251e+00,5.895647491845616983e+00
6.587761217454231932e+00,7.831732235151271482e+00,8.676338366445358830e+00
3.347254232094886817e+00,7.363751969528887109e+00,1.128840833327890891e+01
5.505579814186458698e-01,1.728645950496177974e+00,2.770473161151061348e+00
1.636000719821887106e+00,3.400129449613352506e+00,7.546425031229475167e+00
2.820784974863480343e+00,5.371957771821793237e+00,9.498284329392618019e+00
9.448660382909967126e+00,1.036381342105915593e+01,1.142227941443811723e+01
2.164203725218486252e+00,4.352492715844303639e+00,6.469772152297480261e+00
1.204545424901418826e+01,1.221809631655246875e+01,1.375062882778447104e+01
2.757118773943185275e+00,7.309462965929328426e+00,1.179483140123148388e+01
5.054614563993322207e+00,1.000153822332117670e+01,1.395585255835161576e+01
2.557791886285810001e+00,6.878135172385858809e+00,1.048854659470515394e+01
7.023225124937750863e+00,8.366368598619805752e+00,1.332424243228211935e+01
-2.508026540706076446e-01,2.589360610518004258e+00,5.208970841007202424e+00
-3.714559318324461401e+00,9.985423912395949841e-01,4.903598323644491330e+00
2.938733173580356350e+00,6.983477953910700364e+00,1.009304134142111131e+01
-8.742189840244196652e-01,2.145618514487075856e+00,6.138059410101450730e+00
1.379878244134023824e+00,2.922546533960166837e+00,7.793180603632869463e+00
1.729534190703663654e+00,3.336503608588456959e+00,5.283450310272934658e+00
2.371958358807542133e+00,5.159030123087338993e+00,5.211771520772010113e+00
-1.202250663881657466e+00,3.673031645935300737e+00,7.762780969206672488e+00
2.483442355648073807e+00,5.205372139877187720e+00,7.021789059341713823e+00
-9.501316718011501017e-01,5.357575693938025907e-01,1.147892996222251494e+00
3.750455560750808104e+00,4.266333777363509938e+00,4.425439885158557907e+00
-4.452663610319824272e+00,-2.701744479516282382e+00,-1.605471269418010438e+00
-2.846284222168137923e+00,1.180702980470072605e+00,2.747322980922616509e+00
5.231697597329697302e+00,5.976631686200599702e+00,7.748642643119590723e+00
5.160687479837452685e+00,6.811459138616581477e+00,8.026040968317783353e+00
-4.240908835117174647e+00,-3.255072864764576579e+00,-2.738803369167725599e+00
-4.482886781519511032e+00,-1.400398504364398722e+00,3.094115440887296398e+00
-2.757229979645588802e+00,-1.134398935677188192e+00,3.376201985656275717e+00
-8.573009685162526594e+00,-4.338718315896333166e+00,-3.605903360564464588e+00
-8.754537070355938866e+00,-5.198991021452342487e+00,-6.271324643018365563e-01
-4.826840667706449040e+00,-1.895931668704214923e-01,1.924982156035755398e+00
-7.156015958874129446e+00,-5.997635106293772722e+00,-2.407938394224291123e+00
1.453516945477706379e-01,2.480030718664087086e+00,2.670383131590235770e+00
-8.353149120903477609e+00,-3.839705612389205491e+00,-2.457948343467667662e+00
-9.696183853129323182e+00,-4.768498049113276238e+00,-3.639460092294751092e+00
-1.996238272763321442e+00,-4.579507731594283371e-01,3.897689828836335302e+00
-6.920213245025245818e+00,-3.486198276052474121e+00,-1.327675704039045890e+00
-3.782176434921229458e+00,-2.663443580239523101e+00,-2.364650184151679824e+00
-6.809284739500058414e+00,-4.844800752554737855e+00,-2.073940599714238608e+00
-6.254337300483072681e+00,-2.862682576098668275e+00,-6.032330018955067708e-01
-8.137494446689284899e+00,-3.243179570637123810e+00,-7.465674158202926236e-01
-7.351097064620336852e+00,-3.672311095957811133e+00,5.225573407224120004e-01
-7.998778939052464843e+00,-5.703988250356031742e+00,-3.973643845795087337e+00
-5.079794828755760605e+00,-4.994094073097483211e+00,-8.836764825110137167e-01
-1.273225805745300310e+00,-7.446037079162302064e-01,3.183785528219912120e+00
-1.314413740231270822e+01,-9.786384111076523951e+00,-6.329204363824624480e+00
-5.391644995646812433e+00,-2.277128015303333974e+00,3.242225600655914697e-01
-1.524822776259296653e+01,-1.054766364387588951e+01,-6.633910647133306249e+00
-1.106910471062645485e+01,-6.243565383339652719e+00,-3.379482050806213778e+00
-8.840879610059122484e+00,-5.696306964496979930e+00,-3.728763726737772011e+00
-4.250107066946211098e+00,-1.647295674589595471e+00,1.675808105955722382e+00
-7.031275399096465151e+00,-4.692085149848972847e+00,-4.333031018468928686e+00
-1.171620005341828197e+01,-9.131100382322847153e+00,-4.223225336459651480e+00
-1.198434716939427247e+01,-7.232323075758179343e+00,-4.043053769200656511e+00
-6.514385777244328324e+00,-5.825253070513063847e+00,-5.060868454132528171e+00
-1.437842111873870010e+01,-1.091189898161475647e+01,-7.271851431597158744e+00
-1.023150862731600697e+01,-6.944302210349242443e+00,-3.346907150137496068e+00
-1.029239169770148621e+01,-1.006469884637733614e+01,-9.484917337677373439e+00
-9.039580611918784925e+00,-7.741200391249920543e+00,-6.341742799894600324e+00
-1.113927421340033774e+01,-7.239499780394172745e+00,-5.307421784733405090e+00
-1.260268668976803497e+01,-1.173381054083648678e+01,-7.910979573241876395e+00
-1.351567112695096995e+01,-9.544426861306343213e+00,-4.858175995812376691e+00
-8.771061288190120209e+00,-7.660332119541335416e+00,-7.603536006617106047e+00
-1.527033064883541336e+01,-1.517186004820316469e+01,-1.321061588372616669e+01
-1.500288225585545021e+01,-1.188720732528523882e+01,-1.071379248067640155e+01
-1.686462975949364917e+01,-1.202711514784007996e+01,-7.598139369987804592e+00
-1.506242921050298733e+01,-1.102093172850722524e+01,-7.927587349436987729e+00
-1.575351446505510467e+01,-1.210946724684384002e+01,-1.005719582618064045e+01
-1.540936011745559497e+01,-1.356425022746726761e+01,-1.293893882790922767e+01
-1.314568874583693159e+01,-1.083284226642795289e+01,-8.084447612555084817e+00
-1.973634522065720986e+01,-1.857464174888888664e+01,-1.388580838228302383e+01
-1.237240154050041951e+01,-7.708801089295732822e+00,-7.459955501378026099e+00
-1.728803871862237074e+01,-1.332512612110030581e+01,-1.107115629428693282e+01
-1.903163037159317028e+01,-1.524292212755851850e+01,-1.323327532620570324e+01
-1.711784505383432986e+01,-1.450411135398941198e+01,-1.186837720289141274e+01
-1.818506721820158489e+01,-1.713925521118454753e+01,-1.371794789141821092e+01
-1.797974717699420211e+01,-1.484826459110347407e+01,-1.208390012534339775e+01
-1.754007990659139082e+01,-1.447964029028250188e+01,-1.390385252683161532e+01
-1.149459419923698356e+01,-1.050237176562266228e+01,-1.049563745838149487e+01
-1.890053533707112621e+01,-1.395862844093855060e+01,-1.247791315891203645e+01
-1.986461684491879254e+01,-1.529502621565699627e+01,-1.453963784230620959e+01
-1.857285794788909428e+01,-1.854470130097382707e+01,-1.685875363752683498e+01
-1.739620529052763231e+01,-1.360671726684160276e+01,-1.319199114080883284e+01
-1.967393454708801670e+01,-1.515990978586089355e+01,-1.199248193792765704e+01
-1.253687360870032208e+01,-1.048571310057213424e+01,-8.273001024476348775e+00
-1.967479486787906495e+01,-1.778937388231076966e+01,-1.427459155876768548e+01
-2.410543799792566233e+01,-2.070788427554440858e+01,-1.681413368796430774e+01
-1.424874609537365977e+01,-1.421682958547968489e+01,-1.236225321185496817e+01
-1.712496017205617704e+01,-1.702849023181290988e+01,-1.255933723252808321e+01
-1.911939562692897709e+01,-1.790356147119308616e+01,-1.433565459351724414e+01
-2.075036854970875666e+01,-1.722003406885920995e+01,-1.280760186770129039e+01
-2.138369503883066969e+01,-1.679902421515202349e+01,-1.370333377198090830e+01
-2.859942919070188694e+01,-2.541760049647245623e+01,-2.057052909807595498e+01
-1.971532717674847035e+01,-1.732597783283028647e+01,-1.456097295902982758e+01
-1.773154605179416166e+01,-1.510175770802454664e+01,-1.107876815384665825e+01
-1.980419025648114939e+01,-1.695655695812997976e+01,-1.556229207722616259e+01
-2.514077336590652223e+01,-2.177194543315217956e+01,-1.691709117027338749e+01
-2.565282626249667786e+01,-2.270376058611753223e+01,-1.862342095549273679e+01
-2.397578675227297040e+01,-1.987319734093746604e+01,-1.960383174279381890e+01
-2.145776713431541793e+01,-1.745157272939816551e+01,-1.609740314645206283e+01
-2.013215533152510162e+01,-1.943983657090502604e+01,-1.611531162459584365e+01
-2.547606316835720364e+01,-2.092228131039842509e+01,-1.767713923280792798e+01
-1.827083593804748674e+01,-1.389801864002625997e+01,-1.213459029889590823e+01
-1.658735360402586778e+01,-1.579342818654625802e+01,-1.127921772797208533e+01
-2.106489117783017662e+01,-1.637874331091555291e+01,-1.254815236433302061e+01
-1.806680321783927923e+01,-1.751786961944743481e+01,-1.413446480083687007e+01
-2.077273827148287921e+01,-2.028154908468783546e+01,-1.536490643598229155e+01
-2.340265582664805422e+01,-1.841287895412727948e+01,-1.591745074916984137e+01
-1.959648347445998340e+01,-1.578511846895222703e+01,-1.397855148574053530e+01
-2.662890434062824596e+01,-2.347426100965225970e+01,-1.887008434090471809e+01
-2.428002523610628671e+01,-2.376110161515413566e+01,-1.987075967170742530e+01
-1.741111356225056284e+01,-1.508466063941875035e+01,-1.428747648837034134e+01
-1.849279921524894377e+01,-1.671453578036756937e+01,-1.256856006135629400e+01
-2.939204080780464423e+01,-2.637256028364926408e+01,-2.497386261782497385e+01
-2.030831761943463931e+01,-1.916197948613695345e+01,-1.791166177793244074e+01
-2.084040964585419076e+01,-2.030613068719171821e+01,-1.903245191986773932e+01
-2.104492015309929087e+01,-1.925192744763231545e+01,-1.824985267939598543e+01
-1.921871504904630967e+01,-1.910755729652775159e+01,-1.554917332664769170e+01
-1.789343264732598726e+01,-1.667274432411545604e+01,-1.467926468816132157e+01
-2.763701257909461972e+01,-2.382311339437500308e+01,-1.997812940246678437e+01
-1.963303207056333477e+01,-1.835588015445047816e+01,-1.373538910618334086e+01
-2.782434512792892534e+01,-2.312838578178393689e+01,-2.037551255824221386e+01
-2.215892028705634331e+01,-2.192260881074529877e+01,-1.910869699550357836e+01
-2.317426031657117491e+01,-1.948100134935948446e+01,-1.783178281111278807e+01
-1.841011443620507038e+01,-1.576568612915752077e+01,-1.409824268714620210e+01
-2.151160611034014281e+01,-2.070699928665144540e+01,-1.806861621747507129e+01
-2.637338431275880879e+01,-2.439275421597564275e+01,-2.097170093867005392e+01
-2.585261061365418556e+01,-2.106706576194665459e+01,-1.897416249524023968e+01
-2.209121755269213949e+01,-2.135494176976687086e+01,-2.063599357092343567e+01
-2.783027792223948538e+01,-2.400630724985487774e+01,-2.077165370778387654e+01
-2.283071753288723826e+01,-2.195509577290759040e+01,-2.123450642096858587e+01
-1.757532970811930184e+01,-1.745655122330476772e+01,-1.274714913049879783e+01
-2.416507950532512439e+01,-2.401185310657061223e+01,-2.380100683259313499e+01
-2.153649861266050181e+01,-1.751411372325470950e+01,-1.455299236279209296e+01
-2.488140489792376542e+01,-2.348619804223920937e+01,-2.270217464624445469e+01
-1.946429859283479047e+01,-1.666627714921968106e+01,-1.595927059059056496e+01
-2.243969352511028248e+01,-2.200708944980292259e+01,-2.016099679520418420e+01
-2.202579783013453607e+01,-2.103418297251417712e+01,-1.954879067598941944e+01
-2.720933311309282487e+01,-2.295394892020313549e+01,-1.915377568628387905e+01
-2.167352666799526872e+01,-2.130757894588781554e+01,-1.809630314587037958e+01
-2.732092888290982202e+01,-2.319290431759740301e+01,-2.063526343630147863e+01
-1.741277445143097680e+01,-1.726405163239599716e+01,-1.512678873365048737e+01
-2.282629388176881946e+01,-2.087876796206160535e+01,-2.062271705706965719e+01
-2.572052147740230410e+01,-2.374390661101049105e+01,-2.179014904596955304e+01
-2.028570109034419744e+01,-1.906074100244195790e+01,-1.620822166614402349e+01
-2.049190405219907163e+01,-1.907719263495416939e+01,-1.652880185244587352e+01
-2.356330635807589857e+01,-2.017252827138330673e+01,-1.748246366295633081e+01
-2.506336815931939910e+01,-2.147827261281191369e+01,-2.105919163367701685e+01
-2.208951099613455682e+01,-1.883997475875809258e+01,-1.444411328470767941e+01
-1.858063063117486635e+01,-1.618959725982269759e+01,-1.469155503348733838e+01
-1.736419373780860909e+01,-1.538377646138646959e+01,-1.048127565775700276e+01
-1.995061856681105183e+01,-1.758517650112674247e+01,-1.459213885955376000e+01
-2.201355144919973839e+01,-2.082606912372411756e+01,-1.645346184113597232e+01
-1.669883072629253462e+01,-1.424868450500553330e+01,-1.189269047500348009e+01
-2.265432433179920224e+01,-1.864542276656069575e+01,-1.426128825535275979e+01
-2.552856707499372391e+01,-2.202331277385757247e+01,-2.099073087332170218e+01
-2.732126652890378438e+01,-2.306881521412817548e+01,-2.297134148826629030e+01
-1.868184664360138569e+01,-1.817555845845139828e+01,-1.568766415548106785e+01
-1.764648418906374161e+01,-1.694443602077431521e+01,-1.300171776924846334e+01
-2.329669029422810667e+01,-1.978954204690186103e+01,-1.706004894010202477e+01
-2.403109039299831551e+01,-2.294648924110403243e+01,-2.021019601544995936e+01
-1.752683150757859210e+01,-1.540145071224306150e+01,-1.076520966293920623e+01
-2.138331886864046538e+01,-2.073827202350738474e+01,-1.750469824467461777e+01
-1.811778118274085969e+01,-1.685393484374254314e+01,-1.254719322223536082e+01
-1.742071011112933476e+01,-1.566417782904380296e+01,-1.338670319514815432e+01
-2.142137049863293186e+01,-1.741882535773749296e+01,-1.385747814442750148e+01
-1.593589818985424245e+01,-1.312406561604039013e+01,-8.272191087016665278e+00
-2.481833587715269829e+01,-2.234177601941499347e+01,-2.167946745605953396e+01
-2.331945763783357251e+01,-1.893558016706301217e+01,-1.875502723283036133e+01
-1.938712749504243860e+01,-1.702380513912002868e+01,-1.604826030996794017e+01
-1.495338614671888955e+01,-1.149795555231355415e+01,-1.132611585813073596e+01
-1.823837344798002391e+01,-1.436810744434589360e+01,-1.149437638615001234e+01
-1.953463221251820059e+01,-1.888640650384582997e+01,-1.468882171558212590e+01
-1.584957737355459528e+01,-1.352189334715408187e+01,-1.169726148792619114e+01
-1.718572295941835293e+01,-1.548965084203085674e+01,-1.313102914046331726e+01
-2.171717617907144771e+01,-1.787584932091425216e+01,-1.448918054335522321e+01
-1.871494005354615453e+01,-1.671454831624476611e+01,-1.310943314941959414e+01
-2.617170752617837692e+01,-2.184250443880393533e+01,-2.144618279184001963e+01
-1.670769116256231257e+01,-1.414885132317217042e+01,-1.202373390470242143e+01
-1.724234578501743798e+01,-1.667794543955341879e+01,-1.201592426524261015e+01
-2.420299152066063186e+01,-2.180114418845688817e+01,-2.138189066572603991e+01
-1.937055629756654085e+01,-1.670963060504468345e+01,-1.345451928877325898e+01
-1.202733549151252923e+01,-1.113798960528237458e+01,-1.072776676267123719e+01
-1.772833629541372247e+01,-1.662716487347343630e+01,-1.170754626116286268e+01
-1.525004968380575043e+01,-1.159873540889224053e+01,-8.331240831298153182e+00
-1.442081100501003377e+01,-1.288035768932095948e+01,-1.199003439378274827e+01
-1.287196027928920117e+01,-9.616161025006285001e+00,-4.897592219152372195e+00
-2.023397335496854765e+01,-1.728126382736138922e+01,-1.714227730298815189e+01
-1.697581428538795478e+01,-1.678432490413661782e+01,-1.631401343632870393e+01
-1.656499009225547070e+01,-1.169930884200707233e+01,-8.536059301900474239e+00
-1.416768188997575706e+01,-9.547683506595081582e+00,-7.101769301304985404e+00
-1.638182202400872356e+01,-1.497200573685367253e+01,-1.175467797706398265e+01
-1.378361514231592544e+01,-1.201978679518213866e+01,-8.095645674888672261e+00
-1.710091407933131080e+01,-1.242024065789135889e+01,-7.547120262046212780e+00
-1.648915105025123395e+01,-1.562932248894476572e+01,-1.223177473861493780e+01
-1.114770843443456805e+01,-1.043242686936873653e+01,-5.734037783126183285e+00
-1.104542616433443136e+01,-7.976936246712694079e+00,-3.965840806663322837e+00
-1.896515907038603999e+01,-1.521721845835384457e+01,-1.244701332521427872e+01
-1.531442634836284356e+01,-1.175645867738685446e+01,-1.165806723125251132e+01
-9.106888140207814786e+00,-5.928277172438371601e+00,-5.293502618033002705e+00
-9.047042707723571553e+00,-6.497835267418548000e+00,-3.730021962074353326e+00
-2.371152179518537650e+01,-1.985367573427019039e+01,-1.502918846476787706e+01
-1.298581744314702213e+01,-1.136890314290974224e+01,-7.762206387508717498e+00
-1.102519822738712207e+01,-8.907176153768782356e+00,-5.453976152529564914e+00
-1.337105505690883334e+01,-8.955553509281225288e+00,-7.570031679064510577e+00
-1.319565493729337646e+01,-1.033397801887478451e+01,-9.315262706036801177e+00
-1.345756770289670357e+01,-1.124790822423740799e+01,-9.709903657445824621e+00
-1.448666790015002803e+01,-1.248748360448666972e+01,-7.613704383481503690e+00
-1.115012604495805348e+01,-8.993895209443968142e+00,-5.606351172473724276e+00
-1.111483489396234248e+01,-8.222204983293762481e+00,-3.340981629798037922e+00
-8.357708004628426224e+00,-3.928970564055344283e+00,-3.541128890520840677e+00
-6.511403713156606265e+00,-2.006113296352197040e+00,-4.528257049222337294e-01
-5.421661510805233952e+00,-6.813892784249562240e-01,3.040201623711821011e+00
-1.531221631983522435e+01,-1.320538974312021452e+01,-1.156374985014391754e+01
-4.215076413427901514e+00,-4.053800523079116758e+00,-1.868914009263237475e+00
-9.352079634052881119e+00,-6.111008200805658319e+00,-2.218503237336045153e+00
-1.052542754995869245e+01,-7.921960815335637562e+00,-3.258127234297271357e+00
-4.533264441598462646e+00,-1.975855472876485663e+00,-1.528628270247974541e+00
-6.085304070403203092e+00,-2.889572078350622242e+00,2.025627097973949908e-01
-1.086252947713288464e+01,-8.366371520802131201e+00,-4.292445836532323256e+00
-5.705246669061913245e+00,-3.019850648320376862e+00,1.813688031303884785e+00
-6.500958713588056881e+00,-5.538237231639891789e+00,-4.391638696220359961e+00
-3.266682848693702290e+00,-2.275449689279937182e+00,2.072378824192055546e+00
